# vtk DataFile Version 4.2
3D Slicer output. SPACE=LPS
ASCII
DATASET POLYDATA
POINTS 5147 float
-40.0112 -35.4495 27.3421 -39.8976 -35.2962 27.4071 -39.7904 -35.4832 27.3698 
-40.223 -35.4013 27.3428 -40.0938 -35.2372 27.3897 -39.9023 -35.6993 27.3136 
-40.156 -35.6207 27.3329 -39.6693 -35.2673 27.5135 -39.9367 -35.0905 27.4919 
-39.6997 -35.6754 27.3287 -39.5772 -35.5607 27.4016 -40.3832 -35.3695 27.3594 
-40.307 -35.2179 27.3839 -40.363 -35.5383 27.3633 -40.1914 -35.0181 27.4686 
-39.6839 -35.9156 27.2975 -39.8881 -35.897 27.3009 -40.081 -35.8876 27.3478 
-40.3278 -35.7614 27.4039 -39.6878 -35.2159 27.5345 -39.6618 -35.2481 27.5306 
-39.6479 -35.2652 27.5281 -39.8497 -35.0274 27.5683 -39.5986 -35.3222 27.5189 
-40.0091 -34.8506 27.6014 -40.0309 -34.8284 27.6079 -39.5591 -35.7524 27.3363 
-39.4409 -35.5131 27.4944 -39.392 -35.7409 27.3996 -40.4686 -35.2644 27.3964 
-40.5212 -35.4331 27.4095 -40.4644 -35.0496 27.4562 -40.5201 -35.6391 27.451 
-40.0486 -34.8097 27.6127 -40.3377 -34.7539 27.5641 -39.465 -35.9013 27.3248 
-39.4375 -36.1458 27.3005 -39.6541 -36.1895 27.2942 -39.8781 -36.096 27.3211 
-40.0857 -36.1176 27.3998 -40.2945 -36.0222 27.4985 -40.503 -35.8434 27.5443 
-39.3842 -35.577 27.4892 -39.1906 -35.7849 27.482 -39.2791 -35.976 27.3635 
-40.6344 -35.2601 27.4692 -40.7016 -35.5119 27.5352 -40.5768 -34.8395 27.519 
-40.7113 -35.0302 27.5136 -40.6415 -35.7115 27.5629 -40.2199 -34.6303 27.6617 
-40.3372 -34.4858 27.6895 -40.3888 -34.4637 27.6824 -40.59 -34.5983 27.5908 
-39.1985 -36.2222 27.3302 -39.3025 -36.3927 27.3035 -39.5125 -36.4364 27.3121 
-39.762 -36.3565 27.339 -39.9733 -36.3086 27.4093 -40.1705 -36.2612 27.5194 
-40.3321 -36.2059 27.6534 -40.5047 -36.0458 27.7411 -40.6679 -35.8365 27.7067 
-39.1517 -35.8274 27.4846 -39.0975 -36.0701 27.3999 -40.8852 -35.2624 27.614 
-40.8707 -35.5449 27.7017 -40.7564 -35.6791 27.6584 -40.768 -34.8006 27.5504 
-40.8932 -34.9805 27.5755 -40.3714 -34.4484 27.7009 -40.5399 -34.4038 27.6672 
-40.4218 -34.3887 27.7134 -40.5202 -34.281 27.7415 -40.8311 -34.594 27.5985 
-40.6907 -34.3976 27.656 -39.0027 -36.2868 27.3814 -39.1181 -36.47 27.3283 
-39.2736 -36.683 27.3419 -39.493 -36.678 27.3611 -39.6785 -36.5908 27.3906 
-39.8644 -36.5018 27.4331 -40.048 -36.4955 27.5638 -40.2433 -36.3854 27.6952 
-40.4061 -36.285 27.8815 -40.5694 -36.134 28.0308 -40.6988 -35.9435 27.9521 
-40.84 -35.7357 27.8566 -39.1213 -35.8524 27.4866 -38.9241 -36.0818 27.4808 
-41.0963 -35.2723 27.7927 -41.08 -35.0183 27.6809 -40.9961 -35.4357 27.7719 
-40.9693 -35.58 27.8564 -40.9684 -34.7926 27.6018 -40.5539 -34.2481 27.7576 
-41.0293 -34.6018 27.6305 -40.9084 -34.413 27.6519 -40.5868 -34.2078 27.7699 
-40.7718 -34.2342 27.7171 -38.9264 -36.5369 27.3766 -38.8069 -36.3454 27.4604 
-39.049 -36.6878 27.3467 -39.2637 -36.9838 27.4508 -39.4138 -36.8405 27.4098 
-39.0663 -36.9322 27.3935 -39.5909 -36.8081 27.4616 -39.8379 -36.7279 27.565 
-40.032 -36.6704 27.6875 -40.1642 -36.5613 27.7578 -40.2879 -36.4627 27.8742 
-40.4866 -36.2778 28.1181 -40.3646 -36.4421 28.1146 -40.5755 -36.1904 28.2452 
-40.7061 -36.0289 28.2728 -40.8571 -35.8311 28.1447 -40.9864 -35.657 28.0452 
-39.049 -35.9077 27.4975 -38.9062 -36.0233 27.5187 -38.7783 -36.1079 27.5543 
-41.2349 -35.1073 27.8532 -41.2061 -35.292 27.9579 -41.0941 -35.466 27.9594 
-41.1451 -34.775 27.6721 -41.242 -34.9134 27.7673 -41.0864 -34.4576 27.6713 
-41.1756 -34.6014 27.6813 -41.0127 -34.2306 27.7246 -40.7474 -33.9874 27.8203 
-40.7543 -33.9789 27.8241 -38.8899 -36.7942 27.394 -38.7409 -36.6236 27.4518 
-38.7144 -36.1528 27.5755 -38.6035 -36.4258 27.5568 -39.1282 -37.1267 27.4789 
-39.4523 -37.008 27.5436 -39.2544 -37.2527 27.6655 -38.8769 -37.0467 27.4412 
-39.0035 -37.1412 27.4542 -39.6628 -36.9508 27.6266 -39.8201 -36.9096 27.7128 
-39.9667 -36.8194 27.7911 -40.1034 -36.6978 27.8354 -40.2179 -36.6046 27.9664 
-40.4875 -36.3178 28.3314 -40.2424 -36.6318 28.2321 -40.3724 -36.4779 28.425 
-40.6049 -36.1783 28.4749 -40.737 -36.0253 28.6126 -40.8684 -35.8683 28.4547 
-41.0021 -35.7032 28.312 -41.1002 -35.5599 28.1823 -41.3196 -35.1782 28.0621 
-41.3816 -34.9237 27.9407 -41.2239 -35.3877 28.1766 -41.2936 -34.7192 27.7672 
-41.2585 -34.4558 27.7446 -40.7607 -33.9684 27.8255 -41.0321 -33.929 27.7918 
-41.2562 -34.177 27.7674 -38.7124 -36.9006 27.4709 -38.5527 -36.7202 27.5459 
-38.6851 -36.1677 27.5884 -38.4953 -36.2575 27.6731 -38.4035 -36.5298 27.6546 
-39.0552 -37.2634 27.5394 -39.5234 -37.148 27.7668 -38.9911 -37.4487 27.6748 
-39.4005 -37.2769 27.8295 -39.1313 -37.5088 27.8765 -39.3316 -37.3906 27.9879 
-38.8939 -37.2746 27.5298 -38.7093 -37.1726 27.5319 -39.7345 -37.0364 27.818 
-39.8711 -36.953 27.843 -39.9576 -36.9139 27.9566 -40.0914 -36.7817 28.0329 
-40.4917 -36.3265 28.6077 -40.113 -36.7988 28.3407 -40.2443 -36.6453 28.5359 
-40.3658 -36.4851 28.7272 -40.6131 -36.173 28.768 -40.7416 -36.0205 28.9221 
-40.8752 -35.8737 28.7703 -41.0117 -35.7174 28.616 -41.154 -35.5361 28.4452 
-41.3457 -35.2487 28.2716 -41.4579 -35.0542 28.2357 -41.4701 -34.6231 27.8916 
-41.5565 -34.8145 28.1024 -41.2859 -35.365 28.4078 -41.4307 -34.3685 27.8166 
-40.8941 -33.7372 27.863 -40.9364 -33.6481 27.8656 -41.0747 -33.6477 27.826 
-41.2794 -33.9102 27.7916 -41.4767 -34.1538 27.8246 -38.5335 -37.0002 27.5696 
-38.3636 -36.8163 27.6549 -38.4569 -36.2699 27.6941 -38.2738 -36.3765 27.7649 
-38.2067 -36.6187 27.7612 -39.4852 -37.2688 27.9512 -39.6581 -37.1619 28.0401 
-38.7234 -37.4839 27.6667 -38.876 -37.6142 27.7485 -38.9837 -37.6159 27.8289 
-39.0237 -37.6721 28.0232 -39.1833 -37.5708 28.1557 -39.3478 -37.4577 28.3167 
-39.5014 -37.3131 28.186 -38.5247 -37.2509 27.6331 -39.8436 -37.0225 28.0034 
-39.9754 -36.9325 28.1665 -40.4847 -36.3246 28.9052 -39.9702 -36.9484 28.4506 
-40.1013 -36.8056 28.6495 -40.2263 -36.6465 28.8458 -40.3465 -36.4834 29.0341 
-40.6084 -36.1672 29.0684 -40.7378 -36.015 29.2231 -40.8735 -35.8714 29.0768 
-41.0087 -35.7244 28.9302 -41.1435 -35.5662 28.784 -41.2755 -35.3977 28.6556 
-41.4029 -35.2136 28.5103 -41.6097 -34.8933 28.3487 -41.5266 -35.0422 28.4792 
-41.6405 -34.6222 28.0423 -41.6265 -34.3992 27.9331 -41.7045 -34.7062 28.2321 
-40.9968 -33.5032 27.8703 -41.0409 -33.3889 27.8695 -41.1293 -33.4223 27.8354 
-41.3062 -33.6448 27.8032 -41.512 -33.8927 27.8237 -41.6904 -34.1306 27.9085 
-38.3634 -37.0844 27.679 -38.1601 -36.9098 27.791 -38.3965 -36.2747 27.7254 
-38.2671 -36.2942 27.7982 -38.0747 -36.393 27.8773 -38.0123 -36.6715 27.8738 
-39.6629 -37.2055 28.3632 -39.8268 -37.0684 28.2581 -38.4406 -37.4227 27.7579 
-38.5761 -37.6274 27.7784 -38.6959 -37.6847 27.7625 -38.7862 -37.6802 27.7679 
-38.8745 -37.7292 27.8972 -38.8973 -37.7794 28.14 -39.0453 -37.7065 28.2977 
-39.198 -37.5984 28.462 -39.349 -37.473 28.627 -39.5038 -37.3414 28.4904 
-38.3883 -37.2558 27.7033 -40.4692 -36.321 29.2111 -39.8109 -37.0871 28.5599 
-39.9456 -36.9547 28.7506 -40.0624 -36.8108 28.9805 -40.2028 -36.6374 29.1451 
-40.3107 -36.4904 29.3618 -40.6003 -36.1616 29.3696 -40.7335 -36.0104 29.5219 
-40.8698 -35.8664 29.3765 -41.0037 -35.7228 29.2345 -41.1346 -35.5737 29.0955 
-41.2625 -35.416 28.9623 -41.3879 -35.2502 28.8332 -41.5112 -35.0837 28.7214 
-41.6271 -34.9226 28.6117 -41.7376 -34.7555 28.4865 -41.7718 -34.5058 28.1248 
-41.8006 -34.3094 28.0329 -41.8412 -34.5687 28.3618 -41.102 -33.2093 27.8699 
-41.1224 -33.1541 27.8747 -41.3181 -33.3696 27.814 -41.5366 -33.6143 27.8185 
-41.7403 -33.8614 27.8901 -41.9054 -34.0962 28.0423 -38.235 -37.2097 27.8112 
-37.9671 -36.8591 27.9082 -38.0214 -37.0556 27.9225 -38.1467 -36.2886 27.8717 
-37.9171 -36.2826 27.9886 -37.863 -36.5035 27.9776 -38.0637 -36.2863 27.9135 
-37.8552 -36.7206 27.9704 -39.6472 -37.2206 28.666 -38.2192 -37.4264 27.9816 
-38.4275 -37.5851 27.8623 -38.6377 -37.7428 27.8417 -38.524 -37.7121 27.9049 
-38.7399 -37.7661 27.8624 -38.7815 -37.8058 28.0137 -38.7358 -37.8297 28.234 
-38.898 -37.7952 28.4186 -39.047 -37.7123 28.595 -39.1932 -37.5941 28.7653 
-39.3381 -37.4595 28.9188 -39.4915 -37.3445 28.7822 -40.4589 -36.3133 29.5206 
-39.7742 -37.094 28.8827 -39.912 -36.9594 28.9884 -39.9353 -36.9023 29.206 
-40.0724 -36.7568 29.2796 -40.1759 -36.6371 29.3673 -40.1924 -36.5979 29.5693 
-40.3213 -36.4574 29.6822 -40.596 -36.1584 29.6725 -40.7325 -36.009 29.824 
-40.8676 -35.8608 29.6762 -41.0005 -35.7155 29.5342 -41.1285 -35.5698 29.3965 
-41.252 -35.4186 29.2655 -41.3736 -35.2596 29.1401 -41.4951 -35.0971 29.0179 
-41.6168 -34.9356 28.8969 -41.7392 -34.7734 28.7723 -41.862 -34.6009 28.6462 
-41.9305 -34.3418 28.2321 -41.9753 -34.4187 28.5171 -41.1354 -33.1133 27.8742 
-41.346 -33.0873 27.8257 -41.5443 -33.3307 27.8103 -41.785 -33.5565 27.8675 
-41.9489 -33.8152 27.9789 -42.0768 -33.9598 28.1412 -42.0439 -34.1511 28.2218 
-38.0862 -37.2267 27.9455 -37.8303 -36.9014 28.0253 -37.8958 -37.1673 28.1205 
-37.9638 -36.2436 27.9762 -37.7231 -36.3019 28.0886 -37.9163 -36.2268 28.0096 
-37.6544 -36.6408 28.1039 -39.6107 -37.2307 28.9139 -38.3851 -37.6382 27.9859 
-38.0316 -37.4197 28.3037 -38.2925 -37.6271 28.1925 -38.6407 -37.7982 28.0013 
-38.4766 -37.7461 28.076 -38.5786 -37.8138 28.1856 -38.593 -37.8212 28.3943 
-38.7477 -37.8295 28.536 -38.8947 -37.7873 28.7058 -39.0297 -37.6944 28.8859 
-39.175 -37.5636 29.0569 -39.3234 -37.4274 29.1832 -39.4779 -37.3233 29.0524 
-40.4587 -36.3093 29.8281 -39.8131 -37.0271 29.1235 -39.6418 -37.1646 29.1713 
-39.7807 -37.0132 29.3655 -39.9474 -36.8453 29.4983 -40.0917 -36.7091 29.481 
-40.0648 -36.7157 29.6912 -40.1894 -36.5898 29.8314 -40.322 -36.4597 29.981 
-40.598 -36.1622 29.9792 -40.7371 -36.0128 30.1323 -40.8683 -35.8573 29.9814 
-41.001 -35.7031 29.8398 -41.1275 -35.5554 29.6962 -41.2452 -35.4104 29.5602 
-41.3617 -35.2557 29.4402 -41.4803 -35.0933 29.3224 -41.601 -34.93 29.2005 
-41.724 -34.7698 29.074 -41.8514 -34.6057 28.9506 -41.9907 -34.4181 28.8347 
-42.0758 -34.2342 28.4169 -42.0926 -34.2686 28.6694 -41.2244 -32.8331 27.8896 
-41.2349 -32.7991 27.891 -41.4215 -32.8626 27.8331 -41.5669 -33.0713 27.8094 
-41.728 -33.2742 27.8295 -41.9941 -33.6044 27.9555 -41.9531 -33.3378 27.9134 
-42.1093 -33.7323 28.0785 -42.2037 -33.8258 28.2717 -42.1539 -34.0415 28.3457 
-37.6483 -36.9178 28.1794 -37.606 -37.0668 28.3465 -37.7962 -37.2443 28.3531 
-37.7234 -36.2073 28.111 -37.6115 -36.1902 28.1664 -37.5 -36.3953 28.1864 
-37.7874 -36.2191 28.0835 -37.4405 -36.5818 28.2184 -37.4698 -36.7664 28.248 
-38.1915 -37.5933 28.4304 -37.8361 -37.33 28.5543 -38.0484 -37.4852 28.5763 
-38.332 -37.6986 28.386 -38.4502 -37.7631 28.2795 -38.4501 -37.7636 28.5053 
-38.6023 -37.8056 28.6555 -38.7533 -37.8115 28.7991 -38.874 -37.7645 28.9557 
-38.9747 -37.6564 29.1759 -39.1752 -37.4962 29.3556 -39.3185 -37.3963 29.3566 
-39.4447 -37.3039 29.3123 -40.4629 -36.3207 30.1366 -39.5717 -37.1605 29.531 
-39.7643 -36.9844 29.6583 -39.916 -36.8442 29.8071 -40.0547 -36.7181 29.9582 
-40.1872 -36.6008 30.1021 -40.3182 -36.4895 30.2989 -40.6068 -36.1742 30.292 
-40.7474 -36.0204 30.445 -40.8724 -35.8582 30.2911 -41.0001 -35.6968 30.1521 
-41.1397 -35.5199 30.0231 -41.2436 -35.3918 29.8412 -41.3511 -35.2453 29.7297 
-41.4657 -35.0821 29.6247 -41.5864 -34.911 29.5124 -41.7077 -34.7479 29.3839 
-41.828 -34.5937 29.255 -41.9511 -34.434 29.1464 -42.1012 -34.256 28.8803 
-42.0657 -34.278 29.0741 -42.1812 -34.0934 28.5846 -42.1784 -34.1189 28.8318 
-41.2536 -32.7411 27.898 -41.4396 -32.5682 27.8874 -41.6125 -32.8246 27.8261 
-41.7833 -33.0569 27.8383 -42.1114 -33.5181 28.0286 -42.0077 -33.0262 27.9173 
-42.2041 -33.2684 28.0895 -42.2286 -33.579 28.1954 -42.3077 -33.6563 28.4405 
-42.2542 -33.8893 28.5141 -37.5045 -36.9142 28.29 -37.4706 -37.0966 28.6355 
-37.6632 -37.1997 28.4961 -37.3461 -36.8713 28.4272 -37.5499 -36.1834 28.1993 
-37.3561 -36.2494 28.2857 -37.3421 -36.4537 28.2726 -37.3065 -36.6285 28.3271 
-38.185 -37.5938 28.6129 -38.3056 -37.6784 28.5688 -37.6627 -37.231 28.6432 
-37.7663 -37.2965 28.7522 -37.9515 -37.4028 28.8197 -38.1459 -37.541 28.7858 
-38.4417 -37.7208 28.7768 -38.6334 -37.7765 28.9106 -38.7584 -37.7873 28.9859 
-38.8179 -37.742 29.1152 -38.7682 -37.6683 29.3062 -38.9704 -37.574 29.4826 
-39.3291 -37.3474 29.5486 -39.1316 -37.4643 29.6305 -40.4781 -36.3355 30.4378 
-39.4272 -37.2309 29.8429 -39.6193 -37.0858 29.8052 -39.7578 -36.9687 29.9405 
-39.9153 -36.8423 30.0932 -40.0646 -36.722 30.2172 -40.1802 -36.6264 30.3131 
-40.37 -36.4719 30.5878 -40.2272 -36.6049 30.5097 -40.6161 -36.1956 30.6239 
-40.7643 -36.0186 30.7406 -40.8801 -35.8601 30.597 -40.9989 -35.6979 30.4622 
-41.1183 -35.5338 30.3427 -41.2538 -35.3594 30.0591 -41.2297 -35.3766 30.2599 
-41.339 -35.2358 29.9958 -41.4481 -35.0715 29.9227 -41.5673 -34.8939 29.8234 
-41.7011 -34.6984 29.7203 -41.8105 -34.5631 29.5472 -41.923 -34.4146 29.4393 
-42.0376 -34.2597 29.343 -42.1499 -34.1513 29.0196 -42.143 -34.1088 29.244 
-42.2632 -33.9264 28.7859 -42.2366 -33.9575 29.0892 -41.3244 -32.5329 27.9335 
-41.3636 -32.4235 27.9493 -41.3907 -32.3424 27.9688 -41.4878 -32.2747 27.9689 
-41.6749 -32.3738 27.8988 -41.6766 -32.6162 27.8483 -41.8286 -32.8001 27.8487 
-42.0327 -32.7372 27.9093 -42.2038 -32.9236 28.0237 -42.3416 -33.0522 28.1874 
-42.3404 -33.2261 28.2362 -42.3469 -33.3807 28.3583 -42.3949 -33.4673 28.6555 
-42.3374 -33.7061 28.7202 -37.2318 -36.9499 28.6365 -37.24 -37.0493 28.8826 
-37.4749 -37.1463 28.908 -37.6288 -37.2154 28.8246 -37.1398 -36.8218 28.5593 
-37.1484 -36.6633 28.4639 -37.5027 -36.1702 28.2257 -37.3907 -36.1289 28.2963 
-37.2451 -36.1026 28.3934 -37.18 -36.4011 28.3962 -38.2721 -37.637 28.7358 
-37.7956 -37.2979 28.9554 -37.9714 -37.3721 29.1052 -38.145 -37.4888 29.0437 
-38.3127 -37.6124 28.95 -38.5403 -37.6823 29.109 -38.7047 -37.748 29.0951 
-38.5726 -37.6029 29.4407 -38.7902 -37.5781 29.6648 -38.9828 -37.5226 29.7197 
-39.2435 -37.368 29.7818 -39.0995 -37.4457 29.8676 -40.4876 -36.3537 30.6709 
-39.2475 -37.3422 30.0107 -39.4152 -37.2232 30.166 -39.5906 -37.0951 30.0533 
-39.7599 -36.9703 30.2264 -39.9522 -36.8331 30.4032 -40.1059 -36.706 30.4175 
-40.4195 -36.4417 30.79 -40.2756 -36.5845 30.7873 -40.105 -36.7277 30.6229 
-40.6698 -36.1463 30.8742 -40.5383 -36.3078 30.8876 -40.7661 -36.0191 31.0034 
-40.8831 -35.862 30.8878 -40.9998 -35.698 30.7649 -41.1137 -35.5317 30.6461 
-41.2233 -35.3666 30.5376 -41.3141 -35.2536 30.1937 -41.326 -35.2083 30.427 
-41.421 -35.0715 30.2422 -41.5448 -34.8806 30.1285 -41.6613 -34.7031 30.0338 
-41.8082 -34.5187 29.7734 -41.7723 -34.5339 29.97 -41.8986 -34.3885 29.7149 
-42.0109 -34.2288 29.6368 -42.1225 -34.0697 29.5305 -42.2253 -33.9049 29.4239 
-42.3346 -33.726 29.0184 -42.3197 -33.7158 29.3294 -41.4246 -32.2544 28.0088 
-41.6332 -32.1894 27.9637 -41.5031 -32.0774 28.0862 -41.6289 -31.9986 28.0816 
-41.9002 -32.33 27.9056 -41.7797 -32.1644 27.9587 -41.8596 -32.5511 27.869 
-42.0485 -32.4845 27.9153 -42.2132 -32.6288 28.0022 -42.3582 -32.774 28.1542 
-42.4501 -32.896 28.3507 -42.4152 -33.1404 28.3748 -42.4464 -33.2213 28.6128 
-42.4061 -33.499 28.9538 -42.4616 -33.2638 28.8995 -37.0253 -36.8704 28.7377 
-36.9453 -36.9982 29.0071 -37.1791 -37.1002 29.188 -37.4223 -37.1432 29.1393 
-37.6532 -37.2191 29.0973 -37.0168 -36.7112 28.5939 -36.9888 -36.5068 28.5525 
-37.2178 -36.0985 28.4148 -36.9992 -36.2242 28.5365 -37.8378 -37.2926 29.1594 
-37.9602 -37.333 29.3008 -38.1564 -37.4312 29.36 -38.3533 -37.5616 29.2458 
-38.3953 -37.5167 29.5536 -38.5817 -37.553 29.7352 -38.7239 -37.5444 30.0056 
-38.9298 -37.5139 29.9351 -39.0822 -37.4382 30.1221 -39.2458 -37.3424 30.2915 
-39.4205 -37.233 30.4665 -39.59 -37.1026 30.3455 -39.7727 -36.9821 30.5234 
-39.9492 -36.8642 30.7048 -40.4041 -36.4638 30.9795 -40.1113 -36.741 30.8846 
-40.265 -36.5943 31.0878 -40.6373 -36.1769 31.0911 -40.4957 -36.3461 31.1353 
-40.7359 -36.0294 31.239 -40.8651 -35.8685 31.1536 -40.9903 -35.6998 31.0537 
-41.1083 -35.529 30.945 -41.219 -35.3572 30.8366 -41.3255 -35.1821 30.7301 
-41.4412 -34.988 30.6136 -41.535 -34.8471 30.4292 -41.6396 -34.6838 30.3269 
-41.7487 -34.5171 30.2373 -41.8625 -34.3999 29.9157 -41.8577 -34.3571 30.1412 
-41.9794 -34.1946 29.9804 -42.1006 -34.0316 29.8195 -42.2055 -33.8669 29.7242 
-42.3027 -33.6862 29.6383 -42.3998 -33.5014 29.2581 -42.3872 -33.4868 29.562 
-41.5508 -31.9723 28.1348 -41.5927 -31.8733 28.1742 -41.6395 -31.7716 28.2251 
-41.7432 -31.7128 28.2301 -41.9391 -31.8053 28.1397 -41.8878 -32.0136 28.0266 
-42.0575 -32.3033 27.9332 -41.9818 -32.159 27.9617 -42.1963 -32.3753 27.9893 
-42.3797 -32.451 28.1407 -42.4867 -32.626 28.3303 -42.5359 -32.7244 28.5583 
-42.4934 -32.9761 28.5863 -42.5081 -33.0228 28.8569 -42.4618 -33.2755 29.1979 
-42.5101 -33.042 29.1457 -36.852 -36.6546 28.7216 -36.8395 -36.8454 28.8563 
-36.7416 -36.9096 28.9927 -36.6992 -37.0471 29.2204 -36.9614 -37.0969 29.2672 
-37.15 -37.1396 29.4694 -37.3952 -37.1505 29.4203 -37.6238 -37.1954 29.3768 
-37.8208 -37.2629 29.3453 -36.8229 -36.3612 28.678 -37.187 -36.0947 28.435 
-37.0146 -36.0738 28.5546 -36.8389 -36.0721 28.6819 -38.0145 -37.3288 29.5294 
-38.2491 -37.4203 29.7284 -38.4425 -37.5024 29.7913 -38.5499 -37.525 29.9378 
-38.5661 -37.519 30.1621 -38.728 -37.552 30.3767 -38.9106 -37.5131 30.2296 
-39.0829 -37.4508 30.4122 -39.2558 -37.3627 30.5955 -39.4378 -37.2524 30.7751 
-39.6054 -37.1155 30.6482 -39.7911 -36.9942 30.8122 -39.958 -36.8739 30.9642 
-40.3942 -36.4675 31.1361 -40.094 -36.7543 31.1065 -40.3829 -36.4356 31.3023 
-40.1512 -36.6544 31.3605 -40.5723 -36.19 31.3587 -40.7073 -36.0202 31.3929 
-40.8096 -35.8851 31.3797 -40.9525 -35.7046 31.3181 -41.087 -35.5282 31.2275 
-41.206 -35.3536 31.1295 -41.3144 -35.1768 31.0318 -41.4186 -34.9946 30.938 
-41.5433 -34.7959 30.666 -41.5182 -34.8159 30.871 -41.6255 -34.6591 30.6069 
-41.7301 -34.4921 30.5306 -41.839 -34.3284 30.4254 -41.9505 -34.165 30.3219 
-42.0955 -33.9829 30.0497 -42.0607 -33.9959 30.251 -42.1839 -33.8381 30.0014 
-42.2833 -33.6578 29.9398 -42.3727 -33.4666 29.8585 -42.4554 -33.2699 29.4976 
-42.4466 -33.2587 29.7932 -41.6847 -31.6915 28.277 -41.9108 -31.6311 28.2389 
-41.7601 -31.539 28.3725 -41.892 -31.4697 28.3684 -42.2106 -31.7747 28.1691 
-42.0829 -31.5958 28.2515 -42.1189 -32.0054 28.0575 -42.1356 -32.2004 27.9855 
-42.2886 -32.1892 28.0741 -42.5415 -32.366 28.3368 -42.4853 -32.1519 28.2268 
-42.5837 -32.4753 28.5335 -42.5986 -32.5281 28.7896 -42.5517 -32.7776 28.8215 
-42.5519 -32.8041 29.1015 -42.5079 -33.0419 29.4387 -42.5491 -32.8142 29.381 
-36.67 -36.4942 28.832 -36.6922 -36.7407 28.8947 -36.5837 -36.8543 29.0612 
-36.4798 -36.9598 29.2123 -36.4506 -37.1173 29.385 -36.6298 -37.1713 29.4476 
-36.8683 -37.1589 29.5114 -37.1324 -37.1634 29.7648 -37.386 -37.1563 29.712 
-37.6215 -37.1841 29.6614 -37.833 -37.2442 29.6064 -36.67 -36.2082 28.8164 
-36.882 -36.0434 28.6563 -36.8457 -36.0381 28.6875 -36.8081 -36.0409 28.7161 
-38.0461 -37.3105 29.8193 -38.2367 -37.3835 30.0336 -38.4132 -37.4711 29.9895 
-38.3952 -37.4548 30.2734 -38.5569 -37.5259 30.3938 -38.6087 -37.571 30.6504 
-38.789 -37.5929 30.6791 -38.9256 -37.5399 30.547 -39.0974 -37.4856 30.7176 
-39.2736 -37.4017 30.9425 -39.452 -37.2719 31.0425 -39.6357 -37.12 30.9795 
-39.8255 -36.9796 31.051 -39.9614 -36.8619 31.2052 -40.3118 -36.4286 31.511 
-40.4355 -36.3179 31.4577 -40.0351 -36.6977 31.5875 -40.168 -36.5481 31.5869 
-39.9435 -36.8425 31.4375 -40.6686 -35.9643 31.5504 -40.4408 -36.1946 31.6164 
-40.8621 -35.71 31.5631 -41.0357 -35.5257 31.479 -41.1721 -35.3505 31.3989 
-41.2904 -35.1778 31.3114 -41.3962 -34.9978 31.2286 -41.5001 -34.8144 31.1447 
-41.5998 -34.6736 30.8142 -41.6021 -34.6394 31.0478 -41.7124 -34.4672 30.8793 
-41.8242 -34.301 30.7124 -41.9308 -34.1407 30.6141 -42.0409 -33.9739 30.5265 
-42.1503 -33.8514 30.2021 -42.1484 -33.8069 30.4344 -42.2595 -33.6313 30.2833 
-42.3588 -33.4455 30.1435 -42.4363 -33.2497 30.0794 -42.5055 -33.0337 29.7334 
-42.5017 -33.0298 30.0273 -41.8174 -31.4278 28.4317 -41.8414 -31.3062 28.5086 
-41.8841 -31.2839 28.5056 -42.2192 -31.3875 28.3843 -42.058 -31.2377 28.4986 
-42.4142 -31.7534 28.2255 -42.3166 -31.5882 28.2705 -42.3514 -31.958 28.1524 
-42.6018 -32.1784 28.3719 -42.633 -32.2545 28.513 -42.5198 -31.8926 28.2619 
-42.6145 -31.9949 28.3732 -42.6487 -32.2919 28.7433 -42.6482 -32.2949 29.0515 
-42.5945 -32.5637 29.065 -42.588 -32.5824 29.3398 -42.5513 -32.8006 29.6656 
-42.5836 -32.6068 29.5777 -36.5216 -36.3473 28.9628 -36.534 -36.6246 28.9894 
-36.4129 -36.7651 29.1473 -36.2932 -36.9344 29.3261 -36.2691 -37.1193 29.4613 
-36.3289 -37.2333 29.5958 -36.5031 -37.2242 29.5471 -36.6626 -37.2293 29.6518 
-36.8818 -37.2036 29.8393 -37.132 -37.1693 30.0764 -37.3837 -37.1559 30.0121 
-37.6248 -37.1756 29.9548 -37.8457 -37.2285 29.8915 -36.6865 -36.06 28.8265 
-36.5646 -36.0836 28.9425 -38.0514 -37.2925 30.1007 -38.2117 -37.3625 30.269 
-38.4577 -37.4987 30.5208 -38.2666 -37.405 30.5405 -38.4231 -37.5134 30.7571 
-38.5494 -37.6028 30.9108 -38.7238 -37.6519 30.9513 -38.9498 -37.6003 30.9042 
-39.1087 -37.5263 30.943 -39.3687 -37.3498 31.1117 -39.1631 -37.5248 31.1347 
-39.3177 -37.4079 31.2578 -39.4341 -37.3031 31.2165 -39.568 -37.1851 31.2492 
-39.7726 -37.0117 31.2865 -40.2479 -36.3813 31.6842 -39.9028 -36.8274 31.6284 
-40.0634 -36.5397 31.7509 -39.9508 -36.7197 31.7213 -39.8114 -36.9454 31.5274 
-40.5332 -35.9631 31.7271 -40.6811 -35.7673 31.7368 -40.2982 -36.2179 31.7705 
-40.3918 -36.0622 31.7901 -40.836 -35.5919 31.7402 -40.9653 -35.5161 31.6576 
-41.1004 -35.3346 31.6444 -41.2464 -35.179 31.5477 -41.3534 -35.0111 31.4888 
-41.4627 -34.8211 31.4261 -41.5796 -34.6303 31.3361 -41.6927 -34.4505 31.2292 
-41.8269 -34.2608 30.9425 -41.8003 -34.2785 31.1477 -41.9137 -34.1254 30.8851 
-42.0227 -33.9565 30.8197 -42.1348 -33.7813 30.7278 -42.241 -33.6066 30.6292 
-42.3591 -33.4076 30.37 -42.3356 -33.4278 30.5667 -42.4245 -33.2479 30.3414 
-42.4943 -33.0348 30.3175 -42.5556 -32.7892 29.9658 -42.5563 -32.7991 30.2681 
-41.8872 -31.2268 28.5565 -41.9595 -31.1598 28.5968 -42.2659 -31.1952 28.5038 
-42.445 -31.2553 28.4938 -42.4489 -31.4619 28.376 -41.9975 -31.0938 28.6457 
-42.2046 -31.0662 28.6121 -42.4723 -31.616 28.2969 -42.5373 -31.7215 28.2984 
-42.6618 -32.0811 28.4907 -42.6907 -32.0785 28.6805 -42.6242 -31.7711 28.3991 
-42.7006 -31.8589 28.5882 -42.6988 -32.0824 28.9392 -42.6955 -32.0674 29.1704 
-42.6709 -32.1414 29.3769 -42.6247 -32.3805 29.2899 -42.6323 -32.3271 29.6068 
-42.6044 -32.5154 29.8751 -36.3944 -36.1967 29.1135 -36.5398 -36.087 28.9689 
-36.3854 -36.4948 29.1117 -36.2527 -36.6488 29.2629 -36.1073 -36.7857 29.4204 
-36.1284 -37.029 29.4963 -36.1748 -37.1789 29.5838 -36.1499 -37.2669 29.7723 
-36.319 -37.3013 29.7959 -36.4767 -37.2767 29.7346 -36.6515 -37.2598 29.9102 
-36.866 -37.2108 30.1691 -37.1436 -37.1573 30.3765 -37.3822 -37.1483 30.3096 
-37.623 -37.168 30.2499 -37.8503 -37.2186 30.1808 -38.0552 -37.2922 30.3784 
-38.0412 -37.3018 30.6732 -38.2119 -37.4194 30.9009 -38.3999 -37.5569 31.0384 
-38.5646 -37.6749 31.1896 -38.7254 -37.73 31.2081 -38.8579 -37.7039 31.1725 
-39.0628 -37.582 31.0475 -39.0284 -37.6361 31.2326 -39.1848 -37.5422 31.4104 
-39.3304 -37.4094 31.5682 -39.4635 -37.2781 31.4307 -39.6442 -37.0931 31.54 
-40.1666 -36.3263 31.8173 -39.775 -36.9066 31.7227 -39.875 -36.7958 31.7409 
-39.9862 -36.3644 31.9422 -39.8541 -36.6941 31.8668 -40.4397 -35.8145 31.8904 
-40.6845 -35.5468 31.8847 -40.212 -36.1066 31.9019 -40.9256 -35.4078 31.7989 
-41.1978 -35.1547 31.713 -41.066 -35.1958 31.8308 -41.2904 -35.0427 31.6644 
-41.3736 -34.8514 31.6987 -41.5276 -34.6302 31.6159 -41.6615 -34.44 31.5199 
-41.7825 -34.2628 31.4216 -41.8862 -34.1431 31.0864 -41.8923 -34.1014 31.3131 
-41.9937 -33.9604 31.1372 -42.1208 -33.7628 31.0335 -42.2298 -33.583 30.9347 
-42.3265 -33.4053 30.846 -42.4037 -33.2767 30.5293 -42.4082 -33.2305 30.7614 
-42.4769 -33.0595 30.622 -42.5538 -32.8078 30.5694 -42.6087 -32.5499 30.2087 
-42.6132 -32.5697 30.5122 -42.3873 -31.0991 28.579 -42.5282 -31.1076 28.6113 
-42.6083 -31.2198 28.5877 -42.5967 -31.3922 28.5019 -42.5779 -31.5844 28.3927 
-42.0355 -30.9963 28.7121 -42.1533 -30.9038 28.7533 -42.4626 -30.9346 28.7295 
-42.7431 -31.865 28.8728 -42.6992 -31.5636 28.5797 -42.7766 -31.626 28.8173 
-42.7424 -31.8834 29.1492 -42.7195 -31.9427 29.3415 -42.7149 -31.9357 29.5316 
-42.6822 -32.0658 29.6333 -42.6774 -32.0993 29.8159 -42.652 -32.2492 29.9135 
-42.6559 -32.291 30.1602 -36.512 -36.0851 28.9987 -36.4139 -36.0678 29.1279 
-36.2976 -36.0757 29.2547 -36.2519 -36.3537 29.2515 -36.1111 -36.503 29.3843 
-35.9609 -36.6172 29.5219 -35.9355 -36.9062 29.6018 -36.0228 -37.1366 29.6707 
-35.9624 -37.2302 29.8498 -36.0374 -37.315 30.0517 -36.2358 -37.3224 29.9544 
-36.4312 -37.3073 29.989 -36.622 -37.2683 30.1378 -36.6991 -37.2327 30.4139 
-36.951 -37.178 30.4603 -37.1467 -37.1432 30.652 -37.3739 -37.1384 30.5883 
-37.6062 -37.161 30.5365 -37.8407 -37.2154 30.4746 -37.8017 -37.215 30.7897 
-38.0024 -37.3058 30.926 -38.0407 -37.3707 31.1888 -38.2446 -37.4932 31.1784 
-38.3678 -37.605 31.3205 -38.6696 -37.7684 31.416 -38.4877 -37.7235 31.5342 
-38.7937 -37.7676 31.3525 -38.9106 -37.7401 31.4304 -39.0551 -37.6622 31.5605 
-39.1985 -37.5406 31.7094 -39.3233 -37.3982 31.8369 -39.4734 -37.2288 31.742 
-39.6222 -37.0407 31.7948 -39.6851 -36.89 31.9183 -39.8167 -36.2407 32.1136 
-40.0044 -36.08 32.0404 -39.7594 -36.5329 32.0633 -39.7001 -36.7487 32.0208 
-40.4939 -35.5904 31.9671 -40.3047 -35.6 32.0388 -40.1669 -35.8619 32.0183 
-40.8267 -35.2466 31.9637 -40.5243 -35.3914 32.0295 -41.2179 -35.0137 31.8138 
-41.0508 -35.002 31.9758 -41.4331 -34.6128 31.8796 -41.2527 -34.8233 31.9246 
-41.6033 -34.429 31.7794 -41.7442 -34.2467 31.6924 -41.8757 -34.0696 31.593 
-41.9955 -33.9041 31.4702 -42.1095 -33.7381 31.3434 -42.2191 -33.5599 31.239 
-42.3185 -33.38 31.1435 -42.4052 -33.197 31.0551 -42.4812 -33.0066 30.9649 
-42.5518 -32.7963 30.8825 -42.6162 -32.5719 30.814 -42.664 -32.3274 30.4557 
-42.672 -32.3459 30.7494 -42.6884 -31.0787 28.7308 -42.7211 -31.301 28.6705 
-42.0733 -30.8999 28.7759 -42.1114 -30.8264 28.8267 -42.3204 -30.7287 28.8793 
-42.1513 -30.7584 28.8796 -42.7263 -30.8856 28.8334 -42.6304 -30.6928 28.9324 
-42.8027 -31.6445 29.1127 -42.7941 -31.4104 28.7898 -42.8514 -31.4017 29.027 
-42.7833 -31.7033 29.478 -42.736 -31.8488 29.818 -42.7036 -32.0251 30.0877 
-42.7108 -32.0802 30.3996 -36.2811 -36.077 29.2742 -36.1325 -36.213 29.4007 
-36.0025 -36.3692 29.4955 -35.8472 -36.4005 29.6275 -35.7988 -36.6938 29.6564 
-35.7542 -36.8916 29.729 -35.8123 -37.0871 29.8037 -35.8066 -37.2432 30.0132 
-35.813 -37.3351 30.2991 -36.0541 -37.3479 30.3258 -36.2654 -37.3274 30.2181 
-36.4869 -37.2927 30.2419 -36.4436 -37.2834 30.4825 -36.6476 -37.2168 30.7345 
-36.9055 -37.1709 30.694 -37.1255 -37.1366 30.9216 -37.3684 -37.1374 30.8575 
-37.5627 -37.1543 30.7702 -37.8631 -37.2593 31.0543 -37.6209 -37.1844 31.0473 
-37.7996 -37.2689 31.2909 -37.9365 -37.3742 31.5014 -38.1681 -37.5084 31.4526 
-38.3152 -37.6319 31.558 -38.6394 -37.8063 31.6827 -38.7869 -37.7974 31.5705 
-38.3371 -37.6953 31.8061 -38.5029 -37.7835 31.8039 -38.9195 -37.7557 31.718 
-39.0631 -37.6521 31.8575 -39.204 -37.491 31.9916 -39.3097 -37.3728 31.9979 
-39.3885 -37.275 31.9603 -39.5086 -37.0447 32.0153 -39.6186 -36.8612 32.0411 
-39.8561 -36.0094 32.1426 -39.6626 -36.0525 32.2465 -39.6171 -36.3859 32.2237 
-39.9788 -35.8833 32.1046 -39.5557 -36.7356 32.1738 -40.0523 -35.6775 32.1165 
-40.1417 -35.4701 32.1295 -40.3033 -35.3833 32.1019 -40.627 -35.1309 32.0948 
-40.8461 -35.0307 32.067 -40.4019 -35.2265 32.1225 -40.9575 -34.8768 32.0974 
-41.1144 -34.8024 32.0565 -41.2591 -34.6399 32.0527 -41.4097 -34.4868 32.0437 
-41.5314 -34.4148 31.9613 -41.6669 -34.2256 31.944 -41.8279 -34.0542 31.8416 
-41.972 -33.8527 31.7744 -42.0948 -33.7055 31.6295 -42.2016 -33.5374 31.533 
-42.3038 -33.3566 31.4398 -42.3943 -33.1743 31.3484 -42.4731 -32.9798 31.2717 
-42.5471 -32.7672 31.2019 -42.6164 -32.5526 31.1228 -42.6774 -32.3439 31.042 
-42.7217 -32.1156 30.6883 -42.7319 -32.1301 30.9722 -42.8239 -30.9819 28.861 
-42.8528 -31.1566 28.9182 -42.2053 -30.6448 28.9732 -42.2389 -30.5809 29.0247 
-42.4333 -30.5523 29.0182 -42.81 -30.7816 28.9276 -42.8535 -30.8732 28.9058 
-42.6019 -30.5367 29.034 -42.8526 -30.6721 29.049 -42.7393 -30.5188 29.1019 
-42.8843 -31.3861 29.3678 -42.935 -31.1803 29.2112 -42.8677 -31.416 29.6988 
-42.8046 -31.5954 29.8066 -42.7963 -31.6149 30.0434 -42.7558 -31.7855 30.1243 
-42.7578 -31.8378 30.3558 -42.7691 -31.8816 30.6319 -36.2634 -36.0779 29.2922 
-36.1577 -36.0885 29.4211 -35.9916 -36.1074 29.5746 -35.7169 -36.3075 29.745 
-35.672 -36.5351 29.7491 -35.8284 -36.1636 29.6966 -35.6571 -36.7593 29.767 
-35.5916 -36.9435 29.874 -35.6378 -37.1344 29.9754 -35.5917 -37.2432 30.1665 
-35.5126 -37.3383 30.4322 -35.7369 -37.3802 30.6005 -35.9697 -37.3598 30.56 
-36.2045 -37.3278 30.5305 -36.3906 -37.2701 30.7779 -36.6007 -37.2003 31.0643 
-36.8731 -37.1586 30.9804 -37.1025 -37.1335 31.1941 -37.3475 -37.1433 31.1354 
-37.5447 -37.1976 31.3906 -37.7423 -37.2816 31.5322 -37.7957 -37.3572 31.7899 
-38.0362 -37.4864 31.7338 -38.2028 -37.5892 31.6942 -38.6077 -37.8259 31.945 
-38.7667 -37.8134 31.8468 -38.1486 -37.5968 31.9254 -38.2638 -37.6818 32.0758 
-38.4375 -37.7733 32.0606 -38.9066 -37.736 32.0338 -39.0593 -37.6098 32.0917 
-39.2934 -37.2784 32.1562 -39.1307 -37.4783 32.2171 -39.3786 -36.9858 32.2584 
-39.8178 -35.7797 32.2007 -39.4596 -35.9233 32.3731 -39.6119 -35.7974 32.2982 
-39.4559 -36.2135 32.3615 -39.4261 -36.5202 32.3515 -39.3819 -36.7663 32.3459 
-39.9145 -35.4627 32.2092 -40.1462 -35.2239 32.1875 -40.4078 -34.9961 32.1942 
-40.7321 -34.8789 32.1654 -41.0043 -34.6485 32.1802 -41.2808 -34.4395 32.1671 
-41.4918 -34.3061 32.1 -41.7709 -34.0285 32.0152 -41.6287 -34.0832 32.1375 
-41.8817 -33.8967 31.9668 -42.0763 -33.6647 31.8362 -41.9881 -33.6697 32.0189 
-42.1642 -33.5346 31.7774 -42.2691 -33.3294 31.7381 -42.3717 -33.1581 31.6172 
-42.4497 -32.9732 31.5497 -42.5237 -32.7583 31.5015 -42.6083 -32.505 31.4582 
-42.6776 -32.3232 31.3265 -42.7373 -32.1272 31.2529 -42.781 -31.9152 30.905 
-42.7942 -31.9184 31.1786 -42.9158 -30.9236 28.989 -42.9738 -30.9733 29.1658 
-42.3198 -30.4238 29.157 -42.5604 -30.4247 29.1414 -42.3263 -30.4125 29.1683 
-42.9016 -30.8003 28.9938 -42.9823 -30.7524 29.1728 -42.9489 -30.504 29.2557 
-42.758 -30.3254 29.2904 -42.967 -31.1601 29.437 -42.9501 -31.2018 29.6376 
-43.0164 -30.9962 29.4 -42.9339 -31.2135 29.9165 -42.857 -31.4169 29.9853 
-42.8458 -31.4517 30.2085 -42.8046 -31.618 30.2997 -42.8184 -31.6438 30.5716 
-42.831 -31.6905 30.8539 -36.0182 -36.0807 29.5586 -35.9989 -36.0818 29.5799 
-35.9793 -36.0835 29.5966 -35.5516 -36.3394 29.8685 -35.7138 -36.1197 29.808 
-35.7397 -36.1163 29.7871 -35.4969 -36.6806 29.8795 -35.8451 -36.104 29.7086 
-35.4125 -36.8852 29.9664 -35.4 -37.0666 30.0809 -35.3902 -37.2345 30.2653 
-35.2753 -37.2878 30.4164 -35.2605 -37.3736 30.6561 -35.5328 -37.396 30.6877 
-35.7102 -37.3963 30.8676 -35.8987 -37.3713 30.7874 -36.1344 -37.3231 30.8395 
-36.3468 -37.2596 31.023 -36.432 -37.2226 31.3082 -36.6786 -37.1685 31.356 
-36.8688 -37.1472 31.2692 -37.0994 -37.1409 31.4692 -37.2945 -37.1476 31.3732 
-37.6038 -37.2504 31.6619 -37.3599 -37.1859 31.6561 -37.5508 -37.2712 31.9119 
-37.724 -37.3739 32.1239 -37.9506 -37.4861 32.0263 -38.5718 -37.8246 32.1427 
-38.7187 -37.8151 32.1235 -38.1034 -37.5955 32.2012 -38.3005 -37.6767 32.3656 
-38.4833 -37.7863 32.2613 -38.956 -37.5941 32.3023 -38.825 -37.7488 32.2418 
-39.2074 -37.1421 32.3763 -39.1507 -37.3482 32.33 -39.0697 -37.4522 32.3472 
-39.2685 -36.9073 32.4125 -39.666 -35.5659 32.2935 -39.4675 -35.656 32.3811 
-39.2838 -35.7611 32.4725 -39.2788 -36.0437 32.4738 -39.2687 -36.3389 32.4779 
-39.2336 -36.6603 32.4836 -39.9002 -35.2179 32.2531 -39.7136 -35.3027 32.3048 
-40.1511 -34.976 32.249 -39.9829 -35.061 32.2627 -40.5317 -34.775 32.2458 
-40.2716 -34.7563 32.2962 -40.7243 -34.6718 32.2476 -41.0942 -34.3637 32.289 
-40.8183 -34.476 32.3085 -41.373 -34.1586 32.2775 -41.796 -33.8692 32.1259 
-41.6111 -33.8843 32.2918 -42.11 -33.5575 31.9308 -42.0932 -33.5032 32.0226 
-42.0564 -33.3705 32.1491 -41.829 -33.6312 32.2523 -42.1697 -33.412 31.9443 
-42.3437 -33.1326 31.8166 -42.2531 -33.1752 31.9845 -42.4101 -32.986 31.7754 
-42.4737 -32.7872 31.7555 -42.5488 -32.5431 31.7456 -42.6752 -32.2827 31.549 
-42.6341 -32.3123 31.7302 -42.7302 -32.1241 31.5118 -42.7975 -31.9144 31.4641 
-42.8361 -31.7418 31.0873 -42.8709 -31.6698 31.3682 -43.0495 -30.8198 29.368 
-42.3466 -30.3778 29.2055 -42.4653 -30.2716 29.3167 -43.1077 -30.5679 29.4805 
-42.9913 -30.309 29.3831 -43.085 -30.3977 29.417 -42.6245 -30.135 29.4729 
-42.8851 -30.1645 29.4664 -43.0152 -31.0339 29.5904 -43.0179 -31.0113 29.826 
-43.093 -30.8005 29.6687 -43.0039 -31.0202 30.1221 -42.9175 -31.2384 30.2248 
-42.8769 -31.3928 30.4753 -42.8868 -31.4483 30.7953 -42.9 -31.5063 31.114 
-35.394 -36.2057 30.0087 -35.5662 -36.1126 29.9276 -35.3388 -36.4876 29.9886 
-35.7014 -36.1201 29.8179 -35.2955 -36.7555 30.0139 -35.3022 -36.9155 30.0443 
-35.1789 -37.1492 30.2903 -35.1186 -36.8995 30.166 -35.0435 -37.2581 30.5001 
-34.8939 -37.3641 30.7542 -35.1339 -37.4424 30.9612 -35.4573 -37.4192 30.9152 
-35.6955 -37.398 31.1541 -35.962 -37.3484 31.0793 -36.2057 -37.2875 31.1246 
-36.1821 -37.2835 31.3714 -36.406 -37.224 31.6241 -36.6412 -37.1744 31.5897 
-36.8711 -37.1464 31.5462 -37.0941 -37.1583 31.7607 -37.3075 -37.2085 31.991 
-37.495 -37.2838 32.2075 -37.6514 -37.3561 32.409 -37.8943 -37.4805 32.3478 
-38.609 -37.8 32.2928 -38.7228 -37.7784 32.3108 -38.0755 -37.5799 32.4208 
-38.5007 -37.7407 32.4019 -38.1226 -37.5597 32.5821 -38.2737 -37.5789 32.6178 
-38.4603 -37.6216 32.5734 -39.0033 -37.3257 32.4784 -38.7975 -37.5463 32.5187 
-38.7954 -37.6974 32.3801 -39.086 -36.9542 32.5411 -39.5044 -35.3926 32.3838 
-39.3045 -35.4843 32.4734 -39.1076 -35.5813 32.5644 -39.0963 -35.8627 32.5674 
-39.0939 -36.1467 32.5766 -39.0835 -36.4318 32.5902 -39.0498 -36.6776 32.6068 
-39.7807 -35.0472 32.3256 -39.5636 -35.1375 32.3915 -39.9727 -34.8515 32.3238 
-40.5228 -34.5642 32.3247 -40.0601 -34.6072 32.3865 -40.2819 -34.5348 32.3716 
-40.9121 -34.2495 32.3903 -41.1399 -34.1706 32.372 -40.6335 -34.332 32.401 
-41.2555 -34.0266 32.4052 -41.4142 -33.9398 32.3843 -41.5098 -33.7837 32.4135 
-41.6564 -33.6831 32.3761 -41.97 -33.1631 32.3446 -42.178 -33.0057 32.2006 
-41.8784 -33.3979 32.3313 -41.7401 -33.5192 32.3909 -42.3564 -33.0205 31.9231 
-42.3149 -32.9636 32.0454 -42.4006 -32.8557 31.9423 -42.4539 -32.6201 31.9741 
-42.5558 -32.2902 32.0144 -42.7024 -32.1536 31.6923 -42.6787 -32.1126 31.8834 
-42.7672 -31.9444 31.7553 -42.8638 -31.6972 31.689 -42.9432 -31.4347 31.3865 
-42.9462 -31.465 31.6277 -42.4102 -30.2736 29.3249 -42.432 -30.2394 29.3661 
-42.501 -30.1307 29.5007 -43.1661 -30.3271 29.5649 -43.1804 -30.5578 29.7445 
-43.2139 -30.3781 29.7393 -43.049 -30.1957 29.4907 -43.1079 -30.2811 29.4737 
-42.5508 -30.0403 29.5939 -42.5836 -29.9859 29.6581 -42.778 -29.9963 29.632 
-43.0221 -30.0563 29.6192 -43.0954 -30.811 30.0285 -43.1808 -30.6047 29.9536 
-42.9895 -31.0417 30.3654 -43.0793 -30.8315 30.366 -42.9459 -31.1667 30.4842 
-42.9492 -31.207 30.7225 -42.9617 -31.2558 31.0176 -42.9737 -31.2977 31.2667 
-35.5035 -36.1112 29.9678 -35.4201 -36.1101 30.0278 -35.3264 -36.1073 30.0893 
-35.1962 -36.3155 30.1061 -35.1379 -36.6007 30.1068 -34.8609 -37.0497 30.3923 
-34.9335 -36.6833 30.2207 -34.8769 -36.8684 30.2791 -34.8119 -37.2254 30.5733 
-34.7163 -37.2611 30.6726 -34.7387 -37.3966 30.9901 -34.8551 -37.4465 30.883 
-34.6143 -37.2793 30.8028 -34.9349 -37.4558 30.878 -34.949 -37.4731 30.9595 
-34.9685 -37.4546 31.1584 -35.2291 -37.455 31.252 -35.437 -37.4348 31.2008 
-35.6919 -37.3991 31.4597 -35.9391 -37.3454 31.4124 -36.1757 -37.2844 31.6734 
-36.4016 -37.2332 31.9186 -36.6248 -37.1854 31.8736 -36.8551 -37.1583 31.8247 
-37.0662 -37.1749 32.0561 -37.2651 -37.2188 32.3171 -37.4612 -37.2805 32.437 
-37.5357 -37.2897 32.6376 -37.7961 -37.394 32.6275 -37.9717 -37.5102 32.5479 
-38.6482 -37.7029 32.4549 -37.9841 -37.4601 32.6884 -38.1446 -37.442 32.7621 
-38.3432 -37.4935 32.7264 -38.6275 -37.5716 32.6058 -38.5166 -37.4384 32.7325 
-38.8662 -37.1123 32.6603 -38.8118 -37.3499 32.6317 -38.6894 -37.4475 32.6658 
-38.8912 -36.8071 32.6879 -39.3549 -35.2084 32.4777 -39.1424 -35.2974 32.5686 
-38.9317 -35.3935 32.6534 -38.908 -35.673 32.6511 -38.9026 -35.9523 32.6582 
-38.9028 -36.2343 32.6736 -38.8973 -36.5167 32.6905 -39.6293 -34.937 32.4039 
-39.7642 -34.846 32.3795 -39.4515 -34.9496 32.4805 -39.8485 -34.6946 32.4045 
-40.4022 -34.3955 32.4073 -39.8488 -34.4698 32.4907 -40.1678 -34.3616 32.4592 
-40.7289 -34.1016 32.4839 -41.0354 -34.0157 32.4681 -40.4116 -34.1881 32.4904 
-41.28 -33.8059 32.4903 -41.5429 -33.5687 32.4792 -42.0413 -32.884 32.3876 
-41.8661 -33.0225 32.4719 -41.7447 -33.2932 32.4634 -42.2109 -32.7219 32.2945 
-42.3296 -32.7731 32.1217 -42.3634 -32.4905 32.2128 -42.6496 -32.0753 32.0384 
-42.6116 -31.9959 32.1992 -42.4514 -32.1991 32.2715 -42.7245 -31.9151 32.0265 
-42.8341 -31.7004 31.9746 -42.9365 -31.4852 31.9092 -43.0196 -31.2274 31.5367 
-43.0225 -31.2673 31.8465 -43.14 -30.179 29.5883 -43.2153 -30.1577 29.7663 
-43.233 -30.4354 29.9145 -43.2705 -30.2215 30.0172 -42.6631 -29.8418 29.8148 
-42.9345 -29.8636 29.797 -42.675 -29.8219 29.8392 -43.1519 -30.0655 29.6977 
-43.0983 -29.9589 29.7569 -43.1766 -30.6129 30.2422 -43.248 -30.4169 30.1438 
-43.0216 -30.9781 30.6205 -43.1742 -30.6133 30.5393 -43.1035 -30.7751 30.6394 
-43.0283 -31.0197 30.9272 -43.0482 -31.0611 31.2639 -35.2726 -36.1062 30.1265 
-35.0722 -36.1191 30.2399 -34.9867 -36.4165 30.2071 -34.7561 -36.8962 30.353 
-34.5695 -37.1154 30.6207 -34.5643 -36.8654 30.465 -34.7792 -36.5083 30.3053 
-34.7417 -36.7467 30.3271 -34.498 -37.299 30.986 -34.8692 -37.4638 30.9645 
-34.5303 -37.3468 31.2268 -34.766 -37.4167 31.2598 -34.891 -37.4754 30.9056 
-34.3174 -37.1588 30.8824 -34.9469 -37.4404 31.4842 -35.196 -37.454 31.4847 
-35.4461 -37.4377 31.4892 -35.7054 -37.4009 31.7722 -35.9487 -37.3461 31.7305 
-36.1929 -37.2906 31.9699 -36.4003 -37.2481 32.1875 -36.6153 -37.2011 32.1628 
-36.8389 -37.1729 32.1077 -37.0297 -37.1811 32.3044 -37.3524 -37.2404 32.5544 
-37.1289 -37.1793 32.6056 -37.3607 -37.2176 32.7101 -37.4726 -37.2206 32.8065 
-37.6478 -37.2634 32.8146 -37.8927 -37.3099 32.8379 -38.081 -37.2721 32.8994 
-38.3081 -37.2901 32.8583 -38.4918 -37.2742 32.8219 -38.6544 -37.2447 32.7548 
-38.681 -36.9333 32.7867 -38.6949 -36.6155 32.7854 -39.2094 -34.9913 32.5846 
-38.9837 -35.1172 32.6641 -38.7601 -35.1992 32.743 -38.7187 -35.479 32.7304 
-38.703 -35.7524 32.7302 -38.6994 -36.0285 32.7431 -38.7001 -36.3146 32.7648 
-39.6319 -34.7245 32.4684 -39.3696 -34.7154 32.5793 -39.9907 -34.1793 32.5665 
-39.7102 -34.2672 32.6062 -39.5638 -34.494 32.5724 -40.1977 -34.1803 32.5242 
-40.8396 -33.8551 32.5697 -40.5273 -33.9414 32.5765 -41.0584 -33.8452 32.5362 
-40.2253 -34.0052 32.5916 -41.3097 -33.5293 32.583 -41.0589 -33.6702 32.6008 
-41.5019 -33.3207 32.5771 -42.0951 -32.6652 32.4212 -41.8857 -32.7308 32.5368 
-41.6554 -33.034 32.5833 -42.2148 -32.5309 32.3671 -42.2811 -32.3239 32.3886 
-42.4954 -32.0039 32.3581 -42.5933 -31.8348 32.3746 -42.763 -31.6762 32.2645 
-42.368 -32.1131 32.4176 -42.9059 -31.4885 32.1614 -43.0073 -31.289 32.116 
-43.0959 -31.0044 31.551 -43.0995 -31.0505 31.7905 -43.0985 -31.0775 32.0663 
-43.1829 -29.9912 29.8178 -43.2402 -29.9524 30.0089 -43.3225 -29.9995 30.2652 
-43.3095 -30.2199 30.3233 -42.6922 -29.7848 29.8714 -42.8267 -29.6936 29.9485 
-42.985 -29.7253 29.9439 -43.114 -29.842 29.9085 -43.2551 -30.4165 30.4285 
-43.0863 -30.8373 30.8267 -43.2569 -30.4279 30.7193 -43.1712 -30.637 30.84 
-43.1266 -30.7949 31.1027 -43.1462 -30.8285 31.4336 -35.1417 -36.099 30.2055 
-34.8478 -36.247 30.3178 -35.0268 -36.0928 30.2758 -35.0729 -36.0964 30.251 
-35.0879 -36.097 30.2411 -34.419 -36.9641 30.5871 -34.2952 -37.0079 30.7041 
-34.2673 -36.8169 30.6109 -34.3652 -36.6445 30.5183 -34.5765 -36.5907 30.4103 
-34.6356 -36.3268 30.4084 -34.3414 -37.2577 31.1002 -34.2845 -37.2682 31.3219 
-34.465 -37.3339 31.5208 -34.7045 -37.3966 31.4983 -34.1618 -37.0302 30.8237 
-34.131 -37.172 31.1525 -33.9906 -37.0202 30.9831 -34.9228 -37.4245 31.7763 
-35.1833 -37.4463 31.7772 -35.4451 -37.4377 31.7808 -35.7129 -37.4082 32.0828 
-35.9958 -37.3491 32.0796 -36.2333 -37.2942 32.205 -36.3656 -37.269 32.3725 
-36.5807 -37.2187 32.4612 -36.8395 -37.183 32.3977 -36.8269 -37.1643 32.696 
-37.0278 -37.0902 32.8972 -37.3016 -37.128 32.8725 -37.5055 -37.1576 32.9147 
-37.6743 -37.1352 32.9595 -37.9091 -37.0938 32.9878 -38.1293 -37.1417 32.9592 
-38.2535 -37.0647 32.9496 -38.455 -37.0636 32.8748 -38.4555 -36.7088 32.8892 
-38.482 -36.3872 32.8546 -39.0432 -34.8886 32.6817 -39.1707 -34.7668 32.653 
-38.8531 -34.924 32.7562 -38.5787 -34.9795 32.8451 -38.5281 -35.29 32.8106 
-38.5079 -35.5547 32.7966 -38.4904 -35.815 32.8031 -38.4821 -36.0916 32.8246 
-39.2322 -34.6026 32.6721 -39.3729 -34.5018 32.6436 -39.7961 -34.0424 32.6674 
-39.9998 -33.9651 32.6478 -39.4787 -34.3185 32.667 -39.5976 -34.1372 32.6915 
-40.6121 -33.7116 32.6563 -40.8325 -33.6521 32.6497 -40.338 -33.7727 32.6678 
-40.1131 -33.8258 32.6814 -41.1253 -33.4311 32.6668 -41.311 -33.3302 32.6468 
-40.9331 -33.5125 32.6815 -41.4093 -33.1302 32.6638 -42.0989 -32.4687 32.4813 
-41.7198 -32.5623 32.6612 -41.9335 -32.4132 32.596 -41.6493 -32.7918 32.6431 
-41.4974 -32.9219 32.6789 -42.1675 -32.161 32.5471 -42.4264 -31.8942 32.5027 
-42.6373 -31.6174 32.5237 -42.8801 -31.4693 32.3194 -42.8503 -31.4024 32.4816 
-42.9615 -31.3133 32.3387 -43.0722 -31.0976 32.3292 -43.1677 -30.8461 31.7207 
-43.1793 -30.8685 31.9992 -43.1757 -30.8818 32.2786 -43.1794 -29.7547 30.0683 
-43.2791 -29.7248 30.2686 -43.3884 -29.8374 30.5088 -43.3642 -30.0513 30.4917 
-43.3309 -30.2215 30.6101 -42.7519 -29.6675 29.9848 -42.7992 -29.6172 30.0209 
-42.9304 -29.5738 30.08 -42.8187 -29.5857 30.0545 -43.0761 -29.6904 30.0257 
-43.2556 -30.4528 30.9612 -43.3442 -30.2369 30.9413 -43.2114 -30.5766 31.0909 
-43.2177 -30.613 31.334 -43.233 -30.6459 31.6259 -34.9034 -36.0853 30.3486 
-34.7402 -36.077 30.4355 -34.0686 -36.8898 30.7803 -34.2019 -36.6506 30.5964 
-33.996 -36.6205 30.7099 -34.416 -36.405 30.5013 -34.2048 -36.4867 30.5909 
-34.502 -36.1203 30.5348 -34.0626 -37.1959 31.4227 -34.2482 -37.2685 31.5827 
-34.4296 -37.3184 31.7775 -34.6655 -37.3769 31.7806 -33.8463 -37.0862 31.286 
-33.7347 -36.7808 30.9288 -33.7213 -36.958 31.1254 -34.9085 -37.4103 32.0767 
-35.1777 -37.4394 32.0773 -35.4453 -37.4387 32.0818 -35.7093 -37.4169 32.382 
-35.9658 -37.371 32.3775 -36.1962 -37.3156 32.3836 -36.3931 -37.2678 32.5844 
-36.5915 -37.2024 32.765 -36.7587 -37.1007 32.9781 -36.9424 -36.9469 33.1161 
-37.1721 -36.9944 33.0305 -37.4143 -36.9878 33.0343 -37.6538 -36.9243 33.0626 
-37.8343 -36.8637 33.0621 -38.0595 -36.9151 33.0148 -38.2713 -36.8496 32.9635 
-38.2541 -36.6325 32.9668 -38.2794 -36.4382 32.9353 -38.2395 -36.1389 32.9087 
-39.029 -34.6418 32.7541 -38.7549 -34.7083 32.8489 -38.2968 -35.133 32.8993 
-38.3488 -34.8533 32.9439 -38.5453 -34.7364 32.9154 -38.3417 -35.3862 32.8547 
-38.2935 -35.5993 32.8585 -38.2687 -35.8581 32.8728 -39.2419 -34.3988 32.738 
-39.6068 -33.9445 32.7641 -39.8751 -33.7981 32.7431 -39.4005 -34.1437 32.7643 
-40.4205 -33.5474 32.7404 -40.7032 -33.4752 32.7277 -40.1253 -33.6041 32.7639 
-40.9281 -33.2936 32.7464 -41.1833 -33.2 32.7151 -41.2813 -32.9351 32.7478 
-41.7897 -32.3447 32.6836 -41.5827 -32.3891 32.7597 -41.4789 -32.6939 32.7318 
-41.9393 -32.2138 32.6516 -42.0315 -32.0107 32.685 -42.2519 -31.8673 32.6411 
-42.4436 -31.6803 32.6413 -42.5731 -31.4874 32.7086 -42.7619 -31.3597 32.6655 
-42.8842 -31.2547 32.6343 -42.9929 -31.1331 32.5745 -43.1426 -30.8862 32.5503 
-43.2512 -30.6663 31.9131 -43.2629 -30.6752 32.2001 -43.2555 -30.6768 32.4822 
-43.1203 -29.5922 30.164 -43.4092 -29.541 30.5554 -43.206 -29.4178 30.3573 
-43.4694 -29.7275 30.7363 -43.4162 -29.9797 30.7664 -42.8281 -29.5224 30.1258 
-42.846 -29.4567 30.175 -42.8779 -29.4499 30.1782 -42.9991 -29.4289 30.2285 
-43.2995 -30.3905 31.2201 -43.4472 -30.0023 31.1028 -43.3878 -30.179 31.2234 
-43.3053 -30.4392 31.5346 -43.3179 -30.472 31.8192 -34.7565 -36.073 30.4286 
-34.7381 -36.0716 30.4393 -34.7436 -36.0722 30.4364 -34.035 -36.3302 30.6794 
-33.8066 -36.3821 30.7614 -33.7019 -36.5666 30.8251 -34.2578 -36.2372 30.6029 
-34.3659 -36.0422 30.6242 -34.5042 -36.0518 30.5685 -34.5539 -36.0556 30.5414 
-33.8675 -37.1452 31.5441 -34.0586 -37.2113 31.7204 -34.2572 -37.2695 31.7946 
-34.3814 -37.2979 31.957 -34.6217 -37.3532 32.0801 -33.606 -36.9976 31.3026 
-33.6 -37.0695 31.5665 -33.5868 -36.6356 30.9008 -33.46 -36.8622 31.1994 
-33.3991 -36.6199 31.0191 -34.9154 -37.403 32.39 -35.1786 -37.4349 32.3808 
-35.4449 -37.4398 32.3819 -35.7014 -37.4166 32.6737 -35.9561 -37.3753 32.659 
-36.1891 -37.3228 32.6315 -36.3915 -37.2559 32.8284 -36.5503 -37.1797 32.9668 
-36.7386 -36.9898 33.1704 -36.5757 -37.0914 33.1373 -36.7878 -36.8613 33.2459 
-36.9149 -36.7672 33.2369 -37.1457 -36.7885 33.1589 -37.4131 -36.7277 33.1332 
-37.6448 -36.6786 33.1088 -37.8712 -36.6585 33.0675 -38.0904 -36.6597 33.0163 
-38.1286 -36.4796 32.9921 -38.0774 -36.2651 32.9767 -38.0243 -36.0534 32.962 
-38.0545 -35.8766 32.9348 -39.0713 -34.4142 32.8083 -38.8959 -34.4314 32.8771 
-38.6469 -34.5248 32.9427 -38.067 -35.1161 32.9597 -38.1439 -34.9511 32.9739 
-38.1157 -35.3541 32.9187 -38.1415 -34.708 33.0385 -38.4143 -34.6045 32.9938 
-38.0711 -35.6309 32.9199 -39.1246 -34.1863 32.8638 -39.6137 -33.676 32.859 
-39.3557 -33.903 32.8693 -39.8687 -33.5627 32.8296 -40.4832 -33.3154 32.8084 
-40.2565 -33.393 32.8157 -40.6996 -33.2525 32.797 -40.0035 -33.3434 32.8744 
-41.0244 -33.0342 32.7924 -40.8113 -33.0974 32.8202 -41.264 -32.7077 32.8014 
-41.1011 -32.8153 32.8234 -41.7827 -32.1433 32.7488 -41.5909 -32.1914 32.8107 
-41.3746 -32.2553 32.8718 -41.3588 -32.5218 32.8102 -42.1294 -31.8076 32.7394 
-41.927 -31.8801 32.7965 -42.3075 -31.6618 32.7404 -42.4432 -31.5646 32.7337 
-42.4339 -31.4342 32.8508 -42.6834 -31.2761 32.829 -42.8884 -31.1267 32.7843 
-43.0737 -30.8525 32.8387 -43.2226 -30.6724 32.7374 -43.337 -30.4766 32.1006 
-43.3468 -30.4688 32.3934 -43.327 -30.4699 32.6768 -43.3626 -29.2928 30.5166 
-43.5149 -29.2848 30.6831 -43.5669 -29.4956 30.8841 -43.0029 -29.2329 30.3721 
-43.2189 -29.1386 30.4701 -43.5159 -29.768 30.9983 -42.8663 -29.4146 30.2095 
-42.8982 -29.3739 30.2568 -42.9319 -29.2822 30.3278 -43.3842 -30.2304 31.467 
-43.537 -29.8065 31.3092 -43.4616 -30.0237 31.3983 -43.3889 -30.2733 31.7499 
-43.3909 -30.3169 31.9899 -34.1046 -36.0592 30.7198 -33.8893 -36.1831 30.7531 
-33.6759 -36.1733 30.8299 -33.5928 -36.3956 30.8423 -33.5361 -36.5389 30.8876 
-34.3254 -36.0392 30.6436 -33.8139 -37.1477 31.7826 -34.0084 -37.1976 32.0039 
-34.217 -37.2515 31.9778 -34.4221 -37.2986 32.19 -34.6728 -37.3536 32.429 
-33.4348 -36.975 31.4083 -33.3419 -37.004 31.5839 -33.3413 -37.0544 31.8619 
-33.6111 -37.108 31.8635 -33.1641 -36.737 31.2546 -33.1985 -36.9031 31.4635 
-33.4352 -36.4366 30.9218 -33.236 -36.3495 31.0233 -33.0875 -36.5454 31.1565 
-34.935 -37.4019 32.7042 -35.1823 -37.432 32.6826 -35.4398 -37.4376 32.6767 
-35.6759 -37.4027 32.9565 -35.9377 -37.3559 32.9404 -36.1811 -37.306 32.8895 
-36.3844 -37.2082 33.0532 -36.5833 -36.9155 33.3063 -36.377 -37.1015 33.2638 
-36.7188 -36.661 33.3394 -36.9461 -36.5594 33.27 -37.1775 -36.5036 33.2079 
-37.4136 -36.4497 33.1578 -37.6519 -36.4103 33.1048 -37.909 -36.3855 33.0397 
-37.8687 -36.0891 33.0127 -37.8906 -35.902 32.983 -37.8608 -35.6865 32.978 
-38.7484 -34.3198 32.9716 -38.9044 -34.2151 32.9456 -38.5316 -34.3329 33.0423 
-37.9209 -35.2028 32.9838 -37.897 -34.9473 33.0368 -37.8759 -35.4222 32.9764 
-38.2857 -34.4581 33.0761 -38.0312 -34.4471 33.1463 -37.8969 -34.691 33.1029 
-38.9868 -34.049 32.9668 -39.1384 -33.9447 32.9401 -39.4814 -33.4704 32.9659 
-39.7253 -33.4124 32.9139 -39.3788 -33.6744 32.9364 -39.2193 -33.7778 32.9622 
-40.5671 -33.0522 32.8712 -40.2505 -33.1534 32.8912 -39.7974 -33.181 32.9677 
-40.0064 -33.1132 32.9445 -40.8338 -32.8239 32.8807 -41.1029 -32.5474 32.8809 
-41.637 -31.9765 32.8717 -41.1211 -32.2852 32.9435 -41.2253 -32.1095 32.9668 
-41.4006 -32.0121 32.9431 -42.1336 -31.6267 32.8546 -41.8602 -31.7252 32.9075 
-42.2697 -31.3808 32.9865 -42.4386 -31.2881 32.9852 -42.5923 -31.196 32.9815 
-42.805 -31.0564 32.9633 -42.9417 -30.9589 32.9296 -43.1939 -30.6526 32.8968 
-43.1549 -30.5922 33.0501 -42.9534 -30.8026 33.0931 -43.2695 -30.4965 32.9048 
-43.4305 -30.2464 32.2687 -43.4207 -30.2584 32.5886 -43.3769 -30.2445 32.8851 
-43.4179 -29.0854 30.5877 -43.6012 -29.0452 30.7472 -43.6596 -29.229 30.8945 
-43.7073 -29.3097 31.1639 -43.6149 -29.5662 31.223 -43.0113 -29.0881 30.444 
-42.9581 -29.2214 30.3861 -43.0582 -28.9745 30.5103 -43.0742 -28.9264 30.5289 
-43.2788 -28.8909 30.5636 -43.4649 -30.0609 31.6904 -43.5403 -29.8389 31.6166 
-43.6172 -29.6052 31.5433 -43.469 -30.1042 32.007 -34.0988 -35.9996 30.7507 
-33.871 -35.975 30.8285 -34.2798 -36.0306 30.6635 -34.153 -36.0077 30.7309 
-33.5224 -36.0577 30.913 -33.4525 -36.2461 30.9093 -33.6685 -35.9755 30.8878 
-33.7854 -37.1499 32.0548 -33.9968 -37.1931 32.2873 -34.217 -37.244 32.242 
-34.4514 -37.298 32.4855 -34.7003 -37.3551 32.743 -33.1735 -36.984 31.6886 
-33.0839 -37.002 31.8672 -33.0888 -37.0389 32.1437 -33.3524 -37.0836 32.1698 
-33.5565 -37.111 32.1019 -32.9542 -36.6511 31.301 -32.913 -36.7766 31.4781 
-32.9457 -36.919 31.7326 -33.3134 -36.0499 31.0095 -33.0532 -36.1498 31.1033 
-32.9717 -36.3594 31.1505 -32.834 -36.4956 31.2814 -34.9447 -37.4004 33.0058 
-35.1816 -37.4261 32.9764 -35.4233 -37.4292 32.9578 -35.6141 -37.385 33.1887 
-35.8851 -37.3019 33.2495 -36.1639 -37.2491 33.1467 -36.482 -36.7127 33.4502 
-36.3384 -36.9393 33.4543 -36.1488 -37.1363 33.4037 -36.7398 -36.3498 33.3575 
-36.5342 -36.4406 33.4527 -36.9557 -36.2766 33.2769 -37.1736 -36.2094 33.2085 
-37.4063 -36.1553 33.1441 -37.6511 -36.1188 33.077 -37.6716 -35.8145 33.0406 
-37.6495 -35.4901 33.0367 -38.7615 -34.0827 33.0426 -38.5474 -34.1324 33.1022 
-38.3159 -34.1869 33.155 -37.6937 -35.1878 33.046 -37.7211 -34.7883 33.1167 
-37.6488 -34.9502 33.0952 -37.715 -34.5676 33.1842 -37.8223 -34.3038 33.2448 
-38.053 -34.2049 33.2215 -38.9964 -33.8154 33.0368 -39.5901 -33.2669 32.9946 
-39.361 -33.2548 33.0692 -39.2178 -33.5646 33.0288 -40.3336 -32.889 32.9532 
-40.5619 -32.8074 32.9368 -40.1121 -32.9639 32.9693 -39.5906 -33.0379 33.0626 
-39.8781 -32.9334 33.0234 -40.6657 -32.6409 32.9606 -40.8432 -32.5587 32.9435 
-40.9423 -32.3819 32.9658 -41.5097 -31.8522 32.9725 -41.6736 -31.7608 32.9581 
-40.9735 -32.1228 33.0365 -41.2691 -31.8703 33.051 -42.0082 -31.5083 32.9957 
-41.7923 -31.6116 33.0044 -42.4426 -31.142 33.1274 -42.1473 -31.2894 33.126 
-42.7121 -30.9801 33.1229 -43.0655 -30.5527 33.2301 -43.1706 -30.4443 33.1896 
-43.2576 -30.352 33.0969 -42.8219 -30.768 33.2658 -42.9555 -30.6639 33.2563 
-43.5061 -30.0318 32.2726 -43.4986 -30.0534 32.5013 -43.4779 -30.0603 32.7521 
-43.4468 -30.0196 32.9439 -43.3383 -30.0558 33.1416 -43.4765 -28.8658 30.6562 
-43.6123 -28.8463 30.7614 -43.7084 -28.9169 30.8701 -43.7193 -29.0642 30.9056 
-43.7615 -29.1283 31.0641 -43.79 -29.1423 31.241 -43.7745 -29.1715 31.4216 
-43.6986 -29.3658 31.4763 -43.1196 -28.7507 30.5911 -43.3585 -28.6769 30.6541 
-43.1591 -28.6773 30.6193 -43.5389 -29.8738 31.9186 -43.6066 -29.6339 31.8611 
-43.6765 -29.3789 31.7988 -43.5388 -29.9071 32.1601 -33.8929 -35.9634 30.8278 
-33.858 -35.958 30.8414 -33.8776 -35.9612 30.835 -33.5472 -35.9185 30.9688 
-33.6248 -35.9278 30.93 -33.696 -35.9384 30.8996 -33.7658 -37.1509 32.3325 
-33.9976 -37.1942 32.5813 -34.2289 -37.2429 32.5353 -34.4726 -37.3007 32.7907 
-34.7147 -37.3573 33.0475 -32.9249 -36.9814 31.9674 -32.8503 -36.9915 32.1353 
-32.873 -37.0172 32.3649 -33.091 -37.059 32.4494 -33.2962 -37.0868 32.4063 
-33.5323 -37.1175 32.3758 -32.7935 -36.6432 31.4058 -32.6987 -36.7002 31.542 
-32.6699 -36.804 31.7373 -32.716 -36.9215 32.0082 -33.3272 -35.889 31.0644 
-33.1138 -35.9101 31.127 -33.4875 -35.9115 30.9986 -32.9007 -36.0001 31.2001 
-32.8468 -36.2163 31.2018 -32.8206 -36.3539 31.228 -32.5892 -36.5322 31.4894 
-32.663 -36.3102 31.3353 -34.9428 -37.3938 33.2949 -35.1686 -37.4136 33.255 
-35.4037 -37.4057 33.2314 -35.6357 -37.3003 33.5013 -35.9429 -37.1682 33.5269 
-36.3522 -36.5373 33.5552 -36.3203 -36.7534 33.5481 -36.1724 -37.0105 33.5462 
-36.2151 -36.8753 33.5863 -36.0829 -37.0823 33.5508 -36.7482 -36.0521 33.3417 
-36.5255 -36.1144 33.4484 -36.365 -36.2659 33.5463 -36.9487 -35.9926 33.2612 
-37.1481 -35.8846 33.1909 -37.4122 -35.8631 33.116 -37.4167 -35.5735 33.1007 
-37.4366 -35.2808 33.1054 -38.7897 -33.8653 33.1004 -38.574 -33.9154 33.1604 
-38.1638 -34.0367 33.2478 -38.3334 -33.9445 33.229 -37.4939 -35.0479 33.1174 
-37.4772 -34.7966 33.1773 -37.4855 -34.5553 33.2433 -37.5943 -34.3953 33.2684 
-37.6148 -34.1625 33.3403 -37.9293 -34.0371 33.3064 -39.0234 -33.5994 33.0909 
-38.8176 -33.6432 33.1545 -39.3955 -33.036 33.1192 -39.2018 -33.0547 33.1785 
-39.0558 -33.3795 33.1409 -40.1045 -32.7339 33.0363 -40.4184 -32.616 33.0125 
-39.6911 -32.8077 33.1026 -39.4374 -32.8133 33.1713 -39.8638 -32.7153 33.089 
-40.6822 -32.3833 33.0251 -41.579 -31.6499 33.0641 -41.0352 -31.9058 33.1023 
-40.8252 -31.9091 33.153 -40.7018 -32.1301 33.0987 -41.3624 -31.5953 33.173 
-41.0746 -31.7202 33.1803 -41.8452 -31.4257 33.1289 -42.2848 -31.082 33.2701 
-42.4523 -31.001 33.2729 -42.6063 -30.9122 33.2729 -42.0193 -31.1966 33.2689 
-43.1436 -30.2864 33.3193 -42.9307 -30.5338 33.3876 -42.7095 -30.7124 33.4057 
-43.5586 -29.8365 32.4141 -43.5372 -29.8766 32.6749 -43.5053 -29.9038 32.8578 
-43.4589 -29.8339 33.0217 -43.359 -29.7142 33.246 -43.2204 -29.9482 33.3842 
-43.5299 -28.6675 30.7529 -43.6717 -28.7369 30.882 -43.7592 -28.8199 30.9968 
-43.7801 -28.9632 31.0296 -43.8145 -29.0007 31.2164 -43.8182 -29.0451 31.3724 
-43.8106 -28.9944 31.5638 -43.7522 -29.1113 31.7341 -43.1399 -28.6732 30.6245 
-43.2544 -28.4671 30.7386 -43.4223 -28.5451 30.7301 -43.1479 -28.6483 30.633 
-43.2102 -28.4828 30.7254 -43.5936 -29.6758 32.1877 -43.6485 -29.4023 32.1173 
-43.7016 -29.1188 32.0755 -33.7578 -37.1549 32.6223 -34.004 -37.2 32.8832 
-34.2422 -37.247 32.8388 -34.4865 -37.3056 33.0958 -34.7188 -37.3558 33.3418 
-32.7185 -36.9703 32.2342 -32.6896 -36.9786 32.3992 -32.7782 -37.0057 32.5559 
-32.9966 -37.0482 32.6845 -33.2661 -37.0903 32.682 -33.5125 -37.1222 32.6556 
-32.5515 -36.6861 31.6523 -32.4647 -36.7351 31.8008 -32.4462 -36.816 32.0098 
-32.5349 -36.9157 32.2964 -33.201 -35.8629 31.1156 -33.0468 -35.8555 31.1796 
-33.1295 -35.8526 31.1488 -32.9553 -35.8575 31.2241 -32.7498 -35.8366 31.3444 
-32.7322 -36.0921 31.2818 -32.5125 -36.3761 31.4556 -32.3624 -36.5996 31.7322 
-32.3478 -36.3552 31.5905 -32.4846 -36.2661 31.4464 -32.5554 -36.0841 31.3971 
-34.9296 -37.3766 33.5642 -35.1493 -37.3865 33.5217 -35.3516 -37.3794 33.4632 
-35.6335 -37.1793 33.7957 -35.8152 -37.1357 33.7032 -35.3608 -37.298 33.7582 
-36.0231 -36.9553 33.6793 -36.2056 -36.3679 33.6525 -36.174 -36.67 33.6584 
-36.7674 -35.7855 33.3115 -36.5713 -35.8124 33.4041 -36.3463 -36.0448 33.5411 
-36.3833 -35.8557 33.5053 -36.2184 -36.1004 33.629 -36.9272 -35.7666 33.248 
-36.9947 -35.5785 33.2191 -37.2188 -35.6495 33.1561 -37.169 -35.3679 33.1749 
-37.2585 -35.0439 33.1855 -38.424 -33.7741 33.2527 -38.5864 -33.6746 33.2286 
-38.1798 -33.7941 33.3165 -37.2309 -34.8039 33.2407 -37.3158 -34.6368 33.2626 
-37.3433 -34.3862 33.3346 -37.7401 -33.9226 33.3872 -37.4691 -33.9248 33.4486 
-37.4076 -34.1561 33.3916 -37.9264 -33.8149 33.3761 -38.6706 -33.5025 33.247 
-38.8315 -33.3913 33.2195 -38.9357 -33.1627 33.2432 -39.0396 -32.9344 33.2685 
-39.2013 -32.8255 33.2426 -40.1859 -32.47 33.097 -39.96 -32.559 33.1151 
-40.4133 -32.38 33.0795 -39.7016 -32.5585 33.1745 -39.2887 -32.6568 33.2633 
-39.4547 -32.5636 33.2395 -40.5163 -32.2225 33.1072 -41.6012 -31.4467 33.199 
-40.5171 -32.0096 33.1789 -40.6236 -31.7711 33.2519 -40.8492 -31.7014 33.2394 
-41.1958 -31.4919 33.2821 -41.4444 -31.3953 33.2868 -40.9746 -31.5656 33.2845 
-41.7608 -31.2844 33.2802 -42.4541 -30.8581 33.4145 -42.167 -30.9915 33.4133 
-41.8906 -31.0978 33.4115 -43.0554 -30.1005 33.5206 -42.9919 -30.3172 33.4874 
-42.7806 -30.5509 33.5056 -42.8755 -30.4193 33.5324 -42.6061 -30.6381 33.5381 
-43.5989 -29.6235 32.4477 -43.5757 -29.6726 32.6363 -43.5333 -29.7253 32.8469 
-43.4844 -29.5861 33.0316 -43.4177 -29.4057 33.2042 -43.2354 -29.7142 33.4438 
-43.2715 -29.4717 33.4302 -43.1079 -29.8318 33.5566 -43.5025 -28.5312 30.7918 
-43.5854 -28.5153 30.9422 -43.7341 -28.6626 31.0695 -43.8052 -28.8037 31.1964 
-43.8286 -28.8655 31.4347 -43.795 -28.8935 31.7669 -43.8205 -28.8307 31.6491 
-43.7462 -28.8083 32.0362 -43.2223 -28.4513 30.7512 -43.2353 -28.4188 30.7721 
-43.4314 -28.4389 30.8248 -43.3166 -28.3103 30.8941 -43.2784 -28.3117 30.8785 
-43.6242 -29.433 32.401 -43.6565 -29.1533 32.3903 -43.69 -28.8403 32.3768 
-33.7576 -37.1614 32.9202 -34.0143 -37.2071 33.1891 -34.2545 -37.2536 33.1447 
-34.4954 -37.3071 33.3946 -34.7168 -37.343 33.6201 -32.6158 -36.9642 32.5715 
-32.7849 -37.0068 32.7849 -33.0128 -37.0516 33.0164 -33.253 -37.0922 32.9745 
-33.5063 -37.1276 32.9495 -32.3263 -36.7149 31.9025 -32.232 -36.741 32.0561 
-32.2381 -36.8157 32.3023 -32.4025 -36.9047 32.5826 -32.8393 -35.8218 31.301 
-32.7542 -35.8014 31.3581 -32.7189 -35.803 31.3771 -32.53 -35.8868 31.4501 
-32.7837 -35.803 31.3473 -32.1453 -36.4635 31.797 -32.1622 -36.6273 31.9334 
-32.3953 -36.1638 31.5041 -32.2341 -36.0728 31.6334 -32.1341 -36.2888 31.7258 
-32.4099 -36.0115 31.4996 -34.9141 -37.3381 33.8135 -35.102 -37.3524 33.7387 
-35.7527 -37.0958 33.8269 -35.6813 -36.9872 33.9425 -35.494 -37.1498 33.9604 
-35.8388 -37.0149 33.814 -35.3294 -37.2084 34.0035 -35.1217 -37.2677 33.9746 
-35.8698 -36.8296 33.8587 -36.0076 -36.7029 33.7772 -36.0615 -36.1742 33.7489 
-36.0445 -36.4619 33.7702 -36.8182 -35.6122 33.2783 -36.6343 -35.5007 33.3616 
-36.4053 -35.5902 33.4811 -36.2496 -35.9066 33.5909 -36.2308 -35.6903 33.5912 
-36.0869 -35.8633 33.7067 -36.8174 -35.4501 33.2789 -36.936 -35.3477 33.2432 
-36.9961 -35.1307 33.2504 -37.0709 -34.905 33.2658 -38.4361 -33.5283 33.3168 
-38.1939 -33.548 33.3833 -38.0201 -33.6442 33.4023 -37.0653 -34.6519 33.3322 
-37.2055 -34.1462 33.4447 -37.0751 -34.3859 33.4064 -37.7577 -33.6605 33.4597 
-37.215 -33.9144 33.5115 -37.3184 -33.7501 33.534 -37.4942 -33.6679 33.5174 
-38.6749 -33.2714 33.3071 -38.8161 -32.9557 33.3443 -39.0551 -32.6871 33.3373 
-40.2743 -32.2085 33.1598 -39.9596 -32.3304 33.1853 -39.5513 -32.3973 33.2634 
-39.7225 -32.3153 33.2437 -39.3131 -32.4157 33.3338 -41.6017 -31.3327 33.2892 
-40.2809 -31.988 33.2315 -40.3982 -31.8421 33.2635 -40.4054 -31.628 33.3498 
-40.7354 -31.5381 33.3408 -41.0004 -31.3704 33.3936 -41.2963 -31.2981 33.3933 
-41.5858 -31.2014 33.4062 -42.2931 -30.788 33.5565 -42.4592 -30.7097 33.5553 
-42.0292 -30.8998 33.5542 -41.7527 -30.9892 33.5526 -42.9014 -29.9785 33.6875 
-42.8855 -30.2496 33.6083 -42.7256 -30.4411 33.6119 -42.4521 -30.5323 33.689 
-43.6018 -29.4904 32.5958 -43.5613 -29.4758 32.8176 -43.5083 -29.3676 33.017 
-43.4836 -29.1314 33.1189 -43.3488 -29.1785 33.3631 -43.1604 -29.6215 33.5506 
-43.1859 -29.2289 33.5712 -43.1361 -29.4633 33.5944 -43.0037 -29.6448 33.6849 
-43.4607 -28.3454 30.9688 -43.549 -28.3252 31.1628 -43.6923 -28.4864 31.2064 
-43.7785 -28.6237 31.2519 -43.8079 -28.6619 31.4164 -43.8107 -28.6771 31.6263 
-43.79 -28.698 31.8313 -43.7257 -28.4596 32.0674 -43.7002 -28.5289 32.3703 
-43.2883 -28.2878 30.9135 -43.3723 -28.2121 31.0947 -43.3284 -28.2069 31.0749 
-43.6065 -29.2421 32.6732 -43.6313 -28.8796 32.7043 -43.6585 -28.5611 32.673 
-33.7654 -37.1679 33.2247 -34.0279 -37.2084 33.4969 -34.2674 -37.2558 33.4485 
-34.5039 -37.2971 33.6798 -34.7083 -37.3125 33.8695 -32.5784 -36.9579 32.8327 
-32.791 -37.0052 33.0723 -33.03 -37.0541 33.323 -33.2655 -37.0964 33.2828 
-33.5128 -37.1329 33.2528 -32.0277 -36.6798 32.1479 -31.9343 -36.7523 32.4121 
-32.1491 -36.8479 32.6304 -32.3542 -36.9079 32.8763 -32.5494 -35.8255 31.4658 
-32.39 -35.8403 31.5625 -31.9937 -36.345 31.8427 -31.9281 -36.4939 31.986 
-32.0515 -35.9279 31.7679 -32.2266 -35.8486 31.6752 -32.0025 -36.1592 31.7928 
-32.3327 -35.8272 31.6046 -34.8698 -37.2722 34.0366 -35.5503 -36.8092 34.1096 
-35.7264 -36.6938 33.9971 -35.5051 -37.0112 34.0767 -35.3931 -37.1025 34.0946 
-35.2304 -37.122 34.1484 -34.9901 -37.1427 34.2158 -35.8884 -36.5658 33.8867 
-35.9053 -35.9822 33.8577 -35.9011 -36.2813 33.8792 -36.5873 -35.2634 33.3902 
-36.4262 -35.2903 33.4727 -36.7588 -35.2318 33.3221 -36.2333 -35.4142 33.5839 
-36.0631 -35.5364 33.707 -35.8996 -35.6773 33.8414 -36.8437 -34.9103 33.3436 
-38.4593 -33.2743 33.3788 -38.2899 -33.3715 33.4042 -38.0375 -33.3889 33.4674 
-36.8392 -34.5039 33.4431 -36.8451 -34.6972 33.3887 -36.9347 -34.2437 33.4884 
-37.0018 -34.0051 33.5388 -37.5938 -33.4952 33.5427 -37.7755 -33.4037 33.5269 
-37.0831 -33.736 33.5928 -37.3321 -33.4958 33.5988 -38.5749 -33.085 33.3925 
-38.8365 -32.7437 33.4001 -38.6074 -32.8132 33.4622 -39.0941 -32.464 33.3951 
-38.8755 -32.5235 33.4587 -40.0573 -32.0695 33.2491 -39.8315 -32.1566 33.2694 
-39.5821 -32.1591 33.3354 -39.3612 -32.1912 33.3933 -39.1431 -32.241 33.4555 
-40.1575 -31.8229 33.3164 -40.5158 -31.39 33.4396 -40.2392 -31.4328 33.4552 
-40.1463 -31.6146 33.3966 -40.7504 -31.3354 33.4422 -40.8693 -31.18 33.5179 
-41.1429 -31.1671 33.5072 -41.3745 -31.1441 33.4964 -41.5218 -31.0425 33.5545 
-42.1548 -30.6981 33.6879 -41.8798 -30.792 33.6905 -41.5699 -30.8582 33.6913 
-42.7843 -29.7765 33.8187 -42.7092 -30.0117 33.812 -42.6873 -30.2384 33.7354 
-42.2267 -30.5277 33.7942 -42.343 -30.3896 33.8359 -42.4923 -30.2993 33.817 
-43.5527 -29.246 32.9057 -43.5276 -28.8505 33.1076 -43.5698 -29.0206 32.9067 
-43.4214 -28.8736 33.3436 -43.2824 -28.9839 33.5164 -43.1646 -29.0222 33.6489 
-43.0269 -29.3698 33.7082 -43.0458 -29.1437 33.7357 -42.8541 -29.4926 33.8237 
-43.4563 -28.1517 31.3565 -43.6447 -28.3211 31.4567 -43.7553 -28.5114 31.3859 
-43.7583 -28.4862 31.5932 -43.7646 -28.5127 31.8002 -43.6627 -28.2583 31.8423 
-43.6573 -28.1961 32.1544 -43.666 -28.2489 32.3776 -43.6488 -28.2829 32.6546 
-43.342 -28.177 31.1324 -43.3648 -28.1133 31.3134 -43.5855 -28.7926 32.9514 
-43.6074 -28.5692 32.9707 -43.6161 -28.3007 32.9466 -33.7761 -37.1691 33.5322 
-34.0403 -37.1926 33.8072 -34.2859 -37.2424 33.7494 -34.5208 -37.2675 33.9383 
-34.6914 -37.2692 34.0508 -32.5709 -36.9558 33.1229 -32.8034 -37.0059 33.3714 
-33.0441 -37.0588 33.6264 -33.2786 -37.1007 33.5873 -33.5229 -37.1357 33.5584 
-31.7223 -36.5832 32.2183 -31.6234 -36.7208 32.5004 -31.8901 -36.8124 32.695 
-32.115 -36.8682 32.9237 -32.3423 -36.911 33.1706 -32.4157 -35.8195 31.5555 
-32.3908 -35.8192 31.5717 -31.8115 -36.2643 31.9357 -31.7021 -36.409 32.0585 
-32.1574 -35.8515 31.7165 -32.0711 -35.8567 31.7721 -32.0073 -35.8642 31.811 
-31.8544 -36.0118 31.8846 -34.7529 -37.1946 34.2024 -35.5773 -36.526 34.1279 
-35.3995 -36.643 34.2407 -35.3558 -36.9282 34.2021 -35.7425 -36.4017 34.0061 
-35.1364 -36.9696 34.3 -34.7986 -37.0593 34.3596 -34.9628 -36.9869 34.3713 
-35.7382 -35.8062 33.9791 -35.7445 -36.104 33.9945 -36.5709 -35.0432 33.4286 
-36.252 -35.1819 33.5789 -36.3665 -35.0572 33.5246 -36.0712 -35.2142 33.7031 
-35.8906 -35.3763 33.8378 -35.7293 -35.5131 33.9699 -36.6552 -34.7304 33.4525 
-38.319 -33.1091 33.4675 -37.8767 -33.2264 33.5521 -38.0606 -33.1296 33.5341 
-36.7021 -34.3121 33.5418 -36.6245 -34.5129 33.5151 -36.7967 -34.1083 33.5676 
-36.7828 -33.8756 33.6347 -37.608 -33.2354 33.6082 -37.0737 -33.506 33.653 
-36.8643 -33.5934 33.6821 -37.3436 -33.246 33.6588 -37.1443 -33.314 33.6831 
-38.3513 -32.848 33.5367 -38.4568 -32.6697 33.5609 -38.633 -32.5659 33.5355 
-38.7375 -32.3927 33.5575 -38.9095 -32.2848 33.5303 -39.8452 -31.9341 33.3438 
-39.6337 -31.939 33.3963 -39.4155 -31.9683 33.4552 -39.0113 -32.1061 33.555 
-39.1788 -31.9949 33.5304 -39.9611 -31.7125 33.3962 -40.3326 -31.2201 33.5333 
-40.6026 -31.1905 33.5271 -39.9538 -31.5015 33.4768 -40.0574 -31.2674 33.5473 
-40.6957 -30.999 33.619 -40.9838 -30.9955 33.6217 -41.2926 -30.9844 33.6224 
-42.0036 -30.5935 33.812 -41.7256 -30.6528 33.8207 -41.3208 -30.8075 33.7446 
-41.4444 -30.6676 33.8303 -42.6377 -29.6126 33.9372 -42.5539 -29.9212 33.9184 
-42.5703 -30.1329 33.8514 -42.1384 -30.3734 33.9102 -42.3611 -30.1685 33.9285 
-43.5655 -28.669 33.0918 -43.5121 -28.6481 33.2688 -43.3348 -28.7852 33.5378 
-43.4282 -28.5754 33.5322 -43.2221 -28.8454 33.6602 -43.0789 -28.9334 33.7796 
-42.9131 -29.27 33.8215 -42.8964 -29.0665 33.8911 -42.7328 -29.2985 33.9436 
-43.3842 -28.0559 31.4708 -43.3901 -28.0237 31.5769 -43.5221 -28.1025 31.6454 
-43.5326 -28.0337 31.8755 -43.5687 -28.0338 32.0875 -43.5867 -28.0308 32.3479 
-43.5916 -28.048 32.6154 -43.5793 -28.0631 32.9016 -43.5649 -28.5198 33.1897 
-43.5709 -28.3115 33.2528 -43.5527 -28.0734 33.2039 -33.7758 -37.1588 33.8366 
-34.0209 -37.1479 34.1128 -34.3267 -37.1901 34.0716 -34.5749 -37.2195 34.1318 
-32.5764 -36.9564 33.4216 -32.8137 -37.0103 33.6745 -33.0469 -37.0652 33.9286 
-33.2811 -37.1041 33.8856 -33.5218 -37.1333 33.857 -31.4813 -36.3714 32.1499 
-31.4221 -36.5702 32.3162 -31.3587 -36.6787 32.465 -31.4068 -36.767 32.6877 
-31.6776 -36.803 32.7579 -31.8732 -36.8447 32.9629 -32.1032 -36.8778 33.2103 
-32.3421 -36.9131 33.4671 -31.6194 -36.2716 32.0341 -31.6573 -36.0909 31.9898 
-31.9079 -35.8717 31.8769 -31.7669 -35.8944 31.9491 -34.5494 -37.1035 34.3212 
-35.5843 -36.2283 34.1238 -35.4162 -36.3487 34.2449 -35.2372 -36.4585 34.3559 
-35.2081 -36.7376 34.3421 -35.0155 -36.8072 34.4261 -34.6563 -36.9555 34.4741 
-34.8284 -36.8786 34.4743 -35.5705 -35.6392 34.0993 -35.5795 -35.9309 34.1109 
-36.4217 -34.836 33.5334 -36.2058 -34.9432 33.6366 -35.8821 -35.0944 33.8482 
-36.0184 -34.9624 33.7564 -35.723 -35.2284 33.9692 -35.5629 -35.3545 34.0935 
-36.4854 -34.621 33.5464 -38.1672 -32.9498 33.5586 -37.8959 -32.9632 33.6206 
-36.5716 -34.103 33.6437 -36.4619 -34.4024 33.6101 -36.5903 -33.6831 33.7365 
-36.583 -33.8938 33.6901 -37.622 -32.9828 33.6715 -37.4164 -33.0552 33.6914 
-36.9492 -33.3824 33.7102 -36.7141 -33.3696 33.7695 -37.2156 -33.1225 33.7138 
-36.9547 -33.1224 33.7658 -38.1995 -32.6872 33.6307 -38.4849 -32.4202 33.6361 
-38.7817 -32.1578 33.625 -39.6943 -31.7201 33.4588 -39.2826 -31.8189 33.5546 
-39.4543 -31.7223 33.5289 -39.0434 -31.851 33.6344 -40.1335 -31.0436 33.6236 
-40.4161 -31.0132 33.6166 -39.7261 -31.4792 33.5347 -39.8325 -31.3297 33.5641 
-39.8283 -31.1133 33.6427 -40.776 -30.7866 33.7274 -40.4882 -30.8097 33.7025 
-41.0839 -30.819 33.7299 -41.8496 -30.4453 33.9303 -41.5616 -30.4824 33.9344 
-41.1758 -30.6532 33.8301 -41.2709 -30.4736 33.9275 -42.4894 -29.4333 34.0519 
-42.3844 -29.7518 34.035 -42.3768 -29.9669 33.9906 -42.1677 -30.1983 33.9874 
-41.9603 -30.2072 34.0278 -42.1798 -29.9982 34.0499 -43.5259 -28.4438 33.3866 
-43.2988 -28.677 33.6685 -43.4932 -28.3955 33.5503 -43.4466 -28.3321 33.7429 
-43.3214 -28.5074 33.7956 -43.1556 -28.7014 33.8425 -42.9778 -28.8508 33.9209 
-42.7729 -28.902 34.0545 -42.7466 -29.0974 33.9911 -42.5817 -29.137 34.0787 
-43.3931 -27.964 31.7193 -43.4128 -27.9549 31.7774 -43.4193 -27.8978 31.9948 
-43.4577 -27.8705 32.259 -43.4825 -27.865 32.5341 -43.4884 -27.8689 32.8189 
-43.4777 -27.8754 33.1205 -43.515 -28.0778 33.5178 -43.5201 -28.2674 33.5475 
-43.4524 -27.8836 33.4407 -33.7473 -37.1341 34.1266 -33.9451 -37.0716 34.4229 
-34.2502 -37.0801 34.3566 -32.5807 -36.9606 33.7243 -32.8127 -37.018 33.9793 
-33.0336 -37.0701 34.2309 -33.2696 -37.1036 34.1771 -33.5019 -37.1246 34.1385 
-31.5003 -36.1703 32.0715 -31.295 -36.1176 32.1574 -31.1818 -36.3992 32.257 
-31.2188 -36.5878 32.3702 -31.1606 -36.6777 32.5091 -31.1076 -36.7574 32.7186 
-31.3425 -36.8197 32.9614 -31.6194 -36.8297 32.9687 -31.8522 -36.858 33.2325 
-32.0971 -36.8816 33.5001 -32.3406 -36.9166 33.7655 -31.5037 -35.9598 32.0682 
-31.7016 -35.9017 31.9862 -34.4308 -36.9275 34.5462 -35.4157 -36.051 34.2347 
-35.2427 -36.1641 34.35 -35.0604 -36.269 34.4555 -35.0493 -36.5546 34.4536 
-34.8531 -36.6433 34.5333 -34.6293 -36.7431 34.5933 -35.3985 -35.4717 34.2128 
-35.4074 -35.7579 34.222 -36.2899 -34.6288 33.6415 -36.0716 -34.7303 33.7502 
-35.8902 -34.8312 33.8602 -35.7252 -34.9518 33.9739 -35.5604 -35.0751 34.0927 
-35.3931 -35.1908 34.2083 -37.9205 -32.6914 33.694 -37.693 -32.7842 33.7106 
-36.3947 -33.91 33.7521 -36.296 -34.2172 33.7257 -36.2903 -34.424 33.681 
-36.4402 -33.4546 33.828 -36.3647 -33.6766 33.8092 -37.4846 -32.868 33.7257 
-37.2165 -32.8698 33.7707 -36.5204 -33.2224 33.847 -36.6887 -33.1195 33.8237 
-36.7664 -32.9396 33.8395 -36.9445 -32.8546 33.8207 -38.2523 -32.4642 33.6907 
-38.0404 -32.4615 33.7382 -38.529 -32.1203 33.7266 -38.2652 -32.2661 33.7508 
-38.7444 -31.905 33.7281 -39.5566 -31.5574 33.5543 -39.3187 -31.5745 33.6281 
-39.1075 -31.6119 33.6928 -38.911 -31.6325 33.7577 -40.2123 -30.8227 33.6991 
-39.9291 -30.8547 33.7122 -39.5812 -31.3244 33.629 -39.6302 -30.9125 33.7461 
-39.6112 -31.1131 33.689 -40.7021 -30.5936 33.81 -40.5246 -30.6171 33.7822 
-40.9131 -30.6321 33.8156 -40.2754 -30.6141 33.7712 -41.6636 -30.2789 34.0315 
-41.3754 -30.2881 34.0235 -40.9831 -30.4492 33.9049 -41.0492 -30.2213 34.0066 
-42.3389 -29.2614 34.1628 -42.2484 -29.5355 34.137 -42.1712 -29.7606 34.1178 
-41.7307 -30.061 34.1162 -41.9436 -29.9998 34.112 -42.0229 -29.8511 34.1397 
-43.3517 -28.3392 33.9484 -43.423 -28.1936 33.9854 -43.4724 -28.106 33.8221 
-43.1766 -28.457 34.0427 -42.9693 -28.6725 34.0477 -42.5665 -28.9381 34.1573 
-42.6377 -28.7936 34.1884 -42.7886 -28.6875 34.1673 -42.42 -29.0436 34.1904 
-43.3909 -27.9441 31.7805 -43.3784 -27.8882 31.9621 -43.3741 -27.8554 32.0362 
-43.3537 -27.8084 32.1876 -43.3149 -27.7409 32.3636 -43.3247 -27.7369 32.4153 
-43.3449 -27.7254 32.6951 -43.346 -27.7209 32.9912 -43.3329 -27.7232 33.308 
-43.4076 -27.8948 33.7924 -43.3085 -27.7339 33.6334 -33.6803 -37.1062 34.3568 
-33.9855 -36.9447 34.6923 -34.1776 -36.9674 34.5882 -33.6937 -37.0306 34.6525 
-32.5743 -36.9678 34.03 -32.7962 -37.0255 34.2805 -33 -37.0667 34.5472 
-33.2448 -37.0947 34.459 -33.4763 -37.1033 34.4086 -31.3272 -35.9288 32.1655 
-31.1537 -35.9777 32.2066 -31.0115 -36.1639 32.2358 -31.4499 -35.8973 32.1049 
-30.902 -36.3643 32.2905 -31.0144 -36.5421 32.3733 -30.905 -36.6472 32.5261 
-30.8167 -36.739 32.7383 -31.0563 -36.815 32.9698 -31.3084 -36.8469 33.2372 
-31.5864 -36.8488 33.2374 -31.8399 -36.8636 33.5179 -32.0927 -36.8846 33.7931 
-32.3306 -36.9219 34.0587 -31.616 -35.8916 32.0246 -31.5231 -35.8872 32.0724 
-34.2607 -36.824 34.7088 -34.4246 -36.738 34.684 -35.2357 -35.869 34.3368 
-35.0542 -35.9731 34.444 -34.8666 -36.0728 34.5445 -34.8707 -36.3662 34.5504 
-34.673 -36.4585 34.636 -34.4735 -36.5344 34.719 -35.2181 -35.2962 34.3162 
-35.2256 -35.5795 34.3244 -36.1296 -34.4486 33.7616 -35.9263 -34.5678 33.8653 
-35.7416 -34.6741 33.9792 -35.5654 -34.7968 34.095 -35.3923 -34.9122 34.2073 
-35.2145 -35.0165 34.3122 -37.751 -32.5453 33.7645 -37.4619 -32.6428 33.7834 
-36.1533 -34.0061 33.8317 -36.2194 -33.7855 33.8428 -36.0917 -34.2256 33.8207 
-36.2732 -33.2246 33.919 -36.1895 -33.5446 33.8963 -37.0309 -32.6797 33.8395 
-37.2108 -32.6083 33.8266 -36.4948 -32.9384 33.902 -36.7541 -32.6605 33.8912 
-37.8171 -32.3016 33.8189 -38.0372 -32.2401 33.8047 -38.3359 -32.0137 33.8124 
-38.5354 -31.915 33.7931 -38.1363 -32.093 33.8294 -38.6461 -31.7157 33.8194 
-39.3627 -31.3504 33.6868 -39.1482 -31.3883 33.7489 -38.7524 -31.5128 33.8462 
-38.9168 -31.4129 33.8225 -40.0079 -30.6232 33.7752 -39.7439 -30.6555 33.7957 
-39.3933 -31.1331 33.7439 -39.4903 -30.6848 33.8388 -39.398 -30.888 33.8101 
-40.5489 -30.4644 33.842 -40.7249 -30.4381 33.8733 -40.3334 -30.4202 33.837 
-40.068 -30.4052 33.835 -41.4658 -30.0976 34.1081 -41.2086 -30.0857 34.09 
-40.7365 -30.215 33.9522 -40.9956 -30.0085 34.0783 -40.7483 -29.9487 34.0372 
-42.1954 -29.0591 34.2762 -42.0919 -29.3512 34.2333 -41.9996 -29.6259 34.1973 
-41.5213 -29.8776 34.1828 -41.7961 -29.8166 34.1867 -43.3011 -28.2364 34.1432 
-43.3927 -28.1165 34.1388 -43.4407 -28.0753 34.0476 -43.4041 -27.9708 34.0431 
-42.9022 -28.4551 34.2515 -43.1366 -28.3124 34.2306 -42.4125 -28.826 34.2771 
-42.6313 -28.6244 34.2821 -43.3061 -27.73 32.403 -43.3007 -27.7226 32.4345 
-43.2693 -27.6901 32.6336 -43.2328 -27.6577 32.7757 -43.2072 -27.6411 32.8615 
-43.1612 -27.6106 32.9706 -43.1555 -27.6028 33.1303 -43.1418 -27.603 33.468 
-43.2767 -27.7453 33.8911 -43.2788 -27.8245 34.089 -43.1244 -27.6265 33.8141 
-34.1311 -36.8833 34.7214 -34.0565 -36.749 34.8418 -33.8453 -36.8869 34.8506 
-33.4259 -37.0751 34.6332 -33.6703 -36.9351 34.8934 -33.4505 -36.9952 34.8778 
-32.5517 -36.9749 34.3516 -32.7721 -37.0289 34.5207 -32.8433 -37.0377 34.7667 
-33.0468 -37.0581 34.8052 -33.2285 -37.0665 34.7268 -31.0895 -35.9869 32.2244 
-30.8777 -35.9804 32.2858 -30.803 -36.1947 32.275 -30.695 -36.3326 32.3158 
-30.7759 -36.4961 32.386 -30.609 -36.5862 32.5342 -30.4987 -36.7319 32.7864 
-30.7742 -36.8143 32.991 -31.027 -36.8496 33.2417 -31.2928 -36.8586 33.5257 
-31.5706 -36.8573 33.5245 -31.8357 -36.8668 33.8112 -32.0895 -36.8894 34.0804 
-32.3019 -36.9236 34.3004 -34.2785 -36.6164 34.7912 -35.0417 -35.6784 34.4293 
-34.8471 -35.7716 34.5306 -34.6568 -35.8724 34.6275 -34.6772 -36.1698 34.6394 
-34.4861 -36.261 34.7317 -34.2946 -36.3524 34.8217 -35.0277 -35.1088 34.4084 
-35.0323 -35.3905 34.4166 -35.9674 -34.345 33.8697 -35.776 -34.3693 33.9838 
-35.5761 -34.5148 34.0999 -35.3956 -34.6333 34.2087 -35.2143 -34.7378 34.3109 
-35.0261 -34.8296 34.4046 -37.5429 -32.3745 33.8348 -37.3092 -32.4438 33.8478 
-36.0054 -33.7847 33.9348 -35.9261 -34.1075 33.9282 -36.2175 -32.9593 33.9739 
-36.0075 -33.097 34.0251 -36.0577 -33.3482 33.9737 -35.9799 -33.5288 33.9797 
-37.0257 -32.4073 33.892 -36.4788 -32.6493 33.948 -36.2763 -32.7283 33.9876 
-36.7501 -32.3784 33.9369 -36.5518 -32.4413 33.9628 -37.6011 -32.1183 33.8865 
-37.8945 -32.0477 33.8734 -38.1175 -31.8591 33.8913 -38.3985 -31.7755 33.8645 
-38.5122 -31.5027 33.9097 -38.9996 -31.2456 33.8408 -39.1585 -31.1491 33.8142 
-38.76 -31.2637 33.9094 -39.8058 -30.4251 33.8469 -39.5909 -30.4839 33.8653 
-39.2382 -30.9827 33.8325 -39.3433 -30.4576 33.9297 -39.2281 -30.7587 33.8925 
-40.444 -30.2356 33.9027 -40.1285 -30.1899 33.8918 -39.8528 -30.1918 33.898 
-41.2664 -29.9032 34.1587 -41.0766 -29.9137 34.1276 -40.4572 -29.9598 33.9786 
-40.8827 -29.8198 34.1103 -40.6598 -29.6791 34.0907 -40.451 -29.7 34.0403 
-42.2045 -28.8652 34.3373 -42.0033 -28.8789 34.388 -41.8845 -29.1677 34.3343 
-41.8745 -29.4232 34.2742 -41.7708 -29.5798 34.2543 -41.555 -29.6307 34.2547 
-41.2891 -29.6712 34.2294 -43.2878 -28.0776 34.2635 -43.1915 -28.1871 34.2931 
-43.3893 -28.0306 34.1649 -43.2994 -27.9463 34.2254 -42.5826 -28.3904 34.4073 
-42.8171 -28.2667 34.4053 -43.0232 -28.2344 34.3527 -42.4249 -28.5949 34.3717 
-42.1954 -28.6852 34.4012 -43.111 -27.589 33.0853 -43.0363 -27.5527 33.1832 
-42.9541 -27.5192 33.2859 -42.9104 -27.5 33.318 -42.9228 -27.5066 33.621 
-43.1726 -27.7008 34.0321 -43.1288 -27.7342 34.179 -43.132 -27.8394 34.2986 
-42.9641 -27.5505 33.8612 -42.9764 -27.6207 34.0774 -33.9027 -36.5501 34.9992 
-34.1001 -36.456 34.9072 -33.8597 -36.7466 34.9644 -33.7399 -36.8296 34.9803 
-33.5715 -36.849 35.0394 -33.1692 -37.0046 34.9863 -33.3389 -36.877 35.1299 
-32.6448 -37.0018 34.6263 -32.4019 -36.9465 34.6027 -32.6308 -36.9866 34.8494 
-32.8097 -37.0003 35.0033 -32.9709 -37.0295 34.9522 -30.839 -35.9858 32.2931 
-30.6234 -36.1489 32.3165 -30.5456 -36.311 32.3487 -30.5962 -36.4331 32.387 
-30.4169 -36.3892 32.4464 -30.3287 -36.5767 32.6016 -30.2375 -36.6891 32.7463 
-30.252 -36.7959 32.9764 -30.5409 -36.8243 33.0381 -30.7524 -36.8562 33.2528 
-31.0124 -36.8643 33.5264 -31.2894 -36.8617 33.8238 -31.5671 -36.8606 33.8215 
-31.8406 -36.8715 34.1098 -32.1075 -36.8988 34.3737 -34.8335 -35.4747 34.5136 
-34.6086 -35.5495 34.6175 -34.4467 -35.6916 34.7043 -34.4735 -35.9717 34.722 
-34.2834 -36.0603 34.8202 -34.0968 -36.1627 34.919 -34.8299 -34.9105 34.491 
-34.8314 -35.1897 34.4987 -35.5776 -34.2399 34.1138 -35.7267 -34.1196 34.0364 
-35.3991 -34.3557 34.2132 -35.2157 -34.4593 34.3116 -35.0261 -34.5507 34.4033 
-34.8295 -34.6319 34.4879 -37.2907 -32.1889 33.902 -35.8076 -33.619 34.045 
-35.7751 -33.8898 34.033 -36.0497 -32.8053 34.0463 -35.8318 -32.8873 34.1139 
-35.7915 -33.1074 34.1051 -35.8483 -33.3398 34.0575 -37.0298 -32.1313 33.9405 
-36.8263 -32.1801 33.9582 -36.3318 -32.4792 34.0072 -36.1063 -32.5372 34.0629 
-36.6024 -32.2125 33.9893 -36.4138 -32.2748 34.0179 -37.6499 -31.873 33.9359 
-37.3853 -31.9179 33.947 -37.8632 -31.8149 33.9314 -38.2145 -31.5897 33.9423 
-37.9425 -31.6259 33.9659 -38.5071 -31.2628 33.9724 -38.2826 -31.3345 33.993 
-39.003 -31.003 33.9023 -38.7662 -31.0176 33.9705 -38.6029 -31.0999 33.9919 
-39.5707 -30.2419 33.9242 -39.3279 -30.1977 33.9877 -39.0902 -30.3137 34.0333 
-39.1053 -30.5713 33.9728 -39.009 -30.753 33.9612 -40.1744 -29.9567 33.9484 
-39.9053 -29.9603 33.9439 -39.6497 -29.9804 33.9638 -41.0168 -29.6938 34.1776 
-40.1938 -29.7061 34.0045 -40.792 -29.6296 34.1402 -40.6405 -29.5097 34.1316 
-40.4469 -29.4572 34.0983 -40.211 -29.4655 34.0591 -41.7402 -28.9379 34.4244 
-41.8106 -28.7364 34.4646 -41.9696 -28.6603 34.4585 -41.6542 -29.123 34.3913 
-41.6151 -29.3461 34.3299 -41.3197 -29.418 34.3077 -41.0396 -29.4326 34.2626 
-43.1777 -27.9714 34.3439 -43.1074 -28.0824 34.3774 -42.2734 -28.4402 34.4623 
-42.3402 -28.1947 34.5111 -42.6303 -28.1444 34.4833 -42.887 -28.101 34.4443 
-42.0489 -28.5054 34.4857 -42.7489 -27.4343 33.4218 -42.7281 -27.4265 33.4302 
-42.7197 -27.4288 33.6286 -42.7841 -27.4876 33.8704 -43.0147 -27.7236 34.2703 
-42.9504 -27.784 34.3689 -42.9703 -27.9274 34.4194 -42.7029 -27.5404 34.1294 
-42.8323 -27.6698 34.2912 -33.915 -36.2711 35.017 -33.7257 -36.3718 35.1161 
-33.6966 -36.6564 35.0843 -33.4734 -36.7016 35.1872 -33.1449 -36.9131 35.1835 
-32.9659 -36.9577 35.1421 -33.1995 -36.8152 35.2681 -33.3081 -36.7335 35.2664 
-32.1287 -36.9013 34.688 -32.4102 -36.9192 34.9668 -32.6488 -36.9533 35.0664 
-32.7761 -36.9427 35.1692 -30.792 -35.9904 32.302 -30.4884 -36.0666 32.3736 
-30.4639 -36.2158 32.3712 -30.6182 -35.9986 32.344 -30.3156 -36.1392 32.4601 
-30.1514 -36.3977 32.5564 -30.1304 -36.5868 32.657 -30.0338 -36.6797 32.8044 
-29.9145 -36.8056 33.0461 -30.1386 -36.8813 33.2688 -30.4702 -36.862 33.2547 
-30.7319 -36.8725 33.5272 -31.0085 -36.8669 33.8215 -31.294 -36.8621 34.1277 
-31.572 -36.8632 34.1251 -31.8515 -36.8771 34.4152 -34.6281 -35.2579 34.5867 
-34.4066 -35.4756 34.6967 -34.4343 -35.2969 34.6686 -34.2611 -35.5108 34.768 
-34.2667 -35.7692 34.7982 -34.0535 -35.8376 34.9112 -33.8971 -35.9865 35.0097 
-34.628 -34.7058 34.5678 -34.6291 -34.9825 34.5734 -35.5838 -33.9791 34.1269 
-35.4032 -34.0822 34.2195 -35.2174 -34.1818 34.3135 -35.0261 -34.2718 34.403 
-34.8291 -34.3526 34.4866 -34.6272 -34.4271 34.5656 -37.1241 -31.9408 33.9654 
-35.6368 -33.4442 34.14 -35.6076 -33.7148 34.1329 -35.8795 -32.6194 34.1279 
-35.6671 -32.7053 34.1973 -35.6115 -32.9839 34.1912 -35.6688 -33.222 34.1447 
-36.8824 -31.9561 33.99 -36.6781 -32.0133 34.0101 -36.1898 -32.2481 34.08 
-35.9373 -32.3442 34.1444 -36.4151 -32.0007 34.0643 -37.6884 -31.6479 33.981 
-37.4425 -31.6859 33.9891 -37.1889 -31.7137 34.0025 -38.0092 -31.389 34.012 
-37.738 -31.422 34.0247 -38.3643 -31.0672 34.0436 -38.0701 -31.1408 34.0615 
-38.8489 -30.845 33.9877 -38.6049 -30.8469 34.0499 -39.4361 -30.0232 33.9951 
-39.2067 -29.9918 34.0641 -38.9451 -30.0898 34.1272 -38.8518 -30.3222 34.1059 
-38.8516 -30.587 34.0454 -39.9319 -29.723 33.9922 -39.715 -29.7765 33.9954 
-39.4401 -29.7536 34.0497 -40.7597 -29.4248 34.1948 -39.9574 -29.4771 34.0441 
-40.548 -29.3594 34.152 -40.4 -29.2638 34.1439 -40.2335 -29.2596 34.1151 
-40.0053 -29.2514 34.1 -41.5518 -28.6999 34.5 -41.5166 -28.9663 34.4446 
-41.7667 -28.4655 34.5302 -41.5009 -29.1437 34.4014 -41.3415 -29.1947 34.3822 
-41.0629 -29.1675 34.3581 -40.7799 -29.1742 34.2923 -42.0129 -28.2498 34.5413 
-42.4057 -27.9566 34.5233 -42.1 -27.9705 34.5529 -42.6956 -27.9453 34.4859 
-42.611 -27.3943 33.4486 -42.5197 -27.3698 33.4865 -42.5931 -27.4022 33.7361 
-42.5459 -27.4292 33.9469 -42.7536 -27.7795 34.4209 -42.489 -27.4761 34.1479 
-42.554 -27.6053 34.3237 -33.7205 -36.0779 35.1117 -33.5357 -36.1764 35.2176 
-33.5295 -36.464 35.2156 -33.3381 -36.546 35.3063 -33.02 -36.8145 35.3166 
-32.8385 -36.8695 35.2851 -33.1474 -36.6506 35.3672 -31.8549 -36.8771 34.7214 
-32.1124 -36.8814 34.9902 -32.3146 -36.8582 35.2083 -32.5954 -36.8514 35.2775 
-30.562 -36.0059 32.3607 -30.4894 -36.0178 32.3917 -30.2927 -36.054 32.4935 
-30.0495 -36.1458 32.5758 -30.3793 -36.0391 32.4564 -29.9504 -36.3548 32.6148 
-29.9636 -36.5186 32.6749 -29.7778 -36.5908 32.8366 -29.6306 -36.7244 33.04 
-29.8691 -36.8949 33.1648 -29.7558 -36.8581 33.2275 -29.9458 -36.899 33.1736 
-29.9547 -36.9168 33.2542 -29.9568 -36.9007 33.4438 -30.2333 -36.8939 33.562 
-30.4538 -36.8836 33.533 -30.7294 -36.8746 33.818 -31.0134 -36.8653 34.1229 
-31.3012 -36.8636 34.4328 -31.5791 -36.8663 34.4314 -34.4323 -35.0474 34.6544 
-34.2873 -35.3313 34.7352 -34.2526 -35.1202 34.7347 -34.093 -35.2569 34.8207 
-34.0721 -35.5446 34.8637 -33.8586 -35.763 35.0014 -33.8836 -35.5781 34.9618 
-33.7127 -35.804 35.0836 -34.4243 -34.4987 34.6438 -34.4274 -34.7763 34.6471 
-35.4133 -33.8095 34.2247 -35.2209 -33.9047 34.3155 -35.026 -33.9927 34.4029 
-34.8273 -34.0728 34.4856 -34.625 -34.147 34.5642 -34.4211 -34.2185 34.642 
-36.9656 -31.7612 34.0158 -35.462 -33.2251 34.2339 -35.4313 -33.53 34.229 
-35.7068 -32.4349 34.2144 -35.5243 -32.5414 34.2697 -35.462 -32.757 34.2715 
-35.4068 -32.9696 34.2754 -36.6798 -31.7366 34.0608 -36.002 -32.1086 34.1573 
-36.1587 -32.0007 34.1272 -35.766 -32.1171 34.2373 -36.2312 -31.8187 34.1391 
-36.4029 -31.724 34.1148 -37.4747 -31.4582 34.0323 -37.2547 -31.5184 34.0347 
-36.9573 -31.486 34.0686 -37.7893 -31.182 34.0718 -37.5076 -31.2155 34.0786 
-38.1189 -30.8904 34.1139 -38.3452 -30.8302 34.1032 -37.8407 -30.9364 34.1213 
-38.4373 -30.6716 34.1264 -38.6045 -30.5959 34.1102 -39.0334 -29.8589 34.1478 
-39.1902 -29.751 34.1185 -38.8085 -29.8721 34.2217 -38.6807 -30.1831 34.1864 
-38.686 -30.4257 34.1293 -39.6721 -29.5254 34.0544 -39.2626 -29.5808 34.1322 
-39.4237 -29.4875 34.1079 -40.4987 -29.159 34.2175 -39.7592 -29.268 34.1036 
-40.2818 -29.1214 34.1735 -40.0729 -29.0639 34.1691 -39.8216 -29.0582 34.1663 
-41.4709 -28.4296 34.5605 -41.2593 -28.4997 34.5505 -41.2687 -28.7964 34.487 
-41.3628 -29.0308 34.4345 -41.7266 -28.1752 34.5807 -41.5048 -28.2106 34.5902 
-41.1708 -28.9958 34.4316 -40.974 -28.9464 34.4228 -40.7986 -28.9546 34.3829 
-40.5117 -28.8913 34.3367 -41.8023 -27.9674 34.5818 -42.4795 -27.7624 34.4686 
-42.16 -27.7189 34.5035 -41.86 -27.7281 34.546 -42.5224 -27.3712 33.4642 
-42.5059 -27.3681 33.4677 -42.4713 -27.3593 33.4774 -42.3573 -27.3424 33.7132 
-42.3114 -27.3269 33.5265 -42.3158 -27.3803 34.0096 -42.3111 -27.4654 34.2394 
-42.2889 -27.5836 34.4021 -33.5026 -35.8481 35.2008 -33.3415 -35.9961 35.3063 
-33.3528 -36.2804 35.3185 -33.163 -36.381 35.4088 -32.8075 -36.7002 35.4435 
-32.9904 -36.6779 35.4181 -32.9561 -36.4916 35.4856 -31.5816 -36.8675 34.7345 
-31.8438 -36.8651 35.0166 -32.0824 -36.8351 35.2696 -32.3381 -36.7563 35.4678 
-32.5811 -36.7089 35.4958 -30.0921 -36.0853 32.5736 -29.8402 -36.2385 32.6649 
-29.9879 -36.1035 32.6117 -30.0468 -36.0923 32.5893 -29.8219 -36.4208 32.698 
-29.6527 -36.3414 32.7947 -29.5239 -36.5458 32.9273 -29.43 -36.6654 33.0581 
-29.4528 -36.7897 33.2484 -29.878 -36.9127 33.2454 -29.9019 -36.9212 33.1974 
-29.6568 -36.8808 33.5045 -29.9106 -36.8939 33.7835 -30.1934 -36.8904 33.7919 
-30.4615 -36.883 33.8146 -30.7346 -36.8701 34.1141 -31.0213 -36.8646 34.4258 
-31.3061 -36.8659 34.7348 -34.2346 -34.8517 34.7292 -34.0514 -34.9432 34.8165 
-33.8657 -35.0361 34.9129 -33.8801 -35.3209 34.9317 -33.74 -35.6145 35.041 
-33.7027 -35.397 35.0309 -33.5444 -35.5372 35.1329 -34.2198 -34.2927 34.7232 
-34.2259 -34.5737 34.7254 -35.228 -33.6255 34.3177 -35.0265 -33.7127 34.4028 
-34.8238 -33.7919 34.484 -34.6195 -33.8659 34.5618 -34.4149 -33.9369 34.6392 
-34.2116 -34.0094 34.7204 -35.2417 -33.0648 34.3333 -35.2387 -33.3416 34.3217 
-35.4825 -32.2739 34.3148 -35.3081 -32.5238 34.3482 -35.257 -32.8032 34.344 
-36.4878 -31.5385 34.1306 -36.6706 -31.453 34.1128 -35.9816 -31.836 34.2106 
-35.7354 -31.8546 34.2878 -35.5354 -31.9587 34.3371 -36.2199 -31.5433 34.1943 
-37.2062 -31.271 34.0855 -36.7577 -31.2741 34.1316 -36.9399 -31.2081 34.12 
-37.557 -30.9662 34.1261 -37.2717 -30.9999 34.1322 -37.8906 -30.6892 34.173 
-38.1878 -30.6272 34.1682 -37.6068 -30.7192 34.1747 -38.431 -30.4114 34.1873 
-39.0235 -29.606 34.2098 -38.8077 -29.6634 34.2733 -38.5872 -29.709 34.3297 
-38.576 -29.9754 34.2664 -38.4535 -30.1458 34.2515 -39.5136 -29.287 34.1375 
-39.2544 -29.3523 34.1928 -40.2114 -28.9094 34.261 -39.6128 -29.1008 34.172 
-39.8952 -28.8609 34.2502 -39.599 -28.8927 34.2551 -41.2512 -28.2306 34.5946 
-40.9943 -28.2559 34.5857 -40.9978 -28.5331 34.534 -40.997 -28.7788 34.4754 
-41.5283 -27.9586 34.6029 -41.2648 -27.969 34.6132 -40.8264 -28.7979 34.4458 
-40.6227 -28.7268 34.4279 -40.4182 -28.6564 34.4116 -40.2393 -28.6732 34.3705 
-41.5719 -27.7118 34.5743 -42.0855 -27.5281 34.4206 -41.8936 -27.5224 34.4553 
-41.6276 -27.4911 34.4927 -42.1311 -27.2841 33.5467 -42.0976 -27.2762 33.5506 
-42.1002 -27.2837 33.8167 -42.071 -27.3392 34.1186 -42.1406 -27.4542 34.3192 
-33.3071 -35.7684 35.2939 -33.3342 -35.5771 35.2486 -33.1578 -35.8094 35.3778 
-33.1618 -36.0869 35.4074 -32.9731 -36.1865 35.5061 -32.6526 -36.5872 35.5789 
-32.7673 -36.4982 35.5699 -32.7868 -36.2808 35.5984 -31.575 -36.8635 35.0275 
-31.8152 -36.8388 35.2938 -32.0218 -36.7586 35.5605 -32.2396 -36.6137 35.7232 
-32.4721 -36.5906 35.6351 -29.8812 -36.1247 32.6608 -29.7909 -36.1463 32.7146 
-29.7181 -36.1618 32.7682 -29.5782 -36.189 32.8519 -29.4257 -36.3526 32.9198 
-29.3128 -36.52 33.0235 -29.293 -36.6744 33.1421 -29.1777 -36.745 33.3085 
-29.2928 -36.882 33.5764 -29.6175 -36.9023 33.8298 -29.9002 -36.8874 34.1006 
-30.1786 -36.8798 34.09 -30.4575 -36.8751 34.1008 -30.7409 -36.8664 34.4143 
-31.0286 -36.8666 34.7279 -31.3058 -36.8668 35.0296 -34.0343 -34.6566 34.8124 
-33.8474 -34.7462 34.9055 -33.662 -34.8376 35.0033 -33.679 -35.122 35.0141 
-33.5012 -35.2184 35.115 -33.3198 -35.3086 35.218 -34.0132 -34.0889 34.8071 
-34.0245 -34.3735 34.8097 -35.0289 -33.4313 34.4032 -34.819 -33.5088 34.4818 
-34.6098 -33.582 34.5583 -34.404 -33.6541 34.6343 -34.2003 -33.725 34.7144 
-33.9957 -33.7986 34.8027 -35.0454 -32.8758 34.4107 -35.0339 -33.1511 34.4059 
-35.29 -32.0426 34.3984 -35.246 -32.2745 34.3898 -35.0712 -32.6049 34.4154 
-35.1065 -32.3819 34.4201 -36.4794 -31.2584 34.1851 -35.9591 -31.5701 34.2641 
-35.8073 -31.677 34.2932 -35.5919 -31.6729 34.3607 -35.3432 -31.7661 34.4143 
-36.2161 -31.2684 34.2446 -36.0206 -31.3505 34.2844 -37.0336 -31.0455 34.1406 
-36.746 -30.9966 34.1839 -37.3182 -30.7422 34.1789 -37.004 -30.7826 34.1911 
-37.9254 -30.4471 34.2282 -37.6541 -30.4782 34.2257 -38.1494 -30.3862 34.2308 
-37.3749 -30.4939 34.2256 -38.2279 -30.1844 34.275 -39.0347 -29.3397 34.2725 
-38.8059 -29.4545 34.3244 -38.3377 -29.7022 34.3898 -38.4208 -29.5502 34.4112 
-38.577 -29.4606 34.3937 -38.3365 -29.9288 34.3275 -39.3845 -29.0715 34.2358 
-39.156 -29.1564 34.2801 -39.9755 -28.6561 34.3446 -39.6882 -28.657 34.3423 
-39.3965 -28.7002 34.3617 -39.39 -28.8828 34.297 -40.9971 -27.9816 34.6138 
-40.7249 -27.9898 34.6043 -40.7235 -28.2674 34.5664 -40.7245 -28.5556 34.5003 
-41.289 -27.7048 34.5966 -41.0121 -27.7131 34.6096 -40.4402 -28.4949 34.4752 
-40.2615 -28.5054 34.4415 -40.0397 -28.452 34.4328 -41.3215 -27.4341 34.5239 
-41.9469 -27.3924 34.3158 -41.6817 -27.311 34.3324 -41.4344 -27.2771 34.4099 
-42.007 -27.248 33.5571 -41.8723 -27.2071 33.6097 -41.8636 -27.2134 33.8944 
-41.8055 -27.2493 34.1398 -33.1863 -35.6157 35.3322 -33.1424 -35.392 35.3194 
-32.9828 -35.537 35.4235 -32.9447 -35.8536 35.4936 -32.7827 -36.0007 35.5972 
-32.5904 -36.3867 35.6778 -32.6016 -36.0898 35.6976 -31.5577 -36.8509 35.3029 
-31.7584 -36.8084 35.5131 -32.0427 -36.6565 35.7861 -31.8041 -36.7195 35.7687 
-32.125 -36.5566 35.8684 -32.2257 -36.4693 35.8617 -32.374 -36.4293 35.7802 
-29.49 -36.2055 32.8992 -29.3521 -36.2267 32.9773 -29.2941 -36.366 32.9908 
-29.1486 -36.5806 33.1622 -29.1717 -36.3696 33.0869 -28.9789 -36.6302 33.3108 
-28.951 -36.8286 33.517 -29.071 -36.92 33.6242 -29.1171 -36.959 33.7674 
-29.3426 -36.9388 33.9433 -29.6391 -36.9048 34.1472 -29.9093 -36.8801 34.4095 
-30.1806 -36.8713 34.3974 -30.4601 -36.8681 34.4022 -30.7492 -36.8669 34.7175 
-31.0332 -36.8699 35.0265 -31.2987 -36.8604 35.316 -33.8354 -34.461 34.9018 
-33.65 -34.5526 34.9981 -33.4653 -34.6453 35.0958 -33.4783 -34.9298 35.1025 
-33.2948 -35.0215 35.2015 -33.1098 -35.1109 35.3007 -33.8026 -33.8892 34.8956 
-33.8232 -34.1769 34.8989 -34.8169 -33.2248 34.4795 -34.5954 -33.2917 34.5541 
-34.3848 -33.367 34.6284 -34.1866 -33.4438 34.7048 -33.9835 -33.51 34.7906 
-33.7588 -33.5739 34.8951 -34.8354 -32.6596 34.4776 -34.822 -32.9428 34.4777 
-35.0859 -31.8238 34.4635 -35.0317 -32.1236 34.4543 -34.8619 -32.3535 34.4796 
-36.4724 -30.9736 34.2353 -36.2738 -31.0563 34.2669 -35.7721 -31.4405 34.3429 
-35.3947 -31.5429 34.429 -35.5429 -31.4377 34.4069 -35.1407 -31.5169 34.4777 
-36.0893 -31.1419 34.3009 -35.8667 -31.1356 34.3639 -36.7405 -30.713 34.2311 
-36.5432 -30.7678 34.2548 -37.0942 -30.509 34.233 -36.8262 -30.5146 34.2541 
-37.9615 -30.2148 34.2857 -37.697 -30.2449 34.2805 -37.4246 -30.2581 34.2756 
-37.1528 -30.2687 34.2767 -38.0159 -29.9608 34.3516 -38.932 -29.1435 34.3589 
-38.6612 -29.2338 34.4169 -38.1302 -29.7515 34.403 -38.1886 -29.5134 34.453 
-38.3854 -29.3083 34.4633 -39.1711 -28.9023 34.3504 -39.761 -28.4326 34.426 
-39.4793 -28.4518 34.4323 -39.1628 -28.6573 34.4202 -39.2509 -28.5003 34.4465 
-40.7355 -27.719 34.6101 -40.4572 -27.7198 34.602 -40.447 -27.9885 34.5875 
-40.4434 -28.2596 34.5405 -41.0366 -27.4564 34.5629 -40.7594 -27.4629 34.5768 
-40.1518 -28.2647 34.5065 -39.8251 -28.2085 34.499 -41.2379 -27.2175 34.4313 
-41.0533 -27.2333 34.4705 -41.4435 -27.1432 34.2426 -41.607 -27.1677 34.1504 
-41.2828 -27.1275 34.3254 -41.8666 -27.2119 33.568 -41.8234 -27.195 33.5712 
-41.66 -27.1386 33.5813 -41.6644 -27.1276 33.6932 -41.6441 -27.1325 33.9507 
-32.924 -35.2072 35.4021 -32.7417 -35.3056 35.5047 -32.7721 -35.5797 35.5391 
-32.7497 -35.7725 35.5867 -32.5997 -35.813 35.6723 -32.4131 -36.1824 35.8039 
-32.3874 -35.8595 35.797 -31.5407 -36.8162 35.5733 -31.9616 -36.5687 35.934 
-31.4835 -36.7433 35.8714 -31.7305 -36.5856 36.0394 -32.0912 -36.4137 35.9639 
-32.2379 -36.2831 35.9058 -29.3181 -36.233 32.9952 -29.0258 -36.4689 33.203 
-29.1723 -36.2574 33.1044 -29.0344 -36.2871 33.1943 -29.28 -36.24 33.0241 
-28.8719 -36.4364 33.3192 -28.7517 -36.6426 33.4536 -28.6579 -36.8107 33.6165 
-28.7828 -36.922 33.6772 -28.9354 -36.9537 33.7076 -28.9567 -37.0023 33.8954 
-29.1218 -36.9856 33.9598 -29.2015 -36.9729 34.1992 -29.444 -36.9285 34.2281 
-29.6571 -36.8987 34.4411 -29.9195 -36.8775 34.7136 -30.1907 -36.8688 34.7045 
-30.4688 -36.8668 34.7077 -30.7568 -36.8712 35.0192 -31.03 -36.8697 35.3175 
-31.2739 -36.8396 35.5915 -33.6387 -34.2693 34.9948 -33.4553 -34.3624 35.0922 
-33.2704 -34.4549 35.1882 -33.2795 -34.7371 35.1926 -33.0906 -34.8256 35.288 
-32.8951 -34.9102 35.3842 -33.5975 -33.7145 34.9844 -33.6222 -33.9876 34.9904 
-34.5915 -33.0021 34.5471 -34.3417 -33.051 34.6265 -34.1654 -33.1739 34.6949 
-33.9782 -33.2355 34.7724 -33.7795 -33.2874 34.8622 -33.5609 -33.5009 34.9841 
-33.59 -33.3221 34.9537 -34.6008 -32.4327 34.5355 -34.5983 -32.7188 34.5392 
-34.858 -31.588 34.5112 -34.826 -31.8608 34.5042 -34.7808 -32.0809 34.5045 
-34.5871 -32.1497 34.5374 -36.3193 -30.8115 34.2961 -36.0636 -30.8974 34.3474 
-35.6039 -31.2155 34.4192 -35.3326 -31.2855 34.4668 -35.0716 -31.2449 34.5077 
-34.8649 -31.3112 34.5236 -35.6696 -30.9924 34.4326 -35.8254 -30.8872 34.4097 
-36.5858 -30.5374 34.2847 -36.396 -30.6073 34.3107 -36.8949 -30.2861 34.2879 
-36.6443 -30.3025 34.315 -37.7388 -30.017 34.3396 -37.4705 -30.0308 34.3305 
-37.1993 -30.0377 34.3264 -36.9362 -30.0582 34.3303 -37.9298 -29.757 34.4139 
-37.7603 -29.8059 34.3984 -38.7492 -29.0037 34.4408 -38.9191 -28.9031 34.4189 
-38.483 -28.9846 34.497 -37.9423 -29.5782 34.4561 -38.1312 -29.2744 34.5044 
-37.9279 -29.3402 34.504 -38.1873 -29.0569 34.5283 -38.9945 -28.7305 34.4388 
-39.5284 -28.2043 34.4995 -39.2132 -28.2412 34.5115 -38.9659 -28.4588 34.4999 
-40.4802 -27.4645 34.5781 -40.2006 -27.4631 34.5726 -40.1768 -27.7157 34.5895 
-40.1632 -27.9816 34.5675 -40.7939 -27.2354 34.4967 -40.5179 -27.2351 34.5093 
-39.8703 -27.9659 34.553 -39.5755 -27.9519 34.5488 -41.0879 -27.0752 34.3307 
-40.8388 -27.0524 34.3621 -41.1891 -26.9902 34.1219 -41.437 -27.0598 34.0209 
-41.5577 -27.0988 33.5898 -41.4626 -27.0636 33.5942 -41.4539 -27.0439 33.7593 
-32.6755 -34.9872 35.4897 -32.5214 -35.1273 35.5792 -32.5726 -35.3957 35.6057 
-32.6257 -35.6186 35.6242 -32.4152 -35.5357 35.718 -32.2279 -36.0183 35.9152 
-32.195 -35.7864 35.9029 -32.2056 -35.5826 35.8474 -31.893 -36.3978 36.0897 
-31.2093 -36.8132 35.8095 -31.5012 -36.5958 36.1431 -31.2237 -36.7206 36.069 
-31.637 -36.5137 36.1822 -31.7245 -36.4498 36.1796 -32.0239 -36.1433 36.0476 
-29.0151 -36.291 33.2096 -28.8648 -36.3094 33.3375 -28.6628 -36.4113 33.4528 
-28.9977 -36.2935 33.2227 -28.5865 -36.5939 33.5197 -28.6055 -36.6937 33.5461 
-28.4602 -36.8691 33.816 -28.6376 -36.9335 33.7612 -28.4562 -36.6688 33.6546 
-28.7478 -36.9952 33.8681 -29.0096 -37.0106 34.073 -28.8246 -37.0294 34.0915 
-28.9657 -37.0159 34.2909 -29.1564 -36.9749 34.5195 -29.4112 -36.9311 34.4729 
-29.6554 -36.8973 34.7364 -29.9257 -36.8798 35.0184 -30.2006 -36.8721 35.01 
-30.4785 -36.8709 35.0121 -30.7579 -36.8743 35.3144 -31.0115 -36.8596 35.5915 
-33.4415 -34.0802 35.0879 -33.2598 -34.1736 35.1846 -33.0752 -34.2639 35.2775 
-33.0818 -34.5436 35.2812 -32.888 -34.6263 35.3715 -32.688 -34.6978 35.4601 
-33.4138 -33.5388 35.0624 -33.4214 -33.7984 35.0805 -34.3674 -32.7661 34.6044 
-34.1277 -32.9619 34.6926 -34.158 -32.7883 34.6705 -33.9751 -32.9873 34.7531 
-33.7827 -33.0169 34.8379 -33.5886 -33.0725 34.933 -33.4451 -33.3575 35.029 
-33.4129 -33.1456 35.0268 -34.3481 -32.201 34.5866 -34.3649 -32.4884 34.5932 
-34.6102 -31.3496 34.544 -34.5976 -31.6219 34.54 -34.5812 -31.8843 34.5395 
-34.339 -31.9171 34.5798 -36.1611 -30.5836 34.3688 -35.8905 -30.6583 34.4216 
-35.4114 -30.963 34.4823 -35.1241 -31.0215 34.515 -34.8682 -31.0476 34.5354 
-34.617 -31.0761 34.5506 -35.6131 -30.7286 34.4703 -36.3671 -30.3555 34.3566 
-36.7249 -30.1066 34.3387 -36.4714 -30.0542 34.3847 -37.5142 -29.8127 34.3882 
-37.2447 -29.8111 34.3813 -36.969 -29.8224 34.3813 -36.6822 -29.8657 34.3912 
-37.7772 -29.6386 34.4436 -37.564 -29.607 34.4432 -38.716 -28.7198 34.4965 
-38.4211 -28.7089 34.5425 -38.205 -28.7854 34.5566 -37.6653 -29.4023 34.492 
-37.9295 -29.0877 34.5436 -37.67 -29.115 34.5431 -37.9431 -28.8256 34.571 
-39.2845 -27.9556 34.5535 -39.002 -27.9522 34.5679 -38.9343 -28.1647 34.5506 
-38.7168 -28.2039 34.5642 -38.6723 -28.4256 34.5448 -40.2394 -27.2339 34.5122 
-39.9629 -27.2309 34.5102 -39.9215 -27.4587 34.5652 -39.894 -27.7077 34.5779 
-40.5661 -27.0439 34.3885 -40.2895 -27.0395 34.4025 -39.609 -27.6987 34.5716 
-39.3244 -27.6946 34.5721 -40.9002 -26.9171 34.1603 -40.6163 -26.8998 34.2121 
-41.0468 -26.8764 33.8963 -41.0098 -26.8856 34.0442 -41.2425 -26.9581 33.8379 
-41.298 -27.0009 33.6034 -41.2309 -26.9756 33.6068 -32.4697 -34.9154 35.5693 
-32.4937 -34.738 35.5415 -32.3207 -34.9465 35.6413 -32.3492 -35.2087 35.6792 
-32.1376 -35.2722 35.8033 -32.0479 -35.8348 35.9989 -32.0646 -35.6322 35.9443 
-31.9981 -35.409 35.9182 -31.7547 -36.3198 36.2098 -31.8584 -36.2165 36.1625 
-30.9825 -36.8244 35.8538 -31.5244 -36.3582 36.3035 -31.3076 -36.55 36.2927 
-30.911 -36.7582 36.1006 -31.0563 -36.6316 36.2924 -31.8527 -36.0582 36.1633 
-31.8773 -35.8684 36.1117 -28.7234 -36.3232 33.4245 -28.4992 -36.4902 33.561 
-28.5704 -36.3606 33.5104 -28.6507 -36.3351 33.4646 -28.3113 -36.7586 33.8228 
-28.5606 -36.9762 33.9052 -28.4236 -36.9605 34.0038 -28.2282 -36.849 34.0434 
-28.3299 -36.3979 33.6917 -28.2723 -36.6239 33.7758 -28.5617 -37.0275 34.1427 
-28.7361 -37.0454 34.3545 -28.9042 -37.0192 34.5745 -29.1057 -36.9737 34.8578 
-29.391 -36.9301 34.7788 -29.6552 -36.8976 35.0427 -29.9229 -36.8797 35.3204 
-30.2018 -36.8747 35.3118 -30.4815 -36.8744 35.3116 -30.7455 -36.866 35.5993 
-33.2412 -33.89 35.1796 -33.0644 -33.9869 35.2732 -32.8798 -34.0712 35.3619 
-32.8844 -34.3478 35.3658 -32.6878 -34.4237 35.4495 -32.4899 -34.4893 35.5286 
-33.2527 -33.2823 35.123 -33.2047 -33.5801 35.1748 -34.1504 -32.5394 34.6574 
-34.0035 -32.8127 34.7275 -33.964 -32.6022 34.7273 -33.8018 -32.7322 34.8059 
-33.5839 -32.7971 34.9134 -33.3951 -32.875 35.0148 -33.2183 -32.9698 35.1159 
-34.0738 -31.9444 34.6408 -34.1254 -32.2609 34.6469 -34.3615 -31.0982 34.5711 
-34.3549 -31.3735 34.5699 -34.3462 -31.6449 34.5728 -34.1017 -31.6647 34.6186 
-35.9568 -30.429 34.4343 -36.1171 -30.3267 34.4128 -35.6943 -30.3986 34.4852 
-35.3508 -30.6875 34.5132 -35.1415 -30.7519 34.5289 -34.8843 -30.7848 34.5445 
-34.6238 -30.8034 34.5575 -34.3664 -30.8201 34.5751 -35.4052 -30.4608 34.5204 
-36.1863 -30.0999 34.4278 -36.26 -29.874 34.4455 -36.4287 -29.8029 34.4314 
-37.2939 -29.5885 34.4375 -37.014 -29.5846 34.4349 -36.7344 -29.6042 34.4398 
-36.5052 -29.6455 34.4499 -37.3489 -29.3634 34.4907 -38.456 -28.4841 34.5609 
-38.2039 -28.5184 34.5794 -37.9463 -28.5502 34.5911 -37.3874 -29.1158 34.5382 
-37.6751 -28.8431 34.5767 -37.3991 -28.8456 34.5756 -37.6765 -28.5656 34.598 
-39.0447 -27.6962 34.5787 -38.7734 -27.6993 34.5877 -38.7395 -27.9511 34.5834 
-38.4825 -27.9666 34.5939 -38.4652 -28.2257 34.5818 -40.0164 -27.0358 34.4093 
-39.7476 -27.0291 34.4121 -39.6877 -27.2251 34.5082 -39.6422 -27.4521 34.5603 
-40.3404 -26.889 34.2387 -40.0689 -26.8813 34.2567 -39.3618 -27.4453 34.5601 
-39.0792 -27.4394 34.5641 -40.6444 -26.8072 33.9929 -40.8633 -26.8276 33.9401 
-40.3806 -26.7888 34.0256 -40.8652 -26.8142 33.7164 -41.0493 -26.882 33.6555 
-41.1264 -26.9251 33.6022 -32.3412 -34.7689 35.6067 -32.3006 -34.5553 35.6042 
-32.123 -34.677 35.6873 -32.1198 -34.9714 35.7405 -31.9286 -35.1912 35.8906 
-31.9248 -35.0044 35.8406 -31.8377 -35.5463 36.0478 -31.783 -35.2282 35.9772 
-31.6927 -36.1155 36.2494 -30.7049 -36.8337 35.8691 -31.3269 -36.2919 36.4416 
-31.3079 -36.4129 36.4094 -31.3422 -36.1334 36.4277 -31.4851 -36.0632 36.3456 
-31.1288 -36.4747 36.4274 -30.6193 -36.766 36.1106 -30.7802 -36.66 36.304 
-30.8873 -36.512 36.4418 -31.7411 -35.9151 36.2038 -31.6894 -35.6913 36.1754 
-28.5056 -36.3743 33.5526 -28.1951 -36.7034 33.8912 -28.3499 -36.9841 34.1678 
-28.1011 -36.6863 33.9939 -28.0788 -36.8539 34.3399 -28.2257 -36.9565 34.2892 
-28.0206 -36.7084 34.1667 -28.3235 -36.3686 33.6966 -28.291 -36.3702 33.7233 
-28.1292 -36.5258 33.8859 -28.393 -36.3726 33.6413 -28.3441 -36.367 33.6829 
-28.364 -37.031 34.4026 -28.5471 -37.0584 34.4259 -28.6602 -37.0519 34.6479 
-28.8479 -37.0196 34.8151 -28.9068 -36.9907 35.097 -29.1792 -36.9496 35.1622 
-29.3929 -36.9248 35.0897 -29.6486 -36.8929 35.3426 -29.8959 -36.8642 35.608 
-30.1812 -36.8636 35.6022 -30.4662 -36.8662 35.6013 -33.0456 -33.7191 35.2676 
-32.8731 -33.7996 35.3555 -32.6834 -33.8718 35.441 -32.6858 -34.1484 35.4452 
-32.4851 -34.2193 35.5228 -32.2805 -34.2858 35.5965 -33.0398 -33.0622 35.2198 
-33.0448 -33.3247 35.237 -33.0129 -33.5078 35.2688 -33.9318 -32.3342 34.7178 
-33.7522 -32.4184 34.801 -33.5691 -32.5077 34.8981 -33.3819 -32.5922 35.0027 
-33.2011 -32.6822 35.1076 -33.0232 -32.7763 35.2126 -33.8482 -31.8442 34.7024 
-33.8957 -32.0626 34.7067 -33.8801 -31.6696 34.6787 -34.1178 -30.8411 34.605 
-34.1143 -31.1207 34.6042 -34.1099 -31.3953 34.6083 -33.8839 -31.4229 34.6652 
-35.8988 -30.16 34.4732 -35.6311 -30.1181 34.5174 -35.4207 -30.1864 34.5351 
-35.148 -30.4881 34.5421 -34.893 -30.5136 34.554 -34.6297 -30.5277 34.5647 
-34.3693 -30.5394 34.5807 -34.1195 -30.5575 34.6091 -35.1622 -30.2224 34.5522 
-35.9845 -29.8273 34.4932 -36.2124 -29.5871 34.4923 -37.0587 -29.3456 34.4877 
-36.7677 -29.3471 34.4898 -36.4521 -29.3771 34.5007 -37.0957 -29.098 34.5349 
-38.2104 -28.2528 34.5943 -37.9452 -28.2723 34.6038 -37.6742 -28.2834 34.6094 
-37.1157 -28.836 34.5726 -37.401 -28.5677 34.5996 -37.1215 -28.5615 34.598 
-37.3993 -28.2853 34.6113 -38.8082 -27.4472 34.5726 -38.5432 -27.449 34.5763 
-38.5051 -27.7039 34.5942 -38.2322 -27.7119 34.5977 -38.2171 -27.9819 34.6023 
-39.8108 -26.8743 34.2731 -39.4774 -27.0182 34.4157 -39.5538 -26.8576 34.2762 
-39.412 -27.2168 34.5101 -40.1083 -26.7731 34.0491 -39.8452 -26.7595 34.0789 
-39.1336 -27.2052 34.5161 -38.8299 -27.1785 34.5199 -40.6536 -26.7715 33.755 
-40.406 -26.7437 33.7804 -40.1353 -26.7185 33.7991 -40.7431 -26.7986 33.5978 
-40.8612 -26.8289 33.5984 -40.6618 -26.7831 33.5979 -40.98 -26.8676 33.5961 
-41.0376 -26.89 33.5968 -32.0712 -34.3551 35.6714 -31.8443 -34.4123 35.7553 
-31.8578 -34.7123 35.8032 -31.7839 -35.0411 35.9193 -31.7107 -34.8334 35.8952 
-31.6135 -35.4654 36.1475 -31.5639 -35.2339 36.0909 -31.5597 -34.9471 35.995 
-31.5276 -35.8193 36.2837 -30.4161 -36.8309 35.8717 -31.2121 -36.1801 36.4932 
-31.1692 -36.313 36.4893 -31.1521 -36.0035 36.4912 -31.2676 -35.8522 36.4057 
-30.9504 -36.3294 36.518 -30.3182 -36.7513 36.1109 -30.4913 -36.6532 36.3094 
-30.6239 -36.5235 36.4497 -30.7022 -36.3507 36.5335 -31.4759 -35.5225 36.2291 
-28.0074 -36.5719 34.0475 -27.9118 -36.6854 34.4243 -28.1739 -36.9675 34.5256 
-28.0066 -36.8463 34.6387 -27.8941 -36.5095 34.2239 -28.1264 -36.3818 33.8718 
-27.9825 -36.3751 34.0275 -28.3091 -37.0346 34.6934 -28.4626 -37.0606 34.6057 
-28.7004 -37.035 34.9105 -28.4892 -37.0501 34.8661 -28.6381 -37.0205 35.1222 
-28.7941 -36.9611 35.4081 -29.1112 -36.9391 35.3944 -29.3842 -36.9132 35.3763 
-29.6142 -36.872 35.622 -29.8275 -36.8179 35.8667 -30.1216 -36.8224 35.8692 
-32.871 -33.5484 35.3432 -32.6844 -33.5941 35.4319 -32.4805 -33.6615 35.5171 
-32.4821 -33.9425 35.5201 -32.2721 -34.0081 35.592 -32.0514 -34.066 35.6597 
-32.8458 -32.8723 35.3161 -32.8663 -33.1505 35.3191 -32.8997 -33.3664 35.3162 
-33.7202 -32.1359 34.7887 -33.5442 -32.2172 34.8862 -33.3673 -32.3062 34.992 
-33.1897 -32.3967 35.1002 -33.0117 -32.4897 35.208 -32.8327 -32.5849 35.3141 
-33.7179 -31.689 34.743 -33.6969 -31.8739 34.772 -33.6861 -31.4736 34.7427 
-33.8853 -30.5889 34.656 -33.8849 -30.8733 34.6538 -33.8841 -31.1525 34.6567 
-33.676 -31.2025 34.7317 -35.6849 -29.8878 34.5265 -35.4241 -29.9184 34.5498 
-35.167 -29.9478 34.5631 -34.8976 -30.2395 34.563 -34.6307 -30.2477 34.572 
-34.3674 -30.2548 34.5869 -34.1161 -30.2703 34.6148 -33.8817 -30.3008 34.661 
-34.8989 -29.9617 34.5713 -35.9139 -29.5439 34.5307 -35.6981 -29.611 34.545 
-36.1669 -29.29 34.5347 -35.9488 -29.3244 34.5477 -36.8065 -29.0876 34.5347 
-36.5154 -29.0876 34.5405 -36.2295 -29.0774 34.5543 -36.8304 -28.8243 34.5711 
-37.9462 -27.9947 34.6079 -37.6722 -28.0025 34.6108 -37.3988 -28.0057 34.611 
-36.8406 -28.5531 34.596 -37.1222 -28.281 34.6098 -36.8439 -28.2762 34.6067 
-37.1257 -28.0035 34.6078 -38.6037 -27.2459 34.5439 -38.3301 -27.1751 34.5198 
-38.264 -27.4454 34.5735 -37.9779 -27.4554 34.5709 -37.9547 -27.7208 34.5992 
-39.6342 -26.7577 34.1266 -39.2062 -27.0065 34.4273 -39.2819 -26.8381 34.2855 
-39.3723 -26.6996 34.0727 -39.8558 -26.69 33.8219 -39.573 -26.6594 33.8804 
-38.9496 -26.9937 34.4439 -38.7407 -26.96 34.4432 -38.5389 -27.0144 34.4697 
-40.4937 -26.7591 33.5943 -40.4224 -26.7513 33.5926 -40.2106 -26.7271 33.5839 
-40.1542 -26.7219 33.5805 -39.9078 -26.6879 33.5727 -39.8742 -26.6843 33.57 
-31.8148 -34.1143 35.7293 -31.5523 -34.1549 35.8074 -31.6344 -34.4485 35.8357 
-31.6381 -34.6295 35.8743 -31.4908 -34.6639 35.9399 -31.4602 -35.3323 36.1777 
-31.3601 -35.1697 36.1645 -31.2965 -34.9538 36.1096 -31.2714 -34.68 36.0239 
-31.2578 -35.5522 36.3224 -31.0023 -36.1143 36.5348 -31.0528 -35.8093 36.4794 
-30.97 -35.9069 36.5244 -30.9801 -35.568 36.4181 -30.7426 -36.1387 36.5636 
-30.0095 -36.7337 36.098 -30.1662 -36.6015 36.318 -30.3615 -36.5058 36.4516 
-30.4555 -36.3578 36.5347 -30.5049 -36.1691 36.5728 -31.2547 -35.2753 36.2384 
-27.9741 -36.3746 34.0377 -27.7576 -36.4503 34.4822 -27.8194 -36.6474 34.7565 
-28.1471 -36.9672 34.8096 -28.009 -36.8446 35.0025 -27.9678 -36.3734 34.0484 
-27.8447 -36.3504 34.2476 -28.2952 -37.026 34.9497 -28.4318 -37.0283 35.1185 
-28.5452 -36.9949 35.3043 -28.5009 -36.9117 35.544 -28.8079 -36.899 35.6827 
-29.0528 -36.9013 35.6574 -29.3342 -36.8867 35.6398 -29.538 -36.8213 35.8693 
-29.7077 -36.7279 36.0793 -32.7068 -33.2991 35.4084 -32.4812 -33.3734 35.5115 
-32.2654 -33.4422 35.591 -32.2682 -33.7271 35.5907 -32.0438 -33.7826 35.6539 
-31.8039 -33.8251 35.7116 -32.6508 -32.6816 35.4163 -32.6677 -32.9767 35.415 
-33.5217 -31.9307 34.8709 -33.351 -32.0233 34.9803 -33.1793 -32.1132 35.092 
-33.0032 -32.2038 35.2036 -32.8233 -32.2967 35.3125 -32.6402 -32.3912 35.4167 
-33.5034 -31.6045 34.8496 -33.4882 -31.2765 34.8289 -33.665 -30.3495 34.7275 
-33.6693 -30.6377 34.7242 -33.6715 -30.9225 34.725 -33.4769 -30.9897 34.8179 
-35.4357 -29.6496 34.5623 -35.1685 -29.6711 34.5736 -34.897 -29.6808 34.5794 
-34.627 -29.9646 34.5787 -34.3582 -29.9661 34.5925 -34.1029 -29.9786 34.62 
-33.8687 -30.01 34.6657 -33.6527 -30.0595 34.7313 -34.6216 -29.6803 34.5841 
-35.6961 -29.345 34.5644 -35.4389 -29.3739 34.5759 -35.9638 -29.0708 34.5692 
-35.706 -29.0843 34.58 -36.5458 -28.8177 34.5727 -36.2633 -28.8145 34.5782 
-35.987 -28.8133 34.5858 -36.5604 -28.5467 34.5949 -37.676 -27.7277 34.5984 
-37.4007 -27.7342 34.5953 -37.1363 -27.7422 34.5907 -36.5679 -28.2744 34.6033 
-36.8498 -27.9997 34.6011 -36.5742 -28.0032 34.5939 -36.8692 -27.7355 34.578 
-38.0806 -26.9742 34.4284 -38.3027 -26.95 34.4387 -38.0224 -27.2025 34.515 
-37.7298 -27.2192 34.5054 -37.6929 -27.4645 34.5657 -39.0106 -26.8302 34.3194 
-39.0739 -26.6881 34.1335 -39.1298 -26.5867 33.9078 -39.3274 -26.5978 33.8391 
-39.7197 -26.6542 33.5437 -39.5707 -26.6263 33.5461 -39.3646 -26.5727 33.6387 
-38.8085 -26.8457 34.3631 -38.605 -26.8233 34.3537 -38.404 -26.8398 34.3728 
-31.5453 -33.8546 35.7684 -31.3236 -34.0885 35.8574 -31.4128 -34.2895 35.8756 
-31.2701 -33.8697 35.8248 -31.49 -34.4878 35.8958 -31.2662 -34.4092 35.9469 
-31.2023 -35.0623 36.1875 -31.0884 -34.9059 36.1699 -31.0109 -34.6943 36.1122 
-30.9968 -34.4262 36.0232 -30.9928 -35.2837 36.3195 -30.7512 -35.8859 36.5487 
-30.8544 -35.7196 36.5024 -30.7106 -35.2817 36.3782 -30.6874 -35.506 36.4623 
-30.512 -35.9476 36.5685 -29.8376 -36.5914 36.2636 -30.1534 -36.4538 36.4594 
-29.9238 -36.4058 36.4163 -30.2329 -36.3477 36.5241 -30.2808 -36.1767 36.5614 
-30.3271 -36.0055 36.5695 -30.9957 -35.0228 36.2345 -27.7774 -36.3261 34.3775 
-27.7019 -36.3084 34.4731 -27.6477 -36.3235 34.6095 -27.6825 -36.4509 34.7156 
-27.6817 -36.4876 34.9532 -27.8162 -36.6553 35.1227 -28.1774 -36.9706 35.043 
-27.9934 -36.7756 35.3489 -28.2114 -36.9198 35.2868 -28.2898 -37.0035 35.1439 
-28.3879 -36.9875 35.288 -28.1963 -36.8194 35.5829 -28.3956 -36.7653 35.8451 
-28.6976 -36.8234 35.8583 -28.9776 -36.8335 35.8813 -29.2537 -36.8295 35.8766 
-29.4181 -36.7304 36.0696 -29.5404 -36.5914 36.2291 -32.4739 -33.075 35.5091 
-32.2612 -33.1523 35.5925 -32.0369 -33.2144 35.6571 -32.04 -33.4995 35.6537 
-31.7997 -33.5416 35.704 -31.5423 -33.5688 35.7465 -32.4509 -32.484 35.513 
-32.4602 -32.7759 35.5115 -33.3326 -31.7489 34.9673 -33.1686 -31.8361 35.0804 
-32.9946 -31.9197 35.1957 -32.8125 -32.008 35.3086 -32.6269 -32.101 35.4155 
-32.44 -32.1963 35.5127 -33.2972 -31.5303 34.9685 -33.3146 -31.3371 34.9385 
-33.297 -31.0686 34.927 -33.4511 -30.1264 34.8149 -33.4637 -30.4156 34.8127 
-33.4697 -30.7036 34.8128 -33.2819 -30.7824 34.9184 -35.1695 -29.3921 34.5835 
-34.8952 -29.3994 34.5867 -34.6185 -29.3978 34.5879 -34.3462 -29.6761 34.5952 
-34.0768 -29.6798 34.6214 -33.8378 -29.7143 34.6665 -33.6291 -29.7725 34.7302 
-33.4246 -29.8373 34.813 -34.3399 -29.391 34.5932 -35.4413 -29.0998 34.588 
-35.1711 -29.1129 34.5919 -35.717 -28.8178 34.5921 -35.4479 -28.8272 34.5956 
-36.2811 -28.5434 34.595 -36.0033 -28.5442 34.5958 -35.7298 -28.5498 34.5964 
-36.2939 -28.2733 34.5991 -37.4104 -27.4738 34.5575 -37.1367 -27.4911 34.5481 
-36.9168 -27.5306 34.5459 -36.3094 -28.0145 34.5875 -36.5878 -27.7334 34.5613 
-36.3124 -27.7595 34.5503 -36.6304 -27.4577 34.4984 -37.7896 -26.9955 34.4091 
-37.8854 -26.786 34.2672 -38.1901 -26.8012 34.329 -37.494 -27.0211 34.3939 
-37.4408 -27.2332 34.4924 -38.7534 -26.6841 34.1924 -38.8742 -26.5722 33.9669 
-38.9277 -26.5116 33.7281 -39.1577 -26.5353 33.6769 -39.5758 -26.6323 33.5186 
-39.503 -26.6087 33.5137 -39.3465 -26.568 33.5078 -39.5474 -26.6251 33.5159 
-39.2231 -26.539 33.504 -39.1747 -26.5297 33.5017 -38.4059 -26.6731 34.2009 
-31.2664 -33.5837 35.7843 -31.1714 -33.9817 35.8699 -31.1976 -34.1516 35.902 
-31.0495 -33.8348 35.858 -30.9631 -33.5956 35.8194 -30.9956 -34.1793 35.9516 
-30.9285 -34.8167 36.1832 -30.7915 -34.6689 36.1588 -30.7006 -34.4394 36.0881 
-30.7337 -34.1797 35.9967 -30.7355 -35.0335 36.2913 -30.6596 -35.6663 36.5181 
-30.4951 -35.7166 36.5353 -30.4546 -35.0372 36.3247 -30.4076 -35.3119 36.4177 
-30.5073 -35.5366 36.492 -30.2569 -35.7722 36.5356 -29.6233 -36.4017 36.3501 
-30.0617 -36.3352 36.5 -29.9222 -36.2264 36.488 -29.6827 -36.1443 36.4286 
-30.0759 -36.1842 36.5321 -30.0983 -35.9551 36.5375 -30.7532 -34.8185 36.2181 
-27.6628 -36.2879 34.5417 -27.6356 -36.2618 34.6135 -27.6043 -36.2842 34.8275 
-27.6035 -36.3265 35.0947 -27.6851 -36.4843 35.2268 -27.8184 -36.594 35.439 
-27.995 -36.7109 35.6139 -28.1381 -36.7234 35.7842 -28.2241 -36.6317 35.9369 
-28.4247 -36.6217 36.0486 -28.621 -36.7063 36.0409 -28.8705 -36.7332 36.0542 
-29.139 -36.7356 36.0646 -29.2619 -36.6 36.2086 -29.3437 -36.4197 36.3094 
-32.2551 -32.8595 35.5952 -32.0341 -32.9274 35.6617 -31.7978 -32.9782 35.7081 
-31.7979 -33.2598 35.7041 -31.5432 -33.2887 35.7374 -31.2735 -33.3043 35.7612 
-32.2451 -32.2847 35.5963 -32.2498 -32.5689 35.5973 -33.1605 -31.5784 35.0635 
-32.9872 -31.6361 35.1802 -32.7999 -31.7186 35.2977 -32.6032 -31.806 35.4091 
-32.4147 -31.9087 35.5092 -32.2343 -32.011 35.5914 -33.1795 -31.3879 35.0321 
-33.1314 -31.1623 35.0416 -33.0982 -30.8716 35.0357 -33.2355 -29.9246 34.9069 
-33.2608 -30.2078 34.9098 -33.272 -30.4939 34.9125 -33.0815 -30.5782 35.0222 
-34.897 -29.1196 34.5918 -34.6219 -29.1207 34.5891 -34.3457 -29.1162 34.5868 
-34.0589 -29.386 34.6122 -33.764 -29.3886 34.6586 -33.5895 -29.5005 34.7205 
-33.3981 -29.5632 34.7948 -33.17 -29.6263 34.8964 -34.0642 -29.1097 34.5917 
-35.1774 -28.8375 34.5959 -34.9061 -28.845 34.5925 -35.4594 -28.5577 34.5951 
-35.1892 -28.5674 34.5911 -36.0177 -28.2732 34.5932 -35.7419 -28.2814 34.5872 
-35.4769 -28.2989 34.5822 -36.0425 -28.0119 34.5745 -37.1501 -27.2474 34.472 
-36.8408 -27.2826 34.4531 -36.093 -27.8059 34.547 -36.3232 -27.5023 34.4793 
-36.0185 -27.5543 34.4625 -36.3512 -27.278 34.3833 -36.562 -27.2273 34.3929 
-37.5633 -26.8373 34.2505 -37.6394 -26.6778 34.055 -37.8798 -26.6439 34.1144 
-38.0876 -26.6605 34.1753 -37.2066 -27.0396 34.3726 -37.2733 -26.8758 34.2386 
-38.6663 -26.5603 34.0106 -38.5719 -26.5969 34.1021 -38.6574 -26.4965 33.7887 
-38.965 -26.4995 33.5042 -38.9077 -26.4928 33.5004 -38.7334 -26.4757 33.5341 
-38.9834 -26.5017 33.5045 -38.1898 -26.5627 34.0167 -38.4511 -26.5345 33.9615 
-30.9899 -33.3103 35.778 -31.0039 -33.9749 35.8984 -30.8305 -33.7658 35.8703 
-30.6972 -33.3014 35.7857 -30.6338 -33.5268 35.8294 -30.7705 -33.9574 35.9268 
-30.5665 -34.6075 36.17 -30.4424 -34.1659 36.0247 -30.3691 -34.3791 36.1049 
-30.4989 -33.9432 35.9485 -30.5024 -34.8047 36.2445 -30.2967 -35.5277 36.4853 
-30.2227 -34.804 36.2566 -30.1559 -35.0481 36.333 -30.0574 -35.3181 36.4072 
-30.0844 -35.5655 36.478 -30.0225 -35.72 36.5008 -29.394 -36.1939 36.3671 
-29.8809 -36.0216 36.4941 -29.6557 -35.8014 36.427 -29.403 -35.9211 36.3769 
-29.8882 -35.8028 36.4855 -27.6075 -36.2097 34.725 -27.5825 -36.1414 34.8287 
-27.5704 -36.1343 35.0294 -27.5841 -36.1912 35.222 -27.6214 -36.3287 35.3142 
-27.6914 -36.4385 35.4183 -27.7713 -36.4064 35.5978 -27.9002 -36.579 35.6862 
-28.0049 -36.6642 35.7689 -28.0742 -36.6381 35.8627 -28.081 -36.5053 35.9175 
-28.2863 -36.4384 36.0541 -28.4747 -36.5029 36.1474 -28.5802 -36.5947 36.1452 
-28.7602 -36.6066 36.1704 -28.9995 -36.6074 36.1917 -29.0891 -36.4415 36.2813 
-29.1389 -36.2315 36.3258 -32.0329 -32.6412 35.6645 -31.8002 -32.6982 35.7112 
-31.5543 -32.7386 35.7372 -31.5467 -33.0117 35.7363 -31.2823 -33.0315 35.7506 
-31.009 -33.0441 35.7555 -32.037 -32.0913 35.6546 -32.0343 -32.3605 35.6627 
-32.9904 -31.3314 35.1495 -32.7882 -31.4286 35.2788 -32.5836 -31.5106 35.3896 
-32.3473 -31.595 35.5014 -32.2028 -31.7549 35.5831 -32.0368 -31.8471 35.6411 
-32.9019 -30.9768 35.1665 -32.886 -30.6644 35.1372 -33.0284 -29.77 34.9882 
-33.0583 -30.0201 34.9991 -33.0706 -30.2926 35.0099 -32.8669 -30.3745 35.1125 
-34.6339 -28.8498 34.5854 -34.3665 -28.8572 34.577 -34.0928 -28.8509 34.5659 
-33.777 -29.1091 34.6148 -33.5219 -29.2905 34.7089 -33.4942 -29.1056 34.6646 
-33.3818 -29.3351 34.7615 -33.1803 -29.37 34.8302 -32.9664 -29.5826 34.9788 
-32.9323 -29.4036 34.9166 -33.7983 -28.8496 34.5617 -34.926 -28.5832 34.5856 
-34.6618 -28.588 34.5736 -35.212 -28.3062 34.5721 -34.941 -28.3245 34.5613 
-35.7606 -28.0129 34.5574 -35.4829 -28.043 34.5459 -35.2618 -28.0964 34.5441 
-35.8084 -27.7357 34.5006 -36.9035 -27.0397 34.3207 -36.6272 -27.0781 34.2917 
-36.0693 -27.3015 34.3379 -35.8114 -27.3524 34.3203 -35.7461 -27.5027 34.4056 
-36.1639 -27.1497 34.2398 -36.3849 -27.1089 34.2622 -37.3331 -26.7444 34.0472 
-37.6386 -26.5928 33.8632 -37.394 -26.6476 33.7866 -37.8129 -26.5813 33.965 
-37.9883 -26.5806 34.0372 -37.017 -26.9012 34.2232 -37.0637 -26.7922 34.0545 
-38.4909 -26.4661 33.554 -38.4188 -26.4752 33.7428 -38.7397 -26.4812 33.4874 
-38.6861 -26.4774 33.4866 -38.517 -26.4718 33.4847 -37.9798 -26.5255 33.8496 
-38.226 -26.4938 33.8081 -30.7332 -33.0535 35.7539 -30.5595 -33.7317 35.8836 
-30.4648 -33.0668 35.7468 -30.4118 -33.2923 35.7837 -30.3483 -33.5105 35.8318 
-30.2893 -34.5833 36.1817 -30.2144 -33.9409 35.9597 -30.1477 -34.1581 36.035 
-30.0784 -34.3726 36.1106 -30.2807 -33.7243 35.8907 -30.0087 -34.5915 36.1829 
-29.9385 -34.824 36.2522 -29.8738 -35.0605 36.3174 -29.7978 -35.2549 36.3603 
-29.8244 -35.531 36.4258 -29.1876 -36.0129 36.339 -29.5557 -35.5362 36.3714 
-29.4073 -35.669 36.3573 -29.1284 -35.7053 36.296 -27.5722 -36.0933 34.8843 
-27.5763 -35.9496 34.9854 -27.6005 -35.9839 35.2387 -27.6289 -36.1618 35.4159 
-27.6621 -36.322 35.4729 -27.701 -36.2348 35.568 -27.8336 -36.1746 35.7201 
-27.9241 -36.4251 35.7943 -27.9828 -36.5787 35.822 -28.0713 -36.2345 35.9312 
-28.3199 -36.1593 36.0922 -28.4794 -36.3315 36.1746 -28.6365 -36.4664 36.2102 
-28.8515 -36.4515 36.2519 -28.9328 -36.2815 36.2936 -28.9032 -36.0067 36.2815 
-31.8065 -32.4235 35.7088 -31.566 -32.4717 35.7335 -31.3199 -32.5069 35.7393 
-31.2962 -32.7636 35.7455 -31.0279 -32.7822 35.7413 -30.7621 -32.8074 35.7317 
-31.8357 -31.9057 35.6773 -31.8166 -32.157 35.6977 -32.7607 -31.1449 35.2659 
-32.5749 -31.2293 35.3616 -32.3524 -31.2974 35.4513 -32.1368 -31.5583 35.5773 
-32.0975 -31.358 35.5347 -32.0161 -31.6389 35.623 -31.8738 -31.7144 35.6546 
-32.7096 -30.9267 35.2701 -32.7096 -30.7381 35.2408 -32.637 -30.4594 35.2211 
-32.849 -29.6561 35.0372 -32.866 -29.8579 35.0614 -32.8647 -30.1006 35.0854 
-32.6405 -30.1734 35.1668 -34.3885 -28.6005 34.5569 -34.1578 -28.6468 34.5461 
-33.864 -28.5771 34.4979 -33.5019 -28.8742 34.5806 -33.3787 -29.1818 34.7257 
-33.2799 -29.0654 34.7039 -33.2439 -28.9159 34.6258 -33.2121 -29.1785 34.7625 
-32.9728 -29.1863 34.8042 -32.8336 -29.5077 35.002 -32.7361 -29.4053 34.972 
-32.6482 -29.23 34.8522 -33.5229 -28.6375 34.4802 -34.7193 -28.3785 34.5573 
-34.4432 -28.321 34.5191 -34.9776 -28.0432 34.5062 -34.6645 -28.1286 34.5003 
-35.4986 -27.7825 34.4779 -35.189 -27.8427 34.4616 -35.5345 -27.5526 34.3889 
-36.6727 -26.9204 34.1281 -36.8522 -26.9098 34.1988 -36.4312 -26.9758 34.1058 
-35.8342 -27.1916 34.1608 -36.0107 -27.1706 34.2184 -35.6431 -27.26 34.1854 
-35.5802 -27.3791 34.2849 -35.9892 -27.0911 34.0803 -36.2005 -27.0277 34.0742 
-37.099 -26.7137 33.8257 -37.768 -26.5465 33.7976 -37.599 -26.5739 33.6639 
-37.3747 -26.6346 33.4456 -37.1134 -26.6826 33.5579 -36.8409 -26.8369 34.0667 
-36.8564 -26.7636 33.8556 -38.4337 -26.4767 33.483 -38.2732 -26.484 33.4791 
-38.2517 -26.4728 33.5837 -38.0574 -26.4903 33.6558 -37.8256 -26.525 33.6054 
-30.5001 -32.8325 35.7168 -30.2726 -32.8858 35.7047 -30.2019 -33.0873 35.7333 
-30.1448 -33.309 35.7767 -30.074 -33.5245 35.8284 -30.0019 -33.742 35.891 
-29.9284 -33.9621 35.9616 -29.8675 -34.1827 36.0363 -29.8031 -34.402 36.1066 
-29.7347 -34.6289 36.1725 -29.6516 -34.8788 36.2349 -29.6667 -35.1064 36.3008 
-29.5962 -35.3097 36.3354 -29.3323 -35.4033 36.2934 -29.0811 -35.4085 36.2322 
-28.9177 -35.5285 36.2137 -28.8543 -35.7227 36.2341 -27.5788 -35.9284 34.9977 
-27.6228 -35.7455 35.1493 -27.6857 -35.7691 35.3853 -27.668 -35.9681 35.4602 
-27.7091 -36.08 35.5728 -27.8092 -35.8506 35.6386 -27.9698 -35.9528 35.8397 
-28.1818 -35.9328 35.9909 -28.5107 -36.1262 36.1866 -28.4589 -35.8599 36.1245 
-28.7013 -36.2457 36.2477 -28.6964 -35.8311 36.2089 -28.6445 -36.0153 36.2215 
-31.5839 -32.2161 35.7213 -31.3418 -32.2574 35.7241 -31.1254 -32.3075 35.7164 
-31.0599 -32.5225 35.7282 -30.7839 -32.5524 35.7091 -30.5528 -32.6253 35.6963 
-31.6454 -31.6953 35.6551 -31.5992 -31.9639 35.6957 -32.5677 -30.9801 35.3365 
-32.3622 -31.029 35.4061 -32.1183 -31.0939 35.4669 -31.9976 -31.4804 35.597 
-31.8956 -31.3681 35.5779 -31.8117 -31.1684 35.5106 -31.8284 -31.5236 35.6233 
-32.5821 -30.802 35.3097 -32.5147 -30.6172 35.3017 -32.4318 -30.4385 35.2913 
-32.3872 -30.2488 35.2445 -32.6699 -29.5469 35.0404 -32.7085 -29.7278 35.0818 
-32.664 -29.9167 35.1191 -32.4078 -29.9808 35.1656 -34.1164 -28.3954 34.4912 
-33.5619 -28.3879 34.3488 -33.8465 -28.3419 34.42 -33.1969 -28.698 34.49 
-33.0708 -29.0137 34.7021 -32.9313 -28.8183 34.5582 -32.7847 -29.0014 34.6944 
-32.5871 -29.3978 34.9786 -32.4633 -28.9945 34.6375 -32.3061 -29.1855 34.7732 
-32.3952 -29.363 34.9306 -33.2484 -28.5022 34.3395 -34.1952 -28.1493 34.4231 
-34.4119 -28.087 34.4534 -34.7055 -27.885 34.4121 -34.9131 -27.8059 34.4122 
-34.5021 -27.9515 34.4102 -35.2466 -27.5767 34.3374 -34.9799 -27.6403 34.3218 
-35.3534 -27.4137 34.2442 -36.4738 -26.8831 33.9571 -36.6219 -26.8201 33.871 
-36.2601 -26.9205 33.8527 -35.5919 -27.1708 34.0141 -35.748 -27.0839 33.8832 
-35.4151 -27.2705 34.0838 -36.0009 -27.0006 33.8398 -36.8718 -26.7289 33.613 
-37.6219 -26.5725 33.4571 -37.3314 -26.6463 33.4215 -37.367 -26.6399 33.4232 
-37.099 -26.6983 33.415 -37.391 -26.6352 33.4249 -36.9138 -26.7273 33.4048 
-36.8934 -26.7314 33.4037 -36.681 -26.77 33.6643 -38.091 -26.4987 33.4716 
-38.0212 -26.5069 33.4689 -37.9618 -26.5152 33.4659 -37.7883 -26.5424 33.4571 
-37.6406 -26.5699 33.4468 -30.2526 -32.613 35.6569 -29.974 -32.879 35.6649 
-29.972 -33.1467 35.7238 -29.8831 -33.3456 35.7635 -29.8045 -33.5673 35.8205 
-29.7271 -33.7861 35.8852 -29.6301 -34.0202 35.9566 -29.6354 -34.2435 36.0359 
-29.5098 -34.4574 36.0863 -29.5121 -34.6864 36.1576 -29.4198 -34.8414 36.1832 
-29.4368 -35.0815 36.2466 -29.1645 -35.1657 36.1999 -28.8933 -35.2733 36.1487 
-28.6667 -35.5591 36.1424 -27.5847 -35.8946 35.0076 -27.6579 -35.5739 35.0919 
-27.696 -35.5785 35.2803 -27.6172 -35.7342 35.0572 -27.8167 -35.5149 35.4957 
-27.9754 -35.5766 35.7476 -27.942 -35.7781 35.7906 -28.0682 -35.7367 35.8864 
-28.278 -35.6429 35.9964 -28.4555 -35.6131 36.0775 -31.3878 -32.0463 35.7039 
-31.0981 -32.0251 35.6731 -30.8421 -32.2569 35.6786 -30.5034 -32.3703 35.6519 
-31.4245 -31.542 35.6032 -31.6303 -31.4753 35.6084 -31.3426 -31.8001 35.6566 
-32.3854 -30.7697 35.3615 -32.1482 -30.8402 35.4106 -31.9229 -30.9206 35.4406 
-31.7377 -31.3583 35.58 -31.626 -30.9017 35.4104 -31.57 -31.1177 35.4787 
-31.5295 -31.3057 35.5403 -32.3208 -30.5364 35.3363 -32.2886 -30.3771 35.3069 
-32.184 -30.2787 35.2835 -32.1133 -30.1014 35.2087 -32.4816 -29.5017 35.0249 
-32.481 -29.7067 35.0904 -32.159 -29.7927 35.099 -33.9716 -28.2065 34.3922 
-33.4983 -28.2026 34.1716 -33.244 -28.3253 34.1397 -33.7512 -28.192 34.3013 
-33.0297 -28.5655 34.3479 -32.9303 -28.6559 34.418 -32.6862 -28.6896 34.3585 
-32.6233 -28.8445 34.5321 -32.257 -28.8823 34.4232 -32.179 -29.0358 34.5881 
-32.4448 -28.8624 34.5021 -32.0747 -29.1732 34.6923 -32.0745 -29.379 34.8567 
-32.2738 -29.5474 35.0129 -32.9707 -28.4574 34.1577 -33.9781 -28.0073 34.2513 
-34.2864 -27.9513 34.3464 -34.4686 -27.7769 34.2696 -34.7381 -27.6907 34.2954 
-35.0073 -27.4638 34.1595 -35.1918 -27.4365 34.2169 -34.8088 -27.5495 34.1887 
-35.1734 -27.3478 34.0768 -36.4137 -26.8472 33.7875 -36.4617 -26.8145 33.5952 
-36.2852 -26.8641 33.6439 -36.0574 -26.9375 33.5215 -35.5242 -27.1191 33.8235 
-35.408 -27.1759 33.8903 -35.7804 -27.0191 33.5937 -35.5456 -27.083 33.6236 
-35.1802 -27.2393 33.8165 -36.6405 -26.7845 33.3922 -36.6311 -26.7866 33.3918 
-37.6197 -26.5755 33.4457 -36.6212 -26.7886 33.3916 -30.2393 -32.3488 35.6051 
-30.064 -32.4352 35.5877 -29.9726 -32.6097 35.6075 -29.7919 -32.7102 35.5887 
-29.6939 -32.8941 35.6124 -29.6791 -33.1575 35.6813 -29.6467 -33.4205 35.7538 
-29.5158 -33.6378 35.8033 -29.5043 -33.8428 35.8763 -29.3913 -33.9859 35.9081 
-29.3827 -34.2084 35.9828 -29.2641 -34.4274 36.0307 -29.2567 -34.6789 36.1003 
-29.2555 -34.9329 36.1682 -29.0144 -34.9435 36.1034 -28.7785 -35.0777 36.0626 
-28.6658 -35.2756 36.0739 -28.4536 -35.3998 36.0197 -27.6688 -35.5387 35.0979 
-27.76 -35.3634 35.2598 -27.8836 -35.2145 35.4449 -27.9953 -35.2889 35.6443 
-28.1351 -35.5429 35.8847 -28.1416 -35.3435 35.8155 -28.2605 -35.4259 35.9305 
-31.0888 -31.7664 35.6167 -30.9116 -31.8317 35.6034 -30.81 -31.9941 35.6263 
-30.5751 -32.0859 35.6047 -30.3389 -32.1813 35.5844 -31.1977 -31.6158 35.592 
-31.2332 -31.4108 35.5264 -32.1773 -30.6364 35.3703 -31.9106 -30.6491 35.3695 
-31.6459 -30.6477 35.3308 -31.471 -30.7435 35.3217 -31.3691 -30.9052 35.3565 
-31.3246 -31.1283 35.4343 -32.1155 -30.4409 35.3306 -32.0189 -30.2843 35.2777 
-31.8684 -29.9457 35.107 -31.7786 -30.2498 35.213 -32.0569 -29.5976 34.9968 
-31.924 -29.7309 35.0302 -33.4627 -28.0963 33.9958 -33.3197 -28.1975 34.0284 
-33.6816 -28.0603 34.134 -33.1697 -28.2436 33.9492 -32.9834 -28.3362 33.9024 
-32.83 -28.5676 34.273 -32.6477 -28.5856 34.1747 -32.4292 -28.6596 34.1072 
-32.4396 -28.774 34.3611 -32.054 -28.8547 34.2308 -32.2117 -28.7705 34.173 
-32.0117 -28.9569 34.3884 -31.9575 -29.0816 34.5406 -31.8533 -29.2292 34.642 
-31.7775 -29.4257 34.7816 -31.8635 -29.5761 34.9254 -32.755 -28.4521 33.9173 
-32.7487 -28.5131 34.109 -33.8038 -27.935 34.0558 -33.9756 -27.8343 34.055 
-34.1879 -27.8153 34.1815 -34.3082 -27.6681 34.0556 -34.5728 -27.5767 34.0905 
-34.7591 -27.4508 34.0174 -34.912 -27.3467 33.8795 -36.3939 -26.8356 33.3889 
-36.3566 -26.8445 33.3887 -36.2678 -26.8641 33.4626 -35.858 -26.9936 33.3918 
-36.0002 -26.9625 33.3906 -35.7975 -27.0112 33.3921 -36.1121 -26.9337 33.39 
-35.3489 -27.1457 33.6795 -35.6066 -27.0636 33.388 -35.5622 -27.0756 33.3876 
-35.4374 -27.1071 33.3834 -35.339 -27.1324 33.417 -35.1265 -27.2034 33.4918 
-34.9073 -27.2805 33.5787 -30.0787 -32.1945 35.5257 -29.812 -32.4556 35.5244 
-29.532 -32.7461 35.5166 -29.5141 -33.0072 35.597 -29.411 -33.1889 35.6262 
-29.3713 -33.4319 35.6989 -29.3068 -33.6408 35.7601 -29.2791 -33.8284 35.8228 
-29.1839 -34.0745 35.8916 -29.0926 -34.3168 35.9511 -29.0967 -34.5225 36.0175 
-29.0022 -34.6952 36.0365 -28.774 -34.8324 35.9937 -28.5635 -35.0911 35.9806 
-28.3323 -35.212 35.8987 -27.6759 -35.5163 35.0979 -27.7384 -35.332 35.0814 
-27.838 -35.0625 35.2103 -27.9388 -35.0134 35.433 -28.0083 -35.0766 35.5673 
-28.198 -35.0301 35.7338 -30.9368 -31.5975 35.53 -30.6707 -31.8138 35.546 
-30.3396 -31.9531 35.5134 -31.0225 -31.3169 35.4346 -31.9117 -30.4096 35.3059 
-31.7448 -30.4824 35.2966 -31.4884 -30.5031 35.2274 -31.2373 -30.7878 35.2609 
-31.2 -30.9873 35.34 -31.079 -31.1265 35.364 -31.6869 -29.7752 34.9681 
-31.5664 -30.0645 35.0622 -31.5379 -30.2747 35.1497 -33.2535 -28.1493 33.8306 
-33.4319 -28.0293 33.7998 -33.6178 -27.9759 33.942 -33.0814 -28.2378 33.8015 
-32.9537 -28.2864 33.6821 -32.7571 -28.394 33.6207 -32.5718 -28.5462 33.9736 
-32.3483 -28.6073 33.789 -32.1305 -28.7095 33.863 -31.9791 -28.8004 34.0051 
-31.8202 -28.9125 34.1263 -31.8046 -29.0326 34.3666 -31.8173 -29.1156 34.5048 
-31.6531 -29.154 34.4356 -31.6185 -29.3311 34.6125 -31.5882 -29.4907 34.7388 
-31.6766 -29.5837 34.8536 -32.5381 -28.5097 33.7037 -33.7766 -27.8424 33.8297 
-33.9924 -27.7415 33.9066 -34.1211 -27.7298 34.0255 -34.1424 -27.6513 33.8666 
-34.3622 -27.5408 33.8307 -34.5778 -27.4635 33.9007 -34.6886 -27.3937 33.8314 
-34.6927 -27.3529 33.6343 -36.2442 -26.8829 33.389 -35.342 -27.1345 33.3804 
-35.3051 -27.147 33.3794 -35.1281 -27.2106 33.3756 -34.9934 -27.2483 33.3754 
-34.895 -27.2825 33.3741 -34.7147 -27.3336 33.4024 -34.6786 -27.3453 33.4033 
-30.1178 -31.987 35.4681 -29.912 -32.0226 35.4109 -29.858 -32.2303 35.4711 
-29.6493 -32.2637 35.3968 -29.591 -32.4966 35.4583 -29.3853 -32.5245 35.3664 
-29.2244 -32.8265 35.4095 -29.2726 -33.0668 35.5302 -29.2356 -33.2958 35.6074 
-29.1285 -33.46 35.6336 -29.0807 -33.6859 35.7064 -29.0062 -33.976 35.7965 
-28.9816 -34.1744 35.8679 -28.8858 -34.3278 35.888 -28.8846 -34.5345 35.9511 
-28.6391 -34.6503 35.8821 -28.5582 -34.8684 35.913 -28.4106 -34.9953 35.8731 
-27.7647 -35.2352 35.0726 -27.9013 -34.8084 35.2207 -27.9401 -34.8816 35.3613 
-27.8414 -34.8932 35.0349 -27.808 -35.0894 35.0585 -28.0618 -34.8535 35.5288 
-28.2587 -34.7031 35.6629 -28.4216 -34.784 35.8077 -30.7325 -31.4495 35.41 
-30.6986 -31.625 35.4829 -30.4822 -31.6589 35.4329 -30.1633 -31.7988 35.3985 
-30.8601 -31.2101 35.3287 -31.3285 -30.2968 35.0643 -31.1787 -30.5767 35.1311 
-30.9601 -30.8064 35.1475 -31.0036 -30.9987 35.2726 -31.4807 -29.6709 34.8048 
-31.4524 -29.8832 34.9242 -31.3338 -30.0481 34.9458 -33.081 -28.2002 33.6163 
-33.27 -28.0796 33.5752 -33.4457 -27.9766 33.6428 -33.5669 -27.9362 33.7699 
-32.9191 -28.2906 33.5351 -32.82 -28.3498 33.5501 -32.697 -28.4222 33.5687 
-32.7482 -28.3978 33.5613 -32.5285 -28.5094 33.5943 -32.1922 -28.6551 33.6294 
-32.3336 -28.5986 33.6177 -32.1319 -28.6814 33.6341 -31.9313 -28.7518 33.6426 
-31.9675 -28.7402 33.6412 -31.914 -28.7707 33.7864 -31.7698 -28.843 33.8321 
-31.5727 -28.9422 33.8729 -31.5725 -29.0354 34.1619 -31.4685 -29.1396 34.2848 
-31.4492 -29.2635 34.4323 -31.4013 -29.4655 34.5957 -32.4326 -28.5507 33.6058 
-33.5776 -27.8944 33.6006 -33.7445 -27.7923 33.5349 -33.9482 -27.7067 33.7056 
-34.1258 -27.5985 33.6244 -34.3053 -27.4984 33.5352 -34.5152 -27.429 33.6987 
-34.612 -27.367 33.3932 -34.483 -27.4128 33.4449 -29.9555 -31.8041 35.3271 
-29.8026 -31.8868 35.3047 -29.7036 -32.0348 35.3315 -29.5578 -32.0999 35.286 
-29.4035 -32.2445 35.2551 -29.1892 -32.4044 35.1844 -29.127 -32.6675 35.2776 
-29.0435 -32.8646 35.3241 -28.9996 -33.0627 35.3869 -29.0129 -33.3328 35.5243 
-28.9638 -33.551 35.6058 -28.8529 -33.6979 35.6212 -28.7793 -33.9105 35.6739 
-28.7676 -34.2021 35.7865 -28.7289 -34.4332 35.8551 -28.491 -34.4632 35.7348 
-27.8548 -34.8276 35.024 -27.9297 -34.5984 35.1499 -27.9975 -34.6908 35.3597 
-28.1354 -34.5951 35.5068 -28.2773 -34.4941 35.6043 -30.6453 -31.301 35.3001 
-30.515 -31.4539 35.3403 -30.2933 -31.5441 35.3088 -30.0705 -31.6429 35.2812 
-30.6919 -31.0673 35.1739 -31.138 -30.1794 34.8877 -31.0683 -30.4286 34.9868 
-30.9896 -30.623 35.0562 -30.8593 -30.7154 35.0351 -30.7505 -30.844 35.0558 
-31.2464 -29.6949 34.6642 -31.339 -29.8215 34.8239 -31.3293 -29.9231 34.8824 
-31.2054 -29.9353 34.7961 -32.9776 -28.2535 33.5257 -33.0759 -28.1968 33.5102 
-33.1966 -28.1203 33.4917 -33.2611 -28.0791 33.482 -33.3917 -27.9895 33.4641 
-33.4057 -27.9804 33.4621 -31.7941 -28.8016 33.6499 -31.784 -28.8062 33.65 
-31.644 -28.8811 33.6532 -31.5832 -28.9102 33.6543 -31.4142 -28.988 33.6852 
-31.3833 -29.003 33.6882 -31.3433 -29.0546 33.9023 -31.3779 -29.1034 34.1298 
-31.3145 -29.2045 34.2473 -31.2656 -29.3458 34.3851 -31.1917 -29.5033 34.4784 
-33.4133 -27.9758 33.4611 -33.5595 -27.8934 33.4415 -33.6316 -27.8508 33.4331 
-33.7336 -27.7951 33.4212 -33.9173 -27.6855 33.4428 -34.0988 -27.5912 33.3917 
-34.006 -27.6376 33.3978 -34.1362 -27.5718 33.3893 -34.2888 -27.5032 33.38 
-34.4777 -27.42 33.3661 -34.3973 -27.4518 33.3704 -29.8424 -31.6736 35.1945 
-29.613 -31.8957 35.2076 -29.4355 -32.0467 35.1817 -29.2222 -32.1045 35.0468 
-29.0364 -32.2947 34.9892 -28.9775 -32.5588 35.0986 -28.9526 -32.7862 35.2134 
-28.9214 -32.9421 35.2759 -28.7913 -33.0582 35.2285 -28.7482 -33.305 35.3442 
-28.7689 -33.5638 35.5082 -28.7008 -33.7617 35.5725 -28.5505 -33.8979 35.5386 
-28.5411 -34.1398 35.639 -28.337 -34.2983 35.5684 -27.8621 -34.7801 35.012 
-27.8893 -34.5442 34.9647 -27.9573 -34.3377 35.0695 -28.0606 -34.427 35.3215 
-28.1947 -34.4073 35.4924 -30.4345 -31.3188 35.2265 -30.1055 -31.3961 35.1317 
-30.5171 -30.8892 34.9446 -30.3556 -31.1411 35.0625 -31.0007 -30.0385 34.6858 
-30.9005 -30.3085 34.7866 -30.8715 -30.5566 34.9368 -30.7087 -30.7084 34.9322 
-31.0669 -29.6525 34.4748 -31.0752 -29.8322 34.6136 -31.2203 -29.0993 33.6881 
-31.1697 -29.1277 33.6968 -31.1549 -29.152 33.8543 -31.2268 -29.1589 34.0489 
-31.1418 -29.2978 34.1871 -31.1363 -29.4034 34.3388 -31.075 -29.5015 34.3695 
-33.8769 -27.7086 33.4074 -33.9142 -27.6885 33.4037 -29.5707 -31.6415 35.0207 
-29.7896 -31.4423 35.0103 -29.3978 -31.8695 35.0504 -29.0753 -31.9779 34.8249 
-29.2183 -31.8395 34.8817 -29.0557 -32.1318 34.9072 -28.9098 -32.1441 34.7204 
-28.8887 -32.4056 34.9053 -28.8391 -32.5748 34.9681 -28.8274 -32.7395 35.063 
-28.8272 -32.8979 35.1654 -28.653 -32.9292 34.9834 -28.6146 -33.1752 35.1435 
-28.5231 -33.3584 35.1891 -28.5578 -33.5473 35.3493 -28.5846 -33.7154 35.4722 
-28.3788 -33.7832 35.3364 -28.3611 -34.056 35.4721 -28.1972 -34.2212 35.3993 
-27.898 -34.47 34.9449 -27.9141 -34.2696 34.8899 -27.9783 -34.1193 34.9914 
-28.0702 -34.1571 35.1887 -29.9207 -31.2316 34.9152 -30.1322 -31.1672 34.9722 
-30.3063 -30.7477 34.6515 -30.2384 -30.9898 34.8655 -30.5449 -30.689 34.7938 
-30.8813 -29.8448 34.4 -30.821 -30.1176 34.5683 -30.7159 -30.2915 34.6012 
-30.6881 -30.5094 34.7585 -30.9716 -29.5692 34.2763 -31.0475 -29.2383 33.7126 
-30.9999 -29.2836 33.7488 -31.0885 -29.2423 33.9762 -30.9781 -29.4068 34.0487 
-31.0508 -29.4237 34.2483 -29.5902 -31.4193 34.8766 -29.4304 -31.5111 34.8317 
-29.3507 -31.6731 34.8871 -29.711 -31.2926 34.8509 -29.0994 -31.7935 34.7244 
-28.9844 -31.8574 34.6055 -29.199 -31.6168 34.6885 -28.7826 -32.1201 34.4588 
-28.7692 -32.2692 34.5836 -28.8496 -31.9109 34.3854 -28.8059 -32.3559 34.7475 
-28.7885 -32.4946 34.8384 -28.7293 -32.6595 34.8738 -28.5186 -32.9285 34.7699 
-28.5107 -33.0184 34.8603 -28.5896 -32.7387 34.683 -28.5014 -33.1311 34.9644 
-28.4977 -33.2486 35.079 -28.3742 -33.3259 34.9722 -28.3816 -33.5357 35.1742 
-28.2365 -33.6881 35.1139 -28.216 -33.8314 35.1947 -28.2079 -33.9861 35.278 
-27.9233 -34.1992 34.8725 -27.9498 -34.0233 34.8379 -28.0796 -33.8815 35.0031 
-29.7666 -31.144 34.7337 -29.903 -31.114 34.7975 -30.0285 -31.0711 34.826 
-30.1566 -30.6409 34.3597 -30.0775 -30.7727 34.484 -30.3363 -30.5141 34.3898 
-30.4882 -30.5594 34.6194 -30.0719 -30.9097 34.6652 -30.7498 -29.8241 34.1773 
-30.7403 -29.9181 34.2713 -30.8294 -29.6409 34.0853 -30.7265 -30.0395 34.3776 
-30.7141 -30.1681 34.4923 -30.6004 -30.2131 34.3781 -30.573 -30.4049 34.5512 
-31.0004 -29.2807 33.7194 -30.9839 -29.3012 33.7241 -30.8422 -29.486 33.7601 
-30.8413 -29.4931 33.8139 -29.463 -31.3288 34.6876 -29.5918 -31.312 34.7914 
-29.3171 -31.4552 34.6743 -29.3183 -31.5615 34.7803 -29.6128 -31.2222 34.7104 
-29.0579 -31.691 34.5773 -28.968 -31.663 34.3633 -29.0863 -31.5599 34.4777 
-29.2057 -31.3963 34.4435 -28.7563 -32.162 34.4214 -28.7735 -32.0989 34.4078 
-28.724 -32.2749 34.4451 -28.701 -32.4766 34.6427 -28.6906 -32.3693 34.4642 
-28.8323 -31.9333 34.3656 -28.8414 -31.9098 34.3591 -28.8503 -31.8877 34.3524 
-28.4756 -32.8811 34.5969 -28.3907 -33.0942 34.6866 -28.5339 -32.7502 34.5397 
-28.4843 -32.8415 34.5534 -28.5863 -32.6376 34.5176 -28.2634 -33.313 34.7353 
-28.2299 -33.4395 34.8582 -28.2661 -33.5143 35.013 -28.1544 -33.6091 34.8964 
-27.935 -34.0823 34.8308 -27.9435 -34.026 34.8113 -27.9563 -33.975 34.8035 
-27.9891 -33.885 34.7891 -28.046 -33.7349 34.7522 -29.6433 -31.1311 34.6239 
-29.688 -31.0288 34.5005 -29.8901 -31.0185 34.6688 -30.0528 -30.5697 34.0706 
-29.9689 -30.713 34.2688 -30.1936 -30.5448 34.25 -29.8788 -30.8663 34.4323 
-30.227 -30.468 34.1565 -30.3702 -30.3211 34.1325 -30.4726 -30.3657 34.3798 
-30.4686 -30.4643 34.4969 -30.7066 -29.7702 34.0029 -30.6218 -29.9789 34.1044 
-30.7372 -29.6519 33.8634 -30.5045 -30.1795 34.1715 -30.4861 -30.2691 34.2728 
-30.8114 -29.5246 33.7708 -30.7332 -29.6415 33.7976 -29.3571 -31.2507 34.4628 
-29.3279 -31.3495 34.5715 -29.5166 -31.157 34.523 -29.0552 -31.4811 34.3049 
-28.9702 -31.6066 34.2639 -28.9339 -31.6821 34.2902 -29.1073 -31.3559 34.1822 
-29.2785 -31.1858 34.18 -28.6295 -32.534 34.4988 -28.4647 -32.8878 34.5596 
-28.396 -33.0402 34.5847 -28.3649 -33.101 34.5954 -28.3255 -33.1661 34.6106 
-28.2496 -33.2967 34.6397 -28.1842 -33.4196 34.6723 -28.1601 -33.4696 34.6852 
-28.1439 -33.5062 34.6938 -28.0605 -33.691 34.7413 -29.4882 -31.0519 34.2885 
-29.6537 -30.8891 34.2003 -30.1591 -30.4412 33.9479 -30.0378 -30.5506 33.961 
-29.9716 -30.5956 33.9679 -29.8466 -30.6748 33.9782 -29.8451 -30.6909 34.0432 
-29.8092 -30.7769 34.1997 -30.1878 -30.4178 33.9446 -30.4532 -30.1305 33.9452 
-30.3287 -30.2822 33.9199 -30.2026 -30.4026 33.9421 -30.6517 -29.7941 33.8435 
-30.6282 -29.8427 33.8527 -30.545 -29.9811 33.8751 -30.4846 -30.0633 33.8835 
-30.6849 -29.7259 33.823 -29.4014 -31.1492 34.3624 -29.0267 -31.4868 34.2225 
-29.098 -31.3659 34.1744 -29.1066 -31.3526 34.1692 -29.3716 -31.0632 34.0612 
-29.2672 -31.1718 34.0942 -29.226 -31.2171 34.1122 -29.4474 -30.9903 34.0355 
-29.4873 -30.9561 34.0278 -29.6098 -30.8435 34.0119 -29.7152 -30.7738 34.0511 
-29.7955 -30.7077 33.9844 -29.7089 -30.7635 33.9922 -30.4049 -30.1724 33.8968 
-30.4444 -30.125 33.8868 -29.6513 -30.8057 34.0033 
POLYGONS 9857 39428
3 0 1 2 
3 0 3 4 
3 1 0 4 
3 3 11 12 
3 4 3 12 
3 12 11 29 
3 5 0 2 
3 9 5 2 
3 3 0 6 
3 6 0 5 
3 11 3 13 
3 13 3 6 
3 30 29 11 
3 13 30 11 
3 15 26 35 
3 9 26 15 
3 9 15 5 
3 5 15 16 
3 6 5 17 
3 17 5 16 
3 13 6 18 
3 18 6 17 
3 32 30 13 
3 18 32 13 
3 54 64 76 
3 54 36 44 
3 64 54 44 
3 35 44 36 
3 35 36 15 
3 15 36 37 
3 16 15 38 
3 38 15 37 
3 39 40 17 
3 39 17 38 
3 38 17 16 
3 18 17 40 
3 41 18 40 
3 32 18 41 
3 77 54 76 
3 100 77 76 
3 36 54 55 
3 55 54 77 
3 37 36 56 
3 56 36 55 
3 38 37 57 
3 57 37 56 
3 58 39 38 
3 57 58 38 
3 102 77 100 
3 130 102 100 
3 55 77 78 
3 78 77 102 
3 79 80 56 
3 79 56 78 
3 78 56 55 
3 57 56 80 
3 81 57 80 
3 58 57 81 
3 105 102 130 
3 137 105 130 
3 103 104 78 
3 103 78 105 
3 105 78 102 
3 79 78 104 
3 138 105 137 
3 171 138 137 
3 134 103 105 
3 138 134 105 
3 138 171 165 
3 134 138 165 
3 53 71 52 
3 53 74 75 
3 71 53 75 
3 74 96 97 
3 75 74 97 
3 97 96 125 
3 50 33 34 
3 51 50 34 
3 34 52 51 
3 52 34 53 
3 53 34 47 
3 74 53 68 
3 68 53 47 
3 96 74 94 
3 94 74 68 
3 126 125 96 
3 126 96 123 
3 123 96 94 
3 126 123 155 
3 24 22 8 
3 33 25 14 
3 14 34 33 
3 25 24 8 
3 8 14 25 
3 47 34 31 
3 31 34 14 
3 68 47 48 
3 48 47 31 
3 94 68 69 
3 69 68 48 
3 123 94 91 
3 91 94 69 
3 124 155 123 
3 91 124 123 
3 19 20 7 
3 20 21 7 
3 1 7 2 
3 1 8 7 
3 22 19 7 
3 7 8 22 
3 4 8 1 
3 14 8 4 
3 12 14 4 
3 31 14 12 
3 29 31 12 
3 29 45 31 
3 45 48 31 
3 69 48 65 
3 65 48 45 
3 90 120 91 
3 90 91 65 
3 65 91 69 
3 124 91 120 
3 21 23 7 
3 23 27 10 
3 10 7 23 
3 2 10 9 
3 7 10 2 
3 45 30 46 
3 29 30 45 
3 66 92 65 
3 66 65 46 
3 46 65 45 
3 90 65 92 
3 42 43 28 
3 26 28 35 
3 26 10 28 
3 27 42 28 
3 28 10 27 
3 9 10 26 
3 46 32 49 
3 30 32 46 
3 67 66 46 
3 49 67 46 
3 118 119 89 
3 64 89 76 
3 88 117 89 
3 89 64 88 
3 117 118 89 
3 63 88 64 
3 64 44 63 
3 43 63 44 
3 44 28 43 
3 35 28 44 
3 40 39 59 
3 60 40 59 
3 60 61 40 
3 61 41 40 
3 49 32 41 
3 49 41 62 
3 62 41 61 
3 67 49 62 
3 162 163 133 
3 163 199 164 
3 163 164 133 
3 119 132 101 
3 101 89 119 
3 132 162 133 
3 133 101 132 
3 76 101 100 
3 89 101 76 
3 59 58 82 
3 39 58 59 
3 83 60 59 
3 82 83 59 
3 161 133 164 
3 198 161 164 
3 101 133 131 
3 131 133 161 
3 100 131 130 
3 101 131 100 
3 80 79 106 
3 80 107 81 
3 106 107 80 
3 81 82 58 
3 81 107 82 
3 107 108 82 
3 109 83 82 
3 108 109 82 
3 197 161 198 
3 237 197 198 
3 131 161 160 
3 160 161 197 
3 130 160 137 
3 131 160 130 
3 104 103 135 
3 104 106 79 
3 104 135 106 
3 135 139 106 
3 140 141 107 
3 140 107 139 
3 139 107 106 
3 108 107 141 
3 142 108 141 
3 109 108 142 
3 211 197 237 
3 255 211 237 
3 160 197 172 
3 172 197 211 
3 137 172 171 
3 160 172 137 
3 135 136 166 
3 135 103 136 
3 103 134 136 
3 139 135 166 
3 173 139 166 
3 140 139 173 
3 211 255 245 
3 245 246 204 
3 245 204 211 
3 211 204 172 
3 171 172 204 
3 171 204 167 
3 171 167 165 
3 167 204 205 
3 136 134 165 
3 167 136 165 
3 247 204 246 
3 292 247 246 
3 248 205 204 
3 247 248 204 
3 247 292 294 
3 248 247 294 
3 492 555 491 
3 492 558 559 
3 555 492 559 
3 558 621 622 
3 559 558 622 
3 622 621 689 
3 489 488 430 
3 490 489 430 
3 430 491 490 
3 491 430 492 
3 492 430 493 
3 558 492 560 
3 560 492 493 
3 621 558 561 
3 561 558 560 
3 623 689 621 
3 561 623 621 
3 488 429 430 
3 429 375 376 
3 376 430 429 
3 493 430 431 
3 431 430 376 
3 560 493 494 
3 494 493 431 
3 561 560 495 
3 495 560 494 
3 562 623 561 
3 495 562 561 
3 375 374 324 
3 324 376 375 
3 374 323 324 
3 431 376 377 
3 377 376 324 
3 494 431 432 
3 432 431 377 
3 495 494 434 
3 434 494 432 
3 496 562 495 
3 434 496 495 
3 275 232 233 
3 323 276 277 
3 277 324 323 
3 276 275 233 
3 233 277 276 
3 377 324 325 
3 325 324 277 
3 432 377 378 
3 378 377 325 
3 434 432 380 
3 380 432 378 
3 435 496 434 
3 380 435 434 
3 232 231 194 
3 194 233 232 
3 231 193 194 
3 277 233 234 
3 234 233 194 
3 325 277 278 
3 278 277 234 
3 378 325 326 
3 326 325 278 
3 379 433 380 
3 379 380 326 
3 326 380 378 
3 435 380 433 
3 193 192 158 
3 158 194 193 
3 192 157 158 
3 234 194 195 
3 195 194 158 
3 278 234 235 
3 235 234 195 
3 326 278 279 
3 279 278 235 
3 327 379 326 
3 279 327 326 
3 128 98 99 
3 157 129 127 
3 127 158 157 
3 129 128 99 
3 99 127 129 
3 195 158 159 
3 159 158 127 
3 235 195 196 
3 196 195 159 
3 279 235 236 
3 236 235 196 
3 280 327 279 
3 236 280 279 
3 72 70 52 
3 72 52 73 
3 73 52 71 
3 95 73 71 
3 71 75 95 
3 98 95 75 
3 75 99 98 
3 97 99 75 
3 127 99 97 
3 125 127 97 
3 125 156 127 
3 156 159 127 
3 196 159 191 
3 191 159 156 
3 236 196 229 
3 229 196 191 
3 273 280 236 
3 229 273 236 
3 70 51 52 
3 125 126 156 
3 155 156 126 
3 155 188 156 
3 188 191 156 
3 228 272 229 
3 228 229 188 
3 188 229 191 
3 273 229 272 
3 188 153 189 
3 188 155 153 
3 155 124 153 
3 228 188 189 
3 120 121 152 
3 90 121 120 
3 153 124 120 
3 152 153 120 
3 92 66 93 
3 92 93 122 
3 92 122 90 
3 90 122 121 
3 93 87 116 
3 93 66 87 
3 66 67 87 
3 122 93 116 
3 61 84 85 
3 60 84 61 
3 62 61 86 
3 61 85 86 
3 87 67 62 
3 86 87 62 
3 241 285 286 
3 333 285 287 
3 287 285 241 
3 284 287 241 
3 284 241 240 
3 240 241 200 
3 239 200 199 
3 199 200 164 
3 239 240 200 
3 60 83 84 
3 84 83 110 
3 242 241 286 
3 288 242 286 
3 200 241 201 
3 201 241 242 
3 164 201 198 
3 200 201 164 
3 83 109 110 
3 110 109 143 
3 242 288 282 
3 282 283 238 
3 282 238 242 
3 242 238 201 
3 198 238 237 
3 201 238 198 
3 141 140 174 
3 175 141 174 
3 175 176 141 
3 176 142 141 
3 143 109 142 
3 176 143 142 
3 281 238 283 
3 330 281 283 
3 237 281 255 
3 238 281 237 
3 166 136 168 
3 202 166 168 
3 202 203 166 
3 203 173 166 
3 174 140 173 
3 174 173 212 
3 212 173 203 
3 175 174 212 
3 281 330 290 
3 291 290 338 
3 245 290 291 
3 245 281 290 
3 245 255 281 
3 245 291 246 
3 167 205 206 
3 167 206 169 
3 136 167 169 
3 136 169 170 
3 136 170 168 
3 202 168 170 
3 293 291 338 
3 342 293 338 
3 246 293 292 
3 291 293 246 
3 206 249 207 
3 206 205 249 
3 205 248 249 
3 169 206 207 
3 293 342 341 
3 292 293 341 
3 292 341 294 
3 294 341 295 
3 249 248 294 
3 295 249 294 
3 619 683 618 
3 619 686 687 
3 683 619 687 
3 686 759 760 
3 687 686 760 
3 760 759 838 
3 616 615 557 
3 617 616 557 
3 557 618 617 
3 618 557 619 
3 619 557 620 
3 686 619 688 
3 688 619 620 
3 759 686 761 
3 761 686 688 
3 839 838 759 
3 839 759 764 
3 764 759 761 
3 839 764 842 
3 615 556 557 
3 556 554 491 
3 491 557 556 
3 557 491 555 
3 559 557 555 
3 620 557 559 
3 622 620 559 
3 688 620 622 
3 689 688 622 
3 689 690 688 
3 690 761 688 
3 764 761 692 
3 692 761 690 
3 765 842 764 
3 692 765 764 
3 554 490 491 
3 690 623 624 
3 689 623 690 
3 691 762 692 
3 691 692 624 
3 624 692 690 
3 765 692 762 
3 624 562 563 
3 623 562 624 
3 625 691 624 
3 563 625 624 
3 563 496 497 
3 562 496 563 
3 564 625 563 
3 497 564 563 
3 497 435 498 
3 496 435 497 
3 565 564 497 
3 498 565 497 
3 433 379 381 
3 433 381 436 
3 435 433 436 
3 435 436 499 
3 435 499 498 
3 565 498 499 
3 381 327 328 
3 379 327 381 
3 382 436 381 
3 328 382 381 
3 328 280 329 
3 327 280 328 
3 383 382 328 
3 329 383 328 
3 329 321 372 
3 329 280 321 
3 280 273 321 
3 383 329 372 
3 272 230 274 
3 228 230 272 
3 321 273 272 
3 274 321 272 
3 189 187 226 
3 153 187 189 
3 230 228 189 
3 226 230 189 
3 152 154 186 
3 121 154 152 
3 187 153 152 
3 186 187 152 
3 121 122 154 
3 154 122 151 
3 116 115 150 
3 87 115 116 
3 151 122 116 
3 150 151 116 
3 508 509 444 
3 85 84 111 
3 113 85 111 
3 113 114 85 
3 114 86 85 
3 115 87 86 
3 114 115 86 
3 443 508 444 
3 444 389 443 
3 445 389 444 
3 387 388 334 
3 388 443 389 
3 389 334 388 
3 285 334 286 
3 335 390 334 
3 334 285 335 
3 390 387 334 
3 333 335 285 
3 111 112 144 
3 111 84 112 
3 84 110 112 
3 113 111 144 
3 389 445 391 
3 391 392 336 
3 391 336 389 
3 389 336 334 
3 286 336 288 
3 334 336 286 
3 110 143 112 
3 112 143 145 
3 384 336 392 
3 439 384 392 
3 288 331 282 
3 288 336 331 
3 336 384 331 
3 282 331 283 
3 176 213 178 
3 175 213 176 
3 145 143 176 
3 178 145 176 
3 384 439 385 
3 385 386 332 
3 385 332 384 
3 384 332 331 
3 283 332 330 
3 331 332 283 
3 203 210 243 
3 202 210 203 
3 212 203 244 
3 203 243 244 
3 213 175 212 
3 244 213 212 
3 332 386 339 
3 340 339 393 
3 290 339 340 
3 290 332 339 
3 290 330 332 
3 290 340 338 
3 170 208 209 
3 169 208 170 
3 210 202 170 
3 209 210 170 
3 340 393 396 
3 340 342 338 
3 340 397 342 
3 340 396 397 
3 343 342 397 
3 397 344 343 
3 207 250 251 
3 249 250 207 
3 208 169 207 
3 251 208 207 
3 342 343 341 
3 343 344 296 
3 343 296 341 
3 341 296 295 
3 250 249 295 
3 296 250 295 
3 834 907 833 
3 907 834 908 
3 755 754 685 
3 755 685 756 
3 685 757 758 
3 756 685 758 
3 833 758 757 
3 833 757 834 
3 834 757 835 
3 909 908 834 
3 909 834 910 
3 910 834 835 
3 909 910 986 
3 754 684 685 
3 684 682 618 
3 618 685 684 
3 685 618 683 
3 687 685 683 
3 757 685 687 
3 760 757 687 
3 835 757 760 
3 838 835 760 
3 838 911 835 
3 911 910 835 
3 916 986 910 
3 911 916 910 
3 682 617 618 
3 838 839 911 
3 911 839 842 
3 911 842 916 
3 916 842 843 
3 840 763 841 
3 840 841 843 
3 840 843 765 
3 765 843 842 
3 762 763 840 
3 762 691 763 
3 691 693 763 
3 765 762 840 
3 691 625 693 
3 693 625 626 
3 625 564 626 
3 626 564 627 
3 564 565 627 
3 627 565 566 
3 499 437 500 
3 436 437 499 
3 566 565 499 
3 500 566 499 
3 436 382 437 
3 437 382 438 
3 382 383 438 
3 438 383 427 
3 372 322 373 
3 321 322 372 
3 427 383 372 
3 373 427 372 
3 274 271 320 
3 230 271 274 
3 322 321 274 
3 320 322 274 
3 226 227 270 
3 187 227 226 
3 271 230 226 
3 270 271 226 
3 186 154 190 
3 186 190 225 
3 186 225 187 
3 187 225 227 
3 190 185 224 
3 190 154 185 
3 154 151 185 
3 225 190 224 
3 150 149 184 
3 115 149 150 
3 185 151 150 
3 184 185 150 
3 641 642 577 
3 509 510 444 
3 114 147 148 
3 113 147 114 
3 149 115 114 
3 148 149 114 
3 576 641 577 
3 577 511 576 
3 575 511 577 
3 444 511 445 
3 576 511 510 
3 510 511 444 
3 144 146 177 
3 112 146 144 
3 147 113 144 
3 177 147 144 
3 507 511 575 
3 574 507 575 
3 445 446 391 
3 445 511 446 
3 511 507 446 
3 391 446 392 
3 112 145 146 
3 146 145 179 
3 507 574 506 
3 506 502 442 
3 506 442 507 
3 507 442 446 
3 392 442 439 
3 446 442 392 
3 178 215 216 
3 213 215 178 
3 179 145 178 
3 216 179 178 
3 442 502 440 
3 441 440 449 
3 385 440 441 
3 385 442 440 
3 385 439 442 
3 385 441 386 
3 243 254 289 
3 210 254 243 
3 244 243 257 
3 243 289 257 
3 215 213 244 
3 257 215 244 
3 441 449 394 
3 386 441 394 
3 386 394 339 
3 339 394 395 
3 395 393 339 
3 447 393 395 
3 209 252 253 
3 208 252 209 
3 254 210 209 
3 253 254 209 
3 393 447 448 
3 396 393 448 
3 397 396 398 
3 396 448 398 
3 398 344 397 
3 399 344 398 
3 251 297 298 
3 250 297 251 
3 252 208 251 
3 298 252 251 
3 344 399 345 
3 296 344 345 
3 297 250 296 
3 345 297 296 
3 988 987 913 
3 913 914 989 
3 988 913 990 
3 990 913 989 
3 914 991 992 
3 989 914 992 
3 992 991 1069 
3 987 912 913 
3 912 836 837 
3 837 913 912 
3 907 837 833 
3 907 914 837 
3 914 913 837 
3 908 914 907 
3 908 985 914 
3 985 991 914 
3 1070 1069 991 
3 1070 991 1064 
3 1064 991 985 
3 1070 1064 1144 
3 831 755 756 
3 832 831 756 
3 756 758 832 
3 836 832 758 
3 758 837 836 
3 833 837 758 
3 908 909 985 
3 1065 1064 985 
3 1065 985 986 
3 1065 986 994 
3 909 986 985 
3 1144 1064 1065 
3 986 916 994 
3 994 916 917 
3 916 843 917 
3 917 843 915 
3 841 766 844 
3 763 766 841 
3 915 843 841 
3 844 915 841 
3 763 693 766 
3 766 693 694 
3 693 626 694 
3 694 626 695 
3 626 627 695 
3 695 627 628 
3 627 566 628 
3 628 566 568 
3 500 501 567 
3 437 501 500 
3 568 566 500 
3 567 568 500 
3 437 438 501 
3 501 438 486 
3 438 427 486 
3 486 427 428 
3 373 371 425 
3 322 371 373 
3 428 427 373 
3 425 428 373 
3 320 319 370 
3 271 319 320 
3 371 322 320 
3 370 371 320 
3 270 269 318 
3 227 269 270 
3 319 271 270 
3 318 319 270 
3 227 225 269 
3 269 225 268 
3 224 223 267 
3 185 223 224 
3 268 225 224 
3 267 268 224 
3 184 183 222 
3 149 183 184 
3 223 185 184 
3 222 223 184 
3 712 713 643 
3 713 785 710 
3 713 710 643 
3 711 643 642 
3 642 643 577 
3 711 712 643 
3 148 181 182 
3 147 181 148 
3 183 149 148 
3 182 183 148 
3 640 643 710 
3 699 640 710 
3 577 640 575 
3 643 640 577 
3 177 180 214 
3 146 180 177 
3 181 147 177 
3 214 181 177 
3 631 640 699 
3 700 631 699 
3 575 631 574 
3 640 631 575 
3 146 179 180 
3 180 179 217 
3 632 631 700 
3 633 632 700 
3 574 569 506 
3 574 631 569 
3 631 632 569 
3 506 569 502 
3 216 258 259 
3 215 258 216 
3 217 179 216 
3 259 217 216 
3 632 633 570 
3 569 632 570 
3 503 569 570 
3 502 569 503 
3 502 503 440 
3 440 503 504 
3 449 505 450 
3 449 440 505 
3 440 504 505 
3 505 513 450 
3 289 301 337 
3 254 301 289 
3 257 289 303 
3 289 337 303 
3 258 215 257 
3 303 258 257 
3 449 450 394 
3 450 513 451 
3 450 451 394 
3 394 451 395 
3 447 452 512 
3 447 395 452 
3 395 451 452 
3 452 516 512 
3 253 299 300 
3 252 299 253 
3 301 254 253 
3 300 301 253 
3 447 512 448 
3 512 516 453 
3 512 453 448 
3 448 453 398 
3 453 399 398 
3 454 399 453 
3 298 346 347 
3 297 346 298 
3 299 252 298 
3 347 299 298 
3 399 454 400 
3 345 399 400 
3 346 297 345 
3 400 346 345 
3 1146 1067 1068 
3 1068 1071 1147 
3 1146 1068 1148 
3 1148 1068 1147 
3 1147 1071 1073 
3 1066 990 989 
3 1067 1066 989 
3 989 1068 1067 
3 992 1068 989 
3 1071 1068 992 
3 1069 1149 1072 
3 992 1069 1072 
3 992 1072 1073 
3 992 1073 1071 
3 1072 1149 1150 
3 1069 1070 1149 
3 1149 1070 1144 
3 1149 1144 1150 
3 1150 1144 1145 
3 1065 995 1075 
3 994 995 1065 
3 1145 1144 1065 
3 1075 1145 1065 
3 994 917 995 
3 995 917 993 
3 917 915 993 
3 993 915 918 
3 844 767 845 
3 766 767 844 
3 918 915 844 
3 845 918 844 
3 766 694 767 
3 767 694 768 
3 694 695 768 
3 768 695 696 
3 695 628 696 
3 696 628 630 
3 628 568 630 
3 630 568 629 
3 567 552 613 
3 501 552 567 
3 629 568 567 
3 613 629 567 
3 501 486 552 
3 552 486 487 
3 484 426 485 
3 484 485 487 
3 484 487 428 
3 428 487 486 
3 425 426 484 
3 425 371 426 
3 371 424 426 
3 428 425 484 
3 370 369 423 
3 319 369 370 
3 424 371 370 
3 423 424 370 
3 318 317 368 
3 269 317 318 
3 369 319 318 
3 368 369 318 
3 269 268 317 
3 317 268 316 
3 267 266 315 
3 223 266 267 
3 316 268 267 
3 315 316 267 
3 222 221 265 
3 183 221 222 
3 266 223 222 
3 265 266 222 
3 925 926 850 
3 785 786 710 
3 182 219 220 
3 181 219 182 
3 221 183 182 
3 220 221 182 
3 851 925 850 
3 850 772 851 
3 852 772 850 
3 710 772 699 
3 851 772 786 
3 786 772 710 
3 214 218 256 
3 180 218 214 
3 219 181 214 
3 256 219 214 
3 773 772 852 
3 774 773 852 
3 699 773 700 
3 772 773 699 
3 180 217 218 
3 218 217 260 
3 701 773 774 
3 702 701 774 
3 700 701 633 
3 773 701 700 
3 304 352 305 
3 304 259 258 
3 304 305 259 
3 305 306 259 
3 260 217 259 
3 306 260 259 
3 701 702 634 
3 633 701 634 
3 633 634 570 
3 570 634 635 
3 503 570 571 
3 570 635 571 
3 504 503 572 
3 503 571 572 
3 505 504 573 
3 504 572 573 
3 573 513 505 
3 578 513 573 
3 337 350 353 
3 301 350 337 
3 352 304 303 
3 352 303 353 
3 353 303 337 
3 258 303 304 
3 513 578 514 
3 451 513 514 
3 452 451 515 
3 451 514 515 
3 515 516 452 
3 581 516 515 
3 300 348 349 
3 299 348 300 
3 350 301 300 
3 349 350 300 
3 516 581 517 
3 453 516 517 
3 517 454 453 
3 518 454 517 
3 347 401 402 
3 346 401 347 
3 348 299 347 
3 402 348 347 
3 454 518 455 
3 400 454 455 
3 401 346 400 
3 455 401 400 
3 1322 1321 1237 
3 1237 1152 1241 
3 1322 1237 1323 
3 1323 1237 1241 
3 1152 1239 1242 
3 1241 1152 1242 
3 1242 1239 1327 
3 1321 1236 1237 
3 1236 1148 1147 
3 1236 1147 1237 
3 1152 1237 1147 
3 1073 1152 1147 
3 1073 1151 1152 
3 1151 1239 1152 
3 1328 1327 1239 
3 1328 1239 1240 
3 1240 1239 1151 
3 1328 1240 1324 
3 1073 1072 1151 
3 1238 1240 1151 
3 1238 1151 1150 
3 1238 1150 1235 
3 1072 1150 1151 
3 1324 1240 1238 
3 1150 1145 1235 
3 1235 1145 1155 
3 1075 1074 1153 
3 995 1074 1075 
3 1155 1145 1075 
3 1153 1155 1075 
3 995 993 1074 
3 1074 993 996 
3 919 846 920 
3 919 920 996 
3 919 996 918 
3 918 996 993 
3 845 846 919 
3 845 767 846 
3 767 847 846 
3 918 845 919 
3 767 768 847 
3 847 768 769 
3 768 696 769 
3 769 696 698 
3 696 630 698 
3 698 630 697 
3 630 629 697 
3 697 629 680 
3 613 553 614 
3 552 553 613 
3 680 629 613 
3 614 680 613 
3 552 487 553 
3 553 487 551 
3 485 483 550 
3 426 483 485 
3 551 487 485 
3 550 551 485 
3 426 424 483 
3 483 424 482 
3 423 422 481 
3 369 422 423 
3 482 424 423 
3 481 482 423 
3 368 367 421 
3 317 367 368 
3 422 369 368 
3 421 422 368 
3 317 316 367 
3 367 316 366 
3 315 314 365 
3 266 314 315 
3 366 316 315 
3 365 366 315 
3 265 264 313 
3 221 264 265 
3 314 266 265 
3 313 314 265 
3 1082 1083 1001 
3 926 927 850 
3 220 262 263 
3 219 262 220 
3 264 221 220 
3 263 264 220 
3 1000 1082 1001 
3 1001 928 1000 
3 929 928 1001 
3 850 928 852 
3 1000 928 927 
3 927 928 850 
3 256 261 302 
3 218 261 256 
3 262 219 256 
3 302 262 256 
3 853 928 929 
3 854 853 929 
3 852 853 774 
3 928 853 852 
3 307 356 308 
3 307 308 261 
3 307 261 260 
3 260 261 218 
3 775 853 854 
3 855 775 854 
3 774 775 702 
3 853 775 774 
3 305 354 355 
3 352 354 305 
3 356 307 306 
3 356 306 355 
3 355 306 305 
3 260 306 307 
3 776 775 855 
3 856 776 855 
3 702 703 634 
3 702 775 703 
3 775 776 703 
3 704 634 703 
3 704 705 634 
3 705 635 634 
3 571 635 636 
3 635 705 636 
3 572 571 637 
3 571 636 637 
3 573 572 638 
3 572 637 638 
3 578 639 579 
3 578 573 639 
3 573 638 639 
3 639 644 579 
3 353 405 407 
3 350 405 353 
3 354 352 353 
3 407 354 353 
3 776 856 777 
3 703 776 777 
3 778 703 777 
3 704 703 778 
3 578 579 514 
3 579 644 580 
3 579 580 514 
3 514 580 515 
3 580 581 515 
3 582 581 580 
3 349 403 404 
3 348 403 349 
3 405 350 349 
3 404 405 349 
3 581 582 519 
3 517 581 519 
3 518 457 456 
3 518 517 457 
3 517 519 457 
3 456 402 401 
3 456 457 402 
3 457 458 402 
3 403 348 402 
3 458 403 402 
3 518 456 455 
3 401 455 456 
3 1418 1330 1331 
3 1331 1332 1419 
3 1418 1331 1420 
3 1420 1331 1419 
3 1332 1421 1422 
3 1419 1332 1422 
3 1422 1421 1500 
3 1329 1323 1241 
3 1330 1329 1241 
3 1241 1331 1330 
3 1242 1331 1241 
3 1332 1331 1242 
3 1327 1332 1242 
3 1327 1414 1332 
3 1414 1421 1332 
3 1415 1500 1421 
3 1414 1415 1421 
3 1327 1328 1414 
3 1414 1328 1324 
3 1414 1324 1415 
3 1415 1324 1326 
3 1238 1245 1325 
3 1235 1245 1238 
3 1326 1324 1238 
3 1325 1326 1238 
3 1243 1154 1244 
3 1243 1244 1245 
3 1243 1245 1155 
3 1155 1245 1235 
3 1153 1154 1243 
3 1153 1074 1154 
3 1074 1076 1154 
3 1155 1153 1243 
3 1074 996 1076 
3 1076 996 1077 
3 920 846 921 
3 920 921 997 
3 920 997 996 
3 996 997 1077 
3 921 848 922 
3 921 846 848 
3 846 847 848 
3 997 921 922 
3 847 769 848 
3 848 769 771 
3 769 698 771 
3 771 698 770 
3 698 697 770 
3 770 697 752 
3 697 680 752 
3 752 680 681 
3 614 612 679 
3 553 612 614 
3 681 680 614 
3 679 681 614 
3 553 551 612 
3 612 551 611 
3 550 549 610 
3 483 549 550 
3 611 551 550 
3 610 611 550 
3 483 482 549 
3 549 482 548 
3 481 480 546 
3 422 480 481 
3 548 482 481 
3 546 548 481 
3 421 420 479 
3 367 420 421 
3 480 422 421 
3 479 480 421 
3 367 366 420 
3 420 366 419 
3 365 364 418 
3 314 364 365 
3 419 366 365 
3 418 419 365 
3 313 312 363 
3 264 312 313 
3 364 314 313 
3 363 364 313 
3 1163 1164 1084 
3 1164 1169 1087 
3 1164 1087 1084 
3 1162 1084 1083 
3 1083 1084 1001 
3 1162 1163 1084 
3 263 310 311 
3 262 310 263 
3 312 264 263 
3 311 312 263 
3 1003 1085 1086 
3 1087 1085 1003 
3 1087 1003 1084 
3 1084 1003 1002 
3 1001 1002 929 
3 1084 1002 1001 
3 302 309 351 
3 261 309 302 
3 310 262 302 
3 351 310 302 
3 1004 1003 1086 
3 1088 1004 1086 
3 1002 1003 930 
3 930 1003 1004 
3 929 930 854 
3 1002 930 929 
3 308 357 358 
3 356 357 308 
3 309 261 308 
3 358 309 308 
3 1004 1088 1005 
3 1005 1006 931 
3 1005 931 1004 
3 1004 931 930 
3 854 931 855 
3 930 931 854 
3 355 408 409 
3 354 408 355 
3 357 356 355 
3 409 357 355 
3 932 931 1006 
3 933 932 1006 
3 855 932 856 
3 931 932 855 
3 705 779 780 
3 704 779 705 
3 636 705 706 
3 705 780 706 
3 637 636 707 
3 636 706 707 
3 638 637 708 
3 637 707 708 
3 639 638 709 
3 638 708 709 
3 709 644 639 
3 714 644 709 
3 459 522 462 
3 459 407 405 
3 459 462 407 
3 462 463 407 
3 408 354 407 
3 463 408 407 
3 932 933 857 
3 856 932 857 
3 856 857 777 
3 777 857 858 
3 778 777 859 
3 777 858 859 
3 779 704 778 
3 859 779 778 
3 644 714 645 
3 580 644 645 
3 645 582 580 
3 646 582 645 
3 460 521 523 
3 522 460 523 
3 459 460 522 
3 459 403 460 
3 459 404 403 
3 405 404 459 
3 582 646 583 
3 519 582 583 
3 457 519 520 
3 519 583 520 
3 521 460 458 
3 521 458 520 
3 520 458 457 
3 403 458 460 
3 1595 1594 1505 
3 1505 1506 1596 
3 1595 1505 1597 
3 1597 1505 1596 
3 1596 1506 1598 
3 1594 1504 1505 
3 1504 1420 1419 
3 1504 1419 1505 
3 1506 1505 1419 
3 1506 1507 1598 
3 1506 1419 1507 
3 1419 1422 1507 
3 1507 1422 1500 
3 1501 1507 1500 
3 1500 1415 1501 
3 1501 1415 1417 
3 1416 1334 1424 
3 1416 1424 1417 
3 1416 1417 1326 
3 1326 1417 1415 
3 1325 1334 1416 
3 1325 1245 1334 
3 1245 1333 1334 
3 1326 1325 1416 
3 1244 1156 1246 
3 1154 1156 1244 
3 1333 1245 1244 
3 1246 1333 1244 
3 1154 1076 1156 
3 1156 1076 1157 
3 1076 1077 1157 
3 1157 1077 1078 
3 1077 997 1078 
3 1078 997 1079 
3 922 848 923 
3 922 923 998 
3 922 998 997 
3 997 998 1079 
3 923 849 924 
3 923 848 849 
3 848 771 849 
3 998 923 924 
3 771 770 849 
3 849 770 829 
3 770 752 829 
3 829 752 753 
3 752 681 753 
3 753 681 751 
3 679 678 750 
3 612 678 679 
3 751 681 679 
3 750 751 679 
3 612 611 678 
3 678 611 677 
3 610 609 675 
3 549 609 610 
3 677 611 610 
3 675 677 610 
3 607 547 608 
3 607 608 609 
3 607 609 548 
3 548 609 549 
3 546 547 607 
3 546 480 547 
3 480 545 547 
3 548 546 607 
3 479 478 544 
3 420 478 479 
3 545 480 479 
3 544 545 479 
3 420 419 478 
3 478 419 477 
3 418 417 475 
3 364 417 418 
3 477 419 418 
3 475 477 418 
3 363 362 416 
3 312 362 363 
3 417 364 363 
3 416 417 363 
3 1341 1342 1251 
3 1169 1167 1087 
3 311 360 361 
3 310 360 311 
3 362 312 311 
3 361 362 311 
3 1252 1341 1251 
3 1251 1165 1252 
3 1253 1165 1251 
3 1085 1165 1086 
3 1166 1254 1165 
3 1165 1085 1166 
3 1254 1252 1165 
3 1167 1166 1085 
3 1085 1087 1167 
3 351 359 406 
3 309 359 351 
3 360 310 351 
3 406 360 351 
3 1168 1165 1253 
3 1255 1168 1253 
3 1086 1168 1088 
3 1165 1168 1086 
3 358 410 411 
3 357 410 358 
3 359 309 358 
3 411 359 358 
3 1170 1168 1255 
3 1256 1170 1255 
3 1088 1089 1005 
3 1088 1168 1089 
3 1168 1170 1089 
3 1005 1089 1006 
3 409 464 465 
3 408 464 409 
3 410 357 409 
3 465 410 409 
3 1170 1256 1171 
3 1089 1170 1171 
3 1090 1089 1171 
3 1090 1006 1089 
3 1090 1007 1006 
3 1007 933 1006 
3 780 860 861 
3 779 860 780 
3 706 780 781 
3 780 861 781 
3 707 706 782 
3 706 781 782 
3 708 707 783 
3 707 782 783 
3 709 708 784 
3 708 783 784 
3 784 714 709 
3 787 714 784 
3 462 525 526 
3 522 525 462 
3 463 462 527 
3 462 526 527 
3 464 408 463 
3 527 464 463 
3 933 1007 934 
3 857 933 934 
3 858 857 935 
3 857 934 935 
3 859 858 936 
3 858 935 936 
3 860 779 859 
3 936 860 859 
3 714 787 715 
3 645 714 715 
3 646 716 647 
3 646 645 716 
3 645 715 716 
3 716 648 647 
3 523 585 586 
3 521 585 523 
3 525 522 523 
3 586 525 523 
3 646 647 583 
3 647 648 584 
3 647 584 583 
3 583 584 520 
3 585 521 520 
3 584 585 520 
3 1769 1677 1678 
3 1769 1678 1770 
3 1770 1678 1679 
3 1676 1597 1596 
3 1677 1676 1596 
3 1596 1678 1677 
3 1598 1589 1671 
3 1596 1598 1671 
3 1596 1671 1679 
3 1596 1679 1678 
3 1671 1589 1590 
3 1598 1507 1589 
3 1589 1507 1501 
3 1589 1501 1590 
3 1590 1501 1502 
3 1501 1417 1502 
3 1502 1417 1503 
3 1424 1423 1508 
3 1334 1423 1424 
3 1503 1417 1424 
3 1508 1503 1424 
3 1334 1333 1423 
3 1423 1333 1336 
3 1246 1247 1335 
3 1156 1247 1246 
3 1336 1333 1246 
3 1335 1336 1246 
3 1156 1157 1247 
3 1247 1157 1158 
3 1157 1078 1158 
3 1158 1078 1159 
3 1078 1079 1159 
3 1159 1079 1080 
3 1079 998 1080 
3 1080 998 999 
3 924 905 983 
3 849 905 924 
3 999 998 924 
3 983 999 924 
3 849 829 905 
3 905 829 830 
3 829 753 830 
3 830 753 828 
3 753 751 828 
3 828 751 827 
3 750 749 825 
3 678 749 750 
3 827 751 750 
3 825 827 750 
3 747 676 748 
3 747 748 749 
3 747 749 677 
3 677 749 678 
3 675 676 747 
3 675 609 676 
3 609 674 676 
3 677 675 747 
3 608 606 673 
3 547 606 608 
3 674 609 608 
3 673 674 608 
3 547 545 606 
3 606 545 605 
3 544 543 604 
3 478 543 544 
3 605 545 544 
3 604 605 544 
3 541 476 542 
3 541 542 543 
3 541 543 477 
3 477 543 478 
3 475 476 541 
3 475 417 476 
3 417 474 476 
3 477 475 541 
3 416 415 473 
3 362 415 416 
3 474 417 416 
3 473 474 416 
3 1516 1604 1515 
3 1515 1431 1516 
3 1517 1516 1431 
3 1518 1517 1431 
3 1514 1518 1431 
3 1342 1343 1251 
3 361 413 414 
3 360 413 361 
3 415 362 361 
3 414 415 361 
3 1432 1431 1515 
3 1436 1432 1515 
3 1514 1431 1430 
3 1430 1431 1344 
3 1344 1431 1432 
3 1251 1344 1253 
3 1430 1344 1343 
3 1343 1344 1251 
3 406 412 461 
3 359 412 406 
3 413 360 406 
3 461 413 406 
3 1347 1432 1436 
3 1437 1347 1436 
3 1344 1432 1345 
3 1345 1432 1347 
3 1253 1345 1255 
3 1344 1345 1253 
3 411 466 467 
3 410 466 411 
3 412 359 411 
3 467 412 411 
3 1348 1347 1437 
3 1433 1348 1437 
3 1345 1347 1258 
3 1258 1347 1348 
3 1255 1258 1256 
3 1345 1258 1255 
3 465 528 529 
3 464 528 465 
3 466 410 465 
3 529 466 465 
3 1348 1433 1346 
3 1258 1348 1346 
3 1257 1258 1346 
3 1172 1257 1173 
3 1171 1257 1172 
3 1171 1258 1257 
3 1171 1256 1258 
3 1171 1091 1090 
3 1172 1091 1171 
3 1090 1091 1007 
3 937 1011 938 
3 937 861 860 
3 937 938 861 
3 938 939 861 
3 781 861 862 
3 861 939 862 
3 782 781 863 
3 781 862 863 
3 783 782 864 
3 782 863 864 
3 784 783 865 
3 783 864 865 
3 865 787 784 
3 866 787 865 
3 526 587 588 
3 525 587 526 
3 527 526 589 
3 526 588 589 
3 528 464 527 
3 589 528 527 
3 1172 1173 1092 
3 1091 1172 1092 
3 1008 1091 1092 
3 1007 1091 1008 
3 1007 1008 934 
3 934 1008 1009 
3 935 934 1010 
3 934 1009 1010 
3 1011 937 936 
3 1011 936 1010 
3 1010 936 935 
3 860 936 937 
3 787 866 788 
3 715 787 788 
3 716 715 717 
3 715 788 717 
3 717 648 716 
3 718 648 717 
3 586 650 651 
3 585 650 586 
3 587 525 586 
3 651 587 586 
3 648 718 649 
3 584 648 649 
3 650 585 584 
3 649 650 584 
3 2063 2060 1959 
3 1959 1958 2061 
3 2063 1959 2064 
3 2064 1959 2061 
3 2061 1958 2062 
3 2060 1957 1959 
3 1958 1959 1863 
3 1957 1862 1863 
3 1957 1863 1959 
3 2052 2062 1958 
3 2052 1958 1949 
3 1949 1958 1863 
3 2052 1949 1950 
3 1859 1860 1766 
3 1862 1861 1767 
3 1767 1863 1862 
3 1861 1859 1766 
3 1766 1767 1861 
3 1949 1863 1854 
3 1854 1863 1767 
3 1855 1950 1949 
3 1854 1855 1949 
3 1860 1771 1766 
3 1771 1770 1679 
3 1771 1679 1766 
3 1679 1673 1766 
3 1673 1767 1766 
3 1854 1767 1763 
3 1763 1767 1673 
3 1764 1855 1854 
3 1763 1764 1854 
3 1679 1671 1673 
3 1672 1763 1673 
3 1672 1673 1590 
3 1672 1590 1591 
3 1671 1590 1673 
3 1764 1763 1672 
3 1590 1502 1591 
3 1591 1502 1592 
3 1502 1503 1592 
3 1592 1503 1593 
3 1508 1426 1510 
3 1423 1426 1508 
3 1593 1503 1508 
3 1510 1593 1508 
3 1423 1336 1426 
3 1426 1336 1427 
3 1335 1247 1337 
3 1335 1337 1425 
3 1335 1425 1336 
3 1336 1425 1427 
3 1337 1248 1338 
3 1337 1247 1248 
3 1247 1158 1248 
3 1425 1337 1338 
3 1158 1159 1248 
3 1248 1159 1160 
3 1159 1080 1160 
3 1160 1080 1081 
3 1080 999 1081 
3 1081 999 1062 
3 983 906 984 
3 905 906 983 
3 1062 999 983 
3 984 1062 983 
3 905 830 906 
3 906 830 904 
3 830 828 904 
3 904 828 903 
3 901 826 902 
3 901 902 903 
3 901 903 827 
3 827 903 828 
3 825 826 901 
3 825 749 826 
3 749 824 826 
3 827 825 901 
3 748 746 823 
3 676 746 748 
3 824 749 748 
3 823 824 748 
3 676 674 746 
3 746 674 745 
3 673 672 744 
3 606 672 673 
3 745 674 673 
3 744 745 673 
3 606 605 672 
3 672 605 671 
3 604 603 669 
3 543 603 604 
3 671 605 604 
3 669 671 604 
3 542 540 602 
3 476 540 542 
3 603 543 542 
3 602 603 542 
3 476 474 540 
3 540 474 539 
3 473 472 538 
3 415 472 473 
3 539 474 473 
3 538 539 473 
3 1692 1782 1691 
3 1691 1611 1692 
3 1693 1692 1611 
3 1694 1693 1611 
3 1694 1611 1686 
3 1686 1611 1605 
3 1685 1605 1604 
3 1604 1605 1515 
3 1685 1687 1605 
3 1687 1686 1605 
3 414 470 471 
3 413 470 414 
3 472 415 414 
3 471 472 414 
3 1609 1611 1691 
3 1610 1609 1691 
3 1605 1611 1524 
3 1524 1611 1609 
3 1515 1524 1436 
3 1605 1524 1515 
3 461 468 524 
3 412 468 461 
3 470 413 461 
3 524 470 461 
3 1522 1609 1610 
3 1607 1522 1610 
3 1524 1609 1523 
3 1523 1609 1522 
3 1436 1523 1437 
3 1524 1523 1436 
3 467 466 530 
3 467 530 469 
3 467 469 412 
3 412 469 468 
3 1522 1607 1521 
3 1521 1519 1435 
3 1521 1435 1522 
3 1522 1435 1523 
3 1437 1435 1433 
3 1523 1435 1437 
3 529 590 591 
3 528 590 529 
3 530 466 529 
3 530 529 533 
3 533 529 591 
3 469 530 533 
3 1435 1519 1434 
3 1349 1434 1350 
3 1346 1434 1349 
3 1346 1435 1434 
3 1346 1433 1435 
3 1346 1259 1257 
3 1349 1259 1346 
3 1257 1259 1173 
3 938 1012 1013 
3 1011 1012 938 
3 939 938 1014 
3 938 1013 1014 
3 862 939 940 
3 939 1014 940 
3 863 862 941 
3 862 940 941 
3 864 863 942 
3 863 941 942 
3 865 864 943 
3 864 942 943 
3 943 866 865 
3 867 866 943 
3 588 652 653 
3 587 652 588 
3 589 588 654 
3 588 653 654 
3 590 528 589 
3 654 590 589 
3 1349 1350 1260 
3 1259 1349 1260 
3 1174 1259 1260 
3 1173 1259 1174 
3 1173 1174 1092 
3 1092 1174 1175 
3 1008 1092 1093 
3 1092 1175 1093 
3 1009 1008 1094 
3 1008 1093 1094 
3 1010 1009 1095 
3 1009 1094 1095 
3 1012 1011 1010 
3 1095 1012 1010 
3 866 867 790 
3 788 866 790 
3 789 790 791 
3 789 717 790 
3 717 788 790 
3 717 789 718 
3 651 721 722 
3 650 721 651 
3 652 587 651 
3 722 652 651 
3 789 791 719 
3 718 789 719 
3 718 719 649 
3 649 719 720 
3 721 650 649 
3 720 721 649 
3 2274 2171 2170 
3 2167 2064 2061 
3 2168 2167 2061 
3 2062 2159 2169 
3 2061 2062 2169 
3 2061 2169 2170 
3 2171 2168 2061 
3 2171 2061 2170 
3 2169 2159 2160 
3 2062 2052 2159 
3 1950 1951 2053 
3 2052 1950 2053 
3 2052 2053 2160 
3 2052 2160 2159 
3 2053 1951 2054 
3 1951 1855 1952 
3 1950 1855 1951 
3 2055 2054 1951 
3 1952 2055 1951 
3 1952 1856 1953 
3 1952 1855 1856 
3 1855 1764 1856 
3 2055 1952 1953 
3 1672 1591 1674 
3 1672 1674 1765 
3 1672 1765 1764 
3 1764 1765 1856 
3 1674 1675 1768 
3 1674 1591 1675 
3 1591 1592 1675 
3 1765 1674 1768 
3 1592 1593 1675 
3 1675 1593 1600 
3 1510 1511 1599 
3 1426 1511 1510 
3 1600 1593 1510 
3 1599 1600 1510 
3 1426 1427 1511 
3 1511 1427 1509 
3 1427 1425 1509 
3 1509 1425 1428 
3 1338 1249 1339 
3 1248 1249 1338 
3 1428 1425 1338 
3 1339 1428 1338 
3 1248 1160 1249 
3 1249 1160 1161 
3 1160 1081 1161 
3 1161 1081 1142 
3 1081 1062 1142 
3 1142 1062 1063 
3 984 982 1061 
3 906 982 984 
3 1063 1062 984 
3 1061 1063 984 
3 906 904 982 
3 982 904 981 
3 904 903 981 
3 981 903 980 
3 902 900 979 
3 826 900 902 
3 980 903 902 
3 979 980 902 
3 826 824 900 
3 900 824 899 
3 823 822 898 
3 746 822 823 
3 899 824 823 
3 898 899 823 
3 746 745 822 
3 822 745 821 
3 744 743 819 
3 672 743 744 
3 821 745 744 
3 819 821 744 
3 741 670 742 
3 741 742 743 
3 741 743 671 
3 671 743 672 
3 669 670 741 
3 669 603 670 
3 603 668 670 
3 671 669 741 
3 602 601 667 
3 540 601 602 
3 668 603 602 
3 667 668 602 
3 540 539 601 
3 601 539 600 
3 1965 1969 1874 
3 1874 1869 1965 
3 1964 1966 1869 
3 1966 1965 1869 
3 538 537 599 
3 472 537 538 
3 600 539 538 
3 599 600 538 
3 1779 1872 1873 
3 1874 1872 1779 
3 1874 1779 1869 
3 1869 1779 1778 
3 1964 1869 1868 
3 1868 1869 1777 
3 1777 1869 1778 
3 1870 1777 1782 
3 1782 1777 1691 
3 1870 1871 1777 
3 1871 1868 1777 
3 471 534 536 
3 470 534 471 
3 537 472 471 
3 536 537 471 
3 1780 1779 1873 
3 1794 1780 1873 
3 1778 1779 1689 
3 1689 1779 1780 
3 1777 1778 1688 
3 1688 1778 1689 
3 1691 1688 1610 
3 1777 1688 1691 
3 524 468 531 
3 524 531 535 
3 524 535 470 
3 470 535 534 
3 1780 1794 1781 
3 1781 1702 1690 
3 1781 1690 1780 
3 1780 1690 1689 
3 1688 1689 1608 
3 1608 1689 1690 
3 1610 1608 1607 
3 1688 1608 1610 
3 531 532 592 
3 531 468 532 
3 468 469 532 
3 535 531 592 
3 1690 1702 1617 
3 1608 1690 1617 
3 1606 1608 1617 
3 1520 1606 1529 
3 1521 1606 1520 
3 1521 1608 1606 
3 1521 1607 1608 
3 1521 1520 1519 
3 591 655 656 
3 590 655 591 
3 533 591 593 
3 591 656 593 
3 532 469 533 
3 593 532 533 
3 1520 1529 1443 
3 1353 1443 1438 
3 1434 1443 1353 
3 1434 1520 1443 
3 1434 1519 1520 
3 1434 1353 1350 
3 1013 1096 1097 
3 1012 1096 1013 
3 1014 1013 1098 
3 1013 1097 1098 
3 940 1014 1015 
3 1014 1098 1015 
3 941 940 1016 
3 940 1015 1016 
3 942 941 1017 
3 941 1016 1017 
3 943 942 944 
3 942 1017 944 
3 944 867 943 
3 945 867 944 
3 653 723 724 
3 652 723 653 
3 654 653 725 
3 653 724 725 
3 655 590 654 
3 725 655 654 
3 1353 1438 1351 
3 1352 1351 1439 
3 1260 1351 1352 
3 1260 1353 1351 
3 1260 1350 1353 
3 1354 1260 1352 
3 1354 1261 1260 
3 1261 1174 1260 
3 1175 1174 1262 
3 1174 1261 1262 
3 1093 1175 1176 
3 1175 1262 1176 
3 1094 1093 1177 
3 1093 1176 1177 
3 1095 1094 1178 
3 1094 1177 1178 
3 1096 1012 1095 
3 1178 1096 1095 
3 867 945 868 
3 790 867 868 
3 868 791 790 
3 869 791 868 
3 722 794 795 
3 721 794 722 
3 723 652 722 
3 795 723 722 
3 1352 1439 1442 
3 1354 1352 1442 
3 791 869 792 
3 719 791 792 
3 720 719 793 
3 719 792 793 
3 794 721 720 
3 793 794 720 
3 2170 2265 2275 
3 2274 2170 2276 
3 2276 2170 2275 
3 2376 2276 2275 
3 2275 2265 2266 
3 2170 2169 2265 
3 2265 2169 2160 
3 2265 2160 2266 
3 2266 2160 2267 
3 2160 2161 2267 
3 2053 2161 2160 
3 2161 2053 2054 
3 2162 2161 2054 
3 2054 2055 2162 
3 2162 2055 2056 
3 1953 1857 1954 
3 1856 1857 1953 
3 2056 2055 1953 
3 1954 2056 1953 
3 1856 1765 1857 
3 1857 1765 1858 
3 1768 1681 1773 
3 1675 1681 1768 
3 1858 1765 1768 
3 1773 1858 1768 
3 1675 1600 1681 
3 1681 1600 1682 
3 1599 1511 1601 
3 1599 1601 1680 
3 1599 1680 1600 
3 1600 1680 1682 
3 1601 1512 1602 
3 1601 1511 1512 
3 1511 1509 1512 
3 1680 1601 1602 
3 1509 1428 1512 
3 1512 1428 1429 
3 1339 1250 1340 
3 1249 1250 1339 
3 1429 1428 1339 
3 1340 1429 1339 
3 1249 1161 1250 
3 1250 1161 1233 
3 1161 1142 1233 
3 1233 1142 1143 
3 1142 1063 1143 
3 1143 1063 1141 
3 1061 1060 1140 
3 982 1060 1061 
3 1141 1063 1061 
3 1140 1141 1061 
3 982 981 1060 
3 1060 981 1059 
3 981 980 1059 
3 1059 980 1058 
3 979 978 1057 
3 900 978 979 
3 1058 980 979 
3 1057 1058 979 
3 900 899 978 
3 978 899 977 
3 898 897 976 
3 822 897 898 
3 977 899 898 
3 976 977 898 
3 895 820 896 
3 895 896 897 
3 895 897 821 
3 821 897 822 
3 819 820 895 
3 819 743 820 
3 743 818 820 
3 821 819 895 
3 742 740 817 
3 670 740 742 
3 818 743 742 
3 817 818 742 
3 670 668 740 
3 740 668 739 
3 667 666 738 
3 601 666 667 
3 739 668 667 
3 738 739 667 
3 601 600 666 
3 666 600 665 
3 2084 2086 1988 
3 1988 1986 2084 
3 2083 2085 1986 
3 2085 2084 1986 
3 1969 1968 1874 
3 599 598 664 
3 537 598 599 
3 665 600 599 
3 664 665 599 
3 1889 1986 1988 
3 1989 1889 1988 
3 2083 1986 1985 
3 1985 1986 1888 
3 1888 1986 1889 
3 1872 1888 1873 
3 1967 1987 1888 
3 1888 1872 1967 
3 1987 1985 1888 
3 1968 1967 1872 
3 1872 1874 1968 
3 536 595 597 
3 534 595 536 
3 598 537 536 
3 597 598 536 
3 1890 1889 1989 
3 1990 1890 1989 
3 1888 1889 1795 
3 1795 1889 1890 
3 1873 1795 1794 
3 1888 1795 1873 
3 534 535 595 
3 595 535 596 
3 1890 1990 1891 
3 1891 1885 1796 
3 1891 1796 1890 
3 1890 1796 1795 
3 1794 1704 1781 
3 1794 1795 1704 
3 1795 1796 1704 
3 1781 1704 1702 
3 592 594 657 
3 532 594 592 
3 596 535 592 
3 657 596 592 
3 1796 1885 1792 
3 1704 1796 1792 
3 1703 1704 1792 
3 1618 1703 1700 
3 1617 1703 1618 
3 1617 1704 1703 
3 1617 1702 1704 
3 1617 1531 1606 
3 1618 1531 1617 
3 1606 1531 1529 
3 656 655 726 
3 727 656 726 
3 727 658 656 
3 658 593 656 
3 594 532 593 
3 658 594 593 
3 1618 1700 1616 
3 1531 1618 1616 
3 1530 1531 1616 
3 1525 1530 1526 
3 1443 1530 1525 
3 1443 1531 1530 
3 1443 1529 1531 
3 1443 1525 1438 
3 1179 1265 1180 
3 1179 1097 1096 
3 1179 1180 1097 
3 1180 1181 1097 
3 1098 1097 1182 
3 1097 1181 1182 
3 1015 1098 1099 
3 1098 1182 1099 
3 1016 1015 1100 
3 1015 1099 1100 
3 1017 1016 1019 
3 1016 1100 1019 
3 1018 1019 1020 
3 1018 944 1019 
3 944 1017 1019 
3 944 1018 945 
3 724 723 796 
3 799 724 796 
3 799 800 724 
3 800 725 724 
3 726 655 725 
3 726 725 801 
3 801 725 800 
3 727 726 801 
3 1525 1526 1440 
3 1438 1525 1440 
3 1438 1440 1351 
3 1351 1440 1441 
3 1439 1356 1355 
3 1439 1351 1356 
3 1351 1441 1356 
3 1355 1261 1354 
3 1355 1356 1261 
3 1356 1357 1261 
3 1262 1261 1358 
3 1261 1357 1358 
3 1176 1262 1263 
3 1262 1358 1263 
3 1177 1176 1264 
3 1176 1263 1264 
3 1265 1179 1178 
3 1265 1178 1264 
3 1264 1178 1177 
3 1096 1178 1179 
3 1018 1020 946 
3 945 1018 946 
3 945 946 868 
3 868 946 947 
3 947 869 868 
3 948 869 947 
3 795 794 873 
3 795 873 797 
3 723 795 797 
3 723 797 798 
3 723 798 796 
3 799 796 798 
3 1439 1355 1442 
3 1354 1442 1355 
3 869 948 870 
3 792 869 870 
3 871 870 949 
3 871 793 870 
3 793 792 870 
3 793 871 872 
3 794 793 872 
3 794 872 874 
3 794 874 873 
3 797 873 874 
3 871 949 951 
3 872 871 951 
3 2469 2377 2367 
3 2377 2376 2275 
3 2377 2275 2367 
3 2367 2275 2266 
3 2368 2367 2266 
3 2369 2267 2268 
3 2369 2368 2267 
3 2368 2266 2267 
3 2369 2268 2269 
3 2267 2161 2268 
3 2268 2161 2162 
3 2268 2162 2269 
3 2269 2162 2163 
3 2057 1955 2058 
3 2057 2058 2163 
3 2057 2163 2056 
3 2056 2163 2162 
3 1954 1955 2057 
3 1954 1857 1955 
3 1857 1956 1955 
3 2056 1954 2057 
3 1857 1858 1956 
3 1956 1858 1866 
3 1773 1774 1865 
3 1681 1774 1773 
3 1866 1858 1773 
3 1865 1866 1773 
3 1681 1682 1774 
3 1774 1682 1772 
3 1682 1680 1772 
3 1772 1680 1683 
3 1602 1513 1603 
3 1512 1513 1602 
3 1683 1680 1602 
3 1603 1683 1602 
3 1512 1429 1513 
3 1513 1429 1497 
3 1340 1250 1319 
3 1340 1319 1412 
3 1340 1412 1429 
3 1429 1412 1497 
3 1319 1234 1320 
3 1319 1250 1234 
3 1250 1233 1234 
3 1412 1319 1320 
3 1233 1143 1234 
3 1234 1143 1232 
3 1143 1141 1232 
3 1232 1141 1231 
3 1140 1139 1229 
3 1060 1139 1140 
3 1231 1141 1140 
3 1229 1231 1140 
3 1060 1059 1139 
3 1139 1059 1138 
3 1059 1058 1138 
3 1138 1058 1137 
3 1057 1056 1136 
3 978 1056 1057 
3 1137 1058 1057 
3 1136 1137 1057 
3 978 977 1056 
3 1056 977 1055 
3 976 975 1054 
3 897 975 976 
3 1055 977 976 
3 1054 1055 976 
3 896 894 974 
3 820 894 896 
3 975 897 896 
3 974 975 896 
3 820 818 894 
3 894 818 893 
3 817 816 892 
3 740 816 817 
3 893 818 817 
3 892 893 817 
3 740 739 816 
3 816 739 815 
3 738 737 814 
3 666 737 738 
3 815 739 738 
3 814 815 738 
3 666 665 737 
3 737 665 736 
3 2190 2191 2087 
3 2191 2294 2192 
3 2191 2192 2087 
3 2189 2087 2086 
3 2086 2087 1988 
3 2189 2193 2087 
3 2193 2190 2087 
3 664 663 735 
3 598 663 664 
3 736 665 664 
3 735 736 664 
3 2093 2199 2196 
3 2192 2199 2093 
3 2192 2093 2087 
3 2087 2093 2088 
3 1988 2088 1989 
3 2087 2088 1988 
3 597 661 662 
3 595 661 597 
3 663 598 597 
3 662 663 597 
3 2093 2196 2092 
3 2092 2089 1992 
3 2092 1992 2093 
3 2093 1992 2088 
3 1989 1992 1990 
3 2088 1992 1989 
3 659 728 729 
3 659 729 661 
3 659 661 596 
3 596 661 595 
3 1992 2089 1991 
3 1981 1991 1982 
3 1891 1991 1981 
3 1891 1992 1991 
3 1891 1990 1992 
3 1891 1981 1885 
3 660 730 731 
3 728 660 731 
3 659 660 728 
3 659 594 660 
3 659 657 594 
3 596 657 659 
3 1981 1982 1886 
3 1885 1981 1886 
3 1885 1886 1792 
3 1792 1886 1793 
3 1788 1793 1789 
3 1788 1703 1793 
3 1703 1792 1793 
3 1703 1788 1700 
3 732 806 803 
3 730 732 803 
3 660 732 730 
3 660 727 732 
3 660 658 727 
3 594 658 660 
3 1788 1789 1701 
3 1700 1788 1701 
3 1700 1701 1616 
3 1616 1701 1695 
3 1530 1616 1612 
3 1616 1695 1612 
3 1612 1526 1530 
3 1613 1526 1612 
3 1180 1266 1267 
3 1265 1266 1180 
3 1181 1180 1268 
3 1180 1267 1268 
3 1182 1181 1269 
3 1181 1268 1269 
3 1099 1182 1183 
3 1182 1269 1183 
3 1100 1099 1184 
3 1099 1183 1184 
3 1019 1100 1101 
3 1100 1184 1101 
3 1101 1020 1019 
3 1102 1020 1101 
3 800 877 878 
3 799 877 800 
3 806 732 801 
3 806 801 878 
3 878 801 800 
3 727 801 732 
3 1526 1613 1527 
3 1440 1526 1527 
3 1441 1440 1528 
3 1440 1527 1528 
3 1356 1441 1444 
3 1441 1528 1444 
3 1357 1356 1445 
3 1356 1444 1445 
3 1358 1357 1446 
3 1357 1445 1446 
3 1263 1358 1359 
3 1358 1446 1359 
3 1264 1263 1360 
3 1263 1359 1360 
3 1266 1265 1264 
3 1360 1266 1264 
3 1020 1102 1021 
3 946 1020 1021 
3 947 946 1022 
3 946 1021 1022 
3 1022 948 947 
3 1023 948 1022 
3 798 875 876 
3 797 875 798 
3 877 799 798 
3 876 877 798 
3 948 1023 950 
3 870 948 950 
3 950 949 870 
3 1024 949 950 
3 874 952 953 
3 872 952 874 
3 875 797 874 
3 953 875 874 
3 949 1024 1025 
3 951 949 1025 
3 952 872 951 
3 1025 952 951 
3 2661 2565 2566 
3 2470 2471 2565 
3 2565 2471 2566 
3 2470 2469 2367 
3 2470 2367 2471 
3 2471 2367 2368 
3 2372 2471 2368 
3 2368 2370 2372 
3 2369 2370 2368 
3 2370 2369 2269 
3 2270 2370 2269 
3 2269 2163 2270 
3 2270 2163 2165 
3 2058 2059 2164 
3 1955 2059 2058 
3 2165 2163 2058 
3 2164 2165 2058 
3 1955 1956 2059 
3 2059 1956 1962 
3 1956 1866 1962 
3 1962 1866 1961 
3 1865 1864 1960 
3 1774 1864 1865 
3 1961 1866 1865 
3 1960 1961 1865 
3 1774 1772 1864 
3 1864 1772 1775 
3 1772 1683 1775 
3 1775 1683 1684 
3 1603 1586 1668 
3 1513 1586 1603 
3 1684 1683 1603 
3 1668 1684 1603 
3 1513 1497 1586 
3 1586 1497 1498 
3 1497 1412 1498 
3 1498 1412 1413 
3 1320 1318 1411 
3 1234 1318 1320 
3 1413 1412 1320 
3 1411 1413 1320 
3 1234 1232 1318 
3 1318 1232 1317 
3 1315 1230 1316 
3 1315 1316 1317 
3 1315 1317 1231 
3 1231 1317 1232 
3 1229 1230 1315 
3 1229 1139 1230 
3 1139 1228 1230 
3 1231 1229 1315 
3 1139 1138 1228 
3 1228 1138 1227 
3 1138 1137 1227 
3 1227 1137 1226 
3 1136 1135 1224 
3 1056 1135 1136 
3 1226 1137 1136 
3 1224 1226 1136 
3 1056 1055 1135 
3 1135 1055 1134 
3 1054 1053 1132 
3 975 1053 1054 
3 1134 1055 1054 
3 1132 1134 1054 
3 974 973 1052 
3 894 973 974 
3 1053 975 974 
3 1052 1053 974 
3 894 893 973 
3 973 893 972 
3 892 891 970 
3 816 891 892 
3 972 893 892 
3 970 972 892 
3 816 815 891 
3 891 815 890 
3 814 813 888 
3 737 813 814 
3 890 815 814 
3 888 890 814 
3 737 736 813 
3 813 736 812 
3 2400 2401 2298 
3 2397 2301 2295 
3 2396 2295 2294 
3 2294 2295 2192 
3 2396 2397 2295 
3 733 807 808 
3 733 735 663 
3 733 808 735 
3 808 811 735 
3 812 736 735 
3 811 812 735 
3 2299 2400 2298 
3 2298 2197 2299 
3 2300 2197 2298 
3 2199 2197 2196 
3 2199 2295 2197 
3 2301 2299 2197 
3 2197 2295 2301 
3 2192 2295 2199 
3 734 809 810 
3 807 734 810 
3 733 734 807 
3 733 661 734 
3 733 662 661 
3 663 662 733 
3 2198 2197 2300 
3 2296 2198 2300 
3 2196 2091 2092 
3 2196 2197 2091 
3 2197 2198 2091 
3 2092 2091 2089 
3 802 804 879 
3 809 802 879 
3 734 802 809 
3 734 728 802 
3 734 729 728 
3 661 729 734 
3 2198 2296 2194 
3 2091 2198 2194 
3 2090 2091 2194 
3 2079 2090 2080 
3 1991 2090 2079 
3 1991 2091 2090 
3 1991 2089 2091 
3 1991 2079 1982 
3 731 804 802 
3 731 730 804 
3 730 805 804 
3 728 731 802 
3 2079 2080 1983 
3 1982 2079 1983 
3 1982 1983 1886 
3 1886 1983 1887 
3 1880 1887 1881 
3 1880 1793 1887 
3 1793 1886 1887 
3 1793 1880 1789 
3 803 880 881 
3 806 880 803 
3 805 730 803 
3 881 805 803 
3 1880 1881 1790 
3 1789 1880 1790 
3 1789 1790 1701 
3 1701 1790 1791 
3 1695 1701 1783 
3 1701 1791 1783 
3 1612 1695 1696 
3 1695 1783 1696 
3 1696 1613 1612 
3 1697 1613 1696 
3 1267 1361 1362 
3 1266 1361 1267 
3 1268 1267 1363 
3 1267 1362 1363 
3 1269 1268 1364 
3 1268 1363 1364 
3 1183 1269 1270 
3 1269 1364 1270 
3 1184 1183 1186 
3 1183 1270 1186 
3 1185 1186 1187 
3 1185 1101 1186 
3 1101 1184 1186 
3 1101 1185 1102 
3 878 956 957 
3 877 956 878 
3 880 806 878 
3 957 880 878 
3 1613 1697 1614 
3 1527 1613 1614 
3 1528 1527 1615 
3 1527 1614 1615 
3 1444 1528 1532 
3 1528 1615 1532 
3 1445 1444 1533 
3 1444 1532 1533 
3 1446 1445 1534 
3 1445 1533 1534 
3 1359 1446 1447 
3 1446 1534 1447 
3 1360 1359 1448 
3 1359 1447 1448 
3 1361 1266 1360 
3 1448 1361 1360 
3 1185 1187 1103 
3 1102 1185 1103 
3 1102 1103 1021 
3 1021 1103 1104 
3 1105 1104 1108 
3 1105 1022 1104 
3 1022 1021 1104 
3 1022 1105 1023 
3 876 954 955 
3 875 954 876 
3 956 877 876 
3 955 956 876 
3 1105 1108 1026 
3 1023 1105 1026 
3 1023 1026 950 
3 950 1026 1027 
3 1027 1024 950 
3 1106 1024 1027 
3 953 1028 1029 
3 952 1028 953 
3 954 875 953 
3 1029 954 953 
3 1024 1106 1107 
3 1025 1024 1107 
3 1028 952 1025 
3 1107 1028 1025 
3 2566 2472 2567 
3 2661 2566 2662 
3 2662 2566 2567 
3 2663 2662 2567 
3 2567 2472 2473 
3 2566 2471 2472 
3 2472 2471 2372 
3 2472 2372 2473 
3 2473 2372 2373 
3 2371 2372 2370 
3 2371 2272 2372 
3 2272 2373 2372 
3 2370 2270 2371 
3 2271 2272 2371 
3 2166 2272 2271 
3 2270 2165 2271 
3 2371 2270 2271 
3 2164 2166 2271 
3 2164 2059 2166 
3 2059 2067 2166 
3 2165 2164 2271 
3 2059 1962 2067 
3 2067 1962 2066 
3 1962 1961 2066 
3 2066 1961 2065 
3 1960 1867 1963 
3 1864 1867 1960 
3 2065 1961 1960 
3 1963 2065 1960 
3 1864 1775 1867 
3 1867 1775 1776 
3 1775 1684 1776 
3 1776 1684 1760 
3 1668 1587 1669 
3 1586 1587 1668 
3 1760 1684 1668 
3 1669 1760 1668 
3 1586 1498 1587 
3 1587 1498 1499 
3 1498 1413 1499 
3 1499 1413 1496 
3 1411 1410 1495 
3 1318 1410 1411 
3 1496 1413 1411 
3 1495 1496 1411 
3 1318 1317 1410 
3 1410 1317 1409 
3 1316 1314 1406 
3 1230 1314 1316 
3 1409 1317 1316 
3 1406 1409 1316 
3 1230 1228 1314 
3 1314 1228 1313 
3 1228 1227 1313 
3 1313 1227 1312 
3 1310 1225 1311 
3 1310 1311 1312 
3 1310 1312 1226 
3 1226 1312 1227 
3 1224 1225 1310 
3 1224 1135 1225 
3 1135 1223 1225 
3 1226 1224 1310 
3 1219 1133 1220 
3 1219 1220 1223 
3 1219 1223 1134 
3 1134 1223 1135 
3 1132 1133 1219 
3 1132 1053 1133 
3 1053 1131 1133 
3 1134 1132 1219 
3 1052 1051 1129 
3 973 1051 1052 
3 1131 1053 1052 
3 1129 1131 1052 
3 973 972 1051 
3 1051 972 1050 
3 971 1047 1048 
3 971 970 891 
3 971 1048 970 
3 1048 1049 970 
3 1050 972 970 
3 1049 1050 970 
3 969 1044 1046 
3 1047 969 1046 
3 1047 971 969 
3 971 968 969 
3 891 890 968 
3 971 891 968 
3 967 1042 1045 
3 967 1043 966 
3 1045 1043 967 
3 1044 966 1043 
3 1044 969 966 
3 969 889 966 
3 888 813 889 
3 888 889 968 
3 968 889 969 
3 890 888 968 
3 964 1040 1041 
3 1042 964 1041 
3 1042 967 964 
3 967 963 964 
3 966 885 967 
3 885 963 967 
3 889 887 966 
3 887 885 966 
3 813 812 887 
3 889 813 887 
3 2695 2696 2594 
3 2401 2402 2298 
3 965 1040 964 
3 1038 1040 965 
3 963 884 964 
3 884 965 964 
3 808 807 884 
3 808 884 885 
3 885 884 963 
3 811 808 885 
3 887 811 885 
3 812 811 887 
3 2595 2695 2594 
3 2594 2498 2595 
3 2583 2498 2594 
3 2499 2500 2403 
3 2500 2595 2498 
3 2498 2403 2500 
3 2298 2403 2300 
3 2499 2403 2402 
3 2402 2403 2298 
3 960 959 1035 
3 1038 960 1035 
3 1038 965 960 
3 965 886 960 
3 810 809 886 
3 810 886 884 
3 884 886 965 
3 807 810 884 
3 2498 2583 2497 
3 2497 2399 2398 
3 2497 2398 2498 
3 2498 2398 2403 
3 2300 2398 2296 
3 2403 2398 2300 
3 882 959 960 
3 961 959 882 
3 879 804 882 
3 879 882 886 
3 886 882 960 
3 809 879 886 
3 2398 2399 2297 
3 2296 2398 2297 
3 2296 2297 2194 
3 2194 2297 2195 
3 2185 2195 2186 
3 2185 2090 2195 
3 2090 2194 2195 
3 2090 2185 2080 
3 883 961 882 
3 962 961 883 
3 804 805 883 
3 882 804 883 
3 2185 2186 2081 
3 2080 2185 2081 
3 2080 2081 1983 
3 1983 2081 1984 
3 1975 1984 1976 
3 1975 1887 1984 
3 1887 1983 1984 
3 1887 1975 1881 
3 958 1033 1034 
3 962 958 1034 
3 883 958 962 
3 883 880 958 
3 883 881 880 
3 805 881 883 
3 1975 1976 1882 
3 1881 1975 1882 
3 1881 1882 1790 
3 1790 1882 1883 
3 1791 1790 1884 
3 1790 1883 1884 
3 1783 1791 1875 
3 1791 1884 1875 
3 1696 1783 1784 
3 1783 1875 1784 
3 1697 1785 1698 
3 1697 1696 1785 
3 1696 1784 1785 
3 1785 1786 1698 
3 1362 1449 1450 
3 1361 1449 1362 
3 1363 1362 1451 
3 1362 1450 1451 
3 1364 1363 1452 
3 1363 1451 1452 
3 1270 1364 1365 
3 1364 1452 1365 
3 1186 1270 1271 
3 1270 1365 1271 
3 1271 1187 1186 
3 1272 1187 1271 
3 957 1033 958 
3 957 956 1033 
3 956 1032 1033 
3 880 957 958 
3 1697 1698 1614 
3 1698 1786 1699 
3 1698 1699 1614 
3 1614 1699 1615 
3 1532 1615 1619 
3 1615 1699 1619 
3 1533 1532 1620 
3 1532 1619 1620 
3 1534 1533 1621 
3 1533 1620 1621 
3 1447 1534 1535 
3 1534 1621 1535 
3 1448 1447 1536 
3 1447 1535 1536 
3 1449 1361 1448 
3 1536 1449 1448 
3 1187 1272 1188 
3 1103 1187 1188 
3 1104 1103 1189 
3 1103 1188 1189 
3 1189 1108 1104 
3 1192 1108 1189 
3 955 1030 1031 
3 954 1030 955 
3 1032 956 955 
3 1031 1032 955 
3 1108 1192 1109 
3 1026 1108 1109 
3 1027 1026 1110 
3 1026 1109 1110 
3 1110 1106 1027 
3 1190 1106 1110 
3 1029 1111 1112 
3 1028 1111 1029 
3 1030 954 1029 
3 1112 1030 1029 
3 1106 1190 1191 
3 1107 1106 1191 
3 1111 1028 1107 
3 1191 1111 1107 
3 2761 2665 2666 
3 2664 2568 2665 
3 2665 2568 2666 
3 2664 2663 2567 
3 2664 2567 2568 
3 2568 2567 2473 
3 2474 2568 2473 
3 2473 2373 2474 
3 2474 2373 2374 
3 2373 2272 2374 
3 2374 2272 2273 
3 2272 2166 2273 
3 2273 2166 2174 
3 2166 2067 2174 
3 2174 2067 2173 
3 2067 2066 2173 
3 2173 2066 2172 
3 2066 2065 2172 
3 2172 2065 2151 
3 1963 1867 1944 
3 1963 1944 2046 
3 1963 2046 2065 
3 2065 2046 2151 
3 1944 1851 1945 
3 1944 1867 1851 
3 1867 1776 1851 
3 2046 1944 1945 
3 1776 1760 1851 
3 1851 1760 1761 
3 1669 1588 1670 
3 1587 1588 1669 
3 1761 1760 1669 
3 1670 1761 1669 
3 1587 1499 1588 
3 1588 1499 1585 
3 1499 1496 1585 
3 1585 1496 1584 
3 1495 1493 1582 
3 1410 1493 1495 
3 1584 1496 1495 
3 1582 1584 1495 
3 1407 1491 1492 
3 1407 1492 1493 
3 1407 1493 1409 
3 1409 1493 1410 
3 1408 1490 1494 
3 1491 1408 1494 
3 1407 1408 1491 
3 1407 1314 1408 
3 1407 1406 1314 
3 1409 1406 1407 
3 1405 1490 1408 
3 1489 1490 1405 
3 1314 1313 1405 
3 1408 1314 1405 
3 1403 1400 1486 
3 1489 1403 1486 
3 1489 1405 1403 
3 1405 1404 1403 
3 1313 1312 1404 
3 1405 1313 1404 
3 1307 1400 1403 
3 1306 1400 1307 
3 1311 1225 1307 
3 1311 1307 1404 
3 1404 1307 1403 
3 1312 1311 1404 
3 1221 1306 1307 
3 1308 1306 1221 
3 1225 1223 1221 
3 1307 1225 1221 
3 1222 1305 1309 
3 1308 1222 1309 
3 1221 1222 1308 
3 1221 1133 1222 
3 1221 1220 1133 
3 1223 1220 1221 
3 1218 1303 1304 
3 1305 1218 1304 
3 1305 1222 1218 
3 1222 1217 1218 
3 1133 1131 1217 
3 1222 1133 1217 
3 1216 1300 1302 
3 1303 1216 1302 
3 1303 1218 1216 
3 1218 1130 1216 
3 1129 1051 1130 
3 1129 1130 1217 
3 1217 1130 1218 
3 1131 1129 1217 
3 1296 1298 1392 
3 1296 1301 1215 
3 1392 1301 1296 
3 1215 1299 1214 
3 1301 1299 1215 
3 1300 1214 1299 
3 1300 1216 1214 
3 1216 1127 1214 
3 1130 1128 1216 
3 1128 1127 1216 
3 1051 1050 1128 
3 1130 1051 1128 
3 1295 1389 1391 
3 1295 1297 1212 
3 1391 1297 1295 
3 1298 1212 1297 
3 1298 1296 1212 
3 1296 1211 1212 
3 1215 1213 1296 
3 1213 1211 1296 
3 1214 1126 1215 
3 1126 1213 1215 
3 1048 1047 1126 
3 1048 1126 1127 
3 1127 1126 1214 
3 1049 1048 1127 
3 1128 1049 1127 
3 1050 1049 1128 
3 1293 1294 1388 
3 1389 1293 1388 
3 1389 1295 1293 
3 1295 1210 1293 
3 1212 1209 1295 
3 1209 1210 1295 
3 1211 1124 1212 
3 1124 1209 1212 
3 1213 1125 1211 
3 1125 1124 1211 
3 1046 1044 1125 
3 1046 1125 1126 
3 1126 1125 1213 
3 1047 1046 1126 
3 1208 1294 1293 
3 1286 1294 1208 
3 1210 1207 1293 
3 1207 1208 1293 
3 1209 1123 1210 
3 1123 1207 1210 
3 1045 1042 1123 
3 1045 1123 1124 
3 1124 1123 1209 
3 1043 1045 1124 
3 1125 1043 1124 
3 1044 1043 1125 
3 1201 1286 1208 
3 1202 1286 1201 
3 1207 1122 1208 
3 1122 1201 1208 
3 1041 1040 1122 
3 1041 1122 1123 
3 1123 1122 1207 
3 1042 1041 1123 
3 2696 2684 2594 
3 1118 1202 1201 
3 1117 1202 1118 
3 1122 1116 1201 
3 1116 1118 1201 
3 1040 1038 1116 
3 1122 1040 1116 
3 2886 2987 2988 
3 3081 2987 2989 
3 2989 2987 2886 
3 2986 2989 2886 
3 2986 2886 2885 
3 2885 2886 2785 
3 2783 2784 2683 
3 2784 2885 2785 
3 2785 2683 2784 
3 2681 2682 2584 
3 2682 2783 2683 
3 2683 2584 2682 
3 2594 2584 2583 
3 2681 2584 2684 
3 2684 2584 2594 
3 1036 1117 1118 
3 1119 1117 1036 
3 1035 959 1036 
3 1035 1036 1116 
3 1116 1036 1118 
3 1038 1035 1116 
3 2886 2988 2887 
3 2887 2888 2786 
3 2887 2786 2886 
3 2886 2786 2785 
3 2683 2785 2685 
3 2685 2785 2786 
3 2584 2683 2585 
3 2585 2683 2685 
3 2583 2489 2497 
3 2583 2584 2489 
3 2584 2585 2489 
3 2497 2489 2399 
3 1037 1119 1036 
3 1120 1119 1037 
3 959 961 1037 
3 1036 959 1037 
3 2786 2888 2787 
3 2685 2786 2787 
3 2686 2685 2787 
3 2585 2685 2686 
3 2586 2585 2686 
3 2586 2491 2490 
3 2586 2490 2585 
3 2585 2490 2489 
3 2399 2391 2297 
3 2399 2489 2391 
3 2489 2490 2391 
3 2297 2290 2195 
3 2391 2290 2297 
3 2195 2290 2186 
3 1039 1120 1037 
3 1121 1120 1039 
3 961 962 1039 
3 1037 961 1039 
3 2490 2491 2392 
3 2391 2490 2392 
3 2291 2391 2392 
3 2290 2391 2291 
3 2187 2290 2291 
3 2186 2290 2187 
3 2186 2187 2081 
3 2081 2187 2082 
3 2073 2082 2074 
3 2073 1984 2082 
3 1984 2081 2082 
3 1984 2073 1976 
3 1115 1197 1200 
3 1121 1115 1200 
3 1039 1115 1121 
3 1039 1033 1115 
3 1039 1034 1033 
3 962 1034 1039 
3 2073 2074 1977 
3 1976 2073 1977 
3 1976 1977 1882 
3 1882 1977 1978 
3 1883 1882 1979 
3 1882 1978 1979 
3 1884 1883 1980 
3 1883 1979 1980 
3 1875 1884 1970 
3 1884 1980 1970 
3 1784 1875 1876 
3 1875 1970 1876 
3 1785 1784 1877 
3 1784 1876 1877 
3 1877 1786 1785 
3 1878 1786 1877 
3 1450 1449 1537 
3 1538 1450 1537 
3 1538 1539 1450 
3 1539 1451 1450 
3 1452 1451 1540 
3 1451 1539 1540 
3 1365 1452 1453 
3 1452 1540 1453 
3 1271 1365 1366 
3 1365 1453 1366 
3 1366 1272 1271 
3 1367 1272 1366 
3 1113 1197 1115 
3 1198 1197 1113 
3 1033 1032 1113 
3 1115 1033 1113 
3 1786 1878 1787 
3 1699 1786 1787 
3 1619 1699 1705 
3 1699 1787 1705 
3 1620 1619 1706 
3 1619 1705 1706 
3 1621 1620 1707 
3 1620 1706 1707 
3 1535 1621 1622 
3 1621 1707 1622 
3 1536 1535 1623 
3 1535 1622 1623 
3 1537 1449 1536 
3 1537 1536 1624 
3 1624 1536 1623 
3 1538 1537 1624 
3 1272 1367 1273 
3 1188 1272 1273 
3 1189 1188 1274 
3 1188 1273 1274 
3 1274 1192 1189 
3 1277 1192 1274 
3 1114 1195 1199 
3 1198 1114 1199 
3 1113 1114 1198 
3 1113 1030 1114 
3 1113 1031 1030 
3 1032 1031 1113 
3 1192 1277 1193 
3 1109 1192 1193 
3 1194 1193 1278 
3 1194 1110 1193 
3 1110 1109 1193 
3 1110 1194 1190 
3 1112 1195 1114 
3 1112 1111 1195 
3 1111 1196 1195 
3 1030 1112 1114 
3 1194 1278 1275 
3 1190 1194 1275 
3 1190 1275 1191 
3 1191 1275 1276 
3 1196 1111 1191 
3 1276 1196 1191 
3 2762 2761 2666 
3 2763 2762 2666 
3 2666 2667 2763 
3 2666 2569 2667 
3 2568 2569 2666 
3 2569 2568 2474 
3 2475 2569 2474 
3 2474 2374 2475 
3 2475 2374 2375 
3 2374 2273 2375 
3 2375 2273 2279 
3 2273 2174 2279 
3 2279 2174 2278 
3 2174 2173 2278 
3 2278 2173 2277 
3 2173 2172 2277 
3 2277 2172 2256 
3 2172 2151 2256 
3 2256 2151 2152 
3 2151 2046 2152 
3 2152 2046 2047 
3 1945 1852 1946 
3 1851 1852 1945 
3 2047 2046 1945 
3 1946 2047 1945 
3 1851 1761 1852 
3 1852 1761 1762 
3 1670 1667 1759 
3 1588 1667 1670 
3 1762 1761 1670 
3 1759 1762 1670 
3 1588 1585 1667 
3 1667 1585 1666 
3 1583 1664 1665 
3 1583 1665 1666 
3 1583 1666 1584 
3 1584 1666 1585 
3 1662 1753 1754 
3 1662 1663 1581 
3 1754 1663 1662 
3 1664 1581 1663 
3 1583 1581 1664 
3 1583 1493 1581 
3 1583 1582 1493 
3 1584 1582 1583 
3 1661 1660 1751 
3 1753 1661 1751 
3 1753 1662 1661 
3 1662 1580 1661 
3 1492 1491 1580 
3 1492 1580 1581 
3 1581 1580 1662 
3 1493 1492 1581 
3 1579 1660 1661 
3 1659 1660 1579 
3 1494 1490 1579 
3 1494 1579 1580 
3 1580 1579 1661 
3 1491 1494 1580 
3 1576 1575 1656 
3 1659 1576 1656 
3 1659 1579 1576 
3 1579 1574 1576 
3 1490 1489 1574 
3 1579 1490 1574 
3 1487 1575 1576 
3 1577 1575 1487 
3 1486 1400 1487 
3 1486 1487 1574 
3 1574 1487 1576 
3 1489 1486 1574 
3 1488 1573 1578 
3 1577 1488 1578 
3 1577 1487 1488 
3 1487 1401 1488 
3 1400 1306 1401 
3 1487 1400 1401 
3 1485 1573 1488 
3 1571 1573 1485 
3 1401 1402 1488 
3 1402 1485 1488 
3 1306 1308 1402 
3 1401 1306 1402 
3 1484 1567 1572 
3 1484 1570 1483 
3 1572 1570 1484 
3 1571 1483 1570 
3 1571 1485 1483 
3 1485 1399 1483 
3 1309 1305 1399 
3 1309 1399 1402 
3 1402 1399 1485 
3 1308 1309 1402 
3 1482 1563 1569 
3 1482 1568 1480 
3 1569 1568 1482 
3 1480 1566 1479 
3 1568 1566 1480 
3 1567 1479 1566 
3 1567 1484 1479 
3 1484 1481 1479 
3 1483 1398 1484 
3 1398 1481 1484 
3 1304 1303 1398 
3 1304 1398 1399 
3 1399 1398 1483 
3 1305 1304 1399 
3 1476 1564 1565 
3 1476 1562 1475 
3 1565 1562 1476 
3 1563 1475 1562 
3 1563 1482 1475 
3 1482 1478 1475 
3 1480 1397 1482 
3 1397 1478 1482 
3 1479 1395 1480 
3 1395 1397 1480 
3 1481 1396 1479 
3 1396 1395 1479 
3 1302 1300 1396 
3 1302 1396 1398 
3 1398 1396 1481 
3 1303 1302 1398 
3 1477 1564 1476 
3 1561 1564 1477 
3 1475 1393 1476 
3 1393 1477 1476 
3 1478 1394 1475 
3 1394 1393 1475 
3 1392 1298 1394 
3 1392 1394 1397 
3 1397 1394 1478 
3 1301 1392 1397 
3 1395 1301 1397 
3 1299 1301 1395 
3 1396 1299 1395 
3 1300 1299 1396 
3 1474 1553 1560 
3 1561 1474 1560 
3 1561 1477 1474 
3 1477 1473 1474 
3 1391 1389 1473 
3 1391 1473 1393 
3 1393 1473 1477 
3 1297 1391 1393 
3 1394 1297 1393 
3 1298 1297 1394 
3 1466 1467 1552 
3 1553 1466 1552 
3 1553 1474 1466 
3 1474 1390 1466 
3 1388 1294 1390 
3 1388 1390 1473 
3 1473 1390 1474 
3 1389 1388 1473 
3 1382 1467 1466 
3 1383 1467 1382 
3 1390 1381 1466 
3 1381 1382 1466 
3 1294 1286 1381 
3 1390 1294 1381 
3 1288 1383 1382 
3 1384 1383 1288 
3 1381 1287 1382 
3 1287 1288 1382 
3 1286 1202 1287 
3 1381 1286 1287 
3 1289 1384 1288 
3 1385 1384 1289 
3 1287 1203 1288 
3 1203 1289 1288 
3 1202 1117 1203 
3 1287 1202 1203 
3 3189 3283 3188 
3 3188 3084 3189 
3 3190 3189 3084 
3 3187 3190 3084 
3 3187 3084 3083 
3 3083 3084 2990 
3 2987 2990 2988 
3 3082 3085 2990 
3 2990 2987 3082 
3 3085 3083 2990 
3 3081 3082 2987 
3 1290 1385 1289 
3 1386 1385 1290 
3 1203 1204 1289 
3 1204 1290 1289 
3 1117 1119 1204 
3 1203 1117 1204 
3 3086 3084 3188 
3 3191 3086 3188 
3 2990 3084 2991 
3 2991 3084 3086 
3 2988 2889 2887 
3 2988 2990 2889 
3 2990 2991 2889 
3 2887 2889 2888 
3 1291 1386 1290 
3 1387 1386 1291 
3 1204 1205 1290 
3 1205 1291 1290 
3 1119 1120 1205 
3 1204 1119 1205 
3 3086 3191 3087 
3 2991 3086 3087 
3 2992 2991 3087 
3 2992 2891 2890 
3 2992 2890 2991 
3 2991 2890 2889 
3 2888 2788 2787 
3 2888 2889 2788 
3 2889 2890 2788 
3 2787 2687 2686 
3 2788 2687 2787 
3 2686 2587 2586 
3 2687 2587 2686 
3 2586 2587 2491 
3 1292 1387 1291 
3 1380 1387 1292 
3 1205 1206 1291 
3 1206 1292 1291 
3 1120 1121 1206 
3 1205 1120 1206 
3 2890 2891 2789 
3 2788 2890 2789 
3 2688 2788 2789 
3 2687 2788 2688 
3 2588 2687 2688 
3 2587 2687 2588 
3 2492 2587 2588 
3 2491 2587 2492 
3 2491 2492 2392 
3 2392 2492 2493 
3 2291 2392 2393 
3 2392 2493 2393 
3 2187 2291 2292 
3 2291 2393 2292 
3 2082 2187 2188 
3 2187 2292 2188 
3 2074 2180 2075 
3 2074 2082 2180 
3 2082 2188 2180 
3 2180 2181 2075 
3 1285 1380 1292 
3 1377 1380 1285 
3 1200 1197 1285 
3 1200 1285 1206 
3 1206 1285 1292 
3 1121 1200 1206 
3 2074 2075 1977 
3 2075 2181 2076 
3 2075 2076 1977 
3 1977 2076 1978 
3 1979 1978 2077 
3 1978 2076 2077 
3 1980 1979 2078 
3 1979 2077 2078 
3 1970 1980 2068 
3 1980 2078 2068 
3 1876 1970 1971 
3 1970 2068 1971 
3 1877 1876 1972 
3 1876 1971 1972 
3 1972 1878 1877 
3 1973 1878 1972 
3 1539 1625 1626 
3 1538 1625 1539 
3 1540 1539 1541 
3 1539 1626 1541 
3 1453 1540 1455 
3 1540 1541 1455 
3 1454 1455 1456 
3 1454 1366 1455 
3 1366 1453 1455 
3 1366 1454 1367 
3 1282 1377 1285 
3 1378 1377 1282 
3 1197 1198 1282 
3 1285 1197 1282 
3 1878 1973 1879 
3 1787 1878 1879 
3 1705 1787 1797 
3 1787 1879 1797 
3 1706 1705 1798 
3 1705 1797 1798 
3 1707 1706 1799 
3 1706 1798 1799 
3 1622 1707 1708 
3 1707 1799 1708 
3 1623 1622 1709 
3 1622 1708 1709 
3 1624 1623 1710 
3 1623 1709 1710 
3 1625 1538 1624 
3 1710 1625 1624 
3 1454 1456 1368 
3 1367 1454 1368 
3 1367 1368 1273 
3 1273 1368 1369 
3 1370 1369 1372 
3 1370 1274 1369 
3 1274 1273 1369 
3 1274 1370 1277 
3 1283 1375 1379 
3 1378 1283 1379 
3 1282 1283 1378 
3 1282 1195 1283 
3 1282 1199 1195 
3 1198 1199 1282 
3 1370 1372 1279 
3 1277 1370 1279 
3 1277 1279 1193 
3 1193 1279 1280 
3 1278 1281 1371 
3 1278 1193 1281 
3 1193 1280 1281 
3 1375 1371 1281 
3 1375 1283 1371 
3 1283 1284 1371 
3 1195 1196 1284 
3 1283 1195 1284 
3 1278 1371 1275 
3 1276 1275 1371 
3 1284 1276 1371 
3 1196 1276 1284 
3 2764 2763 2667 
3 2765 2764 2667 
3 2667 2668 2765 
3 2667 2570 2668 
3 2569 2570 2667 
3 2570 2569 2475 
3 2476 2570 2475 
3 2475 2375 2476 
3 2476 2375 2380 
3 2375 2279 2380 
3 2380 2279 2379 
3 2378 2359 2460 
3 2378 2460 2379 
3 2378 2379 2278 
3 2278 2379 2279 
3 2360 2359 2378 
3 2259 2359 2360 
3 2278 2277 2360 
3 2378 2278 2360 
3 2360 2358 2259 
3 2358 2360 2277 
3 2358 2277 2257 
3 2257 2277 2256 
3 2256 2152 2257 
3 2257 2152 2153 
3 2152 2047 2153 
3 2153 2047 2048 
3 1946 1853 1947 
3 1852 1853 1946 
3 2048 2047 1946 
3 1947 2048 1946 
3 1852 1762 1853 
3 1853 1762 1850 
3 1759 1758 1847 
3 1667 1758 1759 
3 1850 1762 1759 
3 1847 1850 1759 
3 1757 1845 1846 
3 1757 1846 1758 
3 1757 1758 1666 
3 1666 1758 1667 
3 1755 1842 1843 
3 1755 1844 1756 
3 1843 1844 1755 
3 1845 1756 1844 
3 1757 1756 1845 
3 1757 1664 1756 
3 1757 1665 1664 
3 1666 1665 1757 
3 1841 1931 1935 
3 1841 1934 1840 
3 1935 1934 1841 
3 1842 1840 1934 
3 1755 1840 1842 
3 1755 1753 1840 
3 1755 1754 1753 
3 1663 1754 1755 
3 1756 1663 1755 
3 1664 1663 1756 
3 1836 1839 1930 
3 1931 1836 1930 
3 1931 1841 1836 
3 1841 1752 1836 
3 1751 1660 1752 
3 1751 1752 1840 
3 1840 1752 1841 
3 1753 1751 1840 
3 1749 1837 1838 
3 1839 1749 1838 
3 1839 1836 1749 
3 1836 1748 1749 
3 1752 1747 1836 
3 1747 1748 1836 
3 1660 1659 1747 
3 1752 1660 1747 
3 1835 1928 1929 
3 1837 1835 1929 
3 1837 1749 1835 
3 1749 1750 1835 
3 1748 1657 1749 
3 1657 1750 1749 
3 1656 1575 1657 
3 1656 1657 1747 
3 1747 1657 1748 
3 1659 1656 1747 
3 1834 1923 1927 
3 1928 1834 1927 
3 1928 1835 1834 
3 1835 1746 1834 
3 1750 1745 1835 
3 1745 1746 1835 
3 1657 1658 1750 
3 1658 1745 1750 
3 1575 1577 1658 
3 1657 1575 1658 
3 1831 1833 1924 
3 1831 1922 1830 
3 1924 1922 1831 
3 1923 1830 1922 
3 1923 1834 1830 
3 1834 1744 1830 
3 1746 1743 1834 
3 1743 1744 1834 
3 1745 1655 1746 
3 1655 1743 1746 
3 1578 1573 1655 
3 1578 1655 1658 
3 1658 1655 1745 
3 1577 1578 1658 
3 1827 1826 1919 
3 1827 1832 1742 
3 1919 1832 1827 
3 1833 1742 1832 
3 1833 1831 1742 
3 1831 1740 1742 
3 1830 1739 1831 
3 1739 1740 1831 
3 1744 1741 1830 
3 1741 1739 1830 
3 1743 1653 1744 
3 1653 1741 1744 
3 1655 1654 1743 
3 1654 1653 1743 
3 1573 1571 1654 
3 1655 1573 1654 
3 1736 1826 1827 
3 1828 1826 1736 
3 1742 1738 1827 
3 1738 1736 1827 
3 1740 1652 1742 
3 1652 1738 1742 
3 1739 1650 1740 
3 1650 1652 1740 
3 1741 1651 1739 
3 1651 1650 1739 
3 1572 1567 1651 
3 1572 1651 1653 
3 1653 1651 1741 
3 1570 1572 1653 
3 1654 1570 1653 
3 1571 1570 1654 
3 1737 1825 1829 
3 1828 1737 1829 
3 1828 1736 1737 
3 1736 1647 1737 
3 1738 1648 1736 
3 1648 1647 1736 
3 1569 1563 1648 
3 1569 1648 1652 
3 1652 1648 1738 
3 1568 1569 1652 
3 1650 1568 1652 
3 1566 1568 1650 
3 1651 1566 1650 
3 1567 1566 1651 
3 1735 1816 1824 
3 1825 1735 1824 
3 1825 1737 1735 
3 1737 1649 1735 
3 1565 1564 1649 
3 1565 1649 1647 
3 1647 1649 1737 
3 1562 1565 1647 
3 1648 1562 1647 
3 1563 1562 1648 
3 1727 1728 1815 
3 1816 1727 1815 
3 1816 1735 1727 
3 1735 1726 1727 
3 1649 1646 1735 
3 1646 1726 1735 
3 1564 1561 1646 
3 1649 1564 1646 
3 1639 1728 1727 
3 1642 1728 1639 
3 1726 1638 1727 
3 1638 1639 1727 
3 1560 1553 1638 
3 1560 1638 1646 
3 1646 1638 1726 
3 1561 1560 1646 
3 1640 1729 1730 
3 1640 1641 1555 
3 1730 1641 1640 
3 1642 1555 1641 
3 1642 1639 1555 
3 1639 1554 1555 
3 1552 1467 1554 
3 1552 1554 1638 
3 1638 1554 1639 
3 1553 1552 1638 
3 1731 1820 1818 
3 1729 1731 1818 
3 1729 1640 1731 
3 1640 1643 1731 
3 1555 1556 1640 
3 1556 1643 1640 
3 1554 1468 1555 
3 1468 1556 1555 
3 1467 1383 1468 
3 1554 1467 1468 
3 1734 1820 1731 
3 1814 1820 1734 
3 1643 1644 1731 
3 1644 1734 1731 
3 1556 1557 1643 
3 1557 1644 1643 
3 1468 1469 1556 
3 1469 1557 1556 
3 1383 1384 1469 
3 1468 1383 1469 
3 1725 1814 1734 
3 1813 1814 1725 
3 1644 1645 1734 
3 1645 1725 1734 
3 1557 1558 1644 
3 1558 1645 1644 
3 1469 1470 1557 
3 1470 1558 1557 
3 1384 1385 1470 
3 1469 1384 1470 
3 3283 3284 3188 
3 1725 1724 1813 
3 1724 1637 1723 
3 1724 1725 1637 
3 1725 1645 1637 
3 1558 1559 1645 
3 1559 1637 1645 
3 1470 1471 1558 
3 1471 1559 1558 
3 1385 1386 1471 
3 1470 1385 1471 
3 3378 3379 3287 
3 3379 3472 3380 
3 3379 3380 3287 
3 3285 3286 3192 
3 3286 3378 3287 
3 3287 3192 3286 
3 3188 3192 3191 
3 3285 3192 3284 
3 3284 3192 3188 
3 1636 1723 1637 
3 1722 1723 1636 
3 1559 1551 1637 
3 1551 1636 1637 
3 1471 1472 1559 
3 1472 1551 1559 
3 1386 1387 1472 
3 1471 1386 1472 
3 3287 3380 3288 
3 3288 3194 3193 
3 3288 3193 3287 
3 3287 3193 3192 
3 3191 3088 3087 
3 3191 3192 3088 
3 3192 3193 3088 
3 3087 2993 2992 
3 3088 2993 3087 
3 2992 2993 2891 
3 1636 1635 1722 
3 1635 1550 1634 
3 1635 1636 1550 
3 1636 1551 1550 
3 1472 1465 1551 
3 1465 1550 1551 
3 1387 1380 1465 
3 1472 1387 1465 
3 3193 3194 3089 
3 3088 3193 3089 
3 2994 3088 3089 
3 2993 3088 2994 
3 2892 2993 2994 
3 2891 2993 2892 
3 2891 2892 2789 
3 2789 2892 2893 
3 2688 2789 2790 
3 2789 2893 2790 
3 2588 2688 2689 
3 2688 2790 2689 
3 2492 2588 2589 
3 2588 2689 2589 
3 2493 2492 2590 
3 2492 2589 2590 
3 2393 2493 2494 
3 2493 2590 2494 
3 2292 2393 2394 
3 2393 2494 2394 
3 2188 2292 2293 
3 2292 2394 2293 
3 2180 2188 2285 
3 2188 2293 2285 
3 2285 2181 2180 
3 2286 2181 2285 
3 1549 1634 1550 
3 1548 1634 1549 
3 1465 1464 1550 
3 1464 1549 1550 
3 1380 1377 1464 
3 1465 1380 1464 
3 2181 2286 2182 
3 2076 2181 2182 
3 2077 2076 2183 
3 2076 2182 2183 
3 2078 2077 2184 
3 2077 2183 2184 
3 2068 2078 2175 
3 2078 2184 2175 
3 1971 2068 2069 
3 2068 2175 2069 
3 1972 1971 2070 
3 1971 2069 2070 
3 2070 1973 1972 
3 2071 1973 2070 
3 1626 1711 1712 
3 1625 1711 1626 
3 1541 1626 1627 
3 1626 1712 1627 
3 1455 1541 1542 
3 1541 1627 1542 
3 1456 1543 1457 
3 1456 1455 1543 
3 1455 1542 1543 
3 1543 1544 1457 
3 1461 1460 1547 
3 1548 1461 1547 
3 1548 1549 1461 
3 1549 1462 1461 
3 1464 1463 1549 
3 1463 1462 1549 
3 1377 1378 1463 
3 1464 1377 1463 
3 1973 2071 1974 
3 1879 1973 1974 
3 1797 1879 1892 
3 1879 1974 1892 
3 1798 1797 1893 
3 1797 1892 1893 
3 1799 1798 1894 
3 1798 1893 1894 
3 1708 1799 1800 
3 1799 1894 1800 
3 1709 1708 1801 
3 1708 1800 1801 
3 1710 1709 1802 
3 1709 1801 1802 
3 1711 1625 1710 
3 1802 1711 1710 
3 1456 1457 1368 
3 1457 1544 1458 
3 1457 1458 1368 
3 1368 1458 1369 
3 1372 1459 1373 
3 1372 1369 1459 
3 1369 1458 1459 
3 1460 1373 1459 
3 1460 1461 1373 
3 1461 1374 1373 
3 1462 1376 1461 
3 1376 1374 1461 
3 1379 1375 1376 
3 1379 1376 1463 
3 1463 1376 1462 
3 1378 1379 1463 
3 1372 1373 1279 
3 1280 1279 1373 
3 1374 1280 1373 
3 1281 1280 1374 
3 1376 1281 1374 
3 1375 1281 1376 
3 2863 2766 2767 
3 2864 2863 2767 
3 2766 2765 2668 
3 2668 2767 2766 
3 2669 2767 2668 
3 2668 2571 2669 
3 2570 2571 2668 
3 2571 2570 2476 
3 2479 2571 2476 
3 2476 2380 2479 
3 2479 2380 2478 
3 2477 2461 2555 
3 2477 2555 2478 
3 2477 2478 2379 
3 2379 2478 2380 
3 2460 2461 2477 
3 2460 2359 2461 
3 2359 2361 2461 
3 2379 2460 2477 
3 2359 2259 2361 
3 2361 2259 2260 
3 2258 2259 2358 
3 2258 2155 2259 
3 2155 2260 2259 
3 2358 2257 2258 
3 2154 2155 2258 
3 2050 2155 2154 
3 2257 2153 2154 
3 2258 2257 2154 
3 2049 2050 2154 
3 1948 2050 2049 
3 2153 2048 2049 
3 2154 2153 2049 
3 1947 1948 2049 
3 1947 1853 1948 
3 1853 1941 1948 
3 2048 1947 2049 
3 1848 1939 1940 
3 1848 1940 1941 
3 1848 1941 1850 
3 1850 1941 1853 
3 1849 1942 1943 
3 1939 1849 1943 
3 1848 1849 1939 
3 1848 1758 1849 
3 1848 1847 1758 
3 1850 1847 1848 
3 1936 2039 2040 
3 1936 2041 1938 
3 2040 2041 1936 
3 1942 1938 2041 
3 1849 1938 1942 
3 1849 1845 1938 
3 1849 1846 1845 
3 1758 1846 1849 
3 2135 2140 2240 
3 2135 2142 2038 
3 2240 2142 2135 
3 2038 2042 1937 
3 2142 2042 2038 
3 2039 1937 2042 
3 1936 1937 2039 
3 1936 1842 1937 
3 1936 1843 1842 
3 1844 1843 1936 
3 1938 1844 1936 
3 1845 1844 1938 
3 2037 2138 2141 
3 2037 2139 2036 
3 2141 2139 2037 
3 2140 2036 2139 
3 2140 2135 2036 
3 2135 2032 2036 
3 1935 1931 2032 
3 1935 2032 2038 
3 2038 2032 2135 
3 1934 1935 2038 
3 1937 1934 2038 
3 1842 1934 1937 
3 2136 2241 2242 
3 2136 2137 2034 
3 2242 2137 2136 
3 2138 2034 2137 
3 2138 2037 2034 
3 2037 2033 2034 
3 2036 1933 2037 
3 1933 2033 2037 
3 1930 1839 1933 
3 1930 1933 2032 
3 2032 1933 2036 
3 1931 1930 2032 
3 2236 2238 2336 
3 2236 2335 2235 
3 2336 2335 2236 
3 2241 2235 2335 
3 2241 2136 2235 
3 2136 2134 2235 
3 2034 2035 2136 
3 2035 2134 2136 
3 2033 1932 2034 
3 1932 2035 2034 
3 1838 1837 1932 
3 1838 1932 1933 
3 1933 1932 2033 
3 1839 1838 1933 
3 2131 2133 2237 
3 2238 2131 2237 
3 2238 2236 2131 
3 2236 2129 2131 
3 2235 2128 2236 
3 2128 2129 2236 
3 2134 2130 2235 
3 2130 2128 2235 
3 2035 2031 2134 
3 2031 2130 2134 
3 1929 1928 2031 
3 1929 2031 1932 
3 1932 2031 2035 
3 1837 1929 1932 
3 2029 2127 2132 
3 2133 2029 2132 
3 2133 2131 2029 
3 2131 2028 2029 
3 2129 2030 2131 
3 2030 2028 2131 
3 2128 2026 2129 
3 2026 2030 2129 
3 2130 2027 2128 
3 2027 2026 2128 
3 1927 1923 2027 
3 1927 2027 2031 
3 2031 2027 2130 
3 1928 1927 2031 
3 2024 2125 2126 
3 2127 2024 2126 
3 2127 2029 2024 
3 2029 2023 2024 
3 2028 1925 2029 
3 1925 2023 2029 
3 2030 1926 2028 
3 1926 1925 2028 
3 1924 1833 1926 
3 1924 1926 2026 
3 2026 1926 2030 
3 1922 1924 2026 
3 2027 1922 2026 
3 1923 1922 2027 
3 2025 2125 2024 
3 2124 2125 2025 
3 2023 1920 2024 
3 1920 2025 2024 
3 1919 1826 1920 
3 1919 1920 1925 
3 1925 1920 2023 
3 1832 1919 1925 
3 1926 1832 1925 
3 1833 1832 1926 
3 2022 2114 2123 
3 2124 2022 2123 
3 2124 2025 2022 
3 2025 2021 2022 
3 1920 1921 2025 
3 1921 2021 2025 
3 1826 1828 1921 
3 1920 1826 1921 
3 2012 2014 2113 
3 2114 2012 2113 
3 2114 2022 2012 
3 2022 2011 2012 
3 2021 1918 2022 
3 1918 2011 2022 
3 1829 1825 1918 
3 1829 1918 1921 
3 1921 1918 2021 
3 1828 1829 1921 
3 1911 1917 2013 
3 2014 1911 2013 
3 2014 2012 1911 
3 2012 1910 1911 
3 2011 1909 2012 
3 1909 1910 2012 
3 1824 1816 1909 
3 1824 1909 1918 
3 1918 1909 2011 
3 1825 1824 1918 
3 1915 2017 2018 
3 1915 1916 1822 
3 2018 1916 1915 
3 1917 1822 1916 
3 1917 1911 1822 
3 1911 1821 1822 
3 1910 1817 1911 
3 1817 1821 1911 
3 1815 1728 1817 
3 1815 1817 1909 
3 1909 1817 1910 
3 1816 1815 1909 
3 2016 2116 2117 
3 2017 2016 2117 
3 2017 1915 2016 
3 1915 1913 2016 
3 1822 1823 1915 
3 1823 1913 1915 
3 1821 1732 1822 
3 1732 1823 1822 
3 1817 1733 1821 
3 1733 1732 1821 
3 1728 1642 1733 
3 1817 1728 1733 
3 2112 2220 2221 
3 2116 2112 2221 
3 2116 2016 2112 
3 2016 2015 2112 
3 1913 1914 2016 
3 1914 2015 2016 
3 1823 1819 1913 
3 1819 1914 1913 
3 1730 1729 1819 
3 1730 1819 1732 
3 1732 1819 1823 
3 1641 1730 1732 
3 1733 1641 1732 
3 1642 1641 1733 
3 2111 2220 2112 
3 2219 2220 2111 
3 2015 2010 2112 
3 2010 2111 2112 
3 1914 1912 2015 
3 1912 2010 2015 
3 1818 1820 1912 
3 1818 1912 1819 
3 1819 1912 1914 
3 1729 1818 1819 
3 2109 2212 2218 
3 2219 2109 2218 
3 2219 2111 2109 
3 2111 2110 2109 
3 2010 2009 2111 
3 2009 2110 2111 
3 1912 1908 2010 
3 1908 2009 2010 
3 1820 1814 1908 
3 1912 1820 1908 
3 2109 2108 2212 
3 2108 2007 2006 
3 2108 2109 2007 
3 2109 2110 2007 
3 2009 2008 2110 
3 2008 2007 2110 
3 1908 1907 2009 
3 1907 2008 2009 
3 1814 1813 1907 
3 1908 1814 1907 
3 1904 2006 2007 
3 1903 2006 1904 
3 2008 1905 2007 
3 1905 1904 2007 
3 1907 1906 2008 
3 1906 1905 2008 
3 1813 1724 1812 
3 1813 1812 1907 
3 1907 1812 1906 
3 1724 1723 1812 
3 3474 3475 3382 
3 3475 3573 3473 
3 3475 3473 3382 
3 3476 3382 3472 
3 3472 3382 3380 
3 3476 3474 3382 
3 1808 1903 1904 
3 1807 1903 1808 
3 1905 1809 1904 
3 1809 1808 1904 
3 1906 1810 1905 
3 1810 1809 1905 
3 1812 1811 1906 
3 1811 1810 1906 
3 1723 1722 1811 
3 1812 1723 1811 
3 3382 3473 3381 
3 3289 3381 3290 
3 3288 3381 3289 
3 3288 3382 3381 
3 3288 3380 3382 
3 3288 3289 3194 
3 1717 1807 1808 
3 1716 1807 1717 
3 1809 1718 1808 
3 1718 1717 1808 
3 1810 1719 1809 
3 1719 1718 1809 
3 1811 1720 1810 
3 1720 1719 1810 
3 1722 1635 1721 
3 1722 1721 1811 
3 1811 1721 1720 
3 1635 1634 1721 
3 3289 3290 3195 
3 3194 3289 3195 
3 3194 3195 3089 
3 3089 3195 3091 
3 3090 3091 3196 
3 3090 2994 3091 
3 2994 3089 3091 
3 3092 2994 3090 
3 3092 2995 2994 
3 2995 2892 2994 
3 2893 2892 2996 
3 2892 2995 2996 
3 2790 2893 2894 
3 2893 2996 2894 
3 2689 2790 2791 
3 2790 2894 2791 
3 2589 2689 2690 
3 2689 2791 2690 
3 2590 2589 2691 
3 2589 2690 2691 
3 2494 2590 2591 
3 2590 2691 2591 
3 2394 2494 2495 
3 2494 2591 2495 
3 2293 2394 2395 
3 2394 2495 2395 
3 2285 2293 2386 
3 2293 2395 2386 
3 2386 2286 2285 
3 2387 2286 2386 
3 1628 1713 1715 
3 1716 1628 1715 
3 1716 1717 1628 
3 1717 1629 1628 
3 1718 1630 1717 
3 1630 1629 1717 
3 1719 1631 1718 
3 1631 1630 1718 
3 1720 1632 1719 
3 1632 1631 1719 
3 1721 1633 1720 
3 1633 1632 1720 
3 1634 1548 1633 
3 1721 1634 1633 
3 3090 3196 3197 
3 3092 3090 3197 
3 2286 2387 2287 
3 2182 2286 2287 
3 2183 2182 2288 
3 2182 2287 2288 
3 2184 2183 2289 
3 2183 2288 2289 
3 2175 2184 2280 
3 2184 2289 2280 
3 2069 2175 2176 
3 2175 2280 2176 
3 2070 2069 2177 
3 2069 2176 2177 
3 2177 2071 2070 
3 2178 2071 2177 
3 1712 1803 1714 
3 1711 1803 1712 
3 1713 1628 1627 
3 1713 1627 1714 
3 1714 1627 1712 
3 1542 1627 1628 
3 1629 1542 1628 
3 1543 1542 1629 
3 1630 1543 1629 
3 1544 1543 1630 
3 1544 1630 1545 
3 1545 1630 1631 
3 1632 1546 1631 
3 1546 1545 1631 
3 1547 1460 1546 
3 1547 1546 1633 
3 1633 1546 1632 
3 1548 1547 1633 
3 2071 2178 2072 
3 1974 2071 2072 
3 1892 1974 1993 
3 1974 2072 1993 
3 1893 1892 1994 
3 1892 1993 1994 
3 1894 1893 1995 
3 1893 1994 1995 
3 1800 1894 1895 
3 1894 1995 1895 
3 1801 1800 1896 
3 1800 1895 1896 
3 1802 1801 1897 
3 1801 1896 1897 
3 1803 1711 1802 
3 1897 1803 1802 
3 1544 1545 1458 
3 1459 1458 1545 
3 1546 1459 1545 
3 1460 1459 1546 
3 4559 4466 4560 
3 4560 4466 4548 
3 4559 4558 4466 
3 4558 4557 4465 
3 4465 4466 4558 
3 4556 4463 4464 
3 4556 4464 4557 
3 4557 4464 4465 
3 4462 4366 4362 
3 4462 4362 4463 
3 4463 4362 4464 
3 4365 4364 4265 
3 4365 4265 4366 
3 4366 4265 4362 
3 4364 4264 4265 
3 4167 4165 4064 
3 4712 4631 4713 
3 4713 4631 4714 
3 4712 4642 4631 
3 4642 4640 4555 
3 4555 4631 4642 
3 4639 4554 4547 
3 4639 4547 4640 
3 4640 4547 4555 
3 4553 4551 4459 
3 4553 4459 4554 
3 4554 4459 4547 
3 4549 4550 4458 
3 4549 4458 4551 
3 4551 4458 4459 
3 4641 4560 4548 
3 4552 4641 4548 
3 4552 4548 4458 
3 4550 4552 4458 
3 4164 4063 4165 
3 4165 4063 4064 
3 4164 4166 4063 
3 4166 4163 4063 
3 4163 4062 4063 
3 3866 3867 3758 
3 4721 4637 4722 
3 4722 4637 4723 
3 4787 4722 4723 
3 4720 4717 4636 
3 4720 4636 4721 
3 4721 4636 4637 
3 4715 4716 4633 
3 4715 4633 4717 
3 4717 4633 4636 
3 4786 4713 4714 
3 4718 4786 4714 
3 4718 4714 4633 
3 4716 4718 4633 
3 3867 3759 3758 
3 3555 3456 3457 
3 4793 4785 4860 
3 4860 4785 4861 
3 4923 4860 4861 
3 4792 4791 4725 
3 4792 4725 4793 
3 4793 4725 4785 
3 4790 4789 4724 
3 4790 4724 4791 
3 4791 4724 4725 
3 4788 4787 4723 
3 4789 4788 4723 
3 4723 4724 4789 
3 3455 3361 3456 
3 3456 3361 3457 
3 3455 3454 3361 
3 3454 3360 3361 
3 3168 3167 3064 
3 3169 3168 3064 
3 3167 3063 3064 
3 3063 2966 2967 
3 3063 2967 3064 
3 4919 4857 4920 
3 4920 4857 4918 
3 4963 4920 4918 
3 4921 4922 4858 
3 4921 4858 4919 
3 4919 4858 4857 
3 4924 4923 4861 
3 4922 4924 4861 
3 4861 4858 4922 
3 2965 2867 2966 
3 2966 2867 2967 
3 2965 2866 2867 
3 2865 2864 2767 
3 2865 2767 2768 
3 2865 2768 2866 
3 2866 2768 2867 
3 2768 2767 2669 
3 2671 2768 2669 
3 4914 4915 4854 
3 4916 4917 4855 
3 4916 4855 4915 
3 4915 4855 4854 
3 4962 4963 4918 
3 4917 4962 4918 
3 4918 4855 4917 
3 2669 2574 2671 
3 2571 2574 2669 
3 2574 2571 2479 
3 2572 2574 2479 
3 4897 4898 4832 
3 4899 4900 4833 
3 4899 4833 4898 
3 4898 4833 4832 
3 4900 4901 4833 
3 2479 2478 2572 
3 2572 2478 2573 
3 4838 4839 4765 
3 4839 4837 4765 
3 2555 2463 2557 
3 2461 2463 2555 
3 2573 2478 2555 
3 2557 2573 2555 
3 2462 2464 2556 
3 2462 2556 2463 
3 2462 2463 2361 
3 2361 2463 2461 
3 2362 2464 2462 
3 2363 2464 2362 
3 2361 2260 2362 
3 2462 2361 2362 
3 2362 2262 2363 
3 2262 2362 2260 
3 2262 2260 2157 
3 2157 2260 2155 
3 2156 2158 2261 
3 2156 2261 2157 
3 2156 2157 2050 
3 2050 2157 2155 
3 2051 2158 2156 
3 2146 2158 2051 
3 2050 1948 2051 
3 2156 2050 2051 
3 2043 2146 2051 
3 2147 2146 2043 
3 1948 1941 2043 
3 2051 1948 2043 
3 2044 2148 2149 
3 2147 2044 2149 
3 2043 2044 2147 
3 2043 1939 2044 
3 2043 1940 1939 
3 1941 1940 2043 
3 2143 2248 2249 
3 2143 2150 2045 
3 2249 2150 2143 
3 2148 2045 2150 
3 2044 2045 2148 
3 2044 1942 2045 
3 2044 1943 1942 
3 1939 1943 2044 
3 2247 2347 2348 
3 2247 2251 2145 
3 2348 2251 2247 
3 2145 2250 2144 
3 2251 2250 2145 
3 2248 2144 2250 
3 2143 2144 2248 
3 2143 2039 2144 
3 2143 2040 2039 
3 2041 2040 2143 
3 2045 2041 2143 
3 1942 2041 2045 
3 2446 2539 2540 
3 2446 2447 2342 
3 2540 2447 2446 
3 2342 2444 2341 
3 2447 2444 2342 
3 2341 2445 2344 
3 2444 2445 2341 
3 2344 2345 2245 
3 2445 2345 2344 
3 2245 2346 2246 
3 2345 2346 2245 
3 2347 2246 2346 
3 2247 2246 2347 
3 2247 2140 2246 
3 2247 2240 2140 
3 2142 2240 2247 
3 2145 2142 2247 
3 2042 2142 2145 
3 2144 2042 2145 
3 2039 2042 2144 
3 2533 2535 2629 
3 2539 2533 2629 
3 2539 2446 2533 
3 2446 2443 2533 
3 2342 2343 2446 
3 2343 2443 2446 
3 2341 2243 2342 
3 2243 2343 2342 
3 2344 2244 2341 
3 2244 2243 2341 
3 2141 2138 2244 
3 2141 2244 2245 
3 2245 2244 2344 
3 2139 2141 2245 
3 2246 2139 2245 
3 2140 2139 2246 
3 2440 2442 2534 
3 2535 2440 2534 
3 2535 2533 2440 
3 2533 2439 2440 
3 2443 2438 2533 
3 2438 2439 2533 
3 2343 2340 2443 
3 2340 2438 2443 
3 2242 2241 2340 
3 2242 2340 2243 
3 2243 2340 2343 
3 2137 2242 2243 
3 2244 2137 2243 
3 2138 2137 2244 
3 2339 2437 2441 
3 2442 2339 2441 
3 2442 2440 2339 
3 2440 2338 2339 
3 2439 2337 2440 
3 2337 2338 2440 
3 2336 2238 2337 
3 2336 2337 2438 
3 2438 2337 2439 
3 2335 2336 2438 
3 2340 2335 2438 
3 2241 2335 2340 
3 2334 2435 2436 
3 2437 2334 2436 
3 2437 2339 2334 
3 2339 2333 2334 
3 2338 2239 2339 
3 2239 2333 2339 
3 2237 2133 2239 
3 2237 2239 2337 
3 2337 2239 2338 
3 2238 2237 2337 
3 2332 2433 2434 
3 2435 2332 2434 
3 2435 2334 2332 
3 2334 2331 2332 
3 2333 2234 2334 
3 2234 2331 2334 
3 2132 2127 2234 
3 2132 2234 2239 
3 2239 2234 2333 
3 2133 2132 2239 
3 2421 2423 2518 
3 2433 2421 2518 
3 2433 2332 2421 
3 2332 2330 2421 
3 2331 2233 2332 
3 2233 2330 2332 
3 2126 2125 2233 
3 2126 2233 2234 
3 2234 2233 2331 
3 2127 2126 2234 
3 2321 2327 2422 
3 2423 2321 2422 
3 2423 2421 2321 
3 2421 2320 2321 
3 2330 2319 2421 
3 2319 2320 2421 
3 2233 2232 2330 
3 2232 2319 2330 
3 2125 2124 2232 
3 2233 2125 2232 
3 2228 2231 2326 
3 2327 2228 2326 
3 2327 2321 2228 
3 2321 2224 2228 
3 2320 2223 2321 
3 2223 2224 2321 
3 2319 2222 2320 
3 2222 2223 2320 
3 2123 2114 2222 
3 2123 2222 2232 
3 2232 2222 2319 
3 2124 2123 2232 
3 2120 2229 2230 
3 2231 2120 2230 
3 2231 2228 2120 
3 2228 2119 2120 
3 2224 2122 2228 
3 2122 2119 2228 
3 2223 2115 2224 
3 2115 2122 2224 
3 2113 2014 2115 
3 2113 2115 2222 
3 2222 2115 2223 
3 2114 2113 2222 
3 2324 2424 2426 
3 2324 2325 2226 
3 2426 2325 2324 
3 2229 2226 2325 
3 2229 2120 2226 
3 2120 2121 2226 
3 2119 2019 2120 
3 2019 2121 2120 
3 2122 2020 2119 
3 2020 2019 2119 
3 2013 1917 2020 
3 2013 2020 2115 
3 2115 2020 2122 
3 2014 2013 2115 
3 2322 2424 2324 
3 2425 2424 2322 
3 2226 2227 2324 
3 2227 2322 2324 
3 2121 2118 2226 
3 2118 2227 2226 
3 2018 2017 2118 
3 2018 2118 2019 
3 2019 2118 2121 
3 1916 2018 2019 
3 2020 1916 2019 
3 1917 1916 2020 
3 2420 2511 2517 
3 2425 2420 2517 
3 2425 2322 2420 
3 2322 2323 2420 
3 2227 2225 2322 
3 2225 2323 2322 
3 2117 2116 2225 
3 2117 2225 2118 
3 2118 2225 2227 
3 2017 2117 2118 
3 2414 2511 2420 
3 2416 2511 2414 
3 2323 2318 2420 
3 2318 2414 2420 
3 2221 2220 2318 
3 2221 2318 2225 
3 2225 2318 2323 
3 2116 2221 2225 
3 2313 2315 2415 
3 2416 2313 2415 
3 2416 2414 2313 
3 2414 2312 2313 
3 2318 2314 2414 
3 2314 2312 2414 
3 2220 2219 2314 
3 2318 2220 2314 
3 2214 2315 2313 
3 2216 2315 2214 
3 2312 2213 2313 
3 2213 2214 2313 
3 2218 2212 2213 
3 2218 2213 2314 
3 2314 2213 2312 
3 2219 2218 2314 
3 2106 2216 2214 
3 2215 2216 2106 
3 2213 2104 2214 
3 2104 2106 2214 
3 2212 2108 2103 
3 2212 2103 2213 
3 2213 2103 2104 
3 2108 2006 2103 
3 2106 2105 2215 
3 2105 2004 2005 
3 2105 2106 2004 
3 2106 2104 2004 
3 2103 2003 2104 
3 2003 2004 2104 
3 2006 1903 2003 
3 2103 2006 2003 
3 3678 3780 3677 
3 3677 3575 3678 
3 3679 3678 3575 
3 3676 3679 3575 
3 3676 3575 3574 
3 3574 3575 3477 
3 3576 3477 3573 
3 3573 3477 3473 
3 3576 3574 3477 
3 1902 2005 2004 
3 1998 2005 1902 
3 2003 1901 2004 
3 1901 1902 2004 
3 1903 1807 1901 
3 2003 1903 1901 
3 3575 3677 3577 
3 3577 3578 3478 
3 3577 3478 3575 
3 3575 3478 3477 
3 3473 3383 3381 
3 3473 3477 3383 
3 3477 3478 3383 
3 3381 3383 3290 
3 1898 1998 1902 
3 1999 1998 1898 
3 1901 1806 1902 
3 1806 1898 1902 
3 1807 1716 1806 
3 1901 1807 1806 
3 3478 3578 3479 
3 3479 3480 3384 
3 3479 3384 3478 
3 3478 3384 3383 
3 3290 3383 3384 
3 3290 3384 3291 
3 3290 3291 3195 
3 3291 3384 3385 
3 3091 3195 3198 
3 3195 3291 3198 
3 3196 3094 3093 
3 3196 3091 3094 
3 3091 3198 3094 
3 3093 2995 3092 
3 3093 3094 2995 
3 3094 3095 2995 
3 2996 2995 3096 
3 2995 3095 3096 
3 2894 2996 2997 
3 2996 3096 2997 
3 2791 2894 2895 
3 2894 2997 2895 
3 2690 2791 2792 
3 2791 2895 2792 
3 2691 2690 2793 
3 2690 2792 2793 
3 2591 2691 2692 
3 2691 2793 2692 
3 2495 2591 2592 
3 2591 2692 2592 
3 2395 2495 2496 
3 2495 2592 2496 
3 2386 2395 2484 
3 2395 2496 2484 
3 2484 2387 2386 
3 2485 2387 2484 
3 1899 2000 2001 
3 1999 1899 2001 
3 1999 1898 1899 
3 1898 1804 1899 
3 1715 1713 1804 
3 1715 1804 1806 
3 1806 1804 1898 
3 1716 1715 1806 
3 3384 3480 3481 
3 3385 3384 3481 
3 3196 3093 3197 
3 3092 3197 3093 
3 2387 2485 2388 
3 2287 2387 2388 
3 2288 2287 2389 
3 2287 2388 2389 
3 2289 2288 2390 
3 2288 2389 2390 
3 2280 2289 2381 
3 2289 2390 2381 
3 2176 2280 2281 
3 2280 2381 2281 
3 2177 2176 2282 
3 2176 2281 2282 
3 2282 2178 2177 
3 2283 2178 2282 
3 1900 1997 2002 
3 2000 1900 2002 
3 2000 1899 1900 
3 1899 1805 1900 
3 1714 1803 1805 
3 1714 1805 1804 
3 1804 1805 1899 
3 1713 1714 1804 
3 2178 2283 2179 
3 2072 2178 2179 
3 1993 2072 2094 
3 2072 2179 2094 
3 1994 1993 2095 
3 1993 2094 2095 
3 1995 1994 2096 
3 1994 2095 2096 
3 1895 1995 1996 
3 1995 2096 1996 
3 1997 1900 1896 
3 1997 1896 1996 
3 1996 1896 1895 
3 1897 1896 1900 
3 1805 1897 1900 
3 1803 1897 1805 
3 4466 4456 4457 
3 4548 4466 4457 
3 4465 4367 4466 
3 4466 4367 4456 
3 4464 4368 4465 
3 4465 4368 4367 
3 4362 4363 4464 
3 4464 4363 4368 
3 4265 4262 4362 
3 4362 4262 4363 
3 4263 4161 4264 
3 4264 4161 4265 
3 4265 4161 4262 
3 4266 4168 4162 
3 4266 4162 4263 
3 4263 4162 4161 
3 4168 4167 4064 
3 4064 4162 4168 
3 4061 4162 4064 
3 4631 4632 4714 
3 4630 4632 4631 
3 4630 4631 4541 
3 4541 4631 4555 
3 4547 4461 4555 
3 4555 4461 4541 
3 4459 4455 4547 
3 4547 4455 4461 
3 4458 4357 4459 
3 4459 4357 4455 
3 4457 4458 4548 
3 4357 4458 4457 
3 4064 3962 4061 
3 4063 3962 4064 
3 3971 3961 4062 
3 4062 3961 4063 
3 4063 3961 3962 
3 3970 3969 3862 
3 3970 3862 3971 
3 3971 3862 3961 
3 3968 3967 3861 
3 3968 3861 3969 
3 3969 3861 3862 
3 3966 3865 3860 
3 3966 3860 3967 
3 3967 3860 3861 
3 3863 3864 3757 
3 3863 3757 3865 
3 3865 3757 3860 
3 3864 3866 3758 
3 3758 3757 3864 
3 3654 3757 3758 
3 4637 4634 4719 
3 4723 4637 4719 
3 4636 4544 4637 
3 4637 4544 4634 
3 4633 4546 4636 
3 4636 4546 4544 
3 4632 4633 4714 
3 4632 4542 4633 
3 4542 4546 4633 
3 4630 4542 4632 
3 3758 3656 3654 
3 3658 3656 3759 
3 3759 3656 3758 
3 3657 3556 3557 
3 3657 3557 3658 
3 3658 3557 3656 
3 3556 3555 3457 
3 3457 3557 3556 
3 3458 3557 3457 
3 4785 4784 4859 
3 4861 4785 4859 
3 4725 4711 4785 
3 4785 4711 4784 
3 4724 4638 4725 
3 4725 4638 4711 
3 4719 4724 4723 
3 4638 4724 4719 
3 3457 3362 3458 
3 3361 3362 3457 
3 3266 3267 3360 
3 3360 3267 3361 
3 3361 3267 3362 
3 3265 3171 3170 
3 3265 3170 3266 
3 3266 3170 3267 
3 3065 3066 3170 
3 3065 3170 3064 
3 3171 3169 3064 
3 3171 3064 3170 
3 3064 2967 3065 
3 4857 4781 4856 
3 4918 4857 4856 
3 4858 4782 4857 
3 4857 4782 4781 
3 4859 4858 4861 
3 4782 4858 4859 
3 3065 2968 3066 
3 2967 2968 3065 
3 2967 2867 2968 
3 2867 2871 2968 
3 2768 2771 2867 
3 2867 2771 2871 
3 2771 2768 2671 
3 2769 2771 2671 
3 4902 4914 4854 
3 4902 4854 4834 
3 4835 4834 4854 
3 4835 4854 4778 
3 4778 4854 4855 
3 4856 4855 4918 
3 4778 4855 4856 
3 2671 2670 2769 
3 2574 2670 2671 
3 2670 2574 2572 
3 2654 2670 2572 
3 4836 4897 4832 
3 4836 4832 4764 
3 4763 4764 4832 
3 4763 4832 4760 
3 4760 4832 4833 
3 4901 4902 4834 
3 4901 4834 4833 
3 4834 4761 4833 
3 4761 4760 4833 
3 4835 4761 4834 
3 2558 2652 2653 
3 2558 2653 2654 
3 2558 2654 2573 
3 2573 2654 2572 
3 4765 4703 4777 
3 4838 4765 4840 
3 4840 4765 4777 
3 4837 4836 4764 
3 4837 4764 4765 
3 4764 4691 4765 
3 4691 4703 4765 
3 4763 4691 4764 
3 2559 2560 2655 
3 2652 2559 2655 
3 2558 2559 2652 
3 2558 2463 2559 
3 2558 2557 2463 
3 2573 2557 2558 
3 4903 4844 4846 
3 4844 4845 4768 
3 4768 4846 4844 
3 4845 4843 4768 
3 4841 4842 4767 
3 4841 4767 4843 
3 4843 4767 4768 
3 4853 4840 4777 
3 4842 4853 4777 
3 4777 4767 4842 
3 2556 2560 2559 
3 2556 2464 2560 
3 2464 2465 2560 
3 2463 2556 2559 
3 4956 4957 4997 
3 4997 4957 4998 
3 5043 4997 4998 
3 4955 4908 4909 
3 4955 4909 4956 
3 4956 4909 4957 
3 4907 4906 4848 
3 4907 4848 4908 
3 4908 4848 4909 
3 4905 4904 4847 
3 4906 4905 4847 
3 4906 4847 4848 
3 4904 4903 4846 
3 4904 4846 4847 
3 2464 2363 2465 
3 2465 2363 2365 
3 5044 5043 4998 
3 5045 5044 4998 
3 5045 4998 5046 
3 2364 2366 2466 
3 2262 2263 2364 
3 2262 2364 2365 
3 2262 2365 2363 
3 2466 2365 2364 
3 2262 2157 2263 
3 5130 5095 5091 
3 5094 5045 5046 
3 5095 5094 5046 
3 5046 5091 5095 
3 2264 2366 2364 
3 2352 2366 2264 
3 2261 2158 2264 
3 2261 2264 2263 
3 2263 2264 2364 
3 2157 2261 2263 
3 2252 2352 2264 
3 2353 2352 2252 
3 2158 2146 2252 
3 2264 2158 2252 
3 5144 5145 5123 
3 5145 5129 5123 
3 2354 2357 2457 
3 2353 2354 2457 
3 2353 2252 2354 
3 2252 2253 2354 
3 2146 2147 2253 
3 2252 2146 2253 
3 2735 2737 2834 
3 2735 2833 2734 
3 2834 2833 2735 
3 2734 2742 2641 
3 2833 2742 2734 
3 2641 2741 2639 
3 2742 2741 2641 
3 2741 2739 2639 
3 2255 2355 2356 
3 2357 2255 2356 
3 2357 2354 2255 
3 2354 2254 2255 
3 2149 2148 2254 
3 2149 2254 2253 
3 2253 2254 2354 
3 2147 2149 2253 
3 2636 2737 2735 
3 2738 2737 2636 
3 2734 2634 2735 
3 2634 2636 2735 
3 2641 2633 2734 
3 2633 2634 2734 
3 2639 2543 2641 
3 2543 2633 2641 
3 2638 2639 2739 
3 2638 2542 2639 
3 2542 2543 2639 
3 2542 2640 2544 
3 2638 2640 2542 
3 2544 2547 2453 
3 2640 2547 2544 
3 2453 2454 2351 
3 2547 2454 2453 
3 2351 2452 2350 
3 2454 2452 2351 
3 2350 2451 2349 
3 2452 2451 2350 
3 2355 2349 2451 
3 2255 2349 2355 
3 2255 2248 2349 
3 2255 2249 2248 
3 2150 2249 2255 
3 2254 2150 2255 
3 2148 2150 2254 
3 2736 2831 2835 
3 2738 2736 2835 
3 2738 2636 2736 
3 2636 2637 2736 
3 2634 2541 2636 
3 2541 2637 2636 
3 2633 2537 2634 
3 2537 2541 2634 
3 2543 2538 2633 
3 2538 2537 2633 
3 2542 2448 2543 
3 2448 2538 2543 
3 2544 2449 2542 
3 2449 2448 2542 
3 2453 2450 2544 
3 2450 2449 2544 
3 2348 2347 2450 
3 2348 2450 2351 
3 2351 2450 2453 
3 2251 2348 2351 
3 2350 2251 2351 
3 2250 2251 2350 
3 2349 2250 2350 
3 2248 2250 2349 
3 2731 2733 2830 
3 2831 2731 2830 
3 2831 2736 2731 
3 2736 2730 2731 
3 2637 2635 2736 
3 2635 2730 2736 
3 2540 2539 2635 
3 2540 2635 2541 
3 2541 2635 2637 
3 2447 2540 2541 
3 2537 2447 2541 
3 2444 2447 2537 
3 2538 2444 2537 
3 2445 2444 2538 
3 2448 2445 2538 
3 2345 2445 2448 
3 2449 2345 2448 
3 2346 2345 2449 
3 2450 2346 2449 
3 2347 2346 2450 
3 2632 2729 2732 
3 2733 2632 2732 
3 2733 2731 2632 
3 2731 2631 2632 
3 2730 2630 2731 
3 2630 2631 2731 
3 2629 2535 2630 
3 2629 2630 2635 
3 2635 2630 2730 
3 2539 2629 2635 
3 2628 2729 2632 
3 2727 2729 2628 
3 2631 2536 2632 
3 2536 2628 2632 
3 2534 2442 2536 
3 2534 2536 2630 
3 2630 2536 2631 
3 2535 2534 2630 
3 2627 2725 2728 
3 2627 2726 2626 
3 2728 2726 2627 
3 2727 2626 2726 
3 2727 2628 2626 
3 2628 2532 2626 
3 2441 2437 2532 
3 2441 2532 2536 
3 2536 2532 2628 
3 2442 2441 2536 
3 2714 2721 2813 
3 2714 2812 2713 
3 2813 2812 2714 
3 2713 2724 2625 
3 2812 2724 2713 
3 2725 2625 2724 
3 2725 2627 2625 
3 2627 2624 2625 
3 2626 2531 2627 
3 2531 2624 2627 
3 2436 2435 2531 
3 2436 2531 2532 
3 2532 2531 2626 
3 2437 2436 2532 
3 2619 2623 2720 
3 2721 2619 2720 
3 2721 2714 2619 
3 2714 2618 2619 
3 2713 2612 2714 
3 2612 2618 2714 
3 2625 2611 2713 
3 2611 2612 2713 
3 2624 2530 2625 
3 2530 2611 2625 
3 2434 2433 2530 
3 2434 2530 2531 
3 2531 2530 2624 
3 2435 2434 2531 
3 2529 2621 2622 
3 2623 2529 2622 
3 2623 2619 2529 
3 2619 2528 2529 
3 2618 2525 2619 
3 2525 2528 2619 
3 2612 2524 2618 
3 2524 2525 2618 
3 2611 2519 2612 
3 2519 2524 2612 
3 2518 2423 2519 
3 2518 2519 2530 
3 2530 2519 2611 
3 2433 2518 2530 
3 2527 2616 2620 
3 2621 2527 2620 
3 2621 2529 2527 
3 2529 2526 2527 
3 2528 2432 2529 
3 2432 2526 2529 
3 2525 2431 2528 
3 2431 2432 2528 
3 2524 2428 2525 
3 2428 2431 2525 
3 2422 2327 2428 
3 2422 2428 2519 
3 2519 2428 2524 
3 2423 2422 2519 
3 2522 2616 2527 
3 2617 2616 2522 
3 2526 2430 2527 
3 2430 2522 2527 
3 2432 2429 2526 
3 2429 2430 2526 
3 2431 2329 2432 
3 2329 2429 2432 
3 2326 2231 2329 
3 2326 2329 2428 
3 2428 2329 2431 
3 2327 2326 2428 
3 2613 2715 2716 
3 2617 2613 2716 
3 2617 2522 2613 
3 2522 2523 2613 
3 2430 2427 2522 
3 2427 2523 2522 
3 2429 2328 2430 
3 2328 2427 2430 
3 2230 2229 2328 
3 2230 2328 2329 
3 2329 2328 2429 
3 2231 2230 2329 
3 2614 2715 2613 
3 2717 2715 2614 
3 2523 2520 2613 
3 2520 2614 2613 
3 2426 2424 2520 
3 2426 2520 2427 
3 2427 2520 2523 
3 2325 2426 2427 
3 2328 2325 2427 
3 2229 2325 2328 
3 2707 2708 2806 
3 2717 2707 2806 
3 2717 2614 2707 
3 2614 2615 2707 
3 2520 2521 2614 
3 2521 2615 2614 
3 2424 2425 2521 
3 2520 2424 2521 
3 2606 2708 2707 
3 2607 2708 2606 
3 2615 2605 2707 
3 2605 2606 2707 
3 2517 2511 2605 
3 2517 2605 2521 
3 2521 2605 2615 
3 2425 2517 2521 
3 2514 2607 2606 
3 2513 2607 2514 
3 2605 2512 2606 
3 2512 2514 2606 
3 2511 2416 2512 
3 2605 2511 2512 
3 2417 2513 2514 
3 2418 2513 2417 
3 2415 2315 2417 
3 2415 2417 2512 
3 2512 2417 2514 
3 2416 2415 2512 
3 2316 2418 2417 
3 2317 2418 2316 
3 2315 2216 2316 
3 2417 2315 2316 
3 2217 2317 2316 
3 2310 2317 2217 
3 2216 2215 2217 
3 2316 2216 2217 
3 2210 2310 2217 
3 2311 2310 2210 
3 2215 2105 2107 
3 2215 2107 2217 
3 2217 2107 2210 
3 2105 2005 2107 
3 3787 3788 3684 
3 3788 3893 3789 
3 3788 3789 3684 
3 3790 3684 3780 
3 3780 3684 3677 
3 3790 3791 3684 
3 3791 3787 3684 
3 2211 2311 2210 
3 2309 2311 2211 
3 2107 2101 2210 
3 2101 2211 2210 
3 2005 1998 2101 
3 2107 2005 2101 
3 3685 3684 3789 
3 3781 3685 3789 
3 3677 3581 3577 
3 3677 3684 3581 
3 3684 3685 3581 
3 3577 3581 3578 
3 2209 2309 2211 
3 2208 2309 2209 
3 2101 2102 2211 
3 2102 2209 2211 
3 1998 1999 2102 
3 2101 1998 2102 
3 3685 3781 3680 
3 3581 3685 3680 
3 3579 3581 3680 
3 3580 3579 3681 
3 3479 3579 3580 
3 3479 3581 3579 
3 3479 3578 3581 
3 3479 3580 3480 
3 3291 3386 3387 
3 3385 3386 3291 
3 3198 3291 3292 
3 3291 3387 3292 
3 3094 3198 3199 
3 3198 3292 3199 
3 3095 3094 3200 
3 3094 3199 3200 
3 3096 3095 3201 
3 3095 3200 3201 
3 2997 3096 3097 
3 3096 3201 3097 
3 2895 2997 2998 
3 2997 3097 2998 
3 2792 2895 2896 
3 2895 2998 2896 
3 2793 2792 2897 
3 2792 2896 2897 
3 2692 2793 2794 
3 2793 2897 2794 
3 2592 2692 2693 
3 2692 2794 2693 
3 2496 2592 2593 
3 2592 2693 2593 
3 2484 2496 2578 
3 2496 2593 2578 
3 2578 2485 2484 
3 2579 2485 2578 
3 2100 2208 2209 
3 2205 2208 2100 
3 2001 2000 2100 
3 2001 2100 2102 
3 2102 2100 2209 
3 1999 2001 2102 
3 3580 3681 3582 
3 3480 3580 3582 
3 3480 3582 3481 
3 3481 3582 3482 
3 3386 3385 3481 
3 3482 3386 3481 
3 2485 2579 2486 
3 2388 2485 2486 
3 2389 2388 2487 
3 2388 2486 2487 
3 2390 2389 2488 
3 2389 2487 2488 
3 2381 2390 2480 
3 2390 2488 2480 
3 2281 2381 2382 
3 2381 2480 2382 
3 2282 2281 2383 
3 2281 2382 2383 
3 2383 2283 2282 
3 2384 2283 2383 
3 2098 2097 2202 
3 2205 2098 2202 
3 2100 2098 2205 
3 2100 1997 2098 
3 2100 2002 1997 
3 2000 2002 2100 
3 2283 2384 2284 
3 2179 2283 2284 
3 2094 2179 2200 
3 2179 2284 2200 
3 2095 2094 2201 
3 2094 2200 2201 
3 2096 2095 2099 
3 2095 2201 2099 
3 2097 2098 1996 
3 2097 1996 2099 
3 2099 1996 2096 
3 1997 1996 2098 
3 4456 4356 4457 
3 4456 4367 4358 
3 4356 4456 4358 
3 4359 4358 4367 
3 4359 4367 4267 
3 4267 4367 4368 
3 4363 4268 4368 
3 4368 4268 4267 
3 4260 4261 4268 
3 4260 4268 4262 
3 4262 4268 4363 
3 4262 4161 4160 
3 4260 4262 4160 
3 4161 4162 4060 
3 4160 4161 4060 
3 4162 4061 4060 
3 4541 4540 4630 
3 4446 4540 4541 
3 4446 4541 4460 
3 4460 4541 4461 
3 4455 4361 4461 
3 4461 4361 4460 
3 4357 4355 4455 
3 4455 4355 4361 
3 4356 4357 4457 
3 4356 4255 4357 
3 4255 4355 4357 
3 4358 4255 4356 
3 4256 4255 4358 
3 4359 4256 4358 
3 4260 4159 4261 
3 4160 4159 4260 
3 4059 4159 4160 
3 4060 4059 4160 
3 3960 4059 4060 
3 4061 3960 4060 
3 4061 3962 3960 
3 3962 3957 3960 
3 3961 3857 3962 
3 3962 3857 3957 
3 3862 3856 3961 
3 3961 3856 3857 
3 3861 3756 3862 
3 3862 3756 3856 
3 3860 3754 3861 
3 3861 3754 3756 
3 3757 3755 3860 
3 3860 3755 3754 
3 3755 3757 3654 
3 3655 3755 3654 
3 4634 4635 4719 
3 4634 4544 4543 
3 4635 4634 4543 
3 4449 4543 4544 
3 4449 4544 4453 
3 4453 4544 4546 
3 4542 4454 4546 
3 4546 4454 4453 
3 4540 4542 4630 
3 4540 4448 4542 
3 4448 4454 4542 
3 4446 4448 4540 
3 3654 3553 3655 
3 3656 3553 3654 
3 3557 3554 3656 
3 3656 3554 3553 
3 3554 3557 3458 
3 3452 3554 3458 
3 4784 4783 4859 
3 4784 4711 4710 
3 4783 4784 4710 
3 4626 4710 4711 
3 4626 4711 4629 
3 4629 4711 4638 
3 4635 4638 4719 
3 4635 4545 4638 
3 4545 4629 4638 
3 4543 4545 4635 
3 4451 4545 4543 
3 4449 4451 4543 
3 3458 3363 3452 
3 3362 3363 3458 
3 3267 3268 3362 
3 3362 3268 3363 
3 3170 3172 3267 
3 3267 3172 3268 
3 3172 3170 3066 
3 3068 3172 3066 
3 4781 4779 4856 
3 4780 4779 4781 
3 4780 4781 4708 
3 4708 4781 4782 
3 4783 4782 4859 
3 4783 4709 4782 
3 4709 4708 4782 
3 4710 4709 4783 
3 4628 4709 4710 
3 4626 4628 4710 
3 3066 2972 3068 
3 2968 2972 3066 
3 2871 2872 2968 
3 2968 2872 2972 
3 2868 2869 2872 
3 2868 2872 2771 
3 2771 2872 2871 
3 2771 2769 2868 
3 4778 4705 4762 
3 4835 4778 4762 
3 4779 4778 4856 
3 4779 4706 4778 
3 4706 4705 4778 
3 4780 4706 4779 
3 2868 2770 2869 
3 2769 2770 2868 
3 2769 2670 2770 
3 2670 2756 2770 
3 2756 2670 2654 
3 2755 2756 2654 
3 4760 4690 4763 
3 4688 4690 4760 
3 4688 4760 4687 
3 4687 4760 4761 
3 4762 4761 4835 
3 4687 4761 4762 
3 2653 2753 2754 
3 2652 2753 2653 
3 2755 2654 2653 
3 2754 2755 2653 
3 4703 4704 4766 
3 4777 4703 4766 
3 4691 4621 4703 
3 4703 4621 4704 
3 4690 4691 4763 
3 4690 4609 4691 
3 4609 4621 4691 
3 4688 4609 4690 
3 2656 2659 2757 
3 2656 2655 2560 
3 2656 2757 2655 
3 2757 2758 2655 
3 2753 2652 2655 
3 2758 2753 2655 
3 4768 4697 4769 
3 4846 4768 4769 
3 4767 4694 4768 
3 4768 4694 4697 
3 4766 4767 4777 
3 4694 4767 4766 
3 2562 2657 2658 
3 2659 2562 2658 
3 2659 2656 2562 
3 2656 2561 2562 
3 2560 2465 2561 
3 2656 2560 2561 
3 4957 4999 4998 
3 4957 4909 4958 
3 4999 4957 4958 
3 4910 4958 4909 
3 4910 4909 4849 
3 4849 4909 4848 
3 4847 4770 4848 
3 4848 4770 4849 
3 4769 4847 4846 
3 4770 4847 4769 
3 3149 3245 3248 
3 3149 3152 3051 
3 3248 3152 3149 
3 3051 3151 3050 
3 3152 3151 3051 
3 3151 3150 3050 
3 2564 2646 2660 
3 2657 2564 2660 
3 2657 2562 2564 
3 2562 2563 2564 
3 2561 2467 2562 
3 2467 2563 2562 
3 2465 2365 2467 
3 2561 2465 2467 
3 4999 4959 5000 
3 4999 5000 4998 
3 4998 5000 5046 
3 4958 4959 4999 
3 4911 4959 4958 
3 4910 4911 4958 
3 3145 3245 3149 
3 3147 3245 3145 
3 3051 3047 3149 
3 3047 3145 3149 
3 3050 2950 3051 
3 2950 3047 3051 
3 3049 3050 3150 
3 3049 2949 3050 
3 2949 2950 3050 
3 3049 3048 2949 
3 2549 2646 2564 
3 2647 2646 2549 
3 2563 2468 2564 
3 2468 2549 2564 
3 2466 2366 2468 
3 2466 2468 2467 
3 2467 2468 2563 
3 2365 2466 2467 
3 5126 5130 5091 
3 5126 5091 5089 
3 5091 5038 5089 
3 5091 5046 5038 
3 5046 5000 5038 
3 3045 3141 3146 
3 3147 3045 3146 
3 3147 3145 3045 
3 3145 3044 3045 
3 3047 3043 3145 
3 3043 3044 3145 
3 2950 2946 3047 
3 2946 3043 3047 
3 2949 2846 2950 
3 2846 2946 2950 
3 2948 2949 3048 
3 2948 2845 2949 
3 2845 2846 2949 
3 2948 2947 2845 
3 2550 2647 2549 
3 2648 2647 2550 
3 2468 2455 2549 
3 2455 2550 2549 
3 2366 2352 2455 
3 2468 2366 2455 
3 5089 5036 5090 
3 5127 5126 5089 
3 5127 5089 5090 
3 5128 5127 5090 
3 5038 5036 5089 
3 3039 3040 3140 
3 3141 3039 3140 
3 3141 3045 3039 
3 3045 3038 3039 
3 3044 2944 3045 
3 2944 3038 3045 
3 3043 2943 3044 
3 2943 2944 3044 
3 2946 2942 3043 
3 2942 2943 3043 
3 2846 2843 2946 
3 2843 2942 2946 
3 2845 2747 2846 
3 2747 2843 2846 
3 2844 2845 2947 
3 2747 2845 2844 
3 2554 2650 2651 
3 2648 2554 2651 
3 2648 2550 2554 
3 2550 2551 2554 
3 2455 2456 2550 
3 2456 2551 2550 
3 2352 2353 2456 
3 2455 2352 2456 
3 5123 5092 5086 
3 5144 5123 5124 
3 5124 5123 5086 
3 5129 5128 5090 
3 5129 5090 5123 
3 5092 5123 5090 
3 2939 3040 3039 
3 3041 3040 2939 
3 3038 2938 3039 
3 2938 2939 3039 
3 2944 2937 3038 
3 2937 2938 3038 
3 2943 2840 2944 
3 2840 2937 2944 
3 2942 2839 2943 
3 2839 2840 2943 
3 2843 2838 2942 
3 2838 2839 2942 
3 2747 2745 2843 
3 2745 2838 2843 
3 2746 2747 2844 
3 2746 2645 2747 
3 2645 2745 2747 
3 2645 2744 2643 
3 2746 2744 2645 
3 2643 2743 2642 
3 2744 2743 2643 
3 2642 2649 2553 
3 2743 2649 2642 
3 2650 2553 2649 
3 2650 2554 2553 
3 2554 2552 2553 
3 2551 2459 2554 
3 2459 2552 2554 
3 2457 2357 2459 
3 2457 2459 2456 
3 2456 2459 2551 
3 2353 2457 2456 
3 5122 5085 5116 
3 5116 5085 5081 
3 5117 5116 5081 
3 5125 5124 5086 
3 5122 5125 5086 
3 5086 5085 5122 
3 3042 3139 3144 
3 3041 3042 3144 
3 3041 2939 3042 
3 2939 2940 3042 
3 2938 2836 2939 
3 2836 2940 2939 
3 2834 2737 2836 
3 2834 2836 2937 
3 2937 2836 2938 
3 2833 2834 2937 
3 2840 2833 2937 
3 2742 2833 2840 
3 2839 2742 2840 
3 2741 2742 2839 
3 2838 2741 2839 
3 2739 2741 2838 
3 2739 2838 2740 
3 2740 2838 2745 
3 2645 2644 2745 
3 2644 2740 2745 
3 2643 2548 2645 
3 2548 2644 2645 
3 2642 2546 2643 
3 2546 2548 2643 
3 2553 2545 2642 
3 2545 2546 2642 
3 2552 2458 2553 
3 2458 2545 2553 
3 2356 2355 2458 
3 2356 2458 2459 
3 2459 2458 2552 
3 2357 2356 2459 
3 5146 5143 5141 
3 5143 5142 5120 
3 5120 5141 5143 
3 5142 5119 5120 
3 5118 5117 5081 
3 5119 5118 5081 
3 5081 5120 5119 
3 3037 3136 3138 
3 3139 3037 3138 
3 3139 3042 3037 
3 3042 3036 3037 
3 2940 2941 3042 
3 2941 3036 3042 
3 2836 2837 2940 
3 2837 2941 2940 
3 2737 2738 2837 
3 2836 2737 2837 
3 2739 2740 2638 
3 2640 2638 2740 
3 2644 2640 2740 
3 2547 2640 2644 
3 2548 2547 2644 
3 2454 2547 2548 
3 2546 2454 2548 
3 2452 2454 2546 
3 2545 2452 2546 
3 2451 2452 2545 
3 2458 2451 2545 
3 2355 2451 2458 
3 5138 5114 5135 
3 5135 5114 5103 
3 5136 5135 5103 
3 5139 5140 5115 
3 5138 5139 5115 
3 5138 5115 5114 
3 5140 5146 5141 
3 5140 5141 5115 
3 3231 3233 3326 
3 3231 3235 3134 
3 3326 3235 3231 
3 3134 3234 3133 
3 3235 3234 3134 
3 3133 3137 3035 
3 3234 3137 3133 
3 3035 3135 3034 
3 3137 3135 3035 
3 3136 3034 3135 
3 3136 3037 3034 
3 3037 2936 3034 
3 3036 2935 3037 
3 2935 2936 3037 
3 2941 2934 3036 
3 2934 2935 3036 
3 2835 2831 2934 
3 2835 2934 2837 
3 2837 2934 2941 
3 2738 2835 2837 
3 5133 5134 5102 
3 5137 5136 5103 
3 5134 5137 5103 
3 5103 5102 5134 
3 3132 3226 3232 
3 3233 3132 3232 
3 3233 3231 3132 
3 3231 3131 3132 
3 3134 3130 3231 
3 3130 3131 3231 
3 3133 3033 3134 
3 3033 3130 3134 
3 3035 3032 3133 
3 3032 3033 3133 
3 3034 2933 3035 
3 2933 3032 3035 
3 2936 2932 3034 
3 2932 2933 3034 
3 2935 2832 2936 
3 2832 2932 2936 
3 2830 2733 2832 
3 2830 2832 2934 
3 2934 2832 2935 
3 2831 2830 2934 
3 3124 3129 3225 
3 3226 3124 3225 
3 3226 3132 3124 
3 3132 3117 3124 
3 3131 3031 3132 
3 3031 3117 3132 
3 3130 3030 3131 
3 3030 3031 3131 
3 3033 3029 3130 
3 3029 3030 3130 
3 3032 2931 3033 
3 2931 3029 3033 
3 2933 2930 3032 
3 2930 2931 3032 
3 2932 2829 2933 
3 2829 2930 2933 
3 2732 2729 2829 
3 2732 2829 2832 
3 2832 2829 2932 
3 2733 2732 2832 
3 3028 3126 3128 
3 3129 3028 3128 
3 3129 3124 3028 
3 3124 3025 3028 
3 3117 3024 3124 
3 3024 3025 3124 
3 3031 3017 3117 
3 3017 3024 3117 
3 3030 2928 3031 
3 2928 3017 3031 
3 3029 2927 3030 
3 2927 2928 3030 
3 2931 2929 3029 
3 2929 2927 3029 
3 2930 2827 2931 
3 2827 2929 2931 
3 2829 2828 2930 
3 2828 2827 2930 
3 2729 2727 2828 
3 2829 2729 2828 
3 3026 3027 3125 
3 3126 3026 3125 
3 3126 3028 3026 
3 3028 2926 3026 
3 3025 2925 3028 
3 2925 2926 3028 
3 3024 2922 3025 
3 2922 2925 3025 
3 3017 2921 3024 
3 2921 2922 3024 
3 2928 2914 3017 
3 2914 2921 3017 
3 2927 2825 2928 
3 2825 2914 2928 
3 2929 2826 2927 
3 2826 2825 2927 
3 2728 2725 2826 
3 2728 2826 2827 
3 2827 2826 2929 
3 2726 2728 2827 
3 2828 2726 2827 
3 2727 2726 2828 
3 2924 3027 3026 
3 3020 3027 2924 
3 2926 2923 3026 
3 2923 2924 3026 
3 2925 2824 2926 
3 2824 2923 2926 
3 2922 2823 2925 
3 2823 2824 2925 
3 2921 2820 2922 
3 2820 2823 2922 
3 2813 2721 2820 
3 2813 2820 2914 
3 2914 2820 2921 
3 2812 2813 2914 
3 2825 2812 2914 
3 2724 2812 2825 
3 2826 2724 2825 
3 2725 2724 2826 
3 2917 3020 2924 
3 2918 3020 2917 
3 2923 2822 2924 
3 2822 2917 2924 
3 2824 2821 2923 
3 2821 2822 2923 
3 2823 2723 2824 
3 2723 2821 2824 
3 2720 2623 2723 
3 2720 2723 2820 
3 2820 2723 2823 
3 2721 2720 2820 
3 2817 2918 2917 
3 2919 2918 2817 
3 2822 2816 2917 
3 2816 2817 2917 
3 2821 2722 2822 
3 2722 2816 2822 
3 2622 2621 2722 
3 2622 2722 2723 
3 2723 2722 2821 
3 2623 2622 2723 
3 2920 3018 3023 
3 2919 2920 3023 
3 2919 2817 2920 
3 2817 2818 2920 
3 2816 2718 2817 
3 2718 2818 2817 
3 2620 2616 2718 
3 2620 2718 2722 
3 2722 2718 2816 
3 2621 2620 2722 
3 2915 3018 2920 
3 3019 3018 2915 
3 2818 2819 2920 
3 2819 2915 2920 
3 2718 2719 2818 
3 2719 2819 2818 
3 2616 2617 2719 
3 2718 2616 2719 
3 2916 3019 2915 
3 3011 3019 2916 
3 2819 2814 2915 
3 2814 2916 2915 
3 2716 2715 2814 
3 2716 2814 2719 
3 2719 2814 2819 
3 2617 2716 2719 
3 2909 3011 2916 
3 2908 3011 2909 
3 2814 2815 2916 
3 2815 2909 2916 
3 2715 2717 2815 
3 2814 2715 2815 
3 2807 2908 2909 
3 2808 2908 2807 
3 2806 2708 2807 
3 2806 2807 2815 
3 2815 2807 2909 
3 2717 2806 2815 
3 2709 2808 2807 
3 2710 2808 2709 
3 2708 2607 2709 
3 2807 2708 2709 
3 2608 2710 2709 
3 2609 2710 2608 
3 2607 2513 2608 
3 2709 2607 2608 
3 2515 2609 2608 
3 2516 2609 2515 
3 2513 2418 2515 
3 2608 2513 2515 
3 2419 2516 2515 
3 2509 2516 2419 
3 2418 2317 2419 
3 2515 2418 2419 
3 2412 2509 2419 
3 2510 2509 2412 
3 2317 2310 2412 
3 2419 2317 2412 
3 2413 2510 2412 
3 2502 2510 2413 
3 2310 2311 2413 
3 2412 2310 2413 
3 3998 3999 3892 
3 3893 3894 3789 
3 2408 2502 2413 
3 2405 2502 2408 
3 2311 2309 2408 
3 2413 2311 2408 
3 3998 3892 3993 
3 3993 3892 3888 
3 3894 3993 3888 
3 3894 3888 3789 
3 3888 3783 3789 
3 3783 3781 3789 
3 2304 2405 2408 
3 2303 2405 2304 
3 2309 2208 2304 
3 2408 2309 2304 
3 3781 3783 3683 
3 3680 3781 3683 
3 3682 3683 3782 
3 3682 3579 3683 
3 3579 3680 3683 
3 3579 3682 3681 
3 3483 3583 3484 
3 3483 3387 3386 
3 3483 3484 3387 
3 3484 3485 3387 
3 3292 3387 3388 
3 3387 3485 3388 
3 3199 3292 3293 
3 3292 3388 3293 
3 3200 3199 3294 
3 3199 3293 3294 
3 3201 3200 3295 
3 3200 3294 3295 
3 3097 3201 3202 
3 3201 3295 3202 
3 2998 3097 3098 
3 3097 3202 3098 
3 2896 2998 2999 
3 2998 3098 2999 
3 2897 2896 3000 
3 2896 2999 3000 
3 2794 2897 2898 
3 2897 3000 2898 
3 2693 2794 2795 
3 2794 2898 2795 
3 2593 2693 2694 
3 2693 2795 2694 
3 2578 2593 2676 
3 2593 2694 2676 
3 2676 2579 2578 
3 2677 2579 2676 
3 2203 2303 2304 
3 2305 2303 2203 
3 2208 2205 2203 
3 2304 2208 2203 
3 3682 3782 3686 
3 3681 3682 3686 
3 3681 3686 3582 
3 3582 3686 3584 
3 3583 3483 3482 
3 3583 3482 3584 
3 3584 3482 3582 
3 3386 3482 3483 
3 2579 2677 2580 
3 2486 2579 2580 
3 2487 2486 2581 
3 2486 2580 2581 
3 2488 2487 2582 
3 2487 2581 2582 
3 2480 2488 2575 
3 2488 2582 2575 
3 2382 2480 2481 
3 2480 2575 2481 
3 2383 2382 2482 
3 2382 2481 2482 
3 2482 2384 2383 
3 2483 2384 2482 
3 2204 2206 2306 
3 2305 2204 2306 
3 2203 2204 2305 
3 2203 2097 2204 
3 2203 2202 2097 
3 2205 2202 2203 
3 2384 2483 2385 
3 2284 2384 2385 
3 2200 2284 2302 
3 2284 2385 2302 
3 2201 2200 2207 
3 2200 2302 2207 
3 2206 2204 2099 
3 2206 2099 2207 
3 2207 2099 2201 
3 2097 2099 2204 
3 4267 4257 4359 
3 4267 4268 4169 
3 4257 4267 4169 
3 4268 4261 4169 
3 4460 4447 4446 
3 4460 4361 4360 
3 4447 4460 4360 
3 4361 4355 4259 
3 4360 4361 4259 
3 4355 4255 4254 
3 4259 4355 4254 
3 4255 4256 4155 
3 4254 4255 4155 
3 4256 4359 4257 
3 4256 4257 4155 
3 4155 4257 4156 
3 4067 4169 4066 
3 4067 4156 4169 
3 4156 4257 4169 
3 4065 3964 4066 
3 4159 4065 4066 
3 4159 4066 4169 
3 4159 4169 4261 
3 4159 4059 4058 
3 4065 4159 4058 
3 4059 3960 3959 
3 4058 4059 3959 
3 3960 3957 3854 
3 3959 3960 3854 
3 3957 3857 3852 
3 3854 3957 3852 
3 3857 3856 3751 
3 3852 3857 3751 
3 3856 3756 3750 
3 3751 3856 3750 
3 3756 3754 3653 
3 3750 3756 3653 
3 3754 3755 3652 
3 3653 3754 3652 
3 3755 3655 3652 
3 4453 4450 4449 
3 4453 4454 4353 
3 4450 4453 4353 
3 4454 4448 4354 
3 4353 4454 4354 
3 4448 4349 4354 
3 4446 4349 4448 
3 4446 4348 4349 
3 4446 4447 4348 
3 4360 4348 4447 
3 4258 4348 4360 
3 4259 4258 4360 
3 4157 4258 4259 
3 4254 4157 4259 
3 4154 4157 4254 
3 4155 4154 4254 
3 4053 4154 4155 
3 4156 4053 4155 
3 4054 4053 4156 
3 4067 4054 4156 
3 4065 3963 3964 
3 4058 3963 4065 
3 3958 3963 4058 
3 3959 3958 4058 
3 3853 3958 3959 
3 3854 3853 3959 
3 3747 3853 3854 
3 3852 3747 3854 
3 3746 3747 3852 
3 3751 3746 3852 
3 3649 3746 3751 
3 3750 3649 3751 
3 3648 3649 3750 
3 3653 3648 3750 
3 3552 3648 3653 
3 3652 3552 3653 
3 3551 3552 3652 
3 3453 3449 3551 
3 3553 3453 3551 
3 3553 3551 3652 
3 3553 3652 3655 
3 3553 3554 3451 
3 3453 3553 3451 
3 3554 3452 3451 
3 4629 4627 4626 
3 4629 4545 4539 
3 4627 4629 4539 
3 4545 4451 4452 
3 4539 4545 4452 
3 4451 4351 4452 
3 4449 4351 4451 
3 4449 4350 4351 
3 4449 4450 4350 
3 4353 4350 4450 
3 4252 4350 4353 
3 4354 4252 4353 
3 4253 4252 4354 
3 4349 4253 4354 
3 3453 3359 3449 
3 3451 3359 3453 
3 3358 3359 3451 
3 3452 3358 3451 
3 3452 3363 3358 
3 3363 3357 3358 
3 3269 3262 3357 
3 3269 3357 3268 
3 3268 3357 3363 
3 3268 3172 3173 
3 3269 3268 3173 
3 3172 3068 3173 
3 4708 4707 4780 
3 4708 4709 4624 
3 4707 4708 4624 
3 4709 4628 4625 
3 4624 4709 4625 
3 4628 4538 4625 
3 4626 4538 4628 
3 4626 4537 4538 
3 4626 4627 4537 
3 4539 4537 4627 
3 4445 4537 4539 
3 4452 4445 4539 
3 4352 4445 4452 
3 4351 4352 4452 
3 3269 3174 3262 
3 3173 3174 3269 
3 3069 3174 3173 
3 3068 3069 3173 
3 3068 2972 3069 
3 2972 2973 3069 
3 2969 2970 2973 
3 2969 2973 2872 
3 2872 2973 2972 
3 2872 2869 2969 
3 4705 4689 4762 
3 4705 4706 4622 
3 4689 4705 4622 
3 4706 4780 4707 
3 4706 4707 4622 
3 4622 4707 4623 
3 4536 4624 4534 
3 4536 4623 4624 
3 4623 4707 4624 
3 4625 4534 4624 
3 4535 4534 4625 
3 4538 4535 4625 
3 2969 2870 2970 
3 2869 2870 2969 
3 2869 2770 2870 
3 2770 2857 2870 
3 2856 2854 2857 
3 2856 2857 2756 
3 2756 2857 2770 
3 2756 2755 2856 
3 4687 4608 4688 
3 4687 4762 4689 
3 4687 4689 4608 
3 4608 4689 4610 
3 4607 4622 4532 
3 4607 4610 4622 
3 4610 4689 4622 
3 4623 4532 4622 
3 4533 4532 4623 
3 4536 4533 4623 
3 2754 2854 2856 
3 2754 2753 2854 
3 2753 2855 2854 
3 2755 2754 2856 
3 4704 4693 4766 
3 4704 4621 4692 
3 4693 4704 4692 
3 4611 4692 4621 
3 4611 4621 4531 
3 4531 4621 4609 
3 4608 4609 4688 
3 4608 4521 4609 
3 4521 4531 4609 
3 4610 4521 4608 
3 4522 4521 4610 
3 4607 4522 4610 
3 3345 3439 3440 
3 3345 3438 3344 
3 3440 3438 3345 
3 3344 3437 3343 
3 3438 3437 3344 
3 3343 3355 3260 
3 3437 3355 3343 
3 3355 3354 3260 
3 2862 2953 2964 
3 2862 2960 2861 
3 2964 2960 2862 
3 2861 2858 2760 
3 2960 2858 2861 
3 2760 2757 2659 
3 2760 2858 2757 
3 2858 2859 2757 
3 2758 2757 2860 
3 2757 2859 2860 
3 2855 2753 2758 
3 2860 2855 2758 
3 4697 4696 4769 
3 4615 4696 4697 
3 4615 4697 4695 
3 4695 4697 4694 
3 4693 4694 4766 
3 4693 4613 4694 
3 4613 4695 4694 
3 4692 4613 4693 
3 4612 4613 4692 
3 4611 4612 4692 
3 3436 3533 3539 
3 3439 3436 3539 
3 3439 3345 3436 
3 3345 3346 3436 
3 3344 3250 3345 
3 3250 3346 3345 
3 3343 3249 3344 
3 3249 3250 3344 
3 3260 3247 3343 
3 3247 3249 3343 
3 3259 3260 3354 
3 3259 3162 3260 
3 3162 3247 3260 
3 3162 3258 3161 
3 3259 3258 3162 
3 3258 3257 3161 
3 2848 2951 2952 
3 2953 2848 2952 
3 2953 2862 2848 
3 2862 2847 2848 
3 2861 2759 2862 
3 2759 2847 2862 
3 2658 2657 2759 
3 2658 2759 2760 
3 2760 2759 2861 
3 2659 2658 2760 
3 4849 4850 4910 
3 4773 4850 4849 
3 4773 4849 4771 
3 4771 4849 4770 
3 4696 4770 4769 
3 4696 4698 4770 
3 4698 4771 4770 
3 4615 4698 4696 
3 3431 3432 3532 
3 3533 3431 3532 
3 3533 3436 3431 
3 3436 3342 3431 
3 3346 3341 3436 
3 3341 3342 3436 
3 3248 3245 3341 
3 3248 3341 3250 
3 3250 3341 3346 
3 3152 3248 3250 
3 3249 3152 3250 
3 3151 3152 3249 
3 3247 3151 3249 
3 3150 3151 3247 
3 3150 3247 3148 
3 3148 3247 3162 
3 3161 3058 3162 
3 3058 3148 3162 
3 3160 3161 3257 
3 3160 3057 3161 
3 3057 3058 3161 
3 3057 3159 3056 
3 3160 3159 3057 
3 3159 3156 3056 
3 2849 2951 2848 
3 2954 2951 2849 
3 2847 2748 2848 
3 2748 2849 2848 
3 2660 2646 2748 
3 2660 2748 2759 
3 2759 2748 2847 
3 2657 2660 2759 
3 4959 5001 5000 
3 4960 5001 4959 
3 4960 4959 4912 
3 4912 4959 4911 
3 4850 4911 4910 
3 4850 4851 4911 
3 4851 4912 4911 
3 4773 4851 4850 
3 3336 3432 3431 
3 3339 3432 3336 
3 3342 3335 3431 
3 3335 3336 3431 
3 3341 3246 3342 
3 3246 3335 3342 
3 3245 3147 3246 
3 3341 3245 3246 
3 3150 3148 3049 
3 3048 3049 3148 
3 3048 3148 3046 
3 3046 3148 3058 
3 3057 2957 3058 
3 2957 3046 3058 
3 3056 2956 3057 
3 2956 2957 3057 
3 3055 3056 3156 
3 3055 2955 3056 
3 2955 2956 3056 
3 2954 2955 3055 
3 2954 2849 2955 
3 2849 2850 2955 
3 2748 2749 2849 
3 2749 2850 2849 
3 2646 2647 2749 
3 2748 2646 2749 
3 5001 4961 4996 
3 5001 4996 5000 
3 5000 4996 5038 
3 4960 4961 5001 
3 3629 3728 3732 
3 3629 3731 3628 
3 3732 3731 3629 
3 3628 3730 3627 
3 3731 3730 3628 
3 3627 3729 3626 
3 3730 3729 3627 
3 3626 3631 3531 
3 3729 3631 3626 
3 3631 3630 3531 
3 3242 3337 3338 
3 3339 3242 3338 
3 3339 3336 3242 
3 3336 3241 3242 
3 3335 3240 3336 
3 3240 3241 3336 
3 3146 3141 3240 
3 3146 3240 3246 
3 3246 3240 3335 
3 3147 3146 3246 
3 3048 3046 2948 
3 2947 2948 3046 
3 2947 3046 2945 
3 2945 3046 2957 
3 2956 2853 2957 
3 2853 2945 2957 
3 2955 2852 2956 
3 2852 2853 2956 
3 2850 2851 2955 
3 2851 2852 2955 
3 2749 2750 2850 
3 2750 2851 2850 
3 2647 2648 2750 
3 2749 2647 2750 
3 5036 5037 5090 
3 5036 4992 5037 
3 5036 5038 4992 
3 5038 4996 4992 
3 3625 3726 3727 
3 3728 3625 3727 
3 3728 3629 3625 
3 3629 3624 3625 
3 3628 3529 3629 
3 3529 3624 3629 
3 3627 3528 3628 
3 3528 3529 3628 
3 3626 3527 3627 
3 3527 3528 3627 
3 3531 3526 3626 
3 3526 3527 3626 
3 3530 3531 3630 
3 3530 3430 3531 
3 3430 3526 3531 
3 3430 3433 3340 
3 3530 3433 3430 
3 3337 3340 3433 
3 3337 3242 3340 
3 3242 3243 3340 
3 3241 3142 3242 
3 3142 3243 3242 
3 3140 3040 3142 
3 3140 3142 3240 
3 3240 3142 3241 
3 3141 3140 3240 
3 2945 2842 2844 
3 2947 2945 2844 
3 2853 2841 2945 
3 2841 2842 2945 
3 2852 2751 2853 
3 2751 2841 2853 
3 2851 2752 2852 
3 2752 2751 2852 
3 2651 2650 2752 
3 2651 2752 2750 
3 2750 2752 2851 
3 2648 2651 2750 
3 5092 5093 5086 
3 5092 5041 5093 
3 5090 5041 5092 
3 5090 5039 5041 
3 5090 5037 5039 
3 4992 5039 5037 
3 3623 3726 3625 
3 3718 3726 3623 
3 3624 3525 3625 
3 3525 3623 3625 
3 3529 3524 3624 
3 3524 3525 3624 
3 3528 3429 3529 
3 3429 3524 3529 
3 3527 3428 3528 
3 3428 3429 3528 
3 3526 3427 3527 
3 3427 3428 3527 
3 3430 3426 3526 
3 3426 3427 3526 
3 3340 3334 3430 
3 3334 3426 3430 
3 3243 3244 3340 
3 3244 3334 3340 
3 3142 3143 3243 
3 3143 3244 3243 
3 3040 3041 3143 
3 3142 3040 3143 
3 2844 2842 2746 
3 2744 2746 2842 
3 2841 2744 2842 
3 2743 2744 2841 
3 2751 2743 2841 
3 2649 2743 2751 
3 2752 2649 2751 
3 2650 2649 2752 
3 5085 5083 5081 
3 5085 5033 5083 
3 5086 5033 5085 
3 5086 5087 5033 
3 5086 5093 5087 
3 5041 5087 5093 
3 3616 3617 3717 
3 3718 3616 3717 
3 3718 3623 3616 
3 3623 3523 3616 
3 3525 3522 3623 
3 3522 3523 3623 
3 3524 3425 3525 
3 3425 3522 3525 
3 3429 3424 3524 
3 3424 3425 3524 
3 3428 3333 3429 
3 3333 3424 3429 
3 3427 3331 3428 
3 3331 3333 3428 
3 3426 3330 3427 
3 3330 3331 3427 
3 3334 3332 3426 
3 3332 3330 3426 
3 3244 3239 3334 
3 3239 3332 3334 
3 3144 3139 3239 
3 3144 3239 3143 
3 3143 3239 3244 
3 3041 3144 3143 
3 5120 5121 5141 
3 5120 5082 5121 
3 5081 5082 5120 
3 5081 5031 5082 
3 5081 5083 5031 
3 5033 5031 5083 
3 3515 3617 3616 
3 3521 3617 3515 
3 3523 3514 3616 
3 3514 3515 3616 
3 3522 3423 3523 
3 3423 3514 3523 
3 3425 3422 3522 
3 3422 3423 3522 
3 3424 3329 3425 
3 3329 3422 3425 
3 3333 3328 3424 
3 3328 3329 3424 
3 3331 3238 3333 
3 3238 3328 3333 
3 3330 3236 3331 
3 3236 3238 3331 
3 3332 3237 3330 
3 3237 3236 3330 
3 3138 3136 3237 
3 3138 3237 3239 
3 3239 3237 3332 
3 3139 3138 3239 
3 5114 5131 5103 
3 5098 5131 5114 
3 5098 5114 5079 
3 5079 5114 5115 
3 5121 5115 5141 
3 5121 5084 5115 
3 5084 5079 5115 
3 5082 5084 5121 
3 3421 3516 3520 
3 3521 3421 3520 
3 3521 3515 3421 
3 3515 3420 3421 
3 3514 3415 3515 
3 3415 3420 3515 
3 3423 3414 3514 
3 3414 3415 3514 
3 3422 3327 3423 
3 3327 3414 3423 
3 3326 3233 3327 
3 3326 3327 3329 
3 3329 3327 3422 
3 3235 3326 3329 
3 3328 3235 3329 
3 3234 3235 3328 
3 3238 3234 3328 
3 3137 3234 3238 
3 3236 3137 3238 
3 3135 3137 3236 
3 3237 3135 3236 
3 3136 3135 3237 
3 5132 5133 5102 
3 5132 5102 5099 
3 5102 5055 5099 
3 5103 5055 5102 
3 5103 5096 5055 
3 5103 5131 5096 
3 5098 5096 5131 
3 3416 3516 3421 
3 3418 3516 3416 
3 3420 3325 3421 
3 3325 3416 3421 
3 3415 3324 3420 
3 3324 3325 3420 
3 3414 3319 3415 
3 3319 3324 3415 
3 3232 3226 3319 
3 3232 3319 3327 
3 3327 3319 3414 
3 3233 3232 3327 
3 5099 5054 5053 
3 5100 5132 5099 
3 5100 5099 5053 
3 5101 5100 5053 
3 5055 5054 5099 
3 3322 3323 3417 
3 3418 3322 3417 
3 3418 3416 3322 
3 3416 3321 3322 
3 3325 3320 3416 
3 3320 3321 3416 
3 3324 3230 3325 
3 3230 3320 3325 
3 3225 3129 3230 
3 3225 3230 3319 
3 3319 3230 3324 
3 3226 3225 3319 
3 5061 5062 5011 
3 5062 5063 5011 
3 5101 5053 5063 
3 5063 5053 5011 
3 3229 3323 3322 
3 3315 3323 3229 
3 3321 3228 3322 
3 3228 3229 3322 
3 3320 3227 3321 
3 3227 3228 3321 
3 3128 3126 3227 
3 3128 3227 3230 
3 3230 3227 3320 
3 3129 3128 3230 
3 5056 5057 5009 
3 5057 5061 5011 
3 5057 5011 5009 
3 3222 3315 3229 
3 3316 3315 3222 
3 3228 3127 3229 
3 3127 3222 3229 
3 3125 3027 3127 
3 3125 3127 3227 
3 3227 3127 3228 
3 3126 3125 3227 
3 3223 3317 3318 
3 3316 3223 3318 
3 3316 3222 3223 
3 3222 3121 3223 
3 3127 3120 3222 
3 3120 3121 3222 
3 3027 3020 3120 
3 3127 3027 3120 
3 3224 3317 3223 
3 3313 3317 3224 
3 3121 3122 3223 
3 3122 3224 3223 
3 3120 3021 3121 
3 3021 3122 3121 
3 3020 2918 3021 
3 3120 3020 3021 
3 3220 3313 3224 
3 3314 3313 3220 
3 3122 3123 3224 
3 3123 3220 3224 
3 3021 3022 3122 
3 3022 3123 3122 
3 2918 2919 3022 
3 3021 2918 3022 
3 3221 3314 3220 
3 3307 3314 3221 
3 3123 3118 3220 
3 3118 3221 3220 
3 3023 3018 3118 
3 3023 3118 3022 
3 3022 3118 3123 
3 2919 3023 3022 
3 3214 3307 3221 
3 3215 3307 3214 
3 3118 3119 3221 
3 3119 3214 3221 
3 3018 3019 3119 
3 3118 3018 3119 
3 3112 3215 3214 
3 3113 3215 3112 
3 3119 3111 3214 
3 3111 3112 3214 
3 3019 3011 3111 
3 3119 3019 3111 
3 3013 3113 3112 
3 3014 3113 3013 
3 3111 3012 3112 
3 3012 3013 3112 
3 3011 2908 3012 
3 3111 3011 3012 
3 2911 3014 3013 
3 2912 3014 2911 
3 3012 2910 3013 
3 2910 2911 3013 
3 2908 2808 2910 
3 3012 2908 2910 
3 2810 2912 2911 
3 2811 2912 2810 
3 2910 2809 2911 
3 2809 2810 2911 
3 2808 2710 2809 
3 2910 2808 2809 
3 2712 2811 2810 
3 2804 2811 2712 
3 2809 2711 2810 
3 2711 2712 2810 
3 2710 2609 2711 
3 2809 2710 2711 
3 2705 2804 2712 
3 2805 2804 2705 
3 2711 2610 2712 
3 2610 2705 2712 
3 2609 2516 2610 
3 2711 2609 2610 
3 2706 2805 2705 
3 2798 2805 2706 
3 2610 2603 2705 
3 2603 2706 2705 
3 2516 2509 2603 
3 2610 2516 2603 
3 2699 2798 2706 
3 2700 2798 2699 
3 2603 2604 2706 
3 2604 2699 2706 
3 2509 2510 2604 
3 2603 2509 2604 
3 2598 2700 2699 
3 2599 2700 2598 
3 2604 2597 2699 
3 2597 2598 2699 
3 2510 2502 2597 
3 2604 2510 2597 
3 4091 4092 3994 
3 3999 4091 3994 
3 3999 3994 3892 
3 2504 2599 2598 
3 2600 2599 2504 
3 2597 2503 2598 
3 2503 2504 2598 
3 2502 2405 2503 
3 2597 2502 2503 
3 3786 3888 3892 
3 3786 3892 3889 
3 3889 3892 3994 
3 3888 3786 3783 
3 2505 2600 2504 
3 2506 2600 2505 
3 2503 2406 2504 
3 2406 2505 2504 
3 2405 2303 2406 
3 2503 2405 2406 
3 3786 3889 3784 
3 3785 3784 3890 
3 3683 3784 3785 
3 3683 3786 3784 
3 3683 3783 3786 
3 3683 3785 3782 
3 3484 3585 3586 
3 3583 3585 3484 
3 3485 3484 3587 
3 3484 3586 3587 
3 3388 3485 3486 
3 3485 3587 3486 
3 3293 3388 3389 
3 3388 3486 3389 
3 3294 3293 3390 
3 3293 3389 3390 
3 3295 3294 3391 
3 3294 3390 3391 
3 3202 3295 3296 
3 3295 3391 3296 
3 3098 3202 3203 
3 3202 3296 3203 
3 2999 3098 3099 
3 3098 3203 3099 
3 3000 2999 3100 
3 2999 3099 3100 
3 2898 3000 3001 
3 3000 3100 3001 
3 2795 2898 2899 
3 2898 3001 2899 
3 2694 2795 2796 
3 2795 2899 2796 
3 2676 2694 2778 
3 2694 2796 2778 
3 2778 2677 2676 
3 2779 2677 2778 
3 2409 2506 2505 
3 2411 2506 2409 
3 2406 2407 2505 
3 2407 2409 2505 
3 2303 2305 2407 
3 2406 2303 2407 
3 3785 3890 3792 
3 3782 3785 3792 
3 3782 3792 3686 
3 3686 3792 3793 
3 3584 3686 3687 
3 3686 3793 3687 
3 3585 3583 3584 
3 3687 3585 3584 
3 2677 2779 2678 
3 2580 2677 2678 
3 2581 2580 2679 
3 2580 2678 2679 
3 2582 2581 2680 
3 2581 2679 2680 
3 2575 2582 2672 
3 2582 2680 2672 
3 2481 2575 2576 
3 2575 2672 2576 
3 2482 2481 2577 
3 2481 2576 2577 
3 2483 2501 2404 
3 2483 2482 2501 
3 2482 2577 2501 
3 2404 2410 2308 
3 2501 2410 2404 
3 2411 2308 2410 
3 2411 2409 2308 
3 2409 2307 2308 
3 2306 2206 2307 
3 2306 2307 2407 
3 2407 2307 2409 
3 2305 2306 2407 
3 2483 2404 2385 
3 2302 2385 2404 
3 2308 2302 2404 
3 2207 2302 2308 
3 2307 2207 2308 
3 2206 2207 2307 
3 4066 3965 4067 
3 4066 3964 3965 
3 4348 4248 4349 
3 4348 4258 4247 
3 4248 4348 4247 
3 4258 4157 4158 
3 4247 4258 4158 
3 4157 4154 4056 
3 4158 4157 4056 
3 4154 4053 4055 
3 4056 4154 4055 
3 4053 4054 3953 
3 4055 4053 3953 
3 4054 4067 3965 
3 4054 3965 3953 
3 3953 3965 3952 
3 3964 3963 3859 
3 3964 3859 3965 
3 3965 3859 3952 
3 3963 3958 3858 
3 3859 3963 3858 
3 3958 3853 3855 
3 3858 3958 3855 
3 3853 3747 3748 
3 3855 3853 3748 
3 3747 3746 3645 
3 3748 3747 3645 
3 3746 3649 3644 
3 3645 3746 3644 
3 3649 3648 3548 
3 3644 3649 3548 
3 3648 3552 3547 
3 3548 3648 3547 
3 3552 3551 3450 
3 3547 3552 3450 
3 3551 3449 3450 
3 4350 4251 4351 
3 4350 4252 4250 
3 4251 4350 4250 
3 4252 4253 4153 
3 4250 4252 4153 
3 4253 4349 4248 
3 4253 4248 4153 
3 4153 4248 4149 
3 4247 4148 4248 
3 4148 4149 4248 
3 4158 4147 4247 
3 4147 4148 4247 
3 4056 4057 4158 
3 4057 4147 4158 
3 4055 3955 4056 
3 3955 4057 4056 
3 3953 3954 4055 
3 3954 3955 4055 
3 3952 3848 3953 
3 3848 3954 3953 
3 3859 3847 3952 
3 3847 3848 3952 
3 3858 3753 3859 
3 3753 3847 3859 
3 3855 3752 3858 
3 3752 3753 3858 
3 3748 3749 3855 
3 3749 3752 3855 
3 3645 3646 3748 
3 3646 3749 3748 
3 3644 3544 3645 
3 3544 3646 3645 
3 3548 3543 3644 
3 3543 3544 3644 
3 3547 3446 3548 
3 3446 3543 3548 
3 3450 3445 3547 
3 3445 3446 3547 
3 3449 3359 3356 
3 3449 3356 3450 
3 3450 3356 3445 
3 3359 3358 3264 
3 3356 3359 3264 
3 3358 3357 3263 
3 3264 3358 3263 
3 3357 3262 3263 
3 4537 4444 4538 
3 4537 4445 4443 
3 4444 4537 4443 
3 4445 4352 4347 
3 4443 4445 4347 
3 4352 4351 4251 
3 4352 4251 4347 
3 4347 4251 4249 
3 4250 4152 4251 
3 4152 4249 4251 
3 4153 4151 4250 
3 4151 4152 4250 
3 4149 4052 4153 
3 4052 4151 4153 
3 4148 4048 4149 
3 4048 4052 4149 
3 4147 4047 4148 
3 4047 4048 4148 
3 4057 4046 4147 
3 4046 4047 4147 
3 3955 3956 4057 
3 3956 4046 4057 
3 3954 3850 3955 
3 3850 3956 3955 
3 3848 3849 3954 
3 3849 3850 3954 
3 3847 3742 3848 
3 3742 3849 3848 
3 3753 3741 3847 
3 3741 3742 3847 
3 3752 3651 3753 
3 3651 3741 3753 
3 3749 3650 3752 
3 3650 3651 3752 
3 3646 3647 3749 
3 3647 3650 3749 
3 3544 3545 3646 
3 3545 3647 3646 
3 3543 3442 3544 
3 3442 3545 3544 
3 3446 3441 3543 
3 3441 3442 3543 
3 3445 3352 3446 
3 3352 3441 3446 
3 3356 3351 3445 
3 3351 3352 3445 
3 3264 3261 3356 
3 3261 3351 3356 
3 3263 3166 3264 
3 3166 3261 3264 
3 3262 3174 3165 
3 3262 3165 3263 
3 3263 3165 3166 
3 3174 3069 3164 
3 3165 3174 3164 
3 3069 2973 3067 
3 3164 3069 3067 
3 2973 2970 3067 
3 4534 4442 4536 
3 4534 4535 4441 
3 4442 4534 4441 
3 4535 4538 4444 
3 4535 4444 4441 
3 4441 4444 4346 
3 4443 4345 4444 
3 4345 4346 4444 
3 4347 4344 4443 
3 4344 4345 4443 
3 4249 4246 4347 
3 4246 4344 4347 
3 4152 4150 4249 
3 4150 4246 4249 
3 4151 4051 4152 
3 4051 4150 4152 
3 4052 4050 4151 
3 4050 4051 4151 
3 4048 3951 4052 
3 3951 4050 4052 
3 4047 3947 4048 
3 3947 3951 4048 
3 4046 3946 4047 
3 3946 3947 4047 
3 3956 3945 4046 
3 3945 3946 4046 
3 3850 3851 3956 
3 3851 3945 3956 
3 3849 3744 3850 
3 3744 3851 3850 
3 3742 3743 3849 
3 3743 3744 3849 
3 3741 3640 3742 
3 3640 3743 3742 
3 3651 3639 3741 
3 3639 3640 3741 
3 3650 3550 3651 
3 3550 3639 3651 
3 3647 3549 3650 
3 3549 3550 3650 
3 3545 3546 3647 
3 3546 3549 3647 
3 3442 3443 3545 
3 3443 3546 3545 
3 3441 3348 3442 
3 3348 3443 3442 
3 3352 3347 3441 
3 3347 3348 3441 
3 3351 3256 3352 
3 3256 3347 3352 
3 3261 3255 3351 
3 3255 3256 3351 
3 3166 3163 3261 
3 3163 3255 3261 
3 3165 3061 3166 
3 3061 3163 3166 
3 3164 3060 3165 
3 3060 3061 3165 
3 3067 3062 3164 
3 3062 3060 3164 
3 2970 2870 2971 
3 2970 2971 3067 
3 3067 2971 3062 
3 2870 2857 2958 
3 2971 2870 2958 
3 2857 2854 2958 
3 4532 4520 4607 
3 4532 4533 4440 
3 4520 4532 4440 
3 4533 4536 4442 
3 4533 4442 4440 
3 4440 4442 4439 
3 4441 4343 4442 
3 4343 4439 4442 
3 4346 4342 4441 
3 4342 4343 4441 
3 4345 4245 4346 
3 4245 4342 4346 
3 4344 4244 4345 
3 4244 4245 4345 
3 4246 4243 4344 
3 4243 4244 4344 
3 4150 4146 4246 
3 4146 4243 4246 
3 4051 4049 4150 
3 4049 4146 4150 
3 4050 3950 4051 
3 3950 4049 4051 
3 3951 3949 4050 
3 3949 3950 4050 
3 3947 3846 3951 
3 3846 3949 3951 
3 3946 3842 3947 
3 3842 3846 3947 
3 3945 3841 3946 
3 3841 3842 3946 
3 3851 3840 3945 
3 3840 3841 3945 
3 3744 3745 3851 
3 3745 3840 3851 
3 3743 3642 3744 
3 3642 3745 3744 
3 3640 3641 3743 
3 3641 3642 3743 
3 3639 3541 3640 
3 3541 3641 3640 
3 3550 3540 3639 
3 3540 3541 3639 
3 3549 3448 3550 
3 3448 3540 3550 
3 3546 3447 3549 
3 3447 3448 3549 
3 3443 3444 3546 
3 3444 3447 3546 
3 3348 3349 3443 
3 3349 3444 3443 
3 3347 3252 3348 
3 3252 3349 3348 
3 3256 3251 3347 
3 3251 3252 3347 
3 3255 3158 3256 
3 3158 3251 3256 
3 3163 3157 3255 
3 3157 3158 3255 
3 3061 3059 3163 
3 3059 3157 3163 
3 3060 2961 3061 
3 2961 3059 3061 
3 3062 2962 3060 
3 2962 2961 3060 
3 2971 2963 3062 
3 2963 2962 3062 
3 2958 2959 2971 
3 2959 2963 2971 
3 2854 2855 2959 
3 2958 2854 2959 
3 4531 4523 4611 
3 4531 4521 4438 
3 4523 4531 4438 
3 4521 4522 4428 
3 4438 4521 4428 
3 4522 4607 4520 
3 4522 4520 4428 
3 4428 4520 4427 
3 4440 4426 4520 
3 4426 4427 4520 
3 4439 4341 4440 
3 4341 4426 4440 
3 4343 4340 4439 
3 4340 4341 4439 
3 4342 4242 4343 
3 4242 4340 4343 
3 4245 4241 4342 
3 4241 4242 4342 
3 4244 4145 4245 
3 4145 4241 4245 
3 4243 4144 4244 
3 4144 4145 4244 
3 4146 4143 4243 
3 4143 4144 4243 
3 4049 4045 4146 
3 4045 4143 4146 
3 3950 3948 4049 
3 3948 4045 4049 
3 3949 3845 3950 
3 3845 3948 3950 
3 3846 3844 3949 
3 3844 3845 3949 
3 3842 3740 3846 
3 3740 3844 3846 
3 3841 3736 3842 
3 3736 3740 3842 
3 3840 3735 3841 
3 3735 3736 3841 
3 3745 3734 3840 
3 3734 3735 3840 
3 3642 3643 3745 
3 3643 3734 3745 
3 3641 3542 3642 
3 3542 3643 3642 
3 3440 3439 3542 
3 3440 3542 3541 
3 3541 3542 3641 
3 3438 3440 3541 
3 3540 3438 3541 
3 3437 3438 3540 
3 3448 3437 3540 
3 3355 3437 3448 
3 3447 3355 3448 
3 3354 3355 3447 
3 3354 3447 3353 
3 3353 3447 3444 
3 3349 3350 3444 
3 3350 3353 3444 
3 3252 3253 3349 
3 3253 3350 3349 
3 3251 3154 3252 
3 3154 3253 3252 
3 3158 3153 3251 
3 3153 3154 3251 
3 3157 3054 3158 
3 3054 3153 3158 
3 2964 2953 3054 
3 2964 3054 3059 
3 3059 3054 3157 
3 2960 2964 3059 
3 2961 2960 3059 
3 2858 2960 2961 
3 2962 2858 2961 
3 2859 2858 2962 
3 2963 2859 2962 
3 2860 2859 2963 
3 2959 2860 2963 
3 2855 2860 2959 
3 4695 4617 4615 
3 4695 4613 4614 
3 4617 4695 4614 
3 4613 4612 4525 
3 4614 4613 4525 
3 4612 4611 4523 
3 4612 4523 4525 
3 4525 4523 4432 
3 4438 4429 4523 
3 4429 4432 4523 
3 4428 4339 4438 
3 4339 4429 4438 
3 4427 4331 4428 
3 4331 4339 4428 
3 4426 4330 4427 
3 4330 4331 4427 
3 4341 4329 4426 
3 4329 4330 4426 
3 4340 4240 4341 
3 4240 4329 4341 
3 4242 4239 4340 
3 4239 4240 4340 
3 4241 4142 4242 
3 4142 4239 4242 
3 4145 4141 4241 
3 4141 4142 4241 
3 4144 4044 4145 
3 4044 4141 4145 
3 4143 4043 4144 
3 4043 4044 4144 
3 4045 4042 4143 
3 4042 4043 4143 
3 3948 3944 4045 
3 3944 4042 4045 
3 3845 3843 3948 
3 3843 3944 3948 
3 3844 3739 3845 
3 3739 3843 3845 
3 3740 3738 3844 
3 3738 3739 3844 
3 3736 3638 3740 
3 3638 3738 3740 
3 3735 3634 3736 
3 3634 3638 3736 
3 3734 3633 3735 
3 3633 3634 3735 
3 3643 3632 3734 
3 3632 3633 3734 
3 3539 3533 3632 
3 3539 3632 3542 
3 3542 3632 3643 
3 3439 3539 3542 
3 3354 3353 3259 
3 3258 3259 3353 
3 3350 3258 3353 
3 3257 3258 3350 
3 3257 3350 3254 
3 3254 3350 3253 
3 3154 3155 3253 
3 3155 3254 3253 
3 3153 3052 3154 
3 3052 3155 3154 
3 2952 2951 3052 
3 2952 3052 3054 
3 3054 3052 3153 
3 2953 2952 3054 
3 4771 4772 4773 
3 4771 4698 4699 
3 4772 4771 4699 
3 4698 4616 4699 
3 4615 4616 4698 
3 4615 4528 4616 
3 4615 4617 4528 
3 4614 4528 4617 
3 4526 4528 4614 
3 4525 4526 4614 
3 4524 4526 4525 
3 4432 4524 4525 
3 4431 4524 4432 
3 4431 4334 4430 
3 4431 4432 4334 
3 4432 4429 4334 
3 4339 4332 4429 
3 4332 4334 4429 
3 4331 4238 4339 
3 4238 4332 4339 
3 4330 4232 4331 
3 4232 4238 4331 
3 4329 4231 4330 
3 4231 4232 4330 
3 4240 4230 4329 
3 4230 4231 4329 
3 4239 4140 4240 
3 4140 4230 4240 
3 4142 4139 4239 
3 4139 4140 4239 
3 4141 4041 4142 
3 4041 4139 4142 
3 4044 4040 4141 
3 4040 4041 4141 
3 4043 3943 4044 
3 3943 4040 4044 
3 4042 3942 4043 
3 3942 3943 4043 
3 3944 3941 4042 
3 3941 3942 4042 
3 3843 3839 3944 
3 3839 3941 3944 
3 3739 3737 3843 
3 3737 3839 3843 
3 3738 3637 3739 
3 3637 3737 3739 
3 3638 3636 3738 
3 3636 3637 3738 
3 3634 3538 3638 
3 3538 3636 3638 
3 3633 3534 3634 
3 3534 3538 3634 
3 3532 3432 3534 
3 3532 3534 3632 
3 3632 3534 3633 
3 3533 3532 3632 
3 3257 3254 3160 
3 3159 3160 3254 
3 3155 3159 3254 
3 3156 3159 3155 
3 3156 3155 3053 
3 3053 3155 3052 
3 2951 2954 3053 
3 3052 2951 3053 
3 4912 4913 4960 
3 4912 4851 4852 
3 4913 4912 4852 
3 4851 4774 4852 
3 4773 4774 4851 
3 4773 4700 4774 
3 4773 4772 4700 
3 4699 4700 4772 
3 4618 4700 4699 
3 4616 4618 4699 
3 4334 4333 4430 
3 4333 4234 4235 
3 4333 4334 4234 
3 4334 4332 4234 
3 4238 4233 4332 
3 4233 4234 4332 
3 4232 4138 4238 
3 4138 4233 4238 
3 4231 4132 4232 
3 4132 4138 4232 
3 4230 4131 4231 
3 4131 4132 4231 
3 4140 4130 4230 
3 4130 4131 4230 
3 4139 4039 4140 
3 4039 4130 4140 
3 4041 4038 4139 
3 4038 4039 4139 
3 4040 3940 4041 
3 3940 4038 4041 
3 3943 3939 4040 
3 3939 3940 4040 
3 3942 3838 3943 
3 3838 3939 3943 
3 3941 3837 3942 
3 3837 3838 3942 
3 3839 3836 3941 
3 3836 3837 3941 
3 3737 3733 3839 
3 3733 3836 3839 
3 3637 3635 3737 
3 3635 3733 3737 
3 3636 3537 3637 
3 3537 3635 3637 
3 3538 3536 3636 
3 3536 3537 3636 
3 3534 3435 3538 
3 3435 3536 3538 
3 3432 3339 3435 
3 3534 3432 3435 
3 3156 3053 3055 
3 2954 3055 3053 
3 4961 4953 4996 
3 4961 4960 4913 
3 4961 4913 4953 
3 4953 4913 4893 
3 4829 4852 4775 
3 4829 4893 4852 
3 4893 4913 4852 
3 4774 4775 4852 
3 4135 4235 4234 
3 4136 4235 4135 
3 4233 4134 4234 
3 4134 4135 4234 
3 4138 4133 4233 
3 4133 4134 4233 
3 4132 4037 4138 
3 4037 4133 4138 
3 4131 4031 4132 
3 4031 4037 4132 
3 4130 4030 4131 
3 4030 4031 4131 
3 4039 4029 4130 
3 4029 4030 4130 
3 4038 3938 4039 
3 3938 4029 4039 
3 3940 3937 4038 
3 3937 3938 4038 
3 3939 3835 3940 
3 3835 3937 3940 
3 3732 3728 3835 
3 3732 3835 3838 
3 3838 3835 3939 
3 3731 3732 3838 
3 3837 3731 3838 
3 3730 3731 3837 
3 3836 3730 3837 
3 3729 3730 3836 
3 3733 3729 3836 
3 3631 3729 3733 
3 3635 3631 3733 
3 3630 3631 3635 
3 3630 3635 3535 
3 3535 3635 3537 
3 3536 3434 3537 
3 3434 3535 3537 
3 3338 3337 3434 
3 3338 3434 3435 
3 3435 3434 3536 
3 3339 3338 3435 
3 4953 4954 4992 
3 4996 4953 4992 
3 4896 4893 4894 
3 4896 4954 4893 
3 4954 4953 4893 
3 4829 4894 4893 
3 4035 4136 4135 
3 4036 4136 4035 
3 4134 4034 4135 
3 4034 4035 4135 
3 4133 4033 4134 
3 4033 4034 4134 
3 4037 4032 4133 
3 4032 4033 4133 
3 4031 3936 4037 
3 3936 4032 4037 
3 4030 3930 4031 
3 3930 3936 4031 
3 4029 3929 4030 
3 3929 3930 4030 
3 3938 3928 4029 
3 3928 3929 4029 
3 3937 3834 3938 
3 3834 3928 3938 
3 3727 3726 3834 
3 3727 3834 3835 
3 3835 3834 3937 
3 3728 3727 3835 
3 3630 3535 3530 
3 3433 3530 3535 
3 3434 3433 3535 
3 3337 3433 3434 
3 5039 5040 5041 
3 5039 4993 5040 
3 4992 4993 5039 
3 4992 4949 4993 
3 4992 4954 4949 
3 4896 4949 4954 
3 3935 4036 4035 
3 4025 4036 3935 
3 4034 3934 4035 
3 3934 3935 4035 
3 4033 3933 4034 
3 3933 3934 4034 
3 4032 3932 4033 
3 3932 3933 4033 
3 3936 3931 4032 
3 3931 3932 4032 
3 3930 3833 3936 
3 3833 3931 3936 
3 3929 3827 3930 
3 3827 3833 3930 
3 3928 3826 3929 
3 3826 3827 3929 
3 3834 3825 3928 
3 3825 3826 3928 
3 3726 3718 3825 
3 3834 3726 3825 
3 5087 5088 5033 
3 5087 5042 5088 
3 5041 5042 5087 
3 5041 4994 5042 
3 5041 5040 4994 
3 4993 4994 5040 
3 3924 4025 3935 
3 4026 4025 3924 
3 3934 3832 3935 
3 3832 3924 3935 
3 3933 3831 3934 
3 3831 3832 3934 
3 3932 3830 3933 
3 3830 3831 3933 
3 3931 3829 3932 
3 3829 3830 3932 
3 3833 3828 3931 
3 3828 3829 3931 
3 3827 3725 3833 
3 3725 3828 3833 
3 3826 3719 3827 
3 3719 3725 3827 
3 3717 3617 3719 
3 3717 3719 3825 
3 3825 3719 3826 
3 3718 3717 3825 
3 5031 5032 5082 
3 5031 4989 5032 
3 5033 4989 5031 
3 5033 5034 4989 
3 5033 5088 5034 
3 5042 5034 5088 
3 3925 4026 3924 
3 4027 4026 3925 
3 3832 3821 3924 
3 3821 3925 3924 
3 3831 3724 3832 
3 3724 3821 3832 
3 3830 3723 3831 
3 3723 3724 3831 
3 3829 3722 3830 
3 3722 3723 3830 
3 3828 3721 3829 
3 3721 3722 3829 
3 3725 3720 3828 
3 3720 3721 3828 
3 3719 3622 3725 
3 3622 3720 3725 
3 3617 3521 3622 
3 3719 3617 3622 
3 5079 5078 5098 
3 5028 5078 5079 
3 5028 5079 5080 
3 5080 5079 5084 
3 5032 5084 5082 
3 5032 5035 5084 
3 5035 5080 5084 
3 4989 5035 5032 
3 3926 4027 3925 
3 3927 4027 3926 
3 3821 3822 3925 
3 3822 3926 3925 
3 3724 3713 3821 
3 3713 3822 3821 
3 3723 3621 3724 
3 3621 3713 3724 
3 3722 3620 3723 
3 3620 3621 3723 
3 3721 3619 3722 
3 3619 3620 3722 
3 3720 3618 3721 
3 3618 3619 3721 
3 3520 3516 3618 
3 3520 3618 3622 
3 3622 3618 3720 
3 3521 3520 3622 
3 5096 5097 5055 
3 5096 5047 5097 
3 5098 5047 5096 
3 5098 5051 5047 
3 5098 5078 5051 
3 5028 5051 5078 
3 3824 3927 3926 
3 3923 3927 3824 
3 3822 3823 3926 
3 3823 3824 3926 
3 3713 3714 3822 
3 3714 3823 3822 
3 3621 3612 3713 
3 3612 3714 3713 
3 3620 3519 3621 
3 3519 3612 3621 
3 3619 3518 3620 
3 3518 3519 3620 
3 3618 3517 3619 
3 3517 3518 3619 
3 3516 3418 3517 
3 3618 3516 3517 
3 5054 5052 5053 
3 5054 5008 5052 
3 5055 5008 5054 
3 5055 5049 5008 
3 5055 5097 5049 
3 5047 5049 5097 
3 3820 3923 3824 
3 3921 3923 3820 
3 3823 3716 3824 
3 3716 3820 3824 
3 3714 3715 3823 
3 3715 3716 3823 
3 3612 3613 3714 
3 3613 3715 3714 
3 3519 3510 3612 
3 3510 3613 3612 
3 3518 3419 3519 
3 3419 3510 3519 
3 3417 3323 3419 
3 3417 3419 3517 
3 3517 3419 3518 
3 3418 3417 3517 
3 5052 5006 5007 
3 5052 5007 5053 
3 5053 5007 5011 
3 5008 5006 5052 
3 3820 3818 3921 
3 3818 3711 3819 
3 3818 3820 3711 
3 3820 3716 3711 
3 3715 3615 3716 
3 3615 3711 3716 
3 3613 3614 3715 
3 3614 3615 3715 
3 3510 3511 3613 
3 3511 3614 3613 
3 3419 3411 3510 
3 3411 3511 3510 
3 3323 3315 3411 
3 3419 3323 3411 
3 5058 5056 5009 
3 5058 5009 5010 
3 5009 4970 5010 
3 5009 5011 4970 
3 5011 5007 4970 
3 3712 3819 3711 
3 3812 3819 3712 
3 3615 3610 3711 
3 3610 3712 3711 
3 3614 3513 3615 
3 3513 3610 3615 
3 3511 3512 3614 
3 3512 3513 3614 
3 3411 3412 3511 
3 3412 3512 3511 
3 3315 3316 3412 
3 3411 3315 3412 
3 5010 5012 5059 
3 5060 5058 5010 
3 5060 5010 5059 
3 5104 5060 5059 
3 4970 5012 5010 
3 3704 3812 3712 
3 3706 3812 3704 
3 3610 3611 3712 
3 3611 3704 3712 
3 3513 3508 3610 
3 3508 3611 3610 
3 3512 3413 3513 
3 3413 3508 3513 
3 3318 3317 3413 
3 3318 3413 3412 
3 3412 3413 3512 
3 3316 3318 3412 
3 5105 5067 5064 
3 5066 5017 5067 
3 5067 5017 5064 
3 5066 5068 5017 
3 5104 5059 5068 
3 5068 5059 5017 
3 3604 3706 3704 
3 3705 3706 3604 
3 3611 3602 3704 
3 3602 3604 3704 
3 3508 3509 3611 
3 3509 3602 3611 
3 3413 3409 3508 
3 3409 3509 3508 
3 3317 3313 3409 
3 3413 3317 3409 
3 5064 5015 5065 
3 5106 5105 5064 
3 5106 5064 5065 
3 5107 5106 5065 
3 5017 5015 5064 
3 3604 3603 3705 
3 3603 3502 3503 
3 3603 3604 3502 
3 3604 3602 3502 
3 3509 3501 3602 
3 3501 3502 3602 
3 3409 3410 3509 
3 3410 3501 3509 
3 3313 3314 3410 
3 3409 3313 3410 
3 5110 5109 5069 
3 5108 5107 5065 
3 5109 5108 5065 
3 5065 5069 5109 
3 3405 3503 3502 
3 3406 3503 3405 
3 3501 3404 3502 
3 3404 3405 3502 
3 3410 3403 3501 
3 3403 3404 3501 
3 3314 3307 3403 
3 3410 3314 3403 
3 3310 3406 3405 
3 3311 3406 3310 
3 3404 3309 3405 
3 3309 3310 3405 
3 3403 3308 3404 
3 3308 3309 3404 
3 3307 3215 3308 
3 3403 3307 3308 
3 3218 3311 3310 
3 3219 3311 3218 
3 3309 3217 3310 
3 3217 3218 3310 
3 3308 3216 3309 
3 3216 3217 3309 
3 3215 3113 3216 
3 3308 3215 3216 
3 3116 3219 3218 
3 3212 3219 3116 
3 3217 3115 3218 
3 3115 3116 3218 
3 3216 3114 3217 
3 3114 3115 3217 
3 3113 3014 3114 
3 3216 3113 3114 
3 3109 3212 3116 
3 3213 3212 3109 
3 3115 3016 3116 
3 3016 3109 3116 
3 3114 3015 3115 
3 3015 3016 3115 
3 3014 2912 3015 
3 3114 3014 3015 
3 3110 3213 3109 
3 3205 3213 3110 
3 3016 3009 3109 
3 3009 3110 3109 
3 3015 2913 3016 
3 2913 3009 3016 
3 2912 2811 2913 
3 3015 2912 2913 
3 3101 3205 3110 
3 3103 3205 3101 
3 3009 3010 3110 
3 3010 3101 3110 
3 2913 2906 3009 
3 2906 3010 3009 
3 2811 2804 2906 
3 2913 2811 2906 
3 3004 3103 3101 
3 3102 3103 3004 
3 3010 3002 3101 
3 3002 3004 3101 
3 2906 2907 3010 
3 2907 3002 3010 
3 2804 2805 2907 
3 2906 2804 2907 
3 3004 3003 3102 
3 3003 2901 2902 
3 3003 3004 2901 
3 3004 3002 2901 
3 2907 2900 3002 
3 2900 2901 3002 
3 2805 2798 2900 
3 2907 2805 2900 
3 2800 2902 2901 
3 2903 2902 2800 
3 2900 2799 2901 
3 2799 2800 2901 
3 2798 2700 2799 
3 2900 2798 2799 
3 2801 2903 2800 
3 2802 2903 2801 
3 2799 2701 2800 
3 2701 2801 2800 
3 2700 2599 2701 
3 2799 2700 2701 
3 4194 4195 4093 
3 4195 4291 4196 
3 4196 4093 4195 
3 4291 4292 4196 
3 4194 4093 4092 
3 4092 4093 3994 
3 2703 2802 2801 
3 2704 2802 2703 
3 2701 2702 2801 
3 2702 2703 2801 
3 2599 2600 2702 
3 2701 2599 2702 
3 4093 4196 4094 
3 4094 3994 4093 
3 4094 3995 3994 
3 3995 3889 3994 
3 2602 2704 2703 
3 2698 2704 2602 
3 2702 2601 2703 
3 2601 2602 2703 
3 2600 2506 2601 
3 2702 2600 2601 
3 3889 3995 3891 
3 3784 3889 3891 
3 3891 3890 3784 
3 3996 3890 3891 
3 3586 3688 3689 
3 3585 3688 3586 
3 3587 3586 3690 
3 3586 3689 3690 
3 3486 3587 3588 
3 3587 3690 3588 
3 3389 3486 3487 
3 3486 3588 3487 
3 3390 3389 3488 
3 3389 3487 3488 
3 3391 3390 3489 
3 3390 3488 3489 
3 3296 3391 3392 
3 3391 3489 3392 
3 3203 3296 3297 
3 3296 3392 3297 
3 3099 3203 3204 
3 3203 3297 3204 
3 3100 3099 3182 
3 3099 3204 3182 
3 3001 3100 3077 
3 3100 3182 3077 
3 2899 3001 2982 
3 3001 3077 2982 
3 2796 2899 2881 
3 2899 2982 2881 
3 2880 2881 2882 
3 2880 2778 2881 
3 2778 2796 2881 
3 2778 2880 2779 
3 2674 2673 2772 
3 2674 2697 2596 
3 2772 2697 2674 
3 2698 2596 2697 
3 2698 2602 2596 
3 2602 2507 2596 
3 2601 2508 2602 
3 2508 2507 2602 
3 2506 2411 2508 
3 2601 2506 2508 
3 3890 3996 3895 
3 3792 3890 3895 
3 3793 3792 3896 
3 3792 3895 3896 
3 3687 3793 3794 
3 3793 3896 3794 
3 3688 3585 3687 
3 3794 3688 3687 
3 2880 2882 2780 
3 2779 2880 2780 
3 2779 2780 2678 
3 2678 2780 2781 
3 2679 2678 2782 
3 2678 2781 2782 
3 2680 2679 2775 
3 2679 2782 2775 
3 2672 2680 2675 
3 2680 2775 2675 
3 2673 2674 2576 
3 2673 2576 2675 
3 2675 2576 2672 
3 2577 2576 2674 
3 2596 2577 2674 
3 2501 2577 2596 
3 2507 2501 2596 
3 2410 2501 2507 
3 2508 2410 2507 
3 2411 2410 2508 
3 4528 4529 4616 
3 4528 4526 4437 
3 4529 4528 4437 
3 4526 4524 4434 
3 4437 4526 4434 
3 4524 4431 4433 
3 4434 4524 4433 
3 4431 4430 4433 
3 4700 4701 4774 
3 4700 4618 4619 
3 4701 4700 4619 
3 4618 4616 4529 
3 4618 4529 4619 
3 4619 4529 4530 
3 4527 4437 4436 
3 4527 4530 4437 
3 4530 4529 4437 
3 4436 4338 4435 
3 4436 4437 4338 
3 4437 4434 4338 
3 4433 4336 4434 
3 4336 4338 4434 
3 4430 4333 4335 
3 4430 4335 4433 
3 4433 4335 4336 
3 4333 4235 4335 
3 4775 4776 4829 
3 4775 4774 4701 
3 4775 4701 4776 
3 4776 4701 4702 
3 4685 4619 4620 
3 4685 4702 4619 
3 4702 4701 4619 
3 4530 4620 4619 
3 4604 4620 4530 
3 4527 4604 4530 
3 4338 4337 4435 
3 4337 4237 4325 
3 4337 4338 4237 
3 4338 4336 4237 
3 4335 4236 4336 
3 4236 4237 4336 
3 4235 4136 4236 
3 4335 4235 4236 
3 4894 4895 4896 
3 4894 4830 4895 
3 4829 4830 4894 
3 4829 4757 4830 
3 4829 4776 4757 
3 4702 4757 4776 
3 4686 4757 4702 
3 4685 4686 4702 
3 4226 4325 4237 
3 4326 4325 4226 
3 4236 4137 4237 
3 4137 4226 4237 
3 4136 4036 4137 
3 4236 4136 4137 
3 4949 4950 4993 
3 4949 4888 4950 
3 4896 4888 4949 
3 4896 4831 4888 
3 4896 4895 4831 
3 4830 4831 4895 
3 4227 4326 4226 
3 4327 4326 4227 
3 4137 4126 4226 
3 4126 4227 4226 
3 4036 4025 4126 
3 4137 4036 4126 
3 4994 4995 5042 
3 4994 4993 4950 
3 4994 4950 4995 
3 4995 4950 4951 
3 4889 4950 4888 
3 4951 4950 4889 
3 4228 4327 4227 
3 4229 4327 4228 
3 4126 4127 4227 
3 4127 4228 4227 
3 4025 4026 4127 
3 4126 4025 4127 
3 5034 4991 4989 
3 5034 5042 4995 
3 5034 4995 4991 
3 4991 4995 4952 
3 4891 4951 4890 
3 4891 4952 4951 
3 4952 4995 4951 
3 4889 4890 4951 
3 4129 4229 4228 
3 4225 4229 4129 
3 4127 4128 4228 
3 4128 4129 4228 
3 4026 4027 4128 
3 4127 4026 4128 
3 5080 5029 5028 
3 5080 5035 5030 
3 5029 5080 5030 
3 5035 4990 5030 
3 4989 4990 5035 
3 4989 4947 4990 
3 4989 4991 4947 
3 4952 4947 4991 
3 4892 4947 4952 
3 4891 4892 4952 
3 4125 4225 4129 
3 4224 4225 4125 
3 4128 4028 4129 
3 4028 4125 4129 
3 4027 3927 4028 
3 4128 4027 4028 
3 5051 5048 5047 
3 5051 5005 5048 
3 5028 5005 5051 
3 5028 4987 5005 
3 5028 5029 4987 
3 5030 4987 5029 
3 4988 4987 5030 
3 4990 4988 5030 
3 4124 4224 4125 
3 4223 4224 4124 
3 4028 4024 4125 
3 4024 4124 4125 
3 3927 3923 4024 
3 4028 3927 4024 
3 5049 5050 5008 
3 5049 5003 5050 
3 5047 5003 5049 
3 5047 5002 5003 
3 5047 5048 5002 
3 5005 5002 5048 
3 4124 4123 4223 
3 4123 4023 4117 
3 4123 4124 4023 
3 4124 4024 4023 
3 3923 3921 4023 
3 4024 3923 4023 
3 5006 4967 5007 
3 5006 4968 4967 
3 5008 4968 5006 
3 5008 5004 4968 
3 5008 5050 5004 
3 5003 5004 5050 
3 4017 4117 4023 
3 4018 4117 4017 
3 3921 3818 3922 
3 3921 3922 4023 
3 4023 3922 4017 
3 3818 3819 3922 
3 4967 4969 4970 
3 5007 4967 4970 
3 4928 4967 4968 
3 4969 4967 4928 
3 3916 4018 4017 
3 3917 4018 3916 
3 3922 3915 4017 
3 3915 3916 4017 
3 3819 3812 3915 
3 3922 3819 3915 
3 5012 5013 5059 
3 5012 4971 5013 
3 4970 4971 5012 
3 4970 4929 4971 
3 4970 4969 4929 
3 4928 4929 4969 
3 3814 3917 3916 
3 3815 3917 3814 
3 3915 3813 3916 
3 3813 3814 3916 
3 3812 3706 3813 
3 3915 3812 3813 
3 5013 4972 5014 
3 5013 5014 5059 
3 5059 5014 5017 
3 4971 4972 5013 
3 3708 3815 3814 
3 3709 3815 3708 
3 3813 3707 3814 
3 3707 3708 3814 
3 3706 3705 3707 
3 3813 3706 3707 
3 5015 5016 5065 
3 5015 4975 5016 
3 5015 5017 4975 
3 5017 5014 4975 
3 3607 3709 3708 
3 3609 3709 3607 
3 3707 3606 3708 
3 3606 3607 3708 
3 3705 3603 3605 
3 3705 3605 3707 
3 3707 3605 3606 
3 3603 3503 3605 
3 5111 5110 5069 
3 5111 5069 5070 
3 5069 5020 5070 
3 5065 5020 5069 
3 5065 5018 5020 
3 5065 5016 5018 
3 4975 5018 5016 
3 3507 3609 3607 
3 3608 3609 3507 
3 3606 3505 3607 
3 3505 3507 3607 
3 3605 3504 3606 
3 3504 3505 3606 
3 3503 3406 3504 
3 3605 3503 3504 
3 5070 5071 5072 
3 5112 5111 5070 
3 5112 5070 5072 
3 5113 5112 5072 
3 5020 5071 5070 
3 3507 3506 3608 
3 3506 3408 3499 
3 3506 3507 3408 
3 3507 3505 3408 
3 3504 3407 3505 
3 3407 3408 3505 
3 3406 3311 3407 
3 3504 3406 3407 
3 5074 5075 5026 
3 5076 5027 5075 
3 5075 5027 5026 
3 5076 5077 5027 
3 5113 5072 5077 
3 5077 5072 5027 
3 3401 3499 3408 
3 3500 3499 3401 
3 3407 3312 3408 
3 3312 3401 3408 
3 3311 3219 3312 
3 3407 3311 3312 
3 5025 5073 5026 
3 5025 5026 4985 
3 5073 5074 5026 
3 5027 4985 5026 
3 3402 3500 3401 
3 3493 3500 3402 
3 3312 3305 3401 
3 3305 3402 3401 
3 3219 3212 3305 
3 3312 3219 3305 
3 3395 3493 3402 
3 3396 3493 3395 
3 3305 3306 3402 
3 3306 3395 3402 
3 3212 3213 3306 
3 3305 3212 3306 
3 3300 3396 3395 
3 3301 3396 3300 
3 3306 3299 3395 
3 3299 3300 3395 
3 3213 3205 3299 
3 3306 3213 3299 
3 3207 3301 3300 
3 3302 3301 3207 
3 3299 3206 3300 
3 3206 3207 3300 
3 3205 3103 3206 
3 3299 3205 3206 
3 3208 3302 3207 
3 3210 3302 3208 
3 3206 3104 3207 
3 3104 3208 3207 
3 3103 3102 3104 
3 3206 3103 3104 
3 3107 3210 3208 
3 3209 3210 3107 
3 3104 3105 3208 
3 3105 3107 3208 
3 3102 3003 3005 
3 3102 3005 3104 
3 3104 3005 3105 
3 3003 2902 3005 
3 3107 3106 3209 
3 3106 3007 3008 
3 3106 3107 3007 
3 3107 3105 3007 
3 3005 3006 3105 
3 3006 3007 3105 
3 2902 2903 3006 
3 3005 2902 3006 
3 4388 4389 4293 
3 2905 3008 3007 
3 2974 3008 2905 
3 3006 2904 3007 
3 2904 2905 3007 
3 2903 2802 2904 
3 3006 2903 2904 
3 4388 4293 4292 
3 4292 4293 4196 
3 4293 4197 4196 
3 2874 2974 2905 
3 2873 2974 2874 
3 2904 2803 2905 
3 2803 2874 2905 
3 2802 2704 2803 
3 2904 2802 2803 
3 4196 4197 4095 
3 4094 4196 4095 
3 4095 3995 4094 
3 4096 3995 4095 
3 2773 2873 2874 
3 2875 2873 2773 
3 2803 2797 2874 
3 2797 2773 2874 
3 2704 2698 2797 
3 2803 2704 2797 
3 3995 4096 3997 
3 3891 3995 3997 
3 3997 3996 3891 
3 4097 3996 3997 
3 3795 3897 3796 
3 3795 3689 3688 
3 3795 3796 3689 
3 3796 3797 3689 
3 3690 3689 3798 
3 3689 3797 3798 
3 3588 3690 3691 
3 3690 3798 3691 
3 3487 3588 3589 
3 3588 3691 3589 
3 3488 3487 3590 
3 3487 3589 3590 
3 3489 3488 3591 
3 3488 3590 3591 
3 3392 3489 3490 
3 3489 3591 3490 
3 3297 3392 3393 
3 3392 3490 3393 
3 3204 3297 3298 
3 3297 3393 3298 
3 3182 3204 3278 
3 3204 3298 3278 
3 3077 3182 3183 
3 3182 3278 3183 
3 2982 3077 3078 
3 3077 3183 3078 
3 2881 2982 2983 
3 2982 3078 2983 
3 2983 2882 2881 
3 2984 2882 2983 
3 2774 2776 2876 
3 2875 2774 2876 
3 2773 2774 2875 
3 2773 2673 2774 
3 2773 2772 2673 
3 2697 2772 2773 
3 2797 2697 2773 
3 2698 2697 2797 
3 3996 4097 4000 
3 3895 3996 4000 
3 3896 3895 3898 
3 3895 4000 3898 
3 3897 3795 3794 
3 3897 3794 3898 
3 3898 3794 3896 
3 3688 3794 3795 
3 2882 2984 2883 
3 2780 2882 2883 
3 2781 2780 2884 
3 2780 2883 2884 
3 2782 2781 2878 
3 2781 2884 2878 
3 2775 2782 2777 
3 2782 2878 2777 
3 2776 2774 2675 
3 2776 2675 2777 
3 2777 2675 2775 
3 2673 2675 2774 
3 4436 4516 4527 
3 4436 4435 4516 
3 4620 4606 4685 
3 4620 4604 4605 
3 4606 4620 4605 
3 4604 4527 4516 
3 4604 4516 4605 
3 4605 4516 4517 
3 4435 4337 4422 
3 4435 4422 4516 
3 4516 4422 4517 
3 4337 4325 4422 
3 4757 4758 4830 
3 4757 4686 4683 
3 4758 4757 4683 
3 4686 4685 4606 
3 4686 4606 4683 
3 4683 4606 4603 
3 4605 4519 4606 
3 4519 4603 4606 
3 4517 4518 4605 
3 4518 4519 4605 
3 4422 4423 4517 
3 4423 4518 4517 
3 4325 4326 4423 
3 4422 4325 4423 
3 4831 4825 4888 
3 4831 4830 4758 
3 4831 4758 4825 
3 4825 4758 4759 
3 4683 4684 4758 
3 4684 4759 4758 
3 4682 4603 4602 
3 4682 4684 4603 
3 4684 4683 4603 
3 4602 4515 4601 
3 4602 4603 4515 
3 4603 4519 4515 
3 4518 4425 4519 
3 4425 4515 4519 
3 4423 4424 4518 
3 4424 4425 4518 
3 4326 4327 4424 
3 4423 4326 4424 
3 4825 4826 4889 
3 4888 4825 4889 
3 4759 4753 4825 
3 4753 4826 4825 
3 4752 4684 4751 
3 4752 4753 4684 
3 4753 4759 4684 
3 4682 4751 4684 
3 4515 4514 4601 
3 4514 4421 4513 
3 4514 4515 4421 
3 4515 4425 4421 
3 4424 4328 4425 
3 4328 4421 4425 
3 4327 4229 4328 
3 4424 4327 4328 
3 4890 4827 4891 
3 4890 4889 4826 
3 4890 4826 4827 
3 4827 4826 4754 
3 4678 4753 4677 
3 4678 4754 4753 
3 4754 4826 4753 
3 4752 4677 4753 
3 4420 4513 4421 
3 4512 4513 4420 
3 4328 4324 4421 
3 4324 4420 4421 
3 4229 4225 4324 
3 4328 4229 4324 
3 4947 4948 4990 
3 4947 4892 4887 
3 4948 4947 4887 
3 4892 4891 4827 
3 4892 4827 4887 
3 4887 4827 4828 
3 4755 4754 4679 
3 4755 4828 4754 
3 4828 4827 4754 
3 4678 4679 4754 
3 4420 4419 4512 
3 4419 4323 4412 
3 4419 4420 4323 
3 4420 4324 4323 
3 4225 4224 4323 
3 4324 4225 4323 
3 4987 4965 5005 
3 4987 4988 4946 
3 4965 4987 4946 
3 4988 4990 4948 
3 4988 4948 4946 
3 4946 4948 4945 
3 4883 4887 4824 
3 4883 4945 4887 
3 4945 4948 4887 
3 4828 4824 4887 
3 4756 4824 4828 
3 4755 4756 4828 
3 4317 4412 4323 
3 4318 4412 4317 
3 4224 4223 4317 
3 4323 4224 4317 
3 5002 4964 5003 
3 5002 5005 4965 
3 5002 4965 4964 
3 4964 4965 4925 
3 4886 4946 4885 
3 4886 4925 4946 
3 4925 4965 4946 
3 4945 4885 4946 
3 4884 4885 4945 
3 4883 4884 4945 
3 4218 4318 4317 
3 4219 4318 4218 
3 4223 4123 4217 
3 4223 4217 4317 
3 4317 4217 4218 
3 4123 4117 4217 
3 5004 4966 4968 
3 5004 5003 4964 
3 5004 4964 4966 
3 4966 4964 4926 
3 4863 4925 4862 
3 4863 4926 4925 
3 4926 4964 4925 
3 4886 4862 4925 
3 4119 4219 4218 
3 4120 4219 4119 
3 4217 4118 4218 
3 4118 4119 4218 
3 4117 4018 4118 
3 4217 4117 4118 
3 4966 4927 4928 
3 4968 4966 4928 
3 4865 4926 4864 
3 4865 4927 4926 
3 4927 4966 4926 
3 4863 4864 4926 
3 4020 4120 4119 
3 4021 4120 4020 
3 4118 4019 4119 
3 4019 4020 4119 
3 4018 3917 4019 
3 4118 4018 4019 
3 4929 4930 4971 
3 4929 4867 4930 
3 4928 4867 4929 
3 4928 4866 4867 
3 4928 4927 4866 
3 4865 4866 4927 
3 3919 4021 4020 
3 3920 4021 3919 
3 4019 3918 4020 
3 3918 3919 4020 
3 3917 3815 3918 
3 4019 3917 3918 
3 4972 4973 5014 
3 4972 4971 4930 
3 4972 4930 4973 
3 4973 4930 4931 
3 4868 4930 4867 
3 4931 4930 4868 
3 3817 3920 3919 
3 3912 3920 3817 
3 3918 3816 3919 
3 3816 3817 3919 
3 3815 3709 3816 
3 3918 3815 3816 
3 4973 4974 4975 
3 5014 4973 4975 
3 4932 4931 4869 
3 4932 4974 4931 
3 4974 4973 4931 
3 4868 4869 4931 
3 3809 3912 3817 
3 3913 3912 3809 
3 3816 3710 3817 
3 3710 3809 3817 
3 3709 3609 3710 
3 3816 3709 3710 
3 5018 5019 5020 
3 5018 4976 5019 
3 4975 4976 5018 
3 4975 4933 4976 
3 4975 4974 4933 
3 4932 4933 4974 
3 3810 3913 3809 
3 3914 3913 3810 
3 3710 3702 3809 
3 3702 3810 3809 
3 3609 3608 3702 
3 3710 3609 3702 
3 5071 5022 5072 
3 5071 5021 5022 
3 5020 5021 5071 
3 5020 4977 5021 
3 5020 5019 4977 
3 4976 4977 5019 
3 3810 3811 3914 
3 3811 3703 3803 
3 3811 3810 3703 
3 3810 3702 3703 
3 3608 3506 3600 
3 3608 3600 3702 
3 3702 3600 3703 
3 3506 3499 3600 
3 5022 5023 5027 
3 5072 5022 5027 
3 4980 5022 5021 
3 5023 5022 4980 
3 3696 3803 3703 
3 3697 3803 3696 
3 3600 3601 3703 
3 3601 3696 3703 
3 3499 3500 3601 
3 3600 3499 3601 
3 4984 5025 4985 
3 4984 4985 4942 
3 4985 4986 4942 
3 5027 4986 4985 
3 5027 5024 4986 
3 5027 5023 5024 
3 4980 5024 5023 
3 3595 3697 3696 
3 3596 3697 3595 
3 3601 3594 3696 
3 3594 3595 3696 
3 3500 3493 3594 
3 3601 3500 3594 
3 4941 4983 4942 
3 4941 4942 4879 
3 4983 4984 4942 
3 4943 4942 4986 
3 4879 4942 4943 
3 3495 3596 3595 
3 3597 3596 3495 
3 3594 3494 3595 
3 3494 3495 3595 
3 3493 3396 3494 
3 3594 3493 3494 
3 4878 4940 4879 
3 4878 4879 4813 
3 4940 4941 4879 
3 4880 4879 4943 
3 4813 4879 4880 
3 3496 3597 3495 
3 3497 3597 3496 
3 3494 3397 3495 
3 3397 3496 3495 
3 3396 3301 3397 
3 3494 3396 3397 
3 4813 4814 4743 
3 4815 4878 4813 
3 4815 4813 4743 
3 4816 4815 4743 
3 4880 4814 4813 
3 3399 3497 3496 
3 3400 3497 3399 
3 3397 3398 3496 
3 3398 3399 3496 
3 3301 3302 3398 
3 3397 3301 3398 
3 4812 4816 4743 
3 4742 4812 4743 
3 4742 4743 4662 
3 3304 3400 3399 
3 3365 3400 3304 
3 3398 3303 3399 
3 3303 3304 3399 
3 3302 3210 3303 
3 3398 3302 3303 
3 4661 4578 4577 
3 4577 4578 4485 
3 4579 4577 4485 
3 4741 4742 4662 
3 4661 4741 4662 
3 4662 4578 4661 
3 3271 3365 3304 
3 3364 3365 3271 
3 3303 3211 3304 
3 3211 3271 3304 
3 3210 3209 3211 
3 3303 3210 3211 
3 4576 4579 4485 
3 4484 4576 4485 
3 4484 4485 4390 
3 3271 3270 3364 
3 3270 3175 3176 
3 3270 3271 3175 
3 3271 3211 3175 
3 3209 3106 3108 
3 3209 3108 3211 
3 3211 3108 3175 
3 3106 3008 3108 
3 4484 4390 4389 
3 4389 4390 4293 
3 4390 4294 4293 
3 3071 3176 3175 
3 3177 3176 3071 
3 3108 3070 3175 
3 3070 3071 3175 
3 3008 2974 3070 
3 3108 3008 3070 
3 4293 4294 4197 
3 4294 4295 4197 
3 3072 3177 3071 
3 3073 3177 3072 
3 3070 2975 3071 
3 2975 3072 3071 
3 2974 2873 2975 
3 3070 2974 2975 
3 4197 4295 4198 
3 4095 4197 4198 
3 4198 4096 4095 
3 4199 4096 4198 
3 2977 3073 3072 
3 2981 3073 2977 
3 2975 2976 3072 
3 2976 2977 3072 
3 2873 2875 2976 
3 2975 2873 2976 
3 4096 4199 4098 
3 3997 4096 4098 
3 4097 4099 4100 
3 4097 3997 4099 
3 3997 4098 4099 
3 4099 4101 4100 
3 3796 3899 3900 
3 3897 3899 3796 
3 3797 3796 3901 
3 3796 3900 3901 
3 3798 3797 3902 
3 3797 3901 3902 
3 3691 3798 3799 
3 3798 3902 3799 
3 3589 3691 3692 
3 3691 3799 3692 
3 3590 3589 3693 
3 3589 3692 3693 
3 3591 3590 3694 
3 3590 3693 3694 
3 3490 3591 3592 
3 3591 3694 3592 
3 3393 3490 3491 
3 3490 3592 3491 
3 3298 3393 3394 
3 3393 3491 3394 
3 3278 3298 3371 
3 3298 3394 3371 
3 3183 3278 3279 
3 3278 3371 3279 
3 3078 3183 3184 
3 3183 3279 3184 
3 2983 3078 3079 
3 3078 3184 3079 
3 2984 3080 2985 
3 2984 2983 3080 
3 2983 3079 3080 
3 3080 3075 2985 
3 2879 2978 2980 
3 2981 2879 2980 
3 2981 2977 2879 
3 2977 2877 2879 
3 2876 2776 2877 
3 2876 2877 2976 
3 2976 2877 2977 
3 2875 2876 2976 
3 4097 4100 4000 
3 4100 4101 4001 
3 4100 4001 4000 
3 4000 4001 3898 
3 3899 3897 3898 
3 4001 3899 3898 
3 2984 2985 2883 
3 2985 3075 2979 
3 2985 2979 2883 
3 2883 2979 2884 
3 2978 2879 2878 
3 2978 2878 2979 
3 2979 2878 2884 
3 2777 2878 2879 
3 2877 2777 2879 
3 2776 2777 2877 
3 4602 4681 4682 
3 4602 4601 4681 
3 4751 4676 4752 
3 4751 4682 4681 
3 4751 4681 4676 
3 4676 4681 4675 
3 4601 4514 4600 
3 4601 4600 4681 
3 4681 4600 4675 
3 4514 4513 4600 
3 4677 4597 4678 
3 4677 4752 4676 
3 4677 4676 4597 
3 4597 4676 4595 
3 4675 4594 4676 
3 4594 4595 4676 
3 4600 4593 4675 
3 4593 4594 4675 
3 4513 4512 4593 
3 4600 4513 4593 
3 4679 4680 4755 
3 4679 4678 4597 
3 4679 4597 4680 
3 4680 4597 4598 
3 4595 4510 4597 
3 4510 4598 4597 
3 4594 4507 4595 
3 4507 4510 4595 
3 4593 4506 4594 
3 4506 4507 4594 
3 4512 4419 4505 
3 4512 4505 4593 
3 4593 4505 4506 
3 4419 4412 4505 
3 4824 4820 4883 
3 4824 4756 4750 
3 4820 4824 4750 
3 4756 4755 4680 
3 4756 4680 4750 
3 4750 4680 4674 
3 4598 4599 4680 
3 4599 4674 4680 
3 4596 4510 4509 
3 4596 4599 4510 
3 4599 4598 4510 
3 4509 4416 4508 
3 4509 4510 4416 
3 4510 4507 4416 
3 4506 4414 4507 
3 4414 4416 4507 
3 4505 4413 4506 
3 4413 4414 4506 
3 4412 4318 4413 
3 4505 4412 4413 
3 4885 4823 4886 
3 4885 4884 4822 
3 4823 4885 4822 
3 4884 4883 4820 
3 4884 4820 4822 
3 4822 4820 4821 
3 4750 4747 4820 
3 4747 4821 4820 
3 4673 4674 4590 
3 4673 4747 4674 
3 4747 4750 4674 
3 4599 4590 4674 
3 4591 4590 4599 
3 4596 4591 4599 
3 4416 4415 4508 
3 4415 4320 4321 
3 4415 4416 4320 
3 4416 4414 4320 
3 4413 4319 4414 
3 4319 4320 4414 
3 4318 4219 4319 
3 4413 4318 4319 
3 4862 4795 4863 
3 4862 4886 4823 
3 4862 4823 4795 
3 4795 4823 4794 
3 4822 4749 4823 
3 4749 4794 4823 
3 4821 4748 4822 
3 4748 4749 4822 
3 4669 4747 4668 
3 4669 4748 4747 
3 4748 4821 4747 
3 4673 4668 4747 
3 4221 4321 4320 
3 4222 4321 4221 
3 4319 4220 4320 
3 4220 4221 4320 
3 4219 4120 4220 
3 4319 4219 4220 
3 4864 4797 4865 
3 4864 4863 4795 
3 4864 4795 4797 
3 4797 4795 4796 
3 4794 4726 4795 
3 4726 4796 4795 
3 4672 4749 4671 
3 4672 4726 4749 
3 4726 4794 4749 
3 4748 4671 4749 
3 4670 4671 4748 
3 4669 4670 4748 
3 4122 4222 4221 
3 4215 4222 4122 
3 4220 4121 4221 
3 4121 4122 4221 
3 4120 4021 4121 
3 4220 4120 4121 
3 4866 4799 4867 
3 4866 4865 4797 
3 4866 4797 4799 
3 4799 4797 4798 
3 4796 4727 4797 
3 4727 4798 4797 
3 4644 4726 4643 
3 4644 4727 4726 
3 4727 4796 4726 
3 4672 4643 4726 
3 4115 4215 4122 
3 4216 4215 4115 
3 4121 4022 4122 
3 4022 4115 4122 
3 4021 3920 4022 
3 4121 4021 4022 
3 4799 4800 4868 
3 4867 4799 4868 
3 4798 4728 4799 
3 4728 4800 4799 
3 4646 4727 4645 
3 4646 4728 4727 
3 4728 4798 4727 
3 4644 4645 4727 
3 4116 4216 4115 
3 4209 4216 4116 
3 4022 4015 4115 
3 4015 4116 4115 
3 3920 3912 4015 
3 4022 3920 4015 
3 4869 4870 4932 
3 4869 4868 4800 
3 4869 4800 4870 
3 4870 4800 4801 
3 4729 4728 4647 
3 4729 4801 4728 
3 4801 4800 4728 
3 4646 4647 4728 
3 4109 4209 4116 
3 4110 4209 4109 
3 4015 4016 4116 
3 4016 4109 4116 
3 3912 3913 4016 
3 4015 3912 4016 
3 4933 4934 4976 
3 4933 4932 4870 
3 4933 4870 4934 
3 4934 4870 4871 
3 4802 4801 4730 
3 4802 4871 4801 
3 4871 4870 4801 
3 4729 4730 4801 
3 4010 4110 4109 
3 4011 4110 4010 
3 4016 4009 4109 
3 4009 4010 4109 
3 3913 3914 4009 
3 4016 3913 4009 
3 4977 4978 5021 
3 4977 4976 4934 
3 4977 4934 4978 
3 4978 4934 4935 
3 4872 4871 4803 
3 4872 4935 4871 
3 4935 4934 4871 
3 4802 4803 4871 
3 3908 4011 4010 
3 4012 4011 3908 
3 4009 3907 4010 
3 3907 3908 4010 
3 3914 3811 3906 
3 3914 3906 4009 
3 4009 3906 3907 
3 3811 3803 3906 
3 4978 4979 4980 
3 5021 4978 4980 
3 4936 4935 4873 
3 4936 4979 4935 
3 4979 4978 4935 
3 4872 4873 4935 
3 3909 4012 3908 
3 3910 4012 3909 
3 3907 3805 3908 
3 3805 3909 3908 
3 3906 3804 3907 
3 3804 3805 3907 
3 3803 3697 3804 
3 3906 3803 3804 
3 5024 4982 4986 
3 5024 4981 4982 
3 4980 4981 5024 
3 4980 4937 4981 
3 4980 4979 4937 
3 4936 4937 4979 
3 3807 3910 3909 
3 3808 3910 3807 
3 3805 3806 3909 
3 3806 3807 3909 
3 3804 3698 3805 
3 3698 3806 3805 
3 3697 3596 3698 
3 3804 3697 3698 
3 4982 4944 4943 
3 4986 4982 4943 
3 4939 4982 4981 
3 4944 4982 4939 
3 3701 3808 3807 
3 3761 3808 3701 
3 3806 3700 3807 
3 3700 3701 3807 
3 3698 3699 3806 
3 3699 3700 3806 
3 3596 3597 3699 
3 3698 3596 3699 
3 4944 4882 4881 
3 4944 4881 4943 
3 4943 4881 4880 
3 4939 4882 4944 
3 3660 3761 3701 
3 3760 3761 3660 
3 3700 3599 3701 
3 3599 3660 3701 
3 3699 3598 3700 
3 3598 3599 3700 
3 3597 3497 3598 
3 3699 3597 3598 
3 4814 4744 4743 
3 4814 4817 4744 
3 4814 4880 4817 
3 4880 4881 4817 
3 3660 3659 3760 
3 3659 3558 3559 
3 3659 3660 3558 
3 3660 3599 3558 
3 3598 3498 3599 
3 3498 3558 3599 
3 3497 3400 3498 
3 3598 3497 3498 
3 4744 4745 4663 
3 4744 4663 4743 
3 4743 4663 4662 
3 4817 4745 4744 
3 3460 3559 3558 
3 3560 3559 3460 
3 3498 3459 3558 
3 3459 3460 3558 
3 3400 3365 3459 
3 3498 3400 3459 
3 4578 4486 4485 
3 4578 4580 4486 
3 4578 4662 4580 
3 4662 4663 4580 
3 3461 3560 3460 
3 3561 3560 3461 
3 3459 3366 3460 
3 3366 3461 3460 
3 3365 3364 3366 
3 3459 3365 3366 
3 4486 4487 4390 
3 4485 4486 4390 
3 4489 4486 4580 
3 4487 4486 4489 
3 3461 3462 3561 
3 3462 3367 3368 
3 3462 3461 3367 
3 3461 3366 3367 
3 3364 3270 3272 
3 3364 3272 3366 
3 3366 3272 3367 
3 3270 3176 3272 
3 4487 4488 4391 
3 4487 4391 4390 
3 4390 4391 4294 
3 4489 4488 4487 
3 3274 3368 3367 
3 3277 3368 3274 
3 3272 3273 3367 
3 3273 3274 3367 
3 3176 3177 3273 
3 3272 3176 3273 
3 4392 4296 4295 
3 4392 4295 4391 
3 4391 4295 4294 
3 4392 4297 4296 
3 3181 3277 3274 
3 3276 3277 3181 
3 3273 3178 3274 
3 3178 3181 3274 
3 3177 3073 3178 
3 3273 3177 3178 
3 4295 4296 4198 
3 4296 4199 4198 
3 4296 4297 4199 
3 4297 4298 4199 
3 3179 3186 3275 
3 3276 3179 3275 
3 3276 3181 3179 
3 3181 3180 3179 
3 3178 3076 3181 
3 3076 3180 3181 
3 3073 2981 3076 
3 3178 3073 3076 
3 4199 4298 4200 
3 4098 4199 4200 
3 4099 4098 4102 
3 4098 4200 4102 
3 4101 4003 4002 
3 4101 4099 4003 
3 4099 4102 4003 
3 4002 3900 3899 
3 4002 4003 3900 
3 4003 4004 3900 
3 3901 3900 4005 
3 3900 4004 4005 
3 3902 3901 4006 
3 3901 4005 4006 
3 3799 3902 3903 
3 3902 4006 3903 
3 3692 3799 3800 
3 3799 3903 3800 
3 3693 3692 3801 
3 3692 3800 3801 
3 3694 3693 3802 
3 3693 3801 3802 
3 3592 3694 3695 
3 3694 3802 3695 
3 3491 3592 3593 
3 3592 3695 3593 
3 3394 3491 3492 
3 3491 3593 3492 
3 3371 3394 3466 
3 3394 3492 3466 
3 3279 3371 3372 
3 3371 3466 3372 
3 3184 3279 3280 
3 3279 3372 3280 
3 3079 3184 3185 
3 3184 3280 3185 
3 3186 3179 3080 
3 3186 3080 3185 
3 3185 3080 3079 
3 3075 3080 3179 
3 3075 3179 3074 
3 3074 3179 3180 
3 2980 2978 3074 
3 2980 3074 3076 
3 3076 3074 3180 
3 2981 2980 3076 
3 4101 4002 4001 
3 3899 4001 4002 
3 3075 3074 2979 
3 2978 2979 3074 
3 4509 4511 4596 
3 4509 4508 4511 
3 4590 4592 4673 
3 4590 4591 4503 
3 4592 4590 4503 
3 4591 4596 4511 
3 4591 4511 4503 
3 4503 4511 4418 
3 4508 4415 4417 
3 4508 4417 4511 
3 4511 4417 4418 
3 4415 4321 4417 
3 4668 4587 4669 
3 4668 4673 4592 
3 4668 4592 4587 
3 4587 4592 4586 
3 4503 4504 4592 
3 4504 4586 4592 
3 4418 4410 4503 
3 4410 4504 4503 
3 4417 4322 4418 
3 4322 4410 4418 
3 4321 4222 4322 
3 4417 4321 4322 
3 4671 4589 4672 
3 4671 4670 4588 
3 4589 4671 4588 
3 4670 4669 4587 
3 4670 4587 4588 
3 4588 4587 4499 
3 4586 4498 4587 
3 4498 4499 4587 
3 4504 4497 4586 
3 4497 4498 4586 
3 4410 4411 4504 
3 4411 4497 4504 
3 4322 4315 4410 
3 4315 4411 4410 
3 4222 4215 4315 
3 4322 4222 4315 
3 4643 4561 4644 
3 4643 4672 4589 
3 4643 4589 4561 
3 4561 4589 4502 
3 4588 4501 4589 
3 4501 4502 4589 
3 4499 4500 4588 
3 4500 4501 4588 
3 4498 4406 4499 
3 4406 4500 4499 
3 4497 4405 4498 
3 4405 4406 4498 
3 4411 4404 4497 
3 4404 4405 4497 
3 4315 4316 4411 
3 4316 4404 4411 
3 4215 4216 4316 
3 4315 4215 4316 
3 4645 4562 4646 
3 4645 4644 4561 
3 4645 4561 4562 
3 4562 4561 4468 
3 4502 4467 4561 
3 4467 4468 4561 
3 4501 4409 4502 
3 4409 4467 4502 
3 4500 4408 4501 
3 4408 4409 4501 
3 4406 4407 4500 
3 4407 4408 4500 
3 4405 4311 4406 
3 4311 4407 4406 
3 4404 4310 4405 
3 4310 4311 4405 
3 4316 4309 4404 
3 4309 4310 4404 
3 4216 4209 4309 
3 4316 4216 4309 
3 4647 4648 4729 
3 4647 4646 4562 
3 4647 4562 4648 
3 4648 4562 4563 
3 4468 4469 4562 
3 4469 4563 4562 
3 4467 4371 4468 
3 4371 4469 4468 
3 4409 4369 4467 
3 4369 4371 4467 
3 4408 4314 4409 
3 4314 4369 4409 
3 4407 4313 4408 
3 4313 4314 4408 
3 4311 4312 4407 
3 4312 4313 4407 
3 4310 4211 4311 
3 4211 4312 4311 
3 4309 4210 4310 
3 4210 4211 4310 
3 4209 4110 4210 
3 4309 4209 4210 
3 4730 4731 4802 
3 4730 4729 4648 
3 4730 4648 4731 
3 4731 4648 4649 
3 4563 4564 4648 
3 4564 4649 4648 
3 4469 4470 4563 
3 4470 4564 4563 
3 4371 4372 4469 
3 4372 4470 4469 
3 4369 4272 4371 
3 4272 4372 4371 
3 4314 4269 4369 
3 4269 4272 4369 
3 4313 4214 4314 
3 4214 4269 4314 
3 4312 4213 4313 
3 4213 4214 4313 
3 4211 4212 4312 
3 4212 4213 4312 
3 4210 4111 4211 
3 4111 4212 4211 
3 4110 4011 4111 
3 4210 4110 4111 
3 4803 4804 4872 
3 4803 4802 4731 
3 4803 4731 4804 
3 4804 4731 4732 
3 4649 4650 4731 
3 4650 4732 4731 
3 4564 4565 4649 
3 4565 4650 4649 
3 4470 4471 4564 
3 4471 4565 4564 
3 4372 4373 4470 
3 4373 4471 4470 
3 4272 4273 4372 
3 4273 4373 4372 
3 4269 4174 4272 
3 4174 4273 4272 
3 4214 4170 4269 
3 4170 4174 4269 
3 4213 4114 4214 
3 4114 4170 4214 
3 4212 4113 4213 
3 4113 4114 4213 
3 4111 4112 4212 
3 4112 4113 4212 
3 4011 4012 4112 
3 4111 4011 4112 
3 4873 4874 4936 
3 4873 4872 4804 
3 4873 4804 4874 
3 4874 4804 4805 
3 4732 4733 4804 
3 4733 4805 4804 
3 4651 4650 4566 
3 4651 4733 4650 
3 4733 4732 4650 
3 4565 4566 4650 
3 4472 4566 4565 
3 4471 4472 4565 
3 4378 4472 4471 
3 4373 4378 4471 
3 4370 4378 4373 
3 4273 4370 4373 
3 4271 4370 4273 
3 4174 4271 4273 
3 4173 4271 4174 
3 4173 4071 4171 
3 4173 4174 4071 
3 4174 4170 4071 
3 4114 4068 4170 
3 4068 4071 4170 
3 4113 4014 4114 
3 4014 4068 4114 
3 4112 4013 4113 
3 4013 4014 4113 
3 4012 3910 4013 
3 4112 4012 4013 
3 4937 4938 4981 
3 4937 4936 4874 
3 4937 4874 4938 
3 4938 4874 4875 
3 4806 4805 4734 
3 4806 4875 4805 
3 4875 4874 4805 
3 4733 4734 4805 
3 4652 4734 4733 
3 4651 4652 4733 
3 4071 4069 4171 
3 4069 3973 4070 
3 4069 4071 3973 
3 4071 4068 3973 
3 4014 3972 4068 
3 3972 3973 4068 
3 4013 3911 4014 
3 3911 3972 4014 
3 3910 3808 3911 
3 4013 3910 3911 
3 4938 4877 4939 
3 4981 4938 4939 
3 4876 4875 4807 
3 4876 4877 4875 
3 4877 4938 4875 
3 4806 4807 4875 
3 3974 4070 3973 
3 4072 4070 3974 
3 3972 3869 3973 
3 3869 3974 3973 
3 3911 3868 3972 
3 3868 3869 3972 
3 3808 3761 3868 
3 3911 3808 3868 
3 4882 4818 4881 
3 4882 4939 4877 
3 4882 4877 4818 
3 4818 4877 4819 
3 4809 4877 4876 
3 4819 4877 4809 
3 3974 3975 4072 
3 3975 3870 3872 
3 3975 3974 3870 
3 3974 3869 3870 
3 3868 3762 3869 
3 3762 3870 3869 
3 3761 3760 3762 
3 3868 3761 3762 
3 4818 4746 4817 
3 4881 4818 4817 
3 4811 4819 4810 
3 4811 4746 4819 
3 4746 4818 4819 
3 4809 4810 4819 
3 3765 3872 3870 
3 3871 3872 3765 
3 3762 3763 3870 
3 3763 3765 3870 
3 3760 3659 3661 
3 3760 3661 3762 
3 3762 3661 3763 
3 3659 3559 3661 
3 4745 4664 4663 
3 4745 4817 4746 
3 4745 4746 4664 
3 4664 4746 4666 
3 4740 4746 4811 
3 4666 4746 4740 
3 3765 3764 3871 
3 3764 3663 3666 
3 3764 3765 3663 
3 3765 3763 3663 
3 3661 3662 3763 
3 3662 3663 3763 
3 3559 3560 3662 
3 3661 3559 3662 
3 4664 4581 4580 
3 4663 4664 4580 
3 4665 4666 4667 
3 4665 4581 4666 
3 4581 4664 4666 
3 4740 4667 4666 
3 3565 3666 3663 
3 3665 3666 3565 
3 3662 3562 3663 
3 3562 3565 3663 
3 3560 3561 3562 
3 3662 3560 3562 
3 4581 4582 4489 
3 4580 4581 4489 
3 4583 4581 4665 
3 4582 4581 4583 
3 3565 3564 3665 
3 3564 3465 3563 
3 3564 3565 3465 
3 3565 3562 3465 
3 3561 3462 3463 
3 3561 3463 3562 
3 3562 3463 3465 
3 3462 3368 3463 
3 4488 4393 4391 
3 4488 4394 4393 
3 4489 4394 4488 
3 4489 4490 4394 
3 4489 4582 4490 
3 4583 4490 4582 
3 3464 3563 3465 
3 3471 3563 3464 
3 3463 3370 3465 
3 3370 3464 3465 
3 3368 3277 3370 
3 3463 3368 3370 
3 4391 4393 4392 
3 4393 4297 4392 
3 4393 4394 4297 
3 4394 4395 4297 
3 3377 3471 3464 
3 3376 3471 3377 
3 3370 3369 3464 
3 3369 3377 3464 
3 3277 3276 3369 
3 3370 3277 3369 
3 4396 4299 4298 
3 4396 4298 4395 
3 4395 4298 4297 
3 4396 4300 4299 
3 3281 3373 3375 
3 3376 3281 3375 
3 3376 3377 3281 
3 3377 3282 3281 
3 3275 3186 3282 
3 3275 3282 3369 
3 3369 3282 3377 
3 3276 3275 3369 
3 4298 4299 4200 
3 4299 4300 4201 
3 4299 4201 4200 
3 4200 4201 4102 
3 4003 4102 4103 
3 4102 4201 4103 
3 4004 4003 4104 
3 4003 4103 4104 
3 4005 4004 4105 
3 4004 4104 4105 
3 4006 4005 4106 
3 4005 4105 4106 
3 3903 4006 4007 
3 4006 4106 4007 
3 3800 3903 3904 
3 3903 4007 3904 
3 3801 3800 3905 
3 3800 3904 3905 
3 3802 3801 3877 
3 3801 3905 3877 
3 3695 3802 3769 
3 3802 3877 3769 
3 3593 3695 3669 
3 3695 3769 3669 
3 3492 3593 3567 
3 3593 3669 3567 
3 3466 3492 3468 
3 3492 3567 3468 
3 3372 3466 3374 
3 3466 3468 3374 
3 3373 3281 3280 
3 3373 3280 3374 
3 3374 3280 3372 
3 3185 3280 3281 
3 3282 3185 3281 
3 3186 3185 3282 
3 4566 4567 4651 
3 4566 4472 4473 
3 4567 4566 4473 
3 4472 4378 4375 
3 4473 4472 4375 
3 4378 4370 4278 
3 4375 4378 4278 
3 4370 4271 4274 
3 4278 4370 4274 
3 4271 4173 4270 
3 4274 4271 4270 
3 4173 4171 4270 
3 4734 4735 4806 
3 4734 4652 4653 
3 4735 4734 4653 
3 4652 4651 4567 
3 4652 4567 4653 
3 4653 4567 4568 
3 4473 4474 4567 
3 4474 4568 4567 
3 4375 4376 4473 
3 4376 4474 4473 
3 4278 4276 4375 
3 4276 4376 4375 
3 4274 4179 4278 
3 4179 4276 4278 
3 4270 4175 4274 
3 4175 4179 4274 
3 4171 4069 4172 
3 4171 4172 4270 
3 4270 4172 4175 
3 4069 4070 4172 
3 4807 4808 4876 
3 4807 4806 4735 
3 4807 4735 4808 
3 4808 4735 4736 
3 4653 4654 4735 
3 4654 4736 4735 
3 4568 4569 4653 
3 4569 4654 4653 
3 4474 4475 4568 
3 4475 4569 4568 
3 4376 4377 4474 
3 4377 4475 4474 
3 4276 4277 4376 
3 4277 4377 4376 
3 4179 4178 4276 
3 4178 4277 4276 
3 4175 4077 4179 
3 4077 4178 4179 
3 4172 4073 4175 
3 4073 4077 4175 
3 4070 4072 4073 
3 4172 4070 4073 
3 4808 4738 4809 
3 4876 4808 4809 
3 4736 4737 4808 
3 4737 4738 4808 
3 4654 4655 4736 
3 4655 4737 4736 
3 4570 4569 4476 
3 4570 4655 4569 
3 4655 4654 4569 
3 4475 4476 4569 
3 4379 4476 4475 
3 4377 4379 4475 
3 4374 4379 4377 
3 4277 4374 4377 
3 4275 4374 4277 
3 4178 4275 4277 
3 4177 4275 4178 
3 4177 4076 4176 
3 4177 4178 4076 
3 4178 4077 4076 
3 4073 3980 4077 
3 3980 4076 4077 
3 4072 3975 3976 
3 4072 3976 4073 
3 4073 3976 3980 
3 3975 3872 3976 
3 4810 4739 4811 
3 4810 4809 4738 
3 4810 4738 4739 
3 4739 4738 4658 
3 4737 4657 4738 
3 4657 4658 4738 
3 4656 4655 4571 
3 4656 4657 4655 
3 4657 4737 4655 
3 4570 4571 4655 
3 4076 4075 4176 
3 4075 3979 4074 
3 4075 4076 3979 
3 4076 3980 3979 
3 3976 3875 3980 
3 3875 3979 3980 
3 3872 3871 3875 
3 3976 3872 3875 
3 4739 4660 4740 
3 4811 4739 4740 
3 4658 4659 4739 
3 4659 4660 4739 
3 4657 4574 4658 
3 4574 4659 4658 
3 4573 4657 4656 
3 4574 4657 4573 
3 3979 3978 4074 
3 3978 3874 3977 
3 3978 3979 3874 
3 3979 3875 3874 
3 3871 3764 3767 
3 3871 3767 3875 
3 3875 3767 3874 
3 3764 3666 3767 
3 4667 4584 4665 
3 4667 4740 4660 
3 4667 4660 4584 
3 4584 4660 4585 
3 4659 4575 4660 
3 4575 4585 4660 
3 4482 4574 4481 
3 4482 4575 4574 
3 4575 4659 4574 
3 4573 4481 4574 
3 3874 3873 3977 
3 3873 3766 3779 
3 3873 3874 3766 
3 3874 3767 3766 
3 3666 3665 3766 
3 3767 3666 3766 
3 4584 4491 4583 
3 4665 4584 4583 
3 4585 4493 4584 
3 4493 4491 4584 
3 4495 4575 4483 
3 4495 4493 4575 
3 4493 4585 4575 
3 4482 4483 4575 
3 3675 3779 3766 
3 3778 3779 3675 
3 3665 3564 3664 
3 3665 3664 3766 
3 3766 3664 3675 
3 3564 3563 3664 
3 4490 4397 4394 
3 4490 4583 4491 
3 4490 4491 4397 
3 4397 4491 4398 
3 4492 4493 4496 
3 4492 4398 4493 
3 4398 4491 4493 
3 4495 4496 4493 
3 3675 3674 3778 
3 3674 3572 3668 
3 3674 3675 3572 
3 3675 3664 3572 
3 3563 3471 3572 
3 3664 3563 3572 
3 4397 4301 4395 
3 4394 4397 4395 
3 4398 4302 4397 
3 4302 4301 4397 
3 4399 4398 4492 
3 4302 4398 4399 
3 3566 3571 3667 
3 3668 3566 3667 
3 3668 3572 3566 
3 3572 3470 3566 
3 3471 3376 3470 
3 3572 3471 3470 
3 4395 4301 4396 
3 4300 4396 4301 
3 4300 4301 4202 
3 4202 4301 4302 
3 4303 4302 4399 
3 4303 4203 4302 
3 4203 4202 4302 
3 4303 4304 4203 
3 3469 3568 3570 
3 3571 3469 3570 
3 3571 3566 3469 
3 3566 3467 3469 
3 3375 3373 3467 
3 3375 3467 3470 
3 3470 3467 3566 
3 3376 3375 3470 
3 4300 4202 4201 
3 4103 4201 4202 
3 4203 4103 4202 
3 4203 4304 4204 
3 4203 4204 4103 
3 4103 4204 4104 
3 4105 4104 4205 
3 4104 4204 4205 
3 4106 4105 4206 
3 4105 4205 4206 
3 4007 4106 4107 
3 4106 4206 4107 
3 3904 4007 4008 
3 4007 4107 4008 
3 3905 3904 3987 
3 3904 4008 3987 
3 3877 3905 3883 
3 3905 3987 3883 
3 3769 3877 3775 
3 3877 3883 3775 
3 3669 3769 3672 
3 3769 3775 3672 
3 3567 3669 3569 
3 3669 3672 3569 
3 3568 3469 3468 
3 3568 3468 3569 
3 3569 3468 3567 
3 3374 3468 3469 
3 3467 3374 3469 
3 3373 3374 3467 
3 4476 4477 4570 
3 4476 4379 4380 
3 4477 4476 4380 
3 4379 4374 4281 
3 4380 4379 4281 
3 4374 4275 4279 
3 4281 4374 4279 
3 4275 4177 4193 
3 4279 4275 4193 
3 4177 4176 4193 
3 4571 4572 4656 
3 4571 4570 4477 
3 4571 4477 4572 
3 4572 4477 4478 
3 4380 4381 4477 
3 4381 4478 4477 
3 4281 4282 4380 
3 4282 4381 4380 
3 4279 4183 4281 
3 4183 4282 4281 
3 4193 4180 4279 
3 4180 4183 4279 
3 4176 4075 4090 
3 4176 4090 4193 
3 4193 4090 4180 
3 4075 4074 4090 
3 4572 4480 4573 
3 4656 4572 4573 
3 4478 4479 4572 
3 4479 4480 4572 
3 4381 4382 4478 
3 4382 4479 4478 
3 4282 4283 4381 
3 4283 4382 4381 
3 4183 4184 4282 
3 4184 4283 4282 
3 4180 4081 4183 
3 4081 4184 4183 
3 4090 4078 4180 
3 4078 4081 4180 
3 4074 3978 3992 
3 4074 3992 4090 
3 4090 3992 4078 
3 3978 3977 3992 
3 4481 4387 4482 
3 4481 4573 4480 
3 4481 4480 4387 
3 4387 4480 4386 
3 4479 4385 4480 
3 4385 4386 4480 
3 4382 4383 4479 
3 4383 4385 4479 
3 4284 4283 4280 
3 4284 4383 4283 
3 4383 4382 4283 
3 4184 4280 4283 
3 4185 4280 4184 
3 4185 4082 4181 
3 4185 4184 4082 
3 4184 4081 4082 
3 4078 3985 4081 
3 3985 4082 4081 
3 3992 3981 4078 
3 3981 3985 4078 
3 3977 3873 3887 
3 3977 3887 3992 
3 3992 3887 3981 
3 3873 3779 3887 
3 4483 4403 4495 
3 4483 4482 4387 
3 4483 4387 4403 
3 4403 4387 4384 
3 4386 4289 4387 
3 4289 4384 4387 
3 4385 4288 4386 
3 4288 4289 4386 
3 4290 4383 4285 
3 4290 4288 4383 
3 4288 4385 4383 
3 4284 4285 4383 
3 4082 4080 4181 
3 3985 4080 4082 
3 3983 4080 3985 
3 3983 3881 3880 
3 3983 3985 3881 
3 3985 3981 3881 
3 3887 3876 3981 
3 3876 3881 3981 
3 3779 3778 3876 
3 3887 3779 3876 
3 4496 4494 4492 
3 4496 4495 4403 
3 4496 4403 4494 
3 4494 4403 4402 
3 4384 4308 4403 
3 4308 4402 4403 
3 4289 4286 4384 
3 4286 4308 4384 
3 4288 4190 4289 
3 4190 4286 4289 
3 4287 4288 4290 
3 4190 4288 4287 
3 3772 3880 3881 
3 3878 3880 3772 
3 3876 3773 3881 
3 3773 3772 3881 
3 3778 3674 3768 
3 3778 3768 3876 
3 3876 3768 3773 
3 3674 3668 3768 
3 4494 4400 4399 
3 4492 4494 4399 
3 4402 4401 4494 
3 4401 4400 4494 
3 4308 4307 4402 
3 4307 4401 4402 
3 4286 4208 4308 
3 4208 4307 4308 
3 4190 4187 4286 
3 4187 4208 4286 
3 4189 4190 4287 
3 4189 4086 4190 
3 4086 4187 4190 
3 4189 4188 4086 
3 3772 3770 3878 
3 3770 3670 3771 
3 3770 3772 3670 
3 3772 3773 3670 
3 3667 3571 3670 
3 3667 3670 3768 
3 3768 3670 3773 
3 3668 3667 3768 
3 4399 4400 4303 
3 4304 4303 4400 
3 4304 4400 4305 
3 4305 4400 4401 
3 4307 4306 4401 
3 4306 4305 4401 
3 4208 4207 4307 
3 4207 4306 4307 
3 4187 4108 4208 
3 4108 4207 4208 
3 4086 4084 4187 
3 4084 4108 4187 
3 4085 4086 4188 
3 4085 3988 4086 
3 3988 4084 4086 
3 3988 3989 3884 
3 4085 3989 3988 
3 3884 3885 3776 
3 3989 3885 3884 
3 3776 3777 3673 
3 3885 3777 3776 
3 3673 3774 3671 
3 3777 3774 3673 
3 3771 3671 3774 
3 3670 3671 3771 
3 3670 3568 3671 
3 3670 3570 3568 
3 3571 3570 3670 
3 4304 4305 4204 
3 4205 4204 4305 
3 4306 4205 4305 
3 4206 4205 4306 
3 4207 4206 4306 
3 4107 4206 4207 
3 4108 4107 4207 
3 4008 4107 4108 
3 4084 4008 4108 
3 3987 4008 4084 
3 3988 3987 4084 
3 3883 3987 3988 
3 3884 3883 3988 
3 3775 3883 3884 
3 3776 3775 3884 
3 3672 3775 3776 
3 3673 3672 3776 
3 3569 3672 3673 
3 3671 3569 3673 
3 3568 3569 3671 
3 4280 4186 4284 
3 4280 4185 4182 
3 4186 4280 4182 
3 4185 4181 4182 
3 4285 4192 4290 
3 4285 4284 4186 
3 4285 4186 4192 
3 4192 4186 4089 
3 4182 4083 4186 
3 4083 4089 4186 
3 4181 4080 4079 
3 4181 4079 4182 
3 4182 4079 4083 
3 4080 3983 3984 
3 4079 4080 3984 
3 3983 3880 3984 
3 4192 4191 4287 
3 4290 4192 4287 
3 4089 4088 4192 
3 4088 4191 4192 
3 4083 3991 4089 
3 3991 4088 4089 
3 4079 3986 4083 
3 3986 3991 4083 
3 3984 3982 4079 
3 3982 3986 4079 
3 3880 3878 3982 
3 3984 3880 3982 
3 4287 4191 4189 
3 4188 4189 4191 
3 4188 4191 4087 
3 4087 4191 4088 
3 3991 3990 4088 
3 3990 4087 4088 
3 3986 3886 3991 
3 3886 3990 3991 
3 3982 3882 3986 
3 3882 3886 3986 
3 3878 3770 3879 
3 3878 3879 3982 
3 3982 3879 3882 
3 3770 3771 3879 
3 4188 4087 4085 
3 3989 4085 4087 
3 3990 3989 4087 
3 3885 3989 3990 
3 3886 3885 3990 
3 3777 3885 3886 
3 3882 3777 3886 
3 3774 3777 3882 
3 3879 3774 3882 
3 3771 3774 3879 

POINT_DATA 5147
SCALARS Selection float
LOOKUP_TABLE default
0.443546 0.252486 0.2897 0.571321 0.367778 0.51071 0.650631 0.0239533 0.131942 
0.345728 0.165958 0.663779 0.510796 0.749946 0.280627 0.483675 0.618399 0.746385 
0.85165 6.93889e-18 3.46945e-18 1.04083e-17 -1.38778e-17 3.46945e-18 3.46945e-18 0 0.28835 
0 0.142457 0.650595 0.790858 0.497896 0.915382 3.46945e-18 0.194729 0.31772 
0.466137 0.637355 0.72764 0.88426 0.980338 1.0293 -6.93889e-18 0 0.233229 
0.750312 0.95793 0.432931 0.649997 1.04706 0 -6.93889e-18 0.0300012 0.279357 
0.37259 0.563225 0.714397 0.81378 0.923033 1.03637 1.13543 1.17982 1.15927 
0 0.18236 0.918211 1.10367 1.11177 0.541203 0.741547 -3.46945e-18 0.111381 
-6.93889e-18 6.93889e-18 0.454504 0.22195 0.305753 0.522023 0.76545 0.876754 0.919732 
0.975794 1.10286 1.18947 1.29008 1.36451 1.30634 1.23714 -6.93889e-18 0.0717934 
1.08277 0.896266 1.12262 1.21698 0.676165 0 0.604053 0.398488 -6.93889e-18 
0.177239 0.478397 0.242326 0.665086 0.996474 0.956164 0.872948 1.02641 1.12206 
1.22614 1.25833 1.31293 1.42893 1.4412 1.49499 1.49344 1.40121 1.32878 
0 0 -3.46945e-18 1.07753 1.19943 1.24344 0.791879 0.949949 0.55934 
0.710711 0.365831 0 1.73472e-18 0.683789 0.46781 6.93889e-18 0.218998 1.05932 
1.10845 1.22474 0.899386 1.02778 1.18621 1.26229 1.30636 1.32499 1.38244 
1.55537 1.52608 1.62344 1.62926 1.69643 1.57747 1.47283 1.38058 1.22598 
1.07806 1.33887 0.868652 0.687516 0 0.219965 0.535178 0.711165 0.489028 
0 0 0.262086 1.15094 1.28233 1.2993 1.3366 1.42728 1.43555 
1.10704 0.958826 1.32549 1.35299 1.41134 1.43516 1.72502 1.5985 1.70236 
1.81353 1.81663 1.90097 1.77284 1.6466 1.51183 1.35949 1.29452 0.957145 
1.17542 1.45751 0.779123 0 0 0.132611 0.427708 0.710333 0.751791 
0.540827 0 0.0944869 0.33351 1.40105 1.43889 1.25596 1.4239 1.46513 
1.56593 1.57452 1.61522 1.52365 0.991615 1.43254 1.51411 1.92409 1.66315 
1.77713 1.89895 2.02446 2.02727 2.11901 1.98313 1.85003 1.71923 1.60305 
1.48035 1.34351 1.43531 1.11531 0.966502 1.26251 0 -6.93889e-18 0.100441 
0.344657 0.626223 0.889475 0.806076 0.624941 0 6.93889e-18 0.124021 0.400935 
1.61005 1.55729 1.14911 1.37085 1.44858 1.46428 1.54837 1.65319 1.68828 
1.72615 1.78252 1.68783 0.977843 2.14806 1.72107 1.83832 1.98958 2.10743 
2.27114 2.25664 2.35249 2.2069 2.06698 1.93142 1.80205 1.68059 1.58119 
1.49709 1.41523 1.17637 1.08303 1.33906 0 0 0.260541 0.544421 
0.822149 1.08157 0.925674 0.594145 0.785697 1.38778e-17 0.0716758 0.263994 -1.38778e-17 
0.476887 1.7811 1.159 1.31584 1.4997 1.45779 1.54556 1.61719 1.68373 
1.76387 1.82368 1.88209 1.94645 1.85519 2.39364 1.91469 1.99074 2.14143 
2.20294 2.2739 2.4358 2.53375 2.50377 2.60311 2.44567 2.29637 2.15343 
2.01762 1.88903 1.77162 1.66842 1.57863 1.50222 1.2557 1.4357 -6.93889e-18 
0.19936 0.460407 0.756192 1.00447 1.20111 1.26662 0.955479 0.665329 0.938343 
-1.38778e-17 0.111436 6.93889e-18 0.447637 1.93129 1.37958 1.23173 1.40749 1.57578 
1.51332 1.62235 1.70023 1.80204 1.89001 1.96459 2.03803 2.10391 2.01829 
2.65498 2.07587 2.0977 2.24469 2.36161 2.35901 2.52937 2.65894 2.79654 
2.76883 2.87127 2.70151 2.54249 2.38679 2.24147 2.11047 1.9861 1.86933 
1.76498 1.67975 1.61717 1.39398 1.53757 0 -3.46945e-18 0.205253 0.404859 
0.615282 0.973058 0.84833 1.13921 1.30372 1.3589 0.731996 0.921662 1.08425 
-1.38778e-17 0 0.243392 1.38778e-17 0.439315 0.619972 1.45009 1.24358 1.40505 
1.54383 1.58205 1.66772 1.80344 1.91904 2.00748 2.10657 2.2099 2.21359 
2.1858 2.93228 2.34832 2.46876 2.61186 2.75995 2.90198 3.09006 3.05078 
3.15218 2.97193 2.80692 2.64941 2.46443 2.33695 2.2159 2.09624 1.97841 
1.87671 1.80442 1.65931 1.76871 1.49977 1.63847 0 0.128983 0.374494 
0.602779 1.06481 0.805922 1.08666 1.22688 1.4032 1.45901 0.768054 1.04286 
1.09605 0.764968 0 0.129457 0.332591 0.51381 1.53113 1.59922 1.18449 
1.30268 1.45052 1.57157 1.76287 1.92416 2.00979 2.07501 2.13988 2.27548 
2.34339 2.38811 3.21208 2.5744 2.56855 2.70328 2.86263 2.99606 3.09719 
3.36363 3.2861 3.35802 3.41932 3.24582 3.08009 2.92957 2.63935 2.81637 
2.55514 2.45679 2.34088 2.2302 2.08552 2.00286 1.9407 1.74576 1.88484 
1.61533 1.79461 -1.38778e-17 0 -3.46945e-18 0.0773466 0.291635 0.370971 0.567639 
0.735517 0.96396 1.16432 1.23427 1.3265 1.52322 1.57484 0.883475 1.04573 
1.1933 1.24809 0.740779 0.573226 0 1.38778e-17 0 0.307138 1.64244 
1.41535 1.59922 1.68406 1.75212 1.95413 2.03431 2.13824 2.35705 2.43467 
2.50722 2.5576 3.43242 2.68728 2.84109 2.77294 2.95569 3.15183 3.18769 
3.55368 3.55144 3.38036 3.57491 3.62495 3.6581 3.50926 3.35198 3.19925 
3.05884 2.72863 2.92177 2.72914 2.59419 2.48739 2.2575 2.41768 2.20755 
2.15065 2.08159 2.0172 1.75638 1.96166 -1.38778e-17 0.189721 1.38778e-17 0.0973184 
0.48479 0.31624 0.518512 0.667048 0.865194 1.06716 1.24345 1.31683 1.47153 
1.71153 1.65431 0.809447 0.972844 1.17909 1.27486 1.39018 0.635663 0.432326 
0 0.152944 1.53685 1.68949 1.85527 1.91569 2.11644 2.33068 2.58295 
2.58336 2.75678 2.92323 3.10536 3.02944 3.22784 3.43129 3.73198 3.62647 
3.83108 3.77937 3.85864 3.87391 3.75189 3.61425 3.46906 3.32631 3.18777 
3.04112 2.85035 2.73642 2.64197 2.36699 2.55204 2.41934 2.29936 2.23813 
2.18562 1.91451 2.13418 0 6.93889e-18 -6.93889e-18 0.0797261 0.310652 0.35413 
0.616265 0.498071 0.759991 0.955065 1.15252 1.30764 1.40031 1.56541 1.85261 
1.74741 0.587884 0.785894 0.854658 1.01427 1.13595 1.31085 1.39845 1.50626 
1.61663 0.298887 0 -1.38778e-17 0.03825 1.84979 2.13397 2.29874 2.45932 
2.63059 2.87741 2.81416 3.00305 3.19246 3.38531 3.30523 3.49647 3.6731 
3.87681 3.82928 4.02167 4.06779 4.02241 4.00937 3.95994 3.85483 3.7262 
3.59337 3.46282 3.33848 3.05465 3.24517 2.98222 2.89735 2.79578 2.70553 
2.48557 2.65184 2.45723 2.42125 2.36433 2.06248 2.27775 1.38778e-17 0.207608 
-1.38778e-17 0.112858 0.544401 0.35211 0.555893 0.646608 0.772266 1.08609 0.934032 
1.21917 1.35477 1.46054 1.62868 1.94257 1.81119 0.432578 0.677164 0.791234 
0.895562 1.06247 1.16111 1.23762 1.45035 1.54157 1.64992 1.76069 0.154407 
0 0 0 2.03396 2.30884 2.41394 2.5872 2.79076 3.01149 
3.14274 3.08829 3.27534 3.50596 3.62732 3.61088 3.7217 3.89292 4.20405 
4.1406 4.25028 4.27054 4.09553 4.13257 4.2507 4.0755 3.95344 3.8389 
3.72054 3.60766 3.49797 3.17232 3.38415 3.21199 3.05093 2.96214 2.89092 
2.62058 2.82188 2.70609 2.59784 2.49478 2.15105 2.37303 0 6.93889e-18 
0.0521178 0.382442 0.162394 0.715515 0.561188 0.739647 1.06116 1.14937 0.861459 
0.991376 1.25304 1.39558 1.51148 1.68557 2.00563 1.85732 0.286765 0.559766 
0.695371 0.859059 1.04641 1.18144 1.2011 1.2748 1.40092 1.60546 1.6975 
1.80987 1.92491 1.38778e-17 0 2.20067 2.4337 2.80485 2.65815 2.94183 
3.15847 3.31291 3.39053 3.47481 3.6724 3.64262 3.77817 3.77575 3.83266 
3.91694 4.34727 4.24712 4.39781 4.33753 4.13456 4.28796 4.2438 4.39109 
4.36983 4.20205 4.11102 4.05681 3.93759 3.85048 3.7598 3.65108 3.53516 
3.2603 3.45084 3.2073 3.15389 3.08251 3.00806 2.77792 2.94536 2.70222 
2.60402 2.22595 2.46518 6.93889e-18 -1.38778e-17 0.33779 0.52501 0.621358 0 
0.216748 0.70994 0.808589 1.08698 1.15467 0.903732 1.02927 1.2574 1.35656 
1.5023 1.56524 1.74204 2.0279 0.13116 0 0.427039 0.573087 0.701119 
0.944614 1.10256 1.20589 1.2795 1.28415 1.38041 1.545 1.76432 1.8579 
1.97506 2.09448 2.37438 2.55323 2.85705 3.12482 3.37738 3.51427 3.56066 
3.54653 3.67416 3.85253 4.0051 3.94936 4.08973 4.45123 4.26784 4.32369 
4.50003 4.39106 4.39347 4.31765 4.47953 4.20898 4.08172 4.192 4.01723 
4.01406 3.9096 3.80485 3.70578 3.39231 3.60381 3.44453 3.36088 3.28368 
3.171 2.86479 3.03968 2.85987 2.70227 2.28904 2.51233 0.402432 0.528933 
0.647804 0.715047 0.78427 6.93889e-18 0.0902792 0.386728 1.13957 0.882009 1.01229 
1.25972 1.37933 1.47474 1.60979 1.74212 1.89993 2.09013 0 1.38778e-17 
-3.46945e-18 0.279633 0.42092 0.526699 0.811574 1.04893 1.14936 1.28025 1.31367 
1.36849 1.46284 1.59789 1.71652 1.91671 2.01118 2.13253 2.26533 2.43561 
2.68892 2.90834 3.08564 3.30369 3.62833 3.56762 3.66523 3.77528 3.91771 
4.06161 4.18077 4.16336 4.25062 4.34957 4.50646 4.5764 4.45186 4.409 
4.40439 4.4767 4.52539 4.31752 4.41217 4.1441 4.28217 4.14644 4.21086 
4.04255 3.95588 3.86413 3.75582 3.64801 3.55751 3.41465 3.27223 3.11013 
2.91633 2.71702 2.30995 2.51613 0.648216 0.778965 -6.93889e-18 6.93889e-18 0.156958 
0 0.593459 0.420242 1.12839 0.902412 0.983015 1.31425 1.58241 1.86329 
2.1004 0 0.130188 0.28095 0.304991 0.595958 0.789572 0.9876 1.16064 
1.30956 1.39257 1.40555 1.46881 1.54929 1.73237 1.81926 2.06547 2.17234 
2.24593 2.66118 2.47098 2.77703 3.04491 3.21771 3.43249 3.79419 3.8123 
3.63264 3.77463 3.97209 4.11317 4.23669 4.27327 4.27139 4.33178 4.38709 
4.55139 4.49289 4.45636 4.61044 4.41738 4.57781 4.53933 4.48509 4.413 
4.36668 4.46579 4.36772 4.32198 4.29933 4.28046 4.20535 4.1826 4.09209 
4.03719 3.91404 3.8043 3.65901 3.49322 3.30853 3.11318 2.90892 2.70678 
2.3124 2.50698 0.717727 0.826835 0 -6.93889e-18 0.176738 0.616856 0.694708 
0.324469 0.596345 0.429716 1.09705 0.94725 1.25028 1.41265 1.55584 1.72056 
1.90082 2.10771 0 -1.38778e-17 0.0291807 0.20681 0.434674 0.0644618 0.656575 
0.836333 1.0312 1.15518 1.29098 1.43054 1.46418 1.5076 1.66642 1.89503 
1.96745 2.22554 2.33957 2.65262 2.9046 3.14082 3.30674 3.42978 3.94934 
3.9819 3.54942 3.75609 3.89384 4.15977 4.2493 4.34277 4.33529 4.40025 
4.57581 4.44537 4.50296 4.43426 4.42686 4.42406 4.63077 4.54343 4.48839 
4.42911 4.40793 4.37994 4.31872 4.24689 4.34784 4.20805 4.10472 4.26187 
4.01484 3.87529 3.67156 3.49486 3.30886 3.09647 2.87726 2.68519 2.30661 
2.48187 0.765712 0.845918 1.73472e-18 0.228239 0 0.698549 0.737298 0.591409 
0.346606 1.01567 1.10667 0.930327 1.23224 1.39286 1.54037 1.71054 1.89739 
2.10802 -1.04083e-17 1.38778e-17 1.04083e-17 0.235529 0 0 0.576292 0 
0.778029 0.958815 1.14213 1.21072 1.35097 1.42934 1.55097 1.55096 1.62662 
1.77976 1.97901 2.10972 2.14625 2.41172 2.4663 2.89283 2.71432 3.04061 
3.33265 3.44804 4.05335 4.12986 3.70462 3.97018 4.05927 4.31619 4.24826 
4.40078 4.3854 4.37433 4.41729 4.5566 4.47341 4.40369 4.38992 4.3936 
4.40417 4.62986 4.63344 4.55758 4.60313 4.49371 4.55783 4.47344 4.47644 
4.50403 4.46168 4.3441 4.47867 4.15498 4.20203 4.20371 4.45353 4.08088 
3.79254 3.94157 3.65897 3.50108 3.31366 2.99033 3.12821 2.84629 2.65551 
2.29157 2.40904 0.840557 0 0.0533419 0.754943 0.538742 0.653747 0.125546 
0.377737 1.00745 1.07904 0.919637 1.21229 1.40531 1.65693 1.89092 2.12787 
0.10059 0 0.386544 0 0.65252 0.80939 1.05124 0.799175 1.18337 
1.33574 1.5047 1.52651 1.69609 1.70972 1.795 1.93865 2.18345 2.25433 
2.33614 2.61952 2.92776 3.22157 3.48546 3.6328 4.16461 4.23994 3.8318 
4.14491 3.96544 4.08998 4.19082 4.38222 4.34246 4.30117 4.3923 4.53267 
4.44695 4.36605 4.33709 4.33689 4.3531 4.3683 4.68907 4.62324 4.63236 
4.54033 4.65121 4.60194 4.55841 4.53876 4.58285 4.56579 4.55129 4.57941 
4.55464 4.20705 3.97557 4.36852 4.50875 3.78604 3.83035 3.67867 3.52384 
3.29516 2.98184 3.07195 2.86107 2.63287 2.24359 2.42307 0 6.93889e-18 
-1.38778e-17 0.684042 0.837415 0.753259 0.534342 0.62141 -6.93889e-18 -6.93889e-18 0.192491 
0.439862 1.0502 0.919116 1.34773 1.20936 1.49979 1.66669 1.87922 2.06573 
0 -6.93889e-18 0 0.218793 0.505456 0.965406 0.598693 0.783669 1.15983 
1.21224 1.42993 1.4493 1.25755 1.46287 1.50846 1.57575 1.66996 1.67566 
1.87915 1.90302 2.14298 2.39921 2.45554 2.53068 2.82372 3.14529 3.36817 
3.56336 3.74302 3.83185 4.25913 3.92183 4.06611 4.18001 4.30147 4.27558 
4.36285 4.36883 4.34215 4.33845 4.52914 4.43406 4.33748 4.28382 4.26736 
4.27888 4.30609 4.72047 4.71744 4.65218 4.71029 4.61075 4.77304 4.68371 
4.64092 4.61713 4.67391 4.63692 4.63308 4.03142 4.21279 4.4099 3.8299 
3.7422 3.58838 3.1458 3.1974 3.40474 3.0175 2.8252 2.6287 2.1936 
2.43685 0.596102 0.638543 0.827388 0.734466 0 0.263934 -3.46945e-18 0.548978 
0.452863 1.02273 0.880688 1.44124 1.15532 1.31109 1.65008 1.89358 6.93889e-18 
0.0244876 0.332002 0.820351 1.06437 0.807448 0.438987 0.675536 1.32551 1.49374 
1.46245 1.56256 1.48666 1.16285 1.72874 1.79217 1.84794 2.09349 2.1226 
2.36896 2.60806 2.67399 2.73681 2.9912 3.38002 3.27547 3.49573 3.63344 
3.75265 3.92787 4.07549 4.19018 4.2752 4.32377 4.2926 4.25053 4.55405 
4.43228 4.32479 4.23888 4.19716 4.19085 4.21264 4.81454 4.72905 4.80317 
4.89913 4.91085 4.7305 4.70893 4.73499 4.67493 4.78445 4.72026 4.73259 
4.55161 3.88759 4.04801 4.33621 3.73688 3.59264 3.32072 3.20764 3.01187 
3.45217 2.80978 2.64598 2.05238 2.25489 2.47735 0.5331 0.556962 0.684683 
0.836596 0 0.0873421 0.241055 0.402612 0.988609 1.46018 1.14111 1.33674 
1.60539 1.85464 0 0.172373 3.46945e-18 -3.46945e-18 1.04083e-17 0.922531 0.985778 
0.794137 0.613337 0.537735 0.271193 1.32106 1.41733 1.59026 1.661 1.03327 
1.25534 1.06333 1.89111 1.96797 2.03753 2.32373 2.39721 2.56606 2.74415 
2.89451 2.96188 3.18291 3.42394 3.56215 3.71681 3.8418 3.99099 4.11451 
4.16586 4.23751 4.18252 4.13928 4.5392 4.63564 4.45928 4.33326 4.20548 
4.13901 4.10624 4.10702 4.73786 4.8413 4.93279 4.8731 4.98761 5.00199 
4.80124 4.78284 4.83921 4.88464 4.76902 4.64829 4.81064 4.51042 3.78557 
4.05086 3.85545 4.21346 4.36321 3.60429 3.3551 3.16882 2.9122 2.99226 
2.82778 2.69117 2.07658 2.30359 2.53058 0.412741 0.497036 0.713287 0.821442 
0.970431 0 -3.46945e-18 0.121535 -3.46945e-18 0.299158 1.30165 1.17415 1.45953 
1.65175 1.88824 -6.93889e-18 0.00560286 0.8971 0.639406 0.636279 0.372179 0.47839 
0.0747981 1.38472 1.54542 1.72428 1.8092 1.21713 0.836135 1.04548 2.08418 
2.17044 2.25096 2.55369 2.62345 2.69781 2.92297 3.13556 3.35669 3.52059 
3.58214 3.7158 3.86 3.95326 4.06287 4.14332 4.10149 4.07309 4.01358 
4.65206 4.52418 4.15807 4.29687 4.43229 4.10138 4.04145 4.01217 4.85694 
5.06699 4.98747 5.06827 4.90159 4.86547 4.96426 4.79796 4.64784 4.47736 
3.90195 4.03882 4.25126 3.7572 3.62733 3.46169 3.31539 3.23393 3.11058 
3.02127 2.90338 2.75193 2.12353 2.36041 2.5934 0.290019 0.588934 0.305667 
0.811754 0.940078 0 3.46945e-18 0.0314559 0.115852 1.44547 1.17946 1.34453 
1.70602 1.94892 -1.73472e-18 8.67362e-18 -1.73472e-18 0.346292 0.429695 0.623917 0.223968 
0 1.38778e-17 6.93889e-18 1.3813 1.55291 1.67146 1.81766 1.98671 1.13208 
1.29634 0.707028 0.973531 0.715122 2.31349 2.39424 2.47672 2.78029 2.84375 
2.89371 3.11379 3.27276 3.47519 3.39797 3.53217 3.56914 3.62803 3.7421 
3.84707 3.94578 4.04023 4.02466 3.96649 3.919 3.9231 4.79191 4.7239 
4.58338 4.06614 4.16631 4.0135 4.28628 4.45124 3.94383 4.9471 5.15954 
5.20736 5.07669 4.96731 5.0006 4.88247 5.10248 4.64725 4.77356 4.37232 
4.50951 3.81734 3.94493 4.0963 4.22752 3.51797 3.64975 3.39735 3.31354 
3.32913 3.19711 3.06873 2.97134 2.8049 2.18222 2.42467 2.66641 0.425025 
0.605285 0.840112 0.0504637 0.224503 1.01526 0 6.93889e-18 0 1.55257 
1.26222 1.41163 1.79935 2.01789 0.0651266 0.22164 0.243441 0.472968 0.61907 
0 1.49968 1.70672 1.76877 1.98822 2.25576 1.1362 1.21522 1.37757 
1.47499 0.86505 1.06955 0.532221 0.469267 0.673429 2.56387 2.63003 2.7053 
2.99455 3.05665 3.09206 3.27844 3.49786 3.4179 3.54008 3.58023 3.6434 
3.72659 3.81756 3.91817 3.86241 3.85775 3.85326 4.73958 4.8566 4.65363 
3.9759 4.06796 3.8989 4.48558 4.39358 4.19767 4.98735 5.10455 5.30431 
5.19618 5.29524 5.2402 4.8712 5.06271 5.24574 5.18257 4.64832 4.3794 
3.84214 4.25551 4.1287 3.99145 3.4945 3.65658 3.43239 3.35521 3.28455 
3.18217 3.10031 2.92956 2.91139 3.14261 2.7777 2.22534 2.46096 2.52828 
0.407076 0.594937 0.785914 1.00853 1.11966 6.93889e-18 2.08167e-17 6.93889e-18 0 
0.201187 1.66121 1.51708 1.37711 1.94406 -1.38778e-17 0.0171356 1.73472e-18 6.93889e-18 
0.151006 0.345781 0.0451969 1.65506 1.88973 1.94538 2.21365 2.50924 1.21445 
1.28564 1.446 1.56459 1.59899 0.790569 0.934869 1.138 0.168904 0.297875 
0.504649 0.642727 2.81068 2.86534 2.92418 3.15909 3.27335 3.27668 3.53308 
3.52046 3.45135 3.52969 3.52153 3.56572 3.62131 3.69572 3.78279 3.77717 
3.80008 4.89015 4.7846 4.66521 3.89366 4.07606 3.96879 4.19988 4.40613 
4.55687 5.14028 5.31568 5.45038 5.38027 4.93524 4.78407 5.08151 5.399 
5.21291 4.66252 4.52876 4.39842 3.88334 3.76788 4.28491 4.03709 3.56438 
3.68431 3.39518 3.52097 3.28329 2.92071 2.80011 2.68601 3.16367 3.0443 
2.14501 2.24182 2.3184 2.32905 2.40981 0.386499 0.520894 0.665281 0.758743 
0.895239 1.01629 1.12006 1.24423 3.46945e-18 0.205652 0.0210575 1.78028 1.64123 
1.40922 1.99975 -3.46945e-18 5.20417e-18 -1.04083e-17 0 3.46945e-18 -6.93889e-18 1.82849 
2.09855 2.16188 2.45817 2.76095 1.27725 1.34235 1.48454 1.63068 1.68942 
1.7648 0.792459 0.859554 0.993972 1.19663 -1.38778e-17 0.0673835 0 0.169752 
0.378345 0.510035 0.686317 0.470822 3.04772 3.08799 3.13544 3.39952 3.48702 
3.53966 3.55415 3.54851 3.56817 3.5361 3.51103 3.49553 3.51237 3.54578 
3.59775 3.68381 3.70433 3.77258 5.03932 4.9332 4.70911 4.83125 3.87173 
3.98489 4.1252 4.26401 4.42586 4.62288 5.29108 5.19374 5.50687 5.61935 
5.4492 5.01696 4.79247 5.30258 5.48603 5.16236 4.5503 3.81668 4.18653 
4.31614 4.45136 3.94663 4.12987 3.66736 3.5114 3.44903 3.34089 3.62111 
2.67781 2.94896 3.15557 2.01306 2.12478 2.19856 2.17095 2.10575 2.36306 
0.368316 0.547947 0.693788 0.803806 0.926478 1.01958 1.03236 1.16345 -3.46945e-18 
0.0364999 0.220349 3.46945e-18 -3.46945e-18 1.7958 1.52347 1.2567 2.02631 2.326 
2.39815 2.70823 3.00481 1.33708 1.41861 1.55405 1.73559 1.85621 1.94532 
0.85121 0.916325 1.04668 1.27214 6.93889e-18 -6.93889e-18 6.93889e-18 -6.93889e-18 0.0449589 
0.263173 0.534243 0.761275 0.509635 0.428688 0.254797 3.26441 3.29724 3.30532 
3.61491 3.58377 3.53265 3.59137 3.54381 3.57405 3.50781 3.48906 3.49396 
3.48606 3.51549 3.53723 3.57105 3.62922 3.66374 3.79818 4.97637 5.09765 
4.87701 3.90102 4.02057 4.18709 4.6341 4.54046 4.36083 4.77412 5.24067 
5.36786 5.55935 5.75547 5.6699 4.8827 5.0556 4.71016 5.23238 5.56535 
5.41541 4.59426 3.80777 4.53215 4.41321 4.26306 4.04346 3.90585 4.17482 
3.74242 3.34784 3.54918 3.72688 2.54787 2.75482 3.00851 2.87469 3.12721 
1.82426 1.92265 2.02691 1.93734 1.8021 2.15138 1.91495 2.29423 0.289921 
0.36887 0.596185 0.772568 0.897557 0.993055 0.918919 0.975492 1.04083e-17 3.46945e-18 
0.189006 0.0357732 3.46945e-18 1.63334 1.37282 1.08811 2.24278 2.56461 2.6428 
2.9528 3.23048 1.48046 1.69801 1.96483 2.05084 2.15025 0.900335 0.950751 
1.11288 1.37544 0 1.38778e-17 6.93889e-18 0.0700338 -6.93889e-18 0.614969 0.798721 
0.326932 0.227203 0.436919 0.180622 3.45695 3.45632 3.659 3.70736 3.70518 
3.65609 3.70825 3.63657 3.6633 3.61829 3.55802 3.5915 3.52488 3.52097 
3.50171 3.49865 3.50697 3.53374 3.55067 3.60128 3.68941 3.80548 5.14578 
5.05129 4.92492 3.94144 4.30517 4.10812 4.82273 4.46837 4.61572 4.73005 
5.40075 5.67134 5.76303 4.74322 4.98896 5.30234 5.15263 5.49691 3.82276 
4.67844 4.5691 4.5283 4.31469 4.15658 4.00018 3.86229 3.34223 3.22847 
3.51883 3.67455 2.4796 2.72557 2.93143 3.08126 1.74111 1.78384 1.72693 
1.52539 1.62071 2.08882 1.71801 1.94833 2.15011 0.178214 0.2579 0.475583 
0.638978 0.719888 0.780509 0.83931 0.675982 0.813684 -6.93889e-18 0.0421977 -6.93889e-18 
1.52894 1.20455 0.916474 2.47413 2.80761 2.88725 3.1822 3.42194 1.62455 
1.89317 2.19327 2.27945 2.37572 0.882909 1.03078 1.28257 1.54349 -1.38778e-17 
0.0247688 0.487967 0.645802 0.0728661 0 0.301367 0 3.60672 3.77084 
3.7089 3.77363 3.77768 3.77797 3.76016 3.64866 3.59144 3.61691 3.56984 
3.5581 3.60348 3.54171 3.55658 3.59183 3.7523 5.33075 5.20708 5.11045 
3.97522 3.86138 4.16499 4.34456 4.88629 5.01252 4.55599 4.80199 5.50301 
5.83721 5.71759 5.6894 5.88884 4.85055 5.03226 5.22277 5.40873 5.60608 
4.72626 4.40495 4.5416 4.69742 4.27782 4.09206 4.00166 3.91821 3.78297 
3.30579 3.46003 3.59719 2.32721 2.56064 2.76595 3.13869 2.98863 2.87137 
1.58803 1.26606 1.3784 1.33636 1.47516 1.54476 1.89147 1.68445 2.05011 
0.10357 0.369902 0.568097 0.592044 0.665195 0.419769 0.457578 0.569747 0.671853 
-6.93889e-18 6.93889e-18 1.18228 0.992446 0.75901 2.71247 3.04883 3.12755 3.38657 
3.54866 1.819 2.11573 2.43081 2.5158 2.61126 0.753243 0.963272 1.21483 
1.46859 1.74507 -1.04083e-17 1.04083e-17 0.397657 0.542764 3.46945e-18 6.93889e-18 0 
0.147772 3.6722 3.74774 3.80573 3.81517 3.68195 3.8375 3.77868 3.83639 
3.64243 3.65348 3.6509 3.59553 3.63327 3.6172 3.6273 3.65931 3.8105 
5.40593 5.17627 5.30857 4.0687 3.92841 4.22353 4.38068 5.08078 4.7175 
4.59863 4.98801 4.8771 5.61543 5.78822 5.92205 5.84626 5.71276 4.97222 
5.13521 5.32044 5.52021 5.38403 4.84418 4.30823 4.18634 4.71268 4.45585 
3.97508 3.8825 3.78639 3.25133 3.37108 3.61363 3.45329 2.21652 2.51839 
2.70518 3.02414 2.78874 1.10464 1.12593 1.30373 1.13314 1.38788 1.50243 
1.83393 1.66537 1.9103 6.93889e-18 0 0.168998 0.184314 0.267161 0.354058 
0.449602 0.540933 1.00262 0.851585 0.642022 2.94443 3.26578 3.38244 3.54867 
2.04196 2.35451 2.67264 2.75063 2.84141 0.487691 0.707805 0.843621 1.03284 
1.17989 1.3994 1.67054 1.96801 0.392211 0.214355 -6.93889e-18 6.93889e-18 3.65266 
3.71703 3.77589 3.82306 3.84693 3.85952 3.78174 3.83757 3.69977 3.69709 
3.73303 3.69004 3.6944 3.70691 3.7059 3.72951 3.84851 5.47944 5.38136 
4.18396 3.97644 4.47298 4.32608 5.27608 5.15377 4.77222 4.72185 5.04053 
4.9644 5.69635 5.91119 5.60811 5.01708 5.19351 5.07064 5.26395 4.22022 
4.08532 4.78284 4.60278 4.40707 3.75148 3.87157 3.68854 3.15587 3.25745 
3.51049 3.32217 2.09681 2.40895 2.60523 2.86316 2.9193 2.68172 0.993687 
1.24873 1.01006 1.03818 1.1651 1.3233 1.47797 1.58166 1.73691 1.81851 
-3.46945e-18 0.0239249 0.0477136 0.136445 0.232015 0.324476 0.430632 0.769151 0.920191 
0.573537 3.15227 3.45631 3.54085 2.28135 2.6007 2.91436 2.97913 3.05314 
0.281298 0.212292 0.481704 0.695868 0.809986 0.953721 1.20922 1.31031 1.58835 
1.88897 2.20458 0.0896223 0 3.73197 3.74885 3.79105 3.81485 3.84686 
3.84507 3.81532 3.75403 3.73916 3.837 3.79777 3.78313 3.77891 3.78535 
3.79433 5.60294 5.45317 4.28537 4.0772 3.94989 4.6034 4.43697 5.31909 
5.23143 4.78348 4.89632 5.04834 5.16077 5.89548 5.82843 5.61374 5.7186 
5.36721 4.89099 4.9468 5.0189 5.07309 3.98783 4.13233 4.65723 4.24563 
4.44484 3.59937 3.68285 3.5667 3.77434 3.05241 3.13001 3.37963 3.15663 
1.9916 2.25271 2.47284 2.84508 2.74121 2.59091 1.12785 1.07995 0.940996 
1.22653 1.37848 1.66939 1.55147 1.44683 1.79246 1.04083e-17 0 6.93889e-18 
6.93889e-18 -3.46945e-18 0.0240922 0.0980339 0.197316 0.339979 0.773954 0.536534 3.29913 
3.65728 3.66342 3.52272 2.52953 2.84472 3.16246 3.19664 3.25369 0 
0 0.219276 1.38778e-17 0.403494 0.609996 0.724803 0.862746 1.11821 1.39823 
1.49515 1.80194 2.12163 2.44307 0 -1.38778e-17 3.76253 3.79619 3.76941 
3.78406 3.78803 3.8222 3.81684 3.80692 3.7941 3.76909 3.93743 3.89319 
3.87664 3.86543 3.85844 3.84406 5.66184 5.48627 4.20027 4.34611 4.06461 
4.73619 4.5035 5.31903 5.43016 4.98432 5.25503 5.65701 5.64589 5.4924 
5.41326 5.52707 5.20054 4.71956 4.79368 4.98531 4.85902 3.89169 3.97568 
4.50206 4.0493 4.26291 3.53614 3.45114 3.57793 3.67233 2.9403 2.99525 
3.24794 2.98619 3.0093 1.87078 2.13726 2.39831 2.73468 2.61547 1.17006 
1.12968 1.06222 0.989699 1.31491 1.23559 1.63901 1.45859 -6.93889e-18 -3.46945e-18 
6.93889e-18 -6.93889e-18 0 3.46945e-18 0.0629635 0.272892 0.719934 0.909273 0.547278 
3.72976 3.76364 3.71219 3.40869 3.6865 3.59885 2.79162 3.03809 3.27748 
3.39592 3.40398 -6.93889e-18 6.93889e-18 0.22078 0.342701 0.52086 0.599439 0.783237 
1.03721 1.30507 1.61015 1.708 2.03512 2.35915 2.6358 3.79316 3.76997 
3.76202 3.75343 3.78689 3.78428 3.78252 3.81869 3.78108 4.00206 4.00887 
3.96916 3.9447 3.91665 3.88066 5.6658 5.59082 4.33185 4.13744 4.91489 
4.78687 4.62017 4.49264 5.5284 5.19409 5.09323 5.42713 5.36898 5.4358 
5.43246 5.30093 5.27729 5.01844 4.68196 4.55946 4.74355 3.74155 3.8368 
4.38368 3.85768 4.16921 3.37097 3.45522 3.5083 2.82112 2.88125 3.12305 
2.8558 2.80637 2.89966 1.72568 1.79171 2.04456 2.25742 2.41757 2.5146 
2.61563 1.16494 1.21735 1.10511 1.07753 1.35681 1.28204 1.25151 1.49552 
1.60738 -1.38778e-17 6.93889e-18 0 6.93889e-18 0.266164 0.776094 0.896851 1.03746 
0.506081 0.723488 3.78794 3.78137 3.78008 3.76191 3.74619 3.58155 3.73666 
3.06961 2.93903 3.25078 3.45606 3.48286 0 0.152955 0.301126 0.427825 
0.356941 0.539219 0.655687 0.839724 0.992343 1.21915 1.51154 1.84348 1.94314 
2.28541 2.61712 3.7597 3.73345 3.72175 3.74908 3.74796 3.75417 3.8382 
3.78597 4.08998 4.13953 4.04993 4.0093 3.96396 3.91377 5.42793 4.42595 
4.26459 4.99932 4.91254 4.75566 4.60614 5.2926 5.27029 5.29092 5.20633 
5.22788 5.22687 5.21412 5.19711 5.20528 5.0653 5.04356 4.78892 4.83692 
4.44718 4.5063 4.61566 3.60748 3.6118 3.77065 4.01309 4.20602 3.22423 
3.27674 3.34209 2.7082 2.98358 2.72115 2.6695 2.69349 2.75545 1.90991 
1.74496 1.65081 2.07615 2.26245 2.39732 2.48522 1.14457 1.20415 1.44297 
1.30235 1.25257 1.22319 1.5323 3.46945e-18 3.46945e-18 0.192812 0.446567 0.93869 
1.0289 1.13373 0.683126 0.894925 3.76772 3.78411 3.79291 3.799 3.71626 
3.62355 3.78652 3.80886 2.89641 3.24939 3.43584 3.57068 -6.93889e-18 0.0520029 
0.196199 0 0.0940261 0.322109 0.511772 0.605003 0.755318 1.00965 1.1204 
1.41143 1.73855 2.09415 2.19618 2.55055 3.75123 3.71109 3.72223 3.70028 
3.71517 3.71366 3.73192 3.86141 3.79383 4.21957 4.17043 4.11906 4.06545 
4.00901 3.95094 5.14826 4.52569 4.36392 5.11204 5.02242 4.82146 4.66853 
5.08442 5.07026 5.13601 5.08827 4.97721 5.00988 4.9917 4.95716 4.83441 
4.80797 4.59916 4.61391 4.32531 4.37396 3.42382 3.44138 3.59077 3.82894 
4.07894 3.04584 3.13554 3.16767 2.56162 2.80941 2.57678 2.53893 2.56285 
2.59247 1.79036 1.99536 1.5754 2.13597 2.21703 2.2718 2.35895 1.38754 
1.17368 1.21455 1.15432 1.73472e-18 0.0230631 0.260635 0.458906 1.03475 0.65284 
0.860446 3.74895 3.77192 3.80247 3.8187 3.75944 3.67627 3.81744 2.81649 
3.14862 3.40987 3.57366 0 6.93889e-18 -1.38778e-17 0.0571053 -6.93889e-18 0.244801 
0.410225 0.455605 0.577059 0.857627 0.803653 0.895917 0.949491 1.03371 1.23756 
1.31072 1.63033 1.98381 2.35491 2.45965 3.75407 3.70471 3.72316 3.69912 
3.69257 3.70559 3.69051 3.71394 3.89552 3.81258 4.30592 4.2448 4.18309 
4.12073 4.05816 3.99823 4.93408 4.64668 4.46035 5.04842 5.04837 4.95679 
4.80433 4.82021 4.9297 4.90204 4.82026 4.75825 4.72295 4.78493 4.79136 
4.68133 4.59427 4.56506 4.38972 4.37347 4.37666 4.23826 4.13682 3.35564 
3.21928 3.42058 3.73534 3.96059 2.9069 3.04481 2.92226 2.43301 2.65154 
2.43418 2.41557 2.45277 1.63293 1.73918 1.94106 2.08836 1.40899 1.48567 
2.11512 2.13659 2.19267 2.21818 1.26805 1.04055 1.04819 1.10748 -1.04083e-17 
-1.38778e-17 6.93889e-18 0.192551 6.93889e-18 0.483515 0.722631 0.907798 3.72948 3.76183 
3.79775 3.81626 3.76608 3.80794 3.82214 2.72288 3.06771 3.37273 3.62611 
3.73081 -6.93889e-18 0.110525 6.93889e-18 -6.93889e-18 0.28661 0.178413 0.356011 0.459583 
0.622241 0.908605 0.905726 0.891636 1.19532 1.36593 1.51605 1.86488 2.23999 
2.61757 3.77163 3.73946 3.71881 3.69017 3.69481 3.69001 3.69954 3.94441 
3.84714 4.38714 4.31626 4.24726 4.17981 4.11606 4.05857 4.71706 4.54748 
4.80972 4.93322 4.89128 4.58194 4.56181 4.70023 4.5958 4.58132 4.50827 
4.54958 4.42843 4.42358 4.34385 4.31311 4.15867 4.15811 4.12675 3.99387 
3.12596 3.23164 3.32339 3.56646 3.74483 2.71933 2.8392 2.26917 2.53128 
2.27511 2.35844 1.56924 1.66002 1.84073 2.0105 1.32766 1.40367 2.07498 
2.07725 2.05057 2.08165 1.16213 0.905666 0.94193 0.98799 3.46945e-18 0 
0.265623 0.569672 0.789644 3.73574 3.71516 3.75288 3.7869 3.81159 3.8092 
3.82892 3.83512 2.97594 3.29598 3.5937 3.79401 3.79461 -6.93889e-18 0 
6.93889e-18 0 0.144673 0.286883 0.438859 0.494013 0.738245 1.05119 1.3808 
1.54768 1.72256 2.1087 2.50014 2.87466 3.80775 3.77846 3.75898 3.70906 
3.70682 3.71215 4.00843 3.89901 4.46493 4.38834 4.31505 4.24639 4.18568 
4.13357 4.80251 4.62778 4.53069 4.69906 4.89384 4.72323 4.32978 4.4609 
4.4899 4.38268 4.3347 4.26261 4.28289 4.29989 4.17674 4.08578 4.05246 
3.94453 3.91685 3.93058 3.87119 3.76016 2.88458 3.04566 3.34323 3.2107 
3.10537 3.5438 2.5597 2.69207 2.1015 2.15209 2.25094 2.39904 1.48386 
1.5402 1.73171 1.93412 1.23196 1.3061 1.93044 1.95537 1.94147 1.03686 
0.771108 0.777513 0.863057 0 0.0429032 0.326041 0.573147 3.73052 3.72415 
3.74361 3.77796 3.81522 3.84749 3.84566 3.20965 3.46364 3.78655 3.69321 
3.87604 3.8946 3.86831 6.93889e-18 0 0.133314 0.314838 0.113693 0.332875 
0.539355 0.691286 0.796501 0.981158 1.25646 1.58851 1.75146 1.93525 2.34383 
2.75095 3.12089 3.86324 3.83645 3.81683 3.74726 3.74156 3.74183 4.08579 
3.9668 4.54412 4.46565 4.38952 4.32242 4.27016 4.22933 4.83748 4.71396 
4.25556 4.47472 4.58855 4.07522 4.09143 4.28623 4.18407 4.17469 4.03713 
4.11686 4.05386 3.9217 3.91422 3.82399 3.76704 3.74241 3.71624 3.66965 
3.62049 3.52743 2.74146 2.8871 3.36348 3.16356 2.99565 2.473 1.97005 
2.04052 2.27564 2.13058 1.35421 1.38628 1.572 1.76164 1.12379 1.17185 
1.79529 1.79979 0.885465 0.943668 0.669181 0.575221 0.756703 6.93889e-18 6.93889e-18 
-1.38778e-17 0.115743 0.372223 3.74767 3.76053 3.76993 3.79451 3.81919 3.88162 
3.85955 3.43605 3.87799 3.64466 3.89051 3.93368 3.92051 0 0.185536 
6.93889e-18 -1.73472e-18 0 0.128999 0.309553 0.46727 0.613458 0.697862 0.819876 
0.910384 1.08134 1.20622 1.46202 1.80855 1.9705 2.1536 2.56525 2.95981 
3.31472 3.93425 3.90909 3.88817 3.80212 3.792 3.78649 4.16552 4.04613 
4.63122 4.55736 4.46287 4.4112 4.37348 4.26622 4.35449 4.54321 4.79059 
3.95404 4.16143 4.32321 4.29466 3.88932 3.89572 4.03031 3.95174 3.78813 
3.73545 3.87598 3.82617 3.72362 3.73218 3.57914 3.53375 3.52393 3.47898 
3.42645 3.38752 3.33689 3.34614 2.66804 2.5406 2.7026 3.18502 2.95015 
2.97887 2.7665 2.37807 1.84994 1.94358 2.16682 1.20512 1.23503 1.41392 
1.59738 0.989717 1.02499 1.62492 1.66396 0.760415 0.797038 0.535482 0.437823 
0 0 0.176087 3.78779 3.78665 3.78207 3.79375 3.81564 3.91338 
3.8941 3.86043 3.97592 3.42781 3.84338 3.61913 3.95625 4.0011 3.96775 
1.73472e-18 -1.38778e-17 0.0830805 0 0.243488 0.341206 0.518535 0.606935 0.300837 
0.727449 0.938669 0.884724 1.0535 1.2792 1.35789 1.67529 2.04009 2.19901 
2.37732 2.77929 3.14509 4.01704 3.99211 3.96994 3.87052 3.85566 3.84535 
4.25532 4.13658 4.73239 4.57752 4.65818 4.54802 4.5181 4.42341 4.34183 
4.3596 4.23897 4.49749 3.63983 3.85647 4.06739 3.99001 3.64835 3.6431 
3.74024 3.64052 3.52919 3.42379 3.63131 3.50645 3.38228 3.2754 3.30034 
3.24068 3.19134 3.16563 3.20735 3.13696 2.43494 2.47098 2.53391 2.9851 
2.7639 2.74547 2.54299 1.7215 1.77418 1.94628 2.01604 2.20114 1.05694 
1.09163 1.26852 1.44536 0.836184 0.871721 1.48412 1.53113 0.568563 0.625925 
0.301052 0.448909 0.248758 0 0 3.81071 3.84371 3.82062 3.80565 
3.83967 3.93108 3.8986 3.87844 4.02971 4.01824 3.31555 3.96866 3.82825 
3.4505 3.67655 4.01258 3.97597 6.93889e-18 0.135564 0 -6.93889e-18 0.386591 
0.66747 0.64794 0.505743 0.0306039 0.244804 0.80769 1.00773 1.21518 1.50303 
1.5747 1.91148 2.27428 2.42796 2.59986 2.98034 4.1099 4.08306 4.06008 
3.94922 3.93031 3.91446 4.35733 4.25209 4.46535 4.5551 4.40772 4.36238 
4.25023 4.17659 4.13059 3.91005 4.20794 3.31696 3.53876 3.76152 3.67687 
3.46183 3.41547 3.36778 3.49703 3.44144 3.33312 3.21272 3.09759 3.33897 
3.24015 3.06889 3.0521 3.06357 3.00053 2.95709 2.93976 2.88876 2.27776 
2.30784 2.31247 2.69327 2.52008 2.47541 2.29152 1.58162 1.62469 1.81775 
1.85677 2.06455 0.909182 0.947101 1.12964 1.30702 0.667301 0.709826 1.34966 
1.39194 0.395698 0.342114 0.437638 0.118989 0.0612791 6.93889e-18 3.84538 3.90069 
3.88059 3.84168 3.86875 3.86446 3.92773 3.89489 4.03536 3.15521 3.94862 
3.91283 3.92437 3.98196 3.81166 3.28484 3.50842 3.61137 4.01231 3.98118 
0 0.326718 0.705297 0.313748 0.557089 0.681731 0.356726 -3.46945e-18 0 
0.144652 0 -1.73472e-17 0.84588 0.966052 1.14041 1.33488 1.51101 1.73741 
1.81767 2.14694 2.4887 2.6414 2.80865 4.20309 4.18115 4.16027 4.03731 
4.01409 3.99115 4.09294 4.27378 4.30647 4.21057 4.15023 4.07117 3.99734 
3.9411 3.89911 3.74528 3.95541 3.60118 2.9998 3.22453 3.45079 3.3893 
3.21647 3.11149 3.11128 3.24264 3.13016 3.00343 2.88083 2.77786 3.04544 
2.95876 2.81997 2.81313 2.75314 2.70807 2.62021 2.08834 2.08459 2.06304 
2.41464 2.25158 2.19914 2.02769 1.43545 1.45901 1.65293 1.66172 1.87125 
0.756091 0.985591 0.788514 1.17058 0.481069 0.537283 1.20922 1.23022 0.157502 
0.188917 0.22478 0 0 0 -6.93889e-18 6.93889e-18 3.96929 3.91417 
3.89493 3.88369 3.89657 3.95591 3.90757 3.86552 3.98317 2.98542 3.83969 
3.82956 3.74824 3.79541 3.64921 3.05982 3.25388 3.38671 3.44298 3.88753 
0.198916 0.38071 0.758033 0.631223 0.155803 0 0 0.945119 1.00894 
1.2906 1.13848 1.34138 1.56109 1.79355 1.99901 2.29544 2.5632 2.81729 
4.30149 4.28952 4.15554 4.13514 4.09538 3.9367 3.86914 4.06357 4.22968 
3.97404 3.894 3.82486 3.76682 3.71932 3.68253 3.57047 3.73095 3.37348 
2.7057 2.93128 3.16057 3.1368 2.93086 2.88673 2.83093 2.92575 2.79316 
2.66488 2.55807 2.48405 2.71929 2.70774 2.70516 2.56922 2.54046 2.5524 
2.49049 2.41678 2.34938 1.8638 1.84235 1.81233 2.14119 1.98202 1.93144 
1.77318 1.3037 1.2511 1.45856 1.45241 1.65297 0.609041 1.02716 0.824712 
0.574276 0.27299 0.357962 1.06274 1.06228 1.12016 -6.93889e-18 -6.93889e-18 0 
0 3.46945e-18 0 3.76622 3.57957 3.77386 3.86332 3.77453 3.83927 
3.72953 3.64404 3.59311 3.71525 3.65283 3.61915 3.57945 3.49541 3.44054 
2.77974 2.96071 3.15602 3.23229 3.2452 3.65877 0 0.144976 0.442302 
0.861119 0.788882 -1.73472e-18 1.38778e-17 1.04452 1.20625 1.35015 1.39531 1.67546 
1.8519 2.06904 2.31482 2.5126 4.09048 4.03917 3.91401 4.00024 3.83247 
3.6498 3.6547 3.85188 3.72906 3.66277 3.60403 3.5531 3.50928 3.47409 
3.45035 3.15833 2.44849 2.67217 2.90182 2.91219 2.66671 2.60691 2.51046 
2.583 2.44864 2.33789 2.26478 2.23003 2.37583 2.4905 2.44458 2.3456 
2.28886 2.28591 2.22125 2.15427 2.08164 1.63312 1.60854 1.58229 1.87951 
1.72684 1.68132 1.53713 1.06949 1.06802 1.2578 1.24705 1.43586 0.879286 
0.655854 0.412516 0.33291 -1.73472e-18 0.0297289 0.129665 0.939111 0.931645 0.961189 
3.45222 3.37823 3.53678 3.24174 3.68763 3.48717 3.58153 3.46432 3.37209 
3.30048 3.44244 3.39093 3.4354 3.2063 3.24121 3.20209 2.65705 2.9687 
2.74369 3.03657 3.05153 3.05638 3.40144 -1.38778e-17 6.93889e-18 0.0561114 0.216926 
0.363581 0.62854 0.984096 0.915307 1.08778 1.11664 1.23569 1.18303 1.42801 
1.65547 1.87324 2.08496 2.27044 2.39742 3.83018 3.78811 3.66494 3.74348 
3.55564 3.35038 3.44248 3.62697 3.51222 3.45406 3.39689 3.34612 3.30334 
3.26929 3.35757 3.18785 2.95411 2.23208 2.45009 2.67631 2.71315 2.38423 
2.29973 2.17583 2.23638 2.11418 2.04273 2.01807 2.0187 2.03678 2.23061 
2.16783 2.08943 2.02646 2.02028 1.95722 1.8949 1.82357 1.41422 1.39482 
1.39533 1.63933 1.48613 1.45265 1.28767 1.05666 0.847409 0.909261 1.04683 
1.22923 0.728796 0.48048 0.235939 0.178233 3.46945e-18 3.46945e-18 -6.93889e-18 -1.04083e-17 
3.46945e-18 0 0.744372 3.12868 3.21583 3.31322 3.05688 2.88915 3.17663 
3.3178 3.1826 3.07743 2.98319 3.18146 3.26083 3.13179 2.94 2.95386 
3.09821 2.93583 2.46536 2.8791 2.72934 2.48298 2.86783 2.83748 3.16707 
-3.46945e-18 6.93889e-18 0.114625 0.312694 0.528677 0.785287 1.04404 1.23049 1.33333 
1.51324 1.66211 1.84775 2.05094 2.17166 2.22947 3.59009 3.53593 3.40912 
3.47652 3.269 3.04585 3.23203 3.40351 3.32334 3.25103 3.19006 3.13378 
3.09792 3.07134 3.22378 3.02504 2.77598 2.05629 2.26445 2.48238 2.53507 
2.0909 1.98636 1.85635 1.90415 1.79073 1.81777 1.82012 1.83508 1.72188 
1.96322 1.8932 1.8327 1.77099 1.76242 1.70357 1.65275 1.57939 1.20358 
1.18387 1.44218 1.25756 1.22829 1.07802 1.0859 0.847768 0.61751 0.663648 
0.722501 1.0277 0.848193 0.528231 0.626858 0.301309 0 0 0.0472022 
0 0.545998 0.481043 2.81044 3.08552 2.85729 2.56568 2.6002 2.90067 
2.98007 2.75763 2.78015 2.68833 2.9472 2.90997 2.70058 2.67872 2.64351 
2.72874 2.71165 2.23474 2.64936 2.38492 2.18067 2.60614 0 0 
0.13482 0.325528 0.481084 0.639677 0.783019 0.983259 1.13019 1.21458 1.19323 
1.3656 1.56194 1.65945 1.79336 1.97038 2.03046 2.02906 3.35089 3.27947 
3.15083 3.20372 2.98152 2.75047 3.02387 3.17921 3.11079 3.04393 2.97399 
2.89669 2.91662 2.88716 2.86545 2.60176 1.93398 2.11252 2.31249 2.36711 
1.80612 1.69888 1.56786 1.60246 1.65497 1.51068 1.65694 1.64573 1.79626 
1.64142 1.43464 1.71375 1.63768 1.5919 1.53652 1.51363 1.46932 1.45601 
1.32013 0.97132 0.944803 1.01731 0.993213 1.12066 0.885546 0.911281 0.630043 
0.415848 0.355654 0.50879 0.574438 0.840204 0.65201 0.0701481 0.25969 -6.93889e-18 
6.93889e-18 6.93889e-18 0.382945 0.330884 2.51852 2.63226 2.29677 2.33019 2.36769 
2.73347 2.47036 2.52169 2.52202 2.41367 2.48395 2.44858 2.42685 2.39432 
2.47873 2.01494 2.22986 2.12342 1.87917 -6.93889e-18 0 0.24406 0.481003 
0.613654 0.658513 0.798502 0.997374 1.11718 1.08916 1.31397 1.52106 1.68867 
1.84932 1.87637 1.77206 3.1097 3.02279 2.90076 2.93364 2.70405 2.47941 
2.81612 2.95314 2.90277 2.83736 2.7461 2.77775 2.63987 2.76291 2.72841 
2.78454 2.6681 2.43174 1.84363 1.98605 2.1583 2.19847 1.54357 1.47102 
1.282 1.33584 1.54728 1.4336 1.28993 1.50783 1.45907 1.73142 1.62661 
1.42114 1.16083 1.51463 1.38116 1.34391 1.32232 1.27649 1.24361 1.10063 
0.749001 0.817901 0.730736 0.796305 0.859165 0.824022 0.947592 0.705648 0.698999 
0.413692 0.341665 0.21805 0.0231042 0.143851 0.674688 0.45634 -6.93889e-18 0 
0.10597 0.185508 0.146479 2.26014 2.08107 2.0847 2.12121 2.15826 2.20645 
2.25729 2.29358 2.27775 2.23947 2.19385 2.24476 2.21765 1.99004 1.75946 
1.64253 1.64358 0 0.0931821 0.331699 0.452854 0.601244 0.617442 0.879722 
1.09778 1.48301 1.33745 1.68057 1.54118 1.56035 2.87173 2.77256 2.68664 
2.67608 2.43958 2.25453 2.58499 2.72319 2.72655 2.62672 2.51065 2.66341 
2.53808 2.3613 2.59274 2.66277 2.54675 2.41274 2.24133 1.73541 1.87693 
2.00538 2.01675 1.2898 0.971964 1.11452 1.07394 1.33206 1.08846 1.22965 
1.58905 1.09571 1.25704 1.48838 0.895749 1.15347 1.20894 1.14507 1.14415 
1.13482 1.03052 1.00948 0.900899 0.571218 0.480515 0.466686 0.635585 0.498839 
0.715013 0.454316 0.211933 0.0116354 -3.46945e-18 -3.46945e-18 0 -1.04083e-17 0 
0 0.270998 0 6.93889e-18 0 0 0 1.98964 1.82514 
1.91704 1.92623 1.96599 2.01164 2.03304 2.10314 2.01472 2.04148 1.97424 
2.0245 1.78411 1.55444 1.42491 0 0 0.20291 6.93889e-18 0.430001 
0.724911 0.784612 0.912868 1.09168 1.25142 2.66166 2.48718 2.42288 2.15009 
2.3538 2.44206 2.4744 2.532 2.41099 2.30026 2.43673 2.08162 2.17077 
2.26452 2.39833 2.30992 2.19251 2.03744 1.6531 1.81437 1.80159 1.08226 
0.740751 0.666891 0.929849 0.853954 0.913177 0.802171 0.988906 0.824394 1.01271 
0.926567 1.14154 1.37316 1.62289 0.636471 0.893933 1.03492 0.940671 0.974059 
0.808078 0.869299 0.84158 0.712525 0.399173 0.206532 0.255712 0.133098 0.43844 
0.509191 0.204745 0.23666 0.440027 0 1.73472e-18 -5.20417e-18 0 1.91115 
1.77696 1.74382 1.61319 1.58898 1.67923 1.76976 1.7678 1.85531 1.81259 
1.86478 1.78449 1.80107 1.83168 1.6045 1.40462 1.34332 1.17778 0 
0.180026 0.388161 0.614901 0.910931 0.834336 0.999066 2.30462 2.24775 2.30582 
2.13945 1.95493 2.26393 2.13814 2.34485 2.16232 1.96162 1.8742 1.89032 
2.00231 2.22112 2.07793 1.766 1.86479 1.59421 1.65794 0.545216 0.558073 
0.722969 0.453046 0.37654 0.731015 0.598687 0.502567 0.770761 0.60679 0.552208 
0.778622 0.953219 1.08409 1.27131 1.48191 0.354489 0.54642 0.65245 0.66752 
0.822833 0.688079 0.732432 0.652904 0.5094 0 0 0.0747436 0 
0 0 0 0.296985 0 0 3.46945e-18 0.0370536 0.116767 
0.207983 1.72103 1.55161 1.38637 1.47545 1.46504 1.54636 1.59396 1.65219 
1.64925 1.60993 1.6362 1.56226 1.35761 1.19955 0.997457 3.46945e-18 6.93889e-18 
0.15728 0.403145 0.54992 0.786434 2.08661 2.09142 1.8832 1.9246 2.05656 
1.95767 1.75041 1.70651 1.81215 1.81962 1.50776 1.5795 1.67124 0.345933 
0.340625 0.510047 0.289935 0.151204 0.0605925 0.383647 0.17214 0.229463 0.368879 
0.495332 0.755134 0.912355 0.83299 1.04184 1.1893 1.35262 0.109926 0.414135 
0.511846 0.644746 0.481156 0.454865 0.530489 0.461101 0.265442 0 -6.93889e-18 
-6.93889e-18 1.38778e-17 0 -1.38778e-17 0 6.93889e-18 1.69147 1.50625 1.52624 
1.33012 1.35466 1.15308 1.11927 1.28066 1.36118 1.34702 1.41012 1.44934 
1.48047 1.4114 1.43155 1.19765 1.1497 1.02107 0 0.213721 0.34871 
0 2.77556e-17 0.553492 0.78453 0.988321 1.83606 1.96142 1.84973 1.65833 
1.72266 1.48459 1.51456 1.47761 1.6629 1.24178 1.36911 1.34867 0.106135 
0.0939231 0.185303 0.328251 6.93889e-18 6.93889e-18 -1.38778e-17 1.38778e-17 -1.38778e-17 -6.93889e-18 
1.38778e-17 0 0 0 0.14396 0.189595 0.228482 0.527508 0.64653 
0.805661 0.979851 6.93889e-18 0.160697 0.114691 0.304569 0.23587 0.157869 0.326697 
0 0.0827078 1.46119 1.34481 1.30522 1.17743 1.06097 0.881526 0.938435 
0.950018 1.00433 1.16776 1.23838 1.19739 1.20023 1.26697 1.26417 1.0117 
0 0.194536 0.394915 0.602285 0.77476 1.64686 1.69519 1.62155 1.49209 
1.46844 1.21443 1.30449 1.36591 1.30963 1.31645 1.0115 1.21439 1.27418 
1.13798 0 0 -6.93889e-18 0 0 0 -1.73472e-18 0 
-6.93889e-18 0 -3.46945e-18 0 0.236185 0.470005 0.580755 0.714854 0.794263 
1.73472e-18 -6.93889e-18 -6.93889e-18 1.38778e-17 0.0393511 0 -3.46945e-18 6.93889e-18 0 
-6.93889e-18 6.93889e-18 1.27742 1.14612 1.01715 0.781648 0.631472 0.699429 0.799563 
0.852839 0.759261 0.866455 1.04383 1.06678 0.947714 1.00901 0.808926 0 
-6.93889e-18 0.182142 0.433493 0.650023 1.51293 1.33981 1.14183 1.27502 0.95275 
1.02855 1.19203 1.15274 0.756362 0.902757 6.93889e-18 6.93889e-18 0.15531 0.361748 
0.482289 0.632984 0.648603 0 6.93889e-18 0.967201 1.08149 0.887482 0.517006 
0.645881 0.572944 0.337751 0.484531 0.518113 0.603204 0.705312 0.465449 0.611376 
0.6229 0.790708 0.914396 0.684231 0.772198 0.601691 -6.93889e-18 0 0.155254 
0.365547 1.02603 1.13012 0.764938 1.00974 0.96023 0.625543 0.773843 0.778299 
0.944382 0.529036 -3.46945e-18 0.030098 0.261561 0.307438 0.520547 0.854899 0.729524 
0.728339 0.887709 0.451353 0.28787 0.480918 0.0484572 0.14672 0.0271246 0.306958 
0.378752 0.38636 0.21502 0.29916 0.156761 0.396784 0.505896 0.359391 0.548059 
0.422178 0.475301 0.531115 0 0.029586 0.238097 0.782954 0.881226 0.934825 
0.425051 0.551236 0.47907 0.75104 0.753651 0.366678 0.454202 0.303502 0.553934 
0.664394 0.519194 0.692073 -1.38778e-17 3.46945e-18 1.38778e-17 0.0560219 0.623297 0.777726 
0.536557 0.624059 0.709564 0.310087 0.0824309 0.246684 0.283493 -6.93889e-18 -6.93889e-18 
1.38778e-17 0.164681 1.38778e-17 6.93889e-18 3.46945e-18 -6.93889e-18 0.0406874 0.0983989 -6.93889e-18 
0 0 0.0981858 0.196214 0.350941 0.194243 -3.46945e-18 -3.46945e-18 3.46945e-18 
0 0 0.633532 0.518539 0.734379 0.11201 0.308493 0.312285 0.474046 
0.21979 0.220198 0.491421 0.613453 0.187499 0.258251 0.0705743 0.289123 0.385126 
1.38778e-17 1.38778e-17 0.37383 0.45555 0.493517 0.0871139 -6.93889e-18 1.38778e-17 0.0121136 
0.0842187 0 -6.93889e-18 1.38778e-17 2.77556e-17 -6.93889e-18 1.38778e-17 0 6.93889e-18 
0 6.93889e-18 0.257322 0.201886 0 -1.38778e-17 -1.38778e-17 -6.93889e-18 0.0663671 
0.219628 0 0.0616349 0 0 -6.93889e-18 0 0 6.93889e-18 
0 0.299746 -6.93889e-18 -6.93889e-18 -6.93889e-18 0 0 -1.38778e-17 6.93889e-18 
0 0 0.0623856 0 -6.93889e-18 6.93889e-18 1.38778e-17 3.46945e-18 
METADATA
INFORMATION 0

NORMALS Normals float
0.0822238 0.186763 -0.978958 0.246282 0.352169 -0.902952 0.208567 0.301584 -0.930348 
-0.0356504 0.114106 -0.992829 0.121189 0.323331 -0.938494 -0.0203172 0.0949056 -0.995279 
-0.133426 -0.0477927 -0.989906 0.393751 0.447788 -0.802774 0.281181 0.438969 -0.853372 
0.143993 0.230851 -0.962275 0.314782 0.37754 -0.870848 -0.200071 0.0728687 -0.977068 
-0.0421389 0.281312 -0.958691 -0.25991 -0.119541 -0.958205 0.116585 0.402894 -0.907791 
0.0358461 0.0630624 -0.997366 -0.128714 -0.026036 -0.99134 -0.297469 -0.148353 -0.943135 
-0.366629 -0.282185 -0.886541 0.401996 0.458845 -0.792377 0.408509 0.456619 -0.790329 
0.405524 0.458271 -0.790909 0.368292 0.479334 -0.796618 0.406564 0.452171 -0.793881 
0.319405 0.479154 -0.817553 0.31198 0.48045 -0.819656 0.224062 0.246881 -0.942786 
0.406732 0.439697 -0.800772 0.365569 0.346037 -0.86407 -0.289622 0.170373 -0.941856 
-0.42362 -0.0665212 -0.903394 -0.129845 0.270408 -0.95395 -0.462228 -0.277728 -0.842148 
0.309782 0.476444 -0.822822 0.150975 0.380674 -0.912301 0.222848 0.189963 -0.956166 
0.103688 0.0610806 -0.992733 -0.0781656 -0.0689771 -0.994551 -0.226099 -0.14673 -0.96299 
-0.440251 -0.263419 -0.858365 -0.553132 -0.374074 -0.744388 -0.540864 -0.473909 -0.694893 
0.419584 0.425777 -0.801663 0.418123 0.402219 -0.814489 0.305952 0.257345 -0.916606 
-0.4303 0.0437527 -0.901625 -0.584907 -0.212663 -0.782725 -0.0614985 0.23895 -0.969082 
-0.289974 0.0600515 -0.955149 -0.5921 -0.413665 -0.691592 0.288834 0.474022 -0.831792 
0.297134 0.457288 -0.838212 0.27881 0.439116 -0.854074 0.0533696 0.306675 -0.950317 
0.231024 0.143098 -0.962367 0.0674163 -0.0322895 -0.997202 -0.0999951 -0.153427 -0.983088 
-0.267533 -0.240796 -0.932976 -0.440413 -0.323508 -0.837484 -0.593619 -0.405816 -0.694931 
-0.702981 -0.458634 -0.543574 -0.692678 -0.548851 -0.467931 -0.658341 -0.573031 -0.48808 
0.414894 0.394614 -0.819843 0.365059 0.291958 -0.884021 -0.547726 -0.182659 -0.816475 
-0.678402 -0.389599 -0.622884 -0.683793 -0.438167 -0.58347 -0.176931 0.148806 -0.972909 
-0.37264 -0.0451863 -0.926875 0.302217 0.45541 -0.837417 0.16453 0.409725 -0.897249 
0.291021 0.44379 -0.847559 0.258691 0.438376 -0.860759 -0.104188 0.211073 -0.971902 
0.0544956 0.369781 -0.927519 0.35646 0.180046 -0.916799 0.178265 0.00926749 -0.983939 
-0.0409072 -0.218643 -0.974947 -0.218932 -0.316826 -0.922871 -0.337002 -0.362602 -0.868878 
-0.442137 -0.403084 -0.801273 -0.595402 -0.461697 -0.65752 -0.718362 -0.483366 -0.500313 
-0.777272 -0.5368 -0.328167 -0.773204 -0.585651 -0.243247 -0.724878 -0.628509 -0.282007 
-0.71392 -0.589097 -0.378528 0.421299 0.394974 -0.816396 0.441103 0.32274 -0.837417 
-0.688602 -0.360625 -0.629109 -0.538837 -0.204258 -0.817272 -0.708763 -0.37055 -0.60029 
-0.73133 -0.522226 -0.438676 -0.315671 0.0171174 -0.948714 0.255363 0.437031 -0.862435 
-0.252557 0.112769 -0.960988 -0.088202 0.28296 -0.955068 0.247732 0.435606 -0.865377 
0.0696689 0.378177 -0.923108 0.333403 0.0553822 -0.941156 0.44984 0.200096 -0.870405 
0.142247 -0.100054 -0.984761 -0.25127 -0.466811 -0.84791 -0.227652 -0.440773 -0.868271 
-0.0250572 -0.265963 -0.963657 -0.392804 -0.49412 -0.775597 -0.51593 -0.52878 -0.673949 
-0.636048 -0.556168 -0.534902 -0.731334 -0.523633 -0.436988 -0.788685 -0.529865 -0.311799 
-0.787607 -0.589417 -0.179619 -0.801608 -0.576672 -0.157715 -0.789314 -0.601778 -0.121848 
-0.763069 -0.634755 -0.121703 -0.732505 -0.656616 -0.179698 -0.74789 -0.618194 -0.241862 
0.437278 0.382598 -0.813884 0.449125 0.357998 -0.818611 0.468846 0.326857 -0.820578 
-0.724684 -0.357819 -0.588896 -0.776058 -0.465846 -0.425113 -0.777797 -0.506236 -0.372501 
-0.462673 -0.0843755 -0.882505 -0.650724 -0.236082 -0.721681 -0.283494 0.226402 -0.931865 
-0.442327 0.0528843 -0.895293 -0.103787 0.270499 -0.957109 0.219333 0.34601 -0.912234 
0.219099 0.341812 -0.913871 0.27408 -0.0993575 -0.956561 0.431607 0.0556671 -0.900343 
0.479567 0.311559 -0.820333 0.493621 0.186827 -0.849373 -0.313625 -0.466996 -0.826773 
-0.3779 -0.613025 -0.693824 -0.457552 -0.662175 -0.593439 0.214788 -0.256264 -0.942441 
-0.0534211 -0.406294 -0.912179 -0.466605 -0.646476 -0.603613 -0.555379 -0.642129 -0.528416 
-0.66647 -0.617976 -0.417042 -0.72522 -0.60233 -0.333549 -0.783737 -0.580128 -0.221828 
-0.790572 -0.607623 -0.076089 -0.785688 -0.612757 -0.0849943 -0.794088 -0.606524 -0.0394107 
-0.78271 -0.620939 -0.0424225 -0.756661 -0.653239 -0.0272519 -0.743997 -0.665135 -0.0637479 
-0.751493 -0.651291 -0.105252 -0.780778 -0.598813 -0.17835 -0.811535 -0.460218 -0.360015 
-0.757811 -0.354967 -0.547468 -0.796449 -0.563197 -0.220176 -0.625336 -0.117485 -0.771461 
-0.421514 0.0718645 -0.90397 0.221851 0.335265 -0.915631 0.0795357 0.176204 -0.981135 
-0.188223 0.0854132 -0.978405 0.390549 -0.10758 -0.914275 0.482949 0.0341685 -0.874982 
0.485799 0.307989 -0.818011 0.503427 0.280046 -0.817395 0.504347 0.145758 -0.85111 
-0.266314 -0.574605 -0.77389 -0.513496 -0.727324 -0.455326 -0.334447 -0.61022 -0.718176 
-0.491514 -0.765979 -0.414354 -0.605408 -0.68162 -0.410944 -0.570905 -0.766983 -0.292923 
0.0583748 -0.490039 -0.869744 0.316074 -0.296173 -0.901321 -0.5157 -0.768461 -0.378842 
-0.610363 -0.714042 -0.342929 -0.699147 -0.681243 -0.217031 -0.747818 -0.641413 -0.171341 
-0.787215 -0.616662 -0.00451198 -0.747815 -0.662974 -0.035193 -0.773926 -0.63325 0.00577783 
-0.78189 -0.622742 0.0289907 -0.769376 -0.638744 0.00814793 -0.748288 -0.663258 0.012436 
-0.744407 -0.667684 -0.00752535 -0.755218 -0.654758 -0.0306223 -0.778088 -0.623633 -0.0752419 
-0.819049 -0.541217 -0.190376 -0.802407 -0.527897 -0.278332 -0.601202 -0.254798 -0.757386 
-0.731784 -0.487341 -0.476436 -0.795974 -0.59674 -0.101621 -0.413119 -0.0763406 -0.907472 
0.281444 0.207787 -0.93681 0.289748 0.173322 -0.941279 0.179828 0.110709 -0.977448 
-0.0674004 0.0572704 -0.996081 -0.317033 -0.0463937 -0.947279 0.452173 -0.129541 -0.882473 
0.519122 -0.00793914 -0.854663 0.505952 0.276266 -0.817123 0.495721 0.223495 -0.839232 
0.517809 0.0836162 -0.8514 -0.58285 -0.762585 -0.280624 -0.582629 -0.786976 -0.203006 
0.132716 -0.436259 -0.88998 -0.307963 -0.608141 -0.731658 -0.539273 -0.680779 -0.495707 
-0.593035 -0.767225 -0.244285 -0.639469 -0.747278 -0.180705 -0.6382 -0.762748 -0.104478 
-0.608161 -0.781492 -0.13932 0.399058 -0.30501 -0.864709 -0.600537 -0.779712 -0.177213 
-0.694534 -0.714922 -0.0806737 -0.774366 -0.631731 0.0356926 -0.689904 -0.723888 0.00436486 
-0.732986 -0.678868 0.0432478 -0.756205 -0.651425 0.0616311 -0.764913 -0.64121 0.0613038 
-0.75658 -0.653202 0.0302328 -0.741054 -0.671048 0.0231008 -0.74073 -0.671611 0.0160586 
-0.752413 -0.65867 0.00532513 -0.772398 -0.635053 -0.0103945 -0.793485 -0.60801 -0.0265597 
-0.811093 -0.578819 -0.0842445 -0.790537 -0.571246 -0.220747 -0.796784 -0.592163 -0.120326 
-0.684279 -0.410532 -0.602682 -0.555789 -0.23749 -0.796679 -0.77609 -0.5274 -0.345737 
0.297465 0.128743 -0.946013 0.29448 0.11712 -0.948454 0.203584 0.0959377 -0.974346 
0.00940927 0.0343334 -0.999366 -0.216433 -0.0389946 -0.975518 -0.451355 -0.157842 -0.878274 
0.526682 -0.158 -0.83525 0.548156 -0.102745 -0.830041 0.502087 0.27399 -0.820267 
0.481934 0.268495 -0.834056 0.478156 0.193162 -0.85677 0.513091 0.037018 -0.857535 
-0.62588 -0.777947 -0.0554251 -0.628924 -0.774947 -0.0625424 0.513076 -0.405545 -0.756496 
0.437982 -0.495529 -0.750082 0.119809 -0.613761 -0.780348 -0.213949 -0.646218 -0.732549 
-0.436081 -0.8072 -0.397821 -0.425624 -0.896244 -0.124867 -0.568158 -0.818983 -0.0803987 
-0.628682 -0.776831 -0.0359415 -0.642102 -0.766506 0.0131646 -0.637592 -0.769905 -0.0268777 
0.521325 -0.302618 -0.797899 -0.757882 -0.650756 0.0461727 -0.650158 -0.759522 0.02051 
-0.68619 -0.724679 0.0631224 -0.716502 -0.691823 0.0894755 -0.738215 -0.669331 0.0838755 
-0.74215 -0.667402 0.061549 -0.745589 -0.665853 0.0271463 -0.738327 -0.674281 0.0147831 
-0.739866 -0.672444 0.0204373 -0.751851 -0.659008 0.0206986 -0.772545 -0.634745 0.016497 
-0.792665 -0.60956 0.0109317 -0.803979 -0.594657 -0.00107191 -0.803375 -0.595249 -0.0163461 
-0.805969 -0.589454 -0.0543882 -0.807834 -0.575928 -0.125347 -0.735687 -0.429141 -0.524025 
-0.65265 -0.31669 -0.688299 -0.811966 -0.530903 -0.242597 0.273263 0.130339 -0.953068 
0.272127 0.131864 -0.953184 0.0805729 0.0500454 -0.995492 -0.137522 -0.0331802 -0.989943 
-0.365297 -0.136552 -0.920821 -0.611667 -0.299035 -0.732421 0.600126 -0.328006 -0.729563 
0.562216 -0.129082 -0.816854 0.614951 -0.284012 -0.735644 0.469194 0.258949 -0.844276 
0.466148 0.236291 -0.852568 0.510097 0.101131 -0.854151 0.459935 0.250892 -0.85177 
0.561988 -0.0496177 -0.825656 -0.6436 -0.764668 0.0325717 0.668854 -0.540329 -0.510567 
0.609696 -0.520494 -0.597794 0.308676 -0.788307 -0.532251 0.513971 -0.735266 -0.441834 
-0.0896677 -0.881286 -0.463999 -0.19771 -0.960513 -0.195767 -0.0719955 -0.996038 -0.0522064 
-0.365914 -0.930564 -0.0125343 -0.538628 -0.842015 0.0298454 -0.606749 -0.791714 0.0710172 
-0.627842 -0.772144 0.0980186 -0.642447 -0.764149 0.057773 -0.743241 -0.668475 0.0270883 
-0.652405 -0.753243 0.0836272 -0.678341 -0.72795 0.0997109 -0.680419 -0.723605 0.115869 
-0.707669 -0.699431 0.100003 -0.723338 -0.685321 0.0843641 -0.715131 -0.69688 0.0542776 
-0.726476 -0.686918 0.0194072 -0.739895 -0.672711 0.00390626 -0.743448 -0.668768 -0.00588032 
-0.746031 -0.665783 0.0130807 -0.756521 -0.653494 0.0249263 -0.775826 -0.63029 0.0287781 
-0.797043 -0.603195 0.0296493 -0.810207 -0.585305 0.031364 -0.812514 -0.58198 0.0334649 
-0.809981 -0.58573 0.0291665 -0.810487 -0.585729 0.00569038 -0.81757 -0.573785 -0.0484749 
-0.774812 -0.462761 -0.43072 -0.820177 -0.553351 -0.145299 0.276301 0.131727 -0.952001 
0.151243 0.0694776 -0.986052 -0.0560235 -0.0224536 -0.998177 -0.289451 -0.099985 -0.951957 
-0.508404 -0.224508 -0.831337 -0.73932 -0.315887 -0.59466 -0.766527 -0.422856 -0.483353 
0.632827 -0.428026 -0.645231 0.613628 -0.253791 -0.747697 0.642354 -0.520402 -0.56264 
0.456794 0.262979 -0.849812 0.445739 0.168033 -0.879251 0.450071 0.271907 -0.85059 
0.53106 -0.0780878 -0.843729 -0.645588 -0.75833 0.0902867 0.658641 -0.657789 -0.365385 
0.642572 -0.715832 -0.273288 0.649532 -0.726002 -0.225894 0.214262 -0.949534 -0.229079 
0.511977 -0.829851 -0.22187 0.275764 -0.956276 -0.097424 0.224557 -0.974329 0.016067 
-0.0669504 -0.997066 0.037111 -0.350991 -0.933586 0.0722684 -0.513532 -0.847242 0.135886 
-0.565407 -0.809602 0.157672 -0.604784 -0.78241 0.148561 -0.636906 -0.761966 0.117296 
-0.734723 -0.678262 -0.0119707 -0.653697 -0.74742 0.118506 -0.641143 -0.757282 0.124339 
-0.648746 -0.751143 0.122118 -0.673817 -0.733093 0.092447 -0.703168 -0.706258 0.0821906 
-0.690094 -0.722264 0.0458893 -0.702388 -0.711781 0.00432705 -0.71742 -0.695952 -0.0309546 
-0.742334 -0.669406 -0.028915 -0.756596 -0.653209 -0.0296844 -0.760126 -0.64977 -0.00277307 
-0.769083 -0.638812 0.020753 -0.783621 -0.620265 0.0347898 -0.804005 -0.593279 0.0399495 
-0.819339 -0.57147 0.0458981 -0.824215 -0.56365 0.0544903 -0.820549 -0.568031 0.0635626 
-0.814988 -0.575634 0.0666369 -0.815605 -0.575943 0.0554799 -0.819832 -0.572049 0.0252103 
-0.834967 -0.498354 -0.233395 -0.849998 -0.523806 -0.0559581 0.288426 0.169357 -0.942406 
0.287078 0.178076 -0.941209 0.138905 0.126559 -0.982185 -0.0277354 0.0294749 -0.999181 
-0.210636 -0.043994 -0.976574 -0.500569 -0.143731 -0.853681 -0.446152 -0.0573665 -0.893117 
-0.713851 -0.226248 -0.662744 -0.873241 -0.276976 -0.400917 -0.870386 -0.378338 -0.315102 
0.57819 -0.374799 -0.724722 0.610478 -0.630168 -0.479796 0.595778 -0.720981 -0.353885 
0.419025 0.23141 -0.877991 0.429926 0.224956 -0.87439 0.462791 0.0758491 -0.883217 
0.431532 0.240196 -0.869532 0.528572 -0.111763 -0.841499 0.581788 -0.288231 -0.760557 
0.628683 -0.773019 -0.0848446 0.554921 -0.823899 -0.115121 0.614962 -0.78822 -0.0230523 
0.561669 -0.825077 -0.0614409 0.480854 -0.873381 -0.0773621 0.423095 -0.904261 0.0574743 
0.245509 -0.963864 0.1034 -0.0396765 -0.993606 0.105706 -0.338057 -0.925177 0.172526 
-0.412881 -0.874756 0.253635 -0.525818 -0.830159 0.18534 -0.591309 -0.789723 0.163372 
-0.624729 -0.766938 0.146699 -0.7342 -0.676939 -0.0520114 -0.624699 -0.771507 0.120537 
-0.637558 -0.765834 0.0837723 -0.654287 -0.755281 0.0382001 -0.673197 -0.739411 -0.00876439 
-0.690154 -0.722218 -0.0456946 -0.711671 -0.698743 -0.0726869 -0.75258 -0.656205 -0.0549352 
-0.774247 -0.631514 -0.0416225 -0.778921 -0.626847 -0.0185722 -0.787107 -0.616767 0.00779615 
-0.800659 -0.598116 0.034667 -0.814101 -0.578952 0.0453323 -0.829222 -0.556246 0.0546122 
-0.835754 -0.54524 0.0650314 -0.833832 -0.546578 0.0773128 -0.826118 -0.556264 0.0899909 
-0.821636 -0.561639 0.097345 -0.823437 -0.558782 0.0985584 -0.848451 -0.527365 0.044911 
-0.834801 -0.540593 0.104239 -0.898057 -0.425977 -0.109716 -0.895503 -0.444864 0.0130374 
0.286793 0.195243 -0.937886 0.193599 0.226349 -0.954613 -0.0115773 0.092215 -0.995672 
-0.230215 -0.00733468 -0.973112 -0.670507 -0.109186 -0.733825 -0.436696 -0.0738173 -0.896575 
-0.702996 -0.157682 -0.693493 -0.849615 -0.181029 -0.495362 -0.936045 -0.246106 -0.251498 
-0.929327 -0.326485 -0.172507 0.59786 -0.471726 -0.648104 0.531089 -0.804709 -0.265306 
0.584526 -0.76623 -0.266872 0.58906 -0.538218 -0.602769 0.430218 0.220959 -0.875265 
0.52081 0.149462 -0.840487 0.562058 -0.0110259 -0.827024 0.608568 -0.226864 -0.76038 
0.591953 -0.804294 0.0519953 0.527725 -0.847423 0.0581364 0.543845 -0.83446 -0.0889349 
0.503206 -0.864111 0.00974222 0.533024 -0.842495 0.0780254 0.567295 -0.812998 0.131192 
0.428312 -0.887925 0.167745 0.280244 -0.940717 0.191091 -0.014679 -0.977211 0.211761 
-0.185675 -0.928527 0.321501 -0.0220579 -0.948165 0.317011 -0.342244 -0.915883 0.209829 
-0.581414 -0.799853 0.148975 -0.492108 -0.857043 0.152666 -0.741772 -0.666301 -0.0762715 
-0.591073 -0.802746 0.0789388 -0.617546 -0.783472 0.0693405 -0.622124 -0.782538 0.0244068 
-0.638838 -0.769001 -0.0228723 -0.661297 -0.747885 -0.0579154 -0.68263 -0.726803 -0.075986 
-0.717775 -0.691851 -0.0783663 -0.687096 -0.722488 -0.0768824 -0.768901 -0.637069 -0.0541724 
-0.79188 -0.61015 -0.0253699 -0.797576 -0.60291 -0.0193029 -0.806008 -0.591902 -0.00180879 
-0.817503 -0.575512 0.0218094 -0.824796 -0.56322 0.0499486 -0.830702 -0.55487 0.045309 
-0.839469 -0.54032 0.0578469 -0.846022 -0.52841 0.0709164 -0.845598 -0.527231 0.0836226 
-0.839676 -0.533832 0.0998392 -0.832535 -0.542878 0.110314 -0.831556 -0.542331 0.119968 
-0.84073 -0.52658 0.126039 -0.875027 -0.47582 0.0890088 -0.868592 -0.481008 0.119077 
-0.929643 -0.367919 -0.0199797 -0.909311 -0.409731 0.0726272 0.296293 0.288729 -0.91041 
0.299821 0.337918 -0.892143 0.310541 0.380201 -0.871212 0.27006 0.396941 -0.877215 
0.0851485 0.250932 -0.964252 0.00624736 0.140441 -0.990069 -0.199615 0.0236541 -0.979589 
-0.380369 -0.0256186 -0.92448 -0.609532 -0.106875 -0.785525 -0.813196 -0.141983 -0.564406 
-0.834039 -0.241174 -0.4962 -0.904976 -0.24248 -0.349603 -0.962552 -0.236619 -0.132307 
-0.953242 -0.292215 -0.0770688 0.491626 -0.750329 -0.441939 0.364087 -0.895986 -0.254263 
0.387058 -0.918157 -0.0846944 0.485902 -0.873871 -0.0157618 0.56373 -0.548703 -0.61736 
0.593007 -0.284809 -0.753144 0.451012 0.222593 -0.864315 0.492766 0.252067 -0.832853 
0.514532 0.22637 -0.827051 0.602143 -0.00855163 -0.798343 0.520597 -0.841358 0.145243 
0.467997 -0.879537 0.0859802 0.485923 -0.862666 0.140307 0.512842 -0.841568 0.169581 
0.481287 -0.853282 0.200679 0.351684 -0.897863 0.264878 0.179752 -0.928244 0.325658 
0.240238 -0.947285 0.211985 -0.0873798 -0.982095 0.166897 -0.35362 -0.923761 0.147031 
-0.546591 -0.829657 0.11361 -0.469961 -0.876841 0.10142 -0.752645 -0.655137 -0.0657369 
-0.543409 -0.838208 0.0459735 -0.578298 -0.815824 -0.00147171 -0.603749 -0.797074 0.0127077 
-0.608227 -0.793049 -0.0336633 -0.628729 -0.774848 -0.065662 -0.659921 -0.747397 -0.0768285 
-0.732148 -0.67963 -0.0454144 -0.69055 -0.722188 -0.0398092 -0.656502 -0.751395 -0.0664121 
-0.782998 -0.621984 -0.00709002 -0.767882 -0.640554 -0.00695411 -0.798529 -0.600948 0.0348269 
-0.810953 -0.584977 0.0125416 -0.820888 -0.571029 0.00830392 -0.832773 -0.553367 0.0165603 
-0.845018 -0.533718 0.0330022 -0.843757 -0.533585 0.0579727 -0.854307 -0.517119 0.0524207 
-0.856425 -0.511753 0.0681485 -0.855574 -0.510709 0.0846718 -0.851226 -0.515629 0.0976761 
-0.840274 -0.529903 0.11464 -0.846268 -0.521334 0.109737 -0.839368 -0.529579 0.122507 
-0.844604 -0.519498 0.129485 -0.862252 -0.490162 0.127525 -0.8927 -0.437822 0.106762 
-0.941898 -0.334984 0.0247918 -0.926295 -0.369681 0.0728889 0.325545 0.428834 -0.842687 
0.18264 0.407447 -0.894779 0.320754 0.502398 -0.80294 0.249069 0.506286 -0.825614 
-0.0760948 0.206481 -0.975487 0.0629341 0.391848 -0.917875 -0.13868 0.103466 -0.984918 
-0.321424 0.0452871 -0.945852 -0.574318 -0.0418599 -0.817562 -0.781088 -0.103775 -0.615737 
-0.920165 -0.155789 -0.359202 -0.932615 -0.191837 -0.305659 -0.964526 -0.219323 -0.146927 
-0.964317 -0.264104 -0.0184767 -0.975486 -0.215567 -0.044254 0.514053 -0.674335 -0.530115 
0.270228 -0.860711 -0.431454 0.154973 -0.970975 -0.182183 0.266742 -0.961742 -0.0624601 
0.372719 -0.926924 0.0435114 0.629813 -0.395514 -0.668508 0.634952 -0.138098 -0.760108 
0.521625 0.222453 -0.823664 0.594223 0.072193 -0.801054 0.430129 -0.895016 0.118046 
0.450031 -0.883653 0.128953 0.469534 -0.869125 0.155434 0.430388 -0.879473 0.203208 
0.382935 -0.910709 0.154824 0.211356 -0.969783 0.121859 0.00200811 -0.998838 0.0481572 
-0.304402 -0.949292 0.0786388 -0.460518 -0.887579 0.0112705 -0.544895 -0.837723 -0.0361844 
-0.57958 -0.812473 -0.063044 -0.590035 -0.806199 -0.0436158 -0.599037 -0.797976 -0.0662479 
-0.623544 -0.779295 -0.0623911 -0.729684 -0.683729 0.00866017 -0.664356 -0.74704 -0.0237296 
-0.685949 -0.724301 0.0697291 -0.775696 -0.626115 0.0792177 -0.768089 -0.632228 0.101621 
-0.782966 -0.606934 0.136367 -0.811444 -0.576454 0.0962239 -0.825601 -0.560911 0.0613319 
-0.840367 -0.540566 0.0396481 -0.854877 -0.517682 0.0344991 -0.866017 -0.498259 0.0418605 
-0.870748 -0.4882 0.0588107 -0.865222 -0.495249 0.0782206 -0.858959 -0.503792 0.091563 
-0.853166 -0.511488 0.10241 -0.844465 -0.522379 0.118317 -0.8486 -0.516983 0.11228 
-0.848909 -0.514385 0.121501 -0.859327 -0.495688 0.125896 -0.881667 -0.457576 0.115273 
-0.912773 -0.397955 0.0920667 -0.954918 -0.294471 0.0376596 -0.94363 -0.32516 0.0619072 
0.324249 0.53151 -0.782534 0.321356 0.543858 -0.775209 0.317845 0.561305 -0.764141 
0.253651 0.559135 -0.789322 0.0466561 0.471234 -0.880773 0.0199651 0.467121 -0.883968 
-0.271455 0.171149 -0.947112 -0.116596 0.350507 -0.929274 -0.513806 0.0617312 -0.855682 
-0.72081 -0.0529511 -0.691108 -0.893736 -0.156875 -0.42027 -0.965403 -0.186296 -0.182459 
-0.970204 -0.18565 -0.155689 -0.980641 -0.188896 -0.0515989 -0.973371 -0.22904 0.00950621 
-0.982291 -0.187301 -0.00477146 0.617708 -0.334508 -0.711717 0.467018 -0.612568 -0.637695 
0.427134 -0.677416 -0.598886 0.187005 -0.839812 -0.509652 0.0840822 -0.958284 -0.273169 
0.0150764 -0.992942 -0.117639 0.135875 -0.989905 -0.0403193 0.264588 -0.963741 0.0345773 
0.376364 -0.922034 0.0905723 0.65388 -0.0531982 -0.754726 0.526556 0.216979 -0.821985 
0.564303 0.172224 -0.807404 0.628755 0.144041 -0.764147 0.428101 -0.896703 0.112486 
0.433173 -0.894343 0.111854 0.356266 -0.928611 0.103714 0.255684 -0.963777 0.0758962 
0.253817 -0.967245 0.00386983 0.0085413 -0.996297 -0.0855546 -0.286166 -0.957544 -0.0349099 
-0.469905 -0.878871 -0.0823151 -0.561468 -0.821584 -0.0987626 -0.600267 -0.794865 -0.0887036 
-0.589747 -0.804641 -0.0689219 -0.600577 -0.797619 -0.0557892 -0.633016 -0.774037 -0.0125581 
-0.721094 -0.684851 0.104889 -0.671144 -0.738846 0.0605993 -0.717797 -0.666085 0.202727 
-0.697731 -0.691065 0.188681 -0.747033 -0.615008 0.252401 -0.750793 -0.596944 0.282786 
-0.785734 -0.565851 0.249869 -0.806318 -0.562673 0.182346 -0.831772 -0.542918 0.115736 
-0.853583 -0.5155 0.0752026 -0.870989 -0.488126 0.0557794 -0.878276 -0.474987 0.0549381 
-0.872059 -0.484555 0.0687007 -0.877567 -0.475783 0.0592233 -0.864717 -0.495934 0.0794637 
-0.858795 -0.504518 0.0890639 -0.853184 -0.51198 0.0997691 -0.851419 -0.513408 0.10723 
-0.859397 -0.49736 0.118614 -0.857305 -0.503106 0.109145 -0.873521 -0.473448 0.113173 
-0.901097 -0.422885 0.0958753 -0.931812 -0.356026 0.0705051 -0.967004 -0.252669 0.0325858 
-0.958346 -0.282599 0.0413686 0.315328 0.573014 -0.756454 0.13415 0.544245 -0.828131 
0.307817 0.592269 -0.744625 0.215279 0.584162 -0.782566 -0.151494 0.380512 -0.912283 
0.00942839 0.519547 -0.85439 -0.227805 0.371296 -0.900136 -0.369675 0.258684 -0.892425 
-0.527363 0.145835 -0.837031 -0.864093 -0.175855 -0.471613 -0.69729 -0.0186624 -0.716546 
-0.954806 -0.214625 -0.205623 -0.978024 -0.201566 -0.0532959 -0.981587 -0.183303 -0.0537265 
-0.984806 -0.173562 -0.00572551 -0.98027 -0.197337 0.0113734 -0.985423 -0.170095 0.00290739 
0.666062 -0.140646 -0.732516 0.586994 -0.401181 -0.703201 0.512942 -0.526414 -0.67807 
0.420429 -0.582373 -0.695759 0.223564 -0.755473 -0.615856 -0.0605023 -0.907661 -0.41532 
-0.0867517 -0.968763 -0.23232 -0.0692418 -0.996062 -0.055367 0.0540583 -0.998419 -0.0154171 
0.194633 -0.980441 0.0292134 0.328389 -0.941758 0.0724792 0.689548 0.0475355 -0.722678 
0.608409 0.169791 -0.775248 0.621617 0.173119 -0.763952 0.636601 0.159437 -0.754532 
0.400149 -0.912755 0.082211 0.434717 -0.898815 0.0561476 0.382544 -0.921764 0.0633283 
0.406973 -0.913262 -0.0180448 0.284366 -0.955636 -0.0767808 0.243366 -0.958083 -0.151161 
-0.0836457 -0.981314 -0.173281 -0.308878 -0.940648 -0.140626 -0.502272 -0.851686 -0.14951 
-0.605428 -0.786268 -0.123449 -0.635535 -0.76832 -0.0760203 -0.611266 -0.790371 -0.0408218 
-0.613762 -0.789489 0.00202486 -0.655405 -0.751531 0.0751413 -0.702703 -0.624051 0.341714 
-0.731937 -0.59946 0.323909 -0.715418 -0.624533 0.313266 -0.694712 -0.616985 0.369735 
-0.683065 -0.71248 0.160605 -0.70379 -0.563264 0.432913 -0.695158 -0.539945 0.474567 
-0.722331 -0.571275 0.389721 -0.792021 -0.553221 0.258166 -0.827954 -0.530497 0.181838 
-0.862954 -0.491936 0.115368 -0.879666 -0.466792 0.0910714 -0.879095 -0.469929 0.0797393 
-0.870939 -0.486899 0.0662881 -0.872812 -0.482895 0.0707972 -0.864005 -0.498109 0.0733642 
-0.856765 -0.508778 0.084261 -0.852331 -0.515124 0.0904348 -0.855972 -0.50868 0.0925034 
-0.867197 -0.485943 0.108759 -0.866962 -0.489883 0.0916076 -0.888942 -0.44961 0.0873618 
-0.920296 -0.385033 0.0693154 -0.948162 -0.314633 0.044656 -0.975652 -0.21881 0.0150322 
-0.96844 -0.248633 0.0174801 0.293473 0.597051 -0.746595 0.308034 0.60757 -0.732102 
0.277452 0.606356 -0.74522 -0.0224282 0.533359 -0.845592 0.147893 0.598894 -0.787054 
-0.351058 0.26332 -0.898566 -0.15341 0.456015 -0.87665 -0.421139 0.186631 -0.887587 
-0.872231 -0.134634 -0.470199 -0.951096 -0.216162 -0.220659 -0.645969 0.070669 -0.760085 
-0.855756 -0.0132687 -0.51721 -0.973971 -0.219336 -0.0571986 -0.977642 -0.209747 0.0149237 
-0.982955 -0.183835 0.00197707 -0.985188 -0.171378 0.00592359 -0.983811 -0.179188 -0.00259063 
-0.985692 -0.168447 -0.00608832 0.71684 -0.0129713 -0.697117 0.662372 -0.220318 -0.716047 
0.620553 -0.300463 -0.724317 0.532437 -0.410421 -0.740315 0.365385 -0.639377 -0.676528 
0.142788 -0.888246 -0.436613 -0.020394 -0.924375 -0.380939 -0.177719 -0.963828 -0.198625 
-0.182394 -0.980608 -0.0717008 -0.104282 -0.994519 0.00750497 0.0159972 -0.999823 0.00994906 
0.154606 -0.987667 0.0247013 0.292296 -0.954985 0.0506711 0.677094 0.13662 -0.723104 
0.72872 0.123491 -0.673586 0.381835 -0.923524 0.0361282 0.434975 -0.900426 -0.00553814 
0.393151 -0.91521 -0.0884535 0.449662 -0.889989 -0.075649 0.429607 -0.890984 -0.146918 
0.34159 -0.919079 -0.196496 0.0526331 -0.968342 -0.244016 -0.342542 -0.916031 -0.20869 
-0.539782 -0.820911 -0.186387 -0.634856 -0.767487 -0.0890053 -0.609218 -0.782912 -0.126106 
-0.659097 -0.74936 -0.063652 -0.660847 -0.749321 -0.0424182 -0.659187 -0.751979 1.3171e-06 
-0.639304 -0.766544 0.0608298 -0.671372 -0.541579 0.505916 -0.689727 -0.664977 0.2865 
-0.66462 -0.518814 0.537691 -0.705012 -0.562271 0.432215 -0.660043 -0.727927 0.185649 
-0.624965 -0.487097 0.610046 -0.603756 -0.512255 0.610798 -0.625331 -0.461683 0.629135 
-0.603253 -0.447692 0.660044 -0.606864 -0.529273 0.592947 -0.709176 -0.537022 0.456812 
-0.743284 -0.535777 0.40059 -0.822414 -0.516994 0.237386 -0.870958 -0.455903 0.183263 
-0.871021 -0.464906 0.158699 -0.86747 -0.483577 0.116834 -0.862863 -0.497567 0.0888492 
-0.857692 -0.508978 0.0728426 -0.85809 -0.508031 0.074739 -0.852192 -0.5176 0.0765489 
-0.85409 -0.514347 0.0773118 -0.864118 -0.497425 0.0766053 -0.88141 -0.466481 0.0742375 
-0.915107 -0.398412 0.0620262 -0.905701 -0.418625 0.0667731 -0.938661 -0.341726 0.0462456 
-0.959401 -0.28099 0.0243945 -0.979694 -0.200334 -0.0081291 -0.972878 -0.231284 -0.00408799 
0.289932 0.609399 -0.737952 0.249421 0.611134 -0.751202 -0.00481237 0.563797 -0.825899 
-0.261144 0.477822 -0.838743 -0.330054 0.474463 -0.816057 0.242158 0.628271 -0.739348 
0.091171 0.643036 -0.76039 -0.403324 0.38624 -0.829547 -0.623146 0.198387 -0.756526 
-0.953762 -0.109034 -0.280088 -0.979857 -0.171479 -0.10235 -0.843448 0.0758477 -0.531829 
-0.960983 -0.0564532 -0.270786 -0.975936 -0.218026 -0.00360089 -0.972281 -0.231414 0.0334292 
-0.9767 -0.213206 0.024512 -0.982064 -0.187888 0.0157408 -0.983669 -0.179941 -0.00416035 
-0.984077 -0.176122 -0.0239631 0.743914 0.103854 -0.660156 0.735069 0.123972 -0.666562 
0.709654 -0.0672942 -0.701329 0.674654 -0.135334 -0.725622 0.634816 -0.190512 -0.748808 
0.563514 -0.431286 -0.704588 0.409803 -0.719561 -0.560619 0.267895 -0.896884 -0.351897 
0.0162504 -0.977328 -0.211108 -0.105478 -0.976051 -0.190258 -0.209855 -0.976238 -0.0540484 
-0.191696 -0.981086 0.0268962 -0.0938531 -0.994496 0.0465696 0.0143121 -0.999456 0.029729 
0.146634 -0.989027 0.0180082 0.277459 -0.960572 0.017851 0.387352 -0.921646 -0.0229471 
0.412836 -0.908283 -0.0677391 0.486933 -0.862943 -0.135002 0.470875 -0.862397 -0.185873 
0.356332 -0.905983 -0.228524 0.0923401 -0.95893 -0.268192 -0.263008 -0.930804 -0.253832 
-0.505975 -0.842518 -0.184806 -0.509818 -0.84701 -0.150531 -0.648897 -0.758026 -0.0657912 
-0.717906 -0.695994 0.0142403 -0.691842 -0.721456 0.0292476 -0.68513 -0.715087 0.138733 
-0.599137 -0.455157 0.658686 -0.672953 -0.65236 0.348655 -0.6544 -0.603706 0.455301 
-0.588591 -0.366732 0.720464 -0.676452 -0.475158 0.562705 -0.490777 -0.389986 0.779133 
-0.481572 -0.428342 0.764599 -0.532136 -0.363205 0.764796 -0.598751 -0.480372 0.64089 
-0.736811 -0.514578 0.438541 -0.603076 -0.496456 0.624365 -0.821241 -0.457684 0.340718 
-0.820354 -0.455372 0.345912 -0.836772 -0.495877 0.232205 -0.847546 -0.506792 0.157568 
-0.850314 -0.513615 0.11474 -0.853509 -0.516305 0.0703685 -0.851447 -0.516975 0.0881763 
-0.852625 -0.517144 0.0747851 -0.862414 -0.501294 0.070329 -0.8794 -0.471334 0.067077 
-0.902559 -0.426107 0.061808 -0.927973 -0.36851 0.0553786 -0.926959 -0.371406 0.0529575 
-0.948196 -0.315589 0.0364528 -0.964326 -0.264561 0.00911694 -0.979651 -0.198467 -0.0299122 
-0.973485 -0.227895 -0.019764 -0.104802 0.596481 -0.795755 -0.336536 0.539764 -0.771621 
-0.531659 0.382139 -0.75585 -0.608597 0.325944 -0.723444 -0.677045 0.303216 -0.670574 
0.207768 0.622143 -0.754831 0.116087 0.621774 -0.774546 -0.146634 0.596254 -0.789291 
-0.980104 -0.183461 -0.0757486 -0.880461 0.0771187 -0.467804 -0.969669 -0.133009 -0.205065 
-0.970162 -0.242019 0.0145535 -0.967408 -0.250973 0.0336961 -0.967751 -0.251026 0.0210949 
-0.976734 -0.214435 0.00288764 -0.978969 -0.2027 -0.0230734 -0.982954 -0.180644 -0.0341856 
-0.981303 -0.186663 -0.0469211 0.737865 0.132459 -0.661823 0.753687 0.176773 -0.633014 
0.747046 0.192277 -0.636358 0.722296 0.054236 -0.689454 0.682667 0.00351115 -0.730721 
0.648729 -0.0504959 -0.759342 0.59764 -0.29629 -0.745009 0.514773 -0.618231 -0.593969 
0.384567 -0.812038 -0.438978 0.139617 -0.970914 -0.194506 0.0370127 -0.992746 -0.114388 
-0.145884 -0.988563 -0.0382312 -0.214419 -0.976419 0.0251084 -0.209003 -0.975471 0.0690971 
-0.158419 -0.985619 0.0588058 -0.0721697 -0.996736 0.036179 0.0274928 -0.999358 0.0229645 
0.160744 -0.986984 0.00483837 0.288048 -0.957456 -0.0174959 0.302467 -0.951648 -0.0536672 
0.430652 -0.896352 -0.10532 0.478987 -0.862456 -0.163527 0.515221 -0.83734 -0.182782 
0.494353 -0.844663 -0.205326 0.202154 -0.961153 -0.187935 0.415687 -0.889112 -0.191529 
-0.121144 -0.973127 -0.195827 -0.419366 -0.898709 -0.128272 -0.593002 -0.803737 -0.0485392 
-0.688256 -0.724506 0.0373428 -0.752207 -0.64812 0.118845 -0.754719 -0.634309 0.167486 
-0.71305 -0.635485 0.296174 -0.723551 -0.526248 0.446695 -0.550825 -0.219306 0.805293 
-0.495796 -0.257543 0.829372 -0.647121 -0.29411 0.703373 -0.704055 -0.38325 0.597851 
-0.39324 -0.355538 0.847912 -0.348375 -0.286779 0.892408 -0.435708 -0.267462 0.859432 
-0.427296 -0.428983 0.795859 -0.336335 -0.330342 0.881903 -0.703557 -0.453712 0.546949 
-0.506668 -0.461107 0.72847 -0.728583 -0.52113 0.444512 -0.655252 -0.47184 0.589926 
-0.803938 -0.520774 0.287191 -0.824899 -0.523474 0.213347 -0.841065 -0.519542 0.150622 
-0.847186 -0.518945 0.113892 -0.860769 -0.501648 0.0861689 -0.87873 -0.47111 0.0767361 
-0.900522 -0.429417 0.0682732 -0.924694 -0.376328 0.0576081 -0.943877 -0.327096 0.0458718 
-0.956931 -0.288983 0.0277982 -0.966083 -0.258225 0.00168164 -0.977687 -0.20516 -0.0451492 
-0.972145 -0.232649 -0.0284455 -0.574745 0.339374 -0.744643 -0.786 0.189835 -0.588359 
0.182128 0.631412 -0.753757 0.174688 0.647767 -0.74154 0.0377423 0.63068 -0.775125 
0.164647 0.657018 -0.735676 -0.364423 0.407606 -0.837289 -0.200947 0.574949 -0.793129 
-0.970883 -0.234966 -0.0466522 -0.934665 -0.040659 -0.353198 -0.968746 -0.183087 -0.167364 
-0.959713 -0.280124 0.0219466 -0.969964 -0.24322 -0.00365608 -0.978352 -0.202153 -0.0442981 
-0.977882 -0.200279 -0.0602847 0.745968 0.195619 -0.636604 0.709291 0.166288 -0.685022 
0.674996 0.105839 -0.73019 0.625578 0.105081 -0.773053 0.593518 -0.0809383 -0.800741 
0.564048 -0.289578 -0.773301 0.50673 -0.567307 -0.649143 0.324225 -0.84516 -0.424949 
0.0994221 -0.973075 -0.207943 -0.0381689 -0.997604 -0.0576968 -0.0958197 -0.995394 -0.0029088 
-0.185518 -0.981444 0.0484852 -0.19666 -0.977952 0.0702484 -0.198405 -0.977118 0.076656 
-0.152298 -0.986589 0.0587192 -0.0445511 -0.998814 0.0196234 0.0586754 -0.998121 -0.0176356 
0.158364 -0.986978 -0.0282009 0.367431 -0.922611 -0.117406 0.226797 -0.970662 -0.0798668 
0.373066 -0.917946 -0.134897 0.479158 -0.860727 -0.171923 0.530341 -0.825733 -0.192105 
0.512951 -0.836928 -0.190875 0.154192 -0.980226 -0.12402 -0.152105 -0.983902 -0.0938099 
0.492565 -0.860098 -0.132704 0.368193 -0.922222 -0.11807 -0.457707 -0.889103 0.000865199 
-0.625136 -0.776053 0.0833476 -0.716155 -0.662879 0.218435 -0.752402 -0.593233 0.286297 
-0.803444 -0.53419 0.262904 -0.743402 -0.499925 0.44433 -0.676013 -0.438798 0.591999 
-0.480117 -0.176872 0.859188 -0.505676 -0.115249 0.854991 -0.596816 -0.172315 0.783657 
-0.435448 -0.199608 0.877805 -0.676274 -0.295963 0.67458 -0.374154 -0.200676 0.905394 
-0.312007 -0.223194 0.923491 -0.278555 -0.265453 0.923007 -0.273951 -0.354122 0.894175 
-0.339001 -0.411188 0.846169 -0.249037 -0.297269 0.921744 -0.356567 -0.409755 0.839619 
-0.480346 -0.430964 0.763896 -0.539026 -0.475446 0.695271 -0.602714 -0.509217 0.614356 
-0.722297 -0.508621 0.468606 -0.749242 -0.519537 0.410753 -0.805413 -0.528051 0.269205 
-0.826619 -0.514525 0.227959 -0.85123 -0.505392 0.141372 -0.879815 -0.460759 0.116729 
-0.896476 -0.430377 0.10539 -0.922035 -0.378296 0.0821241 -0.941953 -0.328129 0.0711048 
-0.95194 -0.300203 0.0607409 -0.957728 -0.285241 0.0373563 -0.964655 -0.263515 0.00124624 
-0.974504 -0.217672 -0.0544188 -0.969056 -0.244769 -0.0319111 -0.691361 0.0845458 -0.717546 
-0.895287 -0.0582219 -0.441668 0.141702 0.658074 -0.739499 0.143996 0.665906 -0.732007 
0.0314834 0.650788 -0.758607 -0.432403 0.512316 -0.741997 -0.644106 0.248329 -0.723506 
-0.144715 0.637655 -0.756606 -0.544286 0.519181 -0.658941 -0.335149 0.614003 -0.714616 
-0.951742 -0.305242 -0.0318632 -0.95184 -0.25181 -0.174909 -0.944225 -0.32787 0.0306763 
-0.957588 -0.287137 0.0240293 -0.964359 -0.264424 -0.00961912 -0.973902 -0.22406 -0.0362111 
-0.975017 -0.212462 -0.0648226 -0.973486 -0.217246 -0.0716166 0.74228 0.200316 -0.639448 
0.719412 0.238095 -0.6525 0.665167 0.252959 -0.702542 0.611471 0.176398 -0.771354 
0.607107 0.0430463 -0.793453 0.614363 0.246129 -0.749653 0.599296 -0.132713 -0.78945 
0.545341 -0.355016 -0.75932 0.440695 -0.655507 -0.613268 0.297221 -0.833704 -0.4654 
0.122816 -0.943627 -0.307384 -0.038988 -0.993451 -0.107402 -0.0961485 -0.994981 -0.0277241 
-0.164372 -0.985558 0.0407063 -0.213377 -0.973875 0.0777049 -0.190167 -0.979574 0.0653525 
-0.13067 -0.990232 0.0486494 -0.0133091 -0.999908 -0.00246205 0.103059 -0.994043 -0.0354705 
0.248943 -0.963338 -0.100039 0.381091 -0.912482 -0.148815 0.442104 -0.882382 -0.161078 
0.525242 -0.833689 -0.17054 0.538455 -0.824788 -0.172599 0.121763 -0.9917 -0.0413007 
-0.218061 -0.975934 -0.00161932 0.5279 -0.840715 -0.1205 0.479259 -0.877363 -0.0233598 
0.417305 -0.908622 -0.0162051 -0.521403 -0.840218 0.148905 -0.635868 -0.730235 0.249859 
-0.764623 -0.475638 0.434879 -0.716024 -0.590361 0.372538 -0.736755 -0.335855 0.586851 
-0.42261 -0.135005 0.8962 -0.48811 -0.0408959 0.871824 -0.451822 -0.0760667 0.888859 
-0.545173 -0.0644514 0.835842 -0.623293 -0.118066 0.773024 -0.676798 -0.190759 0.711024 
-0.333164 -0.158655 0.929425 -0.243605 -0.230132 0.942176 -0.199953 -0.301048 0.93241 
-0.236883 -0.356192 0.903888 -0.324975 -0.400801 0.856592 -0.448663 -0.458339 0.76722 
-0.608957 -0.47085 0.638335 -0.731542 -0.512448 0.449714 -0.618654 -0.490495 0.613744 
-0.791583 -0.48325 0.373986 -0.815564 -0.517721 0.258495 -0.752331 -0.470257 0.461364 
-0.873527 -0.443327 0.201024 -0.883588 -0.416958 0.213115 -0.912433 -0.384471 0.140174 
-0.939386 -0.321134 0.120114 -0.947537 -0.296409 0.11965 -0.944343 -0.311425 0.105979 
-0.953985 -0.296438 0.0451267 -0.961377 -0.275152 0.00672146 -0.97029 -0.23446 -0.0597237 
-0.964553 -0.262115 -0.0305416 -0.881064 0.00620776 -0.472957 -0.94895 -0.145901 -0.279655 
0.110696 0.723719 -0.681159 -0.0735186 0.724242 -0.685616 0.105072 0.730501 -0.67478 
-0.745405 0.341173 -0.572689 -0.885241 0.156077 -0.438165 -0.624025 0.36936 -0.688598 
-0.204115 0.662711 -0.720522 -0.944011 -0.325973 -0.0508502 -0.934337 -0.355757 0.0212299 
-0.95812 -0.259044 -0.122077 -0.933816 -0.356395 0.0311375 -0.948059 -0.317655 0.016727 
-0.956454 -0.290762 -0.0255556 -0.967911 -0.24542 -0.0540102 -0.968748 -0.236105 -0.0760344 
-0.968255 -0.237526 -0.0778698 0.673994 0.264995 -0.689572 0.663426 0.268091 -0.698565 
0.660588 0.269415 -0.700742 0.583802 0.162859 -0.795394 0.6025 0.283744 -0.745978 
0.604413 0.282722 -0.744818 0.565754 -0.0578352 -0.822543 0.618123 0.279322 -0.734781 
0.502028 -0.279376 -0.818485 0.44963 -0.564997 -0.691818 0.294459 -0.790471 -0.537074 
0.252886 -0.853905 -0.454858 0.105591 -0.954595 -0.278565 0.00216613 -0.990389 -0.138294 
-0.111052 -0.993567 -0.0221793 -0.147238 -0.989094 0.00375582 -0.205157 -0.977337 0.0521742 
-0.224226 -0.972145 0.0682386 -0.223078 -0.974162 0.0352755 -0.158545 -0.987023 0.0254696 
-0.0943282 -0.995305 0.0217043 0.0311036 -0.998384 -0.0475655 0.113374 -0.991504 -0.0637725 
0.319906 -0.936224 -0.145415 0.189837 -0.976321 -0.103729 0.332358 -0.935101 -0.122977 
0.431614 -0.89722 -0.0933062 0.505629 -0.855414 -0.112277 0.144101 -0.987295 0.0669637 
-0.233712 -0.9669 0.10239 0.478739 -0.877592 -0.0253363 0.353973 -0.909614 0.217498 
0.312906 -0.930854 0.188683 -0.609723 -0.645004 0.46066 -0.533961 -0.803233 0.264013 
-0.686991 -0.316865 0.653942 -0.72034 -0.411175 0.55861 -0.613823 -0.530007 0.585076 
-0.650687 -0.221889 0.726204 -0.402823 -0.097991 0.910017 -0.44847 -0.056779 0.891993 
-0.459606 -0.0217645 0.887856 -0.490814 -0.00598829 0.871244 -0.537101 -0.0271941 0.843079 
-0.584079 -0.0921132 0.806454 -0.287338 -0.172344 0.942197 -0.359179 -0.135375 0.923398 
-0.190496 -0.268742 0.944187 -0.241491 -0.231045 0.942497 -0.174197 -0.334518 0.92615 
-0.166903 -0.31479 0.934372 -0.201465 -0.360435 0.910768 -0.293892 -0.428215 0.854552 
-0.196302 -0.391481 0.899004 -0.436821 -0.459673 0.773233 -0.691051 -0.449404 0.566113 
-0.5479 -0.446102 0.707671 -0.82506 -0.457942 0.331007 -0.777421 -0.391126 0.492582 
-0.733562 -0.348123 0.583693 -0.65976 -0.395394 0.639047 -0.856964 -0.359981 0.368817 
-0.88021 -0.398667 0.257479 -0.816075 -0.384099 0.431844 -0.926056 -0.314146 0.209122 
-0.937021 -0.275797 0.214308 -0.928299 -0.302262 0.216562 -0.938871 -0.327225 0.10698 
-0.914706 -0.352035 0.198455 -0.951207 -0.301812 0.0641528 -0.954479 -0.297321 0.0238676 
-0.966187 -0.250438 -0.0613523 -0.957352 -0.286704 -0.0357505 -0.964122 -0.136092 -0.227921 
0.0989185 0.740478 -0.664761 0.0378473 0.770737 -0.636029 -0.927897 -0.0886144 -0.362153 
-0.404875 0.474569 -0.781576 -0.761999 0.110128 -0.638146 0.0123219 0.747677 -0.663949 
-0.165618 0.683382 -0.711027 -0.944645 -0.327884 -0.0117685 -0.933111 -0.358937 0.0216224 
-0.953643 -0.289807 -0.0810954 -0.925755 -0.377318 0.0246908 -0.943019 -0.332736 -0.00155332 
-0.95904 -0.277333 -0.0576907 -0.962383 -0.258992 -0.0821093 -0.960768 -0.26601 -0.0785034 
0.536192 0.243454 -0.808225 0.558502 0.29049 -0.776976 0.53685 0.0848017 -0.839405 
0.60041 0.283882 -0.747609 0.544273 -0.102727 -0.832595 0.512334 -0.334168 -0.791104 
0.39445 -0.644577 -0.654927 0.490105 -0.319146 -0.811137 0.285423 -0.790605 -0.541735 
0.223198 -0.845318 -0.485407 -0.0959932 -0.978536 -0.182353 -0.0562471 -0.994927 -0.0834005 
-0.158238 -0.987393 -0.0039072 -0.204906 -0.978215 0.0333003 -0.236266 -0.970304 0.051848 
-0.245716 -0.969122 0.020656 -0.226389 -0.974002 -0.00823735 -0.161342 -0.986814 -0.0129393 
-0.0608137 -0.997875 -0.0233751 0.0739898 -0.995235 -0.0635084 0.217962 -0.972656 -0.0802092 
0.336347 -0.939545 -0.0642291 0.396525 -0.917657 0.025955 0.485807 -0.874017 0.0092439 
-0.00405483 -0.949063 0.31506 -0.293067 -0.880662 0.372217 0.41551 -0.903711 0.103241 
0.168192 -0.876784 0.450513 0.277633 -0.884707 0.37445 0.135629 -0.849612 0.509671 
0.0234361 -0.794183 0.607227 -0.59944 -0.371848 0.708803 -0.52597 -0.541503 0.655843 
-0.493364 -0.690052 0.529548 -0.578338 -0.187597 0.793935 -0.418144 -0.0978678 0.903093 
-0.440603 -0.0661469 0.895262 -0.424682 -0.0371488 0.90458 -0.436588 0.0077261 0.899628 
-0.461164 0.0240988 0.886988 -0.497124 0.00388336 0.867671 -0.520155 -0.0590447 0.852028 
-0.306542 -0.202474 0.930073 -0.389367 -0.156013 0.907774 -0.220276 -0.280174 0.934335 
-0.150344 -0.351647 0.923981 -0.195103 -0.333977 0.922168 -0.154888 -0.343946 0.926127 
-0.186354 -0.402508 0.896248 -0.275884 -0.428759 0.860264 -0.139626 -0.379096 0.914763 
-0.30138 -0.415191 0.858363 -0.395115 -0.420015 0.816989 -0.414127 -0.376764 0.828582 
-0.523009 -0.373333 0.766214 -0.634172 -0.288086 0.717518 -0.724958 -0.314029 0.613044 
-0.63301 -0.314042 0.707585 -0.543612 -0.320347 0.775799 -0.873432 -0.339536 0.349044 
-0.810105 -0.3144 0.494857 -0.895609 -0.264299 0.357814 -0.885512 -0.276261 0.373562 
-0.855511 -0.370071 0.362144 -0.930882 -0.3361 0.14316 -0.899206 -0.374699 0.225897 
-0.930937 -0.343223 0.12472 -0.938579 -0.342678 0.0405128 -0.954048 -0.291813 -0.0680986 
-0.945412 -0.325023 -0.0235899 0.0724949 0.777126 -0.625155 0.076915 0.777477 -0.62419 
0.0935698 0.769478 -0.631782 -0.914585 0.0621388 -0.399592 -0.953763 -0.252344 -0.163276 
-0.970563 -0.0930123 -0.222164 -0.409281 0.59326 -0.693204 -0.689222 0.326584 -0.646773 
0.0895323 0.765016 -0.637757 0.0846368 0.767973 -0.634866 -0.046221 0.745333 -0.665089 
-0.314524 0.675512 -0.666902 -0.923898 -0.382581 0.0066569 -0.939783 -0.340249 -0.0322179 
-0.930098 -0.367302 -0.00270924 -0.919376 -0.393328 0.00637415 -0.946533 -0.320268 -0.0387737 
-0.951393 -0.298777 -0.0747203 -0.953657 -0.286804 -0.091009 -0.953614 -0.28811 -0.0872563 
0.545519 0.293078 -0.785184 0.534935 0.303399 -0.788539 0.519888 0.311961 -0.795234 
0.513007 0.190161 -0.837056 0.512189 -0.00122793 -0.858872 0.415434 -0.540965 -0.73128 
0.459273 -0.0576214 -0.886424 0.438006 -0.284019 -0.852927 0.33314 -0.712371 -0.617693 
0.379344 -0.767968 -0.516065 0.406279 -0.898697 -0.165172 0.436137 -0.794907 -0.421791 
0.401825 -0.81898 -0.409645 -0.100624 -0.862848 -0.495346 -0.0769085 -0.99661 -0.0292169 
0.0978585 -0.993884 0.0511742 -0.050232 -0.99848 -0.0226976 -0.110803 -0.993316 -0.0323447 
-0.181413 -0.983367 -0.00889799 -0.228436 -0.973545 0.00512447 -0.253436 -0.967203 -0.0169903 
-0.228426 -0.972728 -0.0402668 -0.15629 -0.986979 -0.0380327 -0.0474043 -0.997879 -0.0446185 
0.0857681 -0.995001 -0.051157 0.234035 -0.972127 -0.013993 0.32403 -0.945779 0.0224956 
0.312655 -0.931262 0.187078 0.392953 -0.876472 0.278183 0.433132 -0.876533 0.209969 
-0.193552 -0.77764 0.598176 0.316902 -0.8188 0.478685 0.10005 -0.714975 0.691954 
-0.0460773 -0.665329 0.745127 -0.263301 -0.641829 0.720228 -0.233328 -0.515366 0.824594 
-0.539201 -0.180479 0.822611 -0.553596 -0.326019 0.766318 -0.418206 -0.436335 0.796691 
-0.481694 -0.0695114 0.873578 -0.426424 -0.130799 0.895016 -0.419531 -0.101827 0.902012 
-0.386455 -0.0761688 0.919158 -0.384983 -0.0126817 0.922836 -0.394046 0.0328517 0.918503 
-0.414208 0.0481757 0.908906 -0.438554 0.017732 0.89853 -0.36311 -0.225631 0.904014 
-0.292194 -0.267605 0.918156 -0.40411 -0.210764 0.890098 -0.257775 -0.322252 0.910882 
-0.137544 -0.366361 0.920251 -0.251678 -0.341233 0.905659 -0.173214 -0.357816 0.917586 
-0.138012 -0.382109 0.913754 -0.200729 -0.388389 0.899367 -0.130167 -0.373282 0.918541 
-0.287611 -0.352434 0.890545 -0.398293 -0.304573 0.865215 -0.611818 -0.265339 0.745167 
-0.528487 -0.244387 0.813005 -0.498813 -0.263762 0.8256 -0.698394 -0.280701 0.658371 
-0.805756 -0.269894 0.527176 -0.77394 -0.298034 0.558742 -0.858988 -0.394983 0.325774 
-0.786347 -0.42933 0.444223 -0.733642 -0.387829 0.557995 -0.879132 -0.395963 0.265216 
-0.897779 -0.409561 0.162029 -0.921754 -0.383696 0.0560929 -0.946934 -0.313571 -0.0706331 
-0.93537 -0.353399 -0.0138405 -0.720659 0.432718 -0.541669 -0.931442 0.178921 -0.316865 
-0.972943 -0.210875 -0.0944085 -0.985639 -0.045029 -0.162753 0.0958315 0.744305 -0.660928 
-0.168321 0.708952 -0.684876 0.088754 0.742133 -0.66435 -0.670509 0.493817 -0.553681 
-0.447209 0.660343 -0.603284 -0.926849 -0.375424 0.00284678 -0.961944 -0.269869 -0.0428403 
-0.933976 -0.354929 -0.0414063 -0.918501 -0.395328 -0.00847814 -0.921022 -0.388895 -0.0218938 
-0.942287 -0.324506 -0.0824032 -0.944135 -0.316474 -0.0919468 0.511905 0.317402 -0.798254 
0.472912 0.320823 -0.820626 0.474628 0.136986 -0.869461 0.474337 -0.347311 -0.808937 
0.437126 -0.623161 -0.64853 0.469108 -0.321158 -0.822676 0.466932 0.0764842 -0.880979 
0.490156 -0.114723 -0.864052 0.393903 -0.882392 -0.257341 0.349195 -0.93446 0.069626 
0.31466 -0.946686 -0.0690986 0.223724 -0.974645 -0.00370107 0.15932 -0.957795 -0.239261 
0.44026 -0.783922 -0.437763 0.118818 -0.992239 0.0366594 -0.00839597 -0.999798 0.0182781 
-0.1118 -0.993722 -0.00424713 -0.178064 -0.983821 -0.0197293 -0.236317 -0.971357 -0.0248939 
-0.256555 -0.965373 -0.0472808 -0.240311 -0.969228 -0.0533695 -0.16227 -0.985782 -0.0436135 
-0.0490349 -0.997962 -0.0408281 0.0657911 -0.997788 -0.00952024 0.283464 -0.955489 0.0817804 
0.133305 -0.97895 0.154551 0.293485 -0.91866 0.264443 0.260463 -0.876223 0.405453 
0.21824 -0.837456 0.501038 0.190904 -0.711366 0.676398 0.00508552 -0.543422 0.839444 
-0.175145 -0.425843 0.887684 -0.311638 -0.301573 0.901075 -0.431401 -0.235639 0.870843 
-0.432604 -0.0740557 0.898537 -0.40145 0.0226591 0.915601 -0.408902 -0.179292 0.894792 
-0.393306 -0.145327 0.907849 -0.349911 -0.129677 0.927764 -0.339008 -0.0563452 0.939095 
-0.339755 0.00959575 0.940465 -0.351323 0.0560071 0.934578 -0.371759 0.0662766 0.92596 
-0.340891 -0.296134 0.892243 -0.378886 -0.253148 0.890147 -0.205201 -0.354171 0.91239 
-0.275148 -0.335626 0.900916 -0.32246 -0.308815 0.894792 -0.158382 -0.366406 0.916876 
-0.144132 -0.36725 0.918887 -0.122558 -0.370751 0.92061 -0.203871 -0.363257 0.90911 
-0.148314 -0.368058 0.917898 -0.296936 -0.310988 0.902838 -0.206991 -0.333898 0.919602 
-0.380187 -0.262067 0.887006 -0.592601 -0.262149 0.761644 -0.487465 -0.227531 0.842975 
-0.423452 -0.224848 0.877572 -0.663348 -0.270892 0.697558 -0.649787 -0.318915 0.689978 
-0.686459 -0.430674 0.585913 -0.698889 -0.471567 0.537753 -0.795321 -0.492508 0.353414 
-0.628546 -0.396923 0.668866 -0.872609 -0.459652 0.165147 -0.909801 -0.407225 0.0801818 
-0.941127 -0.32683 -0.0863856 -0.937959 -0.34214 -0.056324 -0.925548 -0.37843 0.0123055 
-0.765185 0.475288 -0.434273 -0.891363 0.286956 -0.350897 -0.969775 0.0177454 -0.243354 
-0.973499 -0.203495 -0.104349 0.0837975 0.730838 -0.677388 -0.0149511 0.690506 -0.723172 
-0.259859 0.669231 -0.696135 -0.549009 0.603235 -0.57853 -0.939569 -0.341418 -0.0253645 
-0.929145 -0.364595 -0.0613144 -0.925294 -0.377971 -0.0311366 -0.920205 -0.388826 -0.0451428 
-0.931805 -0.353559 -0.0820741 -0.936143 -0.33982 -0.0903297 0.484943 0.329308 -0.810177 
0.45365 0.243779 -0.857189 0.463729 0.34398 -0.816476 0.472261 0.339183 -0.813587 
0.473508 0.335256 -0.81449 0.443252 -0.469644 -0.76352 0.470801 -0.579685 -0.665066 
0.484694 -0.325906 -0.8117 0.432053 -0.0957811 -0.896748 0.467716 -0.0140969 -0.883766 
0.446237 0.19 -0.874513 0.398373 -0.891166 -0.217077 0.346095 -0.933301 -0.0957506 
0.274195 -0.961673 -0.00126142 0.220628 -0.975051 0.024476 0.489168 -0.657101 -0.573528 
0.410091 -0.873485 -0.26239 0.47153 -0.737023 -0.484206 0.135428 -0.990035 0.0386051 
0.0256758 -0.999396 0.0234178 -0.0872049 -0.99619 -0.000822998 -0.158291 -0.987016 -0.0272785 
-0.232634 -0.971428 -0.0469925 -0.258037 -0.964249 -0.0603381 -0.2547 -0.965854 -0.0474757 
-0.204704 -0.978823 -0.00111406 -0.061568 -0.998098 0.00316743 -0.114369 -0.979293 0.167046 
-0.0405204 -0.897772 0.438592 0.186068 -0.835898 0.516385 0.181973 -0.730954 0.657717 
0.0715277 -0.595138 0.800434 -0.0227845 -0.398118 0.917051 -0.136716 -0.318634 0.937966 
-0.279619 -0.189726 0.941179 -0.358476 -0.134652 0.923777 -0.381198 0.0232526 0.924201 
-0.348729 0.0860015 0.933269 -0.401982 -0.204672 0.892479 -0.400036 -0.229774 0.887229 
-0.367785 -0.199466 0.908266 -0.308684 -0.193947 0.931181 -0.296987 -0.109686 0.948561 
-0.296844 -0.0341419 0.954315 -0.305467 0.0334912 0.951614 -0.321041 0.0800076 0.94368 
-0.393749 -0.275083 0.877092 -0.365292 -0.297038 0.88223 -0.249733 -0.351537 0.90225 
-0.193529 -0.359042 0.913036 -0.339273 -0.324888 0.882803 -0.305951 -0.341516 0.888685 
-0.120852 -0.348753 0.92939 -0.144694 -0.338913 0.929624 -0.130069 -0.3571 0.924966 
-0.1673 -0.361044 0.917419 -0.224244 -0.285268 0.931846 -0.293097 -0.261033 0.919759 
-0.169869 -0.303187 0.937669 -0.329307 -0.221665 0.917835 -0.555858 -0.26374 0.788329 
-0.403899 -0.211919 0.889919 -0.449512 -0.246523 0.858583 -0.404269 -0.197697 0.893019 
-0.352473 -0.201944 0.913773 -0.511064 -0.340455 0.789243 -0.583777 -0.455564 0.672061 
-0.629589 -0.547138 0.551595 -0.820817 -0.500073 0.276019 -0.739923 -0.54918 0.388478 
-0.857454 -0.464333 0.221739 -0.891811 -0.433283 0.130154 -0.935991 -0.342833 -0.0799192 
-0.931407 -0.362 -0.0379104 -0.91426 -0.402552 0.0456133 -0.699997 0.492001 -0.517629 
-0.844642 0.278519 -0.457174 -0.957813 -0.0475973 -0.283422 -0.975112 -0.162462 -0.150872 
-0.950673 -0.303511 -0.0640422 0.085018 0.69733 -0.71169 0.0175891 0.698992 -0.714913 
-0.183587 0.679948 -0.709906 -0.0153245 0.699979 -0.713999 -0.447094 0.640525 -0.624368 
-0.920261 -0.388086 -0.0500961 -0.931221 -0.358797 -0.0639655 -0.92353 -0.37759 -0.0672196 
-0.927276 -0.364837 -0.0839812 -0.93099 -0.354602 -0.0866956 0.445497 0.359755 -0.819823 
0.424894 0.365237 -0.828292 0.514371 -0.485327 -0.707022 0.459128 -0.138152 -0.877562 
0.453394 -0.204103 -0.867627 0.419852 0.121551 -0.899416 0.433538 0.0344627 -0.900476 
0.394074 0.327823 -0.858626 0.337455 -0.934418 -0.113959 0.298742 -0.954159 -0.0182668 
0.258826 -0.965482 0.0292154 0.214969 -0.975864 0.0384349 0.359085 -0.88974 -0.281816 
0.436024 -0.555115 -0.70833 0.411295 -0.763925 -0.497247 0.150896 -0.988007 0.0327384 
0.052002 -0.998472 0.0186692 -0.0584883 -0.998283 -0.00307533 -0.133077 -0.991059 -0.00959975 
-0.207333 -0.977891 -0.0272354 -0.250866 -0.96718 -0.0403734 -0.263237 -0.964671 0.0107552 
-0.267787 -0.955378 0.124672 -0.274049 -0.880197 0.387493 -0.251151 -0.655574 0.712142 
-0.0420487 -0.694225 0.718529 0.0285918 -0.539232 0.841672 -0.0441617 -0.314852 0.948113 
-0.136058 -0.169236 0.976139 -0.191172 -0.124701 0.973603 -0.317882 -0.0371874 0.947401 
-0.329255 0.0602339 0.942318 -0.336997 0.112431 0.934769 -0.299334 0.109948 0.947793 
-0.390699 -0.260997 0.882743 -0.344331 -0.249367 0.905125 -0.25844 -0.156672 0.953238 
-0.264928 -0.231864 0.935977 -0.300001 -0.249185 0.920818 -0.271579 -0.0805337 0.959041 
-0.27647 -0.0121644 0.960946 -0.283442 0.0568809 0.957301 -0.382356 -0.306324 0.871762 
-0.294723 -0.340157 0.89299 -0.223301 -0.347882 0.910557 -0.348089 -0.327537 0.878381 
-0.129437 -0.326782 0.936194 -0.134333 -0.30626 0.942422 -0.162508 -0.333638 0.928589 
-0.180663 -0.263011 0.947727 -0.242968 -0.232324 0.941803 -0.280985 -0.204969 0.937569 
-0.403459 -0.247335 0.880935 -0.355889 -0.231572 0.905383 -0.339803 -0.194981 0.920063 
-0.426182 -0.287535 0.857725 -0.415148 -0.375423 0.82868 -0.456809 -0.446121 0.769611 
-0.497161 -0.528007 0.688506 -0.502355 -0.586731 0.635127 -0.60166 -0.600243 0.526985 
-0.711426 -0.561531 0.422559 -0.808374 -0.506462 0.300047 -0.866319 -0.468156 0.174129 
-0.931719 -0.356914 -0.0671704 -0.926891 -0.375077 -0.0138244 -0.908248 -0.411543 0.0756194 
-0.536037 0.561303 -0.630557 -0.857133 0.014884 -0.51488 -0.563865 0.363978 -0.741335 
-0.944986 -0.170192 -0.279348 -0.956769 -0.255104 -0.139695 -0.00236634 0.687325 -0.726346 
-0.0131189 0.662965 -0.748536 -0.0632629 0.655351 -0.752671 -0.281724 0.607671 -0.742541 
-0.921516 -0.38206 -0.0695633 -0.935162 -0.342879 -0.0889178 -0.925998 -0.37151 -0.0671384 
-0.92629 -0.36832 -0.0795499 -0.930082 -0.359237 -0.0767826 0.426409 0.368095 -0.826245 
0.423538 0.369303 -0.827183 0.424421 0.369311 -0.826726 0.369915 0.099722 -0.923698 
0.351425 0.00112974 -0.936215 0.363657 -0.268686 -0.891943 0.381725 0.219999 -0.897712 
0.357881 0.388922 -0.848917 0.387255 0.389154 -0.835819 0.390434 0.378452 -0.839247 
0.29287 -0.949325 -0.114059 0.27883 -0.960148 -0.0192209 0.276594 -0.960696 0.0236583 
0.258164 -0.965267 0.0401442 0.223013 -0.974086 0.0377163 0.359347 -0.856114 -0.371401 
0.266703 -0.945945 -0.184549 0.416292 -0.441801 -0.794678 0.410505 -0.719806 -0.55979 
0.483574 -0.455191 -0.747635 0.157915 -0.987255 0.0197682 0.0675872 -0.997615 0.0139975 
-0.0365019 -0.999324 0.00448173 -0.125321 -0.991455 0.036215 -0.19402 -0.980313 0.0366403 
-0.243124 -0.969713 0.023392 -0.275834 -0.952981 0.125473 -0.315994 -0.909606 0.26975 
-0.336269 -0.689341 0.641663 -0.351062 -0.782983 0.51351 -0.349928 -0.449077 0.82212 
-0.323145 -0.343627 0.881758 -0.19504 -0.358499 0.912928 -0.130433 -0.208537 0.969278 
-0.15144 -0.0816518 0.985088 -0.208525 -0.00149794 0.978016 -0.251935 0.0259469 0.967396 
-0.284706 0.106464 0.952685 -0.285991 0.132677 0.949003 -0.278908 0.118872 0.952932 
-0.269366 0.0728957 0.960275 -0.380423 -0.291068 0.877814 -0.359719 -0.28734 0.887715 
-0.31835 -0.277642 0.906404 -0.242119 -0.158674 0.957184 -0.239674 -0.214944 0.94676 
-0.252338 -0.080305 0.964301 -0.242898 -0.264143 0.933397 -0.27659 -0.27229 0.921605 
-0.26279 0.00416236 0.964844 -0.366388 -0.30289 0.879783 -0.274504 -0.30801 0.910921 
-0.332905 -0.306662 0.891702 -0.214169 -0.316288 0.924172 -0.133502 -0.292035 0.947044 
-0.143612 -0.307933 0.940507 -0.147384 -0.273288 0.950574 -0.181865 -0.300162 0.936391 
-0.21644 -0.225135 0.949983 -0.172762 -0.241518 0.954894 -0.286054 -0.198619 0.937403 
-0.239187 -0.208766 0.948265 -0.381346 -0.308202 0.871543 -0.348123 -0.286675 0.89254 
-0.310948 -0.270998 0.910973 -0.30799 -0.209857 0.927956 -0.40146 -0.462591 0.790468 
-0.369904 -0.42072 0.828351 -0.421289 -0.529326 0.73643 -0.454243 -0.565924 0.688035 
-0.417011 -0.604248 0.678959 -0.509976 -0.622679 0.59346 -0.658269 -0.587891 0.470176 
-0.761354 -0.545738 0.350016 -0.865572 -0.465499 0.18465 -0.932058 -0.359378 -0.0460024 
-0.928636 -0.370448 0.020089 -0.913496 -0.386258 0.12779 -0.650015 0.111521 -0.751693 
-0.795281 -0.0956081 -0.598654 -0.915097 -0.252764 -0.314177 -0.135005 0.52187 -0.842274 
-0.347899 0.302847 -0.887271 -0.944918 -0.289239 -0.1532 -0.0408049 0.659362 -0.750718 
-0.0975448 0.65204 -0.751883 -0.0735672 0.589665 -0.80429 -0.926695 -0.369725 -0.0673772 
-0.939715 -0.334816 -0.0695289 -0.932788 -0.355298 -0.0605783 -0.931846 -0.355831 -0.0710467 
-0.934998 -0.349399 -0.0608251 0.310342 0.34278 -0.886673 0.317219 0.204119 -0.926125 
0.331423 0.177504 -0.926634 0.384995 -0.0404597 -0.922032 0.455155 -0.253016 -0.853708 
0.351448 0.390263 -0.850987 0.242 -0.968838 -0.0528116 0.232627 -0.972563 0.00256553 
0.262007 -0.964665 0.0278091 0.248975 -0.967949 0.0329578 0.218148 -0.975667 0.0220325 
0.328735 -0.870171 -0.367063 0.280628 -0.922856 -0.263789 0.197999 -0.97182 -0.127913 
0.200909 -0.976739 -0.0749447 0.40452 -0.65342 -0.639848 0.359771 -0.828643 -0.428855 
0.491369 -0.153902 -0.857246 0.453466 -0.110129 -0.884443 0.439122 -0.401467 -0.803739 
0.155058 -0.987821 0.012929 0.0688829 -0.997484 0.0167555 -0.034096 -0.999117 0.0245427 
-0.15289 -0.983121 0.100486 -0.207401 -0.967713 0.143233 -0.248545 -0.957388 0.147084 
-0.307414 -0.896439 0.319208 -0.414166 -0.505482 0.756938 -0.403154 -0.743866 0.533038 
-0.385482 -0.204206 0.899835 -0.319659 -0.122333 0.939602 -0.239701 -0.0824971 0.967335 
-0.20648 -0.0103935 0.978396 -0.221521 0.0534225 0.973691 -0.249307 0.0975266 0.963501 
-0.277091 0.118897 0.953459 -0.278956 0.0912593 0.955958 -0.271565 0.0291324 0.961979 
-0.331787 -0.290063 0.897653 -0.353034 -0.290989 0.889209 -0.295579 -0.29004 0.910225 
-0.250607 -0.127363 0.959674 -0.23486 -0.207356 0.949655 -0.260347 -0.0489991 0.964271 
-0.258775 -0.288651 0.921801 -0.233933 -0.296171 0.926044 -0.222863 -0.26879 0.937061 
-0.353336 -0.288631 0.889857 -0.350565 -0.290999 0.890182 -0.290439 -0.281902 0.914427 
-0.236694 -0.292834 0.926404 -0.315793 -0.28913 0.903703 -0.34077 -0.285234 0.895833 
-0.153404 -0.256341 0.954336 -0.15258 -0.280885 0.947535 -0.216808 -0.282693 0.934387 
-0.178446 -0.28188 0.942709 -0.196677 -0.229078 0.953332 -0.255794 -0.224494 0.940304 
-0.332034 -0.363375 0.870467 -0.273715 -0.268459 0.923585 -0.287951 -0.320952 0.902261 
-0.312009 -0.343032 0.885991 -0.363102 -0.534291 0.763341 -0.322812 -0.47684 0.817567 
-0.344747 -0.623047 0.702112 -0.378934 -0.641958 0.666558 -0.43411 -0.642155 0.631811 
-0.533409 -0.630235 0.564162 -0.654361 -0.586612 0.477178 -0.815447 -0.493015 0.303286 
-0.761473 -0.499271 0.413385 -0.623403 -0.594533 0.507838 -0.872645 -0.403789 0.274674 
-0.938745 -0.344154 -0.0177772 -0.930735 -0.357228 0.0782373 -0.900109 -0.353184 0.255079 
-0.569112 0.10606 -0.815391 -0.732097 -0.0617215 -0.678399 -0.860208 -0.283756 -0.423703 
-0.914928 -0.377855 -0.141887 -0.938166 -0.329863 -0.10505 -0.0504223 0.468793 -0.881868 
-0.0560832 0.541789 -0.838641 -0.0352845 0.392098 -0.919247 -0.0260337 0.38197 -0.923808 
-0.271999 0.26906 -0.923917 -0.938233 -0.34164 -0.0547886 -0.946394 -0.321243 -0.0337862 
-0.950392 -0.310816 -0.012175 -0.944312 -0.324861 -0.0523486 0.294949 0.397682 -0.868823 
0.271897 0.397128 -0.876562 0.339931 0.390511 -0.85554 0.305314 0.396435 -0.865808 
0.36838 0.279361 -0.886709 0.425765 0.0772623 -0.901529 0.298144 0.372923 -0.878657 
0.193138 -0.980904 -0.0229177 0.204069 -0.978956 0.000590283 0.238833 -0.970872 0.0191382 
0.239215 -0.970831 0.0162485 0.212274 -0.977172 0.00868135 0.27598 -0.923687 -0.265777 
0.241494 -0.950836 -0.193886 0.177134 -0.979689 -0.093982 0.152156 -0.986431 -0.0616715 
0.166113 -0.984954 -0.0476758 0.439765 -0.576285 -0.688842 0.39841 -0.756916 -0.518023 
0.335778 -0.883006 -0.327954 0.381115 0.22488 -0.896761 0.410183 0.0762976 -0.908806 
0.441352 -0.187076 -0.877617 0.513823 -0.388766 -0.764753 0.141983 -0.989717 0.0173732 
0.0513538 -0.998011 0.0365536 -0.0478771 -0.996985 0.0610694 -0.17303 -0.970804 0.166132 
-0.278236 -0.921601 0.270622 -0.29924 -0.900434 0.315712 -0.508332 -0.219046 0.832837 
-0.542323 -0.47491 0.69307 -0.437197 -0.769154 0.466112 -0.38497 -0.0157035 0.922796 
-0.471476 -0.0386322 0.881032 -0.317376 0.0159752 0.948165 -0.265152 0.0435605 0.963222 
-0.246866 0.0734687 0.966261 -0.255732 0.0983629 0.961731 -0.274998 0.0682841 0.959017 
-0.268422 -0.01971 0.9631 -0.329945 -0.285439 0.899812 -0.297713 -0.288025 0.91017 
-0.26734 -0.297955 0.91638 -0.251083 -0.117238 0.96084 -0.229024 -0.252264 0.940165 
-0.23946 -0.195436 0.951033 -0.226316 -0.287611 0.930624 -0.222058 -0.304155 0.92638 
-0.237247 -0.305164 0.922274 -0.343301 -0.276382 0.89764 -0.261356 -0.278447 0.924208 
-0.298902 -0.263624 0.917148 -0.328566 -0.271797 0.904528 -0.159296 -0.263635 0.951379 
-0.171461 -0.250868 0.952715 -0.169607 -0.274009 0.946653 -0.251975 -0.270113 0.929273 
-0.202083 -0.27339 0.940436 -0.187754 -0.245298 0.951093 -0.219575 -0.241368 0.945266 
-0.23687 -0.259828 0.936153 -0.315621 -0.422404 0.849681 -0.316042 -0.456734 0.831572 
-0.242045 -0.316531 0.917182 -0.279408 -0.410052 0.86821 -0.310768 -0.580368 0.752726 
-0.307698 -0.540418 0.783116 -0.36897 -0.664437 0.649911 -0.309422 -0.648116 0.695847 
-0.469642 -0.647902 0.599716 -0.67811 -0.492433 0.545597 -0.766169 -0.40961 0.495181 
-0.847646 -0.345798 0.402392 -0.499547 -0.621873 0.603098 -0.590782 -0.569839 0.571192 
-0.954817 -0.296631 -0.0183057 -0.952992 -0.301106 0.0337758 -0.937279 -0.317698 0.143442 
-0.899293 -0.29328 0.324435 -0.847641 -0.269781 0.456862 -0.520361 0.169277 -0.837001 
-0.699995 0.153564 -0.697442 -0.845259 0.0561425 -0.531399 -0.869326 -0.167498 -0.46499 
-0.92934 -0.268742 -0.253191 -0.949203 -0.304777 -0.0782651 -0.937931 -0.341504 0.0605018 
-0.945214 -0.325892 0.0191087 -0.013297 0.395815 -0.918234 -0.304294 0.333839 -0.892164 
-0.0341043 0.391014 -0.919753 -0.957449 -0.286944 -0.0308829 -0.965302 -0.260884 0.0114585 
-0.966313 -0.248833 0.0657416 -0.964305 -0.2633 -0.0280854 0.270435 0.409954 -0.871093 
0.26938 0.416494 -0.868313 0.26959 0.412674 -0.87007 0.314888 0.422929 -0.849692 
0.294643 0.418077 -0.8593 0.285569 0.422125 -0.860384 0.165265 -0.986085 -0.018004 
0.186462 -0.982413 -0.0098764 0.223309 -0.97474 0.00388338 0.229897 -0.973215 0.000844537 
0.200636 -0.979646 0.00622255 0.261069 -0.944258 -0.200548 0.241547 -0.959901 -0.142286 
0.195015 -0.978871 -0.0614955 0.156839 -0.986826 -0.0396931 0.141286 -0.989148 -0.0403049 
0.139987 -0.989654 -0.0314428 0.490047 -0.579152 -0.651488 0.475744 -0.675303 -0.56359 
0.390467 -0.82411 -0.41034 0.333717 -0.910722 -0.243348 0.313162 0.365776 -0.876435 
0.363216 0.307934 -0.879347 0.317564 0.413086 -0.85353 0.457291 0.211695 -0.863754 
0.497598 0.00602972 -0.867387 0.521334 -0.206602 -0.827965 0.55269 -0.465186 -0.691474 
0.560257 -0.174308 -0.809771 0.115046 -0.992377 0.0441749 0.017871 -0.997217 0.0723746 
-0.0977556 -0.98701 0.127492 -0.282661 -0.911853 0.297702 -0.386425 -0.785495 0.483399 
-0.53216 -0.0595554 0.844547 -0.559125 -0.209852 0.802086 -0.542197 -0.534866 0.648028 
-0.548966 -0.297276 0.781194 -0.426131 -0.660863 0.617797 -0.38392 0.0600535 0.921411 
-0.453704 0.049535 0.889775 -0.517255 0.0345522 0.855134 -0.322669 0.0746109 0.943567 
-0.275696 0.0689789 0.958767 -0.261422 0.0712512 0.962591 -0.265489 0.00677023 0.96409 
-0.267634 -0.0790228 0.960275 -0.329275 -0.272382 0.904094 -0.305715 -0.279467 0.910185 
-0.247224 -0.293027 0.923588 -0.274524 -0.285906 0.918093 -0.261449 -0.159801 0.951897 
-0.247124 -0.236544 0.939668 -0.232466 -0.284376 0.930102 -0.224842 -0.302624 0.92621 
-0.220956 -0.297724 0.92873 -0.227389 -0.293681 0.928464 -0.335746 -0.261865 0.904821 
-0.330267 -0.260549 0.907214 -0.286039 -0.262514 0.921557 -0.312081 -0.255446 0.91507 
-0.328254 -0.253746 0.909869 -0.177372 -0.269744 0.946455 -0.174205 -0.258859 0.950076 
-0.235408 -0.271664 0.933157 -0.275345 -0.269116 0.922909 -0.205271 -0.275543 0.939117 
-0.199582 -0.268767 0.942301 -0.301284 -0.518755 0.800076 -0.237895 -0.381318 0.89331 
-0.202882 -0.370639 0.906347 -0.202179 -0.313365 0.927861 -0.245572 -0.514021 0.821874 
-0.21309 -0.446877 0.868846 -0.285908 -0.609603 0.739352 -0.309226 -0.676335 0.668543 
-0.350879 -0.672952 0.651168 -0.413384 -0.657242 0.630195 -0.273079 -0.6637 0.696369 
-0.749025 -0.339987 0.568657 -0.596609 -0.513028 0.617139 -0.451683 -0.618668 0.642832 
-0.974459 -0.223206 0.0246817 -0.97245 -0.210276 0.100627 -0.949542 -0.209181 0.233695 
-0.903015 -0.165516 0.396445 -0.856985 -0.142068 0.495372 -0.789422 -0.233204 0.567828 
-0.627217 0.310273 -0.714374 -0.792828 0.317466 -0.52023 -0.914371 0.186612 -0.359306 
-0.955082 -0.0334001 -0.294455 -0.988236 -0.0857709 -0.126624 -0.98293 -0.183043 0.0185232 
-0.976668 -0.182909 0.112536 -0.959612 -0.241006 0.145124 -0.00354029 0.400098 -0.916466 
-0.146357 0.555499 -0.818536 -0.379956 0.457069 -0.80419 -0.00972958 0.413749 -0.910339 
-0.077712 0.545201 -0.834696 -0.979145 -0.20296 0.00904263 -0.981425 -0.178991 0.0690516 
-0.979984 -0.153945 0.126224 0.150321 -0.98843 -0.0202255 0.17737 -0.984007 -0.0164398 
0.212654 -0.977088 -0.00874088 0.220359 -0.975417 -0.0018891 0.183614 -0.982637 0.0266687 
0.280076 -0.950506 -0.134518 0.268132 -0.9611 -0.0662777 0.21566 -0.976274 -0.0195065 
0.173363 -0.984782 -0.0122114 0.141801 -0.989697 -0.019809 0.133448 -0.990769 -0.023856 
0.489615 -0.667278 -0.561264 0.449241 -0.763546 -0.463875 0.365373 -0.880221 -0.302841 
0.323179 -0.935565 -0.142382 0.326717 0.364291 -0.872094 0.386073 0.361268 -0.848783 
0.350494 0.368876 -0.860863 0.424281 0.357397 -0.832018 0.457171 0.325302 -0.827752 
0.536296 0.10894 -0.83697 0.567647 -0.319905 -0.758576 0.528481 -0.578224 -0.621582 
0.607277 -0.291979 -0.738893 0.590859 -0.126484 -0.796798 0.530739 0.0771067 -0.84402 
0.0802601 -0.991542 0.101998 -0.0410049 -0.988463 0.145809 -0.139392 -0.973342 0.182143 
-0.384941 -0.777614 0.497128 -0.498886 -0.725653 0.473857 -0.244901 -0.915973 0.317833 
-0.544241 -0.424481 0.723614 -0.56565 0.00522479 0.824629 -0.557277 -0.130189 0.820057 
-0.391303 0.0660915 0.917886 -0.439641 0.0520661 0.896663 -0.513702 0.0669802 0.85535 
-0.496302 0.0518777 0.866599 -0.565568 0.0599198 0.822522 -0.319797 0.0652711 0.945235 
-0.291716 0.00971463 0.956456 -0.269578 0.0263624 0.962618 -0.272687 -0.0596817 0.96025 
-0.271695 -0.153711 0.950029 -0.283856 -0.267466 0.920808 -0.310216 -0.261001 0.914136 
-0.252883 -0.272428 0.92835 -0.266715 -0.224675 0.937222 -0.254582 -0.271884 0.928045 
-0.241281 -0.291521 0.925634 -0.216805 -0.285302 0.933594 -0.218732 -0.279545 0.934886 
-0.225597 -0.291275 0.929659 -0.228354 -0.278505 0.932893 -0.316668 -0.248898 0.915298 
-0.328753 -0.247631 0.911373 -0.327585 -0.249026 0.911413 -0.326903 -0.259868 0.908627 
-0.310506 -0.265365 0.91278 -0.182906 -0.279324 0.942615 -0.197176 -0.281594 0.939056 
-0.18524 -0.278659 0.942356 -0.233064 -0.281188 0.930921 -0.303542 -0.280963 0.910451 
-0.274516 -0.283346 0.918888 -0.188705 -0.298134 0.935685 -0.252296 -0.583667 0.771803 
-0.182543 -0.332871 0.925135 -0.168055 -0.387113 0.906588 -0.18007 -0.423642 0.887751 
-0.185924 -0.521256 0.832901 -0.215998 -0.58439 0.782198 -0.166613 -0.474163 0.864528 
-0.240373 -0.637728 0.731795 -0.34877 -0.65586 0.669483 -0.281891 -0.671732 0.685064 
-0.233639 -0.66718 0.707308 -0.685414 -0.266889 0.677479 -0.663975 -0.377234 0.645626 
-0.479798 -0.552335 0.681703 -0.550464 -0.447122 0.705033 -0.39324 -0.581922 0.711849 
-0.987282 -0.149882 0.0530125 -0.982667 -0.139537 0.122043 -0.963621 -0.116462 0.240566 
-0.921111 -0.0921492 0.378238 -0.878986 -0.0873827 0.468773 -0.791336 -0.147872 0.59323 
-0.808766 -0.0862274 0.581776 -0.689564 -0.192434 0.698191 -0.628361 0.479464 -0.612598 
-0.74181 0.503377 -0.443092 -0.86762 0.361394 -0.341511 -0.975849 0.132072 -0.173998 
-0.999874 0.0129791 -0.00919596 -0.973241 -0.129636 0.189729 -0.994278 -0.022223 0.104485 
-0.982768 -0.0640741 0.173384 -0.0980933 0.56874 -0.816647 -0.123473 0.601044 -0.78962 
-0.460035 0.637843 -0.617677 -0.330243 0.724409 -0.605121 -0.251843 0.720501 -0.646107 
-0.990277 -0.115526 0.0774909 -0.985322 -0.110713 0.129937 -0.985698 -0.0743814 0.151216 
0.1465 -0.989021 -0.0193993 0.174406 -0.984648 -0.0071507 0.206225 -0.978485 -0.00616373 
0.210587 -0.977337 0.0215862 0.156015 -0.984162 0.0841682 0.268612 -0.96265 -0.0339413 
0.2157 -0.976457 0.00224843 0.185027 -0.982733 0.000878374 0.152672 -0.988233 -0.00936868 
0.136656 -0.990477 -0.0167207 0.449182 -0.765787 -0.460224 0.413362 -0.836421 -0.359905 
0.315551 -0.923106 -0.219779 0.260256 -0.962321 -0.0787709 0.438379 0.360854 -0.82317 
0.443694 0.349629 -0.825163 0.463837 0.349048 -0.814261 0.505163 0.25703 -0.82386 
0.437757 0.362567 -0.822748 0.532015 -0.460427 -0.71061 0.491674 -0.683942 -0.538962 
0.616657 -0.0546995 -0.785329 0.588863 0.0219659 -0.807935 0.556028 -0.218346 -0.801971 
0.581278 0.13094 -0.803101 0.0194285 -0.974961 0.221527 -0.0786662 -0.969615 0.231642 
-0.466675 -0.623401 0.627364 -0.541909 -0.411477 0.732817 -0.471546 -0.700987 0.535035 
-0.597695 -0.446495 0.665886 -0.294451 -0.811593 0.504595 -0.150659 -0.892618 0.424895 
-0.604104 -0.215445 0.76723 -0.612185 -0.153683 0.775636 -0.601785 0.0424802 0.797528 
-0.604985 -0.0245262 0.795859 -0.368322 0.029639 0.929226 -0.431134 -0.00177817 0.902286 
-0.489424 0.0176614 0.871867 -0.554139 0.0588474 0.830341 -0.555865 0.0342865 0.830565 
-0.600792 0.0529906 0.797647 -0.364216 -0.0354846 0.930638 -0.309712 -0.074133 0.947936 
-0.305662 -0.136841 0.942255 -0.298355 -0.197627 0.933771 -0.2877 -0.253843 0.923468 
-0.259158 -0.259128 0.930424 -0.235675 -0.263795 0.935345 -0.282196 -0.251527 0.925797 
-0.23752 -0.282103 0.929517 -0.260163 -0.273214 0.926104 -0.217492 -0.265529 0.93925 
-0.225479 -0.269595 0.936204 -0.216744 -0.261963 0.940424 -0.210478 -0.262672 0.941649 
-0.316057 -0.248902 0.915509 -0.327586 -0.262714 0.907562 -0.328395 -0.283232 0.901075 
-0.186134 -0.299765 0.935679 -0.200896 -0.292463 0.934937 -0.26623 -0.296906 0.917043 
-0.233244 -0.298533 0.92546 -0.305777 -0.301624 0.903063 -0.232159 -0.617689 0.751374 
-0.181554 -0.326954 0.927437 -0.168695 -0.357056 0.918724 -0.14505 -0.382302 0.912582 
-0.136812 -0.43995 0.887539 -0.12223 -0.508972 0.852061 -0.150742 -0.57697 0.802734 
-0.191493 -0.634414 0.748898 -0.294003 -0.632195 0.716863 -0.335286 -0.60781 0.719826 
-0.239036 -0.654005 0.717732 -0.177797 -0.642701 0.745201 -0.581668 -0.231636 0.779748 
-0.552311 -0.325819 0.767329 -0.432405 -0.456346 0.777672 -0.363017 -0.53093 0.765723 
-0.987502 -0.0917768 0.128128 -0.967999 -0.0781779 0.238467 -0.932515 -0.0725073 0.353778 
-0.915253 -0.101372 0.389917 -0.837578 -0.127533 0.531224 -0.721979 -0.11102 0.68295 
-0.747345 -0.13163 0.651267 -0.71074 -0.0917336 0.697448 -0.625026 -0.142758 0.767439 
-0.579636 0.672994 -0.459457 -0.691251 0.644521 -0.326747 -0.80536 0.516714 -0.290522 
-0.921776 0.325893 -0.210052 -0.975031 0.214015 -0.0592623 -0.986829 0.156028 0.0427014 
-0.985705 0.0582414 0.158097 -0.980496 0.176939 0.0855526 -0.991799 0.0454324 0.119461 
-0.298079 0.738617 -0.604644 -0.465065 0.776963 -0.424314 -0.403546 0.78827 -0.464522 
-0.980902 -0.0750531 0.179438 -0.977962 -0.0891515 0.188792 -0.988732 -0.0159594 0.148846 
0.146439 -0.989193 -0.00729989 0.169611 -0.985071 0.0294617 0.203576 -0.978696 0.0266714 
0.201357 -0.975961 0.0834042 0.109372 -0.977477 0.180491 0.232161 -0.972626 -0.0100164 
0.212879 -0.977058 0.00627618 0.19196 -0.981402 -0.00114366 0.159631 -0.987164 -0.00509692 
0.140085 -0.990113 -0.00730665 0.398418 -0.812285 -0.425978 0.25241 -0.9174 -0.30768 
0.209611 -0.969085 -0.130147 0.202518 -0.978601 -0.0364322 0.501787 0.310133 -0.807482 
0.549621 0.275961 -0.788519 0.548136 -0.324558 -0.77085 0.481312 -0.566259 -0.669096 
0.538635 0.124873 -0.833234 0.52504 0.204288 -0.826196 0.551997 -0.085685 -0.829432 
0.535954 0.263827 -0.801966 -0.0618468 -0.922414 0.381217 -0.577353 -0.192448 0.793491 
-0.60216 -0.136702 0.786585 -0.547442 -0.411781 0.728522 -0.414627 -0.580081 0.701135 
-0.287163 -0.656168 0.69784 -0.218097 -0.746288 0.628878 -0.611266 -0.0660983 0.78866 
-0.619385 0.0520238 0.783362 -0.616678 0.021685 0.786917 -0.422824 -0.075617 0.903051 
-0.475207 -0.0479302 0.878567 -0.369954 -0.108004 0.922751 -0.546812 -0.00547277 0.837238 
-0.599022 0.0200225 0.800482 -0.619937 0.0417251 0.783541 -0.334864 -0.183058 0.924314 
-0.295787 -0.251923 0.921436 -0.269318 -0.253425 0.929109 -0.239178 -0.257381 0.936242 
-0.302011 -0.251048 0.919654 -0.315289 -0.223188 0.922377 -0.269098 -0.26662 0.925473 
-0.248318 -0.264813 0.931779 -0.208291 -0.255459 0.944116 -0.216553 -0.257308 0.941752 
-0.22817 -0.249053 0.941229 -0.205014 -0.243812 0.947906 -0.307876 -0.258453 0.91565 
-0.330852 -0.283472 0.9001 -0.316203 -0.286168 0.904502 -0.329736 -0.301917 0.894494 
-0.33757 -0.305447 0.890364 -0.196441 -0.316257 0.928112 -0.222008 -0.311907 0.923811 
-0.265634 -0.313644 0.911628 -0.304607 -0.313659 0.899351 -0.332622 -0.316052 0.888524 
-0.180617 -0.342222 0.922096 -0.102075 -0.415973 0.90363 -0.132859 -0.376802 0.916716 
-0.163432 -0.357111 0.919653 -0.0884963 -0.45987 0.883566 -0.0515506 -0.48992 0.870242 
-0.0768799 -0.551513 0.830616 -0.118958 -0.602507 0.789199 -0.123677 -0.61922 0.775416 
-0.265455 -0.607999 0.748246 -0.176037 -0.61491 0.768698 -0.0960314 -0.592331 0.799951 
-0.536362 -0.17297 0.826074 -0.511712 -0.250753 0.821751 -0.479549 -0.371107 0.795181 
-0.280193 -0.53971 0.793854 -0.32972 -0.456725 0.826249 -0.407848 -0.421722 0.809821 
-0.956891 -0.0636105 0.283396 -0.929956 -0.160542 0.330769 -0.956783 -0.100662 0.272825 
-0.864427 -0.223354 0.450422 -0.789771 -0.220787 0.572289 -0.730893 -0.230618 0.642347 
-0.656503 -0.12637 0.743663 -0.67778 -0.195909 0.708685 -0.573448 -0.149622 0.805463 
-0.607745 0.732262 -0.30731 -0.793783 0.578624 -0.187359 -0.889742 0.435972 -0.135233 
-0.926112 0.37545 -0.0367854 -0.962917 0.262268 0.0632905 -0.891781 0.445773 -0.0775426 
-0.934579 0.355041 -0.0225252 -0.96951 0.238058 0.0581294 -0.984214 0.146287 0.0996121 
-0.443501 0.793198 -0.417304 -0.510896 0.786591 -0.346785 -0.958914 -0.127111 0.253626 
-0.977319 -0.0807348 0.19578 -0.988321 0.0761744 0.131985 0.136662 -0.990414 0.0201041 
0.139936 -0.985116 0.0998187 0.201077 -0.973408 0.109753 0.196435 -0.959031 0.204139 
0.0784061 -0.940952 0.329334 0.209081 -0.977898 -0.000861241 0.211311 -0.977419 -0.000688095 
0.191437 -0.981441 -0.0112327 0.15625 -0.987702 -0.00557774 0.131383 -0.991318 0.00528793 
0.326054 -0.74484 -0.582153 0.130957 -0.909794 -0.393859 0.138463 -0.973883 -0.179945 
0.144394 -0.987325 -0.0658808 0.170184 -0.985305 -0.0145718 0.54276 0.296625 -0.785764 
0.539515 0.29282 -0.789417 0.484565 -0.248524 -0.838709 0.415049 -0.496756 -0.762213 
0.521765 0.195883 -0.830296 0.535805 0.188272 -0.823083 0.527038 0.17968 -0.83063 
0.510792 0.0402511 -0.858762 -0.034282 -0.843939 0.535343 -0.587804 -0.0538497 0.807209 
-0.540021 -0.112604 0.834085 -0.465567 -0.324986 0.823184 -0.611036 -0.0120556 0.791511 
-0.393824 -0.450921 0.800983 -0.14532 -0.677077 0.721421 -0.307809 -0.523208 0.794674 
-0.618598 0.04963 0.784138 -0.615981 0.041935 0.786644 -0.405325 -0.14044 0.903321 
-0.532534 -0.062112 0.844126 -0.470713 -0.112741 0.875054 -0.58162 -0.035115 0.812702 
-0.613606 0.00731378 0.789578 -0.617437 0.0297053 0.786059 -0.360908 -0.197853 0.911372 
-0.276488 -0.265489 0.923618 -0.219546 -0.259579 0.940435 -0.241237 -0.265576 0.933421 
-0.315773 -0.250528 0.915163 -0.346082 -0.230585 0.909427 -0.283954 -0.255542 0.924158 
-0.267717 -0.237462 0.933777 -0.197617 -0.247834 0.948433 -0.21612 -0.229207 0.949082 
-0.238882 -0.22191 0.945353 -0.19178 -0.233925 0.953152 -0.201084 -0.224784 0.953434 
-0.281434 -0.285706 0.916061 -0.291723 -0.299657 0.908352 -0.320327 -0.304831 0.896922 
-0.32792 -0.313588 0.89114 -0.34077 -0.316168 0.885389 -0.220463 -0.323989 0.920015 
-0.261069 -0.322479 0.909863 -0.300597 -0.32016 0.898409 -0.341638 -0.317876 0.884442 
-0.331985 -0.317526 0.888236 -0.201144 -0.33749 0.919588 -0.088306 -0.390212 0.91648 
-0.0558178 -0.435183 0.89861 -0.184392 -0.343544 0.920857 -0.140452 -0.355643 0.924008 
-0.00475042 -0.444833 0.895601 -0.00461692 -0.505545 0.862788 -0.0476536 -0.57142 0.819273 
-0.189181 -0.549704 0.813656 -0.101498 -0.548472 0.829986 -0.00790989 -0.542678 0.839903 
-0.0146034 -0.514809 0.85718 -0.482671 -0.171986 0.858749 -0.438745 -0.217604 0.871867 
-0.433546 -0.309901 0.846167 -0.234335 -0.451505 0.860947 -0.346371 -0.339499 0.87451 
-0.949596 -0.158647 0.270369 -0.917856 -0.222139 0.328929 -0.791703 -0.318766 0.521147 
-0.847386 -0.346789 0.402088 -0.746032 -0.326611 0.580312 -0.680757 -0.31744 0.660152 
-0.611353 -0.173297 0.77215 -0.6066 -0.269375 0.74798 -0.532258 -0.1996 0.822716 
-0.519822 0.795769 -0.310704 -0.537282 0.790916 -0.292882 -0.71195 0.660277 -0.239085 
-0.748511 0.637234 -0.183479 -0.814215 0.570452 -0.107883 -0.876109 0.4815 -0.0242885 
-0.921016 0.387797 0.0366456 -0.94682 0.312196 0.0778768 -0.95747 -0.149148 0.246993 
-0.984857 -0.0130182 0.172878 -0.961752 0.25085 0.110035 0.100232 -0.993073 0.0613186 
0.061893 -0.97871 0.195693 0.149777 -0.947246 0.283359 0.149211 -0.89997 0.409622 
0.199438 -0.979896 -0.00531315 0.209844 -0.977609 -0.0156685 0.18222 -0.983069 -0.0192462 
0.13994 -0.990152 -0.00397459 0.1018 -0.994567 0.0217389 0.369134 -0.431728 -0.823014 
0.171935 -0.699652 -0.693488 0.0924611 -0.859245 -0.50314 0.068528 -0.959335 -0.273824 
0.0822872 -0.976698 -0.198219 0.0842609 -0.992378 -0.0899212 0.113013 -0.993189 -0.0283617 
0.157727 -0.987421 -0.0110123 0.435489 -0.265924 -0.86002 0.44307 -0.0330409 -0.895878 
0.51205 0.1685 -0.842267 0.468895 0.136835 -0.87259 0.0214941 -0.819547 0.572609 
-0.592695 0.0231845 0.805094 -0.553989 -0.00390366 0.832515 -0.506777 -0.0401841 0.86114 
-0.481715 -0.187978 0.855929 -0.405525 -0.269203 0.873544 -0.163611 -0.597805 0.784768 
-0.283611 -0.41228 0.865789 -0.595069 0.0421056 0.802571 -0.595142 0.0491511 0.802116 
-0.436948 -0.161578 0.884856 -0.520946 -0.114475 0.845879 -0.601255 -0.0328739 0.79838 
-0.565712 -0.07477 0.821206 -0.610154 -0.00147084 0.792281 -0.590841 0.0197965 0.806545 
-0.400846 -0.198609 0.894359 -0.249086 -0.278001 0.927724 -0.209252 -0.264653 0.941367 
-0.324831 -0.229136 0.917596 -0.380647 -0.218615 0.898507 -0.282232 -0.205564 0.937064 
-0.30068 -0.218625 0.928329 -0.18277 -0.248056 0.951348 -0.17916 -0.234793 0.955392 
-0.219124 -0.215725 0.95155 -0.23992 -0.19493 0.951021 -0.187774 -0.223021 0.956558 
-0.198753 -0.200121 0.9594 -0.242883 -0.291686 0.925163 -0.289911 -0.308394 0.906005 
-0.32807 -0.316869 0.889924 -0.245739 -0.324982 0.913236 -0.324121 -0.316489 0.891505 
-0.292799 -0.316297 0.902344 -0.335546 -0.312629 0.888635 -0.0974597 -0.351109 0.931249 
-0.0373496 -0.392704 0.918906 -0.228339 -0.325381 0.917599 -0.197737 -0.336413 0.920721 
-0.175238 -0.317942 0.931775 0.0567403 -0.438776 0.896803 0.0190657 -0.383929 0.923166 
0.0395483 -0.506493 0.861337 -0.125642 -0.473979 0.871526 -0.0205581 -0.470593 0.882111 
0.0598461 -0.466635 0.882423 0.0726761 -0.432396 0.89875 -0.439081 -0.198461 0.876254 
-0.389101 -0.198754 0.899498 -0.368232 -0.250521 0.895346 -0.258512 -0.36478 0.894487 
-0.163081 -0.384995 0.908396 -0.285807 -0.282586 0.915674 -0.940782 -0.212639 0.264035 
-0.763364 -0.399625 0.507519 -0.918101 -0.272619 0.287696 -0.884904 -0.33449 0.324133 
-0.746819 -0.479948 0.460337 -0.678639 -0.442523 0.586193 -0.613409 -0.38866 0.687512 
-0.51298 -0.375937 0.771701 -0.537645 -0.277154 0.796319 -0.462794 -0.267769 0.845057 
-0.526093 0.805244 -0.273512 -0.548881 0.794324 -0.260344 -0.595636 0.774923 -0.211452 
-0.69773 0.705661 -0.12335 -0.765477 0.642247 -0.0395375 -0.811692 0.583767 0.019285 
-0.841969 0.535878 0.0626371 -0.969052 0.203381 0.139911 -0.969522 -0.105977 0.2209 
-0.86072 0.498779 0.101881 0.025994 -0.993338 0.112271 -0.0786385 -0.948897 0.305632 
-0.0355311 -0.906275 0.421192 0.197736 -0.980073 -0.0188921 0.206001 -0.978121 -0.0290232 
0.162888 -0.986568 -0.0122655 0.107766 -0.994062 0.0150781 0.0585043 -0.996944 0.0517639 
0.438719 -0.145065 -0.886838 0.340804 -0.0706942 -0.937473 0.198856 -0.404326 -0.892736 
0.145678 -0.698991 -0.700136 0.123895 -0.864649 -0.486859 0.0737571 -0.948305 -0.30867 
0.0275073 -0.98827 -0.150219 0.052481 -0.991916 -0.115535 0.0610135 -0.997311 -0.0406022 
0.101707 -0.994703 -0.0148765 0.157222 -0.987394 -0.0183088 0.430633 0.0855846 -0.89846 
0.445569 0.128778 -0.885937 -0.21951 -0.676193 0.703263 -0.555694 0.0428742 0.830281 
-0.510262 0.0316878 0.859435 -0.466473 0.0121245 0.884452 -0.451489 -0.0891037 0.887816 
-0.382886 -0.172827 0.907485 -0.328479 -0.341867 0.880471 -0.548645 0.0344091 0.835347 
-0.553454 0.0493469 0.831417 -0.45717 -0.165824 0.873784 -0.526106 -0.120406 0.841852 
-0.575395 -0.0751073 0.81442 -0.593309 -0.034684 0.804228 -0.580137 -0.00544709 0.814501 
-0.541005 0.0139347 0.840904 -0.190097 -0.272331 0.943239 -0.171026 -0.252292 0.952417 
-0.340464 -0.193552 0.92012 -0.399996 -0.193944 0.895762 -0.429502 -0.186941 0.883505 
-0.287233 -0.176276 0.941501 -0.319621 -0.180834 0.93013 -0.166507 -0.236114 0.957354 
-0.164887 -0.210436 0.963602 -0.25722 -0.168707 0.951512 -0.22202 -0.177495 0.958751 
-0.204793 -0.176651 0.962733 -0.175888 -0.185336 0.966806 -0.238604 -0.300342 0.923506 
-0.183193 -0.282112 0.941729 -0.277851 -0.308844 0.909623 -0.222072 -0.292743 0.930046 
-0.312723 -0.300697 0.900991 -0.275924 -0.318629 0.90683 -0.312376 -0.307618 0.898773 
-0.327397 -0.295745 0.897411 -0.315449 -0.286687 0.904601 -0.0425216 -0.338341 0.940062 
-0.120394 -0.300926 0.946017 -0.253199 -0.309635 0.916524 -0.205914 -0.272728 0.939797 
-0.229142 -0.291184 0.92882 0.0979097 -0.383798 0.918212 0.0699951 -0.36287 0.929207 
0.091089 -0.422484 0.901781 0.0106551 -0.321879 0.946721 -0.0480285 -0.411325 0.910222 
0.066653 -0.40806 0.910519 0.119728 -0.383944 0.915561 0.15965 -0.365375 0.917068 
-0.384067 -0.233583 0.89327 -0.349535 -0.200045 0.915318 -0.31519 -0.218636 0.923501 
-0.0705586 -0.340091 0.937742 -0.174691 -0.316359 0.932416 -0.225499 -0.251948 0.941102 
-0.7373 -0.521077 0.429962 -0.866728 -0.378264 0.325115 -0.984136 0.0561457 0.168295 
-0.597256 -0.563489 0.570759 -0.558062 -0.476206 0.679554 -0.431782 -0.3393 0.835727 
-0.414607 -0.416711 0.808982 -0.451722 -0.456752 0.766371 -0.39878 -0.29727 0.867528 
-0.522993 0.808177 -0.270792 -0.541877 0.805629 -0.23944 -0.562326 0.798257 -0.215814 
-0.583682 0.791482 -0.181304 -0.532731 0.835431 -0.1351 -0.543009 0.831799 -0.115115 
-0.594854 0.802643 -0.0437359 -0.634074 0.77322 0.00900032 -0.663455 0.746364 0.0526139 
-0.862491 0.482887 0.151424 -0.682953 0.723839 0.0981467 -0.0359266 -0.985502 0.165815 
-0.219174 -0.803475 0.553526 -0.206981 -0.817725 0.537108 -0.170018 -0.930828 0.323502 
0.199836 -0.979338 -0.0310152 0.196162 -0.980103 -0.0303071 0.120582 -0.992429 0.0233481 
0.0605008 -0.99621 0.0625008 -0.014502 -0.992924 0.117859 0.367812 0.108724 -0.923522 
0.300348 0.0997 -0.948605 0.214071 -0.0632837 -0.974766 0.414128 0.142281 -0.899029 
0.15591 -0.336568 -0.928662 0.157947 -0.647287 -0.745703 0.150541 -0.831981 -0.533989 
0.0912934 -0.922445 -0.375181 0.0247641 -0.982365 -0.185328 0.001949 -0.997358 -0.0726198 
0.0237286 -0.998187 -0.0553153 0.0491969 -0.998624 -0.0181851 0.101025 -0.994765 -0.0153831 
0.162199 -0.986432 -0.0253809 0.437958 0.140185 -0.887998 0.432606 0.146605 -0.889584 
-0.347858 -0.544779 0.763027 -0.376436 -0.394645 0.838183 -0.505451 0.0543108 0.861144 
-0.463394 0.0560236 0.88438 -0.435763 0.0494409 0.898703 -0.428983 -0.0260766 0.902936 
-0.409674 -0.0945445 0.907319 -0.417854 -0.15861 0.894562 -0.488295 0.0285464 0.872212 
-0.49729 0.0471463 0.866302 -0.476956 -0.152398 0.865614 -0.534125 -0.103679 0.839024 
-0.564389 -0.0628206 0.823115 -0.561168 -0.027459 0.827247 -0.529558 -0.00404993 0.848264 
-0.479561 0.010897 0.877441 -0.151153 -0.251253 0.956046 -0.143971 -0.224482 0.963784 
-0.406412 -0.162516 0.899121 -0.365877 -0.163252 0.916233 -0.449118 -0.15544 0.879847 
-0.29619 -0.147407 0.943686 -0.342628 -0.150578 0.927325 -0.159434 -0.189221 0.968905 
-0.139173 -0.200246 0.96981 -0.238032 -0.152589 0.959196 -0.181108 -0.162898 0.969878 
-0.128187 -0.2487 0.960061 -0.155925 -0.268498 0.950577 -0.207409 -0.273304 0.939301 
-0.257575 -0.28226 0.924113 -0.163275 -0.260018 0.951699 -0.266847 -0.266755 0.926086 
-0.294892 -0.288636 0.910894 -0.31523 -0.276331 0.907894 -0.271709 -0.258824 0.926922 
-0.300451 -0.259341 0.917862 -0.0675262 -0.285 0.956146 -0.15058 -0.25555 0.954997 
-0.275854 -0.270999 0.922206 -0.225039 -0.237839 0.944876 -0.256028 -0.248122 0.934283 
0.101565 -0.331612 0.937933 0.119571 -0.346125 0.930538 0.0571973 -0.301476 0.951757 
-0.0211238 -0.267291 0.963384 0.0329319 -0.350801 0.935871 0.130391 -0.350962 0.927267 
0.153821 -0.308643 0.938658 0.207703 -0.327408 0.921772 0.206996 -0.285063 0.935891 
-0.309418 -0.279183 0.90902 -0.291364 -0.224335 0.929936 -0.236376 -0.221621 0.94605 
0.00916623 -0.294643 0.955563 -0.111422 -0.269687 0.95648 -0.656682 -0.51962 0.546593 
-0.79485 -0.322186 0.514209 -0.963048 0.00553625 0.269273 -0.861717 0.450022 0.234359 
-0.401715 -0.519342 0.75426 -0.486688 -0.5823 0.6512 -0.347197 -0.353182 0.868744 
-0.361467 -0.416825 0.834026 -0.517132 0.84725 -0.121415 -0.515208 0.849252 -0.115463 
-0.49614 0.865093 -0.0738835 -0.476253 0.877708 -0.0530265 -0.457603 0.888112 -0.0430969 
-0.425061 0.904487 -0.0350362 -0.449932 0.893007 -0.0100362 -0.490279 0.870306 0.0468364 
-0.685787 0.706065 0.176547 -0.705317 0.621827 0.340382 -0.49922 0.855147 0.139654 
-0.261913 -0.67547 0.689305 -0.393762 -0.452386 0.800186 -0.375505 -0.723078 0.579788 
-0.0772868 -0.97736 0.196964 -0.277585 -0.808347 0.519155 -0.184286 -0.894633 0.407027 
0.207546 -0.977865 -0.0265516 0.190665 -0.981599 -0.0104668 0.16058 -0.984101 0.0758909 
0.0239162 -0.989866 0.139976 -0.0324179 -0.983915 0.175671 0.271671 0.102598 -0.956906 
0.246114 0.168469 -0.954487 0.190444 -0.042254 -0.980788 0.204966 -0.279486 -0.938017 
0.181633 -0.605777 -0.774625 0.210492 -0.75121 -0.625601 0.0703909 -0.892171 -0.446179 
0.0171861 -0.973382 -0.228542 -0.0105771 -0.995713 -0.091892 -0.0104423 -0.999581 -0.0269963 
0.0115236 -0.999683 -0.0223884 0.0475593 -0.998777 -0.0135167 0.104155 -0.994348 -0.0206072 
0.160617 -0.986751 -0.0229079 -0.397102 -0.252101 0.882471 -0.452609 0.0601419 0.889679 
-0.424724 0.0723519 0.902427 -0.418252 0.079269 0.904866 -0.424952 0.0283215 0.904773 
-0.428277 -0.00360496 0.90364 -0.432376 -0.0517954 0.900205 -0.429778 0.0236531 0.902625 
-0.440364 0.0437537 0.896752 -0.498751 -0.12405 0.857822 -0.521513 -0.0849824 0.849001 
-0.533653 -0.0428368 0.844618 -0.51333 -0.0169192 0.858025 -0.470296 -0.00113759 0.882508 
-0.421951 0.00880773 0.906576 -0.11787 -0.22239 0.967807 -0.124607 -0.205226 0.97075 
-0.406112 -0.129023 0.904669 -0.467392 -0.12138 0.875678 -0.284998 -0.127604 0.949997 
-0.333077 -0.115747 0.935768 -0.345169 -0.129417 0.929575 -0.377137 -0.118706 0.918519 
-0.13514 -0.178687 0.974581 -0.217958 -0.139087 0.965996 -0.264248 -0.129293 0.955749 
-0.159198 -0.157472 0.974607 -0.197054 -0.147374 0.969253 -0.0964787 -0.216565 0.971489 
-0.111497 -0.235422 0.965477 -0.139355 -0.235716 0.961779 -0.197805 -0.248677 0.948174 
-0.207835 -0.24308 0.947479 -0.299571 -0.248017 0.921273 -0.29877 -0.250111 0.920967 
-0.260214 -0.242468 0.934611 -0.10954 -0.243789 0.963622 -0.185822 -0.228988 0.955528 
-0.287262 -0.242558 0.926632 -0.247418 -0.21188 0.945458 -0.275715 -0.227827 0.93385 
0.104417 -0.279291 0.954512 0.0215516 -0.243618 0.969632 -0.0760928 -0.220623 0.972386 
0.106726 -0.293947 0.949845 0.178357 -0.293249 0.939252 0.141056 -0.246929 0.958712 
0.232345 -0.27425 0.933168 0.232279 -0.25427 0.938825 0.167239 -0.232017 0.958227 
-0.284603 -0.304152 0.909117 -0.218764 -0.279606 0.93486 -0.209803 -0.253603 0.944282 
-0.193929 -0.226792 0.954441 -0.129518 -0.250212 0.959489 -0.0118623 -0.273201 0.961884 
0.101735 -0.282503 0.953856 -0.646171 -0.15444 0.747403 -0.523616 -0.429326 0.73587 
-0.835524 0.162594 0.524846 -0.695587 0.425339 0.579004 -0.242886 -0.362531 0.899765 
-0.246676 -0.404347 0.880712 -0.350465 -0.442039 0.825697 -0.272506 -0.356303 0.89375 
-0.23899 -0.305343 0.921764 -0.412363 0.910492 -0.0310106 -0.404735 0.913883 -0.0317288 
-0.382606 0.923255 -0.034825 -0.36241 0.931506 -0.0309095 -0.391228 0.918082 0.0637707 
-0.542139 0.798033 0.263112 -0.524778 0.737227 0.425564 -0.525463 0.53652 0.660329 
-0.398382 0.899083 0.181497 -0.371989 0.872231 0.317549 -0.481832 -0.178583 0.857873 
-0.448505 -0.130858 0.884149 -0.463589 -0.42423 0.777891 -0.380048 -0.577569 0.72248 
-0.328173 -0.636431 0.698038 -0.137156 -0.925854 0.352112 -0.34101 -0.711418 0.614489 
0.215347 -0.976392 0.0168717 0.191562 -0.981241 0.0216958 0.217261 -0.970209 0.107205 
0.131221 -0.963179 0.234663 0.0357172 -0.969527 0.242367 0.241594 0.172552 -0.954913 
0.26831 0.0434189 -0.962354 0.337879 -0.234558 -0.911493 0.287249 -0.527665 -0.799411 
0.401132 -0.392419 -0.827708 0.184817 -0.65533 -0.732383 0.128109 -0.824258 -0.551531 
0.0549615 -0.93695 -0.345114 0.0147555 -0.97074 -0.239681 -0.0197348 -0.993992 -0.107658 
-0.0232059 -0.999253 -0.0308895 -0.0103212 -0.999924 -0.00678181 0.0110287 -0.999882 -0.0107403 
0.053752 -0.998422 -0.0162339 0.11368 -0.993392 -0.0157922 -0.409073 0.0610642 0.910456 
-0.397626 0.0829243 0.913793 -0.413736 0.102063 0.904658 -0.424966 0.0751311 0.902086 
-0.43588 0.0594466 0.898039 -0.453608 0.029151 0.890725 -0.385959 0.0186758 0.922327 
-0.395693 0.0387394 0.917565 -0.503441 -0.0517128 0.862481 -0.486882 -0.0798506 0.86981 
-0.492773 -0.0250365 0.869798 -0.458737 -0.00759159 0.88854 -0.415702 0.00173623 0.909499 
-0.380081 0.0073134 0.924924 -0.103922 -0.193542 0.975573 -0.416487 -0.0950101 0.904163 
-0.452307 -0.0908893 0.887219 -0.310313 -0.118613 0.943206 -0.350045 -0.105754 0.930744 
-0.366797 -0.0986379 0.925057 -0.380094 -0.102347 0.919268 -0.11477 -0.17599 0.977679 
-0.142929 -0.167664 0.975428 -0.244152 -0.138662 0.959772 -0.291892 -0.129506 0.947643 
-0.180567 -0.162185 0.970099 -0.222125 -0.154311 0.96273 -0.0783965 -0.211314 0.974269 
-0.0813275 -0.195619 0.977302 -0.092806 -0.219921 0.971093 -0.141299 -0.228982 0.963121 
-0.0940924 -0.215637 0.97193 -0.194663 -0.237634 0.951649 -0.139773 -0.229121 0.96331 
-0.288593 -0.2342 0.928366 -0.25734 -0.2271 0.939256 -0.213502 -0.229946 0.949496 
-0.176793 -0.205311 0.962596 -0.247658 -0.191959 0.949641 -0.283023 -0.200843 0.937849 
-0.27862 -0.210173 0.937122 -0.283277 -0.217105 0.934141 0.0561395 -0.223412 0.973106 
-0.040954 -0.205436 0.977813 -0.140393 -0.197189 0.970261 0.195775 -0.27461 0.941415 
0.0796566 -0.215103 0.973337 0.249967 -0.270239 0.929778 0.254997 -0.272293 0.927811 
0.196288 -0.253318 0.94726 0.100153 -0.231911 0.967567 -0.148957 -0.239775 0.959333 
-0.139958 -0.238739 0.960945 -0.169128 -0.253164 0.952525 -0.135234 -0.259447 0.956242 
-0.0766677 -0.275009 0.95838 0.072783 -0.295242 0.952646 0.183346 -0.305436 0.934394 
-0.522199 0.202223 0.828501 -0.407434 -0.159234 0.899245 -0.188608 -0.264694 0.945708 
-0.132842 -0.171203 0.976239 -0.153717 -0.192111 0.96926 -0.246633 -0.166616 0.954679 
-0.158845 -0.235853 0.958719 -0.316623 0.948535 -0.00566431 -0.308572 0.9512 -0.00159759 
-0.311082 0.947426 0.0749108 -0.324103 0.924103 0.202462 -0.389278 0.750685 0.533793 
-0.32825 0.557031 0.762869 -0.312436 0.218104 0.924562 -0.301434 0.875939 0.376655 
-0.270742 0.781612 0.561945 -0.470267 -0.00980427 0.88247 -0.474292 -0.0569266 0.878525 
-0.438859 -0.294564 0.848902 -0.447132 -0.379338 0.810046 -0.191214 -0.79985 0.568926 
-0.0413195 -0.884389 0.464919 -0.301404 -0.577586 0.75865 -0.421688 -0.416588 0.805378 
0.112784 -0.993064 0.03321 0.164183 -0.971799 0.169267 0.219062 -0.936552 0.273646 
0.0986576 -0.901329 0.421749 0.256422 0.177036 -0.950214 0.418081 0.19329 -0.887608 
0.448237 -0.0596535 -0.891922 0.308287 0.228717 -0.923389 0.460715 0.0716614 -0.884651 
0.319472 -0.286114 -0.903369 0.243213 -0.618639 -0.747084 0.243585 -0.782608 -0.57288 
0.13361 -0.819382 -0.55746 -0.116765 -0.974051 -0.193882 -0.020275 -0.990221 -0.138028 
-0.0306147 -0.998904 -0.0354176 -0.022161 -0.999751 -0.00261534 -0.0039914 -0.999988 -0.00290831 
0.01782 -0.9998 -0.00910421 0.0619418 -0.998055 -0.0070661 -0.381537 0.0558879 0.922663 
-0.40288 0.0967798 0.910122 -0.387947 0.0695583 0.919053 -0.425581 0.107222 0.898546 
-0.430232 0.10483 0.896611 -0.447737 0.103949 0.888103 -0.462533 0.0859488 0.882426 
-0.36436 0.0139465 0.931154 -0.371599 0.031081 0.927873 -0.471947 -0.0589642 0.879653 
-0.468653 -0.0316907 0.882814 -0.443687 -0.0114082 0.896109 -0.408302 5.10195e-05 0.912847 
-0.376186 0.00495335 0.926531 -0.359803 0.00779393 0.932996 -0.0992473 -0.183822 0.977936 
-0.410207 -0.0746643 0.908931 -0.440774 -0.0660599 0.895184 -0.33203 -0.117014 0.935983 
-0.354754 -0.102025 0.929376 -0.374315 -0.0872911 0.923184 -0.390039 -0.0837573 0.916981 
-0.129206 -0.178425 0.975433 -0.166234 -0.17352 0.970699 -0.266839 -0.145635 0.952674 
-0.315272 -0.131829 0.9398 -0.213343 -0.165439 0.962868 -0.0684709 -0.204347 0.976501 
-0.0682859 -0.195461 0.978331 -0.0860668 -0.188253 0.978342 -0.0909043 -0.215082 0.972356 
-0.0627405 -0.203267 0.977111 -0.14802 -0.2252 0.963003 -0.0891744 -0.216945 0.972102 
-0.266101 -0.218426 0.938872 -0.213941 -0.223834 0.950856 -0.219175 -0.194084 0.956187 
-0.278723 -0.195142 0.940337 -0.295876 -0.204125 0.933162 -0.279553 -0.209028 0.937101 
-0.268876 -0.215025 0.938866 -0.0210332 -0.209215 0.977643 -0.114381 -0.201456 0.972796 
-0.216986 -0.196364 0.956221 0.25814 -0.31154 0.914498 -0.00758379 -0.220598 0.975335 
0.262456 -0.312626 0.912898 0.220087 -0.32538 0.919614 0.125889 -0.295395 0.947045 
0.0246229 -0.281964 0.959109 -0.0670404 -0.212456 0.974868 -0.0691597 -0.224047 0.972121 
-0.100955 -0.189819 0.976615 -0.0422152 -0.280687 0.958871 0.0521104 -0.314644 0.947778 
0.155263 -0.329471 0.931312 0.230465 -0.346855 0.909163 -0.118379 -0.137685 0.983377 
-0.113885 0.0683786 0.991138 -0.103518 0.0392403 0.993853 -0.173773 0.123692 0.976987 
-0.26485 0.964278 -0.00471899 -0.231164 0.972913 0.00203055 -0.265061 0.95646 0.122175 
-0.275272 0.933078 0.231495 -0.211802 0.497307 0.841324 -0.280198 0.879344 0.385023 
-0.255147 0.740983 0.621164 -0.46771 0.0657213 0.881435 -0.473245 0.0384252 0.880092 
-0.474472 -0.112249 0.873085 -0.444192 -0.17033 0.879592 -0.17429 -0.647081 0.742233 
-0.0134011 -0.770997 0.636698 -0.354317 -0.319368 0.878899 0.0555311 -0.998198 0.0227487 
0.0779353 -0.990513 0.113179 0.0528266 -0.962322 0.266733 0.0646401 -0.877189 0.475774 
0.360771 0.240239 -0.901182 0.417335 0.236555 -0.877424 0.441446 0.160875 -0.882748 
0.380475 0.0968365 -0.919707 0.447184 0.181955 -0.875739 0.384687 -0.167226 -0.907773 
0.354947 -0.50115 -0.789216 0.383688 -0.592457 -0.708363 0.261981 -0.766458 -0.586437 
0.301059 -0.833256 -0.463733 0.319945 -0.909545 -0.265261 -0.198087 -0.854839 -0.479596 
-0.120339 -0.992155 -0.0338694 0.0482744 -0.998257 0.0339449 -0.0358763 -0.99924 -0.0152301 
-0.041656 -0.998522 -0.0349053 -0.0289227 -0.999575 0.00363581 -0.0146277 -0.999885 0.004046 
0.00108587 -0.99999 -0.0044287 0.0230319 -0.999721 -0.00516418 -0.380071 0.0439156 0.923914 
-0.413603 0.0852045 0.906462 -0.407073 0.059224 0.911474 -0.43276 0.0850327 0.89749 
-0.437473 0.110181 0.892456 -0.457002 0.12192 0.88107 -0.450138 0.118134 0.88511 
-0.462095 0.118566 0.878869 -0.366352 0.0123979 0.930394 -0.372589 0.0230706 0.92771 
-0.442682 -0.0383575 0.895858 -0.425025 -0.015615 0.905047 -0.397286 -0.000222868 0.917695 
-0.370622 0.00784337 0.928751 -0.355789 0.0112367 0.934499 -0.360992 0.0136769 0.932469 
-0.116173 -0.183686 0.976096 -0.389322 -0.0647622 0.918822 -0.416367 -0.0485604 0.907899 
-0.33879 -0.117858 0.933451 -0.343036 -0.100817 0.933896 -0.353704 -0.0846491 0.931519 
-0.364759 -0.070592 0.928422 -0.159987 -0.175996 0.971303 -0.302397 -0.147692 0.94167 
-0.265702 -0.158581 0.950923 -0.32037 -0.138239 0.937152 -0.252535 -0.171116 0.952337 
-0.21131 -0.173645 0.961871 -0.0595742 -0.194819 0.979028 -0.0761838 -0.188841 0.979048 
-0.111177 -0.179126 0.977524 -0.0562181 -0.205158 0.977113 -0.0512832 -0.194171 0.979626 
-0.0856046 -0.222738 0.971113 -0.140187 -0.229276 0.963213 -0.0489553 -0.209739 0.976531 
-0.162902 -0.226015 0.960406 -0.220804 -0.221408 0.949855 -0.311422 -0.203912 0.928136 
-0.292959 -0.199701 0.935037 -0.299344 -0.221359 0.928113 -0.253732 -0.224713 0.94081 
-0.240015 -0.216706 0.946272 -0.126661 -0.213378 0.968724 -0.287206 -0.21183 0.934152 
-0.229288 -0.220999 0.947938 0.255891 -0.379559 0.889075 -0.0879577 -0.259418 0.961751 
0.183999 -0.386775 0.903631 0.0765593 -0.376706 0.923164 -0.0406438 -0.351125 0.935446 
-0.0436459 -0.170949 0.984313 0.00576386 -0.189599 0.981845 0.0188037 -0.221343 0.975015 
0.0169824 -0.257749 0.966063 -0.0826387 -0.0916454 0.992357 -0.0490914 -0.104893 0.993271 
0.0891538 -0.28606 0.954055 0.151672 -0.314085 0.937201 0.206094 -0.347207 0.914862 
0.212441 -0.372116 0.903548 -0.0963329 0.0325107 0.994818 -0.176507 0.414804 0.892627 
-0.145851 0.336607 0.930281 -0.123439 0.24929 0.96053 -0.228991 0.973411 -0.00580377 
-0.226218 0.974044 -0.00800106 -0.225176 0.974286 -0.00794501 -0.238609 0.967 0.089317 
-0.214163 0.976791 -0.00363624 -0.264047 0.93195 0.248492 -0.276146 0.841919 0.463591 
-0.245884 0.63487 0.732449 -0.466975 0.115098 0.876748 -0.46435 0.0905459 0.881011 
-0.458912 -0.00494471 0.888468 -0.422792 -0.077098 0.902941 -0.19078 -0.584936 0.788323 
-0.261345 -0.417036 0.870506 -0.372085 -0.215979 0.902721 0.0158674 -0.999838 0.00851352 
0.0198693 -0.997092 0.0735657 -0.00818375 -0.975603 0.219391 -0.0918025 -0.872191 0.480474 
-0.153465 -0.738105 0.657 0.384221 0.15307 -0.910463 0.504443 0.0340094 -0.862775 
0.425771 0.164114 -0.889823 0.391883 0.15596 -0.9067 0.500048 -0.295379 -0.814066 
0.52041 -0.124519 -0.844789 0.384259 -0.443963 -0.80947 0.330781 -0.670665 -0.663923 
0.220256 -0.887029 -0.405791 0.306461 -0.951281 0.0338637 0.0679401 -0.968095 -0.241199 
0.0717008 -0.990716 -0.115504 -0.00624116 -0.999948 0.00811008 -0.0177867 -0.999486 0.0266651 
-0.0295001 -0.999447 0.0153595 -0.0174441 -0.999751 0.0139247 -0.0066936 -0.999977 -0.000832769 
-0.00165879 -0.999996 -0.00242424 -0.397822 0.035131 0.91679 -0.425992 0.0519528 0.903234 
-0.443292 0.0657763 0.893961 -0.445057 0.0962671 0.890313 -0.458599 0.12568 0.879711 
-0.456459 0.107958 0.88317 -0.459955 0.122587 0.879439 -0.383803 0.0176979 0.923245 
-0.390468 0.0198365 0.920403 -0.403204 -0.0227792 0.914827 -0.381135 -0.00227779 0.924516 
-0.360092 0.0115841 0.932845 -0.348733 0.0193485 0.937022 -0.354627 0.0237523 0.934706 
-0.37662 0.0271882 0.925969 -0.352799 -0.0506615 0.934327 -0.378537 -0.0350212 0.924923 
-0.315249 -0.107047 0.942952 -0.311478 -0.0830216 0.94662 -0.330409 -0.0637524 0.941682 
-0.19961 -0.177364 0.96369 -0.158433 -0.176802 0.971411 -0.294819 -0.162788 0.941585 
-0.303364 -0.1456 0.941685 -0.290648 -0.12596 0.948503 -0.251111 -0.174895 0.952027 
-0.0728421 -0.183555 0.980307 -0.147041 -0.176157 0.973318 -0.107698 -0.178171 0.978088 
-0.0399047 -0.196864 0.979618 -0.0574019 -0.186498 0.980777 -0.0432746 -0.218448 0.974889 
-0.0944085 -0.226576 0.969407 -0.0274943 -0.203644 0.978659 -0.168817 -0.23116 0.958158 
-0.322771 -0.222257 0.920011 -0.307302 -0.225351 0.924545 -0.252279 -0.237104 0.938156 
-0.237289 -0.23249 0.943209 -0.188843 -0.24454 0.951072 -0.204668 -0.254054 0.945287 
-0.292191 -0.24825 0.923578 0.156671 -0.4113 0.897934 -0.154976 -0.315051 0.936336 
0.0167673 -0.401745 0.915598 -0.126561 -0.359856 0.924384 -0.00345995 -0.118031 0.993004 
0.0399361 -0.144662 0.988675 0.0656347 -0.210484 0.975392 0.0995468 -0.256509 0.961402 
-0.0609832 0.0198763 0.997941 -0.025499 -0.0106405 0.999618 0.168869 -0.302237 0.938156 
0.190503 -0.331998 0.923843 0.179251 -0.355207 0.917441 0.151837 -0.37708 0.91365 
-0.102245 0.201356 0.974167 -0.202338 0.616002 0.761315 -0.175311 0.538202 0.824381 
-0.187322 0.454486 0.870834 -0.233383 0.97191 -0.0304045 -0.237569 0.970806 -0.033126 
-0.283175 0.953084 0.106976 -0.295746 0.90146 0.316078 -0.266253 0.793352 0.54745 
-0.462641 0.131666 0.876714 -0.459293 0.133675 0.878169 -0.454201 0.123707 0.882269 
-0.449677 0.0569634 0.891373 -0.44864 -0.00106643 0.893712 -0.293365 -0.483066 0.824975 
-0.39414 -0.304554 0.867122 -0.443589 -0.0752602 0.893065 -0.00996315 -0.999314 0.0356763 
-0.0518473 -0.989055 0.13814 -0.155387 -0.930659 0.331255 -0.363843 -0.713911 0.598289 
-0.287251 -0.588026 0.756117 0.492289 0.164004 -0.854842 0.525948 0.144582 -0.838138 
0.54011 0.115017 -0.833698 0.516394 0.0902209 -0.851585 0.472806 -0.0757838 -0.877902 
0.479714 -0.358954 -0.800642 0.377817 -0.673237 -0.635614 0.305587 -0.774777 -0.553477 
-0.00312105 -0.950076 -0.312004 -0.049231 -0.997537 -0.0499618 -0.0427496 -0.998942 0.0169339 
-0.0183393 -0.999423 0.0285767 -0.0159816 -0.99956 0.0249964 -0.0070684 -0.999956 0.0061593 
-0.00435587 -0.999968 -0.00673464 -0.0146794 -0.999813 0.0125997 -0.419734 0.0296499 0.907163 
-0.442151 0.0393744 0.896076 -0.452532 0.0475528 0.89048 -0.453096 0.0772927 0.888104 
-0.455139 0.0925322 0.885599 -0.450717 0.108607 0.886035 -0.406973 0.0309983 0.912914 
-0.41397 0.0232135 0.909994 -0.359345 -0.00936585 0.933158 -0.342761 0.0119909 0.939346 
-0.33624 0.0268034 0.941395 -0.345042 0.0360111 0.937896 -0.367897 0.042021 0.928917 
-0.398221 0.0465982 0.916105 -0.30417 -0.0364917 0.951919 -0.332854 -0.0220765 0.94272 
-0.254986 -0.0938339 0.962381 -0.273481 -0.0804575 0.958507 -0.276214 -0.0514646 0.959717 
-0.256308 -0.066214 0.964325 -0.199847 -0.173667 0.964314 -0.282023 -0.163514 0.945371 
-0.295694 -0.154749 0.942665 -0.272178 -0.137381 0.952389 -0.228866 -0.106991 0.96756 
-0.245541 -0.166887 0.954913 -0.270307 -0.162656 0.948935 -0.0915827 -0.180881 0.979232 
-0.142807 -0.169568 0.975117 -0.0434819 -0.187999 0.981206 -0.0862771 -0.173342 0.981075 
-0.0362616 -0.236594 0.970932 -0.0131664 -0.219156 0.975601 -0.0860296 -0.243598 0.966053 
-0.0227628 -0.200005 0.979531 -0.106975 -0.250407 0.962213 -0.319104 -0.236723 0.917679 
-0.301693 -0.222302 0.927126 -0.164154 -0.244344 0.955693 -0.190962 -0.213037 0.958201 
-0.247149 -0.20363 0.94734 -0.154571 -0.253174 0.954993 -0.240283 -0.294791 0.924858 
-0.298217 -0.260599 0.918235 0.0637633 -0.384774 0.920806 -0.0523052 -0.363926 0.929958 
-0.164399 -0.313581 0.935222 -0.211555 -0.320015 0.923491 0.0136334 -0.0439546 0.998941 
0.0467567 -0.0772215 0.995917 0.0799423 -0.178058 0.980767 0.129363 -0.258506 0.957309 
-0.0665091 0.148496 0.986674 -0.0223544 0.0949525 0.995231 0.149757 -0.307151 0.939804 
0.144879 -0.342097 0.928429 0.0869518 -0.341691 0.935781 -0.144627 0.368376 0.918359 
-0.252411 0.784417 0.56655 -0.298678 0.7302 0.614491 -0.282232 0.616095 0.735372 
-0.26471 0.963018 -0.050258 -0.312441 0.948451 -0.0531219 -0.346981 0.929546 0.12469 
-0.345892 0.873855 0.341666 -0.454618 0.14056 0.879526 -0.448631 0.126984 0.88465 
-0.447837 0.141954 0.882775 -0.461328 0.113172 0.879982 -0.466345 0.0660449 0.882134 
-0.41692 -0.228107 0.879855 -0.471353 0.0136775 0.881839 -0.044218 -0.995099 0.0884457 
-0.104002 -0.971114 0.214757 -0.268116 -0.821308 0.503555 -0.183777 -0.896382 0.403392 
-0.398229 -0.598587 0.695059 -0.509352 -0.41042 0.756384 -0.482362 -0.348055 0.803856 
0.495837 0.0934607 -0.863372 0.545073 0.124278 -0.829127 0.544318 -0.0561911 -0.836995 
0.502244 -0.440748 -0.743971 0.591344 -0.0448811 -0.80517 0.481772 -0.481165 -0.732377 
0.204198 -0.746953 -0.632743 -0.0056147 -0.892366 -0.451277 -0.132932 -0.967457 -0.215305 
-0.160344 -0.983927 -0.0785978 -0.0965898 -0.995321 0.00255783 -0.0530407 -0.998501 0.0134806 
-0.0206544 -0.999658 0.0160275 -0.00825685 -0.999878 0.0132658 -0.00230105 -0.999976 -0.00650327 
-0.0114791 -0.999932 -0.00200924 -0.0424627 -0.997502 0.0564552 -0.439824 0.0280802 0.897645 
-0.453064 0.0310523 0.890937 -0.452323 0.0336987 0.891217 -0.452313 0.0574692 0.890006 
-0.44484 0.0712995 0.892767 -0.436895 0.0908605 0.894912 -0.429088 0.050378 0.901857 
-0.435589 0.0339435 0.899505 -0.318514 0.00562825 0.947902 -0.316696 0.0288508 0.948088 
-0.331162 0.0456851 0.942467 -0.357075 0.0556388 0.932417 -0.388268 0.062196 0.919445 
-0.42158 0.0690909 0.904155 -0.25612 -0.0184088 0.96647 -0.288963 -0.00553434 0.957324 
-0.18392 -0.0704927 0.98041 -0.213236 -0.0571984 0.975325 -0.216635 -0.0341654 0.975655 
-0.197561 -0.160342 0.967088 -0.235166 -0.160919 0.958542 -0.274195 -0.146989 0.950374 
-0.211957 -0.111661 0.970879 -0.236473 -0.119494 0.964262 -0.152784 -0.0802294 0.984998 
-0.258832 -0.160156 0.952552 -0.253421 -0.14466 0.956479 -0.135102 -0.162053 0.97749 
-0.183532 -0.156326 0.970504 -0.0583464 -0.181535 0.981652 -0.111045 -0.170121 0.979147 
-0.036412 -0.249709 0.967636 -0.000495207 -0.239058 0.971005 -0.00245941 -0.221104 0.975247 
-0.0338454 -0.201835 0.978835 -0.049212 -0.268423 0.962043 -0.284524 -0.229322 0.930837 
-0.239828 -0.188525 0.952334 -0.0883032 -0.251243 0.963888 -0.104394 -0.203099 0.973577 
-0.168913 -0.167061 0.97137 -0.251032 -0.268388 0.930027 0.00289163 -0.328792 0.944398 
-0.0825669 -0.291595 0.952972 -0.186289 -0.245443 0.951343 -0.143056 -0.252736 0.956901 
0.0146958 0.0548081 0.998389 0.0377749 0.0229855 0.999022 0.0678172 -0.109276 0.991695 
0.103772 -0.215882 0.970889 -0.0713037 0.279749 0.957422 -0.0225186 0.22957 0.973032 
0.0972945 -0.263109 0.959848 0.0345562 -0.257531 0.965652 -0.196729 0.58897 0.783844 
-0.113467 0.512746 0.851009 -0.344492 0.8176 0.461362 -0.368339 0.861236 0.350141 
-0.284118 0.765182 0.577732 -0.304128 0.949411 -0.0782582 -0.315793 0.945177 -0.0831625 
-0.34249 0.9343 -0.0989136 -0.35414 0.934709 -0.030079 -0.376433 0.915343 0.142989 
-0.430926 0.117335 0.894726 -0.43328 0.147538 0.889101 -0.457577 0.159982 0.874659 
-0.466951 0.137994 0.87345 -0.466121 0.126454 0.875637 -0.513132 -0.0489933 0.85691 
-0.503594 0.122155 0.855261 -0.0975226 -0.97581 0.195663 -0.328038 -0.659217 0.676627 
-0.194592 -0.918178 0.345085 -0.349689 -0.736447 0.579106 -0.46453 -0.321804 0.825018 
-0.525992 -0.133187 0.839996 0.562025 0.125118 -0.817602 0.586326 -0.183479 -0.789023 
0.584758 0.0881709 -0.806402 0.605225 0.0803953 -0.791984 0.575584 0.120442 -0.808824 
0.584235 -0.102588 -0.805075 0.416537 -0.398426 -0.817162 0.379634 -0.625653 -0.681495 
0.185988 -0.824295 -0.534739 0.0326801 -0.923257 -0.382791 -0.0705189 -0.984674 -0.159513 
-0.178518 -0.980727 -0.0794109 -0.187868 -0.982194 0.000451734 -0.147619 -0.989044 -0.000505101 
-0.102344 -0.99471 0.00879063 -0.0525288 -0.998618 -0.00167551 -0.0191995 -0.999813 -0.00224606 
-0.0041341 -0.999983 -0.00417377 -0.00424929 -0.999937 -0.0103651 -0.0307042 -0.999219 0.0248785 
-0.098139 -0.986643 0.130018 -0.452358 0.0337028 0.8912 -0.453949 0.0305907 0.890502 
-0.442252 0.0269484 0.896486 -0.44156 0.0395094 0.896361 -0.427205 0.0519143 0.902663 
-0.413594 0.0728128 0.907545 -0.445021 0.0686367 0.892886 -0.449333 0.0496875 0.891981 
-0.29056 0.0238233 0.95656 -0.310676 0.0505002 0.949173 -0.344923 0.0653069 0.936356 
-0.379177 0.0716911 0.922543 -0.409608 0.074682 0.9092 -0.442897 0.0803329 0.892966 
-0.435683 0.0776805 0.896742 -0.22347 0.00639884 0.97469 -0.258978 0.0150924 0.965765 
-0.123262 -0.0444667 0.991377 -0.153028 -0.0365403 0.987546 -0.174933 -0.0280082 0.984182 
-0.186456 -0.00140635 0.982462 -0.223733 -0.153209 0.962533 -0.245274 -0.142979 0.958852 
-0.220587 -0.118524 0.968139 -0.171424 -0.0877754 0.981279 -0.113268 -0.0640005 0.991501 
-0.0932156 -0.0491372 0.994433 -0.207276 -0.115071 0.971491 -0.22642 -0.119422 0.966681 
-0.166779 -0.162598 0.972495 -0.207042 -0.153028 0.96629 -0.0849714 -0.182904 0.979452 
-0.144555 -0.167309 0.975249 0.00676877 -0.256631 0.966486 0.0149208 -0.241787 0.970215 
-0.0113102 -0.224797 0.97434 -0.0587642 -0.206543 0.976671 -0.0226843 -0.257258 0.966077 
0.0182775 -0.266118 0.963767 -0.225286 -0.185321 0.956505 -0.235805 -0.204447 0.950051 
-0.160282 -0.146391 0.976155 -0.034288 -0.212784 0.976497 -0.0912989 -0.160137 0.982864 
-0.0309813 -0.178629 0.983429 -0.104385 -0.123651 0.98682 -0.209992 -0.213958 0.954005 
-0.0298187 -0.233403 0.971923 -0.0904034 -0.187634 0.97807 -0.14181 -0.178766 0.973618 
0.0081008 0.192306 0.981302 0.0220022 0.165046 0.98604 0.044785 -0.00256745 0.998993 
0.0688984 -0.139063 0.987884 -0.0649688 0.454918 0.88816 -0.0267426 0.409523 0.911908 
0.0399028 -0.150219 0.987847 0.00127705 -0.141854 0.989887 -0.190416 0.755075 0.627378 
-0.120361 0.69824 0.705673 -0.337241 0.878041 0.339576 -0.363099 0.909781 0.20114 
-0.340152 0.934452 -0.105336 -0.341025 0.933289 -0.112574 -0.363804 0.93141 -0.0110425 
-0.401981 0.105624 0.909535 -0.419547 0.154013 0.894573 -0.44637 0.176183 0.877333 
-0.45807 0.167111 0.873067 -0.464446 0.18422 0.866229 -0.523712 0.0625339 0.849597 
-0.511443 0.164977 0.843332 -0.494853 0.210095 0.843197 -0.518989 -0.362075 0.774308 
-0.127129 -0.966353 0.223605 -0.266922 -0.748496 0.607048 -0.190132 -0.887702 0.419326 
-0.308086 -0.606124 0.733278 -0.456124 -0.458495 0.762715 -0.550312 -0.0173764 0.834779 
0.606632 0.075597 -0.791381 0.572173 0.0203298 -0.819881 0.508315 -0.0426222 -0.860116 
0.605168 0.0757578 -0.792485 0.519981 -0.223876 -0.824318 0.468718 -0.459687 -0.754315 
0.473455 -0.68546 -0.553159 0.302193 -0.810861 -0.501182 0.575327 -0.386447 -0.720873 
0.0886076 -0.959545 -0.267248 -0.14308 -0.989149 -0.0333435 -0.0411723 -0.996305 -0.0753674 
-0.150794 -0.988522 0.00919856 -0.174594 -0.984372 0.0230135 -0.151851 -0.988334 0.0116786 
-0.0991332 -0.995072 0.00184363 -0.0465315 -0.998908 -0.00422033 -0.0160987 -0.999821 -0.00995544 
-0.00253602 -0.999925 -0.0119931 -0.0097153 -0.999895 0.0107497 -0.0495211 -0.99487 0.0882172 
-0.455172 0.0448218 0.889275 -0.44655 0.0355616 0.894052 -0.425886 0.0254917 0.904418 
-0.42307 0.027585 0.905677 -0.402353 0.036705 0.914748 -0.383754 0.0551182 0.921789 
-0.456041 0.0795202 0.886399 -0.4553 0.064993 0.887963 -0.282346 0.0427704 0.958359 
-0.337857 0.0689604 0.938668 -0.319407 0.059389 0.945755 -0.373973 0.0756579 0.924348 
-0.407497 0.0751556 0.910109 -0.434471 0.0735102 0.897681 -0.453257 0.0809173 0.887699 
-0.455852 0.0738254 0.886988 -0.224199 0.0324793 0.974002 -0.255056 0.0376659 0.966192 
-0.0950091 -0.0240711 0.995185 -0.122182 -0.0153849 0.992388 -0.152389 -0.00606562 0.988302 
-0.190626 0.0254996 0.981332 -0.221161 -0.13678 0.965598 -0.210787 -0.113068 0.970971 
-0.150475 -0.0874665 0.984737 -0.105556 -0.0586645 0.992681 -0.0734262 -0.041333 0.996444 
-0.0743705 -0.0278996 0.99684 -0.173401 -0.0885154 0.980866 -0.192081 -0.147676 0.970204 
-0.112637 -0.185066 0.97625 -0.150909 -0.159309 0.975627 0.0292388 -0.251319 0.967463 
0.00899036 -0.237487 0.971349 -0.0354716 -0.219129 0.975051 -0.0940763 -0.190071 0.977253 
0.0153471 -0.232914 0.972376 0.0352096 -0.235579 0.971217 -0.167658 -0.155146 0.973561 
-0.118115 -0.109764 0.986915 -0.088591 -0.0998489 0.991051 0.0156296 -0.195064 0.980666 
-0.0412331 -0.128974 0.99079 0.00228124 -0.147834 0.98901 -0.0488369 -0.0906105 0.994688 
-0.0357376 -0.118458 0.992316 -0.059532 -0.0824775 0.994813 -0.0853541 -0.12305 0.988723 
-0.083883 -0.098241 0.991621 -0.111732 -0.117197 0.986803 -0.00468518 0.374868 0.927066 
0.00110743 0.349356 0.936989 0.0196336 0.146688 0.988988 0.0332489 -0.0181413 0.999282 
-0.0691905 0.651715 0.755302 -0.0388696 0.614432 0.788012 0.0101764 -0.0215164 0.999717 
-0.013717 -0.0151712 0.999791 -0.181467 0.866869 0.464336 -0.109442 0.845619 0.522446 
-0.358963 0.92959 0.0837177 -0.283544 0.914076 0.289946 -0.389114 0.920366 0.038945 
-0.364691 0.920718 -0.138847 -0.371369 0.91792 -0.139671 -0.395761 0.119195 0.910585 
-0.373786 0.0757903 0.924413 -0.413306 0.151334 0.897929 -0.43873 0.185944 0.87917 
-0.454125 0.222131 0.862803 -0.503623 0.152897 0.850286 -0.486531 0.214004 0.847048 
-0.467416 0.247049 0.848816 -0.469434 -0.183994 0.863584 -0.537914 -0.0822971 0.838973 
-0.0745297 -0.973281 0.217185 -0.425303 -0.295545 0.855436 -0.322159 -0.684179 0.654303 
-0.0883259 -0.921606 0.377942 -0.168434 -0.782294 0.599705 -0.521182 0.0850534 0.849197 
-0.525731 0.177688 0.831886 0.5217 0.0314581 -0.852549 0.599002 -0.120666 -0.791604 
0.548513 0.00526398 -0.836125 0.51234 0.0149133 -0.858653 0.556882 -0.552673 -0.620028 
0.286258 -0.894062 -0.344542 0.39193 -0.852323 -0.346319 0.583868 -0.702687 -0.406607 
0.62878 -0.0633589 -0.774998 0.624611 -0.277304 -0.730043 0.124915 -0.97954 -0.157787 
-0.0777387 -0.996579 -0.0280575 -0.156303 -0.987359 0.0262851 -0.156544 -0.986919 0.0385236 
-0.139916 -0.990062 0.0141504 -0.0860039 -0.996259 0.00845206 -0.0347069 -0.998994 0.0283968 
-0.00967052 -0.999844 0.0147928 -0.00128523 -0.999958 0.00905426 -0.0158587 -0.996825 0.0780292 
-0.452679 0.0553144 0.889956 -0.434746 0.0396265 0.899681 -0.405445 0.0250254 0.913777 
-0.39942 0.0209867 0.916528 -0.373977 0.0260737 0.927071 -0.356712 0.0415151 0.933292 
-0.466083 0.0756225 0.881503 -0.459963 0.0724806 0.884975 -0.304746 0.0597209 0.950559 
-0.360528 0.0699276 0.930123 -0.359879 0.070767 0.930311 -0.40493 0.0747414 0.911288 
-0.439296 0.0691193 0.895679 -0.461616 0.0637845 0.884784 -0.475117 0.0619061 0.877742 
-0.263352 0.0602921 0.962814 -0.285824 0.0616187 0.956299 -0.108817 -0.0127486 0.99398 
-0.129138 -0.00155137 0.991625 -0.156568 0.0126932 0.987586 -0.224113 0.0395453 0.973761 
-0.196692 -0.111048 0.974156 -0.19854 -0.121196 0.972571 -0.154688 -0.0868064 0.984142 
-0.116398 -0.0677119 0.990892 -0.0835827 -0.0573075 0.994852 -0.0605216 -0.0389706 0.997406 
-0.0615673 -0.027811 0.997715 -0.0961244 -0.0193061 0.995182 -0.112232 -0.0599303 0.991873 
-0.174655 -0.126072 0.976525 -0.150234 -0.137066 0.979103 -0.124727 -0.158773 0.979405 
0.0246203 -0.231865 0.972436 -0.00948652 -0.219165 0.975642 -0.0553476 -0.196894 0.978861 
-0.0966503 -0.174266 0.979944 0.0268922 -0.202835 0.978844 -0.097067 -0.0945984 0.990772 
-0.0678508 -0.0706937 0.995188 -0.0421262 -0.0604538 0.997282 0.0196011 -0.159706 0.98697 
-0.0110828 -0.0983369 0.995091 0.00984484 -0.109932 0.99389 -0.0173157 -0.0579978 0.998167 
-0.0323641 -0.00178476 0.999475 -0.0310747 0.0145355 0.999411 -0.0508885 -0.0519883 0.99735 
-0.0398311 -0.0286406 0.998796 -0.0655065 -0.0666581 0.995623 -0.0276284 0.58056 0.813749 
-0.0276894 0.553046 0.832691 -0.00838488 0.331658 0.943362 0.00517231 0.135054 0.990825 
-0.0718153 0.821759 0.565292 -0.0622072 0.795211 0.603133 -0.0117775 0.126469 0.991901 
-0.0235011 0.122474 0.992193 -0.126912 0.953016 0.275052 -0.197226 0.962493 0.186303 
-0.0923416 0.94475 0.314517 -0.260668 0.964747 -0.0362638 -0.366455 0.924178 -0.107729 
-0.365366 0.919306 -0.146233 -0.386222 0.104098 0.916513 -0.357765 0.071208 0.931093 
-0.375829 0.128266 0.917769 -0.417169 0.186456 0.889497 -0.444186 0.249776 0.860413 
-0.421211 0.225655 0.878443 -0.47401 0.248697 0.844668 -0.438107 0.267997 0.858044 
-0.428586 0.0275056 0.903082 -0.018135 -0.979758 0.199362 -0.429212 -0.133831 0.893234 
-0.362368 -0.443723 0.819634 -0.465833 0.0853964 0.880742 -0.441404 0.071894 0.894424 
-0.195185 -0.541548 0.817697 0.00547814 -0.925265 0.379283 -0.0485154 -0.804674 0.591732 
-0.0947311 -0.572009 0.814759 -0.454891 0.160452 0.875973 -0.451625 0.233601 0.861084 
0.583036 -0.00873249 -0.812399 0.660655 -0.458856 -0.594127 0.372171 -0.891631 -0.257844 
0.718066 -0.468231 -0.514919 0.67162 -0.703133 -0.233517 0.502627 -0.83378 -0.228421 
0.760881 -0.542365 -0.35623 0.626261 -0.0513505 -0.777921 0.641804 -0.0558389 -0.764833 
0.713713 -0.187157 -0.674971 0.610529 -0.0277458 -0.791507 0.621297 -0.0444702 -0.782312 
0.257841 -0.959532 -0.113206 0.0267501 -0.997881 -0.0593094 -0.0880203 -0.995778 0.0260647 
-0.151157 -0.987253 0.0498372 -0.128029 -0.987722 0.0895216 -0.125582 -0.990359 0.0584672 
-0.118423 -0.992488 0.0307127 -0.068151 -0.996426 0.0499074 -0.0187265 -0.992932 0.117197 
0.00320482 -0.995648 0.0931388 0.00375088 -0.996927 0.0782477 -0.447203 0.0574735 0.892584 
-0.418914 0.0393841 0.907171 -0.381912 0.0226051 0.923922 -0.372632 0.0169703 0.927824 
-0.343059 0.0201333 0.939098 -0.32415 0.0400746 0.945157 -0.47632 0.0583312 0.877335 
-0.465755 0.0696922 0.882165 -0.456201 0.0676247 0.887303 -0.35557 0.0783695 0.931358 
-0.414169 0.0807563 0.90661 -0.451931 0.0718615 0.889154 -0.4742 0.0577732 0.87852 
-0.486589 0.0477613 0.872324 -0.489221 0.0418495 0.871155 -0.350524 0.0843252 0.93275 
-0.350056 0.0867089 0.932707 -0.315602 0.055915 0.947243 -0.164277 -0.0107069 0.986356 
-0.178118 0.00258658 0.984006 -0.198757 0.0202656 0.979839 -0.297274 0.0393232 0.953982 
-0.165424 -0.096007 0.981538 -0.122116 -0.0720056 0.9899 -0.0917078 -0.0597903 0.993989 
-0.0689725 -0.0453948 0.996585 -0.0476931 -0.0362251 0.998205 -0.0530369 -0.0274601 0.998215 
-0.089087 -0.0216467 0.995789 -0.157035 -0.0169383 0.987448 -0.0588234 -0.04194 0.997387 
-0.133775 -0.105533 0.985377 -0.110921 -0.132594 0.984944 0.00805135 -0.199464 0.979872 
-0.0279164 -0.183349 0.982651 -0.0696469 -0.152681 0.985818 0.0147112 -0.162404 0.986615 
-0.0482157 -0.0455247 0.997799 -0.0303847 -0.030467 0.999074 -0.0143824 -0.0225739 0.999642 
0.0132395 -0.115808 0.993183 0.00171061 -0.0621297 0.998067 0.00970338 -0.065407 0.997811 
0.000487388 -0.0189742 0.99982 -0.0270382 0.116677 0.992802 0.00155929 0.119599 0.992821 
-0.0171606 0.0333774 0.999296 -0.00797693 0.052808 0.998573 -0.0271997 -0.00774771 0.9996 
-0.0641674 0.76106 0.6455 -0.0458691 0.533804 0.844363 -0.0604901 0.73689 0.673301 
-0.0267731 0.314316 0.948941 -0.0867006 0.932345 0.351021 -0.101503 0.910303 0.401305 
-0.0394915 0.290297 0.956121 -0.0341777 0.276394 0.960436 -0.150668 0.987987 0.0343599 
-0.106782 0.991251 0.0775803 -0.105409 0.988361 0.109688 -0.215268 0.97016 -0.111573 
-0.278363 0.951026 -0.134401 -0.175058 0.979797 -0.0967083 -0.34028 0.928358 -0.149537 
-0.366408 0.916934 -0.158043 -0.319555 0.0809698 0.944102 -0.32362 0.138246 0.936033 
-0.377282 0.18987 0.906426 -0.419405 0.253294 0.871746 -0.388221 0.234836 0.891143 
-0.439702 0.276903 0.854393 -0.425302 0.302912 0.852856 -0.386517 0.27633 0.879913 
-0.402369 0.192908 0.894922 0.0217103 -0.976853 0.212808 -0.309971 0.0123107 0.950666 
-0.218533 -0.234802 0.94716 -0.318174 0.156399 0.935043 -0.37964 0.230874 0.895863 
-0.116198 -0.266965 0.956675 0.0633324 -0.907043 0.416248 0.0540295 -0.802804 0.59379 
-0.00719147 -0.594452 0.804099 -0.0502777 -0.305039 0.951012 -0.378966 0.254593 0.8897 
0.801673 -0.301209 -0.516327 0.798401 -0.555423 -0.232511 0.506938 -0.855945 -0.101845 
0.693072 -0.716416 -0.0799988 0.854684 -0.31773 -0.410563 0.706651 -0.101695 -0.700216 
0.793241 -0.114171 -0.598108 0.267042 -0.963605 -0.0124348 0.07837 -0.996909 -0.00546839 
-0.102512 -0.992187 0.0711088 0.022831 -0.997971 0.05943 -0.0713113 -0.989668 0.124383 
-0.0399896 -0.98009 0.194487 -0.0900439 -0.988886 0.118306 -0.0931599 -0.992494 0.0792303 
-0.0488255 -0.987847 0.147562 0.00173068 -0.959419 0.28198 0.0261202 -0.969213 0.244833 
-0.437059 0.0538193 0.897821 -0.400594 0.0341231 0.91562 -0.352131 0.0150112 0.93583 
-0.340908 0.0126388 0.940012 -0.302715 0.0177109 0.952917 -0.277132 0.0440298 0.959823 
-0.478837 0.0364346 0.877147 -0.464533 0.0516829 0.884046 -0.454203 0.0627848 0.888683 
-0.422861 0.0894593 0.901768 -0.469725 0.0788462 0.879285 -0.493448 0.0607619 0.86765 
-0.502304 0.0429291 0.863625 -0.501291 0.0312675 0.864714 -0.489683 0.0248026 0.871548 
-0.412461 0.0735274 0.908003 -0.432501 0.0937149 0.89675 -0.407146 0.0586694 0.911477 
-0.250933 -0.0108387 0.967944 -0.26131 0.000485511 0.965255 -0.277518 0.0195368 0.960522 
-0.388276 0.0402285 0.920665 -0.111838 -0.070128 0.991249 -0.0752581 -0.0516824 0.995824 
-0.045585 -0.0401977 0.998151 -0.0387301 -0.0317988 0.998744 -0.0462188 -0.0248438 0.998622 
-0.0845403 -0.0191716 0.996236 -0.153284 -0.0142829 0.988079 -0.245114 -0.00907065 0.969452 
-0.0298633 -0.0294015 0.999121 -0.0971202 -0.0928037 0.990937 -0.0856207 -0.0736787 0.9936 
-0.0732653 -0.113749 0.990804 -0.0759381 -0.0916979 0.992887 -0.00624093 -0.154201 0.98802 
-0.0320316 -0.133733 0.9905 -0.0505942 -0.104516 0.993235 0.00419487 -0.113297 0.993552 
-0.0158609 0.00804901 0.999842 -0.0050769 0.020593 0.999775 0.00586656 0.0296924 0.999542 
0.00843456 -0.0637536 0.99793 0.0107404 -0.0149321 0.999831 0.0136942 -0.00713344 0.999881 
0.0201895 0.0396675 0.999009 -0.00442251 0.225277 0.974285 0.0354232 0.272592 0.961478 
0.0114272 0.145314 0.98932 0.0197524 0.165284 0.986048 0.000807 0.0695517 0.997578 
-0.0949863 0.874155 0.476268 -0.0721579 0.506184 0.859402 -0.0968285 0.716665 0.690663 
-0.128876 0.876145 0.464501 -0.129023 0.97972 0.153302 -0.169987 0.955677 0.240387 
-0.0793225 0.466765 0.880817 -0.0324076 0.467131 0.883594 -0.00509457 0.405468 0.914095 
-0.130343 0.988072 -0.0820052 -0.118207 0.990001 -0.07697 -0.119202 0.990325 -0.0710499 
-0.119453 0.990342 -0.0703755 -0.147938 0.987201 -0.0595748 -0.151372 0.986724 -0.058849 
-0.26645 0.0914042 0.959505 -0.267927 0.162066 0.94971 -0.328089 0.19026 0.925288 
-0.355763 0.215774 0.909326 -0.339955 0.244788 0.908025 -0.386139 0.289549 0.875818 
-0.369777 0.313113 0.874772 -0.353036 0.326432 0.876817 -0.309721 0.28772 0.906251 
-0.326551 0.268784 0.906156 -0.156126 -0.00109443 0.987737 -0.294148 0.265293 0.918203 
-0.193431 0.158607 0.968209 -0.260501 0.311895 0.913707 -0.0770734 -0.0472266 0.995906 
0.0620742 -0.88013 0.470657 0.1408 -0.746882 0.649879 0.0781428 -0.59856 0.797258 
0.027045 -0.330399 0.943454 -0.00177165 -0.0895892 0.995977 -0.310846 0.284238 0.906964 
0.799123 -0.118332 -0.589407 0.838348 -0.423409 -0.343361 0.774275 -0.625003 -0.0993474 
0.515511 -0.856868 0.00509428 0.646 -0.758966 0.0815787 0.803372 -0.121854 -0.582876 
0.848291 -0.211589 -0.485419 0.251884 -0.965986 0.0585356 0.0635653 -0.988033 0.140539 
0.0112628 -0.971251 0.23779 0.157161 -0.930374 0.331218 0.0402373 -0.956923 0.287539 
-0.0428187 -0.972106 0.230602 -0.0645804 -0.980693 0.184584 -0.0264384 -0.947117 0.319797 
0.029281 -0.853655 0.520015 -0.430696 0.0413046 0.901551 -0.37371 0.0184133 0.927363 
-0.304944 0.00208991 0.952368 -0.296713 0.00614987 0.954947 -0.248239 0.016346 0.968561 
-0.216612 0.0495947 0.974997 -0.460994 0.0189588 0.887201 -0.449177 0.0285656 0.892986 
-0.486324 0.08484 0.86965 -0.514025 0.0701248 0.854904 -0.519881 0.0505534 0.852742 
-0.511905 0.0348983 0.858333 -0.495487 0.0260785 0.868224 -0.466633 0.0200305 0.884224 
-0.492244 0.0804209 0.866734 -0.479612 0.0638535 0.875154 -0.342404 -0.00177326 0.939551 
-0.353728 0.000127119 0.935348 -0.369412 0.0171853 0.929107 -0.462192 0.0399005 0.885882 
-0.0610208 -0.0507149 0.996847 -0.0340926 -0.0369687 0.998735 -0.0192856 -0.0265981 0.99946 
-0.038625 -0.0200537 0.999053 -0.0786792 -0.0105738 0.996844 -0.148702 -0.000673106 0.988882 
-0.239731 0.00880178 0.970799 -0.331852 0.0171892 0.943175 -0.0266717 -0.0139825 0.999546 
-0.0614203 -0.0666652 0.995883 -0.0423776 -0.0484527 0.997926 -0.0492684 -0.0775486 0.995771 
-0.0403018 -0.0553803 0.997652 -0.0103585 -0.100806 0.994852 -0.0229689 -0.0791405 0.996599 
-0.0265987 -0.0538844 0.998193 0.00380869 -0.055247 0.998465 0.0100049 0.0859717 0.996247 
0.018588 0.103124 0.994495 0.0302722 0.114984 0.992906 0.0141804 0.00269398 0.999896 
0.028289 0.0584592 0.997889 0.0287927 0.079963 0.996382 0.057003 0.137187 0.988904 
0.0920702 0.462517 0.881817 0.0515673 0.455646 0.888666 0.0474239 0.2994 0.952948 
0.0539916 0.328913 0.942815 0.0297738 0.185545 0.982185 -0.108136 0.678425 0.726668 
-0.125386 0.835796 0.53453 -0.14277 0.933572 0.328724 -0.180823 0.949257 0.257322 
-0.196125 0.978334 -0.066307 -0.236336 0.970367 -0.0503362 -0.229823 0.970127 0.0776836 
-0.0760512 0.632972 0.77043 -0.0218177 0.636836 0.770691 0.0023646 0.605207 0.796065 
-0.198762 0.103821 0.974533 -0.243099 0.20241 0.948648 -0.278919 0.204834 0.938215 
-0.190635 0.180044 0.965009 -0.316486 0.218529 0.923083 -0.267324 0.242877 0.932496 
-0.309056 0.309301 0.899343 -0.290027 0.330586 0.898108 -0.262801 0.340742 0.90268 
-0.221187 0.292618 0.930296 -0.238216 0.300463 0.923567 -0.0923126 0.124105 0.987966 
-0.182462 0.263139 0.947347 -0.148356 0.318825 0.936131 -0.143783 0.327801 0.933742 
-0.0133646 0.0854865 0.99625 0.114817 -0.682057 0.722229 0.185513 -0.557261 0.809349 
0.25537 -0.473896 0.842739 0.108559 -0.32362 0.939939 0.094371 -0.102516 0.990245 
0.0685353 0.0438053 0.996687 -0.231366 0.297816 0.926162 0.84891 -0.27203 -0.453157 
0.870183 -0.286262 -0.401044 0.91853 -0.307057 -0.249035 0.862811 -0.479031 -0.16151 
0.856761 -0.514545 -0.0347043 0.727632 -0.683157 0.0620375 0.496261 -0.856935 0.139241 
0.575855 -0.797731 0.17893 0.432441 -0.85805 0.27703 0.294206 -0.934967 0.198191 
0.192322 -0.935954 0.294961 0.342478 -0.890221 0.30036 0.243732 -0.842797 0.479883 
0.124054 -0.899019 0.41997 0.0165303 -0.917928 0.396403 -0.030996 -0.933274 0.357826 
0.000239906 -0.830043 0.557699 0.0603449 -0.634257 0.770764 -0.394319 0.0145417 0.918859 
-0.319667 -0.000199339 0.94753 -0.235802 -0.00977919 0.971752 -0.235466 -0.00129328 0.971882 
-0.181163 0.0157498 0.983327 -0.145711 0.0542138 0.987841 -0.415654 0.0125827 0.909436 
-0.40842 0.0101139 0.912738 -0.528522 0.0784712 0.845285 -0.534366 0.0652852 0.842728 
-0.519201 0.0516873 0.853088 -0.49408 0.0442871 0.868288 -0.464381 0.0403351 0.884717 
-0.417184 0.0308367 0.908299 -0.536972 0.0823544 0.839571 -0.53042 0.0777948 0.844158 
-0.51887 0.0630502 0.852525 -0.40672 0.0265942 0.913166 -0.422864 0.0104254 0.906133 
-0.441914 0.0188449 0.896859 -0.496778 0.0449612 0.866712 -0.021925 -0.0333318 0.999204 
-0.00750076 -0.021374 0.999743 -0.00930883 -0.00625642 0.999937 -0.065396 0.00381446 0.997852 
-0.136064 0.0255107 0.990372 -0.231833 0.0468235 0.971628 -0.315671 0.0567149 0.947172 
-0.382282 0.0720819 0.92123 -0.0387952 0.020206 0.999043 -0.0250191 -0.0368254 0.999008 
-0.00829674 -0.0226658 0.999709 -0.0192654 -0.031945 0.999304 -0.00797328 -0.0134556 0.999878 
-0.000406711 -0.0378351 0.999284 -0.00264043 -0.0140323 0.999898 0.000624229 0.00818096 0.999966 
0.0202946 0.0177419 0.999637 0.0433896 0.208938 0.976966 0.0531464 0.236191 0.970252 
0.0681497 0.235358 0.969517 0.0353314 0.0936999 0.994973 0.0586121 0.178554 0.982183 
0.0612751 0.208166 0.976172 0.101579 0.307187 0.946212 0.0925232 0.506226 0.857423 
0.149758 0.670467 0.726668 0.0761145 0.637441 0.766731 0.0918106 0.539558 0.836928 
0.0692259 0.351996 0.933438 -0.0949663 0.792342 0.602641 -0.125367 0.918666 0.374613 
-0.115224 0.978597 0.170501 -0.157108 0.97869 0.132224 -0.2346 0.969196 -0.0749751 
-0.247937 0.966354 -0.0684598 -0.260502 0.964454 -0.0443579 -0.243736 0.966623 -0.0789455 
-0.184257 0.982812 -0.0113796 -0.167623 0.985823 -0.00743831 0.00749419 0.786394 0.617679 
-0.121597 0.10849 0.986633 -0.193883 0.213517 0.957507 -0.218542 0.218405 0.951072 
-0.155742 0.220545 0.962863 -0.0983625 0.176689 0.97934 -0.185457 0.253883 0.949289 
-0.223063 0.327028 0.918311 -0.185479 0.347 0.919341 -0.15414 0.333421 0.930092 
-0.136535 0.292221 0.946554 -0.152071 0.307797 0.939221 -0.0955992 0.23935 0.966216 
-0.00491651 0.187104 0.982328 -0.0637681 0.31021 0.948527 -0.0293991 0.316723 0.948062 
-0.0381417 0.287722 0.956954 0.0752104 0.157835 0.984597 0.147671 -0.387967 0.909766 
0.230174 -0.331208 0.915053 0.288857 -0.211582 0.933699 0.241343 -0.142425 0.959932 
0.18374 -0.107789 0.977047 0.156269 0.0493495 0.986481 -0.154697 0.313715 0.936831 
0.902944 -0.269947 -0.334395 0.940069 -0.236553 -0.245588 0.961949 -0.257588 -0.0911225 
0.952713 -0.303498 0.015066 0.84058 -0.534005 0.0909071 0.739355 -0.631065 0.234758 
0.568252 -0.783389 0.251777 0.337605 -0.82797 0.44776 0.360535 -0.571315 0.737301 
0.379486 -0.593109 0.710079 0.192865 -0.775406 0.601289 0.0720299 -0.800825 0.594551 
0.00915788 -0.811613 0.584123 0.0341625 -0.60577 0.794906 0.0915724 -0.348568 0.932799 
-0.332422 -0.000683892 0.943131 -0.241783 -0.00984224 0.970281 -0.153413 -0.0120177 0.988089 
-0.16131 -0.00562353 0.986888 -0.107318 0.0175373 0.99407 -0.0723327 0.0576877 0.995711 
-0.339935 0.0199871 0.940237 -0.339243 0.00475063 0.940687 -0.543241 0.0787932 0.835871 
-0.522763 0.0713942 0.849483 -0.485213 0.0683117 0.871724 -0.446068 0.0757081 0.891791 
-0.411818 0.0744933 0.908216 -0.338271 0.0505222 0.939692 -0.545839 0.0817383 0.833894 
-0.537282 0.0802644 0.839575 -0.514896 0.0750329 0.853963 -0.426916 0.0798869 0.900756 
-0.444517 0.0361419 0.895041 -0.469004 0.0312546 0.882643 -0.477604 0.0646648 0.876192 
0.0057355 -0.00943633 0.999939 0.0105052 0.00675023 0.999922 -0.000345035 0.0362771 0.999342 
-0.103496 0.062816 0.992644 -0.213969 0.126415 0.968626 -0.29393 0.114669 0.948924 
-0.336856 0.136083 0.93167 -0.384625 0.192625 0.902751 -0.041978 0.0932159 0.994761 
0.00498091 0.00116268 0.999987 0.0209016 0.0144711 0.999677 0.0115419 0.0274424 0.999557 
0.0208763 0.0474474 0.998656 0.024581 0.0447359 0.998696 0.0247624 0.0745455 0.99691 
0.0298295 0.093753 0.995149 0.0596479 0.118939 0.991108 0.095128 0.381517 0.919454 
0.0983725 0.420706 0.901848 0.0746831 0.208699 0.975124 0.113397 0.341644 0.932963 
0.106842 0.379739 0.918903 0.16293 0.502221 0.849252 0.134374 0.512327 0.848213 
0.138704 0.723525 0.676219 0.238611 0.841006 0.485565 0.185874 0.80369 0.565272 
0.0676571 0.786957 0.613287 0.111899 0.553572 0.82525 0.118897 0.753018 0.647169 
-0.100427 0.914659 0.391552 -0.0269905 0.858501 0.512101 -0.0738409 0.978413 0.193016 
-0.112377 0.993572 -0.0136352 -0.101367 0.994651 -0.0198628 -0.070199 0.997532 -0.00119039 
-0.115919 0.993173 -0.0130696 0.0309552 0.912402 0.408123 0.00433781 0.934452 0.356063 
-0.0458581 0.107251 0.993174 -0.157544 0.231897 0.959898 -0.102598 0.232479 0.967175 
-0.0151945 0.153498 0.988032 -0.0435984 0.213447 0.975981 -0.115863 0.261603 0.958196 
-0.107308 0.336008 0.935726 -0.073284 0.317501 0.945422 -0.0633407 0.335874 0.939775 
-0.0664074 0.29054 0.954556 -0.0823282 0.315857 0.945228 0.0453461 0.257555 0.965199 
-0.00382033 0.308277 0.951289 0.0284628 0.294375 0.955266 0.086532 0.267915 0.959549 
0.115975 0.225845 0.967235 0.154702 0.154041 0.975878 0.156072 -0.130076 0.979143 
0.24563 -0.0156742 0.969237 0.230643 0.0722595 0.970352 0.203604 0.03087 0.978567 
0.215199 0.101356 0.971296 0.971127 -0.173834 -0.163386 0.990674 -0.102182 -0.0901329 
0.998203 -0.0560252 0.0212538 0.988987 -0.0698683 0.130473 0.946367 -0.273454 0.17208 
0.832914 -0.474286 0.285144 0.792359 -0.321179 0.518663 0.785871 -0.470483 0.401313 
0.596593 -0.677277 0.430549 0.460786 -0.554244 0.693174 0.541135 -0.206696 0.815138 
0.497604 -0.206168 0.842547 0.405672 -0.303023 0.862327 0.256028 -0.53593 0.804506 
0.119972 -0.567087 0.814874 0.0577442 -0.585386 0.808696 0.085544 -0.321708 0.942967 
0.140803 -0.100521 0.984921 -0.245758 -0.000803168 0.969331 -0.150402 -0.00229296 0.988622 
-0.0679813 0.00348632 0.997681 -0.0823822 -0.000412462 0.996601 -0.0344741 0.027773 0.99902 
-0.00497343 0.0672857 0.997721 -0.231852 0.0428375 0.971807 -0.242676 0.0176353 0.969947 
-0.525438 0.0841805 0.846658 -0.473824 0.0844474 0.876561 -0.413515 0.100958 0.904883 
-0.371323 0.145889 0.916971 -0.330477 0.105392 0.937911 -0.222277 0.0791209 0.971768 
-0.504626 0.099678 0.857564 -0.462288 0.111266 0.879721 -0.389868 0.131 0.911505 
-0.407003 0.070356 0.910713 -0.436683 0.0567019 0.897827 -0.399601 0.104016 0.910769 
0.0318224 0.034661 0.998892 0.0355079 0.0611865 0.997495 0.0356132 0.119427 0.992204 
-0.116973 0.18153 0.976404 -0.289238 0.207937 0.9344 -0.221184 0.317223 0.922197 
-0.278936 0.200364 0.939175 -0.268354 0.268779 0.925064 -0.368079 0.266533 0.890774 
-0.264857 0.421363 0.867355 -0.00513869 0.227645 0.973731 0.0327763 0.0595391 0.997688 
0.0606377 0.0791062 0.99502 0.0496305 0.116636 0.991934 0.0512712 0.145866 0.987975 
0.0618444 0.16471 0.984401 0.0617584 0.199956 0.977857 0.0673395 0.203781 0.976698 
0.110677 0.278105 0.954153 0.171889 0.584465 0.793003 0.162147 0.66093 0.732721 
0.190909 0.549684 0.813266 0.160614 0.609137 0.77663 0.149462 0.460425 0.875026 
0.198191 0.721748 0.663174 0.197144 0.699036 0.687374 0.16707 0.888083 0.428249 
0.269133 0.926031 0.264641 0.23502 0.952692 0.192725 0.200234 0.915433 0.349126 
0.0979453 0.902158 0.42014 0.128292 0.760845 0.636126 0.14741 0.898194 0.414148 
-0.00556672 0.999905 -0.0125961 -0.00341474 0.989443 0.144885 -0.0680196 0.996705 -0.0441908 
-0.0527613 0.997423 -0.0486257 -0.00597905 0.997489 -0.0705753 0.11406 0.971915 0.205846 
0.0570871 0.978566 0.197864 0.0197644 0.109985 0.993737 -0.0554035 0.257736 0.964626 
0.0465325 0.150579 0.987502 0.020716 0.194267 0.98073 0.0026928 0.242452 0.97016 
-0.0324639 0.325374 0.945028 -0.0113232 0.312482 0.949856 -0.00678068 0.329941 0.943977 
0.0125489 0.328138 0.944546 -0.00696218 0.282885 0.959129 0.0415756 0.311285 0.949407 
0.073224 0.293215 0.953238 0.104484 0.27465 0.955851 0.144765 0.234944 0.961168 
0.183842 0.19108 0.964205 0.184911 0.0248874 0.98244 0.212062 0.159544 0.964145 
0.225828 0.122702 0.966409 0.223458 0.134163 0.965436 0.997521 -0.038728 -0.0587562 
0.99598 0.0846853 0.0291946 0.973646 0.118965 0.19458 0.945628 0.00775132 0.325157 
0.893807 -0.231448 0.38411 0.827838 -0.0803536 0.555182 0.7272 -0.0069052 0.686391 
0.732848 -0.136644 0.66653 0.694228 -0.336692 0.63615 0.597683 -0.014478 0.801602 
0.492924 0.0297111 0.869565 0.394309 -0.0657478 0.916623 0.231561 -0.24426 0.941656 
0.140073 -0.283825 0.94859 0.15796 -0.0911666 0.983228 0.208147 0.0702423 0.975572 
-0.144848 0.0214354 0.989222 -0.0565932 0.0294055 0.997964 0.01248 0.0426037 0.999014 
-0.00579254 0.0223585 0.999733 0.0303161 0.0557554 0.997984 0.0522399 0.0912188 0.99446 
-0.0999679 0.090588 0.990858 -0.128847 0.0564707 0.990055 -0.458209 0.0888541 0.884392 
-0.377209 0.107022 0.919924 -0.298086 0.155053 0.941862 -0.303849 0.193961 0.932767 
-0.230701 0.263678 0.936617 -0.197111 0.147046 0.969291 -0.0923451 0.131776 0.986969 
-0.43886 0.110817 0.891696 -0.434662 0.150768 0.887884 -0.358597 0.186646 0.914643 
-0.263441 0.198639 0.944003 -0.302012 0.113365 0.94654 -0.339812 0.0959902 0.935582 
-0.261348 0.171085 0.949962 0.0720311 0.119736 0.990189 0.0860864 0.144489 0.985755 
0.13589 0.269128 0.95347 -0.0612913 0.366825 0.928269 -0.249643 0.28674 0.92491 
-0.179546 0.422476 0.888413 -0.0876071 0.499566 0.861835 -0.18035 0.338323 0.923586 
-0.111463 0.446916 0.887605 -0.238391 0.346427 0.907281 -0.139728 0.499367 0.855049 
0.000641881 0.591832 0.806061 0.0901718 0.439817 0.893549 0.0727058 0.140963 0.987342 
0.126291 0.20222 0.971163 0.0953925 0.268204 0.958628 0.103311 0.278128 0.954972 
0.120968 0.322828 0.938695 0.107832 0.368132 0.923499 0.181511 0.462674 0.867748 
0.240299 0.800469 0.549095 0.211939 0.746845 0.630321 0.251403 0.817517 0.518133 
0.240201 0.779332 0.578744 0.243653 0.719481 0.650369 0.234715 0.754891 0.612413 
0.225024 0.636868 0.737404 0.252748 0.858985 0.445268 0.250475 0.853247 0.457418 
0.173832 0.962628 0.207675 0.190339 0.969657 0.153415 0.249321 0.966636 0.0587733 
0.216303 0.973078 -0.0795742 0.182227 0.98323 0.00726463 0.194727 0.886962 0.418784 
0.185965 0.956445 0.225011 0.0150053 0.997289 -0.0720438 0.0626172 0.993813 -0.0917274 
0.0632286 0.997884 -0.0151828 0.116592 0.992319 0.0413403 0.166783 0.985993 0.00110117 
0.0776623 0.129635 0.988516 0.0983461 0.162386 0.981814 0.0805723 0.191991 0.978084 
0.0606963 0.228725 0.971597 0.0496613 0.271008 0.961295 0.0446823 0.305348 0.951192 
0.0485514 0.326082 0.944094 0.0591242 0.330458 0.941967 0.0843457 0.313096 0.945969 
0.110879 0.294703 0.949134 0.147911 0.268185 0.951945 0.168863 0.24991 0.953431 
0.199986 0.210029 0.957023 0.231097 0.188479 0.9545 0.246432 0.194715 0.949398 
0.260994 0.192193 0.946015 0.25324 0.161898 0.95376 0.993583 0.105068 0.0418852 
0.964902 0.198769 0.171624 0.902223 0.223531 0.368819 0.899888 0.176338 0.398882 
0.830877 0.0955053 0.548199 0.794446 0.18725 0.577749 0.665483 0.0726436 0.742869 
0.525612 0.0981663 0.845042 0.372971 0.0619352 0.925774 0.399642 0.149859 0.904339 
0.242397 -0.0314079 0.969669 0.28987 0.15964 0.943658 0.290194 0.1064 0.951034 
-0.0433502 0.0699971 0.996605 0.0337421 0.0882806 0.995524 0.0777485 0.101933 0.991748 
0.063917 0.0695214 0.995531 0.0847067 0.107047 0.990639 0.100212 0.127638 0.986745 
0.0237281 0.173498 0.984548 -0.0156363 0.126246 0.991876 -0.344429 0.108321 0.932542 
-0.244247 0.148248 0.958314 -0.143612 0.210327 0.967025 -0.17849 0.236303 0.955145 
-0.102098 0.310575 0.94505 -0.0114064 0.314238 0.949276 -0.0461702 0.213591 0.975832 
-0.349659 0.138579 0.926571 -0.312676 0.1729 0.933991 -0.26713 0.235697 0.934392 
-0.182933 0.299135 0.936512 -0.0850748 0.31928 0.943834 -0.151956 0.188731 0.970201 
-0.181403 0.16094 0.97015 -0.074002 0.26068 0.962585 0.149387 0.261759 0.953502 
0.280817 0.517601 0.808227 0.24851 0.375392 0.89293 0.0636586 0.579855 0.812229 
-0.0606103 0.509489 0.85834 0.0871975 0.635637 0.767047 0.051788 0.597714 0.800035 
0.0122705 0.506538 0.86213 0.189273 0.671334 0.716579 0.177462 0.638703 0.74871 
0.147746 0.559602 0.815485 0.209981 0.671873 0.710278 0.235877 0.396059 0.887411 
0.191693 0.352198 0.916084 0.170904 0.453112 0.874918 0.148867 0.449979 0.880544 
0.185693 0.472543 0.861523 0.20375 0.52677 0.825227 0.17701 0.58728 0.789791 
0.223854 0.685125 0.693176 0.259516 0.891335 0.371716 0.219768 0.939623 0.262318 
0.322329 0.903212 0.283394 0.243743 0.874705 0.418905 0.241015 0.926335 0.289509 
0.293509 0.80919 0.508984 0.271536 0.930306 0.246574 0.19036 0.98063 0.0461323 
0.222759 0.969352 -0.103613 0.212498 0.972297 -0.0973816 0.213735 0.972092 -0.0967219 
0.187078 0.977184 -0.100563 0.214077 0.971841 -0.0984703 0.191044 0.975474 -0.10933 
0.191814 0.97521 -0.110333 0.21048 0.974045 0.0832801 0.0991389 0.989693 -0.103336 
0.117033 0.987506 -0.105523 0.13028 0.985583 -0.107949 0.176037 0.978562 -0.106901 
0.217379 0.9697 -0.111482 0.142798 0.17118 0.974837 0.157573 0.20815 0.965321 
0.113865 0.226061 0.967435 0.10728 0.264544 0.958388 0.101658 0.297547 0.949279 
0.100219 0.32538 0.940257 0.115791 0.328164 0.937497 0.120318 0.318531 0.940246 
0.156764 0.295435 0.942414 0.170025 0.280024 0.944817 0.198309 0.2523 0.94711 
0.210185 0.230171 0.950181 0.247771 0.218597 0.943835 0.284558 0.221673 0.932678 
0.319157 0.205531 0.925146 0.991326 0.119903 0.0538206 0.955293 0.265702 0.129681 
0.916755 0.26644 0.297607 0.974127 0.200147 0.10497 0.83772 0.263128 0.478528 
0.717783 0.259912 0.645936 0.709744 0.173524 0.682754 0.592653 0.174908 0.786237 
0.471866 0.188007 0.861392 0.385477 0.202843 0.900146 0.0455844 0.133641 0.989981 
0.113817 0.172955 0.978331 0.123326 0.146047 0.98156 0.137543 0.173776 0.975133 
0.120191 0.269492 0.955473 0.0698513 0.256525 0.96401 0.0882295 0.204064 0.974974 
-0.216921 0.148493 0.964829 -0.0964063 0.196784 0.975696 -0.00263599 0.251671 0.967809 
0.0265265 0.308264 0.950931 0.143829 0.313296 0.938701 0.120135 0.32993 0.93633 
0.124404 0.333562 0.934484 -0.158883 0.185873 0.969643 -0.128968 0.263585 0.955976 
-0.0364092 0.343682 0.93838 0.0568637 0.367147 0.928423 0.077994 0.400766 0.912855 
0.00240543 0.271479 0.962441 0.110109 0.354506 0.928548 0.248792 0.4549 0.855084 
0.404202 0.666592 0.626319 0.392618 0.723347 0.567997 0.339525 0.561813 0.75438 
0.18367 0.74388 0.642579 0.191865 0.69079 0.697134 0.282238 0.764443 0.579629 
0.162851 0.730642 0.663055 0.308108 0.789907 0.530204 0.2546 0.734103 0.629501 
0.255791 0.749632 0.610429 0.273837 0.656444 0.702919 0.246722 0.573308 0.781311 
0.152508 0.435077 0.887383 0.303846 0.835563 0.457725 0.348419 0.623147 0.700209 
0.286908 0.5367 0.793497 0.272789 0.650753 0.708595 0.252649 0.609931 0.751101 
0.262948 0.752701 0.603572 0.260939 0.694823 0.670173 0.268946 0.722023 0.637457 
0.278544 0.833051 0.477953 0.262574 0.943335 0.202916 0.222744 0.973715 0.0475853 
0.315759 0.942138 0.112571 0.297126 0.954392 0.0291883 0.253537 0.937508 0.238322 
0.317512 0.889995 0.327253 0.261781 0.960666 0.0926886 0.248347 0.963979 0.0952237 
0.320558 0.907387 0.27183 0.190306 0.976118 -0.104774 0.191068 0.975948 -0.104968 
0.221278 0.968702 -0.112484 0.19186 0.97584 -0.104527 0.188163 0.216121 0.958064 
0.216629 0.226166 0.949695 0.208808 0.220211 0.952841 0.24559 0.242871 0.938456 
0.237292 0.263428 0.935039 0.188608 0.267718 0.944857 0.156639 0.295094 0.942541 
0.167574 0.327705 0.9298 0.156465 0.338489 0.927871 0.182164 0.331497 0.925703 
0.181648 0.315431 0.931401 0.208513 0.289837 0.934086 0.225132 0.260381 0.938892 
0.239667 0.23745 0.94137 0.278674 0.238411 0.930323 0.324138 0.243452 0.914148 
0.340802 0.234001 0.910548 0.403161 0.244208 0.881943 0.950201 0.279868 0.137082 
0.913872 0.292823 0.281234 0.850265 0.265702 0.45437 0.738706 0.275339 0.615225 
0.582755 0.238945 0.776725 0.613172 0.291362 0.734254 0.496087 0.261787 0.827868 
0.155903 0.253696 0.954637 0.174295 0.262602 0.949032 0.165813 0.221075 0.961058 
0.177501 0.235597 0.955504 0.193477 0.249169 0.948937 0.1588 0.287607 0.944492 
0.187969 0.345252 0.919494 -0.0671332 0.1858 0.980292 0.0732221 0.249492 0.965605 
0.202253 0.32246 0.924723 0.252822 0.349457 0.902198 0.247718 0.364819 0.89752 
0.215549 0.362637 0.90666 0.0049003 0.244368 0.96967 0.106714 0.349582 0.930808 
0.225687 0.378921 0.897488 0.228164 0.379234 0.896729 0.201879 0.467781 0.86048 
0.240165 0.415127 0.877491 0.459502 0.774749 0.434307 0.44845 0.76699 0.458932 
0.409846 0.711691 0.570545 0.475664 0.784295 0.398278 0.468225 0.8218 0.324669 
0.282254 0.799565 0.530122 0.378772 0.823205 0.422925 0.370235 0.862686 0.344526 
0.282177 0.830316 0.480574 0.344035 0.851907 0.394834 0.331704 0.873691 0.355861 
0.333484 0.807615 0.486361 0.315111 0.74257 0.591011 0.345291 0.650076 0.676887 
0.329864 0.595575 0.732448 0.290225 0.510174 0.809624 0.387807 0.88951 0.241613 
0.340649 0.872546 0.350174 0.423386 0.759974 0.493138 0.445433 0.739709 0.504401 
0.350368 0.695906 0.626863 0.337482 0.801898 0.493016 0.347554 0.765565 0.541402 
0.287764 0.8404 0.45926 0.275039 0.905502 0.323139 0.244815 0.965179 -0.0921699 
0.260441 0.960999 -0.0930084 0.300353 0.952761 -0.0451151 0.268933 0.961109 -0.0628048 
0.276217 0.958383 -0.0721531 0.261163 0.963388 -0.0606458 0.29271 0.952744 -0.081235 
0.312988 0.938507 0.145747 0.248578 0.967373 -0.0489801 0.245887 0.967887 -0.0522901 
0.272609 0.961113 -0.0441122 0.293576 0.955821 -0.014784 0.314902 0.94814 0.0432149 
0.295575 0.94934 0.106717 0.251775 0.283687 0.925274 0.290721 0.27134 0.917527 
0.337298 0.299876 0.892359 0.276882 0.292764 0.915219 0.275177 0.317275 0.907532 
0.244262 0.325137 0.913577 0.238669 0.339724 0.909739 0.234399 0.345886 0.908526 
0.245086 0.334135 0.910103 0.261679 0.302644 0.916477 0.263812 0.270838 0.92577 
0.28754 0.245936 0.925654 0.346355 0.253616 0.903171 0.399828 0.255355 0.880302 
0.496233 0.283233 0.82069 0.949401 0.282487 0.137253 0.946259 0.296324 0.129559 
0.932901 0.245875 0.263137 0.844464 0.262664 0.466785 0.751899 0.271386 0.600831 
0.61652 0.285844 0.733619 0.212288 0.344625 0.914422 0.218536 0.309293 0.925516 
0.229687 0.325921 0.917071 0.253472 0.394741 0.883137 0.143009 0.303835 0.94193 
0.210088 0.32049 0.923661 0.308021 0.373799 0.87487 0.32708 0.402906 0.854802 
0.286194 0.391879 0.874371 0.28326 0.407193 0.868307 0.33612 0.44028 0.832573 
0.33631 0.400998 0.852113 0.328175 0.383982 0.863052 0.483658 0.829954 0.27794 
0.511067 0.812751 0.279727 0.459281 0.796448 0.39336 0.494322 0.832764 0.249299 
0.516952 0.837824 0.175534 0.474791 0.873177 0.110162 0.402679 0.880146 0.251381 
0.39465 0.905529 0.155782 0.341427 0.9211 0.18709 0.35665 0.892665 0.27559 
0.379746 0.859805 0.341363 0.365007 0.806075 0.465847 0.368711 0.727569 0.578528 
0.386321 0.738455 0.552667 0.39258 0.644691 0.655938 0.409484 0.572086 0.710662 
0.366929 0.514993 0.774691 0.413697 0.903367 0.113058 0.470463 0.831682 0.294906 
0.464167 0.816794 0.342632 0.39496 0.794193 0.461805 0.402394 0.863451 0.304191 
0.401682 0.861819 0.30971 0.378732 0.847126 0.372745 0.308105 0.908443 0.282495 
0.303717 0.943493 0.132576 0.295759 0.950069 -0.099476 0.29228 0.955341 -0.0435366 
0.295182 0.954479 -0.0428566 0.311085 0.949344 -0.0444144 0.306176 0.951128 -0.0401568 
0.298598 0.95351 -0.0407091 0.309173 0.950853 -0.0170211 0.310834 0.950291 -0.0181474 
0.272552 0.348131 0.89695 0.325378 0.361579 0.873722 0.319152 0.309608 0.895703 
0.393445 0.327013 0.859223 0.373934 0.308581 0.874615 0.451683 0.346044 0.822336 
0.434592 0.354265 0.828026 0.368951 0.343813 0.863521 0.327231 0.345308 0.879592 
0.32909 0.361687 0.872286 0.314143 0.34874 0.883003 0.322576 0.354344 0.877716 
0.317215 0.336706 0.886568 0.345492 0.305109 0.887437 0.334192 0.269985 0.903008 
0.420067 0.279225 0.863468 0.427417 0.270445 0.862655 0.495568 0.272397 0.82475 
0.950955 0.280741 0.129881 0.921127 0.233542 0.311421 0.864124 0.247119 0.438432 
0.966877 0.193733 0.166184 0.960351 0.237507 0.146004 0.744731 0.272448 0.609219 
0.609528 0.271238 0.74492 0.511474 0.284703 0.810764 0.267789 0.425655 0.864353 
0.242902 0.376047 0.894196 0.270832 0.399823 0.875667 0.286981 0.413898 0.863904 
0.308164 0.446979 0.839789 0.4153 0.402635 0.815727 0.396896 0.426488 0.812762 
0.400845 0.459317 0.792686 0.336369 0.435423 0.835023 0.432591 0.509122 0.744083 
0.392932 0.445967 0.804188 0.457652 0.394282 0.79693 0.501363 0.856059 0.125694 
0.533983 0.836093 0.125745 0.518475 0.838844 0.165905 0.4787 0.840909 0.252424 
0.520016 0.849799 0.0861697 0.494933 0.865291 0.0794572 0.466765 0.88124 0.0744764 
0.479608 0.87418 0.0760601 0.423847 0.903879 0.0579405 0.377589 0.923835 0.0628984 
0.397527 0.915609 0.0602687 0.364551 0.929049 0.0630075 0.341258 0.938332 0.0554556 
0.338553 0.939581 0.0506996 0.352012 0.92279 0.156671 0.411781 0.8895 0.198056 
0.404768 0.892138 0.200631 0.370986 0.854632 0.363281 0.389032 0.78468 0.482629 
0.426096 0.681669 0.594786 0.458685 0.581271 0.67211 0.406378 0.911984 0.0560575 
0.478975 0.868025 0.130829 0.490821 0.864757 0.106252 0.471764 0.859864 0.195121 
0.43579 0.886464 0.155786 0.422525 0.900057 0.10663 0.387192 0.901635 0.192707 
0.331212 0.943367 -0.0188828 0.370129 0.9286 0.0265873 0.338345 0.442603 0.830437 
0.382265 0.434806 0.815364 0.396871 0.38317 0.834071 0.458076 0.374026 0.806394 
0.506017 0.358314 0.784575 0.5535 0.388993 0.736425 0.516975 0.394284 0.759788 
0.509022 0.382719 0.770988 0.493982 0.369869 0.786879 0.420428 0.392319 0.818124 
0.382397 0.382431 0.841142 0.393726 0.372327 0.840448 0.4102 0.343815 0.844706 
0.410053 0.33566 0.84805 0.412807 0.295887 0.861418 0.496166 0.302259 0.813916 
0.967621 0.187373 0.169118 0.919739 0.215966 0.327778 0.839126 0.263768 0.475705 
0.725655 0.267158 0.634075 0.604871 0.284951 0.743595 0.309157 0.478794 0.821692 
0.299947 0.461582 0.83485 0.313568 0.475583 0.821886 0.333261 0.487377 0.807094 
0.371231 0.505652 0.778784 0.521775 0.427992 0.737952 0.476689 0.451542 0.754239 
0.449489 0.463787 0.763454 0.45667 0.485846 0.745256 0.441637 0.506369 0.74064 
0.532163 0.499835 0.68335 0.47952 0.488534 0.728969 0.482373 0.427313 0.76467 
0.557278 0.436311 0.706452 0.512537 0.855275 0.0762295 0.507614 0.859142 0.0648285 
0.528101 0.846345 0.0693488 0.538233 0.840446 0.0628997 0.521649 0.851859 0.0471125 
0.520346 0.852749 0.0453731 0.397142 0.914711 0.0747158 0.401297 0.912824 0.0755792 
0.437143 0.896637 0.07034 0.436491 0.89744 0.0638475 0.449956 0.890577 0.0664236 
0.455113 0.88809 0.0645626 0.443559 0.875613 0.1912 0.422556 0.835873 0.350374 
0.485687 0.733349 0.475718 0.48477 0.656567 0.577857 0.533509 0.541656 0.649597 
0.518115 0.854162 0.0443231 0.495201 0.868259 0.0300409 0.498052 0.866563 0.0318246 
0.498259 0.866551 0.0287564 0.478552 0.876597 0.0506587 0.446056 0.894957 0.00932463 
0.46297 0.886196 0.0177531 0.442542 0.896701 0.0091768 0.41938 0.907775 -0.00807529 
0.366883 0.929664 -0.0334906 0.388918 0.920986 -0.0229686 0.392605 0.497645 0.773441 
0.451945 0.451105 0.769578 0.520448 0.40467 0.751915 0.594858 0.403075 0.695467 
0.652314 0.409714 0.637669 0.616976 0.412041 0.670494 0.588305 0.409263 0.697425 
0.574665 0.379213 0.725229 0.608817 0.413829 0.676821 0.541584 0.43271 0.720728 
0.470839 0.423179 0.7741 0.465626 0.374499 0.801837 0.529619 0.358802 0.768612 
0.496272 0.337248 0.799986 0.583947 0.332258 0.740682 0.96699 0.184469 0.175788 
0.961906 0.154639 0.225443 0.90781 0.20908 0.363548 0.817899 0.271723 0.507156 
0.696309 0.30511 0.649663 0.337892 0.51224 0.789582 0.357936 0.538229 0.763015 
0.444728 0.571375 0.689744 0.369452 0.573858 0.730884 0.60664 0.460071 0.648323 
0.562681 0.478428 0.674164 0.499346 0.49137 0.713589 0.484984 0.527152 0.697784 
0.650378 0.458704 0.605474 0.620905 0.455427 0.638015 0.530263 0.844255 0.0778085 
0.569511 0.818383 0.0768511 0.589014 0.794086 0.149968 0.532965 0.786855 0.311138 
0.60351 0.686665 0.405297 0.569995 0.623243 0.535419 0.664827 0.502198 0.552993 
0.48429 0.87455 0.0250025 0.479371 0.877333 0.0221299 0.467315 0.492408 0.734269 
0.401091 0.537906 0.741474 0.534589 0.444035 0.71906 0.695981 0.406672 0.591801 
0.619981 0.440712 0.649151 0.684316 0.400314 0.609476 0.765212 0.414211 0.492829 
0.699046 0.429547 0.571685 0.7085 0.402293 0.579818 0.681969 0.404737 0.609185 
0.650288 0.40195 0.644641 0.716175 0.455627 0.528676 0.629371 0.477117 0.613394 
0.637434 0.454731 0.622011 0.574583 0.438875 0.690828 0.542527 0.40629 0.73525 
0.633078 0.401116 0.662056 0.607492 0.361029 0.707539 0.710474 0.330659 0.621201 
0.958979 0.153986 0.238006 0.947489 0.177103 0.26627 0.887982 0.264697 0.376063 
0.814396 0.303058 0.494888 0.386822 0.60171 0.698794 0.36789 0.602682 0.708119 
0.49074 0.657917 0.571243 0.393979 0.647707 0.652117 0.519445 0.566122 0.640064 
0.699073 0.487182 0.523402 0.635985 0.498115 0.589411 0.632519 0.508233 0.584482 
0.55569 0.532753 0.638266 0.758937 0.478015 0.442171 0.690063 0.717897 0.0918532 
0.732918 0.671226 0.110842 0.679893 0.687623 0.254794 0.756698 0.587046 0.287724 
0.70664 0.576937 0.409638 0.480826 0.54003 0.690778 0.523859 0.542129 0.657014 
0.571287 0.465303 0.676109 0.414891 0.609477 0.675576 0.698635 0.442092 0.562551 
0.786968 0.408277 0.462592 0.66202 0.506281 0.552638 0.859579 0.372151 0.350183 
0.847691 0.390699 0.358851 0.843137 0.412314 0.345133 0.789958 0.413929 0.452359 
0.779041 0.399438 0.483265 0.780942 0.397082 0.482136 0.786276 0.47753 0.392092 
0.773184 0.473095 0.422336 0.820545 0.446448 0.356919 0.732113 0.493212 0.469843 
0.684892 0.476857 0.550936 0.729871 0.503032 0.462868 0.662673 0.455031 0.594821 
0.744042 0.411885 0.526073 0.738963 0.378839 0.557149 0.727826 0.354029 0.58731 
0.940589 0.197918 0.275901 0.915294 0.281527 0.288062 0.830401 0.364686 0.421234 
0.423635 0.688971 0.588093 0.404605 0.667396 0.625201 0.381934 0.670324 0.636233 
0.530272 0.721177 0.445775 0.47205 0.731869 0.491463 0.600727 0.651876 0.462801 
0.577933 0.586202 0.567769 0.431396 0.707004 0.560395 0.756836 0.512427 0.405732 
0.752762 0.491064 0.438412 0.769169 0.534204 0.35072 0.715625 0.506944 0.480509 
0.676666 0.503845 0.536902 0.692382 0.548335 0.468974 0.615436 0.566917 0.54758 
0.734731 0.671628 0.0953277 0.739915 0.666315 0.0924666 0.785504 0.604895 0.130714 
0.781036 0.600084 0.172865 0.551534 0.616607 0.561788 0.49541 0.594771 0.633101 
0.621811 0.564685 0.542662 0.60434 0.507672 0.614038 0.486385 0.662686 0.569454 
0.747062 0.470367 0.469737 0.82031 0.461767 0.337435 0.723686 0.535692 0.435101 
0.679222 0.607089 0.412433 0.879778 0.360933 0.309384 0.87509 0.364299 0.318597 
0.892721 0.358427 0.273091 0.851429 0.389303 0.351442 0.896305 0.355738 0.264741 
0.856221 0.400676 0.326105 0.851849 0.409558 0.32652 0.848214 0.417796 0.325544 
0.852514 0.451269 0.263772 0.823285 0.485466 0.29415 0.85681 0.445519 0.259595 
0.859404 0.448813 0.244932 0.865833 0.428691 0.257986 0.804229 0.519881 0.28799 
0.799397 0.490287 0.347251 0.746052 0.463609 0.477989 0.832571 0.418454 0.362935 
0.929661 0.249676 0.27091 0.923155 0.27565 0.26796 0.911773 0.305986 0.273939 
0.892148 0.354105 0.280503 0.872929 0.41104 0.262757 0.465651 0.723262 0.509962 
0.476031 0.752468 0.455177 0.426917 0.724101 0.541682 0.562784 0.76966 0.301493 
0.48888 0.774331 0.401756 0.58402 0.707762 0.397484 0.479206 0.743851 0.465883 
0.603846 0.713887 0.354592 0.695716 0.633636 0.338358 0.664369 0.592118 0.456081 
0.621925 0.588478 0.516627 0.815142 0.501477 0.28994 0.787009 0.517462 0.335932 
0.810452 0.544364 0.216414 0.7263 0.583554 0.363253 0.705238 0.579156 0.408922 
0.793385 0.591029 0.145686 0.816872 0.550771 0.171382 0.619131 0.663932 0.41937 
0.618828 0.619432 0.483069 0.538558 0.706711 0.458819 0.764905 0.556666 0.324103 
0.827816 0.484548 0.282726 0.838691 0.459728 0.29197 0.725879 0.632606 0.270019 
0.663831 0.695725 0.274402 0.878062 0.40576 0.253704 0.860929 0.449507 0.238213 
0.849966 0.471805 0.23443 0.838248 0.49211 0.23488 0.840035 0.490123 0.232636 
0.828647 0.510769 0.22904 0.84644 0.482391 0.225473 0.854613 0.468067 0.224834 
0.861894 0.45266 0.228556 0.870938 0.418674 0.257253 0.562687 0.75349 0.340054 
0.559495 0.745183 0.362861 0.628151 0.740489 0.238962 0.578267 0.78029 0.238231 
0.56198 0.794271 0.230894 0.520001 0.823098 0.228274 0.504367 0.820441 0.269242 
0.506271 0.77341 0.381479 0.63878 0.731598 0.238167 0.769242 0.591202 0.242379 
0.716084 0.658669 0.231038 0.648514 0.723519 0.236538 0.839124 0.507758 0.195071 
0.835722 0.512388 0.197552 0.806439 0.550302 0.216389 0.788154 0.576749 0.214882 
0.828606 0.527463 0.187603 0.60015 0.712228 0.364077 0.791841 0.546834 0.271956 
0.734284 0.625606 0.263522 0.728222 0.633041 0.262589 0.652224 0.720946 0.234183 
0.675399 0.701097 0.22869 0.694236 0.680578 0.234202 0.629033 0.742223 0.231132 
0.625652 0.74162 0.24199 0.600668 0.759183 0.250679 0.544526 0.789863 0.282151 
0.522779 0.823042 0.222044 0.549641 0.802287 0.232874 0.755634 0.617542 0.218309 
0.775233 0.595995 0.209296 0.580948 0.774857 0.249191 
