# vtk DataFile Version 4.2
3D Slicer output. SPACE=LPS
ASCII
DATASET POLYDATA
POINTS 4620 float
-34.3726 -28.0984 26.7543 -34.3542 -28.1116 26.7508 -34.3796 -28.1064 26.752 
-34.3897 -28.087 26.7579 -34.1984 -28.225 26.7299 -34.3184 -28.3237 26.716 
-34.517 -28.0032 26.7899 -34.5639 -28.0921 26.7705 -34.5324 -28.2805 26.7461 
-34.1232 -28.28 26.7183 -34.1269 -28.3817 26.7006 -34.2466 -28.513 26.6992 
-34.4593 -28.5412 26.7328 -34.5796 -27.9643 26.8096 -34.6674 -27.9987 26.8114 
-34.7185 -28.2024 26.7915 -34.6945 -28.459 26.7845 -33.9984 -28.3767 26.7103 
-34.0577 -28.5675 26.6916 -34.2386 -28.7628 26.7192 -34.4842 -28.7775 26.764 
-34.6368 -28.6832 26.79 -34.661 -27.9158 26.8387 -34.7365 -27.8737 26.8755 
-34.8904 -28.0515 26.858 -34.903 -28.3726 26.8471 -34.8527 -28.6872 26.8727 
-33.9287 -28.4322 26.7112 -33.8602 -28.6274 26.6948 -33.9892 -28.7533 26.6944 
-34.232 -29.0122 26.7672 -34.4021 -28.9421 26.784 -33.9991 -28.9726 26.7292 
-34.6422 -28.9409 26.8617 -34.9382 -27.7618 26.9193 -34.9558 -27.7611 26.9213 
-35.1623 -28.0027 26.9137 -35.1285 -28.2897 26.9146 -35.0739 -28.5546 26.9328 
-34.8613 -28.912 26.9389 -35.0829 -28.863 27.0432 -33.8665 -28.4801 26.7093 
-33.7086 -28.6228 26.7145 -33.7914 -28.82 26.7043 -34.1204 -29.1605 26.7956 
-34.3808 -29.186 26.8786 -33.731 -29.0385 26.7337 -33.8953 -29.2142 26.7863 
-34.6194 -29.1579 26.9438 -34.8273 -29.1263 27.0313 -34.9507 -27.7551 26.9231 
-34.9592 -27.751 26.9245 -35.1619 -27.6617 26.9649 -35.2265 -27.7409 26.947 
-35.4095 -27.975 26.9517 -35.3401 -28.2119 26.9591 -35.3553 -28.5441 27.0481 
-35.3591 -28.8618 27.2174 -35.054 -29.1365 27.1996 -35.2033 -29.0155 27.2073 
-33.6556 -28.6735 26.7216 -33.5936 -28.8799 26.7228 -34.0848 -29.3723 26.8877 
-34.3048 -29.489 27.0415 -34.5949 -29.3385 27.0604 -33.5023 -29.053 26.7505 
-33.6398 -29.2456 26.785 -33.8056 -29.4425 26.8673 -34.7849 -29.3181 27.1382 
-34.9059 -29.2609 27.1742 -35.2688 -27.6194 26.9737 -35.3783 -27.5797 26.9863 
-35.48 -27.7194 26.9615 -35.6183 -27.9341 26.9726 -35.618 -28.2392 27.0296 
-35.6686 -28.5611 27.1865 -35.5114 -28.7236 27.2026 -35.5082 -28.8326 27.291 
-35.2925 -29.0493 27.3533 -35.5024 -28.9323 27.4589 -35.1819 -29.1115 27.284 
-34.9697 -29.3009 27.3216 -35.1418 -29.1979 27.4219 -33.6012 -28.7174 26.726 
-33.4654 -28.855 26.7443 -33.9853 -29.6825 27.04 -34.2607 -29.7206 27.2252 
-34.4897 -29.5729 27.2398 -34.7064 -29.443 27.2469 -33.4213 -28.906 26.7555 
-33.3249 -29.0438 26.777 -33.4019 -29.2276 26.796 -33.5355 -29.446 26.8489 
-33.6922 -29.6391 26.9319 -34.8485 -29.3623 27.2449 -35.5713 -27.5174 26.988 
-35.6216 -27.5022 26.9917 -35.7228 -27.7262 26.9701 -35.8592 -28.0033 27.0152 
-35.8619 -28.2497 27.0806 -35.8007 -28.3978 27.129 -35.8671 -28.517 27.235 
-35.6309 -28.7694 27.331 -35.8558 -28.6742 27.4174 -35.3164 -29.1095 27.5954 
-35.4865 -29.0208 27.7747 -35.7016 -28.8268 27.4964 -35.6707 -28.902 27.6916 
-34.8344 -29.4288 27.4049 -34.9835 -29.3503 27.5514 -35.1387 -29.2519 27.7177 
-33.927 -29.9707 27.2143 -34.0894 -29.8512 27.2133 -33.6739 -29.9005 27.0433 
-34.3985 -29.7001 27.3196 -34.1733 -29.8916 27.358 -34.3438 -29.7918 27.4537 
-34.4794 -29.678 27.4073 -34.6437 -29.5702 27.4666 -33.3507 -28.9554 26.7687 
-33.284 -29.0101 26.7882 -33.2198 -29.1418 26.8183 -33.2437 -29.3926 26.8614 
-33.4457 -29.6811 26.9195 -35.6919 -27.4825 26.9869 -35.83 -27.5252 26.9729 
-35.9645 -27.7205 26.9801 -36.1739 -27.9377 27.0533 -36.0503 -28.1938 27.1182 
-35.9653 -28.3836 27.1804 -36.0206 -28.5197 27.3224 -36.0856 -28.6018 27.4977 
-35.8197 -28.8002 27.6298 -36.0117 -28.7105 27.7192 -35.2974 -29.1478 27.8952 
-35.4533 -29.045 28.0766 -35.6491 -28.9387 27.9701 -35.8347 -28.834 27.8632 
-34.8139 -29.4832 27.6588 -34.962 -29.3836 27.8322 -35.0977 -29.2755 28.0466 
-33.7322 -30.1231 27.191 -34.0646 -29.9475 27.2943 -33.8423 -30.1879 27.3632 
-34.0369 -30.0457 27.4405 -33.3427 -29.9775 26.9823 -33.532 -30.1721 27.106 
-34.206 -29.9469 27.5911 -34.358 -29.8407 27.7347 -34.4988 -29.7111 27.6105 
-34.647 -29.6125 27.7624 -33.2133 -29.1043 26.818 -33.1874 -29.1343 26.8296 
-33.1208 -29.2365 26.8775 -33.007 -29.4285 26.9038 -33.1714 -29.6889 26.9128 
-35.8353 -27.4436 26.9851 -35.9819 -27.406 26.983 -36.0401 -27.4658 26.9708 
-36.1778 -27.6625 26.9833 -36.4731 -28.0461 27.1712 -36.4344 -27.7345 27.0212 
-36.2607 -28.1782 27.1873 -36.1682 -28.3721 27.2751 -36.1573 -28.5072 27.3945 
-36.2234 -28.5376 27.506 -36.2226 -28.5949 27.6765 -36.0161 -28.7511 28.0483 
-36.2186 -28.6462 27.9448 -35.2668 -29.1482 28.1893 -35.3926 -29.0483 28.3631 
-35.6109 -28.9399 28.2906 -35.8163 -28.8496 28.1539 -34.7849 -29.5098 27.9733 
-34.9291 -29.3971 28.0701 -34.9597 -29.3487 28.2895 -35.1125 -29.2284 28.3491 
-33.6253 -30.3442 27.2888 -33.7502 -30.3712 27.5079 -33.9162 -30.2304 27.6054 
-34.0737 -30.0999 27.7316 -33.0908 -29.9115 26.9376 -33.3341 -30.2368 27.0469 
-33.0879 -30.2001 26.9836 -33.4042 -30.3986 27.154 -34.2209 -29.9777 27.8781 
-34.3622 -29.8546 28.0267 -34.5003 -29.7338 27.882 -34.6229 -29.635 28.0106 
-32.9853 -29.4592 26.9114 -32.9322 -29.7089 26.9214 -36.0753 -27.3821 26.9773 
-36.2366 -27.3417 26.9775 -36.29 -27.4544 26.9668 -36.6704 -27.901 27.1092 
-36.6618 -28.045 27.1995 -36.4331 -28.3065 27.385 -36.6791 -28.1731 27.3433 
-36.5429 -27.454 26.9632 -36.7206 -27.668 27.0147 -36.2718 -28.4506 27.4192 
-36.3652 -28.4784 27.5816 -36.4132 -28.533 27.8466 -35.9848 -28.7565 28.3803 
-36.2098 -28.666 28.2522 -36.4182 -28.5713 28.1505 -35.2385 -29.1322 28.4199 
-35.2857 -29.0657 28.6449 -35.4997 -28.9562 28.5711 -35.6702 -28.8789 28.5272 
-35.7841 -28.8453 28.3945 -34.8319 -29.4557 28.2145 -34.6728 -29.578 28.2749 
-34.8121 -29.4421 28.4618 -34.9752 -29.2926 28.5934 -35.1396 -29.1746 28.5597 
-33.6015 -30.5058 27.452 -33.4203 -30.5935 27.3327 -33.6514 -30.5296 27.6462 
-33.799 -30.3928 27.7562 -33.9451 -30.2545 27.8854 -34.0863 -30.1193 28.0292 
-32.8909 -29.9553 26.9357 -33.2332 -30.3888 27.0653 -32.8255 -30.1662 26.9498 
-33.0765 -30.4583 27.0436 -32.8258 -30.4367 26.9951 -33.1892 -30.5955 27.1591 
-34.2242 -29.9857 28.18 -34.3625 -29.8503 28.3286 -34.5043 -29.7278 28.1658 
-32.9592 -29.4873 26.9132 -32.8406 -29.6033 26.934 -32.7611 -29.7318 26.9374 
-36.3725 -27.3059 26.9626 -36.4359 -27.2895 26.9614 -36.9053 -27.8425 27.1125 
-36.8268 -28.0265 27.2333 -36.6251 -28.2946 27.4864 -36.6159 -28.3892 27.6997 
-36.9642 -28.1565 27.4574 -36.7767 -28.2753 27.5571 -36.6097 -27.2443 26.954 
-36.6454 -27.2348 26.9538 -36.7934 -27.4223 26.9632 -36.9717 -27.6249 27.0229 
-36.6255 -28.4678 28.0545 -35.8314 -28.7907 28.6357 -36.0255 -28.7123 28.6463 
-36.1965 -28.6573 28.5524 -36.4077 -28.5811 28.455 -36.6193 -28.4964 28.3668 
-35.0989 -29.1669 28.7935 -35.2283 -29.0508 28.9588 -35.4226 -28.9496 28.8566 
-35.6253 -28.8623 28.7585 -34.5067 -29.7091 28.47 -34.6508 -29.5651 28.618 
-34.7929 -29.4217 28.7703 -34.9304 -29.2835 28.9246 -33.5001 -30.6536 27.5444 
-33.3535 -30.766 27.4743 -33.1781 -30.8234 27.3507 -33.5294 -30.6788 27.7746 
-33.6726 -30.543 27.9013 -33.8131 -30.4029 28.0375 -33.9511 -30.2625 28.1831 
-34.0869 -30.1229 28.3342 -32.7378 -29.7676 26.941 -32.6712 -29.9827 26.9393 
-32.6222 -30.2206 26.9499 -32.9798 -30.6097 27.0764 -32.5581 -30.4217 26.9683 
-32.8125 -30.6789 27.0655 -32.5781 -30.644 27.0239 -32.9347 -30.809 27.1854 
-34.2225 -29.9829 28.4862 -34.3599 -29.8412 28.6354 -37.1507 -27.7932 27.1285 
-37.082 -27.9831 27.268 -36.8382 -28.3259 27.7485 -36.8535 -28.3697 27.9917 
-37.2698 -28.0908 27.4843 -36.9502 -28.2621 27.6641 -37.1821 -28.2148 27.7374 
-36.7626 -27.192 26.9521 -36.8593 -27.1827 26.9519 -37.0343 -27.3907 26.9783 
-37.2035 -27.5854 27.046 -36.8277 -28.4118 28.292 -35.7774 -28.767 28.9343 
-35.9545 -28.7137 28.8298 -36.158 -28.6392 28.8486 -36.3834 -28.5732 28.7491 
-36.6055 -28.4996 28.672 -36.821 -28.4238 28.5883 -35.0601 -29.1572 29.0786 
-35.1776 -29.0525 29.2078 -35.3558 -28.9392 29.1754 -35.5646 -28.8446 29.0416 
-34.4988 -29.6977 28.7833 -34.6369 -29.5536 28.9315 -34.7735 -29.4115 29.0793 
-34.909 -29.2741 29.2243 -33.3842 -30.8045 27.6597 -33.2356 -30.9099 27.5522 
-33.0961 -30.9961 27.4797 -32.9452 -31.0124 27.3731 -33.3938 -30.8249 27.9063 
-33.534 -30.6873 28.0441 -33.6727 -30.546 28.1878 -33.8102 -30.4038 28.3361 
-33.9467 -30.262 28.4876 -34.0829 -30.1202 28.6398 -32.701 -29.8116 26.9411 
-32.6146 -29.9068 26.9486 -32.5467 -29.9981 26.9511 -32.4959 -30.0696 26.9576 
-32.3938 -30.2642 26.9596 -32.3603 -30.4905 26.9791 -32.6986 -30.8197 27.1147 
-32.2985 -30.6951 27.0294 -32.465 -30.8662 27.1112 -32.6681 -31.0207 27.2579 
-34.2196 -29.978 28.7909 -34.357 -29.8352 28.9399 -37.3441 -27.7319 27.1371 
-37.3734 -27.9147 27.2846 -37.0086 -28.299 27.8652 -37.0485 -28.3184 28.0644 
-37.0214 -28.3424 28.25 -37.5549 -28.047 27.5074 -37.4786 -28.1539 27.7307 
-37.2024 -28.2691 28.0256 -37.4342 -28.2167 28.0029 -36.8433 -27.1642 26.9535 
-36.8641 -27.1587 26.9544 -37.056 -27.115 26.9742 -37.086 -27.1486 26.9736 
-37.2601 -27.3555 27.0152 -37.4178 -27.5519 27.0946 -37.0239 -28.3533 28.5158 
-35.7212 -28.7414 29.2582 -35.9861 -28.6648 29.1011 -36.2135 -28.5912 29.1006 
-36.3491 -28.5623 28.9854 -36.5771 -28.4906 28.9971 -36.815 -28.4203 28.8883 
-37.0287 -28.353 28.8057 -35.0489 -29.1415 29.3587 -35.2235 -28.997 29.468 
-35.3988 -28.8799 29.4212 -35.5141 -28.8321 29.2816 -34.4939 -29.6917 29.0875 
-34.6296 -29.5483 29.2335 -34.7651 -29.4062 29.3772 -34.9032 -29.266 29.5166 
-33.2517 -30.953 27.7753 -33.108 -31.0622 27.654 -32.9787 -31.1182 27.5404 
-32.7704 -31.2299 27.5117 -33.2528 -30.9712 28.0415 -33.3883 -30.8289 28.1877 
-33.5239 -30.6853 28.3365 -33.6602 -30.5424 28.4877 -33.7982 -30.4 28.6399 
-33.9377 -30.2582 28.7918 -34.0776 -30.1165 28.9421 -32.4115 -30.1791 26.96 
-32.3668 -30.2386 26.9653 -32.3369 -30.2859 26.9652 -32.2658 -30.3935 26.9782 
-32.2083 -30.5101 26.9931 -32.1771 -30.5613 27.0067 -32.0695 -30.7 27.0426 
-32.1926 -30.8702 27.1045 -32.3387 -31.0553 27.2199 -32.4837 -31.2493 27.3865 
-34.2172 -29.9746 29.0907 -34.3557 -29.8324 29.2375 -37.5422 -27.7406 27.2106 
-37.6547 -27.9072 27.3606 -37.173 -28.2959 28.2137 -37.213 -28.2953 28.4416 
-37.81 -28.0108 27.5301 -37.7595 -28.1127 27.7327 -37.7071 -28.1774 27.9881 
-37.3977 -28.2481 28.3088 -37.6769 -28.2054 28.277 -37.0934 -27.1054 26.9784 
-37.2602 -27.0664 27.0128 -37.2978 -27.1091 27.0164 -37.4699 -27.3088 27.076 
-37.6324 -27.5145 27.17 -37.2347 -28.2924 28.7304 -35.5604 -28.7794 29.5234 
-35.7502 -28.6919 29.5242 -35.933 -28.6397 29.4246 -36.1684 -28.578 29.3397 
-36.416 -28.5176 29.2489 -36.6477 -28.4515 29.2751 -36.8215 -28.4067 29.1811 
-37.0323 -28.3465 29.0985 -37.246 -28.2872 29.0253 -35.0496 -29.1266 29.6505 
-35.1988 -28.9933 29.797 -35.371 -28.8768 29.6641 -34.4922 -29.6898 29.3828 
-34.627 -29.5466 29.5265 -34.7622 -29.4031 29.6683 -34.9002 -29.2599 29.8065 
-33.1134 -31.1074 27.8985 -32.9477 -31.2372 27.7512 -32.5629 -31.4685 27.6042 
-32.7716 -31.425 27.7561 -33.12 -31.1203 28.1807 -33.2454 -30.9698 28.3318 
-33.3727 -30.8216 28.4824 -33.5025 -30.6782 28.6352 -33.6378 -30.5364 28.7907 
-33.7798 -30.3944 28.944 -33.9251 -30.2529 29.0936 -34.07 -30.112 29.2399 
-32.1052 -30.6066 27.0203 -32.0166 -30.6968 27.0518 -31.9865 -30.8179 27.1018 
-32.0355 -30.657 27.041 -32.0151 -31.0031 27.2051 -32.1999 -31.237 27.3331 
-32.3374 -31.4093 27.4657 -34.2128 -29.9711 29.3846 -34.3526 -29.8299 29.5277 
-37.7915 -27.7253 27.2985 -37.8461 -27.8978 27.4101 -37.443 -28.2437 28.651 
-38.0063 -27.9365 27.5156 -38.0562 -28.0585 27.726 -37.9906 -28.1473 27.9827 
-37.9512 -28.1823 28.2598 -37.6764 -28.208 28.5881 -37.9372 -28.187 28.5568 
-37.3017 -27.0559 27.0219 -37.4574 -27.0208 27.0746 -37.4821 -27.0448 27.0806 
-37.6677 -27.2348 27.1567 -37.8485 -27.4491 27.2527 -37.4636 -28.2365 28.9583 
-35.5286 -28.7693 29.8228 -35.6842 -28.6999 29.7108 -35.8851 -28.6228 29.7245 
-36.1192 -28.5624 29.6282 -36.3635 -28.5056 29.563 -36.604 -28.4492 29.508 
-36.8236 -28.3943 29.4561 -37.0344 -28.339 29.3864 -37.2515 -28.2823 29.3182 
-37.4743 -28.2312 29.2566 -35.0398 -29.121 29.9449 -35.1787 -28.9898 30.0924 
-35.3483 -28.8709 29.9569 -34.4885 -29.6882 29.669 -34.6206 -29.545 29.8117 
-34.7543 -29.3984 29.9539 -34.8906 -29.2527 30.0877 -32.9946 -31.2661 28.0353 
-32.8796 -31.3961 27.9337 -32.5521 -31.7048 27.7826 -32.6719 -31.5796 27.7954 
-32.3155 -31.6167 27.6069 -32.7754 -31.5909 27.9993 -33.0076 -31.2754 28.3166 
-33.1165 -31.113 28.4743 -33.2307 -30.9549 28.6238 -33.3465 -30.8103 28.7708 
-33.4665 -30.6731 28.9334 -33.6053 -30.53 29.0958 -33.7559 -30.3856 29.2483 
-33.9076 -30.2443 29.3933 -34.0572 -30.104 29.5319 -31.9631 -30.781 27.093 
-31.9392 -30.8058 27.1149 -31.9214 -30.9059 27.1852 -31.8671 -30.9925 27.2381 
-31.9143 -31.2113 27.3396 -32.1046 -31.4229 27.4516 -34.2012 -29.9637 29.6734 
-34.3428 -29.8227 29.8084 -38.0132 -27.6336 27.3578 -37.9628 -27.815 27.4015 
-37.6935 -28.1994 28.9015 -38.1436 -27.79 27.4723 -38.2295 -27.9345 27.614 
-38.3558 -28.034 27.7884 -38.2885 -28.1202 27.9922 -38.2361 -28.1686 28.2565 
-38.2109 -28.1798 28.5438 -37.9417 -28.1779 28.8626 -38.2065 -28.1716 28.8428 
-37.4774 -27.0159 27.0825 -37.5268 -27.006 27.1059 -37.6482 -26.9806 27.1681 
-37.7015 -26.9689 27.1912 -37.8705 -27.1501 27.2475 -38.0621 -27.3671 27.3338 
-37.7066 -28.1917 29.2048 -35.5116 -28.7574 30.1191 -35.7299 -28.6619 29.9781 
-35.9446 -28.5827 29.9769 -36.0778 -28.5525 29.863 -36.3163 -28.4941 29.8842 
-36.574 -28.4408 29.7941 -36.8077 -28.3883 29.7313 -37.0313 -28.334 29.6708 
-37.2532 -28.2794 29.6087 -37.4796 -28.2289 29.5508 -37.7146 -28.1881 29.5018 
-35.0208 -29.1173 30.2219 -35.1454 -28.9898 30.3781 -35.3228 -28.8657 30.2503 
-34.4738 -29.6843 29.9429 -34.5969 -29.5417 30.0937 -34.7355 -29.385 30.2386 
-34.876 -29.2379 30.3454 -32.9031 -31.4302 28.1625 -32.3949 -31.8245 27.7567 
-32.6722 -31.6729 27.8821 -32.5303 -31.9325 27.9132 -32.6658 -31.7909 27.9854 
-32.0236 -31.6126 27.5639 -32.1923 -31.8201 27.6894 -32.8448 -31.5841 28.2728 
-32.7675 -31.8009 28.2603 -32.9211 -31.441 28.4364 -33.0091 -31.2651 28.6098 
-33.1084 -31.0867 28.7668 -33.2119 -30.9312 28.8927 -33.3025 -30.8098 29.0338 
-33.4027 -30.6797 29.2572 -33.5769 -30.5126 29.3929 -33.7193 -30.3745 29.5682 
-33.8905 -30.2262 29.6772 -34.0294 -30.0915 29.8202 -31.8096 -31.0881 27.3028 
-31.7516 -31.1873 27.3656 -31.8256 -31.3966 27.4593 -34.1784 -29.9457 29.9608 
-34.3259 -29.8058 30.0673 -38.2344 -27.563 27.432 -37.9524 -28.1675 29.1667 
-38.405 -27.7519 27.5589 -38.4305 -27.9281 27.677 -38.5609 -27.9823 27.7856 
-38.6124 -28.0769 27.993 -38.5356 -28.1549 28.2632 -38.4965 -28.1793 28.5441 
-38.4832 -28.1761 28.8375 -38.2124 -28.1587 29.1444 -38.4843 -28.1628 29.136 
-37.8714 -26.9398 27.2665 -37.9444 -26.9266 27.2958 -38.0791 -27.0689 27.3351 
-38.2787 -27.281 27.4089 -37.9613 -28.1612 29.4654 -35.4793 -28.7504 30.4195 
-35.687 -28.6566 30.3045 -35.9093 -28.5795 30.2172 -36.1496 -28.5179 30.1273 
-36.3845 -28.4632 30.1623 -36.5676 -28.429 30.0816 -36.7946 -28.3824 30.0166 
-37.0239 -28.3311 29.9577 -37.2518 -28.2785 29.8991 -37.4818 -28.229 29.8435 
-37.7191 -28.1878 29.7955 -37.9672 -28.1593 29.7598 -34.9799 -29.1223 30.4733 
-35.0783 -28.9992 30.6874 -35.2849 -28.8616 30.5427 -34.4317 -29.6853 30.1954 
-34.5307 -29.54 30.4092 -34.7323 -29.3334 30.531 -34.8691 -29.2181 30.5111 
-32.3395 -32.0171 27.8365 -32.5145 -32.2146 28.0481 -32.6544 -32.0064 28.1227 
-31.7499 -31.5808 27.567 -31.9348 -31.799 27.6562 -32.1004 -32.0148 27.7641 
-32.8543 -31.6344 28.5169 -32.7345 -32.0932 28.3761 -32.8082 -31.8656 28.5794 
-32.9246 -31.4386 28.7317 -33.006 -31.2315 28.906 -33.1075 -31.0308 29.0579 
-33.2012 -30.9077 29.066 -33.2034 -30.8719 29.2515 -33.2563 -30.7638 29.5113 
-33.4185 -30.6111 29.5595 -33.5502 -30.4958 29.6226 -33.5826 -30.4315 29.8307 
-33.7467 -30.3158 29.8095 -33.8512 -30.2114 29.9373 -33.9621 -30.0782 30.1344 
-31.7115 -31.2572 27.4123 -31.6541 -31.364 27.485 -34.1684 -29.8913 30.2541 
-34.3151 -29.7836 30.2345 -38.4701 -27.4726 27.4929 -38.2205 -28.1491 29.4431 
-38.6972 -27.614 27.5918 -38.6207 -27.8478 27.682 -38.8139 -27.9372 27.8348 
-38.9453 -28.061 28.0669 -38.8436 -28.1405 28.2852 -38.7909 -28.1786 28.5541 
-38.7686 -28.1845 28.842 -38.7643 -28.1742 29.1375 -38.4904 -28.1504 29.4337 
-38.7681 -28.1606 29.434 -38.0711 -26.9049 27.3491 -38.2859 -26.9765 27.4136 
-38.1902 -26.8892 27.3905 -38.4977 -27.1936 27.4689 -38.2269 -28.1446 29.7379 
-35.4392 -28.7424 30.7132 -35.6494 -28.6485 30.6086 -35.8714 -28.5727 30.5123 
-36.1041 -28.5119 30.4351 -36.3381 -28.4619 30.3869 -36.5603 -28.4191 30.3493 
-36.7819 -28.3764 30.2996 -37.0132 -28.3284 30.2473 -37.2463 -28.2778 30.1915 
-37.4808 -28.2293 30.1365 -37.7204 -28.1881 30.0881 -37.9698 -28.1587 30.0518 
-38.2305 -28.1426 30.0298 -34.8671 -29.1796 30.6927 -34.9201 -29.0766 30.9363 
-35.0874 -28.9342 30.9787 -35.2479 -28.8468 30.8214 -34.3032 -29.7375 30.4187 
-34.3429 -29.6241 30.6692 -34.5268 -29.4588 30.7189 -34.6811 -29.3099 30.8018 
-32.2419 -32.2616 27.8986 -32.3965 -32.4374 28.0254 -32.6524 -32.1681 28.2 
-32.539 -32.5129 28.175 -32.6559 -32.3301 28.2861 -31.6173 -31.434 27.5279 
-31.5585 -31.5569 27.5958 -31.6751 -31.7557 27.6581 -31.8431 -31.979 27.7348 
-32.0021 -32.1797 27.8127 -32.8615 -31.6529 28.8176 -32.7876 -32.0811 28.6503 
-32.7463 -32.3509 28.5775 -32.8203 -31.8984 28.8637 -32.9213 -31.3992 29.0745 
-33.0044 -31.1769 29.1515 -33.064 -31.0326 29.3168 -33.1284 -30.9066 29.4734 
-33.1294 -30.8603 29.6968 -33.2862 -30.6765 29.801 -33.4486 -30.5483 29.7576 
-33.4129 -30.5305 29.9651 -33.5229 -30.4259 30.0509 -33.6714 -30.3234 30.0302 
-33.7791 -30.2153 30.145 -33.7431 -30.169 30.3805 -33.9496 -30.0019 30.4331 
-34.0978 -29.8638 30.5258 -38.6712 -27.3652 27.5259 -38.4966 -28.1427 29.7285 
-38.9265 -27.6254 27.652 -38.9288 -27.3696 27.5874 -38.8252 -27.7718 27.6953 
-39.0582 -27.7582 27.7633 -39.0971 -27.9475 27.9298 -39.2031 -28.0471 28.1074 
-39.1385 -28.1221 28.3104 -39.0863 -28.1709 28.569 -39.0583 -28.1889 28.8521 
-39.049 -28.1858 29.1449 -39.0501 -28.1741 29.4401 -38.7735 -28.1501 29.7285 
-39.0544 -28.1625 29.7341 -38.2756 -26.8775 27.4256 -38.4785 -26.8663 27.4773 
-38.5142 -26.9023 27.4808 -38.7233 -27.1327 27.5186 -38.5009 -28.1386 30.0203 
-35.3798 -28.7403 30.9876 -35.6089 -28.6358 30.9258 -35.8349 -28.5633 30.8071 
-36.0698 -28.5032 30.7325 -36.3077 -28.4543 30.6619 -36.5333 -28.4132 30.6056 
-36.7575 -28.3718 30.5719 -36.9939 -28.3253 30.5382 -37.2343 -28.276 30.4859 
-37.4742 -28.2279 30.4309 -37.7165 -28.1862 30.3798 -37.9667 -28.1556 30.3422 
-38.2287 -28.1382 30.3201 -38.5013 -28.1336 30.3107 -34.7756 -29.2012 30.9165 
-34.7598 -29.1559 31.1319 -34.9341 -28.9982 31.2269 -35.117 -28.8742 31.1799 
-35.2206 -28.8277 31.041 -34.1878 -29.7554 30.6457 -34.1605 -29.7021 30.8521 
-34.3159 -29.5411 30.9824 -34.5252 -29.3979 30.9321 -34.6291 -29.2864 31.0338 
-32.2498 -32.4941 27.9686 -32.0089 -32.4327 27.8944 -32.3641 -32.6719 28.0865 
-32.5427 -32.7838 28.2726 -32.6632 -32.5955 28.3936 -31.5434 -31.5888 27.6127 
-31.4961 -31.6961 27.6726 -31.5456 -31.9142 27.7481 -31.7778 -32.1827 27.8079 
-32.8498 -31.6663 29.1201 -32.7917 -32.1633 28.8725 -32.7352 -32.6754 28.6392 
-32.7707 -32.4577 28.8741 -32.8074 -31.9331 29.141 -32.9631 -31.2085 29.3601 
-32.8827 -31.4294 29.3851 -33.0277 -31.0313 29.557 -33.0069 -31.0057 29.822 
-33.1194 -30.8099 29.9813 -33.2545 -30.6326 30.1085 -33.4009 -30.473 30.2244 
-33.5522 -30.3677 30.191 -33.6533 -30.2824 30.2323 -33.5196 -30.3285 30.4 
-33.5666 -30.2125 30.6366 -33.7659 -30.0551 30.6636 -33.9385 -29.9428 30.6347 
-34.0098 -29.8419 30.7707 -38.7779 -28.1438 30.0204 -39.0934 -27.55 27.6707 
-38.9206 -27.0776 27.5558 -39.1774 -27.3888 27.6492 -39.1474 -27.1379 27.6099 
-39.3333 -27.5548 27.7602 -39.2945 -27.8231 27.8838 -39.2796 -27.9641 27.9945 
-39.371 -28.0135 28.1044 -39.4124 -28.0786 28.3022 -39.375 -28.146 28.5764 
-39.3464 -28.1803 28.8616 -39.3345 -28.1891 29.1541 -39.3338 -28.184 29.449 
-39.3371 -28.1744 29.7429 -39.0585 -28.1541 30.026 -39.3408 -28.1656 30.0346 
-38.5181 -26.864 27.4876 -38.7151 -26.8716 27.5243 -38.7579 -26.8735 27.5333 
-38.766 -26.874 27.5347 -38.7801 -28.1382 30.3103 -35.2753 -28.7626 31.261 
-35.5012 -28.6546 31.1952 -35.6832 -28.5828 31.1658 -35.8027 -28.5536 31.0443 
-36.0329 -28.4922 31.0528 -36.2872 -28.4431 30.9527 -36.5239 -28.402 30.8773 
-36.7123 -28.3711 30.7969 -36.9562 -28.322 30.846 -37.2115 -28.2726 30.78 
-37.4599 -28.2235 30.7305 -37.7061 -28.1806 30.6705 -37.9542 -28.148 30.628 
-38.2159 -28.1281 30.6082 -38.493 -28.1225 30.602 -38.7773 -28.1285 30.6009 
-34.5595 -29.263 31.3008 -34.7234 -29.1146 31.4004 -34.854 -28.9808 31.5756 
-35.0694 -28.8652 31.4149 -33.9772 -29.7787 31.0092 -34.1102 -29.6684 31.0513 
-34.1126 -29.6052 31.2396 -34.2713 -29.4788 31.2834 -34.4516 -29.3905 31.1411 
-32.1719 -32.636 27.985 -31.7292 -32.3765 27.8646 -32.0234 -32.6757 27.9607 
-31.8057 -32.6048 27.9227 -32.152 -32.8729 28.0616 -32.3904 -32.9192 28.1912 
-32.533 -33.088 28.3855 -32.6606 -32.8672 28.4731 -31.4818 -31.7284 27.6884 
-31.4409 -31.8141 27.7458 -31.3978 -31.9244 27.7932 -31.5171 -32.1814 27.8349 
-32.822 -31.6812 29.4131 -32.7776 -32.2182 29.1479 -32.7205 -32.9652 28.6874 
-32.7581 -32.7526 28.8857 -32.754 -32.5309 29.1607 -32.7768 -31.9533 29.4254 
-32.9303 -31.2103 29.6264 -32.8508 -31.4303 29.6763 -32.9041 -31.1916 29.9128 
-32.9866 -30.9675 30.1164 -33.1022 -30.7456 30.3095 -33.245 -30.5763 30.3423 
-33.3303 -30.4547 30.4848 -33.4124 -30.3393 30.6222 -33.4048 -30.2744 30.8346 
-33.5749 -30.1125 30.8959 -33.7351 -30.0002 30.8716 -33.8569 -29.9477 30.7794 
-33.833 -29.9002 30.9558 -39.0614 -28.1479 30.3156 -38.9874 -26.9026 27.5749 
-39.0196 -26.907 27.5827 -39.329 -27.2941 27.682 -39.2034 -26.9361 27.6238 
-39.2763 -26.9458 27.6472 -39.3804 -27.0641 27.6826 -39.5451 -27.299 27.7855 
-39.5519 -27.5285 27.8373 -39.5425 -27.719 27.9269 -39.439 -27.9114 28.0108 
-39.53 -27.9877 28.1638 -39.6267 -28.0313 28.3332 -39.6589 -28.0919 28.5708 
-39.6258 -28.1487 28.8628 -39.6136 -28.1739 29.1569 -39.615 -28.1804 29.455 
-39.6193 -28.1782 29.7516 -39.6231 -28.1729 30.0444 -39.3436 -28.1589 30.324 
-39.6259 -28.1678 30.3339 -39.0618 -28.1403 30.6042 -35.2221 -28.7491 31.5755 
-35.4347 -28.6566 31.4732 -35.6503 -28.5777 31.3966 -35.8761 -28.5155 31.3 
-36.1015 -28.4598 31.3247 -36.2819 -28.4283 31.2398 -36.5181 -28.3881 31.1693 
-36.7854 -28.3434 31.0854 -37.0392 -28.293 31.1255 -37.1824 -28.2692 31.0224 
-37.4324 -28.2156 31.0558 -37.6933 -28.1699 30.9633 -37.9327 -28.1359 30.9022 
-38.1824 -28.1121 30.8846 -38.465 -28.1021 30.8966 -38.7639 -28.1099 30.8989 
-39.0572 -28.1272 30.8956 -34.3919 -29.3749 31.3397 -34.3975 -29.3203 31.5235 
-34.55 -29.2002 31.5654 -34.6756 -29.0952 31.6275 -34.6907 -29.0366 31.8542 
-34.8644 -28.9226 31.8346 -35.0234 -28.845 31.7009 -33.9778 -29.7167 31.1879 
-33.7693 -29.8482 31.2475 -33.9219 -29.6894 31.4018 -34.0758 -29.5408 31.547 
-34.2727 -29.4225 31.4721 -31.5222 -32.4478 27.9021 -31.9307 -32.7956 27.9836 
-31.6237 -32.6651 27.9424 -31.7677 -32.7859 27.9701 -31.8657 -32.9984 28.0488 
-32.0932 -33.0851 28.1108 -32.2795 -33.1418 28.2079 -32.4018 -33.313 28.3512 
-32.6602 -33.0362 28.5274 -32.5328 -33.3916 28.5476 -32.6523 -33.1804 28.6098 
-31.3643 -32.0206 27.831 -31.3063 -32.1993 27.8917 -32.7868 -31.6836 29.7076 
-32.7398 -32.2389 29.4319 -32.7469 -32.9768 28.9052 -32.7117 -33.1832 28.8418 
-32.7451 -32.8385 29.0957 -32.7227 -32.4673 29.3999 -32.7185 -32.6832 29.3287 
-32.7321 -31.9613 29.7106 -32.8204 -31.4146 29.9776 -32.8801 -31.1573 30.2192 
-32.9599 -30.9282 30.4161 -33.1733 -30.5866 30.5588 -33.0364 -30.7445 30.6032 
-33.2706 -30.4328 30.7297 -33.2445 -30.3735 30.994 -33.3979 -30.1882 31.1 
-33.5301 -30.0782 31.0847 -33.6556 -29.9926 31.0566 -39.3449 -28.153 30.6114 
-39.3807 -26.9568 27.6877 -39.5007 -26.987 27.7495 -39.5791 -27.0119 27.7956 
-39.6853 -27.0449 27.8525 -39.802 -27.1831 27.9177 -39.7439 -27.5074 27.9433 
-39.7767 -27.7526 28.0871 -39.6062 -27.8733 28.0699 -39.719 -27.9251 28.2239 
-39.8052 -27.9935 28.4366 -39.8717 -28.0452 28.637 -39.8878 -28.0877 28.8556 
-39.8726 -28.1296 29.142 -39.8862 -28.1509 29.4456 -39.8994 -28.1624 29.7532 
-39.9034 -28.1677 30.0514 -39.9073 -28.1685 30.3432 -39.627 -28.1636 30.6206 
-39.9087 -28.1686 30.6308 -39.3438 -28.1449 30.8979 -35.1693 -28.7387 31.8689 
-35.3827 -28.6496 31.7704 -35.6043 -28.5729 31.6803 -35.8321 -28.5094 31.6042 
-36.0599 -28.4574 31.5496 -36.2723 -28.4164 31.4999 -36.4913 -28.3781 31.4544 
-36.7408 -28.3346 31.4119 -37.0008 -28.2871 31.3686 -37.2644 -28.2372 31.301 
-37.5094 -28.1834 31.3391 -37.694 -28.152 31.2504 -37.9236 -28.1174 31.1755 
-38.1234 -28.098 31.1049 -38.388 -28.0726 31.1897 -38.7303 -28.0768 31.224 
-39.0456 -28.1058 31.1989 -39.3395 -28.1326 31.1879 -34.2252 -29.4 31.6847 
-34.3811 -29.2633 31.8007 -34.5584 -29.1474 31.7633 -34.4935 -29.1444 31.9883 
-34.607 -29.0427 32.1197 -34.7868 -28.929 32.0974 -34.9769 -28.8307 31.9674 
-33.5147 -30.0319 31.2722 -33.559 -29.9208 31.526 -33.7353 -29.7755 31.5671 
-33.8692 -29.6615 31.6284 -33.8773 -29.5985 31.8534 -34.0585 -29.4798 31.8262 
-31.2962 -32.2373 27.9039 -31.3048 -32.434 27.9431 -31.4255 -32.6221 27.9636 
-31.5909 -32.8233 27.9977 -31.5552 -33.0375 28.0676 -31.7538 -33.2242 28.1108 
-32.0315 -33.2959 28.1691 -32.2535 -33.3645 28.2698 -32.33 -33.5401 28.4094 
-32.4602 -33.6643 28.6308 -32.6473 -33.3486 28.735 -32.5857 -33.5381 28.7952 
-32.744 -31.6798 30.0244 -32.7045 -32.3403 29.5526 -32.7055 -32.1816 29.648 
-32.7294 -33.075 29.0553 -32.6692 -33.3862 28.9301 -32.7068 -33.2502 29.029 
-32.7068 -32.9376 29.278 -32.6872 -32.5156 29.5486 -32.6695 -32.7563 29.5197 
-32.6908 -32.0824 29.8045 -32.6989 -31.9232 29.9369 -32.7935 -31.3758 30.2961 
-32.8594 -31.0969 30.5625 -32.9419 -30.8839 30.6507 -33.1046 -30.5813 30.8493 
-32.9859 -30.7616 30.7998 -33.0962 -30.4823 31.1934 -33.239 -30.3009 31.223 
-33.3241 -30.1691 31.3628 -39.6261 -28.1595 30.9047 -39.815 -27.0853 27.9266 
-39.9152 -27.1236 27.9935 -40.01 -27.1614 28.0669 -40.0034 -27.3998 28.0891 
-39.903 -27.614 28.0774 -39.919 -27.7191 28.153 -39.9405 -27.8211 28.3074 
-39.9873 -27.9475 28.5676 -39.9974 -28.0195 28.7458 -40.0751 -28.0149 28.8955 
-40.0877 -28.0485 29.1014 -40.1199 -28.0825 29.3924 -40.1854 -28.108 29.7371 
-40.1777 -28.1384 30.0494 -40.1862 -28.1517 30.3472 -40.1884 -28.1612 30.6386 
-39.907 -28.1692 30.9142 -40.1877 -28.1691 30.925 -39.6233 -28.1544 31.1873 
-35.1032 -28.7398 32.1444 -35.3352 -28.639 32.0895 -35.5621 -28.5657 31.9739 
-35.7961 -28.5026 31.9016 -36.0338 -28.45 31.8295 -36.2637 -28.4061 31.7619 
-36.4473 -28.3749 31.6817 -36.6921 -28.3272 31.7278 -36.9552 -28.2793 31.6637 
-37.2137 -28.2283 31.6181 -37.4629 -28.1778 31.5686 -37.6847 -28.1345 31.5129 
-37.9067 -28.0968 31.4525 -38.173 -28.065 31.3858 -38.413 -28.0371 31.4458 
-38.5997 -28.0406 31.4179 -38.791 -28.047 31.4811 -39.0323 -28.0765 31.527 
-39.3351 -28.1169 31.4875 -39.6201 -28.1475 31.4736 -34.164 -29.3764 31.9547 
-34.2768 -29.2568 32.146 -34.4464 -29.1209 32.2652 -34.6208 -28.9846 32.4112 
-34.8269 -28.8704 32.334 -34.9353 -28.8246 32.1884 -33.4041 -30.0519 31.5043 
-33.3898 -30.0029 31.7286 -33.5646 -29.8368 31.8168 -33.743 -29.7134 31.7719 
-33.6773 -29.708 31.9842 -33.77 -29.609 32.1144 -33.9503 -29.4884 32.0956 
-31.2791 -32.3028 27.921 -31.2545 -32.4048 27.9566 -31.2313 -32.5285 27.999 
-31.2296 -32.538 28.0026 -31.3041 -32.7796 28.0517 -31.295 -33.0668 28.1232 
-31.5231 -33.28 28.1358 -31.7731 -33.4633 28.1861 -32.0004 -33.53 28.2376 
-32.1558 -33.4939 28.275 -32.1029 -33.6992 28.3538 -32.2994 -33.799 28.5293 
-32.415 -33.8532 28.687 -32.5046 -33.8108 28.8897 -32.6063 -33.5573 29.0972 
-32.6827 -31.8393 30.1647 -32.7205 -31.5892 30.3628 -32.6703 -32.2867 29.7543 
-32.6896 -33.1756 29.2211 -32.67 -33.3539 29.1278 -32.6494 -33.0241 29.476 
-32.6377 -32.5323 29.7618 -32.6082 -32.7975 29.7487 -32.6624 -32.0705 29.9823 
-32.7642 -31.3423 30.6057 -32.9026 -30.9043 30.8428 -32.8101 -31.1107 30.8711 
-32.9796 -30.7081 31.0236 -32.9529 -30.6553 31.3049 -33.1674 -30.3109 31.4361 
-33.0304 -30.4698 31.4803 -33.2599 -30.1571 31.6096 -39.9018 -28.1704 31.1923 
-40.1545 -27.2321 28.1982 -40.1619 -27.2348 28.2044 -40.1492 -27.3881 28.2047 
-40.0125 -27.6386 28.1901 -40.1359 -27.5238 28.2551 -40.1015 -27.6861 28.3375 
-40.1314 -27.7909 28.5281 -40.1351 -27.9143 28.7524 -40.2373 -27.9171 28.9919 
-40.304 -27.96 29.2855 -40.3614 -28.0091 29.5935 -40.4225 -28.0415 29.8367 
-40.4112 -28.0811 30.0346 -40.4678 -28.1015 30.3392 -40.4608 -28.1311 30.6381 
-40.4662 -28.1499 30.9304 -40.1799 -28.1782 31.2047 -40.4595 -28.1699 31.2187 
-39.8971 -28.1716 31.469 -35.0018 -28.7649 32.4215 -35.23 -28.6605 32.3616 
-35.4115 -28.5891 32.3355 -35.529 -28.5581 32.2135 -35.7587 -28.4944 32.2246 
-36.0121 -28.4411 32.1266 -36.2576 -28.3947 32.0537 -36.5217 -28.3478 31.9673 
-36.7719 -28.2974 32.0064 -36.9155 -28.2739 31.9056 -37.164 -28.2182 31.9428 
-37.4285 -28.1649 31.8537 -37.6663 -28.1178 31.7747 -37.8544 -28.0859 31.6819 
-38.0905 -28.0423 31.7038 -38.3355 -28.0193 31.6413 -38.543 -28.014 31.6169 
-38.7036 -28.0239 31.5889 -38.8686 -28.0367 31.6881 -39.0955 -28.0643 31.8644 
-39.3435 -28.1039 31.797 -39.6192 -28.1403 31.7678 -39.8956 -28.1722 31.753 
-34.0888 -29.3736 32.1839 -34.0932 -29.3204 32.3978 -34.2647 -29.1999 32.4452 
-34.4136 -29.0971 32.4983 -34.4472 -29.0341 32.7315 -34.6425 -28.9291 32.6994 
-34.8029 -28.8563 32.5721 -33.2147 -30.1241 31.8786 -33.3596 -29.9541 32.0083 
-33.5052 -29.8075 32.1065 -33.6085 -29.698 32.2259 -33.7352 -29.5607 32.4026 
-33.9548 -29.4288 32.3293 -31.2284 -32.5455 28.0053 -31.2109 -32.6869 28.0736 
-31.1887 -32.8067 28.1051 -31.1691 -32.9385 28.1442 -31.1451 -33.0882 28.1777 
-31.2678 -33.3242 28.1889 -31.4973 -33.5062 28.2025 -31.6818 -33.6837 28.2606 
-31.8931 -33.6531 28.266 -31.8712 -33.8408 28.353 -32.0929 -33.9781 28.4985 
-32.3109 -34.0119 28.6779 -32.425 -33.9394 28.7712 -32.4103 -34.0482 28.8798 
-32.5444 -33.7841 29.1871 -32.4745 -34.0202 29.1499 -32.6216 -33.326 29.3878 
-32.565 -33.6095 29.4064 -32.6294 -32.0243 30.2389 -32.6592 -31.7702 30.4401 
-32.6954 -31.5473 30.6319 -32.6223 -32.2834 30.0033 -32.5777 -33.0867 29.7207 
-32.58 -32.5357 30.0149 -32.5383 -32.8141 30.015 -32.7211 -31.3491 30.8874 
-32.8701 -30.8796 31.1176 -32.7593 -31.1031 31.1839 -32.8359 -30.8088 31.4476 
-32.93 -30.6014 31.5306 -33.0898 -30.3131 31.7116 -32.9725 -30.48 31.6691 
-40.1649 -28.1879 31.4703 -40.171 -27.2389 28.218 -40.2415 -27.382 28.3376 
-40.2307 -27.5927 28.4565 -40.336 -27.6955 28.7724 -40.4444 -27.7702 29.1146 
-40.5396 -27.8361 29.4753 -40.5698 -27.9339 29.7851 -40.566 -28.001 29.9906 
-40.6296 -28.0166 30.2098 -40.6968 -28.0387 30.4312 -40.6902 -28.0747 30.623 
-40.7447 -28.0974 30.9218 -40.7314 -28.1343 31.2179 -40.44 -28.1926 31.4995 
-40.7244 -28.1685 31.5185 -40.1647 -28.1982 31.7393 -34.9663 -28.754 32.7395 
-35.1748 -28.6656 32.6419 -35.3859 -28.5862 32.568 -35.606 -28.5212 32.4724 
-35.8286 -28.463 32.4991 -36.0056 -28.4289 32.4162 -36.2362 -28.3856 32.3515 
-36.4835 -28.3398 32.2918 -36.7351 -28.2916 32.2453 -36.9905 -28.2414 32.1799 
-37.2256 -28.1852 32.223 -37.4095 -28.1477 32.1405 -37.6448 -28.0995 32.0614 
-37.9081 -28.0526 31.9536 -38.1445 -28.0103 31.9582 -38.2814 -28.0026 31.8488 
-38.4834 -27.993 31.8627 -38.6942 -28.0084 31.7817 -38.8802 -28.0261 31.9424 
-39.0934 -28.0592 32.1827 -39.3561 -28.0986 32.1064 -39.6213 -28.1348 32.0687 
-39.8949 -28.1707 32.0477 -40.1692 -28.2057 32.0276 -33.8993 -29.406 32.565 
-34.0646 -29.2599 32.7229 -34.2851 -29.144 32.6536 -34.228 -29.128 32.8837 
-34.3608 -29.0226 33.0475 -34.5733 -28.9298 32.9498 -34.7706 -28.8408 32.851 
-33.0552 -30.2569 31.9914 -33.1532 -30.0905 32.1863 -33.3424 -29.8866 32.3027 
-33.4836 -29.7797 32.2759 -33.4781 -29.7361 32.4511 -33.5164 -29.6355 32.6862 
-33.6946 -29.4943 32.7344 -31.1347 -33.1601 28.197 -31.1206 -33.2853 28.2267 
-31.1366 -33.454 28.263 -31.3097 -33.532 28.2333 -31.4352 -33.6913 28.2733 
-31.6024 -33.883 28.3486 -31.8113 -34.0892 28.4629 -32.0121 -34.1854 28.5637 
-32.1623 -34.1641 28.6413 -32.2718 -34.2484 28.8314 -32.3882 -34.2053 29.0277 
-32.5139 -33.862 29.422 -32.4075 -34.2593 29.2539 -32.4631 -34.0937 29.4426 
-32.5449 -33.3869 29.6894 -32.5104 -33.6677 29.6745 -32.5734 -32.2551 30.2802 
-32.5928 -31.9408 30.5658 -32.6447 -31.6953 30.6694 -32.6673 -31.5476 30.8124 
-32.495 -33.1221 30.0191 -32.5172 -32.5228 30.2926 -32.4635 -32.7993 30.3049 
-32.6635 -31.4722 30.9732 -32.6888 -31.3253 31.109 -32.6699 -31.2393 31.3279 
-32.7234 -31.0171 31.494 -32.8741 -30.612 31.7194 -32.754 -30.811 31.7425 
-32.954 -30.428 31.8702 -40.3885 -28.2097 31.7148 -40.2737 -27.2799 28.3721 
-40.3538 -27.3075 28.5165 -40.3701 -27.413 28.5665 -40.4538 -27.4954 28.7501 
-40.4791 -27.5808 28.8715 -40.4604 -27.671 28.9462 -40.5474 -27.5872 29.0329 
-40.6325 -27.6262 29.2839 -40.6979 -27.6846 29.508 -40.7217 -27.7666 29.7222 
-40.7759 -27.8574 30.0498 -40.8341 -27.9368 30.3749 -40.8394 -27.997 30.5784 
-40.9028 -28.0123 30.7946 -40.9652 -28.0361 31.0112 -40.9547 -28.0738 31.1971 
-41.0011 -28.0992 31.4907 -40.6961 -28.2193 31.862 -40.9808 -28.1548 31.8027 
-40.4581 -28.2349 32.0032 -34.925 -28.7457 33.0374 -35.1369 -28.6614 32.9372 
-35.3513 -28.5841 32.85 -35.5693 -28.5176 32.7742 -35.789 -28.4623 32.722 
-35.9964 -28.4186 32.6753 -36.2094 -28.3776 32.6321 -36.4482 -28.3317 32.5914 
-36.6953 -28.2831 32.5367 -36.9389 -28.2326 32.4812 -37.1718 -28.1811 32.4406 
-37.3838 -28.133 32.3982 -37.5989 -28.0855 32.346 -37.8418 -28.0386 32.2787 
-38.0909 -28.0023 32.1956 -38.332 -27.9844 32.0827 -38.5041 -27.9804 32.0591 
-38.6694 -27.995 32.0406 -38.8605 -28.02 32.1587 -38.9374 -28.0382 32.4151 
-39.1772 -28.0773 32.4645 -39.3713 -28.1017 32.4034 -39.6246 -28.1325 32.3694 
-39.8941 -28.1669 32.349 -40.1679 -28.2059 32.3293 -40.4242 -28.2441 32.2953 
-33.841 -29.3783 32.801 -33.8425 -29.309 33.036 -34.0465 -29.1981 33.0131 
-34.1528 -29.1074 33.1519 -34.257 -29.0152 33.3296 -34.4968 -28.9161 33.261 
-34.717 -28.8324 33.1315 -32.9358 -30.3689 32.0722 -32.9972 -30.2495 32.1893 
-32.9787 -30.1887 32.4036 -33.1376 -30.0052 32.4879 -33.2844 -29.8531 32.5682 
-33.3722 -29.7505 32.6687 -33.3406 -29.7143 32.8472 -33.4719 -29.5651 32.9935 
-33.6935 -29.4299 32.9459 -31.1037 -33.3656 28.2519 -31.2359 -33.6335 28.29 
-31.0933 -33.4214 28.2777 -31.087 -33.5211 28.311 -31.2939 -33.8435 28.3654 
-31.5049 -34.084 28.4403 -31.6617 -34.2895 28.5399 -31.879 -34.2956 28.5788 
-32.0569 -34.3583 28.7023 -32.1659 -34.4907 28.9032 -32.3059 -34.4007 29.0757 
-32.4702 -33.926 29.6924 -32.3276 -34.4777 29.3559 -32.4077 -34.2883 29.5173 
-32.4418 -34.1333 29.6449 -32.478 -33.4514 29.9371 -32.4577 -33.7074 29.9058 
-32.5157 -32.2291 30.5733 -32.6093 -31.6765 30.8886 -32.5261 -31.9447 30.868 
-32.4358 -33.0264 30.2766 -32.4304 -33.2555 30.1984 -32.449 -32.5015 30.5775 
-32.412 -32.8837 30.4366 -32.4152 -32.7183 30.53 -32.6253 -31.4617 31.1553 
-32.572 -31.3805 31.4527 -32.6463 -31.1493 31.5482 -32.6753 -30.9999 31.6821 
-32.8095 -30.5693 32.0164 -32.6645 -30.9175 31.8366 -32.6998 -30.7759 31.9581 
-40.4024 -27.331 28.5813 -40.4405 -27.37 28.6508 -40.4742 -27.387 28.7146 
-40.5116 -27.3697 28.7755 -40.5527 -27.4048 28.88 -40.6625 -27.4116 29.1213 
-40.7315 -27.466 29.3076 -40.7466 -27.5558 29.4334 -40.8098 -27.579 29.6191 
-40.8947 -27.6288 29.8775 -40.9569 -27.6926 30.0962 -40.983 -27.7713 30.3103 
-41.0433 -27.855 30.6412 -41.0926 -27.938 30.9587 -41.0924 -27.9996 31.1516 
-41.1453 -28.0125 31.3494 -41.2106 -28.0203 31.5506 -41.2021 -28.0606 31.7555 
-40.6957 -28.2625 32.1084 -40.8365 -28.2599 32.1252 -41.0018 -28.2141 32.1196 
-41.2139 -28.1102 32.0449 -40.645 -28.2733 32.2782 -34.8635 -28.737 33.3501 
-35.0962 -28.6535 33.2361 -35.3182 -28.5786 33.1405 -35.539 -28.5126 33.06 
-35.7613 -28.4565 32.9926 -35.9825 -28.409 32.9322 -36.1633 -28.3753 32.8564 
-36.3988 -28.3242 32.8998 -36.6528 -28.2735 32.8278 -36.8974 -28.2202 32.7706 
-37.1293 -28.1691 32.7 -37.349 -28.1187 32.645 -37.5339 -28.0794 32.575 
-37.7653 -28.025 32.5999 -38.0262 -27.9907 32.4947 -38.2754 -27.9755 32.3943 
-38.5255 -27.9811 32.2706 -38.7357 -28.0024 32.2673 -38.7 -28.0028 32.4998 
-38.8967 -28.0406 32.7195 -39.1368 -28.0775 32.6919 -39.377 -28.1074 32.6817 
-39.6264 -28.1327 32.6637 -39.8933 -28.1614 32.6498 -40.1681 -28.198 32.6347 
-40.453 -28.2441 32.616 -40.639 -28.2771 32.5127 -33.6097 -29.4143 33.1582 
-33.6949 -29.3066 33.3323 -33.9337 -29.189 33.2816 -34.079 -29.0908 33.375 
-34.0911 -29.0229 33.624 -34.3502 -28.9274 33.5399 -34.5396 -28.8553 33.4927 
-34.6659 -28.8223 33.3631 -32.8714 -30.3694 32.2583 -32.7875 -30.3448 32.5268 
-32.9376 -30.0993 32.7342 -33.138 -29.9313 32.6993 -33.2415 -29.8197 32.7701 
-33.2233 -29.7879 32.8977 -33.2211 -29.734 33.0442 -33.2727 -29.6196 33.2364 
-33.4261 -29.4959 33.2709 -31.0862 -33.6063 28.3448 -31.0851 -33.6469 28.365 
-31.0682 -33.8675 28.4355 -31.2433 -34.0697 28.46 -31.3988 -34.2618 28.5258 
-31.5303 -34.4325 28.6109 -31.7983 -34.5089 28.688 -32.0147 -34.5554 28.8029 
-32.0687 -34.6642 28.9376 -32.1874 -34.6588 29.1472 -32.4346 -33.8797 29.9191 
-32.4217 -34.0595 29.844 -32.2398 -34.73 29.4936 -32.3383 -34.4521 29.6941 
-32.4018 -34.2381 29.7371 -32.4187 -33.5259 30.1374 -32.4135 -33.7419 30.0721 
-32.4473 -32.2152 30.8609 -32.5413 -31.6753 31.1629 -32.4515 -31.9354 31.1534 
-32.3894 -33.0635 30.4322 -32.3708 -33.3237 30.3923 -32.3959 -32.5989 30.6921 
-32.4049 -32.4327 30.801 -32.3689 -32.8119 30.6496 -32.4594 -31.6535 31.4483 
-32.5887 -31.1153 31.7612 -32.47 -31.3719 31.7428 -32.6688 -30.7021 32.1533 
-32.73 -30.5285 32.3004 -32.6069 -30.9015 32.0085 -40.5485 -27.3416 28.8487 
-40.5756 -27.353 28.9069 -40.6548 -27.3494 29.0773 -40.6981 -27.3787 29.1778 
-40.6792 -27.3561 29.1299 -40.7401 -27.4093 29.2896 -40.7698 -27.428 29.3761 
-40.7852 -27.4599 29.448 -40.8138 -27.467 29.529 -40.8791 -27.4755 29.681 
-40.9149 -27.4887 29.782 -40.9974 -27.4704 29.9096 -41.0113 -27.5623 30.0298 
-40.9703 -27.4446 29.8379 -41.075 -27.5842 30.2151 -41.1629 -27.6249 30.4764 
-41.2243 -27.6848 30.7001 -41.24 -27.7716 30.9135 -41.2594 -27.8772 31.2083 
-41.297 -27.9349 31.455 -41.3603 -27.9374 31.6645 -41.3944 -27.9761 31.9392 
-40.82 -28.2834 32.2787 -40.9415 -28.2687 32.2611 -41.0593 -28.2458 32.3524 
-41.2372 -28.1624 32.3757 -41.4207 -28.0261 32.244 -40.8121 -28.2914 32.4739 
-34.7007 -28.766 33.5982 -34.8753 -28.7011 33.5664 -35.0487 -28.6376 33.5416 
-35.2796 -28.5685 33.4289 -35.5074 -28.5035 33.3487 -35.7308 -28.4486 33.2663 
-35.9587 -28.3984 33.2097 -36.2204 -28.346 33.1385 -36.4653 -28.2907 33.1725 
-36.6101 -28.2659 33.0671 -36.8471 -28.2045 33.0864 -37.1032 -28.1483 32.9753 
-37.3004 -28.1078 32.8704 -37.5608 -28.0424 32.8678 -37.8138 -27.9896 32.8643 
-37.9659 -27.9775 32.7492 -38.2068 -27.9627 32.7378 -38.4667 -27.9762 32.5917 
-38.6648 -28.0025 32.7896 -38.8721 -28.0429 33.0111 -39.1124 -28.0811 32.9729 
-39.3634 -28.1109 32.9583 -39.6233 -28.1336 32.9525 -39.8914 -28.156 32.9456 
-40.1645 -28.1854 32.9335 -40.4334 -28.2236 32.9123 -40.6721 -28.2773 32.7142 
-40.6535 -28.2611 32.8853 -40.811 -28.2903 32.6858 -33.5243 -29.3995 33.3612 
-33.4966 -29.3484 33.5834 -33.7562 -29.2012 33.5727 -33.9515 -29.12 33.5035 
-33.8902 -29.1026 33.6771 -33.8929 -29.0428 33.8957 -34.0621 -28.9757 33.8618 
-34.2337 -28.9099 33.8338 -34.4698 -28.8378 33.7201 -32.6188 -30.5695 32.4926 
-32.655 -30.4141 32.6869 -32.7429 -30.2774 32.7679 -32.7439 -30.183 32.981 
-32.9031 -29.9983 33.0549 -33.097 -29.8868 32.9116 -33.124 -29.7302 33.2459 
-33.0346 -29.8433 33.1479 -33.1186 -29.6641 33.4344 -33.2877 -29.545 33.4057 
-33.3935 -29.4551 33.4509 -31.0649 -33.9091 28.4513 -31.0618 -34.0754 28.5033 
-31.1824 -34.212 28.5334 -31.2453 -34.411 28.6312 -31.5052 -34.6316 28.7279 
-31.73 -34.7175 28.7931 -31.9103 -34.7058 28.8517 -31.9878 -34.8541 29.052 
-32.1121 -34.9038 29.2944 -32.3871 -33.9183 30.0767 -32.3548 -34.1972 29.9932 
-32.1557 -34.9498 29.5007 -32.2705 -34.6675 29.7827 -32.1947 -34.8906 29.7378 
-32.2929 -34.473 30.004 -32.3564 -33.6439 30.3163 -32.3883 -32.3179 30.9702 
-32.4017 -32.1522 31.0876 -32.3838 -32.0384 31.2609 -32.4001 -31.8715 31.3818 
-32.3311 -33.0775 30.6495 -32.3036 -33.3646 30.6224 -32.3521 -32.537 30.9125 
-32.3017 -32.8111 30.9089 -32.3801 -31.7552 31.5562 -32.4003 -31.5872 31.6772 
-32.4883 -31.1014 32.024 -32.38 -31.4697 31.8493 -32.4065 -31.3049 31.9664 
-32.5396 -30.82 32.2821 -32.6368 -30.6494 32.3139 -41.0038 -27.4298 29.8991 
-41.0288 -27.4409 29.9683 -41.0428 -27.4858 30.0462 -41.078 -27.4968 30.1477 
-41.1302 -27.5008 30.2681 -41.1776 -27.5164 30.4028 -41.2248 -27.5255 30.4993 
-41.2809 -27.541 30.6316 -41.2816 -27.5456 30.6379 -41.3409 -27.572 30.834 
-41.419 -27.6329 31.1262 -41.4605 -27.7684 31.4677 -41.5427 -27.7957 31.7781 
-41.5774 -27.8583 32.1073 -40.9603 -28.2808 32.4312 -41.1239 -28.2404 32.5661 
-41.3336 -28.1575 32.7323 -41.4583 -28.0605 32.5376 -41.6006 -27.9216 32.4186 
-40.9728 -28.2815 32.6504 -34.5934 -28.7399 33.9297 -34.8738 -28.6624 33.7892 
-35.094 -28.5863 33.78 -35.2347 -28.5567 33.6619 -35.4593 -28.4879 33.6603 
-35.709 -28.4329 33.5454 -35.9013 -28.3947 33.4465 -36.1446 -28.3367 33.4783 
-36.4098 -28.2824 33.409 -36.6687 -28.2263 33.3352 -36.896 -28.164 33.3505 
-37.0821 -28.122 33.2594 -37.3495 -28.0623 33.1503 -37.6021 -27.9992 33.1615 
-37.7594 -27.9802 33.0526 -38.011 -27.9511 33.04 -38.2627 -27.9491 33.0126 
-38.4432 -27.9698 32.8899 -38.6454 -28.0008 33.0778 -38.8596 -28.044 33.3016 
-39.0993 -28.0843 33.2637 -39.3529 -28.1142 33.2466 -39.6173 -28.135 33.2414 
-39.8886 -28.1527 33.2369 -40.1617 -28.1753 33.225 -40.4354 -28.2065 33.2038 
-40.7132 -28.2431 33.1624 -40.7905 -28.2826 32.8459 -40.8411 -28.2711 33.0191 
-40.9572 -28.2776 32.8921 -33.2373 -29.5115 33.6177 -33.3041 -29.3728 33.899 
-33.5657 -29.229 33.8384 -33.7542 -29.1363 33.7999 -33.6608 -29.1227 34.0214 
-33.7602 -29.0246 34.1942 -34.0258 -28.9284 34.1045 -34.2381 -28.851 34.0615 
-34.3843 -28.8205 33.9461 -32.5348 -30.5371 32.7353 -32.4721 -30.7312 32.5617 
-32.6134 -30.3646 32.8837 -32.5609 -30.3053 33.1488 -32.7398 -30.0664 33.2678 
-32.8976 -29.9176 33.2596 -32.994 -29.7988 33.3435 -32.9759 -29.7609 33.484 
-32.9655 -29.7042 33.6787 -31.0452 -33.9863 28.4796 -31.0329 -34.0576 28.5077 
-31.0326 -34.1061 28.5303 -31.0442 -34.1936 28.5733 -31.045 -34.2505 28.6076 
-31.0414 -34.4258 28.6984 -31.1968 -34.6347 28.7637 -31.3659 -34.8125 28.8568 
-31.5942 -34.8155 28.8457 -31.7727 -34.8645 28.9232 -31.9608 -35.0525 29.2265 
-31.7972 -35.028 29.0865 -32.0527 -35.0762 29.4225 -32.3186 -33.9408 30.3095 
-32.2792 -34.2288 30.2878 -32.1107 -35.0553 29.6085 -32.2334 -34.7163 30.0051 
-32.1018 -35.0698 29.8204 -32.1692 -34.9199 30.0029 -32.235 -34.5046 30.2674 
-32.2749 -33.6634 30.5982 -32.3395 -32.2588 31.1943 -32.3266 -31.9774 31.4877 
-32.2623 -33.0926 30.8992 -32.2303 -33.3833 30.8797 -32.2763 -32.5371 31.1834 
-32.2283 -32.8195 31.1685 -32.3164 -31.689 31.7827 -32.3904 -31.1899 32.1337 
-32.4294 -31.0274 32.2448 -32.3155 -31.4019 32.0698 -32.4184 -30.9161 32.4147 
-41.2832 -27.5414 30.6388 -41.3416 -27.5616 30.8269 -41.3467 -27.5633 30.8402 
-41.4256 -27.5924 31.0967 -41.4617 -27.6077 31.1902 -41.4397 -27.5981 31.1319 
-41.5241 -27.6319 31.3904 -41.5678 -27.6552 31.5103 -41.5857 -27.6588 31.5558 
-41.5719 -27.7111 31.6142 -41.6237 -27.6634 31.705 -41.6812 -27.6688 31.9059 
-41.6982 -27.6687 31.9704 -41.7297 -27.6687 32.0675 -41.7435 -27.7342 32.2862 
-41.1431 -28.2413 32.8318 -41.312 -28.1821 33.0386 -41.5152 -28.0576 32.7591 
-41.4996 -28.0838 32.9713 -41.6036 -27.9736 32.6521 -41.7659 -27.8151 32.6445 
-34.3744 -28.7585 34.1989 -34.5689 -28.6947 34.156 -34.7582 -28.6333 34.1203 
-35.0168 -28.5689 34.0102 -35.2731 -28.506 33.9117 -35.4995 -28.4434 33.9133 
-35.688 -28.4083 33.8246 -35.9505 -28.3569 33.7295 -36.1984 -28.2986 33.7547 
-36.3512 -28.2739 33.6478 -36.5894 -28.2113 33.6684 -36.8446 -28.1519 33.5745 
-37.0302 -28.1093 33.4872 -37.2608 -28.0429 33.4961 -37.5321 -27.9872 33.4084 
-37.8067 -27.9478 33.3206 -38.0469 -27.9261 33.337 -38.2287 -27.9368 33.2461 
-38.435 -27.9626 33.164 -38.6347 -27.9982 33.361 -38.8548 -28.0447 33.5924 
-39.0944 -28.0868 33.5573 -39.3479 -28.1172 33.5395 -39.6128 -28.1371 33.5325 
-39.885 -28.1524 33.5263 -40.1582 -28.1708 33.5111 -40.4244 -28.1959 33.4838 
-40.6977 -28.2257 33.4615 -40.9213 -28.2595 33.1897 -40.9832 -28.2411 33.4087 
-40.9854 -28.2678 33.089 -41.1232 -28.2457 33.0748 -33.1088 -29.5277 33.8476 
-33.0931 -29.4677 34.0611 -33.2102 -29.349 34.1742 -33.4177 -29.2239 34.1508 
-33.5686 -29.1057 34.2511 -33.5778 -29.0346 34.4877 -33.8289 -28.9321 34.4092 
-34.0181 -28.8609 34.3591 -34.1635 -28.8343 34.2358 -32.4034 -30.6791 32.8026 
-32.4768 -30.4925 32.9544 -32.3443 -30.8961 32.6151 -32.4192 -30.4788 33.1299 
-32.4136 -30.3986 33.3357 -32.5674 -30.1686 33.4637 -32.7063 -30.0145 33.4773 
-32.8476 -29.8851 33.4628 -32.8172 -29.7587 33.8876 -32.9528 -29.6125 33.9616 
-32.6995 -29.9413 33.7014 -31.0417 -34.5269 28.7518 -31.0432 -34.6497 28.8144 
-31.1341 -34.7816 28.8718 -31.1699 -34.9453 29.0189 -31.5321 -34.983 29.0034 
-31.8195 -35.1552 29.2264 -31.9103 -35.1877 29.3729 -31.6293 -35.1589 29.1896 
-31.9846 -35.1892 29.6162 -32.2431 -33.96 30.577 -32.205 -34.2545 30.5682 
-32.185 -34.7552 30.2504 -31.9825 -35.1991 29.9645 -32.1021 -35.0491 30.0458 
-32.1402 -34.9382 30.1846 -32.1811 -34.5411 30.485 -32.1949 -33.6785 30.8775 
-32.2527 -32.2595 31.4643 -32.2197 -31.9748 31.7754 -32.1854 -33.1064 31.17 
-32.1647 -33.3973 31.1085 -32.1907 -32.5451 31.459 -32.1606 -32.8323 31.3957 
-32.2072 -31.6639 32.0624 -32.327 -31.1291 32.3502 -32.2053 -31.3815 32.3387 
-41.6135 -27.6616 31.6456 -41.782 -27.667 32.2404 -41.8254 -27.6645 32.3708 
-41.8638 -27.6577 32.4974 -41.2483 -28.2054 33.326 -41.4857 -28.108 33.2515 
-41.6499 -27.9651 32.8631 -41.6646 -27.9838 33.1387 -41.9084 -27.6526 32.621 
-41.912 -27.6704 32.6834 -41.8671 -27.7523 32.7968 -41.8194 -27.8275 32.9715 
-34.1553 -28.7718 34.4643 -34.3381 -28.7071 34.4307 -34.5368 -28.6439 34.3855 
-34.7644 -28.5719 34.3516 -34.9239 -28.5469 34.2405 -35.1494 -28.4764 34.2385 
-35.4276 -28.4231 34.1365 -35.6287 -28.391 34.0437 -35.8597 -28.3358 34.0599 
-36.1313 -28.2858 33.9915 -36.3994 -28.2321 33.9173 -36.6281 -28.1715 33.9335 
-36.8123 -28.129 33.8472 -37.0682 -28.066 33.7502 -37.3087 -27.9975 33.7636 
-37.4644 -27.9732 33.6514 -37.7166 -27.9291 33.6688 -37.9856 -27.9146 33.5771 
-38.21 -27.9245 33.5101 -38.42 -27.9554 33.4333 -38.6275 -27.9961 33.645 
-38.8537 -28.0463 33.8851 -39.0945 -28.0896 33.8523 -39.3473 -28.1205 33.834 
-39.6103 -28.1401 33.8243 -39.88 -28.1547 33.8148 -40.1531 -28.1724 33.7965 
-40.4235 -28.1974 33.7606 -40.6485 -28.2205 33.6986 -40.9552 -28.2523 33.7721 
-41.058 -28.25 33.2258 -41.2511 -28.2279 33.6788 -32.937 -29.5537 34.1768 
-33.0455 -29.4349 34.2837 -33.1846 -29.2852 34.4595 -33.4203 -29.1489 34.3985 
-33.3423 -29.1273 34.6334 -33.4384 -29.0199 34.7966 -33.6731 -28.9151 34.7248 
-33.9131 -28.8406 34.5885 -32.2592 -30.8333 32.9236 -32.3676 -30.6128 33.0034 
-32.2173 -31.1157 32.6201 -32.3117 -30.6004 33.1904 -32.257 -30.5373 33.5005 
-32.4074 -30.313 33.5633 -32.4952 -30.1465 33.73 -32.6803 -29.8562 33.9844 
-32.8076 -29.6963 34.0924 -32.5652 -30.006 33.8992 -31.0447 -34.7113 28.8522 
-31.0491 -34.7853 28.9067 -31.0589 -34.8753 28.9912 -31.0646 -34.9397 29.0508 
-31.0708 -35.0191 29.1365 -31.3171 -35.1507 29.218 -31.7372 -35.2521 29.3462 
-31.8327 -35.2768 29.5007 -31.5119 -35.2773 29.3649 -31.8197 -35.3156 29.7206 
-32.1774 -33.9765 30.8099 -32.1544 -34.163 30.8104 -32.1477 -34.3772 30.7255 
-32.1357 -34.8601 30.3523 -32.1526 -34.7185 30.4607 -31.7916 -35.3696 30.023 
-32.0684 -35.0317 30.2879 -31.9399 -35.244 30.3123 -32.1373 -34.5924 30.6288 
-32.1404 -33.5794 31.1155 -32.135 -33.7922 31.0435 -32.1711 -32.2695 31.6931 
-32.1509 -31.8791 32.019 -32.1299 -32.0927 31.9275 -32.1326 -33.0112 31.4033 
-32.1243 -33.2183 31.3354 -32.1169 -33.4263 31.2674 -32.1334 -32.4501 31.6933 
-32.121 -32.6568 31.622 -32.1105 -32.8625 31.5532 -32.1281 -31.7455 32.1797 
-32.1422 -31.5869 32.28 -32.1215 -31.4749 32.44 -32.1422 -31.3188 32.5515 
-41.4819 -28.1396 33.5583 -41.6713 -28.0147 33.4392 -41.8302 -27.8659 33.3 
-41.9277 -27.6489 32.6796 -41.9592 -27.6617 32.874 -41.9741 -27.6323 32.8387 
-41.9732 -27.6975 33.154 -33.995 -28.7485 34.7657 -34.2808 -28.6532 34.6808 
-34.5129 -28.5768 34.636 -34.6765 -28.5514 34.5271 -34.9086 -28.4817 34.4975 
-35.1252 -28.4274 34.4609 -35.3409 -28.3781 34.4353 -35.6502 -28.3411 34.2917 
-35.8924 -28.2892 34.3144 -36.0563 -28.2701 34.2265 -36.3085 -28.2112 34.2538 
-36.5769 -28.1587 34.1575 -36.7615 -28.1183 34.0702 -36.9878 -28.0517 34.082 
-37.2484 -27.9893 34.0018 -37.5188 -27.9374 33.925 -37.7677 -27.9006 33.9519 
-37.9598 -27.9 33.8589 -38.1861 -27.9155 33.781 -38.4073 -27.9499 33.7101 
-38.6231 -27.9957 33.9333 -38.8541 -28.0487 34.1796 -39.0959 -28.0932 34.1482 
-39.3485 -28.1249 34.1289 -39.6094 -28.1449 34.1157 -39.8737 -28.1594 34.1009 
-40.1403 -28.1776 34.0805 -40.4149 -28.2061 34.0487 -40.7186 -28.2438 33.9893 
-41.1966 -28.2706 33.8801 -41.1235 -28.2901 33.9944 -40.9833 -28.2844 34.0504 
-41.3435 -28.2586 33.9106 -41.5106 -28.1917 33.881 -32.7994 -29.6329 34.3153 
-32.9251 -29.5186 34.3198 -32.9149 -29.4825 34.4834 -32.9633 -29.3643 34.7312 
-33.1431 -29.211 34.7888 -33.2722 -29.1029 34.8523 -33.2743 -29.0426 35.037 
-33.4737 -28.9258 35.0323 -33.6654 -28.8496 34.9448 -33.8056 -28.8216 34.8121 
-32.1558 -31.0626 32.8436 -32.1282 -30.9731 33.062 -32.1924 -30.7613 33.2329 
-32.1266 -31.2185 32.7119 -32.1343 -30.7517 33.4286 -32.1098 -30.6862 33.6462 
-32.3378 -30.3179 33.7724 -32.196 -30.4879 33.8098 -32.4329 -30.1321 33.9622 
-32.5464 -29.9556 34.1019 -32.6718 -29.7912 34.2024 -31.0763 -35.0922 29.2214 
-31.0764 -35.2169 29.4044 -31.2918 -35.287 29.4155 -31.6594 -35.3361 29.5334 
-31.3986 -35.3734 29.5945 -31.6115 -35.4075 29.7803 -32.1302 -34.0067 30.9693 
-32.1081 -34.1949 30.9665 -32.0892 -34.4981 30.8814 -32.0984 -34.7969 30.5854 
-31.5636 -35.4988 30.0712 -31.7813 -35.4591 30.3718 -32.0231 -35.0382 30.6063 
-31.937 -35.287 30.6758 -32.0932 -33.6106 31.2727 -32.0771 -33.91 31.205 
-32.1116 -32.3008 31.8476 -32.088 -31.9252 32.1599 -32.0541 -32.213 32.0818 
-32.0842 -33.0438 31.5599 -32.0641 -33.3352 31.4981 -32.0795 -32.4833 31.8497 
-32.056 -32.775 31.7838 -32.0745 -31.6805 32.3886 -32.0696 -31.4209 32.6493 
-41.6898 -28.0571 33.7503 -41.8441 -27.9042 33.6095 -41.9842 -27.7377 33.4651 
-41.9922 -27.626 32.8982 -42.0392 -27.6019 33.0734 -42.1036 -27.5692 33.3096 
-42.1095 -27.5661 33.3316 -33.7799 -28.7611 35.0384 -34.0357 -28.6472 35.0144 
-34.2535 -28.5769 34.9395 -34.4156 -28.5536 34.818 -34.6481 -28.4814 34.7751 
-34.8672 -28.4246 34.7245 -35.0893 -28.3715 34.6864 -35.3466 -28.3116 34.6777 
-35.5763 -28.2914 34.5799 -35.8056 -28.2716 34.4866 -36.0788 -28.2181 34.511 
-36.3533 -28.1649 34.5287 -36.5553 -28.1318 34.4344 -36.8104 -28.0768 34.3287 
-37.0463 -28.0103 34.3449 -37.1918 -27.9814 34.2375 -37.4429 -27.9269 34.2654 
-37.714 -27.8945 34.189 -37.9489 -27.8889 34.1323 -38.1726 -27.9085 34.0615 
-38.3977 -27.9466 33.9935 -38.6215 -27.9964 34.2252 -38.8554 -28.0501 34.4744 
-39.0969 -28.096 34.4437 -39.3493 -28.1294 34.4237 -39.6094 -28.1512 34.4074 
-39.8705 -28.1671 34.3858 -40.1229 -28.1849 34.3544 -40.379 -28.2147 34.3319 
-40.6528 -28.2571 34.3044 -40.9238 -28.2993 34.2743 -41.2861 -28.2959 34.0523 
-41.1762 -28.3208 34.2302 -41.4494 -28.2709 34.0704 -41.5858 -28.2255 34.1101 
-41.7368 -28.1126 34.0839 -32.6699 -29.7434 34.3552 -32.6712 -29.6829 34.5429 
-32.8032 -29.5093 34.6943 -32.7856 -29.4574 34.8856 -32.9293 -29.2847 35.0393 
-33.1441 -29.1453 34.9871 -33.0795 -29.1181 35.1924 -33.2123 -28.975 35.3404 
-33.4447 -28.8665 35.2567 -33.5898 -28.8338 35.1158 -32.0765 -31.1953 32.8955 
-32.0192 -31.118 33.1873 -32.0978 -30.8958 33.2786 -32.0392 -30.8971 33.47 
-31.972 -30.8424 33.7817 -32.0863 -30.6198 33.8641 -32.2728 -30.2936 34.0495 
-32.1407 -30.4819 34.0036 -32.4116 -30.0723 34.2005 -32.5417 -29.8811 34.34 
-31.0754 -35.2307 29.4239 -31.1724 -35.3345 29.5549 -31.1269 -35.4112 29.7883 
-31.3997 -35.4547 29.8371 -32.0471 -34.2133 31.1954 -32.0457 -34.7823 30.8886 
-32.0254 -34.5105 31.1748 -31.2872 -35.5221 30.0255 -31.4225 -35.6095 30.2342 
-31.6092 -35.5885 30.3285 -31.7094 -35.6515 30.6117 -31.8487 -35.4953 30.6649 
-32.0039 -35.0333 30.9172 -31.9747 -35.2259 30.9822 -31.9175 -35.4507 30.9309 
-32.0285 -33.6315 31.4969 -32.0008 -33.9316 31.4798 -32.0125 -31.9482 32.3772 
-32.0068 -32.5093 32.0744 -31.9646 -32.2391 32.3474 -32.0176 -33.0686 31.7804 
-31.9848 -33.3597 31.7652 -31.9728 -32.808 32.0461 -31.9916 -31.6767 32.6494 
-31.9906 -31.404 32.9171 -41.8658 -27.9507 33.9121 -41.9993 -27.7781 33.7736 
-42.1169 -27.562 33.3599 -42.1227 -27.6003 33.627 -33.5774 -28.7749 35.3062 
-33.7892 -28.6605 35.3132 -33.9996 -28.5807 35.2442 -34.157 -28.5527 35.1235 
-34.383 -28.4798 35.0626 -34.5977 -28.4205 34.9995 -34.8168 -28.3639 34.9495 
-35.0591 -28.2991 34.9304 -35.2362 -28.2841 34.8455 -35.4837 -28.2301 34.863 
-35.8219 -28.2095 34.7466 -36.0877 -28.1644 34.791 -36.2958 -28.1433 34.7405 
-36.5268 -28.1066 34.6972 -36.7603 -28.0608 34.6332 -37.0041 -28.0049 34.5791 
-37.2608 -27.9486 34.5067 -37.5073 -27.9009 34.5506 -37.7005 -27.8849 34.4726 
-37.9354 -27.8831 34.4092 -38.1671 -27.9043 34.3466 -38.3942 -27.9448 34.2826 
-38.6247 -27.9963 34.5193 -38.8597 -28.0475 34.766 -39.0967 -28.0949 34.7362 
-39.3481 -28.1309 34.7173 -39.6085 -28.1562 34.7003 -39.8712 -28.1763 34.6753 
-40.1265 -28.1981 34.6315 -40.3302 -28.2195 34.5616 -40.5945 -28.2702 34.6157 
-40.8688 -28.3189 34.5581 -41.1269 -28.3528 34.5254 -41.4026 -28.3153 34.2512 
-41.3646 -28.3526 34.4912 -41.5408 -28.2796 34.2319 -41.6686 -28.2245 34.2844 
-41.8852 -27.9964 34.1388 -41.8469 -28.0662 34.2323 -41.8078 -28.1344 34.3433 
-32.5449 -29.7339 34.741 -32.6704 -29.5925 34.7954 -32.4233 -29.9249 34.572 
-32.6671 -29.5441 34.931 -32.6623 -29.49 35.0777 -32.7295 -29.3439 35.2805 
-32.8926 -29.2024 35.3173 -32.9943 -29.0943 35.4016 -32.9113 -29.0464 35.6335 
-33.1267 -28.9011 35.6616 -33.3561 -28.835 35.4857 -31.9066 -31.3771 33.1978 
-31.9249 -31.1145 33.48 -31.8688 -31.0654 33.7071 -31.8394 -30.9836 33.9129 
-32.0308 -30.6132 34.0562 -31.8995 -30.7914 34.0812 -32.1351 -30.4025 34.2152 
-32.2848 -30.1636 34.3541 -32.4128 -30.0098 34.3716 -31.0727 -35.2446 29.449 
-31.0539 -35.3205 29.6009 -31.0427 -35.3452 29.6736 -31.0322 -35.3783 29.7747 
-31.0301 -35.4028 29.8434 -31.0252 -35.5001 30.0676 -31.9811 -34.2375 31.4621 
-32.0064 -34.7901 31.178 -31.9734 -34.5369 31.4483 -31.1808 -35.6136 30.23 
-31.3371 -35.7158 30.4077 -31.5257 -35.6775 30.4218 -31.5076 -35.7871 30.5906 
-31.8387 -35.5802 30.7849 -31.6436 -35.8645 30.8509 -31.8266 -35.686 30.9702 
-31.9924 -35.0438 31.1983 -31.9736 -35.2836 31.2174 -31.9365 -35.5389 31.2726 
-31.9535 -33.6534 31.7536 -31.9224 -33.955 31.7644 -31.9197 -31.9628 32.6486 
-31.9163 -32.5426 32.3414 -31.8844 -32.2635 32.5704 -31.9416 -33.0982 32.0234 
-31.9031 -33.3827 32.0321 -31.8948 -32.8614 32.2703 -31.9042 -31.6577 32.9259 
-42.0172 -27.8337 34.102 -42.1429 -27.6268 33.9232 -42.17 -27.5259 33.5832 
-42.2027 -27.5048 33.7323 -42.2175 -27.4959 33.7986 -33.4954 -28.7 35.6309 
-33.7362 -28.5993 35.5498 -33.9011 -28.5652 35.4152 -34.1211 -28.4818 35.3584 
-34.336 -28.4183 35.276 -34.5454 -28.3588 35.2161 -34.7764 -28.2884 35.188 
-34.9519 -28.2696 35.0968 -35.2017 -28.2085 35.0956 -35.4805 -28.1542 35.1063 
-35.7228 -28.1481 35.0255 -35.9954 -28.13 34.9888 -36.2459 -28.1073 34.9711 
-36.4821 -28.0808 34.9387 -36.7186 -28.0436 34.8999 -36.9614 -27.9968 34.8578 
-37.2121 -27.9466 34.8125 -37.4629 -27.9035 34.7816 -37.7019 -27.8791 34.7503 
-37.9369 -27.8791 34.6993 -38.1728 -27.9017 34.6413 -38.4002 -27.9435 34.5777 
-38.6383 -27.9937 34.8139 -38.8702 -28.0388 35.0473 -39.096 -28.0859 35.0204 
-39.3438 -28.1247 35.006 -39.6049 -28.1549 34.9932 -39.8704 -28.1814 34.9711 
-40.1356 -28.2113 34.9292 -40.4157 -28.2521 34.8536 -40.8262 -28.333 34.7967 
-40.6783 -28.3087 34.8964 -41.0802 -28.3818 34.8452 -41.3363 -28.391 34.7763 
-41.5756 -28.3031 34.4514 -41.5514 -28.356 34.7307 -41.7392 -28.225 34.4792 
-41.9432 -27.9956 34.3482 -41.8889 -28.1283 34.6096 -32.4159 -29.8286 34.8268 
-32.5409 -29.6604 34.9337 -32.2992 -29.9815 34.7559 -32.2245 -30.1339 34.5973 
-32.5575 -29.4876 35.2793 -32.4046 -29.6938 35.1411 -32.5623 -29.3824 35.4723 
-32.743 -29.2541 35.4505 -32.8457 -29.1569 35.4969 -32.6554 -29.2154 35.6482 
-32.6087 -29.087 35.9279 -32.8917 -28.9231 35.9261 -33.0994 -28.837 35.8567 
-33.2592 -28.802 35.7166 -31.8475 -31.5832 33.1451 -31.8281 -31.472 33.3068 
-31.8511 -31.3161 33.4182 -31.8372 -31.2172 33.5797 -31.7815 -31.1941 33.7603 
-31.7157 -31.1093 34.0356 -31.8097 -30.9285 34.0792 -31.9653 -30.557 34.3599 
-31.7899 -30.8488 34.2622 -32.1316 -30.313 34.4367 -30.9587 -35.4553 30.0173 
-30.9421 -35.4891 30.1133 -31.0011 -35.5371 30.1512 -31.9213 -34.2843 31.7161 
-31.9738 -34.8209 31.4564 -31.9273 -34.5778 31.716 -31.0472 -35.5935 30.2448 
-31.0399 -35.7342 30.4535 -31.314 -35.848 30.5847 -31.4566 -35.9249 30.7333 
-31.5217 -36.0089 30.8948 -31.7678 -35.8913 31.142 -31.6235 -36.0305 31.0742 
-31.8737 -35.7542 31.2521 -31.9792 -35.0865 31.4621 -31.9781 -35.3215 31.4866 
-31.9687 -35.5013 31.561 -31.9224 -35.7155 31.5255 -31.8848 -33.6714 31.9821 
-31.8626 -33.8512 32.0039 -31.8649 -34.0674 31.9641 -31.8556 -31.8737 32.8863 
-31.8363 -32.0885 32.7981 -31.8493 -32.4516 32.5747 -31.8383 -32.6708 32.5117 
-31.8209 -32.2994 32.7234 -31.8714 -33.1188 32.2406 -31.8448 -33.2946 32.2577 
-31.8396 -33.4981 32.2001 -31.8221 -32.9371 32.4576 -31.8332 -31.7419 33.0453 
-42.1759 -27.6471 34.2231 -42.0899 -27.8213 34.3873 -42.2592 -27.4647 34.028 
-42.2709 -27.4595 34.0846 -33.1979 -28.7403 35.9494 -33.4004 -28.6249 35.9549 
-33.6306 -28.5665 35.782 -33.8636 -28.5073 35.617 -34.0386 -28.4011 35.6665 
-34.3022 -28.3573 35.4708 -34.4994 -28.2871 35.4436 -34.6653 -28.2634 35.3515 
-34.9114 -28.1921 35.342 -35.1452 -28.1437 35.3088 -35.3565 -28.1009 35.3201 
-35.6458 -28.0844 35.2602 -35.9159 -28.075 35.2189 -36.1818 -28.0629 35.1953 
-36.4357 -28.046 35.1732 -36.6748 -28.0216 35.1429 -36.917 -27.986 35.1241 
-37.1762 -27.9434 35.1025 -37.4376 -27.9052 35.0649 -37.6931 -27.8803 35.0314 
-37.9448 -27.8772 34.9963 -38.1955 -27.8995 34.9525 -38.426 -27.9416 34.8855 
-38.6727 -27.9886 35.1032 -38.8863 -28.0243 35.2989 -39.0934 -28.0668 35.2876 
-39.3353 -28.1063 35.2833 -39.5976 -28.141 35.2823 -39.8673 -28.1754 35.2702 
-40.1326 -28.2141 35.2368 -40.3917 -28.2603 35.1841 -40.6476 -28.3151 35.1393 
-40.9084 -28.3709 35.0788 -41.154 -28.4195 35.1374 -41.3348 -28.423 35.067 
-41.544 -28.3956 35.0115 -41.7337 -28.2723 34.6933 -41.7283 -28.3258 34.9583 
-42.0461 -27.9473 34.6001 -42.0351 -28.0406 34.8609 -41.8892 -28.2064 34.9115 
-32.2759 -29.9161 34.9488 -32.4102 -29.7714 34.9697 -32.1586 -30.113 34.802 
-32.0558 -30.3139 34.6283 -32.4106 -29.556 35.3862 -32.2531 -29.7277 35.3302 
-32.1107 -29.974 35.1483 -32.4102 -29.4752 35.5248 -32.3948 -29.3844 35.6857 
-32.478 -29.2352 35.8261 -32.3324 -29.2212 35.9905 -32.328 -29.0696 36.224 
-32.6208 -28.9294 36.2094 -32.8392 -28.8506 36.1466 -32.9972 -28.8212 36.0256 
-31.7747 -31.6806 33.253 -31.77 -31.4201 33.5181 -31.668 -31.3977 33.7846 
-31.6068 -31.3182 33.9985 -31.5948 -31.2107 34.1539 -31.6479 -31.0309 34.2903 
-31.7996 -30.6927 34.5039 -31.889 -30.5023 34.6458 -31.6982 -30.8624 34.4406 
-31.8698 -34.3366 31.9581 -31.9432 -34.881 31.7546 -31.8843 -34.6049 31.9829 
-31.0001 -35.6456 30.3367 -30.952 -35.6595 30.3865 -30.9678 -35.8887 30.6311 
-30.8882 -35.7615 30.5393 -30.9127 -35.6788 30.4403 -31.1702 -35.9513 30.6851 
-31.3326 -35.9487 30.7 -31.3565 -36.0466 30.8367 -31.4667 -36.1234 31.0194 
-31.839 -35.8827 31.3758 -31.7104 -36.0551 31.3633 -31.5477 -36.1602 31.2116 
-31.9714 -35.1474 31.6806 -31.9757 -35.3362 31.7477 -31.9661 -35.5547 31.7888 
-31.8428 -35.9335 31.6152 -31.9254 -35.7704 31.837 -31.8354 -33.7001 32.145 
-31.8178 -33.8718 32.1762 -31.8147 -34.1136 32.1859 -31.7909 -31.9232 33.0241 
-31.7494 -32.2116 32.9508 -31.7835 -32.4835 32.7353 -31.7577 -32.7544 32.6985 
-31.8164 -33.1503 32.3997 -31.7921 -33.3349 32.4161 -31.7823 -33.6193 32.3729 
-31.7485 -33.0784 32.6287 -42.1968 -27.6842 34.4609 -42.2964 -27.4503 34.2292 
-42.3031 -27.4836 34.4259 -42.1503 -27.7982 34.5868 -32.9352 -28.7538 36.2419 
-33.1743 -28.6387 36.22 -33.3674 -28.5656 36.1462 -33.5247 -28.5335 36.0109 
-33.7562 -28.4351 35.943 -33.9954 -28.3354 35.8862 -34.198 -28.2984 35.7385 
-34.3907 -28.2663 35.6089 -34.6056 -28.1984 35.5826 -34.8425 -28.0992 35.6514 
-35.1213 -28.0795 35.5062 -35.3485 -28.0272 35.5345 -35.5698 -28.0184 35.4864 
-35.8429 -28.0117 35.4478 -36.1178 -28.0071 35.4246 -36.3882 -28.0001 35.4076 
-36.6479 -27.988 35.3828 -36.8565 -27.9738 35.3331 -37.1297 -27.9344 35.4089 
-37.4207 -27.9045 35.3589 -37.6878 -27.8824 35.3248 -37.9508 -27.8764 35.2974 
-38.216 -27.8935 35.2709 -38.4994 -27.9392 35.2411 -38.7398 -27.986 35.3395 
-38.8874 -28.0051 35.479 -39.0798 -28.0359 35.5355 -39.3175 -28.075 35.5375 
-39.5821 -28.11 35.5607 -39.863 -28.1508 35.5704 -40.1387 -28.202 35.5493 
-40.3922 -28.2587 35.4972 -40.6285 -28.3171 35.4347 -40.8684 -28.3747 35.3871 
-41.1085 -28.4223 35.3651 -41.3333 -28.4415 35.3432 -41.5439 -28.4197 35.2965 
-41.7381 -28.3544 35.2337 -41.8757 -28.2662 35.1468 -42.1543 -27.8591 34.7929 
-42.1678 -27.9211 35.0595 -42.0378 -28.1181 35.1699 -32.1287 -30.0673 34.9535 
-31.9677 -30.2742 34.8927 -32.2555 -29.5992 35.5285 -32.0727 -29.8345 35.4184 
-31.9498 -30.0307 35.3084 -31.8235 -30.267 35.1552 -32.2342 -29.3735 35.868 
-32.3661 -29.2974 35.8482 -32.1526 -29.5428 35.7231 -32.17 -29.1976 36.163 
-32.1013 -29.333 36.0396 -32.1038 -29.1365 36.3005 -32.0814 -29.038 36.4667 
-32.3527 -28.9162 36.4672 -32.5672 -28.8463 36.4232 -32.729 -28.8262 36.3128 
-31.7006 -31.9501 33.2245 -31.6613 -31.6903 33.5125 -31.5843 -31.6047 33.7452 
-31.5679 -31.4757 33.9024 -31.4987 -31.4202 34.095 -31.5156 -31.1977 34.3255 
-31.5832 -30.9836 34.4883 -31.6744 -30.7767 34.6257 -31.7818 -30.6301 34.6507 
-31.7632 -30.5604 34.8038 -31.8249 -34.3735 32.2075 -31.902 -34.8225 32.039 
-31.9443 -35.0913 31.9687 -31.8487 -34.6316 32.2456 -30.8635 -35.9528 30.7102 
-30.8639 -35.8345 30.6194 -31.0043 -36.0128 30.7464 -31.1461 -36.1471 30.9122 
-31.3373 -36.1562 30.9752 -31.3449 -36.2577 31.1659 -31.5301 -36.2578 31.4594 
-31.7201 -36.1279 31.6903 -31.9654 -35.3653 32.0175 -31.9614 -35.5904 32.0596 
-31.8476 -35.974 31.9145 -31.9238 -35.795 32.1317 -31.7663 -33.8907 32.4051 
-31.7694 -34.1478 32.4292 -31.6818 -32.5172 32.9694 -31.6317 -32.2236 33.2048 
-31.6692 -32.85 32.9047 -31.7236 -33.3865 32.6449 -31.717 -33.6733 32.6399 
-31.6585 -33.1568 32.8944 -42.2565 -27.6567 34.6951 -42.3215 -27.4364 34.4001 
-42.3292 -27.4338 34.4648 -42.3675 -27.4245 34.6874 -42.3586 -27.4534 34.7047 
-32.6687 -28.7487 36.5186 -32.9227 -28.6416 36.5003 -33.1188 -28.5785 36.4305 
-33.2675 -28.5512 36.3115 -33.4611 -28.4736 36.2407 -33.6551 -28.3613 36.257 
-33.875 -28.3085 36.1068 -34.1099 -28.2423 35.9933 -34.3595 -28.2003 35.8246 
-34.5891 -28.096 35.8871 -34.8175 -28.032 35.8667 -35.0281 -28.0129 35.7658 
-35.2378 -27.9975 35.6794 -35.4734 -27.9517 35.729 -35.7695 -27.9447 35.6817 
-36.0542 -27.9434 35.6584 -36.3363 -27.9441 35.6456 -36.6187 -27.942 35.6334 
-36.9224 -27.9329 35.606 -37.2077 -27.9066 35.6965 -37.4236 -27.8964 35.6493 
-37.6865 -27.8819 35.6191 -37.9543 -27.8752 35.5978 -38.2231 -27.8843 35.5815 
-38.4953 -27.914 35.5695 -38.7706 -27.9632 35.5738 -38.978 -27.9998 35.6412 
-39.1262 -28.0111 35.7417 -39.2945 -28.0365 35.7522 -39.5388 -28.0642 35.7984 
-39.8521 -28.0989 35.8831 -40.1456 -28.1646 35.863 -40.4351 -28.2436 35.8399 
-40.6327 -28.3112 35.7215 -40.8468 -28.3688 35.6696 -41.0757 -28.4177 35.6366 
-41.3065 -28.4435 35.6114 -41.5308 -28.4301 35.5816 -41.7433 -28.367 35.5295 
-41.9445 -28.2423 35.4325 -42.2536 -27.7489 34.9544 -42.184 -27.9667 35.3055 
-42.3099 -27.7344 35.2681 -42.1142 -28.086 35.441 -31.8081 -30.4088 34.965 
-32.07 -29.7065 35.5963 -31.9112 -29.9725 35.4412 -31.9458 -29.8526 35.5526 
-31.8254 -30.115 35.365 -31.6824 -30.2708 35.3604 -31.5633 -30.5311 35.188 
-31.676 -30.539 34.9933 -32.0276 -29.5014 35.8939 -31.9117 -29.7244 35.7449 
-31.9656 -29.2657 36.2344 -31.8571 -29.4824 36.0645 -31.9638 -29.1502 36.3865 
-31.8659 -29.1194 36.5069 -31.8456 -29.0158 36.6764 -32.1128 -28.9056 36.6599 
-32.2965 -28.8315 36.6603 -32.4563 -28.8139 36.5747 -31.5987 -31.9779 33.4188 
-31.5413 -31.8188 33.6467 -31.4924 -31.657 33.8755 -31.3684 -31.6774 34.0728 
-31.3665 -31.4298 34.3164 -31.4205 -31.1331 34.5829 -31.5539 -30.9221 34.6339 
-31.5455 -30.806 34.8214 -31.7875 -34.4054 32.4693 -31.8876 -34.892 32.2605 
-31.929 -35.1666 32.3011 -31.8225 -34.6821 32.5368 -30.8248 -35.8856 30.6698 
-30.7891 -35.9596 30.743 -30.8719 -36.0989 30.8484 -30.9486 -36.2444 30.9972 
-31.1025 -36.3239 31.126 -31.2154 -36.3909 31.2849 -31.3457 -36.3746 31.3943 
-31.3883 -36.4108 31.6194 -31.5728 -36.3025 31.796 -31.7336 -36.1599 32.0049 
-31.9589 -35.4171 32.2521 -31.9529 -35.5949 32.3429 -31.8504 -35.9908 32.2173 
-31.92 -35.8006 32.4297 -31.7197 -33.9324 32.6482 -31.7316 -34.1782 32.6831 
-31.593 -32.4413 33.188 -31.5892 -32.6652 33.1388 -31.551 -32.313 33.323 
-31.5513 -32.159 33.3976 -31.5825 -32.9453 33.1266 -31.6509 -33.4799 32.9323 
-31.6759 -33.7546 32.8526 -31.5825 -33.2275 33.1515 -42.3587 -27.5392 34.9709 
-42.3732 -27.4243 34.7382 -42.3943 -27.4274 34.9266 -32.3976 -28.7293 36.7636 
-32.673 -28.6208 36.7667 -32.876 -28.5721 36.7014 -33.0201 -28.5574 36.5889 
-33.2115 -28.489 36.5179 -33.4379 -28.3734 36.5048 -33.6252 -28.3018 36.4408 
-33.7697 -28.2776 36.3172 -33.9604 -28.2082 36.2652 -34.2759 -28.1149 36.1632 
-34.5325 -28.0347 36.131 -34.7078 -28.0108 36.0343 -34.9338 -27.9557 36.0337 
-35.2336 -27.9313 35.9112 -35.4733 -27.8849 35.9606 -35.7028 -27.8786 35.923 
-35.9911 -27.876 35.9009 -36.2827 -27.8804 35.8893 -36.5691 -27.8877 35.8816 
-36.859 -27.8903 35.8844 -37.1486 -27.8861 35.9054 -37.4201 -27.8799 35.9172 
-37.6833 -27.8747 35.904 -37.9528 -27.8712 35.8913 -38.2237 -27.8749 35.8819 
-38.4952 -27.8914 35.8751 -38.7675 -27.9228 35.8708 -39.0377 -27.9672 35.866 
-39.2512 -27.9979 35.9025 -39.4662 -28.0109 35.9875 -39.7278 -28.0346 36.0612 
-39.9473 -28.0548 36.1457 -40.1619 -28.0999 36.1708 -40.4246 -28.1826 36.1457 
-40.6693 -28.3041 35.9462 -40.6506 -28.2645 36.1272 -40.8336 -28.3521 35.9211 
-41.0479 -28.3998 35.9023 -41.2717 -28.4321 35.8715 -41.4939 -28.4281 35.8549 
-41.7161 -28.3756 35.8299 -41.9235 -28.2705 35.7688 -42.1026 -28.1166 35.6967 
-42.2489 -27.9149 35.5794 -42.4133 -27.4914 35.2353 -42.4274 -27.5223 35.4809 
-42.3663 -27.7043 35.5827 -31.7561 -30.0398 35.5532 -31.5305 -30.412 35.399 
-31.5952 -30.2595 35.4983 -31.4354 -30.5702 35.3359 -31.3766 -30.7285 35.2138 
-31.4367 -30.7868 35.0323 -31.5539 -30.6658 35.0103 -31.8919 -29.5923 35.9084 
-31.7674 -29.6853 35.9258 -31.6716 -29.9096 35.7952 -31.7533 -29.3844 36.2609 
-31.805 -29.2344 36.3989 -31.6857 -29.5175 36.1701 -31.664 -29.6371 36.0724 
-31.6507 -29.1994 36.5802 -31.6548 -29.0752 36.7338 -31.6429 -28.9634 36.8966 
-31.9439 -28.8551 36.8491 -32.1708 -28.8014 36.7922 -31.5123 -32.0327 33.5502 
-31.41 -31.9622 33.7909 -31.2988 -31.8926 34.0186 -31.2616 -31.7706 34.1659 
-31.2826 -31.6254 34.2532 -31.2641 -31.5466 34.3599 -31.2516 -31.4248 34.5165 
-31.2818 -31.2431 34.6735 -31.3014 -31.072 34.8675 -31.7556 -34.419 32.7356 
-31.8759 -34.9416 32.4881 -31.8975 -35.0909 32.5857 -31.9365 -35.3416 32.5479 
-31.7821 -34.6129 32.8109 -31.839 -34.8641 32.7648 -30.7853 -36.0208 30.8036 
-30.7417 -36.0927 30.8705 -30.7343 -36.2223 31.0142 -30.8973 -36.362 31.1515 
-31.0481 -36.4412 31.3096 -31.2107 -36.4625 31.4689 -31.2143 -36.5153 31.7141 
-31.4083 -36.4448 31.9051 -31.5899 -36.3247 32.1062 -31.7409 -36.1708 32.3124 
-31.9434 -35.5912 32.6461 -31.8506 -35.9942 32.5195 -31.9155 -35.8034 32.7297 
-31.6821 -33.9693 32.8975 -31.703 -34.2072 32.9349 -31.516 -32.4936 33.34 
-31.4987 -32.7585 33.347 -31.4687 -32.2523 33.5226 -31.5049 -33.0401 33.3593 
-31.5864 -33.4578 33.2039 -31.6238 -33.7409 33.1551 -31.5192 -33.3195 33.4151 
-42.4102 -27.4275 35.0537 -42.4286 -27.425 35.1766 -32.1186 -28.6947 36.9827 
-32.4178 -28.5898 36.9859 -32.6541 -28.5064 36.9891 -32.7985 -28.5338 36.8451 
-32.9839 -28.4874 36.7677 -33.1992 -28.3833 36.7589 -33.3844 -28.3118 36.7094 
-33.5309 -28.2843 36.5988 -33.7298 -28.2129 36.5299 -34.0053 -28.1013 36.5014 
-34.2432 -28.0358 36.4294 -34.4216 -28.0143 36.3119 -34.6789 -27.9482 36.2888 
-34.9408 -27.8952 36.2578 -35.148 -27.8787 36.1689 -35.3606 -27.8602 36.111 
-35.6096 -27.8196 36.1817 -35.9166 -27.8128 36.1441 -36.2363 -27.8082 36.1586 
-36.5235 -27.8273 36.1233 -36.8054 -27.839 36.1304 -37.098 -27.8461 36.1563 
-37.3889 -27.8516 36.1747 -37.6679 -27.8562 36.1757 -37.9414 -27.8591 36.1724 
-38.2125 -27.8624 36.169 -38.484 -27.8697 36.1675 -38.7579 -27.8852 36.1644 
-39.0359 -27.9109 36.1591 -39.3329 -27.948 36.1543 -39.6505 -27.9692 36.2468 
-39.9059 -27.9998 36.2989 -40.0808 -28.037 36.3082 -40.2361 -28.0496 36.3992 
-40.4393 -28.1024 36.4303 -40.715 -28.2018 36.4112 -40.8035 -28.3235 36.095 
-40.8611 -28.2982 36.284 -41.0078 -28.3606 36.1602 -41.2453 -28.4012 36.1218 
-41.4338 -28.4154 36.0673 -41.6525 -28.369 36.1267 -41.8793 -28.2796 36.0709 
-42.0718 -28.1377 36.0095 -42.232 -27.9573 35.9162 -42.3539 -27.7565 35.8333 
-42.4385 -27.4188 35.2862 -42.4535 -27.4148 35.4354 -42.4382 -27.5508 35.76 
-42.4684 -27.4044 35.6087 -42.4764 -27.3992 35.7071 -31.5021 -30.2231 35.6655 
-31.4043 -30.4814 35.4994 -31.507 -30.3462 35.5147 -31.3133 -30.6814 35.3838 
-31.2331 -30.8725 35.2577 -31.299 -30.909 35.0912 -31.6117 -29.7969 35.9691 
-31.486 -29.9998 35.9149 -31.5737 -29.5152 36.2858 -31.6506 -29.3403 36.4025 
-31.5968 -29.6039 36.1669 -31.4818 -29.7688 36.1415 -31.5101 -29.1495 36.7654 
-31.4294 -29.3142 36.6539 -31.499 -29.4077 36.4779 -31.4639 -28.9137 37.0744 
-31.6176 -28.8346 37.0626 -31.7994 -28.7721 37.0417 -31.3577 -29.1332 36.9339 
-31.3496 -32.2734 33.7383 -31.2741 -32.1077 33.9413 -31.2055 -31.9531 34.1446 
-31.1836 -31.7119 34.3553 -31.1819 -31.3427 34.7271 -31.1149 -31.5711 34.6046 
-31.1753 -31.0694 35.0911 -31.1201 -31.276 34.9244 -31.7323 -34.4334 32.9905 
-31.8897 -35.1291 32.8307 -31.9266 -35.3782 32.8816 -31.7757 -34.6682 33.0317 
-31.8296 -34.9203 33.0729 -30.7169 -36.144 30.9322 -30.6916 -36.1768 30.9826 
-30.7381 -36.3684 31.1875 -30.6486 -36.2664 31.1248 -30.6844 -36.1916 31.0233 
-30.8347 -36.4667 31.3602 -31.0277 -36.5231 31.5316 -31.0116 -36.5829 31.7932 
-31.2182 -36.5564 31.9999 -31.4205 -36.4668 32.2077 -31.5993 -36.3333 32.4148 
-31.7445 -36.1716 32.6175 -31.936 -35.6082 32.9488 -31.8492 -35.9941 32.8186 
-31.9099 -35.812 33.0206 -31.6586 -34.0266 33.1195 -31.6796 -34.2349 33.1877 
-31.405 -32.542 33.573 -31.4059 -32.885 33.5945 -31.4498 -33.1358 33.557 
-31.5603 -33.5543 33.3717 -31.5708 -33.7285 33.4438 -31.6159 -34.005 33.419 
-31.4534 -33.3074 33.6401 -31.5019 -33.5587 33.6362 -31.9144 -28.5952 37.2007 
-32.2104 -28.5209 37.1817 -32.4756 -28.449 37.1694 -32.8299 -28.4596 36.9519 
-32.7574 -28.3561 37.1491 -32.9807 -28.388 36.9547 -33.1344 -28.3174 36.952 
-33.2817 -28.2911 36.8615 -33.4812 -28.2161 36.8018 -33.7431 -28.0992 36.7878 
-33.9641 -28.03 36.7329 -34.1366 -28.0085 36.6177 -34.3895 -27.9434 36.5729 
-34.6515 -27.8835 36.5523 -34.8712 -27.8598 36.4636 -35.0808 -27.843 36.3698 
-35.3499 -27.8023 36.3811 -35.6249 -27.7626 36.4307 -35.8532 -27.7576 36.3878 
-36.1193 -27.7548 36.3664 -36.3308 -27.7511 36.3862 -36.5033 -27.769 36.3472 
-36.7539 -27.7828 36.3571 -37.0345 -27.795 36.3899 -37.3531 -27.8035 36.4534 
-37.6405 -27.8231 36.4356 -37.9194 -27.8332 36.4415 -38.189 -27.8412 36.4381 
-38.452 -27.8448 36.4404 -38.7257 -27.8474 36.4467 -39.0045 -27.8565 36.4385 
-39.2878 -27.8718 36.4371 -39.5804 -27.8917 36.4629 -39.8704 -27.9205 36.507 
-40.1401 -27.9776 36.5171 -40.3455 -28.0256 36.553 -40.4985 -28.0395 36.6416 
-40.6824 -28.0957 36.6488 -40.9517 -28.2624 36.4753 -40.9923 -28.1587 36.7001 
-41.0384 -28.3218 36.3759 -41.2183 -28.3499 36.3568 -41.465 -28.363 36.3151 
-41.6762 -28.3166 36.3733 -41.8167 -28.2791 36.3001 -42.0029 -28.141 36.332 
-42.1947 -27.9664 36.2251 -42.3312 -27.7756 36.1232 -42.4271 -27.5795 36.028 
-42.4808 -27.3959 35.9276 -42.481 -27.3938 35.9622 -31.3378 -30.241 35.8661 
-31.2717 -30.4921 35.6901 -31.2855 -30.6168 35.5145 -31.1671 -30.79 35.4905 
-31.1016 -31.0276 35.2878 -31.3279 -30.0578 36.0589 -31.389 -29.6276 36.3809 
-31.2433 -29.9312 36.2912 -31.3767 -29.2502 36.7783 -31.247 -29.4264 36.7548 
-31.35 -29.4862 36.56 -31.3242 -28.9989 37.0879 -31.5815 -28.7026 37.2193 
-31.2852 -28.8724 37.2277 -31.2073 -29.0923 37.1087 -31.1454 -29.3091 36.9911 
-31.3052 -32.465 33.7699 -31.2566 -32.3212 33.8893 -31.1538 -32.2515 34.1164 
-31.1013 -31.9895 34.3106 -31.0507 -31.8191 34.5184 -31.0742 -31.4633 34.7879 
-31.0043 -31.66 34.7462 -31.0427 -31.235 35.1327 -31.0003 -31.456 34.9592 
-31.7166 -34.4722 33.2414 -31.8813 -35.1745 33.1278 -31.9175 -35.4175 33.1828 
-31.7631 -34.7175 33.3044 -31.8173 -34.9773 33.3671 -30.6657 -36.41 31.3082 
-30.6283 -36.3058 31.186 -30.6566 -36.4733 31.5315 -30.8533 -36.5485 31.6033 
-30.7641 -36.5966 31.8638 -31.0018 -36.6451 32.0974 -31.2327 -36.5882 32.3058 
-31.4309 -36.4804 32.521 -31.6069 -36.3342 32.7252 -31.7463 -36.1681 32.9203 
-31.9268 -35.637 33.2285 -31.8453 -35.9932 33.1089 -31.9008 -35.8223 33.2872 
-31.6637 -34.2906 33.4111 -31.31 -32.6835 33.77 -31.3161 -32.9076 33.8144 
-31.3724 -33.1556 33.7984 -31.5503 -33.8164 33.6234 -31.5651 -33.9944 33.7051 
-31.6158 -34.2543 33.6807 -31.4253 -33.3976 33.7997 -31.4389 -33.5689 33.885 
-31.4905 -33.8254 33.8892 -31.7444 -28.4628 37.3753 -32.0412 -28.4119 37.3557 
-32.3066 -28.3658 37.3346 -32.5245 -28.3231 37.3064 -32.6677 -28.219 37.3549 
-32.9484 -28.1601 37.2825 -33.0053 -28.2921 37.0886 -33.2249 -28.2074 37.0503 
-33.492 -28.0866 37.0439 -33.6973 -28.0248 36.995 -33.8576 -28.0047 36.8959 
-34.0971 -27.9286 36.8624 -34.364 -27.867 36.8232 -34.5435 -27.8584 36.7218 
-34.7822 -27.8053 36.7324 -35.0989 -27.7853 36.6102 -35.3529 -27.7443 36.6462 
-35.5297 -27.7381 36.5884 -35.7835 -27.7058 36.6531 -36.0695 -27.7048 36.5979 
-36.3139 -27.7091 36.5672 -36.4843 -27.7245 36.5205 -36.6954 -27.7269 36.5631 
-36.9623 -27.7382 36.6001 -37.231 -27.7513 36.6415 -37.4454 -27.7585 36.6949 
-37.6214 -27.7789 36.6682 -37.8747 -27.792 36.6825 -38.175 -27.8001 36.7179 
-38.3952 -27.8182 36.6515 -38.6589 -27.8011 36.7273 -38.9489 -27.8005 36.6996 
-39.2258 -27.8003 36.6889 -39.5082 -27.8059 36.6947 -39.798 -27.8213 36.7232 
-40.1148 -27.8528 36.7799 -40.3965 -27.9478 36.7528 -40.6135 -28.0062 36.7862 
-40.8226 -28.026 36.8627 -41.1463 -28.2781 36.5418 -41.2764 -28.2059 36.7067 
-41.0419 -28.0362 36.9329 -41.2803 -28.0738 36.9081 -41.3815 -28.2886 36.548 
-41.5858 -28.2824 36.5204 -41.7966 -28.2008 36.5366 -42.0015 -28.0545 36.6087 
-42.1456 -27.9573 36.4961 -42.2854 -27.7504 36.4241 -42.4001 -27.5845 36.2771 
-42.4807 -27.3804 36.0278 -42.465 -27.4013 36.1966 -31.2426 -30.3769 35.8627 
-31.2154 -30.2724 36.0103 -31.1588 -30.4772 35.8871 -31.1014 -30.685 35.7446 
-31.0386 -31.0031 35.4483 -31.0324 -30.8903 35.6127 -30.9974 -31.1603 35.3247 
-31.2285 -30.1182 36.1369 -31.2319 -29.676 36.5325 -31.1084 -29.8895 36.5172 
-31.0784 -30.105 36.3773 -31.1459 -30.194 36.1904 -31.1012 -29.704 36.6928 
-31.0498 -29.5691 36.8918 -31.3501 -28.6582 37.3413 -31.4864 -28.5202 37.3914 
-31.0918 -28.8693 37.3437 -31.178 -28.7212 37.3749 -31.0868 -29.0429 37.2523 
-31.0638 -29.2198 37.1507 -30.9752 -29.436 37.0973 -31.2247 -32.5149 33.9373 
-31.128 -32.5732 34.1534 -31.0493 -32.1727 34.3266 -31.0426 -32.3851 34.318 
-31.0144 -32.0284 34.4556 -30.942 -31.9488 34.6845 -30.9044 -31.6896 34.9638 
-30.9155 -31.3928 35.2332 -31.6932 -34.5109 33.5107 -31.869 -35.232 33.4163 
-31.902 -35.4771 33.4759 -31.7426 -34.7778 33.586 -31.7953 -35.0601 33.6726 
-30.6176 -36.3204 31.2162 -30.5863 -36.3715 31.3448 -30.5796 -36.3864 31.4064 
-30.5606 -36.4038 31.5482 -30.5542 -36.4819 31.7623 -30.7087 -36.6585 32.0835 
-30.5583 -36.5549 32.0372 -30.8252 -36.6813 32.0982 -30.9021 -36.7118 32.2761 
-31.0661 -36.6818 32.3899 -31.2362 -36.619 32.6309 -31.4464 -36.4831 32.841 
-31.6139 -36.3293 33.0353 -31.7452 -36.1594 33.2191 -31.9138 -35.6789 33.4407 
-31.8371 -35.9835 33.3854 -31.8848 -35.8151 33.5265 -31.2237 -32.8032 33.9976 
-31.2822 -33.0271 33.9547 -31.2978 -33.1964 34.0236 -31.357 -33.4239 34.0313 
-31.5441 -34.098 33.8855 -31.6556 -34.5815 33.8197 -31.5657 -34.3363 33.9819 
-31.4122 -33.662 34.0459 -31.4206 -33.8398 34.142 -31.4732 -34.104 34.142 
-31.5362 -28.2923 37.5202 -31.8985 -28.2373 37.5203 -32.1681 -28.2638 37.4637 
-32.4204 -28.1913 37.463 -32.6892 -28.0243 37.5105 -33.2553 -28.0479 37.2578 
-33.0503 -27.9168 37.4812 -33.4622 -27.9848 37.2311 -33.6086 -27.9867 37.1347 
-33.8103 -27.9244 37.0894 -34.0228 -27.8223 37.1338 -34.2651 -27.8088 37.0251 
-34.5377 -27.7839 36.9347 -34.7694 -27.7304 36.9643 -35.0051 -27.7206 36.8896 
-35.2479 -27.715 36.8128 -35.532 -27.676 36.8584 -35.8228 -27.6487 36.9007 
-36.0409 -27.6522 36.8419 -36.2992 -27.6556 36.8025 -36.5756 -27.6714 36.7571 
-36.8861 -27.6762 36.8067 -37.1633 -27.6897 36.8393 -37.4146 -27.7085 36.8585 
-37.5928 -27.7336 36.8358 -37.8022 -27.7367 36.8818 -38.0622 -27.7468 36.9152 
-38.2776 -27.7512 36.9502 -38.4625 -27.7695 36.8901 -38.6831 -27.7407 36.965 
-38.8852 -27.7363 36.9329 -39.1412 -27.7246 36.9157 -39.4139 -27.7136 36.9132 
-39.6943 -27.7154 36.9208 -39.9718 -27.7244 36.9559 -40.1956 -27.7405 37.0034 
-40.3796 -27.8142 36.9691 -40.6476 -27.8906 36.9754 -40.9364 -27.9128 37.053 
-41.5565 -28.157 36.7538 -41.1574 -27.9477 37.0606 -41.5139 -28.0214 36.9728 
-41.3874 -27.8873 37.1112 -41.8425 -28.0568 36.7691 -42.0213 -27.9389 36.7733 
-42.1083 -27.9397 36.6682 -42.1812 -27.8112 36.653 -42.368 -27.5374 36.465 
-42.2623 -27.5515 36.6598 -42.4299 -27.4251 36.3763 -42.4735 -27.3505 36.1829 
-42.4622 -27.3508 36.2473 -42.4409 -27.347 36.3691 -31.0918 -30.4028 36.0748 
-31.0496 -30.5925 35.9437 -30.9532 -30.826 35.8492 -30.9284 -31.1146 35.54 
-31.0106 -30.0314 36.5497 -31.0205 -29.8845 36.6587 -30.9463 -30.2608 36.4588 
-31.0413 -30.3048 36.2538 -30.9879 -29.7862 36.7977 -30.8683 -29.7699 37.0047 
-31.2096 -28.4762 37.4723 -30.9561 -28.985 37.3761 -30.9356 -28.7338 37.4718 
-30.9091 -29.235 37.2928 -30.8167 -29.5321 37.233 -31.119 -32.8425 34.2537 
-31.0352 -32.6451 34.3709 -30.9739 -32.2067 34.4917 -30.9555 -32.4581 34.5283 
-30.8879 -32.2396 34.7151 -30.822 -31.9865 34.9747 -30.7961 -31.6776 35.236 
-30.7962 -31.3884 35.5156 -31.8543 -35.2986 33.6445 -31.8665 -35.4441 33.7177 
-31.8854 -35.6358 33.6655 -31.7188 -34.8465 33.8178 -31.7349 -35.0235 33.9311 
-31.7955 -35.2913 33.91 -30.5301 -36.446 31.719 -30.5208 -36.4587 31.7885 
-30.6583 -36.6662 32.2572 -30.7744 -36.7061 32.2195 -30.4975 -36.4852 31.9756 
-30.4846 -36.4978 32.0944 -30.5073 -36.5735 32.3281 -30.8046 -36.7265 32.4319 
-30.9551 -36.7294 32.4619 -31.0621 -36.7085 32.5852 -31.1013 -36.7004 32.8044 
-31.2836 -36.6081 32.9689 -31.463 -36.4772 33.1578 -31.6171 -36.3181 33.3441 
-31.7395 -36.1359 33.5173 -31.8246 -35.9519 33.6416 -31.8625 -35.8002 33.7159 
-31.2112 -33.0867 34.1713 -31.2708 -33.3033 34.1731 -31.2876 -33.4642 34.2515 
-31.3432 -33.6707 34.2498 -31.5906 -34.5662 34.076 -31.6525 -34.8142 34.0589 
-31.5058 -34.441 34.2627 -31.3712 -33.9519 34.3484 -31.4003 -34.259 34.4469 
-31.2531 -28.1803 37.5671 -31.4482 -28.0662 37.6275 -31.6958 -28.0708 37.6292 
-31.9223 -28.0383 37.6395 -32.1614 -28.0813 37.591 -32.4104 -28.0072 37.5958 
-32.5122 -27.8298 37.6663 -32.797 -27.782 37.6389 -33.3688 -27.8828 37.3939 
-33.0287 -27.7213 37.6303 -33.2574 -27.7289 37.564 -33.6059 -27.8818 37.2789 
-33.8179 -27.7877 37.2891 -33.9976 -27.7327 37.2892 -34.1749 -27.7267 37.2215 
-34.4115 -27.7041 37.1595 -34.6364 -27.6901 37.1065 -34.8807 -27.6322 37.1481 
-35.2381 -27.6329 37.0656 -35.5109 -27.597 37.1222 -35.7405 -27.5983 37.0874 
-35.9949 -27.5931 37.0687 -36.2519 -27.5929 37.0417 -36.5231 -27.5974 37.0221 
-36.8072 -27.6052 37.0257 -37.0929 -27.6157 37.0479 -37.3714 -27.6329 37.0632 
-37.6617 -27.6634 37.0509 -37.9718 -27.6708 37.0993 -38.2375 -27.6853 37.1083 
-38.4169 -27.7111 37.0681 -38.5771 -27.7032 37.0766 -38.7908 -27.6474 37.1439 
-39.0358 -27.6541 37.088 -39.2842 -27.6012 37.1269 -39.5749 -27.6015 37.1008 
-39.8428 -27.5996 37.1131 -40.129 -27.5915 37.1669 -40.3361 -27.6952 37.1133 
-40.5402 -27.7233 37.1407 -40.8037 -27.7469 37.1822 -41.1146 -27.7588 37.2122 
-41.7061 -27.9961 36.9384 -41.6031 -27.9126 37.0664 -41.3902 -27.6477 37.2669 
-41.604 -27.7427 37.1691 -41.9 -27.8979 36.9148 -42.1123 -27.8681 36.7487 
-42.0784 -27.731 36.8495 -42.3577 -27.3899 36.5582 -42.3794 -27.3904 36.5164 
-42.2803 -27.3384 36.6978 -42.2071 -27.3291 36.8134 -42.1438 -27.4058 36.8872 
-42.4007 -27.3772 36.4721 -30.9584 -30.5392 36.1631 -30.8079 -31.1039 35.8175 
-30.8198 -30.8192 36.126 -30.9172 -30.0121 36.7286 -30.8211 -30.5409 36.4246 
-30.809 -30.2841 36.6946 -30.7861 -30.0784 36.909 -30.7327 -29.7525 37.2145 
-30.6735 -30.0204 37.1247 -30.9944 -28.2394 37.5375 -30.9113 -28.453 37.5242 
-30.7314 -29.0524 37.4991 -30.6702 -28.5396 37.5681 -30.6863 -28.7813 37.5694 
-30.7074 -29.3922 37.4104 -30.6813 -29.6233 37.3431 -31.0397 -32.8601 34.4419 
-31.097 -33.0889 34.4448 -30.9562 -32.7476 34.6042 -30.8748 -32.5177 34.7498 
-30.8014 -32.3116 34.9395 -30.741 -31.9015 35.208 -30.73 -32.1264 35.155 
-30.7126 -31.7657 35.3602 -30.7274 -31.604 35.4554 -30.7056 -31.4856 35.6222 
-30.7294 -31.3204 35.7406 -31.8426 -35.5226 33.8596 -31.8357 -35.7042 33.8814 
-31.6929 -35.1259 34.1718 -31.7431 -35.3356 34.1434 -31.7773 -35.5369 34.0882 
-30.6387 -36.6794 32.5079 -30.4619 -36.5172 32.2718 -30.4526 -36.524 32.38 
-30.4895 -36.5909 32.5984 -30.7855 -36.7373 32.704 -30.9423 -36.7401 32.6456 
-30.946 -36.7451 32.9029 -31.1221 -36.6995 33.0911 -31.3023 -36.6051 33.2788 
-31.4699 -36.47 33.469 -31.6134 -36.2976 33.6573 -31.7295 -36.0719 33.8446 
-31.815 -35.8774 33.8382 -31.2005 -33.3548 34.3841 -31.2608 -33.5761 34.3972 
-31.2784 -33.7897 34.4872 -31.5678 -34.6805 34.2424 -31.5944 -34.9082 34.3305 
-31.4452 -34.4736 34.4586 -31.4921 -34.6935 34.4752 -31.2993 -34.0584 34.5873 
-31.3185 -34.2862 34.6653 -31.3815 -34.5134 34.6464 -31.2705 -28.0014 37.6246 
-31.0518 -27.9785 37.5633 -31.3786 -27.9161 37.668 -31.5552 -27.898 37.6908 
-31.805 -27.8571 37.7124 -32.035 -27.9144 37.6883 -32.2466 -27.8692 37.6863 
-32.3112 -27.6486 37.7485 -32.5899 -27.6025 37.7371 -32.8863 -27.5408 37.7231 
-33.5918 -27.6809 37.483 -33.1354 -27.5853 37.6733 -33.3612 -27.5249 37.6441 
-33.9029 -27.6487 37.4164 -34.0883 -27.6554 37.3531 -34.2832 -27.6136 37.3373 
-34.5789 -27.577 37.306 -34.8304 -27.511 37.3601 -35.0856 -27.5239 37.3121 
-35.3716 -27.5223 37.2939 -35.6398 -27.5174 37.2886 -35.9022 -27.5158 37.2735 
-36.1703 -27.5143 37.2598 -36.4443 -27.5157 37.2491 -36.7244 -27.5207 37.2475 
-37.0068 -27.5285 37.2569 -37.2891 -27.539 37.2709 -37.5747 -27.5536 37.2799 
-37.8679 -27.5677 37.2911 -38.1639 -27.5789 37.2961 -38.4936 -27.5974 37.2583 
-38.7692 -27.5128 37.3357 -39.0347 -27.5182 37.2763 -39.2665 -27.4675 37.2932 
-39.4609 -27.4768 37.2542 -39.696 -27.468 37.2454 -39.9307 -27.4657 37.2575 
-40.0783 -27.4599 37.2789 -40.3891 -27.573 37.2426 -40.2076 -27.4264 37.3119 
-40.6356 -27.5688 37.2923 -40.9053 -27.5596 37.3316 -41.1738 -27.514 37.3605 
-41.7649 -27.8358 37.0555 -41.3862 -27.4458 37.3663 -41.6239 -27.4505 37.278 
-41.8016 -27.6346 37.1353 -41.9164 -27.7415 37.0132 -41.9794 -27.5421 37.0349 
-42.1487 -27.3205 36.8923 -42.0569 -27.3156 36.9995 -42.0004 -27.3124 37.0609 
-30.7111 -31.2022 35.9171 -30.7395 -31.0363 36.0452 -30.7197 -30.9201 36.2214 
-30.7464 -30.7559 36.3485 -30.7212 -30.6458 36.5158 -30.7424 -30.4876 36.6331 
-30.7099 -30.3873 36.786 -30.7283 -30.2463 36.8776 -30.7047 -30.1664 36.9804 
-30.5967 -29.8348 37.3302 -30.5338 -30.0337 37.3024 -30.511 -30.2211 37.2155 
-30.6138 -30.3458 36.9752 -30.8336 -28.0885 37.5143 -30.7839 -28.1147 37.5158 
-30.7189 -28.2762 37.5326 -30.5319 -28.8997 37.6295 -30.5145 -29.0958 37.6212 
-30.5433 -29.3022 37.5632 -30.4555 -28.5293 37.6237 -30.5194 -28.6889 37.6355 
-30.4168 -28.3314 37.5538 -30.5157 -29.6151 37.4889 -31.0077 -32.9725 34.5841 
-31.0235 -33.1408 34.6558 -31.0875 -33.363 34.6556 -30.8746 -32.7516 34.8207 
-30.9324 -33.0186 34.8096 -30.8014 -32.5904 34.9665 -30.7232 -32.4019 35.1504 
-30.6725 -31.945 35.3683 -30.6489 -32.2066 35.3599 -30.6513 -31.6945 35.58 
-30.6438 -31.4137 35.8487 -31.7603 -35.8363 34.0807 -31.622 -35.1373 34.4165 
-31.6822 -35.3943 34.3773 -31.7209 -35.6687 34.3143 -30.6225 -36.6899 32.7794 
-30.4396 -36.5319 32.5413 -30.4312 -36.5367 32.6505 -30.4716 -36.596 32.8657 
-30.7748 -36.7471 32.9864 -30.949 -36.7532 33.1939 -31.1337 -36.7049 33.3897 
-31.31 -36.6058 33.5851 -31.4686 -36.4628 33.7803 -31.5974 -36.2818 33.9749 
-31.6761 -36.0798 34.1744 -31.1867 -33.6041 34.5858 -31.1984 -33.8795 34.7205 
-31.532 -35.0219 34.6032 -31.4178 -34.8409 34.7772 -31.221 -34.1897 34.8343 
-31.2882 -34.4171 34.8082 -31.3099 -34.6413 34.8969 -31.2284 -27.8362 37.638 
-30.9823 -27.929 37.5289 -31.0535 -27.8856 37.5622 -30.8896 -28.0333 37.5284 
-31.4056 -27.7481 37.6945 -31.6101 -27.6985 37.7368 -31.7908 -27.6517 37.7622 
-32.023 -27.6992 37.7508 -32.3684 -27.4136 37.7817 -32.1051 -27.4587 37.7838 
-32.636 -27.3672 37.7754 -32.8589 -27.3116 37.7687 -33.1268 -27.3609 37.733 
-33.5903 -27.4614 37.625 -33.8403 -27.4692 37.5679 -33.4551 -27.2794 37.7074 
-34.0974 -27.5339 37.4665 -34.3561 -27.4603 37.4775 -34.6456 -27.3939 37.5057 
-34.9425 -27.396 37.4885 -35.218 -27.4017 37.4717 -35.4946 -27.4045 37.4629 
-35.7694 -27.4056 37.4568 -36.0467 -27.4065 37.4518 -36.3297 -27.4083 37.4496 
-36.6161 -27.4143 37.4499 -36.9 -27.4239 37.4537 -37.1806 -27.4307 37.4637 
-37.4639 -27.4354 37.4757 -37.7525 -27.4418 37.4833 -38.0417 -27.4479 37.4837 
-38.3286 -27.4459 37.4734 -38.6041 -27.4098 37.4733 -38.8816 -27.3379 37.4737 
-39.156 -27.3413 37.41 -39.3542 -27.3609 37.3635 -39.5367 -27.3211 37.3601 
-39.7732 -27.3084 37.3525 -40.0067 -27.3316 37.3475 -40.4319 -27.3849 37.3651 
-40.1586 -27.1768 37.4115 -40.6959 -27.364 37.4075 -40.9638 -27.3312 37.437 
-41.2342 -27.2609 37.4451 -41.4619 -27.2894 37.395 -41.6049 -27.2408 37.3411 
-41.5474 -27.224 37.3722 -41.7346 -27.2651 37.2516 -41.8552 -27.417 37.1658 
-41.9619 -27.3064 37.0952 -30.6457 -31.133 36.1408 -30.6469 -30.8605 36.4331 
-30.6392 -30.6013 36.7088 -30.397 -29.9799 37.4574 -30.4547 -30.1302 37.3419 
-30.3482 -30.2978 37.3594 -30.4088 -30.5261 37.1383 -30.5027 -30.6473 36.8997 
-30.6217 -28.1745 37.4933 -30.4278 -28.2899 37.5377 -30.3568 -28.7792 37.6882 
-30.3264 -29.0068 37.701 -30.3878 -29.2154 37.6636 -30.3413 -29.4391 37.6432 
-30.2735 -28.4866 37.6341 -30.3663 -28.6212 37.6672 -30.3921 -28.3144 37.5431 
-30.3712 -28.3331 37.5548 -30.2276 -28.4347 37.6076 -30.2753 -29.7334 37.6179 
-30.9963 -33.2545 34.8012 -31.017 -33.4315 34.8676 -31.0868 -33.6596 34.844 
-30.8217 -32.8767 35.023 -30.8691 -33.0818 35.0088 -30.9186 -33.3105 35.0229 
-30.7315 -32.6756 35.1816 -30.6464 -32.4962 35.3686 -30.578 -31.9728 35.6105 
-30.5642 -32.2963 35.5731 -30.5471 -31.6716 35.852 -30.5349 -31.3891 36.1181 
-31.6923 -35.8851 34.3786 -31.5972 -35.2511 34.5779 -31.6118 -35.4272 34.6447 
-31.6498 -35.6788 34.6067 -30.6054 -36.6998 33.0546 -30.423 -36.5401 32.7852 
-30.4189 -36.5395 32.8998 -30.4576 -36.6084 33.1409 -30.7558 -36.7617 33.3055 
-30.9602 -36.7685 33.4921 -31.1403 -36.7147 33.6905 -31.3115 -36.6075 33.8928 
-31.4616 -36.4549 34.092 -31.5746 -36.2737 34.2815 -31.6372 -36.0884 34.4535 
-31.1097 -33.9747 34.9627 -31.4708 -35.0618 34.8061 -31.5247 -35.2858 34.8205 
-31.3341 -34.8659 34.9997 -31.4075 -35.113 35.0131 -31.117 -34.2529 35.0875 
-31.2115 -34.4634 35.0057 -31.2316 -34.7628 35.1577 -31.1834 -27.8092 37.6178 
-31.23 -27.7799 37.6369 -31.3611 -27.7131 37.6786 -31.4208 -27.6804 37.6993 
-31.5478 -27.619 37.7263 -31.654 -27.5691 37.7544 -31.6961 -27.5497 37.7612 
-31.8591 -27.4818 37.7774 -32.2468 -27.3142 37.7794 -32.397 -27.2558 37.7778 
-32.1208 -27.3636 37.7812 -32.0373 -27.3978 37.781 -31.8659 -27.463 37.7773 
-32.4698 -27.2284 37.7757 -32.6753 -27.1584 37.7721 -32.6898 -27.1532 37.7717 
-32.9475 -27.1256 37.7619 -33.22 -27.1112 37.7492 -33.7006 -27.3182 37.6638 
-33.8822 -27.273 37.6535 -34.1217 -27.3319 37.5974 -33.4427 -27.0553 37.738 
-33.7321 -27.083 37.7083 -34.4068 -27.2879 37.6013 -34.5923 -27.241 37.626 
-34.7941 -27.2507 37.6128 -35.0517 -27.2519 37.6077 -35.3218 -27.2544 37.6054 
-35.5981 -27.2566 37.606 -35.8803 -27.2588 37.6103 -36.1707 -27.2628 37.6185 
-36.4718 -27.2685 37.6306 -36.7688 -27.2895 37.6315 -37.0463 -27.3072 37.6325 
-37.3222 -27.3009 37.6491 -37.6116 -27.296 37.6587 -37.9037 -27.2943 37.6557 
-38.1819 -27.2956 37.6396 -38.4339 -27.277 37.6218 -38.6642 -27.2192 37.6103 
-38.8413 -27.1431 37.6031 -39.0388 -27.1513 37.5388 -39.3095 -27.1628 37.4665 
-39.5767 -27.1147 37.4401 -39.8442 -27.1175 37.4218 -40.4624 -27.15 37.4475 
-40.2149 -26.9039 37.4575 -39.9076 -26.8821 37.4526 -40.7392 -27.1295 37.4786 
-40.994 -27.0934 37.4965 -41.2078 -27.1275 37.4737 -41.0531 -27.0734 37.496 
-41.3208 -27.159 37.4437 -41.4422 -27.1925 37.4141 -41.8303 -27.2831 37.2 
-30.529 -31.1183 36.3988 -30.5181 -30.873 36.6652 -30.201 -29.9763 37.6108 
-30.1831 -30.2197 37.5495 -30.2721 -30.536 37.3128 -30.1728 -30.4809 37.4511 
-30.2524 -30.7149 37.2217 -30.3314 -30.7822 37.0587 -30.4142 -30.7014 36.9981 
-30.4065 -30.8734 36.8626 -30.1939 -28.6434 37.6892 -30.1565 -28.8305 37.7288 
-30.1128 -29.0021 37.7533 -30.161 -29.2279 37.7366 -30.1006 -29.5324 37.7336 
-30.1788 -28.4866 37.6319 -30.1152 -28.563 37.6581 -30.0351 -29.8463 37.7294 
-30.9901 -33.5622 35.0066 -31.0078 -33.7948 35.0886 -30.746 -32.8946 35.2279 
-30.8031 -33.1157 35.1941 -30.8202 -33.4 35.3002 -30.9123 -33.6076 35.1994 
-30.6604 -32.7894 35.4052 -30.5628 -32.606 35.5981 -30.4982 -31.8872 35.8286 
-30.4875 -32.1103 35.7815 -30.4772 -32.3866 35.7792 -30.4668 -31.7543 35.9699 
-30.4768 -31.5961 36.0601 -30.4487 -31.4826 36.2173 -30.4642 -31.3224 36.3291 
-31.6492 -35.9278 34.5952 -31.583 -35.5299 34.8022 -31.5896 -35.6928 34.8584 
-31.6079 -35.8869 34.807 -30.5791 -36.7086 33.2832 -30.4074 -36.5446 33.0759 
-30.3944 -36.5516 33.2343 -30.4768 -36.6516 33.3849 -30.6247 -36.7496 33.5565 
-30.8145 -36.7931 33.5942 -30.9643 -36.7885 33.7839 -31.1402 -36.7269 33.9963 
-31.3098 -36.6055 34.2053 -31.4534 -36.4356 34.4046 -31.5567 -36.2478 34.5633 
-31.6076 -36.0726 34.6847 -31.0205 -34.0686 35.1928 -31.4644 -35.3366 35.0348 
-31.5119 -35.5643 35.0333 -31.3079 -34.9879 35.1578 -31.333 -35.1604 35.2404 
-31.4022 -35.393 35.2423 -31.0334 -34.2966 35.276 -31.1038 -34.5257 35.2642 
-31.1236 -34.8193 35.4202 -31.2352 -35.0536 35.3749 -31.8034 -27.4935 37.7725 
-31.8477 -27.4706 37.7751 -32.7255 -27.1394 37.7701 -32.8943 -27.0734 37.7529 
-32.9807 -27.0438 37.7501 -33.1265 -26.9963 37.7382 -33.282 -26.9579 37.7417 
-34.0147 -27.144 37.6773 -34.2532 -27.1321 37.6703 -33.312 -26.9489 37.7401 
-33.4949 -26.8874 37.7228 -33.5287 -26.8787 37.7187 -33.767 -26.8282 37.7094 
-34.08 -26.8892 37.7053 -34.4648 -27.1509 37.6691 -34.6395 -27.1054 37.6851 
-34.8731 -27.0855 37.694 -35.1307 -27.078 37.7024 -35.3991 -27.0735 37.712 
-35.6779 -27.0705 37.7256 -35.9699 -27.0716 37.7466 -36.2761 -27.0841 37.7721 
-36.618 -27.079 37.815 -36.9062 -27.1785 37.7607 -37.1431 -27.1596 37.7883 
-37.4298 -27.1186 37.8232 -37.7383 -27.124 37.8076 -38.0365 -27.0939 37.7976 
-38.2859 -27.1434 37.7368 -38.4773 -27.0763 37.7277 -38.6855 -27.0068 37.6965 
-38.8867 -26.9553 37.6465 -39.105 -26.9224 37.5804 -39.3476 -26.8878 37.5199 
-39.6125 -26.8648 37.4758 -40.5097 -26.9079 37.4794 -40.4822 -26.8993 37.4783 
-40.1103 -26.79 37.4486 -40.2353 -26.8207 37.4527 -39.9431 -26.7489 37.444 
-39.7594 -26.7128 37.4535 -39.6285 -26.6876 37.4626 -40.5252 -26.9128 37.4805 
-40.7685 -26.9832 37.495 -40.9302 -27.0319 37.4991 -40.9992 -27.0537 37.4994 
-30.4364 -31.2129 36.4912 -30.4557 -31.0639 36.5973 -30.4353 -30.9857 36.7115 
-30.0684 -30.0873 37.6716 -30.0162 -30.2526 37.6661 -30.0299 -30.4425 37.5966 
-30.1658 -30.668 37.3601 -30.0166 -30.713 37.4967 -30.1094 -30.8963 37.2896 
-30.2235 -30.8982 37.13 -30.2793 -31.0085 36.9575 -30.3576 -31.1545 36.6979 
-30.0314 -28.6705 37.6967 -29.9971 -28.7211 37.7077 -29.9546 -28.7591 37.7202 
-29.9715 -28.8843 37.7532 -29.916 -29.0687 37.7774 -29.881 -29.3297 37.8025 
-29.8515 -29.6108 37.8192 -29.818 -29.8445 37.8296 -29.8634 -30.1181 37.7808 
-30.9189 -33.8901 35.3171 -30.7139 -33.011 35.3618 -30.7266 -33.2267 35.431 
-30.742 -33.4518 35.4981 -30.8083 -33.6804 35.453 -30.5951 -32.8155 35.5726 
-30.6303 -33.0241 35.5664 -30.4774 -32.6154 35.7982 -30.5275 -32.8415 35.739 
-30.4278 -31.9311 35.9773 -30.3979 -32.1898 35.9807 -30.3869 -32.5026 35.9954 
-30.3995 -31.6917 36.1739 -30.377 -31.4265 36.4239 -31.5574 -35.7952 34.9874 
-31.5756 -36.0565 34.8586 -31.5545 -35.9551 34.9803 -30.3864 -36.5545 33.3524 
-30.4229 -36.638 33.6427 -30.5781 -36.7736 33.8726 -30.7739 -36.8144 33.8461 
-30.9488 -36.816 34.093 -31.1378 -36.7393 34.314 -31.3069 -36.5916 34.5248 
-31.4474 -36.377 34.741 -31.5496 -36.1882 34.7764 -30.9307 -34.1998 35.43 
-31.4507 -35.6198 35.2404 -31.4778 -35.8658 35.1972 -31.3078 -35.2712 35.3937 
-31.3287 -35.4385 35.4714 -31.3844 -35.6602 35.4422 -30.9946 -34.435 35.4217 
-31.0181 -34.6548 35.5069 -31.0443 -34.8596 35.5976 -31.1101 -35.0655 35.6352 
-31.2291 -35.326 35.6078 -34.4247 -26.9783 37.7073 -33.7031 -26.8347 37.712 
-33.7601 -26.8204 37.708 -33.7741 -26.8174 37.7076 -33.9873 -26.7758 37.6931 
-34.1022 -26.7552 37.6965 -34.3608 -26.7178 37.7134 -34.6745 -26.9102 37.7295 
-34.9303 -26.8909 37.7493 -35.1851 -26.8719 37.7677 -35.4525 -26.856 37.7896 
-35.7362 -26.8419 37.8216 -36.0469 -26.8403 37.8717 -36.3461 -26.9092 37.8957 
-36.5261 -26.8929 37.9318 -36.6886 -26.9158 37.9335 -36.9127 -27.0035 37.8928 
-37.1878 -26.988 37.9149 -37.3678 -26.9424 37.9434 -37.569 -26.9489 37.927 
-37.8133 -26.9278 37.915 -38.0095 -26.8782 37.9064 -38.2416 -26.9159 37.8377 
-38.4832 -26.8327 37.7921 -38.6949 -26.7651 37.735 -38.8986 -26.708 37.6677 
-39.1064 -26.6479 37.5922 -39.3476 -26.6514 37.5171 -39.1693 -26.6355 37.5725 
-39.406 -26.6589 37.5075 -29.9013 -30.3685 37.7131 -29.8612 -30.5936 37.6798 
-29.822 -30.8784 37.6271 -29.9441 -31.0136 37.4387 -30.1496 -31.1058 37.0919 
-30.0199 -31.1685 37.2501 -30.2119 -31.2634 36.8707 -30.2632 -31.4388 36.642 
-29.8326 -28.868 37.7404 -29.7856 -28.9314 37.7466 -29.6401 -29.1032 37.7975 
-29.6317 -29.1322 37.8054 -29.5864 -29.4191 37.8742 -29.6401 -29.6967 37.8955 
-29.6569 -29.9433 37.8915 -29.6428 -30.1605 37.8856 -29.7058 -30.4056 37.823 
-30.8264 -33.9847 35.5396 -30.6423 -33.352 35.669 -30.7043 -33.5952 35.634 
-30.7233 -33.8264 35.6802 -30.542 -33.1288 35.8027 -30.4391 -32.7389 35.9106 
-30.4475 -32.9588 35.9511 -30.3361 -31.9591 36.186 -30.2887 -32.252 36.2201 
-30.2797 -32.5607 36.2358 -30.3606 -32.7744 36.0932 -30.2812 -31.7062 36.428 
-31.4989 -36.1503 34.9919 -30.3728 -36.5608 33.4776 -30.3581 -36.5673 33.6248 
-30.3327 -36.5778 33.7937 -30.4288 -36.6976 33.9243 -30.5208 -36.7868 34.1013 
-30.7203 -36.8632 34.1954 -30.9412 -36.8613 34.4328 -31.1416 -36.7408 34.6331 
-31.2936 -36.5751 34.8371 -31.3886 -36.385 35.0485 -30.8299 -34.2221 35.6299 
-30.8884 -34.497 35.6551 -31.4133 -36.1824 35.272 -31.3734 -35.9841 35.5304 
-31.2984 -35.5546 35.6217 -31.3078 -35.7736 35.7042 -30.9565 -34.7916 35.7105 
-31.0149 -34.9658 35.7313 -31.0279 -35.1107 35.8251 -31.0901 -35.3293 35.8839 
-31.2116 -35.5855 35.8249 -34.4264 -26.708 37.7145 -34.4553 -26.7045 37.7169 
-34.7413 -26.7163 37.7493 -34.9659 -26.669 37.7715 -35.2212 -26.6401 37.8 
-35.4842 -26.6033 37.8344 -35.7726 -26.5891 37.8856 -35.5067 -26.6004 37.8388 
-35.7978 -26.588 37.8899 -36.0145 -26.6269 37.9434 -36.2044 -26.721 37.9562 
-36.3935 -26.7758 37.9683 -36.5739 -26.7366 37.9959 -36.795 -26.8217 37.9798 
-37.0067 -26.8168 37.9866 -37.2204 -26.8346 37.9894 -37.3883 -26.7797 38.0026 
-37.6163 -26.748 37.996 -37.8424 -26.7178 37.9774 -38.0541 -26.6898 37.9376 
-38.26 -26.6336 37.8771 -38.4755 -26.6121 37.8048 -38.3314 -26.609 37.854 
-38.531 -26.6131 37.789 -38.6894 -26.616 37.7354 -38.89 -26.6214 37.6648 
-38.8048 -26.619 37.6976 -39.0846 -26.629 37.5985 -39.103 -26.6301 37.5902 
-29.6674 -30.7208 37.795 -29.7894 -31.1922 37.558 -29.6405 -31.016 37.7625 
-29.9105 -31.2287 37.3802 -30.0658 -31.4168 37.0265 -29.9532 -31.3578 37.2486 
-30.1673 -31.4797 36.7934 -30.197 -31.6227 36.6428 -29.6222 -29.1249 37.8022 
-29.6123 -29.1371 37.8075 -29.4643 -29.3305 37.86 -29.4029 -29.414 37.9134 
-29.3681 -29.4604 37.9322 -29.4277 -29.5792 37.9476 -29.4622 -29.8003 37.9582 
-29.4724 -30.0351 37.9578 -29.4811 -30.2829 37.9435 -29.4814 -30.5558 37.9257 
-30.742 -34.0851 35.7381 -30.5433 -33.3717 35.8829 -30.5981 -33.6614 35.8675 
-30.6541 -33.9471 35.8542 -30.4563 -33.2211 36.0129 -30.3595 -33.0446 36.1615 
-30.2378 -31.9917 36.3849 -30.1997 -32.1763 36.4131 -30.1975 -32.3869 36.4014 
-30.1971 -32.6088 36.4119 -30.2546 -32.8383 36.3296 -30.1751 -31.8295 36.5788 
-30.3203 -36.5823 33.8815 -30.3607 -36.6801 34.1652 -30.5349 -36.8433 34.3738 
-30.6833 -36.9296 34.4271 -30.7867 -36.9336 34.4422 -30.843 -36.9437 34.6146 
-30.983 -36.8606 34.7461 -31.1395 -36.7225 34.9384 -31.2708 -36.5617 35.1139 
-31.3309 -36.4128 35.2913 -30.7608 -34.3395 35.8067 -30.7792 -34.5566 35.8763 
-30.8401 -34.7682 35.8983 -31.3343 -36.267 35.5081 -31.306 -35.9768 35.7727 
-31.3095 -36.1525 35.722 -31.2178 -35.886 35.9495 -30.9363 -34.998 35.8984 
-30.9844 -35.1941 35.9732 -30.9596 -35.3767 36.1657 -31.0882 -35.6532 36.116 
-34.5517 -26.693 37.7288 -34.7352 -26.671 37.7436 -34.944 -26.6498 37.7667 
-34.9706 -26.647 37.7709 -35.204 -26.6255 37.7972 -35.2218 -26.6239 37.7993 
-35.4822 -26.6015 37.834 -35.4843 -26.6013 37.8344 -35.8429 -26.583 37.9061 
-35.9942 -26.5712 37.9465 -36.0682 -26.5876 37.9646 -36.1409 -26.597 37.9765 
-36.3207 -26.5808 38.0072 -36.4055 -26.5566 38.019 -36.5307 -26.5796 38.0245 
-36.7792 -26.6042 38.0316 -37.1177 -26.6147 38.0361 -37.2718 -26.582 38.039 
-37.392 -26.5856 38.0362 -37.4281 -26.5868 38.034 -37.631 -26.5935 38.0174 
-37.7137 -26.5958 38.0086 -37.8519 -26.6 37.988 -38.0505 -26.6032 37.9411 
-37.963 -26.6022 37.9654 -38.2274 -26.6069 37.8877 -38.2551 -26.6075 37.8759 
-29.4664 -30.8435 37.9158 -29.8532 -31.4148 37.3825 -29.7308 -31.4813 37.545 
-29.6176 -31.3064 37.7323 -29.4559 -31.1346 37.9075 -30.112 -31.6725 36.7881 
-30.0047 -31.7393 36.97 -29.9285 -31.5687 37.1887 -29.3152 -29.5381 37.9614 
-29.2674 -29.6791 37.992 -29.26 -29.6072 37.9821 -29.2813 -29.8919 38.0049 
-29.279 -30.1294 38.0095 -29.2728 -30.3888 38.0115 -29.2629 -30.6622 38.0194 
-30.6554 -34.186 35.9366 -30.4728 -33.4916 36.0617 -30.4877 -33.729 36.1019 
-30.5488 -33.9727 36.0599 -30.369 -33.327 36.2198 -30.268 -33.1441 36.3726 
-30.1606 -32.0345 36.5291 -30.1244 -32.2188 36.5714 -30.1046 -32.5068 36.6003 
-30.1534 -32.75 36.5201 -30.1663 -32.9825 36.5368 -30.0777 -31.9618 36.7345 
-30.3082 -36.5847 33.9514 -30.282 -36.5884 34.126 -30.2516 -36.5901 34.2902 
-30.346 -36.7245 34.4916 -30.6376 -36.9397 34.5856 -30.4938 -36.8599 34.6752 
-30.7394 -36.9656 34.5524 -30.7425 -36.9722 34.7017 -30.8474 -36.9409 34.819 
-30.9513 -36.8418 35.0363 -31.1413 -36.6652 35.2497 -31.2586 -36.543 35.2872 
-31.2412 -36.4911 35.4684 -30.6709 -34.4825 36.0331 -30.7397 -34.6857 36.0161 
-30.7579 -34.8408 36.0838 -30.8281 -34.9925 36.0796 -31.257 -36.3485 35.696 
-31.2623 -36.0856 35.8831 -31.2443 -36.2358 35.8578 -31.1071 -35.9603 36.2069 
-31.1706 -36.1686 36.0397 -30.9027 -35.1544 36.0833 -30.9697 -35.6164 36.3364 
-30.8614 -35.4881 36.4346 -30.8035 -35.2063 36.2966 -31.0167 -35.8285 36.3687 
-36.2303 -26.5678 37.9968 -36.285 -26.5441 38.005 -36.3238 -26.5425 38.0101 
-36.6821 -26.5751 38.0326 -36.7527 -26.5702 38.0327 -36.7905 -26.5704 38.0337 
-37.0794 -26.5763 38.0377 -37.122 -26.5772 38.0379 -29.2561 -30.9456 38.0382 
-29.8126 -31.6663 37.352 -29.6989 -31.7337 37.52 -29.603 -31.5789 37.6991 
-29.461 -31.4298 37.8842 -29.2546 -31.2515 38.0666 -29.9646 -31.999 36.9495 
-29.8924 -31.8304 37.1454 -29.2216 -29.6541 37.9895 -29.179 -29.7295 38.0035 
-29.1442 -29.7909 38.0108 -29.0988 -29.8584 38.0193 -29.083 -29.9648 38.0275 
-29.066 -30.2113 38.0442 -29.0419 -30.4715 38.065 -29.0267 -30.7442 38.1034 
-30.5562 -34.2815 36.1518 -30.3779 -33.6361 36.2863 -30.438 -33.8802 36.2392 
-30.4499 -34.1162 36.2867 -30.2765 -33.4205 36.4259 -30.1808 -33.2489 36.5689 
-30.0166 -32.2518 36.7933 -30.0027 -32.5194 36.8034 -30.0456 -32.8125 36.7432 
-30.0943 -33.1004 36.7011 -30.239 -36.5898 34.3601 -30.1865 -36.5909 34.6142 
-30.3137 -36.7418 34.8017 -30.6355 -36.9435 34.7966 -30.5078 -36.8626 35.016 
-30.7444 -36.9668 34.8484 -30.7998 -36.9327 34.9669 -30.7524 -36.8742 35.1708 
-30.9542 -36.7696 35.3528 -31.101 -36.6342 35.5194 -31.1761 -36.5033 35.6707 
-30.555 -34.5448 36.264 -30.6558 -34.768 36.2159 -30.7315 -34.9762 36.2303 
-31.1552 -36.4038 35.8802 -31.035 -36.0228 36.3901 -31.0534 -36.2026 36.2933 
-31.0685 -36.3837 36.1091 -30.8983 -35.7464 36.5505 -30.7231 -35.39 36.5871 
-30.7992 -35.6027 36.6345 -30.6172 -35.0606 36.4891 -30.9557 -35.9829 36.5371 
-29.0272 -31.022 38.1637 -29.772 -31.9802 37.3217 -29.6588 -31.9188 37.5349 
-29.6042 -31.7863 37.6547 -29.4803 -31.7393 37.8306 -29.3142 -31.5653 38.0305 
-29.072 -31.2308 38.1997 -29.1348 -31.4305 38.1863 -29.9248 -32.1795 36.9802 
-29.8789 -32.0417 37.1007 -29.048 -29.9318 38.02 -29.0105 -29.9943 38.0273 
-28.9491 -30.0968 38.0325 -28.871 -30.2567 38.0458 -28.8504 -30.295 38.0487 
-28.8094 -30.358 38.0625 -28.785 -30.5398 38.0955 -28.7564 -30.8127 38.1771 
-30.4603 -34.376 36.3561 -30.2736 -33.6566 36.4911 -30.3245 -33.9431 36.4695 
-30.3734 -34.2339 36.4637 -30.1868 -33.5081 36.6198 -30.0901 -33.3373 36.7619 
-29.9234 -32.3838 36.9579 -29.9255 -32.6435 36.9515 -29.9312 -32.8769 36.9616 
-29.9873 -33.1215 36.9041 -30.1844 -36.5905 34.6246 -30.1047 -36.5939 34.9478 
-30.2764 -36.7532 35.0649 -30.6889 -36.9364 34.9593 -30.334 -36.8061 35.3409 
-30.5763 -36.8493 35.3314 -30.7704 -36.7975 35.53 -30.9669 -36.7097 35.5938 
-31.0641 -36.5913 35.7454 -30.4659 -34.5782 36.43 -30.5283 -34.7638 36.4269 
-31.0177 -36.542 35.9652 -30.9918 -36.14 36.4731 -30.9548 -36.4354 36.2852 
-30.9649 -36.2833 36.4505 -30.9871 -36.5052 36.1207 -30.8036 -35.7592 36.7328 
-30.8435 -35.9642 36.7371 -30.5575 -35.3431 36.8169 -30.695 -35.6411 36.8329 
-30.4598 -34.9059 36.6294 -30.4896 -35.1092 36.7263 -30.8964 -36.2003 36.6229 
-28.8294 -31.0231 38.2459 -28.9405 -31.1475 38.2514 -29.8444 -32.2277 37.1275 
-29.7402 -32.3025 37.3076 -29.6469 -32.1349 37.5013 -29.5616 -31.969 37.6765 
-29.4441 -32.0067 37.8415 -29.3327 -31.8466 38.0021 -29.17 -31.7001 38.1743 
-28.9536 -31.3101 38.2862 -28.9833 -31.5364 38.3111 -28.7233 -30.493 38.0748 
-28.6861 -30.5658 38.0994 -28.6281 -30.6868 38.1337 -28.5665 -30.7938 38.1786 
-28.5226 -30.8755 38.224 -28.6129 -30.9821 38.2743 -30.3674 -34.485 36.5664 
-30.2009 -33.773 36.658 -30.2144 -34.0019 36.6907 -30.2692 -34.2368 36.6571 
-30.0968 -33.6132 36.8155 -29.992 -33.4339 36.9665 -29.8294 -32.4864 37.1277 
-29.8218 -32.7857 37.1468 -29.8763 -33.0247 37.0827 -29.8804 -33.2706 37.1275 
-30.1023 -36.5936 34.9578 -30.1439 -36.7035 35.2229 -30.0898 -36.7368 35.4697 
-30.2435 -36.8162 35.6982 -30.5144 -36.8225 35.6055 -30.6947 -36.7598 35.848 
-30.9042 -36.6838 35.7992 -30.4268 -34.7017 36.5605 -30.8632 -36.6184 36.083 
-30.8711 -36.4141 36.5102 -30.7962 -36.5805 36.3514 -30.759 -35.8548 36.8627 
-30.7593 -36.0095 36.9155 -30.7794 -36.2039 36.8553 -30.437 -35.1978 36.8858 
-30.4093 -35.3544 37.0873 -30.5372 -35.6382 37.1075 -30.6658 -35.9095 37.0459 
-30.3236 -34.7527 36.7737 -30.3886 -35.0192 36.8252 -30.7957 -36.3939 36.7051 
-28.7754 -31.1637 38.3163 -29.7231 -32.5813 37.3099 -29.6257 -32.4134 37.4884 
-29.5153 -32.2375 37.6951 -29.4042 -32.1935 37.8705 -29.3423 -32.0622 37.9728 
-29.2013 -32.0143 38.1414 -28.997 -31.8189 38.3352 -28.7575 -31.3729 38.397 
-28.8272 -31.6083 38.4326 -28.4696 -30.9717 38.2785 -28.4202 -31.0627 38.3308 
-28.5155 -31.1745 38.3843 -30.2647 -34.4888 36.7546 -30.1092 -33.9142 36.8676 
-30.1704 -34.1376 36.8112 -30.1775 -34.3502 36.8657 -29.9998 -33.716 37.0227 
-29.8952 -33.5536 37.1723 -29.7087 -32.8177 37.3399 -29.761 -33.0747 37.291 
-29.7691 -33.4252 37.3594 -30.0986 -36.5941 34.9685 -29.9865 -36.6072 35.2812 
-29.9683 -36.6093 35.3329 -29.8791 -36.675 35.5936 -30.0183 -36.7733 35.6935 
-30.0209 -36.8283 35.9574 -30.2736 -36.8386 35.9657 -30.4622 -36.8129 35.8974 
-30.6244 -36.7333 36.1654 -30.7513 -36.5441 36.5776 -30.6537 -36.6667 36.4416 
-30.7119 -36.1174 37.0199 -30.6882 -36.4436 36.8768 -30.6915 -36.2774 37.0249 
-30.3538 -35.1453 36.9879 -30.4179 -35.5632 37.28 -30.3121 -35.4226 37.3549 
-30.264 -35.161 37.1866 -30.4644 -35.7298 37.3414 -30.5382 -35.928 37.3182 
-30.6193 -36.1784 37.2016 -30.1961 -34.6005 36.9315 -30.2212 -34.8059 36.9875 
-30.2879 -34.9754 36.9752 -30.7213 -36.5132 36.7205 -29.6166 -32.6899 37.487 
-29.5112 -32.5437 37.6635 -29.4001 -32.4118 37.8483 -29.301 -32.2559 38.0064 
-29.1723 -32.2983 38.1685 -29.041 -32.1255 38.3103 -28.8245 -31.7796 38.4684 
-28.8646 -31.9874 38.4545 -28.5518 -31.3533 38.4721 -28.642 -31.507 38.5008 
-28.704 -31.6677 38.5179 -28.373 -31.1542 38.3847 -28.3072 -31.2529 38.4552 
-28.3519 -31.3049 38.4847 -29.998 -33.9794 37.0972 -30.0857 -34.1787 36.9872 
-30.0893 -34.4442 37.0747 -29.9069 -33.8104 37.221 -29.8205 -33.6792 37.3409 
-29.6253 -32.9636 37.495 -29.6484 -33.2462 37.514 -29.6618 -33.4758 37.554 
-29.7163 -33.6938 37.5288 -29.9054 -36.6318 35.4627 -29.8501 -36.6474 35.5878 
-29.7989 -36.6681 35.6785 -29.8735 -36.7524 35.7873 -29.7746 -36.772 35.944 
-29.7483 -36.8489 36.2012 -30.018 -36.8778 36.2549 -30.2278 -36.8487 36.1888 
-30.4102 -36.8169 36.1206 -30.4452 -36.7784 36.4053 -30.6052 -36.6317 36.6852 
-30.6066 -36.4195 37.1148 -30.5384 -36.6076 36.964 -30.3675 -35.6748 37.4984 
-30.1819 -35.2695 37.4763 -30.2456 -35.5168 37.6041 -30.1305 -35.0057 37.3321 
-30.2 -34.9406 37.1229 -30.4506 -35.8501 37.4769 -30.4746 -36.0003 37.524 
-30.5159 -36.1857 37.4712 -30.5396 -36.3867 37.343 -30.1178 -34.7389 37.1629 
-29.5104 -32.8282 37.6658 -29.3987 -32.6873 37.8355 -29.2584 -32.5583 38.0481 
-29.1356 -32.4822 38.2114 -29.0609 -32.35 38.2963 -28.9002 -32.2863 38.4428 
-28.6828 -31.8373 38.5495 -28.6871 -32.0891 38.5725 -28.4684 -31.4466 38.5332 
-28.5021 -31.6369 38.5772 -28.2813 -31.3042 38.4863 -28.2271 -31.4275 38.5464 
-28.275 -31.472 38.5662 -29.9128 -34.0213 37.2711 -29.976 -34.243 37.2222 
-29.9973 -34.5443 37.3055 -29.8148 -33.9285 37.4271 -29.5126 -33.1346 37.7075 
-29.5632 -33.4169 37.7003 -29.6128 -33.6128 37.6796 -29.7125 -33.9412 37.6183 
-29.6231 -33.8184 37.7328 -29.7427 -36.6852 35.791 -29.7166 -36.6933 35.8387 
-29.6176 -36.7321 36.0066 -29.5878 -36.7388 36.0604 -29.4301 -36.8098 36.2861 
-29.5696 -36.9304 36.5012 -29.9009 -36.9304 36.5051 -30.1822 -36.8695 36.472 
-30.3645 -36.7838 36.7743 -30.4932 -36.5753 37.2219 -30.4026 -36.7223 37.0765 
-30.2873 -35.7321 37.7369 -30.3884 -35.9221 37.6656 -30.0292 -35.1054 37.6511 
-30.1316 -35.4146 37.7489 -30.2035 -35.6067 37.8013 -30.017 -34.8154 37.4277 
-30.4465 -36.1113 37.6388 -30.4842 -36.3791 37.5276 -30.4397 -36.2884 37.668 
-30.446 -36.5362 37.4602 -29.4023 -32.9554 37.8485 -29.308 -32.8284 37.9817 
-29.1393 -32.6437 38.2093 -29.1876 -32.851 38.1605 -29.0209 -32.5506 38.3448 
-28.8659 -32.5271 38.4949 -28.7054 -32.3658 38.5965 -28.4659 -31.8894 38.6396 
-28.4568 -32.177 38.7001 -28.2403 -31.6864 38.6427 -28.2022 -31.4793 38.5715 
-28.1503 -31.6198 38.6227 -29.8706 -34.1566 37.396 -29.889 -34.383 37.4484 
-29.9138 -34.6432 37.5306 -29.7659 -34.2202 37.6254 -29.3975 -33.1701 37.8941 
-29.4454 -33.3708 37.8753 -29.4991 -33.675 37.8928 -29.6444 -34.0653 37.7887 
-29.5537 -33.9442 37.9032 -29.4178 -36.8144 36.3042 -29.3512 -36.8889 36.4821 
-29.5411 -37.0045 36.723 -29.3031 -36.9552 36.6907 -29.7392 -36.999 36.6966 
-29.9201 -36.9837 36.7404 -30.1024 -36.9163 36.7452 -30.2064 -36.8655 37.078 
-30.349 -36.7128 37.3295 -30.2238 -35.7497 37.9035 -30.2861 -35.942 37.9115 
-30.3704 -36.149 37.8094 -29.9383 -34.8595 37.6262 -29.9139 -34.9817 37.7832 
-29.9393 -35.1484 37.8895 -30.0126 -35.3712 37.9672 -30.1315 -35.6432 37.9945 
-30.417 -36.4601 37.6407 -30.3368 -36.4116 37.8485 -30.3123 -36.6394 37.6449 
-29.2873 -33.0846 38.0493 -29.0727 -32.7614 38.3002 -29.1637 -33.0957 38.2332 
-29.0635 -32.9605 38.3387 -28.9288 -32.7778 38.4636 -28.7373 -32.6337 38.6146 
-28.5398 -32.4706 38.7185 -28.1926 -31.9366 38.7265 -28.2366 -32.1553 38.7846 
-28.3283 -32.3427 38.7979 -28.1123 -31.7049 38.6625 -28.0724 -31.7973 38.696 
-29.8236 -34.5042 37.6416 -29.8387 -34.7655 37.776 -29.6598 -34.2861 37.8565 
-29.7238 -34.5239 37.86 -29.3396 -33.3057 38.0213 -29.3591 -33.528 38.0651 
-29.3846 -33.7522 38.112 -29.4473 -33.9734 38.1018 -29.5545 -34.2045 38.0174 
-29.3967 -36.8237 36.3306 -29.2798 -36.8649 36.4851 -29.4435 -37.032 36.867 
-29.6472 -37.0482 36.9153 -29.2145 -36.8798 36.5803 -29.1285 -36.9087 36.6913 
-29.2845 -37.0228 36.9321 -29.0439 -36.9577 36.9213 -29.8325 -37.0243 36.8618 
-29.9916 -36.9829 36.9441 -30.0027 -36.9807 37.2213 -30.1543 -36.858 37.4668 
-30.2021 -35.8452 38.0367 -30.2221 -36.0026 38.1021 -30.2701 -36.2042 38.0515 
-29.8432 -35.0483 38.0087 -29.9142 -35.2573 38.0633 -29.9402 -35.4206 38.1826 
-30.0128 -35.6411 38.2433 -30.1282 -35.9054 38.2227 -30.2249 -36.628 37.9362 
-30.2338 -36.4578 38.1009 -30.1619 -36.783 37.772 -29.2038 -33.3713 38.2496 
-29.0605 -33.1889 38.3927 -28.9408 -33.0521 38.502 -28.7577 -32.9152 38.651 
-28.5828 -32.7147 38.742 -28.3881 -32.5743 38.8217 -28.0275 -31.9038 38.737 
-27.9835 -32.01 38.7873 -28.0364 -32.0851 38.8107 -28.1496 -32.2514 38.8384 
-28.1686 -32.4333 38.8753 -29.7382 -34.8195 38.0348 -29.6167 -34.4343 38.0169 
-29.6387 -34.6587 38.1159 -29.2731 -33.6923 38.2664 -29.3358 -33.8962 38.254 
-29.4492 -34.2355 38.2236 -29.3468 -34.117 38.3399 -29.5128 -34.511 38.2658 
-29.4466 -37.0721 37.1207 -29.6721 -37.0756 37.1403 -29.832 -37.0422 37.0618 
-29.0719 -36.918 36.7698 -29.2077 -37.0406 37.1008 -29.0058 -36.9218 36.867 
-28.9602 -36.9303 36.9256 -29.0506 -37.0213 37.1971 -28.8174 -36.9499 37.1857 
-29.8037 -37.0567 37.3296 -29.9696 -36.9879 37.4668 -29.9914 -36.9308 37.7358 
-30.1891 -36.1215 38.2229 -30.179 -36.3234 38.2658 -29.7314 -35.0705 38.2712 
-29.8445 -35.3215 38.2827 -29.9173 -35.5353 38.3506 -29.9396 -35.7069 38.4588 
-30.0017 -35.9318 38.48 -30.0976 -36.1658 38.3969 -30.0593 -36.7855 38.0362 
-30.1583 -36.6194 38.1432 -30.1503 -36.5105 38.2696 -28.9987 -33.3949 38.5317 
-29.1231 -33.6513 38.4713 -28.9646 -33.2182 38.5188 -28.8355 -33.2035 38.6535 
-28.584 -32.8917 38.7832 -28.6485 -33.0789 38.7844 -28.4514 -32.7701 38.8357 
-28.2268 -32.7032 38.9225 -27.9565 -32.0778 38.8152 -27.9088 -32.2003 38.8615 
-27.9628 -32.2591 38.8769 -27.9386 -32.484 38.9461 -29.6657 -34.8664 38.2197 
-29.5831 -34.8075 38.3411 -29.2136 -33.9438 38.4706 -29.3804 -34.3765 38.4201 
-29.2396 -34.272 38.599 -29.4107 -34.5836 38.4954 -29.4687 -34.7893 38.5469 
-29.243 -37.0727 37.3603 -29.4699 -37.0951 37.3903 -29.6104 -37.0903 37.304 
-28.8107 -36.9335 37.132 -28.986 -37.0309 37.4393 -28.7868 -36.9332 37.165 
-28.7525 -36.9302 37.2125 -28.7494 -36.9698 37.5045 -29.8463 -37.0322 37.5785 
-29.6446 -37.0805 37.553 -29.7822 -37.023 37.7984 -29.8883 -36.9325 37.993 
-30.0583 -36.4481 38.4537 -29.6428 -34.9823 38.369 -29.6625 -35.1315 38.4729 
-29.725 -35.3363 38.5424 -29.837 -35.6055 38.5616 -29.9046 -35.8338 38.6131 
-29.91 -36.024 38.6927 -29.9658 -36.2482 38.6382 -30.0492 -36.6572 38.3006 
-29.846 -36.8462 38.2908 -28.9745 -33.6259 38.6564 -28.7891 -33.4552 38.7895 
-29.0438 -33.8498 38.6708 -28.7053 -33.2485 38.7909 -28.4487 -32.9452 38.8824 
-28.5224 -33.2226 38.9259 -27.9418 -32.7418 39.038 -28.2295 -32.9763 39.0124 
-27.8862 -32.2628 38.885 -27.8401 -32.3959 38.9288 -27.8051 -32.504 38.9727 
-27.77 -32.6235 39.0207 -29.5711 -35.0366 38.5672 -29.1006 -34.1042 38.7202 
-29.3121 -34.5312 38.6333 -29.1236 -34.3035 38.7979 -29.1695 -34.5003 38.8476 
-29.3731 -34.6987 38.6434 -29.3818 -34.8383 38.7411 -29.4386 -35.0335 38.8137 
-29.17 -37.0734 37.6641 -29.4055 -37.0915 37.6186 -28.9441 -37.033 37.7299 
-28.6402 -36.9121 37.3737 -28.5237 -36.8942 37.5834 -28.7334 -36.9734 37.8164 
-29.5677 -37.067 37.8398 -29.7099 -36.9958 38.0549 -29.9371 -36.6592 38.5139 
-29.9333 -36.513 38.6639 -29.6352 -35.2329 38.6298 -29.6473 -35.3865 38.7478 
-29.6955 -35.6132 38.823 -29.7989 -35.9046 38.8114 -29.8313 -36.1934 38.8425 
-29.8449 -36.4258 38.812 -29.6301 -36.9681 38.2555 -29.6176 -36.8867 38.4674 
-29.7839 -36.7614 38.5886 -28.8828 -33.7412 38.8228 -28.7416 -33.6489 38.933 
-28.595 -33.4905 38.989 -28.9256 -33.9945 38.897 -28.3029 -33.1891 39.0624 
-28.4151 -33.3501 39.062 -27.7385 -32.7359 39.0916 -27.7335 -32.756 39.1033 
-27.8475 -32.8641 39.1271 -28.0138 -32.9421 39.1021 -28.1337 -33.0911 39.113 
-29.5541 -35.2717 38.8215 -29.0152 -34.2256 38.9081 -29.2822 -34.7324 38.8294 
-29.0596 -34.3842 38.9392 -28.9929 -34.5163 39.1149 -29.1391 -34.7214 39.0546 
-29.3334 -34.9184 38.8968 -29.304 -35.0822 39.0928 -29.4312 -35.2802 39.0458 
-29.1311 -37.0618 37.9301 -29.3433 -37.0778 37.8846 -28.9485 -37.0229 38.0069 
-28.5325 -36.8904 37.5259 -28.5076 -36.8834 37.5625 -28.4831 -36.8772 37.5975 
-28.5153 -36.9007 37.9005 -28.7849 -36.9571 38.1682 -29.5004 -37.0403 38.0884 
-29.868 -36.6525 38.6761 -29.8422 -36.5826 38.7709 -29.6019 -35.4787 38.9088 
-29.56 -35.6748 39.0951 -29.6505 -35.909 39.041 -29.7043 -36.1464 39.0135 
-29.698 -36.383 38.9819 -29.7228 -36.5812 38.8569 -29.4406 -36.9903 38.3097 
-29.3663 -36.9054 38.5343 -29.5871 -36.7552 38.731 -29.7735 -36.6804 38.7443 
-28.7717 -33.823 38.989 -28.6264 -33.6925 39.0638 -28.4312 -33.5315 39.1367 
-28.7301 -33.9793 39.1107 -28.8718 -34.1816 39.0664 -28.1961 -33.2964 39.1708 
-27.7023 -32.8791 39.1659 -27.9188 -33.0617 39.1883 -27.6964 -32.9034 39.1768 
-29.5189 -35.4475 39.0299 -28.9589 -34.3383 39.049 -29.2411 -34.8835 39.0239 
-28.9921 -34.7224 39.2719 -28.77 -34.5555 39.4289 -28.8121 -34.3412 39.2319 
-29.1239 -34.9385 39.2595 -29.3224 -35.3083 39.2497 -29.1976 -35.192 39.3598 
-29.4104 -35.5309 39.2518 -29.1177 -37.0401 38.1295 -29.2909 -37.0491 38.12 
-29.0197 -37.0024 38.2287 -28.3838 -36.8394 37.7465 -28.2953 -36.8227 37.9678 
-28.5178 -36.889 38.2205 -28.7567 -36.901 38.4886 -29.051 -36.9281 38.4798 
-29.5387 -35.9291 39.2195 -29.4429 -35.8166 39.3269 -29.5499 -36.1789 39.2048 
-29.636 -36.2843 39.1009 -29.5502 -36.4035 39.1327 -29.5198 -36.5883 38.9851 
-29.2145 -37 38.3124 -29.2599 -36.782 38.8176 -28.6667 -33.8288 39.0978 
-28.4992 -33.7862 39.2173 -28.2153 -33.5449 39.2881 -28.7317 -34.1575 39.2119 
-28.5735 -34.0238 39.2891 -27.9353 -33.3083 39.3052 -27.655 -33.0938 39.2794 
-27.6543 -33.0974 39.2814 -28.903 -34.8515 39.504 -28.6775 -34.3645 39.3977 
-28.7213 -34.7173 39.6247 -28.5341 -34.5717 39.7064 -28.4766 -34.3171 39.5639 
-28.6215 -34.2182 39.3601 -29.0461 -35.0883 39.5072 -29.2287 -35.4507 39.4766 
-29.1128 -35.274 39.55 -29.3033 -35.739 39.4847 -28.2994 -36.8168 37.8694 
-28.2612 -36.8024 37.9274 -28.2161 -36.7896 37.997 -28.2955 -36.8228 38.2707 
-28.514 -36.8604 38.5199 -28.7381 -36.8406 38.7694 -28.9602 -36.8514 38.7318 
-29.4387 -36.0603 39.3624 -29.3425 -35.964 39.4747 -29.4108 -36.2458 39.3644 
-29.3896 -36.4179 39.2739 -29.4502 -36.5166 39.1424 -29.3074 -36.6124 39.1082 
-28.9949 -36.7318 39.0475 -28.2866 -33.7435 39.3574 -28.3951 -33.8946 39.3648 
-28.0054 -33.4998 39.3852 -28.1202 -33.6443 39.4062 -28.4068 -34.0627 39.4547 
-27.7191 -33.2838 39.372 -27.8445 -33.4154 39.4077 -27.6533 -33.1028 39.2851 
-28.7321 -34.8654 39.7302 -28.8915 -35.0484 39.681 -28.6416 -34.7278 39.7275 
-28.3849 -34.4046 39.7224 -28.5624 -34.7514 39.819 -28.3836 -34.635 39.8812 
-28.3039 -34.4592 39.827 -28.214 -34.2735 39.7605 -28.1621 -34.0651 39.6404 
-29.0008 -35.2131 39.6616 -29.0433 -35.4218 39.71 -29.1387 -35.686 39.6716 
-29.1855 -35.9828 39.6331 -28.1538 -36.7636 38.1003 -28.1032 -36.7453 38.3304 
-28.304 -36.8084 38.5597 -28.5115 -36.823 38.7888 -28.7037 -36.7888 38.9863 
-29.2836 -36.2122 39.4925 -29.3424 -36.3315 39.4038 -29.2475 -36.4195 39.4146 
-29.1891 -36.5612 39.2826 -29.0128 -36.5964 39.3419 -28.764 -36.701 39.2308 
-28.1698 -33.8343 39.4841 -27.9013 -33.6028 39.4865 -27.6238 -33.2592 39.3743 
-27.609 -33.3446 39.4256 -27.6667 -33.4157 39.4563 -28.7585 -35.0349 39.8196 
-28.6086 -34.9183 39.8829 -28.8624 -35.2294 39.8194 -28.4524 -34.7945 39.929 
-28.2005 -34.5283 39.9344 -28.238 -34.7277 40.0047 -28.0997 -34.3651 39.8961 
-28.0673 -34.1336 39.7632 -27.9944 -34.1964 39.8458 -27.8969 -34.0227 39.767 
-27.8829 -33.8282 39.6356 -28.997 -35.6312 39.8225 -28.8781 -35.4651 39.893 
-28.9927 -35.8814 39.822 -29.1289 -36.2245 39.6292 -29.0143 -36.1464 39.7427 
-28.1029 -36.7438 38.1939 -28.061 -36.7204 38.2746 -28.0175 -36.6971 38.3707 
-28.1283 -36.7393 38.625 -28.3221 -36.7846 38.8177 -28.5131 -36.7697 39.0422 
-29.0854 -36.4221 39.5209 -29.1415 -36.5124 39.4077 -28.8652 -36.5637 39.4618 
-28.5658 -36.7077 39.2481 -28.6745 -36.6363 39.3899 -27.6148 -33.6182 39.58 
-27.5977 -33.4109 39.4603 -27.5716 -33.568 39.5549 -28.6607 -35.1133 39.9353 
-28.4526 -34.9593 39.9981 -28.7309 -35.3088 39.9589 -27.9783 -34.4911 40.001 
-27.9649 -34.7495 40.0956 -28.2217 -34.9896 40.098 -27.9145 -34.2909 39.9346 
-27.7817 -34.1432 39.8839 -27.767 -33.8935 39.7334 -27.6289 -33.9557 39.7921 
-27.6666 -33.8034 39.6958 -28.8563 -35.693 39.943 -28.6932 -35.5013 40.0198 
-28.8223 -35.8924 39.9525 -28.8197 -36.1056 39.8683 -29.0127 -36.3199 39.6646 
-28.8587 -36.3167 39.7254 -27.9795 -36.6707 38.4652 -27.9819 -36.6446 38.7699 
-28.187 -36.732 38.864 -28.3254 -36.751 39.0011 -28.4137 -36.7217 39.1577 
-28.9143 -36.4374 39.6085 -28.6981 -36.4996 39.575 -28.4589 -36.6281 39.3577 
-27.565 -33.6105 39.5776 -27.5561 -33.6726 39.6181 -27.5407 -33.7831 39.6897 
-28.4984 -35.2381 40.0579 -27.7327 -34.3155 39.979 -27.7118 -34.5409 40.0634 
-27.6956 -34.7959 40.1425 -27.9415 -35.0242 40.1741 -28.2008 -35.2846 40.1668 
-27.5424 -34.1489 39.9056 -27.5299 -33.8509 39.7323 -27.5124 -33.9674 39.7902 
-27.4886 -34.1093 39.8767 -28.6508 -35.7676 40.047 -28.4506 -35.5296 40.1221 
-28.6982 -35.984 39.9885 -28.6181 -36.1338 39.9339 -28.6148 -36.3212 39.7775 
-27.9511 -36.6465 38.5579 -27.9104 -36.6087 38.6872 -27.8785 -36.5882 38.7956 
-27.969 -36.5811 39.0764 -28.2138 -36.6735 39.0915 -28.4419 -36.4914 39.584 
-28.1911 -36.5588 39.3708 -27.4935 -34.3603 39.9974 -27.4299 -34.6207 40.0739 
-27.4771 -34.8682 40.1515 -27.6597 -35.0559 40.2056 -27.8823 -35.3319 40.2428 
-28.1457 -35.6246 40.2074 -27.4794 -34.1673 39.9059 -27.4569 -34.3269 39.9771 
-28.4184 -35.7596 40.1301 -28.4837 -35.9812 40.0438 -28.3868 -36.2254 39.8945 
-28.3888 -36.388 39.7329 -27.8511 -36.5492 38.9319 -27.821 -36.5197 39.0866 
-27.9349 -36.5135 39.2987 -28.2601 -36.4675 39.6005 -28.0614 -36.4639 39.5222 
-27.4149 -34.603 40.0646 -27.4522 -34.3691 39.9916 -27.4135 -34.6204 40.0696 
-27.4136 -34.6397 40.0746 -27.43 -34.8647 40.1379 -27.4367 -34.9696 40.1654 
-27.4461 -35.0784 40.1861 -27.4551 -35.1619 40.2065 -27.5693 -35.3006 40.2517 
-27.7054 -35.5071 40.2966 -27.8996 -35.5735 40.2812 -27.9372 -35.727 40.2649 
-27.9886 -35.915 40.1697 -28.2679 -35.8752 40.1373 -28.2156 -36.0677 40.0422 
-28.192 -36.3688 39.727 -28.0963 -36.2383 39.8814 -27.8137 -36.503 39.1435 
-27.7964 -36.4701 39.2779 -27.8697 -36.4458 39.432 -27.9148 -36.3557 39.6493 
-27.476 -35.3183 40.2364 -27.5226 -35.4122 40.2682 -27.5501 -35.5126 40.2875 
-27.529 -35.5745 40.295 -27.5959 -35.6547 40.3106 -27.7677 -35.6885 40.304 
-27.8159 -35.8265 40.2679 -27.737 -35.942 40.2151 -27.7061 -36.0902 40.0569 
-27.9783 -36.1176 40.0197 -27.8323 -36.2273 39.8679 -27.794 -36.4595 39.3075 
-27.786 -36.4158 39.4139 -27.7805 -36.3682 39.5017 -27.7757 -36.3191 39.6552 
-27.5229 -35.6814 40.3008 -27.5952 -35.7466 40.2994 -27.6548 -35.7854 40.2939 
-27.6707 -35.8335 40.2814 -27.6645 -35.8886 40.2524 -27.6749 -36.073 40.0835 
-27.6395 -35.9711 40.2057 -27.682 -36.0989 40.0441 -27.6767 -36.0888 40.0538 
-27.6902 -36.1096 40.0247 -27.7343 -36.2175 39.8675 -27.7504 -36.2563 39.7693 

POLYGONS 8712 34848
3 0 1 2 
3 6 3 2 
3 6 2 7 
3 3 0 2 
3 6 7 13 
3 13 7 14 
3 9 17 10 
3 1 4 5 
3 5 2 1 
3 4 9 10 
3 10 5 4 
3 7 2 8 
3 8 2 5 
3 15 14 7 
3 8 15 7 
3 41 42 28 
3 17 27 18 
3 18 10 17 
3 27 41 28 
3 28 18 27 
3 5 10 11 
3 11 10 18 
3 8 5 12 
3 12 5 11 
3 16 15 8 
3 12 16 8 
3 83 84 61 
3 42 60 43 
3 43 28 42 
3 60 83 61 
3 61 43 60 
3 18 28 29 
3 29 28 43 
3 11 18 19 
3 19 18 29 
3 20 21 12 
3 20 12 19 
3 19 12 11 
3 16 12 21 
3 119 120 90 
3 120 151 121 
3 120 121 90 
3 84 89 65 
3 65 61 84 
3 89 119 90 
3 90 65 89 
3 43 61 46 
3 46 61 65 
3 29 43 32 
3 32 43 46 
3 30 31 19 
3 30 19 32 
3 32 19 29 
3 20 19 31 
3 90 121 91 
3 65 90 91 
3 66 65 91 
3 46 65 66 
3 47 46 66 
3 32 46 47 
3 44 32 47 
3 30 32 44 
3 336 335 286 
3 335 285 286 
3 389 337 338 
3 337 336 286 
3 286 338 337 
3 441 390 391 
3 390 389 338 
3 338 391 390 
3 498 442 443 
3 442 441 391 
3 442 391 443 
3 156 124 125 
3 191 157 158 
3 157 156 125 
3 125 158 157 
3 234 192 193 
3 192 191 158 
3 158 193 192 
3 242 235 198 
3 235 234 193 
3 193 198 235 
3 285 243 244 
3 244 286 285 
3 243 242 198 
3 198 244 243 
3 338 286 287 
3 287 286 244 
3 391 338 339 
3 339 338 287 
3 392 443 391 
3 339 392 391 
3 51 50 35 
3 50 34 35 
3 70 52 53 
3 52 51 35 
3 35 53 52 
3 95 71 72 
3 71 70 53 
3 53 72 71 
3 124 96 97 
3 97 125 124 
3 96 95 72 
3 72 97 96 
3 158 125 126 
3 126 125 97 
3 193 158 159 
3 159 158 126 
3 198 193 161 
3 161 193 159 
3 244 198 199 
3 199 198 161 
3 287 244 245 
3 245 244 199 
3 339 287 288 
3 288 287 245 
3 340 392 339 
3 288 340 339 
3 22 13 14 
3 23 22 14 
3 23 14 24 
3 34 23 24 
3 34 24 35 
3 53 35 36 
3 36 35 24 
3 72 53 54 
3 54 53 36 
3 97 72 73 
3 73 72 54 
3 126 97 98 
3 98 97 73 
3 159 126 127 
3 127 126 98 
3 160 194 161 
3 160 161 127 
3 127 161 159 
3 199 161 194 
3 236 199 194 
3 245 199 236 
3 278 245 236 
3 288 245 278 
3 326 288 278 
3 340 288 326 
3 24 15 25 
3 14 15 24 
3 36 24 37 
3 37 24 25 
3 54 36 55 
3 55 36 37 
3 73 54 74 
3 74 54 55 
3 99 128 98 
3 99 98 74 
3 74 98 73 
3 127 98 128 
3 162 127 128 
3 160 127 162 
3 25 16 26 
3 15 16 25 
3 37 25 38 
3 38 25 26 
3 55 37 56 
3 56 37 38 
3 75 100 74 
3 75 74 56 
3 56 74 55 
3 99 74 100 
3 21 20 33 
3 21 26 16 
3 21 33 26 
3 33 39 26 
3 38 26 40 
3 40 26 39 
3 57 76 56 
3 57 56 40 
3 40 56 38 
3 75 56 76 
3 151 152 121 
3 31 30 45 
3 31 33 20 
3 31 45 33 
3 45 48 33 
3 39 33 49 
3 49 33 48 
3 58 59 40 
3 58 40 49 
3 49 40 39 
3 57 40 59 
3 121 122 91 
3 152 153 122 
3 122 121 152 
3 153 154 122 
3 91 92 66 
3 122 92 91 
3 66 67 47 
3 92 67 66 
3 47 62 44 
3 67 62 47 
3 44 45 30 
3 44 62 45 
3 62 63 45 
3 48 45 64 
3 64 45 63 
3 68 69 49 
3 68 49 64 
3 64 49 48 
3 58 49 69 
3 231 232 190 
3 232 233 190 
3 154 189 155 
3 155 122 154 
3 189 231 190 
3 190 155 189 
3 92 122 123 
3 123 122 155 
3 67 92 93 
3 93 92 123 
3 62 67 85 
3 85 67 93 
3 86 87 63 
3 86 63 85 
3 85 63 62 
3 64 63 87 
3 88 64 87 
3 68 64 88 
3 314 315 269 
3 315 316 269 
3 233 268 222 
3 222 190 233 
3 268 314 269 
3 269 222 268 
3 155 190 181 
3 181 190 222 
3 123 155 145 
3 145 155 181 
3 93 123 113 
3 113 123 145 
3 111 112 85 
3 111 85 113 
3 113 85 93 
3 86 85 112 
3 368 369 318 
3 369 370 318 
3 316 317 270 
3 270 269 316 
3 317 368 318 
3 318 270 317 
3 222 269 224 
3 224 269 270 
3 181 222 183 
3 183 222 224 
3 182 146 145 
3 182 145 183 
3 183 145 181 
3 113 145 146 
3 141 113 146 
3 111 113 141 
3 370 371 319 
3 319 318 370 
3 371 372 319 
3 270 318 272 
3 272 318 319 
3 224 270 226 
3 226 270 272 
3 225 223 183 
3 225 183 226 
3 226 183 224 
3 182 183 223 
3 479 425 424 
3 424 425 374 
3 426 424 374 
3 423 426 374 
3 372 373 321 
3 321 319 372 
3 373 423 374 
3 374 321 373 
3 272 319 274 
3 274 319 321 
3 273 271 226 
3 273 226 274 
3 274 226 272 
3 225 226 271 
3 374 425 375 
3 321 374 375 
3 322 321 375 
3 274 321 322 
3 320 274 322 
3 273 274 320 
3 499 443 500 
3 500 443 444 
3 499 498 443 
3 558 501 502 
3 501 500 444 
3 444 502 501 
3 619 559 560 
3 559 558 502 
3 559 502 560 
3 444 392 393 
3 443 392 444 
3 502 444 445 
3 445 444 393 
3 503 560 502 
3 445 503 502 
3 393 340 380 
3 392 340 393 
3 445 393 432 
3 432 393 380 
3 487 503 445 
3 432 487 445 
3 194 160 195 
3 194 237 236 
3 195 237 194 
3 236 279 278 
3 237 279 236 
3 278 327 326 
3 279 327 278 
3 326 380 340 
3 326 327 380 
3 327 381 380 
3 433 488 432 
3 433 432 381 
3 381 432 380 
3 487 432 488 
3 128 99 129 
3 128 163 162 
3 129 163 128 
3 162 163 196 
3 160 162 196 
3 160 196 197 
3 160 197 195 
3 237 195 197 
3 240 237 197 
3 279 237 240 
3 282 279 240 
3 327 279 282 
3 331 327 282 
3 381 327 331 
3 384 381 331 
3 433 381 384 
3 100 75 101 
3 100 129 99 
3 100 101 129 
3 101 130 129 
3 164 200 163 
3 164 163 130 
3 130 163 129 
3 196 163 200 
3 76 57 77 
3 76 77 102 
3 75 76 102 
3 75 102 103 
3 75 103 101 
3 130 101 103 
3 131 130 103 
3 164 130 131 
3 59 58 80 
3 59 80 78 
3 57 59 78 
3 57 78 79 
3 57 79 77 
3 102 77 79 
3 69 68 94 
3 69 94 81 
3 58 69 81 
3 58 81 82 
3 58 82 80 
3 78 80 82 
3 87 86 114 
3 117 87 114 
3 117 118 87 
3 118 88 87 
3 94 68 88 
3 94 88 108 
3 108 88 118 
3 81 94 108 
3 112 111 142 
3 112 142 115 
3 86 112 115 
3 86 115 116 
3 86 116 114 
3 117 114 116 
3 146 182 184 
3 146 177 141 
3 184 177 146 
3 141 177 143 
3 111 141 143 
3 111 143 144 
3 111 144 142 
3 115 142 144 
3 223 225 227 
3 223 184 182 
3 223 227 184 
3 227 217 184 
3 216 178 177 
3 216 177 217 
3 217 177 184 
3 143 177 178 
3 479 480 425 
3 271 273 275 
3 271 227 225 
3 271 275 227 
3 275 262 227 
3 261 260 217 
3 261 217 262 
3 262 217 227 
3 216 217 260 
3 425 427 375 
3 480 481 427 
3 427 425 480 
3 481 482 427 
3 375 376 322 
3 427 376 375 
3 322 323 320 
3 376 323 322 
3 320 275 273 
3 320 323 275 
3 323 307 275 
3 306 305 262 
3 306 262 307 
3 307 262 275 
3 261 262 305 
3 542 543 483 
3 482 542 483 
3 483 427 482 
3 428 427 483 
3 376 427 428 
3 377 376 428 
3 323 376 377 
3 360 323 377 
3 307 323 360 
3 359 307 360 
3 306 307 359 
3 688 621 620 
3 762 689 690 
3 689 688 620 
3 620 690 689 
3 763 762 690 
3 620 560 561 
3 619 560 621 
3 621 560 620 
3 690 620 622 
3 622 620 561 
3 763 690 764 
3 764 690 691 
3 691 690 622 
3 824 765 747 
3 765 764 691 
3 691 747 765 
3 827 825 749 
3 825 824 747 
3 747 749 825 
3 906 828 829 
3 828 827 749 
3 828 749 829 
3 561 503 547 
3 560 503 561 
3 622 561 607 
3 607 561 547 
3 691 622 673 
3 673 622 607 
3 747 691 676 
3 676 691 673 
3 748 826 749 
3 748 749 676 
3 676 749 747 
3 829 749 826 
3 547 487 490 
3 503 487 547 
3 607 547 549 
3 549 547 490 
3 673 607 609 
3 609 607 549 
3 675 746 676 
3 675 676 609 
3 609 676 673 
3 748 676 746 
3 488 433 435 
3 488 490 487 
3 488 435 490 
3 435 491 490 
3 550 610 549 
3 550 549 491 
3 491 549 490 
3 609 549 610 
3 677 609 610 
3 675 609 677 
3 197 196 238 
3 197 241 240 
3 238 241 197 
3 283 240 241 
3 283 284 240 
3 284 282 240 
3 331 282 332 
3 282 284 332 
3 384 331 385 
3 331 332 385 
3 435 433 384 
3 435 384 436 
3 436 384 385 
3 491 435 436 
3 492 491 436 
3 550 491 492 
3 200 164 165 
3 200 165 201 
3 196 200 201 
3 196 201 239 
3 196 239 238 
3 241 238 239 
3 280 241 239 
3 283 241 280 
3 103 102 106 
3 132 103 106 
3 132 133 103 
3 133 131 103 
3 165 164 131 
3 165 131 166 
3 166 131 133 
3 201 165 166 
3 79 104 105 
3 78 104 79 
3 106 102 79 
3 106 79 107 
3 107 79 105 
3 132 106 107 
3 82 109 110 
3 81 109 82 
3 104 78 82 
3 110 104 82 
3 118 149 150 
3 117 149 118 
3 108 118 138 
3 118 150 138 
3 109 81 108 
3 138 109 108 
3 116 147 148 
3 115 147 116 
3 149 117 116 
3 148 149 116 
3 144 179 180 
3 143 179 144 
3 147 115 144 
3 180 147 144 
3 178 218 219 
3 216 218 178 
3 179 143 178 
3 219 179 178 
3 260 304 263 
3 261 304 260 
3 218 216 260 
3 263 218 260 
3 305 358 357 
3 306 358 305 
3 304 261 305 
3 357 304 305 
3 603 544 543 
3 543 544 483 
3 603 604 544 
3 483 484 428 
3 544 484 483 
3 428 429 377 
3 484 429 428 
3 377 413 360 
3 429 413 377 
3 414 360 413 
3 414 412 360 
3 412 359 360 
3 358 306 359 
3 412 358 359 
3 604 650 585 
3 585 544 604 
3 650 651 585 
3 484 544 528 
3 528 544 585 
3 429 484 468 
3 468 484 528 
3 466 467 413 
3 466 413 468 
3 468 413 429 
3 414 413 467 
3 722 723 652 
3 651 722 652 
3 652 585 651 
3 586 585 652 
3 528 585 586 
3 529 528 586 
3 468 528 529 
3 524 468 529 
3 466 468 524 
3 907 829 908 
3 908 829 830 
3 907 906 829 
3 989 909 910 
3 909 908 830 
3 830 910 909 
3 990 989 910 
3 826 748 750 
3 826 830 829 
3 826 750 830 
3 750 831 830 
3 910 830 911 
3 911 830 831 
3 991 990 910 
3 910 992 991 
3 911 992 910 
3 746 675 678 
3 746 750 748 
3 746 678 750 
3 678 751 750 
3 831 750 832 
3 832 750 751 
3 912 993 911 
3 912 911 832 
3 832 911 831 
3 992 911 993 
3 610 550 551 
3 610 611 677 
3 551 611 610 
3 677 678 675 
3 677 611 678 
3 611 679 678 
3 752 833 751 
3 752 751 679 
3 679 751 678 
3 832 751 833 
3 913 832 833 
3 912 832 913 
3 284 328 333 
3 283 328 284 
3 332 284 334 
3 284 333 334 
3 385 332 386 
3 332 334 386 
3 436 385 437 
3 385 386 437 
3 492 436 493 
3 436 437 493 
3 551 550 492 
3 551 492 552 
3 552 492 493 
3 611 551 552 
3 612 611 552 
3 679 611 612 
3 680 679 612 
3 752 679 680 
3 239 202 246 
3 201 202 239 
3 280 239 281 
3 239 246 281 
3 328 283 280 
3 281 328 280 
3 133 137 167 
3 132 137 133 
3 166 133 168 
3 133 167 168 
3 202 201 166 
3 168 202 166 
3 105 134 135 
3 104 134 105 
3 107 105 136 
3 105 135 136 
3 137 132 107 
3 136 137 107 
3 110 139 140 
3 109 139 110 
3 134 104 110 
3 140 134 110 
3 150 187 188 
3 149 187 150 
3 138 150 173 
3 150 188 173 
3 139 109 138 
3 173 139 138 
3 148 185 186 
3 147 185 148 
3 187 149 148 
3 186 187 148 
3 180 220 221 
3 179 220 180 
3 185 147 180 
3 221 185 180 
3 219 264 265 
3 218 264 219 
3 220 179 219 
3 265 220 219 
3 263 308 309 
3 304 308 263 
3 264 218 263 
3 309 264 263 
3 357 411 361 
3 358 411 357 
3 308 304 357 
3 361 308 357 
3 412 465 464 
3 414 465 412 
3 411 358 412 
3 464 411 412 
3 467 466 525 
3 467 525 469 
3 467 469 414 
3 414 469 465 
3 800 724 723 
3 723 724 652 
3 800 801 724 
3 801 802 724 
3 652 653 586 
3 724 653 652 
3 586 587 529 
3 653 587 586 
3 529 582 524 
3 587 582 529 
3 524 582 526 
3 466 524 526 
3 466 526 527 
3 466 527 525 
3 469 525 527 
3 802 885 803 
3 803 724 802 
3 885 886 803 
3 653 724 725 
3 725 724 803 
3 587 653 654 
3 654 653 725 
3 582 587 645 
3 645 587 654 
3 583 526 582 
3 645 583 582 
3 1041 1042 958 
3 1042 1043 958 
3 886 957 874 
3 874 803 886 
3 957 1041 958 
3 958 874 957 
3 725 803 793 
3 793 803 874 
3 654 725 718 
3 718 725 793 
3 717 646 645 
3 717 645 718 
3 718 645 654 
3 583 645 646 
3 1043 1044 959 
3 959 958 1043 
3 874 958 959 
3 876 874 959 
3 876 877 795 
3 876 795 874 
3 874 795 793 
3 794 792 718 
3 794 718 795 
3 795 718 793 
3 717 718 792 
3 795 877 875 
3 794 795 875 
3 1074 992 1075 
3 1075 992 1076 
3 1074 991 992 
3 1247 1162 1163 
3 1162 1075 1076 
3 1162 1076 1163 
3 993 912 994 
3 993 994 1077 
3 992 993 1077 
3 992 1077 1078 
3 992 1078 1076 
3 1163 1076 1078 
3 833 752 753 
3 833 834 913 
3 753 834 833 
3 913 834 914 
3 912 913 914 
3 912 914 995 
3 912 995 994 
3 1077 994 995 
3 333 328 329 
3 382 333 329 
3 382 387 333 
3 387 334 333 
3 386 334 388 
3 334 387 388 
3 437 386 438 
3 386 388 438 
3 493 437 494 
3 437 438 494 
3 552 493 553 
3 493 494 553 
3 612 552 613 
3 552 553 613 
3 680 612 681 
3 612 613 681 
3 753 752 680 
3 753 680 754 
3 754 680 681 
3 834 753 754 
3 835 834 754 
3 914 834 835 
3 246 205 251 
3 202 205 246 
3 281 246 289 
3 246 251 289 
3 329 328 281 
3 329 281 330 
3 330 281 289 
3 382 329 330 
3 167 172 203 
3 137 172 167 
3 168 167 204 
3 167 203 204 
3 205 202 168 
3 204 205 168 
3 135 169 170 
3 134 169 135 
3 136 135 171 
3 135 170 171 
3 172 137 136 
3 171 172 136 
3 174 211 175 
3 174 140 139 
3 174 175 140 
3 175 176 140 
3 169 134 140 
3 176 169 140 
3 188 230 212 
3 187 230 188 
3 211 174 173 
3 211 173 212 
3 212 173 188 
3 139 173 174 
3 186 228 229 
3 185 228 186 
3 230 187 186 
3 229 230 186 
3 221 266 267 
3 220 266 221 
3 228 185 221 
3 267 228 221 
3 265 310 311 
3 264 310 265 
3 266 220 265 
3 311 266 265 
3 309 362 363 
3 308 362 309 
3 310 264 309 
3 363 310 309 
3 361 415 416 
3 411 415 361 
3 362 308 361 
3 416 362 361 
3 464 523 470 
3 465 523 464 
3 415 411 464 
3 470 415 464 
3 465 469 523 
3 523 469 530 
3 527 526 584 
3 527 584 531 
3 527 531 469 
3 469 531 530 
3 584 583 647 
3 526 583 584 
3 589 531 584 
3 647 589 584 
3 646 717 719 
3 646 719 648 
3 583 646 648 
3 583 648 649 
3 583 649 647 
3 589 647 649 
3 1129 1045 1044 
3 1044 1045 959 
3 1129 1130 1045 
3 1130 1131 1045 
3 959 960 876 
3 1045 960 959 
3 876 960 877 
3 792 794 796 
3 792 719 717 
3 792 796 719 
3 796 797 719 
3 720 648 719 
3 797 720 719 
3 1131 1132 1046 
3 1046 1045 1131 
3 1132 1133 1046 
3 960 1045 961 
3 961 1045 1046 
3 877 878 875 
3 877 960 878 
3 960 961 878 
3 875 796 794 
3 875 878 796 
3 878 879 796 
3 797 796 880 
3 880 796 879 
3 798 720 797 
3 880 798 797 
3 1309 1218 1217 
3 1217 1218 1134 
3 1216 1217 1134 
3 1216 1134 1133 
3 1133 1134 1046 
3 961 1046 1047 
3 1047 1046 1134 
3 878 961 962 
3 962 961 1047 
3 879 878 963 
3 963 878 962 
3 964 881 880 
3 964 880 963 
3 963 880 879 
3 798 880 881 
3 1219 1134 1218 
3 1310 1219 1218 
3 1047 1134 1135 
3 1135 1134 1219 
3 962 1047 1048 
3 1048 1047 1135 
3 1049 1050 963 
3 1049 963 1048 
3 1048 963 962 
3 964 963 1050 
3 1219 1310 1220 
3 1135 1219 1220 
3 1136 1135 1220 
3 1048 1135 1136 
3 1137 1048 1136 
3 1049 1048 1137 
3 1342 1341 1249 
3 1341 1248 1249 
3 1247 1163 1248 
3 1248 1163 1249 
3 1078 1077 1079 
3 1078 1079 1164 
3 1078 1164 1163 
3 1163 1164 1249 
3 995 915 996 
3 914 915 995 
3 1079 1077 995 
3 1079 995 1080 
3 1080 995 996 
3 1164 1079 1080 
3 387 383 434 
3 382 383 387 
3 388 387 439 
3 387 434 439 
3 438 388 440 
3 388 439 440 
3 494 438 495 
3 438 440 495 
3 553 494 554 
3 494 495 554 
3 613 553 614 
3 553 554 614 
3 681 613 682 
3 613 614 682 
3 754 681 755 
3 681 682 755 
3 835 754 836 
3 754 755 836 
3 915 914 835 
3 836 915 835 
3 251 250 294 
3 205 250 251 
3 289 251 295 
3 251 294 295 
3 330 289 341 
3 289 295 341 
3 383 382 330 
3 341 383 330 
3 210 209 247 
3 210 203 172 
3 210 247 203 
3 247 248 203 
3 204 203 249 
3 203 248 249 
3 250 205 204 
3 249 250 204 
3 206 215 207 
3 206 170 169 
3 206 207 170 
3 207 208 170 
3 209 210 171 
3 209 171 208 
3 208 171 170 
3 172 171 210 
3 175 213 214 
3 211 213 175 
3 215 206 176 
3 215 176 214 
3 214 176 175 
3 169 176 206 
3 212 256 257 
3 230 256 212 
3 213 211 212 
3 257 213 212 
3 229 276 277 
3 228 276 229 
3 256 230 229 
3 277 256 229 
3 267 312 313 
3 266 312 267 
3 276 228 267 
3 313 276 267 
3 311 364 365 
3 310 364 311 
3 312 266 311 
3 365 312 311 
3 363 417 418 
3 362 417 363 
3 364 310 363 
3 418 364 363 
3 416 471 472 
3 415 471 416 
3 417 362 416 
3 472 417 416 
3 470 532 533 
3 523 532 470 
3 471 415 470 
3 533 471 470 
3 523 530 532 
3 532 530 588 
3 530 531 588 
3 588 531 590 
3 531 589 590 
3 590 589 656 
3 649 648 721 
3 649 721 657 
3 649 657 589 
3 589 657 656 
3 721 720 799 
3 648 720 721 
3 728 657 721 
3 799 728 721 
3 799 798 882 
3 720 798 799 
3 806 728 799 
3 882 806 799 
3 1309 1311 1218 
3 881 964 965 
3 881 965 883 
3 798 881 883 
3 798 883 884 
3 798 884 882 
3 806 882 884 
3 1312 1408 1310 
3 1310 1218 1312 
3 1311 1312 1218 
3 1050 1049 1051 
3 1050 965 964 
3 1050 1051 965 
3 1051 1052 965 
3 966 883 965 
3 1052 966 965 
3 1310 1313 1220 
3 1408 1409 1313 
3 1313 1310 1408 
3 1409 1410 1313 
3 1220 1221 1136 
3 1313 1221 1220 
3 1136 1138 1137 
3 1221 1138 1136 
3 1137 1051 1049 
3 1137 1138 1051 
3 1138 1139 1051 
3 1140 1053 1052 
3 1140 1052 1139 
3 1139 1052 1051 
3 966 1052 1053 
3 1615 1616 1517 
3 1517 1518 1411 
3 1516 1615 1517 
3 1516 1517 1411 
3 1516 1411 1410 
3 1410 1411 1313 
3 1221 1313 1314 
3 1314 1313 1411 
3 1138 1221 1222 
3 1222 1221 1314 
3 1223 1224 1139 
3 1223 1139 1222 
3 1222 1139 1138 
3 1140 1139 1224 
3 1411 1518 1412 
3 1314 1411 1412 
3 1315 1314 1412 
3 1222 1314 1315 
3 1316 1222 1315 
3 1223 1222 1316 
3 1342 1249 1343 
3 1343 1249 1250 
3 1343 1250 1344 
3 1344 1250 1345 
3 1439 1344 1345 
3 1440 1439 1345 
3 1250 1165 1251 
3 1250 1249 1165 
3 1249 1164 1165 
3 1345 1250 1251 
3 996 915 916 
3 997 996 916 
3 997 1081 996 
3 1081 1080 996 
3 1165 1164 1080 
3 1081 1165 1080 
3 434 394 446 
3 383 394 434 
3 439 434 489 
3 434 446 489 
3 440 439 496 
3 439 489 496 
3 495 440 497 
3 440 496 497 
3 554 495 555 
3 495 497 555 
3 614 554 615 
3 554 555 615 
3 682 614 683 
3 614 615 683 
3 755 682 756 
3 682 683 756 
3 836 755 837 
3 755 756 837 
3 916 915 836 
3 916 836 917 
3 917 836 837 
3 997 916 917 
3 294 293 346 
3 250 293 294 
3 295 294 347 
3 294 346 347 
3 341 295 348 
3 295 347 348 
3 394 383 341 
3 348 394 341 
3 247 255 290 
3 209 255 247 
3 248 247 291 
3 247 290 291 
3 249 248 292 
3 248 291 292 
3 293 250 249 
3 292 293 249 
3 207 252 253 
3 215 252 207 
3 208 207 254 
3 207 253 254 
3 255 209 208 
3 254 255 208 
3 214 258 259 
3 213 258 214 
3 252 215 214 
3 259 252 214 
3 257 300 301 
3 256 300 257 
3 258 213 257 
3 301 258 257 
3 277 324 325 
3 276 324 277 
3 300 256 277 
3 325 300 277 
3 313 366 367 
3 312 366 313 
3 324 276 313 
3 367 324 313 
3 365 419 420 
3 364 419 365 
3 366 312 365 
3 420 366 365 
3 418 473 474 
3 417 473 418 
3 419 364 418 
3 474 419 418 
3 472 534 535 
3 471 534 472 
3 473 417 472 
3 535 473 472 
3 533 591 592 
3 532 591 533 
3 534 471 533 
3 592 534 533 
3 532 588 591 
3 591 588 655 
3 588 590 655 
3 655 590 658 
3 590 656 658 
3 658 656 727 
3 656 657 727 
3 727 657 729 
3 657 728 729 
3 729 728 807 
3 728 806 807 
3 807 806 889 
3 884 883 967 
3 884 967 890 
3 884 890 806 
3 806 890 889 
3 967 968 973 
3 967 883 968 
3 883 966 968 
3 890 967 973 
3 1053 1140 1141 
3 1053 1141 1054 
3 1053 1054 966 
3 966 1054 968 
3 1616 1617 1517 
3 1617 1618 1518 
3 1518 1517 1617 
3 1224 1223 1317 
3 1224 1317 1225 
3 1140 1224 1225 
3 1140 1225 1142 
3 1140 1142 1141 
3 1054 1141 1142 
3 1518 1519 1412 
3 1618 1619 1519 
3 1519 1518 1618 
3 1619 1620 1519 
3 1412 1413 1315 
3 1519 1413 1412 
3 1315 1414 1316 
3 1413 1414 1315 
3 1316 1317 1223 
3 1316 1414 1317 
3 1414 1415 1317 
3 1318 1225 1317 
3 1415 1318 1317 
3 1808 1722 1721 
3 1721 1722 1621 
3 1720 1721 1621 
3 1720 1621 1620 
3 1620 1621 1519 
3 1413 1519 1520 
3 1520 1519 1621 
3 1521 1522 1414 
3 1521 1414 1520 
3 1520 1414 1413 
3 1415 1414 1522 
3 1416 1415 1522 
3 1318 1415 1416 
3 1621 1722 1622 
3 1520 1621 1622 
3 1623 1520 1622 
3 1521 1520 1623 
3 1442 1443 1346 
3 1443 1441 1346 
3 1440 1345 1441 
3 1441 1345 1346 
3 1251 1165 1252 
3 1251 1252 1253 
3 1251 1253 1345 
3 1345 1253 1346 
3 1081 997 998 
3 1081 998 1082 
3 1165 1081 1082 
3 1165 1082 1166 
3 1165 1166 1252 
3 1253 1252 1166 
3 446 403 456 
3 394 403 446 
3 489 446 504 
3 446 456 504 
3 496 489 548 
3 489 504 548 
3 497 496 556 
3 496 548 556 
3 555 497 557 
3 497 556 557 
3 615 555 616 
3 555 557 616 
3 683 615 684 
3 615 616 684 
3 756 683 757 
3 683 684 757 
3 837 756 838 
3 756 757 838 
3 917 837 918 
3 837 838 918 
3 998 997 917 
3 998 917 999 
3 999 917 918 
3 1082 998 999 
3 345 344 399 
3 345 346 293 
3 345 399 346 
3 399 400 346 
3 347 346 401 
3 346 400 401 
3 348 347 402 
3 347 401 402 
3 403 394 348 
3 402 403 348 
3 290 299 342 
3 255 299 290 
3 291 290 343 
3 290 342 343 
3 344 345 292 
3 344 292 343 
3 343 292 291 
3 293 292 345 
3 253 296 297 
3 252 296 253 
3 254 253 298 
3 253 297 298 
3 299 255 254 
3 298 299 254 
3 259 302 303 
3 258 302 259 
3 296 252 259 
3 303 296 259 
3 301 353 354 
3 300 353 301 
3 302 258 301 
3 354 302 301 
3 325 378 379 
3 324 378 325 
3 353 300 325 
3 379 353 325 
3 367 421 422 
3 366 421 367 
3 378 324 367 
3 422 378 367 
3 420 475 476 
3 419 475 420 
3 421 366 420 
3 476 421 420 
3 474 536 537 
3 473 536 474 
3 475 419 474 
3 537 475 474 
3 535 593 594 
3 534 593 535 
3 536 473 535 
3 594 536 535 
3 592 659 660 
3 591 659 592 
3 593 534 592 
3 660 593 592 
3 591 655 659 
3 659 655 726 
3 655 658 726 
3 726 658 730 
3 658 727 730 
3 730 727 805 
3 727 729 805 
3 805 729 808 
3 729 807 808 
3 808 807 891 
3 807 889 891 
3 891 889 972 
3 889 890 972 
3 972 890 974 
3 973 1055 1060 
3 968 1055 973 
3 974 890 973 
3 1060 974 973 
3 968 1054 1055 
3 1055 1054 1143 
3 1142 1225 1226 
3 1142 1226 1144 
3 1142 1144 1054 
3 1054 1144 1143 
3 1226 1319 1228 
3 1226 1225 1319 
3 1225 1318 1319 
3 1144 1226 1228 
3 1808 1809 1722 
3 1522 1521 1624 
3 1522 1523 1416 
3 1624 1523 1522 
3 1416 1523 1417 
3 1416 1417 1318 
3 1318 1417 1319 
3 1722 1723 1622 
3 1809 1810 1723 
3 1723 1722 1809 
3 1810 1811 1723 
3 1622 1724 1623 
3 1723 1724 1622 
3 1623 1624 1521 
3 1623 1724 1624 
3 1724 1626 1624 
3 1625 1524 1523 
3 1625 1523 1626 
3 1626 1523 1624 
3 1417 1523 1524 
3 1811 1812 1723 
3 1812 1904 1813 
3 1812 1813 1723 
3 1724 1723 1813 
3 1727 1724 1813 
3 1626 1724 1727 
3 1725 1626 1727 
3 1625 1626 1725 
3 1442 1346 1444 
3 1444 1346 1347 
3 1445 1444 1347 
3 1347 1254 1348 
3 1347 1346 1254 
3 1346 1253 1254 
3 1445 1347 1446 
3 1446 1347 1348 
3 1166 1083 1167 
3 1082 1083 1166 
3 1254 1253 1166 
3 1167 1254 1166 
3 456 455 514 
3 403 455 456 
3 504 456 515 
3 456 514 515 
3 548 504 562 
3 504 515 562 
3 556 548 608 
3 548 562 608 
3 557 556 617 
3 556 608 617 
3 616 557 618 
3 557 617 618 
3 684 616 685 
3 616 618 685 
3 757 684 758 
3 684 685 758 
3 838 757 839 
3 757 758 839 
3 918 838 919 
3 838 839 919 
3 999 918 1000 
3 918 919 1000 
3 1083 1082 999 
3 1000 1083 999 
3 399 398 451 
3 344 398 399 
3 400 399 452 
3 399 451 452 
3 401 400 453 
3 400 452 453 
3 402 401 454 
3 401 453 454 
3 455 403 402 
3 454 455 402 
3 352 351 395 
3 352 342 299 
3 352 395 342 
3 395 396 342 
3 343 342 397 
3 342 396 397 
3 398 344 343 
3 397 398 343 
3 297 349 350 
3 296 349 297 
3 351 352 298 
3 351 298 350 
3 350 298 297 
3 299 298 352 
3 303 355 356 
3 302 355 303 
3 349 296 303 
3 356 349 303 
3 354 407 408 
3 353 407 354 
3 355 302 354 
3 408 355 354 
3 379 430 431 
3 378 430 379 
3 407 353 379 
3 431 407 379 
3 422 477 478 
3 421 477 422 
3 430 378 422 
3 478 430 422 
3 476 538 539 
3 475 538 476 
3 477 421 476 
3 539 477 476 
3 595 662 596 
3 595 537 536 
3 595 596 537 
3 596 597 537 
3 538 475 537 
3 597 538 537 
3 661 731 733 
3 662 661 733 
3 595 661 662 
3 595 593 661 
3 595 594 593 
3 536 594 595 
3 660 731 661 
3 660 659 731 
3 659 732 731 
3 593 660 661 
3 659 726 732 
3 732 726 804 
3 726 730 804 
3 804 730 809 
3 730 805 809 
3 809 805 888 
3 892 976 970 
3 892 970 888 
3 892 888 808 
3 808 888 805 
3 893 976 892 
3 977 976 893 
3 808 891 893 
3 892 808 893 
3 975 977 893 
3 1061 977 975 
3 891 972 975 
3 893 891 975 
3 1059 1061 975 
3 1145 1061 1059 
3 972 974 1059 
3 975 972 1059 
3 1060 1145 1059 
3 1060 1055 1145 
3 1055 1146 1145 
3 974 1060 1059 
3 1055 1143 1146 
3 1146 1143 1227 
3 1143 1144 1227 
3 1227 1144 1229 
3 1228 1321 1322 
3 1319 1321 1228 
3 1229 1144 1228 
3 1322 1229 1228 
3 1319 1417 1321 
3 1321 1417 1420 
3 1524 1627 1527 
3 1625 1627 1524 
3 1420 1417 1524 
3 1527 1420 1524 
3 1992 2081 1993 
3 1993 1906 1992 
3 1905 1992 1906 
3 1905 1906 1813 
3 1904 1905 1813 
3 1813 1816 1727 
3 1906 1816 1813 
3 1727 1814 1725 
3 1816 1814 1727 
3 1725 1814 1726 
3 1725 1726 1625 
3 1625 1726 1627 
3 1906 1993 1908 
3 1816 1906 1908 
3 1907 1816 1908 
3 1814 1816 1907 
3 1815 1814 1907 
3 1726 1814 1815 
3 1348 1254 1255 
3 1348 1255 1349 
3 1447 1446 1348 
3 1447 1348 1349 
3 1448 1447 1349 
3 1167 1084 1168 
3 1083 1084 1167 
3 1255 1254 1167 
3 1255 1167 1256 
3 1256 1167 1168 
3 1349 1255 1256 
3 514 513 572 
3 455 513 514 
3 515 514 573 
3 514 572 573 
3 562 515 574 
3 515 573 574 
3 608 562 623 
3 562 574 623 
3 617 608 674 
3 608 623 674 
3 618 617 686 
3 617 674 686 
3 685 618 687 
3 618 686 687 
3 758 685 759 
3 685 687 759 
3 839 758 840 
3 758 759 840 
3 919 839 920 
3 839 840 920 
3 1000 919 1001 
3 919 920 1001 
3 1084 1083 1000 
3 1001 1084 1000 
3 451 450 509 
3 398 450 451 
3 452 451 510 
3 451 509 510 
3 453 452 511 
3 452 510 511 
3 454 453 512 
3 453 511 512 
3 513 455 454 
3 512 513 454 
3 395 406 447 
3 351 406 395 
3 396 395 448 
3 395 447 448 
3 397 396 449 
3 396 448 449 
3 450 398 397 
3 449 450 397 
3 350 404 405 
3 349 404 350 
3 406 351 350 
3 405 406 350 
3 356 409 410 
3 355 409 356 
3 404 349 356 
3 410 404 356 
3 408 460 461 
3 407 460 408 
3 409 355 408 
3 461 409 408 
3 431 485 486 
3 430 485 431 
3 460 407 431 
3 486 460 431 
3 478 540 541 
3 477 540 478 
3 485 430 478 
3 541 485 478 
3 598 665 599 
3 598 539 538 
3 598 599 539 
3 599 600 539 
3 540 477 539 
3 600 540 539 
3 596 663 664 
3 662 663 596 
3 665 598 597 
3 665 597 664 
3 664 597 596 
3 538 597 598 
3 733 810 734 
3 731 810 733 
3 663 662 733 
3 734 663 733 
3 731 732 810 
3 810 732 811 
3 732 804 811 
3 811 804 887 
3 804 809 887 
3 887 809 894 
3 971 1058 978 
3 971 978 894 
3 971 894 888 
3 888 894 809 
3 970 1058 971 
3 970 976 1058 
3 976 1062 1058 
3 888 970 971 
3 976 977 1062 
3 1062 977 1063 
3 977 1061 1063 
3 1063 1061 1151 
3 1061 1145 1151 
3 1151 1145 1230 
3 1145 1146 1230 
3 1230 1146 1231 
3 1146 1227 1231 
3 1231 1227 1320 
3 1227 1229 1320 
3 1320 1229 1323 
3 1322 1421 1422 
3 1321 1421 1322 
3 1323 1229 1322 
3 1422 1323 1322 
3 1321 1420 1421 
3 1421 1420 1528 
3 1527 1627 1630 
3 1527 1630 1529 
3 1527 1529 1420 
3 1420 1529 1528 
3 2081 2082 1993 
3 1630 1728 1632 
3 1630 1627 1728 
3 1627 1726 1728 
3 1529 1630 1632 
3 2083 2084 1994 
3 2082 2083 1994 
3 1994 1993 2082 
3 1993 1994 1908 
3 1908 1994 1995 
3 1907 1908 1909 
3 1908 1995 1909 
3 1815 1907 1817 
3 1907 1909 1817 
3 1728 1726 1815 
3 1817 1728 1815 
3 1547 1452 1450 
3 1548 1547 1450 
3 1450 1350 1451 
3 1452 1449 1350 
3 1350 1450 1452 
3 1448 1349 1449 
3 1449 1349 1350 
3 1548 1450 1549 
3 1549 1450 1451 
3 1168 1084 1085 
3 1169 1168 1085 
3 1169 1257 1168 
3 1257 1256 1168 
3 1350 1349 1256 
3 1257 1350 1256 
3 572 571 633 
3 513 571 572 
3 573 572 634 
3 572 633 634 
3 574 573 635 
3 573 634 635 
3 623 574 636 
3 574 635 636 
3 674 623 692 
3 623 636 692 
3 686 674 745 
3 674 692 745 
3 687 686 760 
3 686 745 760 
3 759 687 761 
3 687 760 761 
3 840 759 841 
3 759 761 841 
3 920 840 921 
3 840 841 921 
3 1001 920 1002 
3 920 921 1002 
3 1085 1084 1001 
3 1085 1001 1086 
3 1086 1001 1002 
3 1169 1085 1086 
3 508 507 566 
3 508 509 450 
3 508 566 509 
3 566 567 509 
3 510 509 568 
3 509 567 568 
3 511 510 569 
3 510 568 569 
3 512 511 570 
3 511 569 570 
3 571 513 512 
3 570 571 512 
3 447 459 505 
3 406 459 447 
3 448 447 506 
3 447 505 506 
3 507 508 449 
3 507 449 506 
3 506 449 448 
3 450 449 508 
3 405 457 458 
3 404 457 405 
3 459 406 405 
3 458 459 405 
3 410 462 463 
3 409 462 410 
3 457 404 410 
3 463 457 410 
3 461 519 520 
3 460 519 461 
3 462 409 461 
3 520 462 461 
3 486 545 546 
3 485 545 486 
3 519 460 486 
3 546 519 486 
3 541 601 602 
3 540 601 541 
3 545 485 541 
3 602 545 541 
3 599 666 667 
3 665 666 599 
3 600 599 668 
3 599 667 668 
3 601 540 600 
3 668 601 600 
3 664 735 736 
3 663 735 664 
3 666 665 664 
3 736 666 664 
3 734 812 813 
3 810 812 734 
3 735 663 734 
3 813 735 734 
3 810 811 812 
3 812 811 895 
3 811 887 895 
3 895 887 969 
3 979 1064 1056 
3 979 1056 969 
3 979 969 894 
3 894 969 887 
3 978 1064 979 
3 978 1058 1064 
3 1058 1150 1064 
3 894 978 979 
3 1058 1062 1150 
3 1150 1062 1152 
3 1062 1063 1152 
3 1152 1063 1153 
3 1063 1151 1153 
3 1153 1151 1236 
3 1151 1230 1236 
3 1236 1230 1324 
3 1230 1231 1324 
3 1324 1231 1325 
3 1418 1525 1424 
3 1418 1424 1325 
3 1418 1325 1320 
3 1320 1325 1231 
3 1419 1525 1418 
3 1526 1525 1419 
3 1320 1323 1419 
3 1418 1320 1419 
3 1422 1526 1419 
3 1422 1421 1526 
3 1421 1530 1526 
3 1323 1422 1419 
3 1421 1528 1530 
3 1530 1528 1631 
3 1528 1529 1631 
3 1631 1529 1633 
3 1632 1732 1733 
3 1728 1732 1632 
3 1633 1529 1632 
3 1733 1633 1632 
3 2084 2085 1994 
3 2085 2177 2086 
3 2086 1994 2085 
3 1995 1994 1999 
3 1994 2086 1999 
3 1909 1995 1914 
3 1995 1999 1914 
3 1817 1909 1823 
3 1909 1914 1823 
3 1732 1728 1817 
3 1823 1732 1817 
3 1451 1350 1351 
3 1451 1351 1453 
3 1550 1549 1451 
3 1550 1451 1453 
3 1551 1550 1453 
3 1257 1170 1258 
3 1169 1170 1257 
3 1351 1350 1257 
3 1351 1257 1352 
3 1352 1257 1258 
3 1453 1351 1352 
3 633 632 702 
3 571 632 633 
3 634 633 703 
3 633 702 703 
3 635 634 704 
3 634 703 704 
3 636 635 705 
3 635 704 705 
3 692 636 706 
3 636 705 706 
3 745 692 766 
3 692 706 766 
3 760 745 823 
3 745 766 823 
3 761 760 842 
3 760 823 842 
3 841 761 843 
3 761 842 843 
3 921 841 922 
3 841 843 922 
3 1002 921 1003 
3 921 922 1003 
3 1086 1002 1087 
3 1002 1003 1087 
3 1170 1169 1086 
3 1087 1170 1086 
3 566 565 627 
3 507 565 566 
3 567 566 628 
3 566 627 628 
3 568 567 629 
3 567 628 629 
3 569 568 630 
3 568 629 630 
3 570 569 631 
3 569 630 631 
3 632 571 570 
3 631 632 570 
3 505 518 563 
3 459 518 505 
3 506 505 564 
3 505 563 564 
3 565 507 506 
3 564 565 506 
3 458 516 517 
3 457 516 458 
3 518 459 458 
3 517 518 458 
3 463 521 522 
3 462 521 463 
3 516 457 463 
3 522 516 463 
3 520 578 579 
3 519 578 520 
3 521 462 520 
3 579 521 520 
3 546 605 606 
3 545 605 546 
3 578 519 546 
3 606 578 546 
3 669 739 670 
3 669 602 601 
3 669 670 602 
3 670 671 602 
3 605 545 602 
3 671 605 602 
3 667 737 738 
3 666 737 667 
3 739 669 668 
3 739 668 738 
3 738 668 667 
3 601 668 669 
3 736 814 815 
3 735 814 736 
3 737 666 736 
3 815 737 736 
3 813 896 897 
3 812 896 813 
3 814 735 813 
3 897 814 813 
3 812 895 896 
3 896 895 980 
3 895 969 980 
3 980 969 1057 
3 1056 1147 1148 
3 1064 1147 1056 
3 1057 969 1056 
3 1148 1057 1056 
3 1064 1150 1147 
3 1147 1150 1232 
3 1150 1152 1232 
3 1232 1152 1237 
3 1152 1153 1237 
3 1237 1153 1238 
3 1329 1428 1332 
3 1329 1332 1238 
3 1329 1238 1236 
3 1236 1238 1153 
3 1330 1428 1329 
3 1429 1428 1330 
3 1236 1324 1330 
3 1329 1236 1330 
3 1423 1429 1330 
3 1531 1429 1423 
3 1324 1325 1423 
3 1330 1324 1423 
3 1424 1531 1423 
3 1424 1525 1531 
3 1525 1628 1531 
3 1325 1424 1423 
3 1525 1526 1628 
3 1628 1526 1629 
3 1526 1530 1629 
3 1629 1530 1634 
3 1530 1631 1634 
3 1634 1631 1731 
3 1734 1824 1821 
3 1734 1821 1731 
3 1734 1731 1633 
3 1633 1731 1631 
3 1733 1824 1734 
3 1733 1732 1824 
3 1732 1825 1824 
3 1633 1733 1734 
3 2178 2179 2086 
3 2177 2178 2086 
3 2086 2090 1999 
3 2183 2090 2179 
3 2179 2090 2086 
3 1999 2000 1914 
3 2090 2000 1999 
3 2001 1914 2000 
3 2001 1915 1914 
3 1915 1823 1914 
3 1825 1732 1823 
3 1915 1825 1823 
3 2280 2281 2184 
3 2183 2280 2184 
3 2184 2090 2183 
3 2091 2090 2184 
3 2000 2090 2091 
3 2092 2000 2091 
3 2001 2000 2092 
3 1553 1454 1554 
3 1554 1454 1555 
3 1553 1552 1454 
3 1551 1453 1552 
3 1552 1453 1454 
3 1647 1554 1555 
3 1258 1170 1171 
3 1259 1258 1171 
3 1259 1353 1258 
3 1353 1352 1258 
3 1454 1453 1352 
3 1353 1454 1352 
3 702 701 777 
3 632 701 702 
3 703 702 778 
3 702 777 778 
3 704 703 779 
3 703 778 779 
3 705 704 780 
3 704 779 780 
3 706 705 781 
3 705 780 781 
3 766 706 782 
3 706 781 782 
3 823 766 844 
3 766 782 844 
3 842 823 905 
3 823 844 905 
3 843 842 923 
3 842 905 923 
3 922 843 924 
3 843 923 924 
3 1003 922 1004 
3 922 924 1004 
3 1087 1003 1088 
3 1003 1004 1088 
3 1171 1170 1087 
3 1171 1087 1172 
3 1172 1087 1088 
3 1259 1171 1172 
3 627 626 696 
3 565 626 627 
3 628 627 697 
3 627 696 697 
3 629 628 698 
3 628 697 698 
3 630 629 699 
3 629 698 699 
3 631 630 700 
3 630 699 700 
3 701 632 631 
3 700 701 631 
3 563 577 624 
3 518 577 563 
3 564 563 625 
3 563 624 625 
3 626 565 564 
3 625 626 564 
3 517 575 576 
3 516 575 517 
3 577 518 517 
3 576 577 517 
3 522 580 581 
3 521 580 522 
3 575 516 522 
3 581 575 522 
3 641 712 642 
3 641 579 578 
3 641 642 579 
3 642 643 579 
3 580 521 579 
3 643 580 579 
3 672 743 744 
3 712 672 744 
3 641 672 712 
3 641 605 672 
3 641 606 605 
3 578 606 641 
3 740 817 741 
3 740 670 739 
3 740 741 670 
3 741 742 670 
3 743 672 671 
3 743 671 742 
3 742 671 670 
3 605 671 672 
3 816 898 900 
3 817 816 900 
3 740 816 817 
3 740 737 816 
3 740 738 737 
3 739 738 740 
3 815 898 816 
3 815 814 898 
3 814 899 898 
3 737 815 816 
3 897 981 982 
3 896 981 897 
3 899 814 897 
3 982 899 897 
3 896 980 981 
3 981 980 1065 
3 980 1057 1065 
3 1065 1057 1149 
3 1148 1233 1234 
3 1147 1233 1148 
3 1149 1057 1148 
3 1234 1149 1148 
3 1147 1232 1233 
3 1233 1232 1326 
3 1232 1237 1326 
3 1326 1237 1331 
3 1333 1432 1430 
3 1333 1430 1331 
3 1333 1331 1238 
3 1238 1331 1237 
3 1332 1432 1333 
3 1332 1428 1432 
3 1428 1536 1432 
3 1238 1332 1333 
3 1428 1429 1536 
3 1536 1429 1537 
3 1429 1531 1537 
3 1537 1531 1635 
3 1531 1628 1635 
3 1635 1628 1729 
3 1628 1629 1729 
3 1729 1629 1730 
3 1629 1634 1730 
3 1730 1634 1735 
3 1822 1913 1826 
3 1822 1826 1735 
3 1822 1735 1731 
3 1731 1735 1634 
3 1821 1913 1822 
3 1821 1824 1913 
3 1824 1916 1913 
3 1731 1821 1822 
3 1824 1825 1916 
3 1916 1825 1917 
3 1915 2002 2003 
3 2001 2002 1915 
3 1917 1825 1915 
3 2003 1917 1915 
3 2385 2483 2384 
3 2384 2282 2385 
3 2283 2385 2282 
3 2282 2184 2283 
3 2284 2283 2184 
3 2281 2284 2184 
3 2285 2184 2282 
3 2285 2185 2184 
3 2185 2091 2184 
3 2092 2091 2093 
3 2091 2185 2093 
3 2002 2001 2092 
3 2093 2002 2092 
3 2282 2384 2386 
3 2285 2282 2386 
3 1555 1454 1455 
3 1555 1455 1556 
3 1648 1647 1555 
3 1648 1555 1556 
3 1649 1648 1556 
3 1353 1260 1354 
3 1259 1260 1353 
3 1455 1454 1353 
3 1455 1353 1456 
3 1456 1353 1354 
3 1556 1455 1456 
3 777 776 855 
3 701 776 777 
3 778 777 856 
3 777 855 856 
3 779 778 857 
3 778 856 857 
3 780 779 858 
3 779 857 858 
3 781 780 859 
3 780 858 859 
3 782 781 860 
3 781 859 860 
3 844 782 861 
3 782 860 861 
3 905 844 925 
3 844 861 925 
3 923 905 988 
3 905 925 988 
3 924 923 1005 
3 923 988 1005 
3 1004 924 1006 
3 924 1005 1006 
3 1088 1004 1089 
3 1004 1006 1089 
3 1172 1088 1173 
3 1088 1089 1173 
3 1260 1259 1172 
3 1173 1260 1172 
3 696 695 771 
3 626 695 696 
3 697 696 772 
3 696 771 772 
3 698 697 773 
3 697 772 773 
3 699 698 774 
3 698 773 774 
3 700 699 775 
3 699 774 775 
3 776 701 700 
3 775 776 700 
3 624 640 693 
3 577 640 624 
3 625 624 694 
3 624 693 694 
3 695 626 625 
3 694 695 625 
3 637 707 638 
3 637 576 575 
3 637 638 576 
3 638 639 576 
3 640 577 576 
3 639 640 576 
3 644 715 716 
3 707 644 716 
3 637 644 707 
3 637 580 644 
3 637 581 580 
3 575 581 637 
3 642 713 714 
3 712 713 642 
3 715 644 643 
3 715 643 714 
3 714 643 642 
3 580 643 644 
3 821 820 822 
3 821 744 743 
3 821 822 744 
3 822 787 744 
3 713 712 744 
3 787 713 744 
3 741 818 819 
3 817 818 741 
3 820 821 742 
3 820 742 819 
3 819 742 741 
3 743 742 821 
3 900 983 901 
3 898 983 900 
3 818 817 900 
3 901 818 900 
3 984 1066 1068 
3 984 1068 983 
3 984 983 899 
3 899 983 898 
3 982 1066 984 
3 982 981 1066 
3 981 1067 1066 
3 899 982 984 
3 981 1065 1067 
3 1067 1065 1154 
3 1235 1327 1239 
3 1235 1239 1154 
3 1235 1154 1149 
3 1149 1154 1065 
3 1234 1327 1235 
3 1234 1233 1327 
3 1233 1328 1327 
3 1149 1234 1235 
3 1233 1326 1328 
3 1328 1326 1425 
3 1431 1538 1532 
3 1431 1532 1425 
3 1431 1425 1331 
3 1331 1425 1326 
3 1430 1538 1431 
3 1430 1432 1538 
3 1432 1539 1538 
3 1331 1430 1431 
3 1432 1536 1539 
3 1539 1536 1638 
3 1536 1537 1638 
3 1638 1537 1639 
3 1537 1635 1639 
3 1639 1635 1736 
3 1635 1729 1736 
3 1736 1729 1818 
3 1819 1911 1910 
3 1819 1910 1818 
3 1819 1818 1730 
3 1730 1818 1729 
3 1820 1911 1819 
3 1912 1911 1820 
3 1730 1735 1820 
3 1819 1730 1820 
3 1826 1912 1820 
3 1826 1913 1912 
3 1913 1997 1912 
3 1735 1826 1820 
3 1913 1916 1997 
3 1997 1916 2004 
3 1916 1917 2004 
3 2004 1917 2005 
3 2003 2002 2094 
3 2003 2094 2006 
3 2003 2006 1917 
3 1917 2006 2005 
3 2483 2484 2384 
3 2185 2285 2286 
3 2185 2186 2093 
3 2286 2186 2185 
3 2093 2186 2095 
3 2002 2093 2095 
3 2002 2095 2096 
3 2002 2096 2094 
3 2006 2094 2096 
3 2384 2485 2386 
3 2484 2591 2485 
3 2485 2384 2484 
3 2591 2592 2485 
3 2386 2485 2387 
3 2285 2386 2387 
3 2285 2387 2287 
3 2285 2287 2286 
3 2186 2286 2287 
3 2187 2186 2287 
3 2095 2186 2187 
3 2698 2699 2593 
3 2592 2698 2593 
3 2593 2485 2592 
3 2486 2485 2593 
3 2387 2485 2486 
3 1651 1652 1557 
3 1652 1650 1557 
3 1649 1556 1650 
3 1650 1556 1557 
3 1354 1260 1261 
3 1355 1354 1261 
3 1355 1457 1354 
3 1457 1456 1354 
3 1557 1556 1456 
3 1457 1557 1456 
3 854 853 935 
3 854 855 776 
3 854 935 855 
3 935 936 855 
3 856 855 937 
3 855 936 937 
3 857 856 938 
3 856 937 938 
3 858 857 939 
3 857 938 939 
3 859 858 940 
3 858 939 940 
3 860 859 941 
3 859 940 941 
3 861 860 942 
3 860 941 942 
3 925 861 943 
3 861 942 943 
3 988 925 1007 
3 925 943 1007 
3 1005 988 1073 
3 988 1007 1073 
3 1006 1005 1090 
3 1005 1073 1090 
3 1089 1006 1091 
3 1006 1090 1091 
3 1173 1089 1174 
3 1089 1091 1174 
3 1261 1260 1173 
3 1261 1173 1262 
3 1262 1173 1174 
3 1355 1261 1262 
3 770 769 848 
3 770 771 695 
3 770 848 771 
3 848 849 771 
3 772 771 850 
3 771 849 850 
3 773 772 851 
3 772 850 851 
3 774 773 852 
3 773 851 852 
3 853 854 775 
3 853 775 852 
3 852 775 774 
3 776 775 854 
3 711 710 767 
3 711 693 640 
3 711 767 693 
3 767 768 693 
3 769 770 694 
3 769 694 768 
3 768 694 693 
3 695 694 770 
3 638 708 709 
3 707 708 638 
3 710 711 639 
3 710 639 709 
3 709 639 638 
3 640 639 711 
3 716 791 783 
3 715 791 716 
3 708 707 716 
3 783 708 716 
3 788 869 789 
3 788 714 713 
3 788 789 714 
3 789 790 714 
3 791 715 714 
3 790 791 714 
3 822 904 870 
3 820 904 822 
3 869 788 787 
3 869 787 870 
3 870 787 822 
3 713 787 788 
3 819 902 903 
3 818 902 819 
3 904 820 819 
3 903 904 819 
3 901 985 986 
3 983 985 901 
3 902 818 901 
3 986 902 901 
3 1068 1155 1069 
3 1066 1155 1068 
3 985 983 1068 
3 1069 985 1068 
3 1066 1067 1155 
3 1155 1067 1156 
3 1240 1334 1241 
3 1240 1241 1156 
3 1240 1156 1154 
3 1154 1156 1067 
3 1239 1334 1240 
3 1239 1327 1334 
3 1327 1426 1334 
3 1154 1239 1240 
3 1327 1328 1426 
3 1426 1328 1427 
3 1533 1636 1534 
3 1533 1534 1427 
3 1533 1427 1425 
3 1425 1427 1328 
3 1532 1636 1533 
3 1532 1538 1636 
3 1538 1640 1636 
3 1425 1532 1533 
3 1538 1539 1640 
3 1640 1539 1641 
3 1539 1638 1641 
3 1641 1638 1739 
3 1638 1639 1739 
3 1739 1639 1740 
3 1827 1918 1834 
3 1827 1834 1740 
3 1827 1740 1736 
3 1736 1740 1639 
3 1828 1918 1827 
3 1919 1918 1828 
3 1736 1818 1828 
3 1827 1736 1828 
3 1910 1919 1828 
3 1910 1911 1919 
3 1911 1996 1919 
3 1818 1910 1828 
3 1911 1912 1996 
3 1996 1912 1998 
3 1912 1997 1998 
3 1998 1997 2088 
3 1997 2004 2088 
3 2088 2004 2097 
3 2004 2005 2097 
3 2097 2005 2098 
3 2005 2006 2098 
3 2098 2006 2099 
3 2096 2188 2190 
3 2095 2188 2096 
3 2099 2006 2096 
3 2190 2099 2096 
3 2287 2387 2388 
3 2287 2288 2187 
3 2388 2288 2287 
3 2187 2288 2189 
3 2187 2189 2095 
3 2095 2189 2188 
3 2805 2913 2804 
3 2804 2700 2805 
3 2701 2805 2700 
3 2700 2593 2701 
3 2702 2701 2593 
3 2699 2702 2593 
3 2593 2594 2486 
3 2700 2594 2593 
3 2486 2594 2487 
3 2387 2486 2487 
3 2387 2487 2389 
3 2387 2389 2388 
3 2288 2388 2389 
3 2291 2288 2389 
3 2189 2288 2291 
3 2700 2804 2703 
3 2594 2700 2703 
3 2595 2594 2703 
3 2487 2594 2595 
3 1654 1653 1558 
3 1653 1651 1557 
3 1653 1557 1558 
3 1023 1022 1109 
3 1023 1110 1024 
3 1109 1110 1023 
3 1110 1111 1024 
3 1457 1356 1458 
3 1355 1356 1457 
3 1558 1557 1457 
3 1458 1558 1457 
3 935 934 1017 
3 853 934 935 
3 936 935 1018 
3 935 1017 1018 
3 937 936 1019 
3 936 1018 1019 
3 938 937 1020 
3 937 1019 1020 
3 939 938 1021 
3 938 1020 1021 
3 1022 1023 940 
3 1022 940 1021 
3 1021 940 939 
3 941 940 1023 
3 1024 941 1023 
3 1024 1111 1025 
3 1024 1025 941 
3 941 1025 942 
3 943 942 1026 
3 942 1025 1026 
3 1007 943 1027 
3 943 1026 1027 
3 1073 1007 1092 
3 1007 1027 1092 
3 1090 1073 1161 
3 1073 1092 1161 
3 1091 1090 1175 
3 1090 1161 1175 
3 1174 1091 1176 
3 1091 1175 1176 
3 1262 1174 1263 
3 1174 1176 1263 
3 1356 1355 1262 
3 1263 1356 1262 
3 848 847 929 
3 769 847 848 
3 849 848 930 
3 848 929 930 
3 850 849 931 
3 849 930 931 
3 851 850 932 
3 850 931 932 
3 852 851 933 
3 851 932 933 
3 934 853 852 
3 933 934 852 
3 767 786 845 
3 710 786 767 
3 768 767 846 
3 767 845 846 
3 847 769 768 
3 846 847 768 
3 709 784 785 
3 708 784 709 
3 786 710 709 
3 785 786 709 
3 862 873 863 
3 862 783 791 
3 862 863 783 
3 863 864 783 
3 784 708 783 
3 864 784 783 
3 789 871 872 
3 869 871 789 
3 873 862 790 
3 873 790 872 
3 872 790 789 
3 791 790 862 
3 951 1034 952 
3 951 870 904 
3 951 952 870 
3 952 953 870 
3 871 869 870 
3 953 871 870 
3 987 1070 1072 
3 1034 987 1072 
3 951 987 1034 
3 951 902 987 
3 951 903 902 
3 904 903 951 
3 986 1070 987 
3 986 985 1070 
3 985 1071 1070 
3 902 986 987 
3 1069 1157 1158 
3 1155 1157 1069 
3 1071 985 1069 
3 1158 1071 1069 
3 1155 1156 1157 
3 1157 1156 1242 
3 1241 1335 1336 
3 1334 1335 1241 
3 1242 1156 1241 
3 1336 1242 1241 
3 1334 1426 1335 
3 1335 1426 1433 
3 1535 1637 1540 
3 1535 1540 1433 
3 1535 1433 1427 
3 1427 1433 1426 
3 1534 1637 1535 
3 1534 1636 1637 
3 1636 1737 1637 
3 1427 1534 1535 
3 1636 1640 1737 
3 1737 1640 1741 
3 1640 1641 1741 
3 1741 1641 1742 
3 1832 1923 1837 
3 1832 1837 1742 
3 1832 1742 1739 
3 1739 1742 1641 
3 1833 1923 1832 
3 1924 1923 1833 
3 1739 1740 1833 
3 1832 1739 1833 
3 1834 1924 1833 
3 1834 1918 1924 
3 1918 2007 1924 
3 1740 1834 1833 
3 1918 1919 2007 
3 2007 1919 2008 
3 1919 1996 2008 
3 2008 1996 2087 
3 1996 1998 2087 
3 2087 1998 2089 
3 1998 2088 2089 
3 2089 2088 2181 
3 2088 2097 2181 
3 2181 2097 2191 
3 2097 2098 2191 
3 2191 2098 2192 
3 2098 2099 2192 
3 2192 2099 2193 
3 2190 2188 2289 
3 2190 2289 2194 
3 2190 2194 2099 
3 2099 2194 2193 
3 2289 2290 2295 
3 2289 2188 2290 
3 2188 2189 2290 
3 2194 2289 2295 
3 2913 2914 2804 
3 2389 2487 2488 
3 2489 2389 2488 
3 2489 2390 2389 
3 2390 2291 2389 
3 2290 2189 2291 
3 2390 2290 2291 
3 2915 2916 2806 
3 2914 2915 2806 
3 2806 2804 2914 
3 2804 2806 2703 
3 2703 2806 2807 
3 2595 2703 2704 
3 2703 2807 2704 
3 2488 2487 2595 
3 2488 2595 2596 
3 2596 2595 2704 
3 2489 2488 2596 
3 1654 1558 1655 
3 1655 1558 1656 
3 1746 1655 1656 
3 1109 1108 1194 
3 1022 1108 1109 
3 1110 1109 1195 
3 1109 1194 1195 
3 1195 1111 1110 
3 1196 1111 1195 
3 1458 1356 1357 
3 1458 1357 1459 
3 1558 1458 1459 
3 1558 1459 1559 
3 1558 1559 1656 
3 1746 1656 1657 
3 1657 1656 1559 
3 1017 1016 1103 
3 934 1016 1017 
3 1018 1017 1104 
3 1017 1103 1104 
3 1019 1018 1105 
3 1018 1104 1105 
3 1020 1019 1106 
3 1019 1105 1106 
3 1021 1020 1107 
3 1020 1106 1107 
3 1108 1022 1021 
3 1107 1108 1021 
3 1111 1196 1112 
3 1025 1111 1112 
3 1026 1025 1113 
3 1025 1112 1113 
3 1027 1026 1114 
3 1026 1113 1114 
3 1092 1027 1115 
3 1027 1114 1115 
3 1161 1092 1177 
3 1092 1115 1177 
3 1175 1161 1246 
3 1161 1177 1246 
3 1176 1175 1264 
3 1175 1246 1264 
3 1263 1176 1265 
3 1176 1264 1265 
3 1357 1356 1263 
3 1357 1263 1358 
3 1358 1263 1265 
3 1459 1357 1358 
3 929 928 1011 
3 847 928 929 
3 930 929 1012 
3 929 1011 1012 
3 931 930 1013 
3 930 1012 1013 
3 932 931 1014 
3 931 1013 1014 
3 933 932 1015 
3 932 1014 1015 
3 1016 934 933 
3 1015 1016 933 
3 845 868 926 
3 786 868 845 
3 846 845 927 
3 845 926 927 
3 928 847 846 
3 927 928 846 
3 865 946 866 
3 865 785 784 
3 865 866 785 
3 866 867 785 
3 868 786 785 
3 867 868 785 
3 863 944 945 
3 873 944 863 
3 946 865 864 
3 946 864 945 
3 945 864 863 
3 784 864 865 
3 954 1037 955 
3 954 872 871 
3 954 955 872 
3 955 956 872 
3 944 873 872 
3 956 944 872 
3 952 1035 1036 
3 1034 1035 952 
3 1037 954 953 
3 1037 953 1036 
3 1036 953 952 
3 871 953 954 
3 1072 1159 1123 
3 1070 1159 1072 
3 1035 1034 1072 
3 1123 1035 1072 
3 1160 1243 1245 
3 1160 1245 1159 
3 1160 1159 1071 
3 1071 1159 1070 
3 1158 1243 1160 
3 1158 1157 1243 
3 1157 1244 1243 
3 1071 1158 1160 
3 1337 1434 1339 
3 1337 1339 1244 
3 1337 1244 1242 
3 1242 1244 1157 
3 1336 1434 1337 
3 1336 1335 1434 
3 1335 1435 1434 
3 1242 1336 1337 
3 1541 1642 1543 
3 1541 1543 1435 
3 1541 1435 1433 
3 1433 1435 1335 
3 1540 1642 1541 
3 1540 1637 1642 
3 1637 1738 1642 
3 1433 1540 1541 
3 1637 1737 1738 
3 1738 1737 1829 
3 1835 1925 1920 
3 1835 1920 1829 
3 1835 1829 1741 
3 1741 1829 1737 
3 1836 1925 1835 
3 1926 1925 1836 
3 1741 1742 1836 
3 1835 1741 1836 
3 1837 1926 1836 
3 1837 1923 1926 
3 1923 2012 1926 
3 1742 1837 1836 
3 1923 1924 2012 
3 2012 1924 2013 
3 1924 2007 2013 
3 2013 2007 2100 
3 2007 2008 2100 
3 2100 2008 2101 
3 2008 2087 2101 
3 2101 2087 2180 
3 2087 2089 2180 
3 2180 2089 2182 
3 2089 2181 2182 
3 2182 2181 2278 
3 2181 2191 2278 
3 2278 2191 2292 
3 2191 2192 2292 
3 2292 2192 2293 
3 2192 2193 2293 
3 2293 2193 2294 
3 2193 2194 2294 
3 2294 2194 2296 
3 2295 2391 2394 
3 2290 2391 2295 
3 2296 2194 2295 
3 2394 2296 2295 
3 2390 2490 2491 
3 2489 2490 2390 
3 2391 2290 2390 
3 2491 2391 2390 
3 3022 3023 2917 
3 2916 3022 2917 
3 2917 2806 2916 
3 2807 2806 2808 
3 2806 2917 2808 
3 2704 2807 2705 
3 2807 2808 2705 
3 2596 2704 2597 
3 2704 2705 2597 
3 2490 2489 2596 
3 2597 2490 2596 
3 1193 1192 1282 
3 1193 1194 1108 
3 1193 1282 1194 
3 1282 1283 1194 
3 1195 1194 1284 
3 1194 1283 1284 
3 1284 1196 1195 
3 1285 1196 1284 
3 1559 1460 1560 
3 1459 1460 1559 
3 1658 1657 1559 
3 1659 1658 1559 
3 1559 1560 1659 
3 1102 1101 1187 
3 1102 1103 1016 
3 1102 1187 1103 
3 1187 1188 1103 
3 1104 1103 1189 
3 1103 1188 1189 
3 1105 1104 1190 
3 1104 1189 1190 
3 1106 1105 1191 
3 1105 1190 1191 
3 1192 1193 1107 
3 1192 1107 1191 
3 1191 1107 1106 
3 1108 1107 1193 
3 1196 1285 1197 
3 1112 1196 1197 
3 1113 1112 1198 
3 1112 1197 1198 
3 1114 1113 1199 
3 1113 1198 1199 
3 1115 1114 1200 
3 1114 1199 1200 
3 1177 1115 1201 
3 1115 1200 1201 
3 1246 1177 1266 
3 1177 1201 1266 
3 1359 1266 1363 
3 1359 1264 1266 
3 1264 1246 1266 
3 1360 1264 1359 
3 1360 1361 1264 
3 1361 1265 1264 
3 1358 1265 1362 
3 1265 1361 1362 
3 1460 1459 1358 
3 1362 1460 1358 
3 1011 1010 1097 
3 928 1010 1011 
3 1012 1011 1098 
3 1011 1097 1098 
3 1013 1012 1099 
3 1012 1098 1099 
3 1014 1013 1100 
3 1013 1099 1100 
3 1101 1102 1015 
3 1101 1015 1100 
3 1100 1015 1014 
3 1016 1015 1102 
3 1359 1363 1461 
3 1360 1359 1461 
3 926 950 1008 
3 868 950 926 
3 927 926 1009 
3 926 1008 1009 
3 1010 928 927 
3 1009 1010 927 
3 866 947 948 
3 946 947 866 
3 867 866 949 
3 866 948 949 
3 950 868 867 
3 949 950 867 
3 945 1028 1029 
3 944 1028 945 
3 947 946 945 
3 1029 947 945 
3 955 1038 1039 
3 1037 1038 955 
3 956 955 1040 
3 955 1039 1040 
3 1028 944 956 
3 1040 1028 956 
3 1036 1124 1125 
3 1035 1124 1036 
3 1038 1037 1036 
3 1125 1038 1036 
3 1123 1209 1210 
3 1159 1209 1123 
3 1124 1035 1123 
3 1210 1124 1123 
3 1245 1338 1300 
3 1243 1338 1245 
3 1209 1159 1245 
3 1300 1209 1245 
3 1340 1438 1436 
3 1340 1436 1338 
3 1340 1338 1244 
3 1244 1338 1243 
3 1339 1438 1340 
3 1339 1434 1438 
3 1434 1542 1438 
3 1244 1339 1340 
3 1544 1645 1643 
3 1544 1643 1542 
3 1544 1542 1435 
3 1435 1542 1434 
3 1543 1645 1544 
3 1543 1642 1645 
3 1642 1743 1645 
3 1435 1543 1544 
3 1830 1921 1838 
3 1830 1838 1743 
3 1830 1743 1738 
3 1738 1743 1642 
3 1831 1921 1830 
3 1922 1921 1831 
3 1738 1829 1831 
3 1830 1738 1831 
3 1920 1922 1831 
3 1920 1925 1922 
3 1925 2010 1922 
3 1829 1920 1831 
3 1925 1926 2010 
3 2010 1926 2014 
3 1926 2012 2014 
3 2014 2012 2105 
3 2012 2013 2105 
3 2105 2013 2106 
3 2013 2100 2106 
3 2106 2100 2195 
3 2196 2298 2297 
3 2196 2297 2195 
3 2196 2195 2101 
3 2101 2195 2100 
3 2197 2298 2196 
3 2299 2298 2197 
3 2101 2180 2197 
3 2196 2101 2197 
3 2277 2299 2197 
3 2380 2299 2277 
3 2180 2182 2277 
3 2197 2180 2277 
3 2279 2380 2277 
3 2383 2380 2279 
3 2182 2278 2279 
3 2277 2182 2279 
3 2279 2381 2383 
3 2381 2279 2278 
3 2381 2278 2382 
3 2382 2278 2292 
3 2292 2293 2382 
3 2382 2293 2392 
3 2293 2294 2392 
3 2392 2294 2393 
3 2294 2296 2393 
3 2393 2296 2395 
3 2394 2492 2495 
3 2391 2492 2394 
3 2395 2296 2394 
3 2495 2395 2394 
3 2491 2598 2599 
3 2490 2598 2491 
3 2492 2391 2491 
3 2599 2492 2491 
3 3026 3027 2919 
3 3023 3026 2919 
3 2919 2917 3023 
3 2918 2919 3024 
3 2918 2808 2919 
3 2808 2917 2919 
3 2920 2808 2918 
3 2920 2809 2808 
3 2809 2705 2808 
3 2597 2705 2706 
3 2705 2809 2706 
3 2598 2490 2597 
3 2706 2598 2597 
3 2918 3024 3025 
3 2920 2918 3025 
3 1748 1747 1661 
3 1747 1660 1661 
3 1282 1281 1379 
3 1192 1281 1282 
3 1283 1282 1380 
3 1282 1379 1380 
3 1381 1380 1382 
3 1381 1284 1380 
3 1284 1283 1380 
3 1284 1381 1285 
3 1560 1465 1565 
3 1460 1465 1560 
3 1660 1659 1560 
3 1560 1661 1660 
3 1565 1661 1560 
3 1187 1186 1276 
3 1101 1186 1187 
3 1188 1187 1277 
3 1187 1276 1277 
3 1189 1188 1278 
3 1188 1277 1278 
3 1190 1189 1279 
3 1189 1278 1279 
3 1191 1190 1280 
3 1190 1279 1280 
3 1281 1192 1191 
3 1280 1281 1191 
3 1381 1382 1286 
3 1285 1381 1286 
3 1285 1286 1197 
3 1197 1286 1287 
3 1198 1197 1288 
3 1197 1287 1288 
3 1199 1198 1289 
3 1198 1288 1289 
3 1200 1199 1290 
3 1199 1289 1290 
3 1201 1200 1291 
3 1200 1290 1291 
3 1266 1201 1292 
3 1201 1291 1292 
3 1292 1363 1266 
3 1390 1363 1292 
3 1361 1360 1462 
3 1463 1361 1462 
3 1463 1464 1361 
3 1464 1362 1361 
3 1465 1460 1362 
3 1464 1465 1362 
3 1096 1095 1181 
3 1096 1097 1010 
3 1096 1181 1097 
3 1181 1182 1097 
3 1098 1097 1183 
3 1097 1182 1183 
3 1099 1098 1184 
3 1098 1183 1184 
3 1100 1099 1185 
3 1099 1184 1185 
3 1186 1101 1100 
3 1185 1186 1100 
3 1363 1390 1466 
3 1461 1363 1466 
3 1462 1360 1461 
3 1462 1461 1561 
3 1561 1461 1466 
3 1463 1462 1561 
3 1033 1032 1093 
3 1033 1008 950 
3 1033 1093 1008 
3 1093 1094 1008 
3 1095 1096 1009 
3 1095 1009 1094 
3 1094 1009 1008 
3 1010 1009 1096 
3 948 1030 1031 
3 947 1030 948 
3 1032 1033 949 
3 1032 949 1031 
3 1031 949 948 
3 950 949 1033 
3 1116 1128 1117 
3 1116 1029 1028 
3 1116 1117 1029 
3 1117 1118 1029 
3 1030 947 1029 
3 1118 1030 1029 
3 1039 1126 1127 
3 1038 1126 1039 
3 1128 1116 1040 
3 1128 1040 1127 
3 1127 1040 1039 
3 1028 1040 1116 
3 1125 1211 1212 
3 1124 1211 1125 
3 1126 1038 1125 
3 1212 1126 1125 
3 1301 1399 1302 
3 1301 1210 1209 
3 1301 1302 1210 
3 1302 1303 1210 
3 1211 1124 1210 
3 1303 1211 1210 
3 1300 1399 1301 
3 1300 1338 1399 
3 1338 1437 1399 
3 1209 1300 1301 
3 1436 1545 1546 
3 1438 1545 1436 
3 1437 1338 1436 
3 1546 1437 1436 
3 1644 1744 1646 
3 1644 1646 1545 
3 1644 1545 1542 
3 1542 1545 1438 
3 1643 1744 1644 
3 1643 1645 1744 
3 1645 1745 1744 
3 1542 1643 1644 
3 1839 1927 1840 
3 1839 1840 1745 
3 1839 1745 1743 
3 1743 1745 1645 
3 1838 1927 1839 
3 1838 1921 1927 
3 1921 2009 1927 
3 1743 1838 1839 
3 1921 1922 2009 
3 2009 1922 2011 
3 1922 2010 2011 
3 2011 2010 2103 
3 2010 2014 2103 
3 2103 2014 2107 
3 2014 2105 2107 
3 2107 2105 2203 
3 2204 2305 2304 
3 2204 2304 2203 
3 2204 2203 2106 
3 2106 2203 2105 
3 2205 2305 2204 
3 2306 2305 2205 
3 2106 2195 2205 
3 2204 2106 2205 
3 2297 2306 2205 
3 2297 2298 2306 
3 2298 2396 2306 
3 2195 2297 2205 
3 2298 2299 2396 
3 2396 2299 2397 
3 2299 2380 2397 
3 2397 2380 2479 
3 2380 2383 2479 
3 2479 2383 2482 
3 2383 2480 2482 
3 2381 2480 2383 
3 2480 2381 2382 
3 2481 2480 2382 
3 2382 2392 2481 
3 2481 2392 2493 
3 2392 2393 2493 
3 2493 2393 2494 
3 2393 2395 2494 
3 2494 2395 2496 
3 2495 2600 2602 
3 2492 2600 2495 
3 2496 2395 2495 
3 2602 2496 2495 
3 2599 2707 2708 
3 2598 2707 2599 
3 2600 2492 2599 
3 2708 2600 2599 
3 3136 3137 3028 
3 3027 3136 3028 
3 3028 2919 3027 
3 3028 3024 2919 
3 3135 3024 3028 
3 2809 2921 2922 
3 2920 2921 2809 
3 2706 2809 2810 
3 2809 2922 2810 
3 2707 2598 2706 
3 2810 2707 2706 
3 3024 3135 3029 
3 3025 3024 3029 
3 2921 2920 3025 
3 3029 2921 3025 
3 1749 1667 1754 
3 1754 1667 1755 
3 1749 1748 1661 
3 1749 1661 1667 
3 1845 1754 1755 
3 1379 1378 1483 
3 1281 1378 1379 
3 1380 1379 1484 
3 1379 1483 1484 
3 1484 1382 1380 
3 1485 1382 1484 
3 1565 1564 1666 
3 1465 1564 1565 
3 1667 1661 1565 
3 1666 1667 1565 
3 1276 1275 1373 
3 1186 1275 1276 
3 1277 1276 1374 
3 1276 1373 1374 
3 1278 1277 1375 
3 1277 1374 1375 
3 1279 1278 1376 
3 1278 1375 1376 
3 1280 1279 1377 
3 1279 1376 1377 
3 1378 1281 1280 
3 1377 1378 1280 
3 1382 1485 1383 
3 1286 1382 1383 
3 1287 1286 1384 
3 1286 1383 1384 
3 1288 1287 1385 
3 1287 1384 1385 
3 1289 1288 1386 
3 1288 1385 1386 
3 1290 1289 1387 
3 1289 1386 1387 
3 1291 1290 1388 
3 1290 1387 1388 
3 1292 1291 1389 
3 1291 1388 1389 
3 1389 1390 1292 
3 1493 1390 1389 
3 1464 1562 1563 
3 1463 1562 1464 
3 1564 1465 1464 
3 1563 1564 1464 
3 1181 1180 1270 
3 1095 1180 1181 
3 1182 1181 1271 
3 1181 1270 1271 
3 1183 1182 1272 
3 1182 1271 1272 
3 1184 1183 1273 
3 1183 1272 1273 
3 1185 1184 1274 
3 1184 1273 1274 
3 1275 1186 1185 
3 1274 1275 1185 
3 1390 1493 1495 
3 1466 1390 1495 
3 1561 1466 1566 
3 1466 1495 1566 
3 1562 1463 1561 
3 1566 1562 1561 
3 1093 1122 1178 
3 1032 1122 1093 
3 1094 1093 1179 
3 1093 1178 1179 
3 1180 1095 1094 
3 1179 1180 1094 
3 1119 1204 1120 
3 1119 1031 1030 
3 1119 1120 1031 
3 1120 1121 1031 
3 1122 1032 1031 
3 1121 1122 1031 
3 1117 1202 1203 
3 1128 1202 1117 
3 1204 1119 1118 
3 1204 1118 1203 
3 1203 1118 1117 
3 1030 1118 1119 
3 1213 1305 1214 
3 1213 1127 1126 
3 1213 1214 1127 
3 1214 1215 1127 
3 1202 1128 1127 
3 1215 1202 1127 
3 1304 1402 1403 
3 1305 1304 1403 
3 1213 1304 1305 
3 1213 1211 1304 
3 1213 1212 1211 
3 1126 1212 1213 
3 1302 1400 1401 
3 1399 1400 1302 
3 1402 1304 1303 
3 1402 1303 1401 
3 1401 1303 1302 
3 1211 1303 1304 
3 1505 1606 1506 
3 1505 1506 1400 
3 1505 1400 1437 
3 1437 1400 1399 
3 1607 1711 1709 
3 1606 1607 1709 
3 1505 1607 1606 
3 1505 1545 1607 
3 1505 1546 1545 
3 1437 1546 1505 
3 1646 1711 1607 
3 1646 1744 1711 
3 1744 1800 1711 
3 1545 1646 1607 
3 1841 1928 1896 
3 1841 1896 1800 
3 1841 1800 1745 
3 1745 1800 1744 
3 1840 1928 1841 
3 1840 1927 1928 
3 1927 2015 1928 
3 1745 1840 1841 
3 1927 2009 2015 
3 2015 2009 2102 
3 2009 2011 2102 
3 2102 2011 2104 
3 2200 2302 2202 
3 2200 2202 2104 
3 2200 2104 2103 
3 2103 2104 2011 
3 2201 2302 2200 
3 2303 2302 2201 
3 2103 2107 2201 
3 2200 2103 2201 
3 2206 2303 2201 
3 2307 2303 2206 
3 2107 2203 2206 
3 2201 2107 2206 
3 2304 2307 2206 
3 2304 2305 2307 
3 2305 2401 2307 
3 2203 2304 2206 
3 2305 2306 2401 
3 2401 2306 2402 
3 2306 2396 2402 
3 2402 2396 2497 
3 2396 2397 2497 
3 2497 2397 2498 
3 2397 2479 2498 
3 2498 2479 2585 
3 2479 2482 2585 
3 2585 2482 2589 
3 2586 2482 2480 
3 2586 2590 2482 
3 2590 2589 2482 
3 2480 2481 2586 
3 2586 2587 2590 
3 2587 2586 2481 
3 2587 2481 2588 
3 2588 2481 2493 
3 2493 2494 2588 
3 2588 2494 2601 
3 2494 2496 2601 
3 2601 2496 2603 
3 2602 2709 2711 
3 2600 2709 2602 
3 2603 2496 2602 
3 2711 2603 2602 
3 2708 2811 2812 
3 2707 2811 2708 
3 2709 2600 2708 
3 2812 2709 2708 
3 3249 3250 3138 
3 3137 3249 3138 
3 3138 3028 3137 
3 3138 3135 3028 
3 3248 3135 3138 
3 2922 2921 3030 
3 3031 2922 3030 
3 3031 2923 2922 
3 2923 2810 2922 
3 2811 2707 2810 
3 2923 2811 2810 
3 3135 3248 3139 
3 3029 3135 3139 
3 3030 2921 3029 
3 3030 3029 3140 
3 3140 3029 3139 
3 3031 3030 3140 
3 1755 1667 1756 
3 1755 1756 1846 
3 1845 1755 1847 
3 1847 1755 1846 
3 1932 1847 1846 
3 1482 1481 1582 
3 1482 1483 1378 
3 1482 1582 1483 
3 1582 1583 1483 
3 1484 1483 1584 
3 1483 1583 1584 
3 1584 1485 1484 
3 1585 1485 1584 
3 1666 1564 1664 
3 1666 1664 1752 
3 1667 1666 1752 
3 1667 1752 1757 
3 1667 1757 1756 
3 1846 1756 1757 
3 1373 1372 1477 
3 1275 1372 1373 
3 1374 1373 1478 
3 1373 1477 1478 
3 1375 1374 1479 
3 1374 1478 1479 
3 1376 1375 1480 
3 1375 1479 1480 
3 1481 1482 1377 
3 1481 1377 1480 
3 1480 1377 1376 
3 1378 1377 1482 
3 1485 1585 1486 
3 1383 1485 1486 
3 1384 1383 1487 
3 1383 1486 1487 
3 1385 1384 1488 
3 1384 1487 1488 
3 1386 1385 1489 
3 1385 1488 1489 
3 1387 1386 1490 
3 1386 1489 1490 
3 1388 1387 1491 
3 1387 1490 1491 
3 1389 1388 1492 
3 1388 1491 1492 
3 1493 1494 1594 
3 1493 1389 1494 
3 1389 1492 1494 
3 1494 1595 1594 
3 1563 1662 1663 
3 1562 1662 1563 
3 1664 1564 1563 
3 1664 1563 1665 
3 1665 1563 1663 
3 1752 1664 1665 
3 1270 1269 1367 
3 1180 1269 1270 
3 1271 1270 1368 
3 1270 1367 1368 
3 1272 1271 1369 
3 1271 1368 1369 
3 1273 1272 1370 
3 1272 1369 1370 
3 1274 1273 1371 
3 1273 1370 1371 
3 1372 1275 1274 
3 1371 1372 1274 
3 1493 1594 1495 
3 1594 1595 1596 
3 1594 1596 1495 
3 1495 1596 1566 
3 1662 1562 1566 
3 1596 1662 1566 
3 1178 1208 1267 
3 1122 1208 1178 
3 1179 1178 1268 
3 1178 1267 1268 
3 1269 1180 1179 
3 1268 1269 1179 
3 1120 1205 1206 
3 1204 1205 1120 
3 1121 1120 1207 
3 1120 1206 1207 
3 1208 1122 1121 
3 1207 1208 1121 
3 1293 1308 1294 
3 1293 1203 1202 
3 1293 1294 1203 
3 1294 1295 1203 
3 1205 1204 1203 
3 1295 1205 1203 
3 1214 1306 1307 
3 1305 1306 1214 
3 1308 1293 1215 
3 1308 1215 1307 
3 1307 1215 1214 
3 1202 1215 1293 
3 1403 1510 1404 
3 1402 1510 1403 
3 1306 1305 1403 
3 1404 1306 1403 
3 1507 1608 1508 
3 1507 1401 1400 
3 1507 1508 1401 
3 1508 1509 1401 
3 1510 1402 1401 
3 1509 1510 1401 
3 1506 1608 1507 
3 1506 1606 1608 
3 1606 1710 1608 
3 1400 1506 1507 
3 1709 1798 1799 
3 1711 1798 1709 
3 1710 1606 1709 
3 1799 1710 1709 
3 1893 1982 1894 
3 1893 1894 1798 
3 1893 1798 1800 
3 1800 1798 1711 
3 1896 1982 1893 
3 1896 1928 1982 
3 1928 2016 1982 
3 1800 1896 1893 
3 1928 2015 2016 
3 2016 2015 2108 
3 2198 2300 2207 
3 2198 2207 2108 
3 2198 2108 2102 
3 2102 2108 2015 
3 2199 2300 2198 
3 2301 2300 2199 
3 2102 2104 2199 
3 2198 2102 2199 
3 2202 2301 2199 
3 2202 2302 2301 
3 2302 2398 2301 
3 2104 2202 2199 
3 2302 2303 2398 
3 2398 2303 2400 
3 2303 2307 2400 
3 2400 2307 2403 
3 2307 2401 2403 
3 2403 2401 2504 
3 2401 2402 2504 
3 2504 2402 2505 
3 2402 2497 2505 
3 2505 2497 2604 
3 2497 2498 2604 
3 2604 2498 2605 
3 2498 2585 2605 
3 2605 2585 2693 
3 2585 2589 2693 
3 2693 2589 2696 
3 2589 2590 2696 
3 2696 2590 2697 
3 2590 2694 2697 
3 2587 2694 2590 
3 2694 2587 2588 
3 2695 2694 2588 
3 2588 2601 2695 
3 2695 2601 2710 
3 2601 2603 2710 
3 2710 2603 2712 
3 2711 2813 2815 
3 2709 2813 2711 
3 2712 2603 2711 
3 2815 2712 2711 
3 2812 2924 2925 
3 2811 2924 2812 
3 2813 2709 2812 
3 2925 2813 2812 
3 3353 3354 3251 
3 3250 3353 3251 
3 3251 3138 3250 
3 3251 3248 3138 
3 3352 3248 3251 
3 2923 3032 3033 
3 3031 3032 2923 
3 2924 2811 2923 
3 3033 2924 2923 
3 3248 3352 3252 
3 3139 3248 3252 
3 3140 3139 3141 
3 3139 3252 3141 
3 3032 3031 3140 
3 3141 3032 3140 
3 1934 1933 1848 
3 1933 1932 1846 
3 1933 1846 1848 
3 1581 1580 1683 
3 1581 1582 1481 
3 1581 1683 1582 
3 1683 1684 1582 
3 1583 1582 1685 
3 1582 1684 1685 
3 1584 1583 1686 
3 1583 1685 1686 
3 1686 1585 1584 
3 1687 1585 1686 
3 1757 1753 1844 
3 1752 1753 1757 
3 1848 1846 1757 
3 1844 1848 1757 
3 1476 1475 1576 
3 1476 1477 1372 
3 1476 1576 1477 
3 1576 1577 1477 
3 1478 1477 1578 
3 1477 1577 1578 
3 1479 1478 1579 
3 1478 1578 1579 
3 1580 1581 1480 
3 1580 1480 1579 
3 1579 1480 1479 
3 1481 1480 1581 
3 1585 1687 1586 
3 1486 1585 1586 
3 1487 1486 1587 
3 1486 1586 1587 
3 1488 1487 1588 
3 1487 1587 1588 
3 1489 1488 1589 
3 1488 1588 1589 
3 1490 1489 1590 
3 1489 1589 1590 
3 1491 1490 1591 
3 1490 1590 1591 
3 1492 1491 1592 
3 1491 1591 1592 
3 1494 1492 1593 
3 1492 1592 1593 
3 1593 1595 1494 
3 1696 1595 1593 
3 1663 1699 1750 
3 1662 1699 1663 
3 1665 1663 1751 
3 1663 1750 1751 
3 1753 1752 1665 
3 1751 1753 1665 
3 1367 1366 1471 
3 1269 1366 1367 
3 1368 1367 1472 
3 1367 1471 1472 
3 1369 1368 1473 
3 1368 1472 1473 
3 1370 1369 1474 
3 1369 1473 1474 
3 1475 1476 1371 
3 1475 1371 1474 
3 1474 1371 1370 
3 1372 1371 1476 
3 1595 1696 1698 
3 1596 1595 1698 
3 1699 1662 1596 
3 1698 1699 1596 
3 1267 1299 1364 
3 1208 1299 1267 
3 1268 1267 1365 
3 1267 1364 1365 
3 1366 1269 1268 
3 1365 1366 1268 
3 1206 1296 1297 
3 1205 1296 1206 
3 1207 1206 1298 
3 1206 1297 1298 
3 1299 1208 1207 
3 1298 1299 1207 
3 1294 1391 1392 
3 1308 1391 1294 
3 1295 1294 1393 
3 1294 1392 1393 
3 1296 1205 1295 
3 1393 1296 1295 
3 1405 1511 1406 
3 1405 1307 1306 
3 1405 1406 1307 
3 1406 1407 1307 
3 1391 1308 1307 
3 1407 1391 1307 
3 1512 1611 1612 
3 1511 1512 1612 
3 1405 1512 1511 
3 1405 1510 1512 
3 1405 1404 1510 
3 1306 1404 1405 
3 1508 1609 1610 
3 1608 1609 1508 
3 1611 1512 1509 
3 1611 1509 1610 
3 1610 1509 1508 
3 1510 1509 1512 
3 1712 1801 1713 
3 1712 1713 1609 
3 1712 1609 1710 
3 1710 1609 1608 
3 1799 1801 1712 
3 1799 1798 1801 
3 1798 1895 1801 
3 1710 1799 1712 
3 1894 1983 1984 
3 1982 1983 1894 
3 1895 1798 1894 
3 1984 1895 1894 
3 1982 2016 1983 
3 1983 2016 2072 
3 2167 2268 2168 
3 2167 2168 2072 
3 2167 2072 2108 
3 2108 2072 2016 
3 2207 2268 2167 
3 2207 2300 2268 
3 2300 2370 2268 
3 2108 2207 2167 
3 2300 2301 2370 
3 2370 2301 2399 
3 2499 2606 2501 
3 2499 2501 2399 
3 2499 2399 2398 
3 2398 2399 2301 
3 2500 2606 2499 
3 2607 2606 2500 
3 2398 2400 2500 
3 2499 2398 2500 
3 2503 2607 2500 
3 2609 2607 2503 
3 2400 2403 2503 
3 2500 2400 2503 
3 2506 2609 2503 
3 2612 2609 2506 
3 2403 2504 2506 
3 2503 2403 2506 
3 2506 2610 2612 
3 2610 2506 2504 
3 2610 2504 2611 
3 2611 2504 2505 
3 2505 2604 2611 
3 2611 2604 2713 
3 2604 2605 2713 
3 2713 2605 2714 
3 2605 2693 2714 
3 2714 2693 2799 
3 2693 2696 2799 
3 2799 2696 2802 
3 2696 2697 2802 
3 2802 2697 2803 
3 2697 2800 2803 
3 2694 2800 2697 
3 2800 2694 2695 
3 2801 2800 2695 
3 2695 2710 2801 
3 2801 2710 2814 
3 2710 2712 2814 
3 2814 2712 2816 
3 2815 2926 2928 
3 2813 2926 2815 
3 2816 2712 2815 
3 2928 2816 2815 
3 2925 3034 3035 
3 2924 3034 2925 
3 2926 2813 2925 
3 3035 2926 2925 
3 3464 3465 3355 
3 3354 3464 3355 
3 3355 3251 3354 
3 3355 3352 3251 
3 3463 3352 3355 
3 3033 3142 3143 
3 3032 3142 3033 
3 3034 2924 3033 
3 3143 3034 3033 
3 3352 3463 3356 
3 3252 3352 3356 
3 3141 3252 3253 
3 3252 3356 3253 
3 3142 3032 3141 
3 3253 3142 3141 
3 1935 1931 2019 
3 2019 1931 2020 
3 1935 1934 1848 
3 1935 1848 1931 
3 2111 2019 2020 
3 1683 1682 1774 
3 1580 1682 1683 
3 1684 1683 1775 
3 1683 1774 1775 
3 1685 1684 1776 
3 1684 1775 1776 
3 1686 1685 1777 
3 1685 1776 1777 
3 1777 1687 1686 
3 1778 1687 1777 
3 1844 1843 1930 
3 1753 1843 1844 
3 1931 1848 1844 
3 1930 1931 1844 
3 1576 1575 1678 
3 1475 1575 1576 
3 1577 1576 1679 
3 1576 1678 1679 
3 1578 1577 1680 
3 1577 1679 1680 
3 1579 1578 1681 
3 1578 1680 1681 
3 1682 1580 1579 
3 1681 1682 1579 
3 1687 1778 1688 
3 1586 1687 1688 
3 1587 1586 1689 
3 1586 1688 1689 
3 1588 1587 1690 
3 1587 1689 1690 
3 1589 1588 1691 
3 1588 1690 1691 
3 1590 1589 1692 
3 1589 1691 1692 
3 1591 1590 1693 
3 1590 1692 1693 
3 1592 1591 1694 
3 1591 1693 1694 
3 1593 1592 1695 
3 1592 1694 1695 
3 1696 1697 1788 
3 1696 1593 1697 
3 1593 1695 1697 
3 1788 1750 1699 
3 1788 1697 1750 
3 1697 1789 1750 
3 1751 1750 1842 
3 1750 1789 1842 
3 1843 1753 1751 
3 1842 1843 1751 
3 1471 1470 1571 
3 1366 1470 1471 
3 1472 1471 1572 
3 1471 1571 1572 
3 1473 1472 1573 
3 1472 1572 1573 
3 1474 1473 1574 
3 1473 1573 1574 
3 1575 1475 1474 
3 1574 1575 1474 
3 1696 1788 1698 
3 1699 1698 1788 
3 1398 1397 1467 
3 1398 1364 1299 
3 1398 1467 1364 
3 1467 1468 1364 
3 1365 1364 1469 
3 1364 1468 1469 
3 1470 1366 1365 
3 1469 1470 1365 
3 1394 1499 1395 
3 1394 1297 1296 
3 1394 1395 1297 
3 1395 1396 1297 
3 1397 1398 1298 
3 1397 1298 1396 
3 1396 1298 1297 
3 1299 1298 1398 
3 1496 1515 1497 
3 1496 1392 1391 
3 1496 1497 1392 
3 1497 1498 1392 
3 1499 1394 1393 
3 1499 1393 1498 
3 1498 1393 1392 
3 1296 1393 1394 
3 1406 1513 1514 
3 1511 1513 1406 
3 1515 1496 1407 
3 1515 1407 1514 
3 1514 1407 1406 
3 1391 1407 1496 
3 1612 1716 1613 
3 1611 1716 1612 
3 1513 1511 1612 
3 1613 1513 1612 
3 1610 1714 1715 
3 1609 1714 1610 
3 1716 1611 1610 
3 1715 1716 1610 
3 1713 1802 1803 
3 1801 1802 1713 
3 1714 1609 1713 
3 1803 1714 1713 
3 1897 1985 1898 
3 1897 1898 1802 
3 1897 1802 1895 
3 1895 1802 1801 
3 1984 1985 1897 
3 1984 1983 1985 
3 1983 2073 1985 
3 1895 1984 1897 
3 2169 2269 2170 
3 2169 2170 2073 
3 2169 2073 2072 
3 2072 2073 1983 
3 2168 2269 2169 
3 2168 2268 2269 
3 2268 2371 2269 
3 2072 2168 2169 
3 2268 2370 2371 
3 2371 2370 2471 
3 2502 2608 2576 
3 2502 2576 2471 
3 2502 2471 2399 
3 2399 2471 2370 
3 2501 2608 2502 
3 2501 2606 2608 
3 2606 2715 2608 
3 2399 2501 2502 
3 2606 2607 2715 
3 2715 2607 2716 
3 2607 2609 2716 
3 2716 2609 2717 
3 2609 2612 2717 
3 2717 2612 2721 
3 2718 2612 2610 
3 2718 2722 2612 
3 2722 2721 2612 
3 2610 2611 2718 
3 2718 2719 2722 
3 2719 2718 2611 
3 2719 2611 2720 
3 2720 2611 2713 
3 2713 2714 2720 
3 2720 2714 2817 
3 2714 2799 2817 
3 2817 2799 2908 
3 2799 2802 2908 
3 2908 2802 2911 
3 2802 2803 2911 
3 2911 2803 2912 
3 2803 2909 2912 
3 2800 2909 2803 
3 2909 2800 2801 
3 2910 2909 2801 
3 2801 2814 2910 
3 2910 2814 2927 
3 2814 2816 2927 
3 2927 2816 2929 
3 2928 3036 3037 
3 2926 3036 2928 
3 2929 2816 2928 
3 3037 2929 2928 
3 3035 3144 3145 
3 3034 3144 3035 
3 3036 2926 3035 
3 3145 3036 3035 
3 3465 3569 3466 
3 3465 3466 3355 
3 3569 3649 3570 
3 3570 3466 3569 
3 3649 3650 3570 
3 3355 3466 3463 
3 3143 3254 3255 
3 3142 3254 3143 
3 3144 3034 3143 
3 3255 3144 3143 
3 3466 3570 3467 
3 3463 3466 3467 
3 3463 3467 3356 
3 3356 3467 3468 
3 3253 3356 3357 
3 3356 3468 3357 
3 3254 3142 3253 
3 3357 3254 3253 
3 2020 2018 2110 
3 1931 2018 2020 
3 2112 2111 2020 
3 2113 2112 2020 
3 2020 2110 2113 
3 1773 1772 1864 
3 1773 1774 1682 
3 1773 1864 1774 
3 1864 1865 1774 
3 1775 1774 1866 
3 1774 1865 1866 
3 1776 1775 1867 
3 1775 1866 1867 
3 1777 1776 1868 
3 1776 1867 1868 
3 1868 1778 1777 
3 1869 1778 1868 
3 1930 1929 2017 
3 1843 1929 1930 
3 2018 1931 1930 
3 2017 2018 1930 
3 1677 1676 1768 
3 1677 1678 1575 
3 1677 1768 1678 
3 1768 1769 1678 
3 1679 1678 1770 
3 1678 1769 1770 
3 1680 1679 1771 
3 1679 1770 1771 
3 1772 1773 1681 
3 1772 1681 1771 
3 1771 1681 1680 
3 1682 1681 1773 
3 1778 1869 1779 
3 1688 1778 1779 
3 1689 1688 1780 
3 1688 1779 1780 
3 1690 1689 1781 
3 1689 1780 1781 
3 1691 1690 1782 
3 1690 1781 1782 
3 1692 1691 1783 
3 1691 1782 1783 
3 1693 1692 1784 
3 1692 1783 1784 
3 1694 1693 1785 
3 1693 1784 1785 
3 1695 1694 1786 
3 1694 1785 1786 
3 1697 1695 1787 
3 1695 1786 1787 
3 1878 1787 1879 
3 1878 1789 1787 
3 1789 1697 1787 
3 1881 1789 1878 
3 1881 1882 1789 
3 1882 1842 1789 
3 1929 1843 1842 
3 1882 1929 1842 
3 1570 1569 1672 
3 1570 1571 1470 
3 1570 1672 1571 
3 1672 1673 1571 
3 1572 1571 1674 
3 1571 1673 1674 
3 1573 1572 1675 
3 1572 1674 1675 
3 1676 1677 1574 
3 1676 1574 1675 
3 1675 1574 1573 
3 1575 1574 1677 
3 1878 1879 1967 
3 1881 1878 1967 
3 1467 1504 1567 
3 1397 1504 1467 
3 1468 1467 1568 
3 1467 1567 1568 
3 1569 1570 1469 
3 1569 1469 1568 
3 1568 1469 1468 
3 1470 1469 1570 
3 1500 1600 1501 
3 1500 1395 1499 
3 1500 1501 1395 
3 1501 1502 1395 
3 1396 1395 1503 
3 1395 1502 1503 
3 1504 1397 1396 
3 1503 1504 1396 
3 1597 1700 1598 
3 1597 1497 1515 
3 1597 1598 1497 
3 1598 1599 1497 
3 1600 1500 1498 
3 1600 1498 1599 
3 1599 1498 1497 
3 1499 1498 1500 
3 1614 1717 1718 
3 1700 1614 1718 
3 1597 1614 1700 
3 1597 1513 1614 
3 1597 1514 1513 
3 1515 1514 1597 
3 1719 1807 1805 
3 1717 1719 1805 
3 1614 1719 1717 
3 1614 1716 1719 
3 1614 1613 1716 
3 1513 1613 1614 
3 1804 1899 1901 
3 1807 1804 1901 
3 1719 1804 1807 
3 1719 1714 1804 
3 1719 1715 1714 
3 1716 1715 1719 
3 1803 1899 1804 
3 1803 1802 1899 
3 1802 1900 1899 
3 1714 1803 1804 
3 1898 1986 1987 
3 1985 1986 1898 
3 1900 1802 1898 
3 1987 1900 1898 
3 2074 2171 2075 
3 2074 2075 1986 
3 2074 1986 2073 
3 2073 1986 1985 
3 2170 2171 2074 
3 2170 2269 2171 
3 2269 2270 2171 
3 2073 2170 2074 
3 2372 2473 2373 
3 2372 2373 2270 
3 2372 2270 2371 
3 2371 2270 2269 
3 2472 2473 2372 
3 2577 2473 2472 
3 2371 2471 2472 
3 2372 2371 2472 
3 2576 2577 2472 
3 2576 2608 2577 
3 2608 2685 2577 
3 2471 2576 2472 
3 2790 2900 2791 
3 2790 2791 2685 
3 2790 2685 2715 
3 2715 2685 2608 
3 2818 2900 2790 
3 2930 2900 2818 
3 2715 2716 2818 
3 2790 2715 2818 
3 2818 2819 2930 
3 2819 2818 2716 
3 2819 2716 2820 
3 2820 2716 2717 
3 2717 2721 2820 
3 2820 2721 2824 
3 2721 2722 2824 
3 2824 2722 2825 
3 2821 2722 2719 
3 2821 2826 2722 
3 2826 2825 2722 
3 2719 2720 2821 
3 2821 2822 2826 
3 2822 2821 2720 
3 2822 2720 2823 
3 2823 2720 2817 
3 2817 2908 2823 
3 2823 2908 2935 
3 2908 2911 2935 
3 2935 2911 3019 
3 2911 2912 3019 
3 3019 2912 3020 
3 3016 2912 2909 
3 3016 3021 2912 
3 3021 3020 2912 
3 2909 2910 3016 
3 3016 3017 3021 
3 3017 3016 2910 
3 3017 2910 3018 
3 3018 2910 2927 
3 2927 2929 3018 
3 3018 2929 3038 
3 3037 3146 3147 
3 3036 3146 3037 
3 3038 2929 3037 
3 3147 3038 3037 
3 3145 3256 3257 
3 3144 3256 3145 
3 3146 3036 3145 
3 3257 3146 3145 
3 3650 3651 3570 
3 3729 3652 3651 
3 3651 3652 3570 
3 3255 3358 3359 
3 3254 3358 3255 
3 3256 3144 3255 
3 3359 3256 3255 
3 3570 3652 3571 
3 3467 3570 3571 
3 3468 3467 3572 
3 3467 3571 3572 
3 3357 3468 3469 
3 3468 3572 3469 
3 3358 3254 3357 
3 3469 3358 3357 
3 2110 2109 2208 
3 2018 2109 2110 
3 2210 2113 2110 
3 2211 2210 2110 
3 2110 2208 2211 
3 1864 1863 1952 
3 1772 1863 1864 
3 1865 1864 1953 
3 1864 1952 1953 
3 1866 1865 1954 
3 1865 1953 1954 
3 1867 1866 1955 
3 1866 1954 1955 
3 1868 1867 1956 
3 1867 1955 1956 
3 1956 1869 1868 
3 1957 1869 1956 
3 2017 1971 2058 
3 1929 1971 2017 
3 2109 2018 2017 
3 2058 2109 2017 
3 1768 1767 1859 
3 1676 1767 1768 
3 1769 1768 1860 
3 1768 1859 1860 
3 1770 1769 1861 
3 1769 1860 1861 
3 1771 1770 1862 
3 1770 1861 1862 
3 1863 1772 1771 
3 1862 1863 1771 
3 1869 1957 1870 
3 1779 1869 1870 
3 1780 1779 1871 
3 1779 1870 1871 
3 1781 1780 1872 
3 1780 1871 1872 
3 1782 1781 1873 
3 1781 1872 1873 
3 1783 1782 1874 
3 1782 1873 1874 
3 1784 1783 1875 
3 1783 1874 1875 
3 1785 1784 1876 
3 1784 1875 1876 
3 1786 1785 1877 
3 1785 1876 1877 
3 1880 1877 1966 
3 1880 1787 1877 
3 1787 1786 1877 
3 1787 1880 1879 
3 1882 1969 1970 
3 1881 1969 1882 
3 1971 1929 1882 
3 1970 1971 1882 
3 1672 1671 1763 
3 1569 1671 1672 
3 1673 1672 1764 
3 1672 1763 1764 
3 1674 1673 1765 
3 1673 1764 1765 
3 1675 1674 1766 
3 1674 1765 1766 
3 1767 1676 1675 
3 1766 1767 1675 
3 1880 1966 1968 
3 1879 1880 1968 
3 1879 1968 1967 
3 1967 1968 2054 
3 1969 1881 1967 
3 2054 1969 1967 
3 1605 1604 1668 
3 1605 1567 1504 
3 1605 1668 1567 
3 1668 1669 1567 
3 1568 1567 1670 
3 1567 1669 1670 
3 1671 1569 1568 
3 1670 1671 1568 
3 1501 1601 1602 
3 1600 1601 1501 
3 1502 1501 1603 
3 1501 1602 1603 
3 1604 1605 1503 
3 1604 1503 1603 
3 1603 1503 1502 
3 1504 1503 1605 
3 1598 1701 1702 
3 1700 1701 1598 
3 1599 1598 1703 
3 1598 1702 1703 
3 1601 1600 1599 
3 1703 1601 1599 
3 1718 1806 1790 
3 1717 1806 1718 
3 1701 1700 1718 
3 1790 1701 1718 
3 1805 1902 1903 
3 1807 1902 1805 
3 1806 1717 1805 
3 1903 1806 1805 
3 1901 1988 1990 
3 1899 1988 1901 
3 1902 1807 1901 
3 1990 1902 1901 
3 1989 2076 2078 
3 1989 2078 1988 
3 1989 1988 1900 
3 1900 1988 1899 
3 1987 2076 1989 
3 1987 1986 2076 
3 1986 2077 2076 
3 1900 1987 1989 
3 2075 2172 2173 
3 2171 2172 2075 
3 2077 1986 2075 
3 2173 2077 2075 
3 2271 2374 2272 
3 2271 2272 2172 
3 2271 2172 2270 
3 2270 2172 2171 
3 2373 2374 2271 
3 2373 2473 2374 
3 2473 2474 2374 
3 2270 2373 2271 
3 2578 2687 2579 
3 2578 2579 2474 
3 2578 2474 2577 
3 2577 2474 2473 
3 2686 2687 2578 
3 2792 2687 2686 
3 2577 2685 2686 
3 2578 2577 2686 
3 2791 2792 2686 
3 2791 2900 2792 
3 2900 2901 2792 
3 2685 2791 2686 
3 2900 2930 2901 
3 2901 2930 3008 
3 2931 2930 2819 
3 2931 3039 2930 
3 3039 3008 2930 
3 2819 2820 2931 
3 2931 2932 3039 
3 2932 2931 2820 
3 2932 2820 2933 
3 2933 2820 2824 
3 2824 2825 2933 
3 2933 2825 2937 
3 2825 2826 2937 
3 2937 2826 2938 
3 2934 2826 2822 
3 2934 2939 2826 
3 2939 2938 2826 
3 2822 2823 2934 
3 2936 2939 2934 
3 3045 2939 2936 
3 2823 2935 2936 
3 2934 2823 2936 
3 2936 3043 3045 
3 3043 2936 2935 
3 3043 2935 3044 
3 3044 2935 3019 
3 3019 3020 3044 
3 3044 3020 3132 
3 3020 3021 3132 
3 3132 3021 3133 
3 3130 3021 3017 
3 3130 3134 3021 
3 3134 3133 3021 
3 3017 3018 3130 
3 3131 3134 3130 
3 3244 3134 3131 
3 3018 3038 3131 
3 3130 3018 3131 
3 3147 3244 3131 
3 3147 3146 3244 
3 3146 3258 3244 
3 3038 3147 3131 
3 3257 3360 3361 
3 3256 3360 3257 
3 3258 3146 3257 
3 3361 3258 3257 
3 3804 3805 3730 
3 3729 3804 3730 
3 3729 3730 3652 
3 3359 3470 3471 
3 3358 3470 3359 
3 3360 3256 3359 
3 3471 3360 3359 
3 3652 3730 3653 
3 3571 3652 3653 
3 3572 3571 3654 
3 3571 3653 3654 
3 3469 3572 3573 
3 3572 3654 3573 
3 3470 3358 3469 
3 3573 3470 3469 
3 2406 2405 2310 
3 2405 2309 2310 
3 2208 2209 2308 
3 2109 2209 2208 
3 2309 2211 2208 
3 2208 2310 2309 
3 2308 2310 2208 
3 1951 1950 2037 
3 1951 1952 1863 
3 1951 2037 1952 
3 2037 2038 1952 
3 1953 1952 2039 
3 1952 2038 2039 
3 1954 1953 2040 
3 1953 2039 2040 
3 1955 1954 2041 
3 1954 2040 2041 
3 1956 1955 2042 
3 1955 2041 2042 
3 2042 1957 1956 
3 2043 1957 2042 
3 2058 1971 2059 
3 2058 2059 2151 
3 2058 2151 2109 
3 2109 2151 2209 
3 1858 1857 1946 
3 1858 1859 1767 
3 1858 1946 1859 
3 1946 1947 1859 
3 1860 1859 1948 
3 1859 1947 1948 
3 1861 1860 1949 
3 1860 1948 1949 
3 1950 1951 1862 
3 1950 1862 1949 
3 1949 1862 1861 
3 1863 1862 1951 
3 1957 2043 1958 
3 1870 1957 1958 
3 1871 1870 1959 
3 1870 1958 1959 
3 1872 1871 1960 
3 1871 1959 1960 
3 1873 1872 1961 
3 1872 1960 1961 
3 1874 1873 1962 
3 1873 1961 1962 
3 1875 1874 1963 
3 1874 1962 1963 
3 1876 1875 1964 
3 1875 1963 1964 
3 1877 1876 1965 
3 1876 1964 1965 
3 1965 1966 1877 
3 2052 1966 1965 
3 1970 1969 2056 
3 1970 2056 2057 
3 1971 1970 2057 
3 1971 2057 2060 
3 1971 2060 2059 
3 2151 2059 2060 
3 1762 1761 1853 
3 1762 1763 1671 
3 1762 1853 1763 
3 1853 1854 1763 
3 1764 1763 1855 
3 1763 1854 1855 
3 1765 1764 1856 
3 1764 1855 1856 
3 1857 1858 1766 
3 1857 1766 1856 
3 1856 1766 1765 
3 1767 1766 1858 
3 1966 2052 2053 
3 1968 1966 2053 
3 2054 1968 2055 
3 1968 2053 2055 
3 2056 1969 2054 
3 2056 2054 2148 
3 2148 2054 2055 
3 2057 2056 2148 
3 1708 1707 1758 
3 1708 1668 1604 
3 1708 1758 1668 
3 1758 1759 1668 
3 1669 1668 1760 
3 1668 1759 1760 
3 1761 1762 1670 
3 1761 1670 1760 
3 1760 1670 1669 
3 1671 1670 1762 
3 1704 1793 1705 
3 1704 1602 1601 
3 1704 1705 1602 
3 1705 1706 1602 
3 1707 1708 1603 
3 1707 1603 1706 
3 1706 1603 1602 
3 1604 1603 1708 
3 1702 1791 1792 
3 1701 1791 1702 
3 1793 1704 1703 
3 1793 1703 1792 
3 1792 1703 1702 
3 1601 1703 1704 
3 1790 1883 1884 
3 1806 1883 1790 
3 1791 1701 1790 
3 1884 1791 1790 
3 1903 1991 1972 
3 1902 1991 1903 
3 1883 1806 1903 
3 1972 1883 1903 
3 1990 2079 2080 
3 1988 2079 1990 
3 1991 1902 1990 
3 2080 1991 1990 
3 2078 2174 2176 
3 2076 2174 2078 
3 2079 1988 2078 
3 2176 2079 2078 
3 2175 2276 2274 
3 2175 2274 2174 
3 2175 2174 2077 
3 2077 2174 2076 
3 2273 2375 2376 
3 2276 2273 2376 
3 2175 2273 2276 
3 2175 2172 2273 
3 2175 2173 2172 
3 2077 2173 2175 
3 2272 2375 2273 
3 2272 2374 2375 
3 2374 2475 2375 
3 2172 2272 2273 
3 2580 2688 2581 
3 2580 2581 2475 
3 2580 2475 2474 
3 2474 2475 2374 
3 2579 2688 2580 
3 2579 2687 2688 
3 2687 2793 2688 
3 2474 2579 2580 
3 2902 3010 2904 
3 2902 2904 2793 
3 2902 2793 2792 
3 2792 2793 2687 
3 2903 3010 2902 
3 3011 3010 2903 
3 2792 2901 2903 
3 2902 2792 2903 
3 3009 3011 2903 
3 3121 3011 3009 
3 2901 3008 3009 
3 2903 2901 3009 
3 3009 3119 3121 
3 3119 3009 3008 
3 3119 3008 3120 
3 3120 3008 3039 
3 3040 3039 2932 
3 3040 3148 3039 
3 3148 3120 3039 
3 2932 2933 3040 
3 3040 3041 3148 
3 3041 3040 2933 
3 3041 2933 3042 
3 3042 2933 2937 
3 2937 2938 3042 
3 3042 2938 3046 
3 2938 2939 3046 
3 3046 2939 3047 
3 2939 3045 3047 
3 3047 3045 3153 
3 3151 3045 3043 
3 3151 3154 3045 
3 3154 3153 3045 
3 3043 3044 3151 
3 3152 3154 3151 
3 3261 3154 3152 
3 3044 3132 3152 
3 3151 3044 3152 
3 3152 3245 3261 
3 3245 3152 3132 
3 3245 3132 3246 
3 3246 3132 3133 
3 3133 3134 3246 
3 3246 3134 3247 
3 3134 3244 3247 
3 3247 3244 3348 
3 3244 3258 3348 
3 3348 3258 3362 
3 3361 3472 3473 
3 3360 3472 3361 
3 3362 3258 3361 
3 3473 3362 3361 
3 3805 3806 3730 
3 3806 3865 3807 
3 3806 3807 3730 
3 3471 3574 3575 
3 3470 3574 3471 
3 3472 3360 3471 
3 3575 3472 3471 
3 3730 3807 3731 
3 3653 3730 3731 
3 3732 3731 3808 
3 3732 3654 3731 
3 3654 3653 3731 
3 3733 3654 3732 
3 3733 3655 3654 
3 3655 3573 3654 
3 3574 3470 3573 
3 3655 3574 3573 
3 3732 3808 3810 
3 3733 3732 3810 
3 2508 2407 2408 
3 2407 2406 2310 
3 2407 2310 2408 
3 2308 2209 2311 
3 2308 2311 2404 
3 2308 2404 2310 
3 2310 2404 2408 
3 2037 2036 2130 
3 1950 2036 2037 
3 2038 2037 2131 
3 2037 2130 2131 
3 2039 2038 2132 
3 2038 2131 2132 
3 2040 2039 2133 
3 2039 2132 2133 
3 2041 2040 2134 
3 2040 2133 2134 
3 2042 2041 2135 
3 2041 2134 2135 
3 2135 2043 2042 
3 2136 2043 2135 
3 2311 2250 2351 
3 2311 2209 2250 
3 2209 2151 2250 
3 2404 2311 2351 
3 1944 1943 2030 
3 1944 2031 1945 
3 2030 2031 1944 
3 1945 1946 1857 
3 1945 2031 1946 
3 2031 2032 1946 
3 1947 1946 2033 
3 1946 2032 2033 
3 1948 1947 2034 
3 1947 2033 2034 
3 1949 1948 2035 
3 1948 2034 2035 
3 2036 1950 1949 
3 2035 2036 1949 
3 2043 2136 2044 
3 1958 2043 2044 
3 1959 1958 2045 
3 1958 2044 2045 
3 1960 1959 2046 
3 1959 2045 2046 
3 1961 1960 2047 
3 1960 2046 2047 
3 1962 1961 2048 
3 1961 2047 2048 
3 1963 1962 2049 
3 1962 2048 2049 
3 1964 1963 2050 
3 1963 2049 2050 
3 1965 1964 2051 
3 1964 2050 2051 
3 2051 2052 1965 
3 2144 2052 2051 
3 2060 2057 2150 
3 2060 2150 2152 
3 2060 2152 2151 
3 2151 2152 2250 
3 1852 1851 1940 
3 1852 1853 1761 
3 1852 1940 1853 
3 1940 1941 1853 
3 1854 1853 1942 
3 1853 1941 1942 
3 1943 1944 1855 
3 1943 1855 1942 
3 1942 1855 1854 
3 1856 1855 1944 
3 1945 1856 1944 
3 1857 1856 1945 
3 2052 2144 2146 
3 2053 2052 2146 
3 2055 2053 2147 
3 2053 2146 2147 
3 2148 2055 2149 
3 2055 2147 2149 
3 2150 2057 2148 
3 2150 2148 2248 
3 2248 2148 2149 
3 2152 2150 2248 
3 1758 1797 1849 
3 1707 1797 1758 
3 1759 1758 1850 
3 1758 1849 1850 
3 1851 1852 1760 
3 1851 1760 1850 
3 1850 1760 1759 
3 1761 1760 1852 
3 1705 1794 1795 
3 1793 1794 1705 
3 1706 1705 1796 
3 1705 1795 1796 
3 1797 1707 1706 
3 1796 1797 1706 
3 1885 1974 1886 
3 1885 1792 1791 
3 1885 1886 1792 
3 1886 1887 1792 
3 1794 1793 1792 
3 1887 1794 1792 
3 1973 2061 2062 
3 1974 1973 2062 
3 1885 1973 1974 
3 1885 1883 1973 
3 1885 1884 1883 
3 1791 1884 1885 
3 2063 2155 2153 
3 2061 2063 2153 
3 1973 2063 2061 
3 1973 1991 2063 
3 1973 1972 1991 
3 1883 1972 1973 
3 2156 2256 2255 
3 2155 2156 2255 
3 2063 2156 2155 
3 2063 2079 2156 
3 2063 2080 2079 
3 1991 2080 2063 
3 2176 2256 2156 
3 2176 2174 2256 
3 2174 2275 2256 
3 2079 2176 2156 
3 2274 2377 2378 
3 2276 2377 2274 
3 2275 2174 2274 
3 2378 2275 2274 
3 2376 2476 2477 
3 2375 2476 2376 
3 2377 2276 2376 
3 2477 2377 2376 
3 2582 2689 2583 
3 2582 2583 2476 
3 2582 2476 2475 
3 2475 2476 2375 
3 2690 2796 2795 
3 2689 2690 2795 
3 2582 2690 2689 
3 2582 2688 2690 
3 2582 2581 2688 
3 2475 2581 2582 
3 2794 2796 2690 
3 2905 2796 2794 
3 2688 2793 2794 
3 2690 2688 2794 
3 2904 2905 2794 
3 2904 3010 2905 
3 3010 3012 2905 
3 2793 2904 2794 
3 3010 3011 3012 
3 3012 3011 3122 
3 3011 3121 3122 
3 3122 3121 3236 
3 3233 3121 3119 
3 3233 3237 3121 
3 3237 3236 3121 
3 3119 3120 3233 
3 3233 3234 3237 
3 3234 3233 3120 
3 3234 3120 3235 
3 3235 3120 3148 
3 3149 3148 3041 
3 3149 3259 3148 
3 3259 3235 3148 
3 3041 3042 3149 
3 3150 3259 3149 
3 3260 3259 3150 
3 3042 3046 3150 
3 3149 3042 3150 
3 3155 3260 3150 
3 3263 3260 3155 
3 3046 3047 3155 
3 3150 3046 3155 
3 3155 3156 3263 
3 3156 3155 3047 
3 3156 3047 3157 
3 3157 3047 3153 
3 3153 3154 3157 
3 3157 3154 3262 
3 3154 3261 3262 
3 3262 3261 3364 
3 3349 3261 3245 
3 3349 3365 3261 
3 3365 3364 3261 
3 3245 3246 3349 
3 3349 3350 3365 
3 3350 3349 3246 
3 3350 3246 3351 
3 3351 3246 3247 
3 3247 3348 3351 
3 3351 3348 3459 
3 3348 3362 3459 
3 3459 3362 3474 
3 3473 3576 3577 
3 3472 3576 3473 
3 3474 3362 3473 
3 3577 3474 3473 
3 3865 3866 3807 
3 3866 3916 3867 
3 3866 3867 3807 
3 3575 3656 3657 
3 3574 3656 3575 
3 3576 3472 3575 
3 3657 3576 3575 
3 3807 3867 3809 
3 3731 3807 3809 
3 3809 3808 3731 
3 3868 3808 3809 
3 3655 3734 3735 
3 3733 3734 3655 
3 3656 3574 3655 
3 3735 3656 3655 
3 3808 3868 3811 
3 3810 3808 3811 
3 3734 3733 3810 
3 3811 3734 3810 
3 2613 2509 2507 
3 2509 2508 2408 
3 2509 2408 2507 
3 2408 2404 2507 
3 2507 2404 2449 
3 2130 2129 2229 
3 2036 2129 2130 
3 2131 2130 2230 
3 2130 2229 2230 
3 2132 2131 2231 
3 2131 2230 2231 
3 2133 2132 2232 
3 2132 2231 2232 
3 2134 2133 2233 
3 2133 2232 2233 
3 2135 2134 2234 
3 2134 2233 2234 
3 2234 2136 2135 
3 2235 2136 2234 
3 2351 2251 2352 
3 2250 2251 2351 
3 2449 2404 2351 
3 2352 2449 2351 
3 2029 2028 2122 
3 2029 2030 1943 
3 2029 2122 2030 
3 2122 2123 2030 
3 2031 2030 2124 
3 2030 2123 2124 
3 2032 2031 2125 
3 2031 2124 2125 
3 2033 2032 2126 
3 2032 2125 2126 
3 2034 2033 2127 
3 2033 2126 2127 
3 2035 2034 2128 
3 2034 2127 2128 
3 2129 2036 2035 
3 2128 2129 2035 
3 2136 2235 2137 
3 2044 2136 2137 
3 2045 2044 2138 
3 2044 2137 2138 
3 2046 2045 2139 
3 2045 2138 2139 
3 2047 2046 2140 
3 2046 2139 2140 
3 2048 2047 2141 
3 2047 2140 2141 
3 2049 2048 2142 
3 2048 2141 2142 
3 2050 2049 2143 
3 2049 2142 2143 
3 2145 2143 2243 
3 2145 2051 2143 
3 2051 2050 2143 
3 2051 2145 2144 
3 2250 2152 2251 
3 2251 2152 2252 
3 1939 1938 2025 
3 1939 1940 1851 
3 1939 2025 1940 
3 2025 2026 1940 
3 1941 1940 2027 
3 1940 2026 2027 
3 2028 2029 1942 
3 2028 1942 2027 
3 2027 1942 1941 
3 1943 1942 2029 
3 2145 2243 2244 
3 2144 2145 2244 
3 2144 2244 2146 
3 2146 2244 2245 
3 2147 2146 2246 
3 2146 2245 2246 
3 2149 2147 2247 
3 2147 2246 2247 
3 2248 2149 2249 
3 2149 2247 2249 
3 2252 2152 2248 
3 2249 2252 2248 
3 1892 1891 1936 
3 1892 1849 1797 
3 1892 1936 1849 
3 1936 1937 1849 
3 1938 1939 1850 
3 1938 1850 1937 
3 1937 1850 1849 
3 1851 1850 1939 
3 1888 1977 1889 
3 1888 1795 1794 
3 1888 1889 1795 
3 1889 1890 1795 
3 1891 1892 1796 
3 1891 1796 1890 
3 1890 1796 1795 
3 1797 1796 1892 
3 1886 1975 1976 
3 1974 1975 1886 
3 1977 1888 1887 
3 1977 1887 1976 
3 1976 1887 1886 
3 1794 1887 1888 
3 2062 2154 2064 
3 2061 2154 2062 
3 1975 1974 2062 
3 2064 1975 2062 
3 2153 2253 2254 
3 2155 2253 2153 
3 2154 2061 2153 
3 2254 2154 2153 
3 2255 2355 2354 
3 2256 2355 2255 
3 2253 2155 2255 
3 2354 2253 2255 
3 2379 2460 2453 
3 2379 2453 2355 
3 2379 2355 2275 
3 2275 2355 2256 
3 2478 2562 2563 
3 2460 2478 2563 
3 2379 2478 2460 
3 2379 2377 2478 
3 2379 2378 2377 
3 2275 2378 2379 
3 2584 2691 2671 
3 2562 2584 2671 
3 2478 2584 2562 
3 2478 2476 2584 
3 2478 2477 2476 
3 2377 2477 2478 
3 2692 2798 2797 
3 2691 2692 2797 
3 2584 2692 2691 
3 2584 2689 2692 
3 2584 2583 2689 
3 2476 2583 2584 
3 2795 2798 2692 
3 2795 2796 2798 
3 2796 2906 2798 
3 2689 2795 2692 
3 2796 2905 2906 
3 2906 2905 3013 
3 2905 3012 3013 
3 3013 3012 3123 
3 3012 3122 3123 
3 3123 3122 3238 
3 3122 3236 3238 
3 3238 3236 3339 
3 3236 3237 3339 
3 3339 3237 3340 
3 3336 3237 3234 
3 3336 3341 3237 
3 3341 3340 3237 
3 3234 3235 3336 
3 3336 3337 3341 
3 3337 3336 3235 
3 3337 3235 3338 
3 3338 3235 3259 
3 3259 3260 3338 
3 3338 3260 3363 
3 3260 3263 3363 
3 3363 3263 3368 
3 3264 3263 3156 
3 3264 3369 3263 
3 3369 3368 3263 
3 3156 3157 3264 
3 3265 3369 3264 
3 3370 3369 3265 
3 3157 3262 3265 
3 3264 3157 3265 
3 3265 3366 3370 
3 3366 3265 3262 
3 3366 3262 3367 
3 3367 3262 3364 
3 3364 3365 3367 
3 3367 3365 3476 
3 3460 3365 3350 
3 3460 3477 3365 
3 3477 3476 3365 
3 3350 3351 3460 
3 3460 3461 3477 
3 3461 3460 3351 
3 3461 3351 3462 
3 3462 3351 3459 
3 3567 3648 3568 
3 3567 3568 3462 
3 3567 3462 3474 
3 3474 3462 3459 
3 3577 3648 3567 
3 3577 3576 3648 
3 3576 3658 3648 
3 3474 3577 3567 
3 3916 3917 3867 
3 3917 3966 3918 
3 3917 3918 3867 
3 3657 3736 3737 
3 3656 3736 3657 
3 3658 3576 3657 
3 3737 3658 3657 
3 3867 3918 3869 
3 3809 3867 3869 
3 3869 3868 3809 
3 3919 3868 3869 
3 3735 3812 3813 
3 3734 3812 3735 
3 3736 3656 3735 
3 3813 3736 3735 
3 3868 3919 3870 
3 3811 3868 3870 
3 3812 3734 3811 
3 3870 3812 3811 
3 2613 2507 2614 
3 2614 2507 2554 
3 2661 2614 2554 
3 2554 2451 2555 
3 2554 2507 2451 
3 2507 2449 2451 
3 2661 2554 2662 
3 2662 2554 2555 
3 2229 2228 2330 
3 2129 2228 2229 
3 2230 2229 2331 
3 2229 2330 2331 
3 2231 2230 2332 
3 2230 2331 2332 
3 2232 2231 2333 
3 2231 2332 2333 
3 2233 2232 2334 
3 2232 2333 2334 
3 2234 2233 2335 
3 2233 2334 2335 
3 2335 2235 2234 
3 2336 2235 2335 
3 2352 2353 2450 
3 2251 2353 2352 
3 2451 2449 2352 
3 2450 2451 2352 
3 2121 2120 2220 
3 2121 2122 2028 
3 2121 2220 2122 
3 2220 2221 2122 
3 2123 2122 2222 
3 2122 2221 2222 
3 2124 2123 2223 
3 2123 2222 2223 
3 2125 2124 2224 
3 2124 2223 2224 
3 2126 2125 2225 
3 2125 2224 2225 
3 2127 2126 2226 
3 2126 2225 2226 
3 2128 2127 2227 
3 2127 2226 2227 
3 2228 2129 2128 
3 2227 2228 2128 
3 2235 2336 2236 
3 2137 2235 2236 
3 2138 2137 2237 
3 2137 2236 2237 
3 2139 2138 2238 
3 2138 2237 2238 
3 2140 2139 2239 
3 2139 2238 2239 
3 2141 2140 2240 
3 2140 2239 2240 
3 2142 2141 2241 
3 2141 2240 2241 
3 2143 2142 2242 
3 2142 2241 2242 
3 2242 2243 2143 
3 2344 2243 2242 
3 2251 2252 2353 
3 2353 2252 2350 
3 2024 2023 2117 
3 2024 2025 1938 
3 2024 2117 2025 
3 2117 2118 2025 
3 2026 2025 2119 
3 2025 2118 2119 
3 2120 2121 2027 
3 2120 2027 2119 
3 2119 2027 2026 
3 2028 2027 2121 
3 2243 2344 2345 
3 2244 2243 2345 
3 2245 2244 2346 
3 2244 2345 2346 
3 2246 2245 2347 
3 2245 2346 2347 
3 2247 2246 2348 
3 2246 2347 2348 
3 2249 2247 2349 
3 2247 2348 2349 
3 2350 2252 2249 
3 2349 2350 2249 
3 1981 1980 2021 
3 1981 1936 1891 
3 1981 2021 1936 
3 2021 2022 1936 
3 2023 2024 1937 
3 2023 1937 2022 
3 2022 1937 1936 
3 1938 1937 2024 
3 1889 1978 1979 
3 1977 1978 1889 
3 1980 1981 1890 
3 1980 1890 1979 
3 1979 1890 1889 
3 1891 1890 1981 
3 2065 2157 2066 
3 2065 1976 1975 
3 2065 2066 1976 
3 2066 2067 1976 
3 1978 1977 1976 
3 2067 1978 1976 
3 2158 2258 2257 
3 2157 2158 2257 
3 2065 2158 2157 
3 2065 2154 2158 
3 2065 2064 2154 
3 1975 2064 2065 
3 2259 2358 2357 
3 2258 2259 2357 
3 2158 2259 2258 
3 2158 2253 2259 
3 2158 2254 2253 
3 2154 2254 2158 
3 2359 2458 2457 
3 2358 2359 2457 
3 2259 2359 2358 
3 2259 2355 2359 
3 2259 2354 2355 
3 2253 2354 2259 
3 2459 2560 2558 
3 2458 2459 2558 
3 2359 2459 2458 
3 2359 2460 2459 
3 2359 2453 2460 
3 2355 2453 2359 
3 2561 2670 2669 
3 2560 2561 2669 
3 2459 2561 2560 
3 2459 2562 2561 
3 2459 2563 2562 
3 2460 2563 2459 
3 2671 2670 2561 
3 2671 2691 2670 
3 2691 2778 2670 
3 2562 2671 2561 
3 2797 2907 2885 
3 2798 2907 2797 
3 2778 2691 2797 
3 2885 2778 2797 
3 2798 2906 2907 
3 2907 2906 3014 
3 3124 3240 3126 
3 3124 3126 3014 
3 3124 3014 3013 
3 3013 3014 2906 
3 3125 3240 3124 
3 3241 3240 3125 
3 3013 3123 3125 
3 3124 3013 3125 
3 3239 3241 3125 
3 3343 3241 3239 
3 3123 3238 3239 
3 3125 3123 3239 
3 3342 3343 3239 
3 3450 3343 3342 
3 3238 3339 3342 
3 3239 3238 3342 
3 3342 3446 3450 
3 3446 3342 3339 
3 3446 3339 3447 
3 3447 3339 3340 
3 3340 3341 3447 
3 3447 3341 3448 
3 3444 3341 3337 
3 3444 3449 3341 
3 3449 3448 3341 
3 3337 3338 3444 
3 3445 3449 3444 
3 3552 3449 3445 
3 3338 3363 3445 
3 3444 3338 3445 
3 3475 3552 3445 
3 3578 3552 3475 
3 3363 3368 3475 
3 3445 3363 3475 
3 3475 3481 3578 
3 3481 3475 3368 
3 3481 3368 3482 
3 3482 3368 3369 
3 3369 3370 3482 
3 3482 3370 3483 
3 3478 3370 3366 
3 3478 3484 3370 
3 3484 3483 3370 
3 3366 3367 3478 
3 3478 3479 3484 
3 3479 3478 3367 
3 3479 3367 3480 
3 3480 3367 3476 
3 3476 3477 3480 
3 3480 3477 3579 
3 3566 3477 3461 
3 3566 3580 3477 
3 3580 3579 3477 
3 3461 3462 3566 
3 3568 3580 3566 
3 3568 3648 3580 
3 3648 3661 3580 
3 3462 3568 3566 
3 3648 3658 3661 
3 3661 3658 3738 
3 4010 4011 3968 
3 3968 3967 4010 
3 4009 4010 3967 
3 4009 3967 3966 
3 3966 3967 3918 
3 3737 3814 3815 
3 3736 3814 3737 
3 3738 3658 3737 
3 3815 3738 3737 
3 3967 3968 3920 
3 3918 3967 3920 
3 3918 3920 3869 
3 3869 3920 3921 
3 3919 3872 3871 
3 3919 3869 3872 
3 3869 3921 3872 
3 3871 3813 3812 
3 3871 3872 3813 
3 3872 3873 3813 
3 3814 3736 3813 
3 3873 3814 3813 
3 3919 3871 3870 
3 3812 3870 3871 
3 2555 2556 2663 
3 2451 2556 2555 
3 2664 2662 2555 
3 2665 2664 2555 
3 2555 2663 2665 
3 2324 2323 2422 
3 2324 2423 2325 
3 2422 2423 2324 
3 2325 2424 2326 
3 2423 2424 2325 
3 2326 2425 2327 
3 2424 2425 2326 
3 2327 2426 2328 
3 2425 2426 2327 
3 2328 2427 2329 
3 2426 2427 2328 
3 2329 2330 2228 
3 2329 2427 2330 
3 2427 2428 2330 
3 2331 2330 2429 
3 2330 2428 2429 
3 2332 2331 2430 
3 2331 2429 2430 
3 2333 2332 2431 
3 2332 2430 2431 
3 2334 2333 2432 
3 2333 2431 2432 
3 2335 2334 2433 
3 2334 2432 2433 
3 2336 2434 2337 
3 2336 2335 2434 
3 2335 2433 2434 
3 2434 2435 2337 
3 2450 2353 2452 
3 2450 2452 2553 
3 2450 2553 2451 
3 2451 2553 2556 
3 2219 2218 2320 
3 2219 2220 2120 
3 2219 2320 2220 
3 2320 2321 2220 
3 2221 2220 2322 
3 2220 2321 2322 
3 2323 2324 2222 
3 2323 2222 2322 
3 2322 2222 2221 
3 2223 2222 2324 
3 2325 2223 2324 
3 2224 2223 2325 
3 2326 2224 2325 
3 2225 2224 2326 
3 2327 2225 2326 
3 2226 2225 2327 
3 2328 2226 2327 
3 2227 2226 2328 
3 2329 2227 2328 
3 2228 2227 2329 
3 2336 2337 2236 
3 2337 2435 2338 
3 2337 2338 2236 
3 2236 2338 2237 
3 2238 2237 2339 
3 2237 2338 2339 
3 2239 2238 2340 
3 2238 2339 2340 
3 2240 2239 2341 
3 2239 2340 2341 
3 2241 2240 2342 
3 2240 2341 2342 
3 2242 2241 2343 
3 2241 2342 2343 
3 2343 2344 2242 
3 2442 2344 2343 
3 2452 2448 2552 
3 2452 2353 2448 
3 2353 2350 2448 
3 2553 2452 2552 
3 2116 2115 2215 
3 2116 2117 2023 
3 2116 2215 2117 
3 2215 2216 2117 
3 2118 2117 2217 
3 2117 2216 2217 
3 2218 2219 2119 
3 2218 2119 2217 
3 2217 2119 2118 
3 2120 2119 2219 
3 2344 2442 2443 
3 2345 2344 2443 
3 2346 2345 2444 
3 2345 2443 2444 
3 2347 2346 2445 
3 2346 2444 2445 
3 2348 2347 2446 
3 2347 2445 2446 
3 2349 2348 2447 
3 2348 2446 2447 
3 2448 2350 2349 
3 2447 2448 2349 
3 2021 2071 2114 
3 1980 2071 2021 
3 2115 2116 2022 
3 2115 2022 2114 
3 2114 2022 2021 
3 2023 2022 2116 
3 2068 2161 2069 
3 2068 1979 1978 
3 2068 2069 1979 
3 2069 2070 1979 
3 2071 1980 1979 
3 2070 2071 1979 
3 2066 2159 2160 
3 2157 2159 2066 
3 2161 2068 2067 
3 2161 2067 2160 
3 2160 2067 2066 
3 1978 2067 2068 
3 2257 2356 2260 
3 2258 2356 2257 
3 2159 2157 2257 
3 2260 2159 2257 
3 2455 2557 2456 
3 2455 2357 2358 
3 2455 2456 2357 
3 2456 2454 2357 
3 2356 2258 2357 
3 2454 2356 2357 
3 2457 2557 2455 
3 2457 2458 2557 
3 2458 2559 2557 
3 2358 2457 2455 
3 2558 2667 2668 
3 2560 2667 2558 
3 2559 2458 2558 
3 2668 2559 2558 
3 2669 2777 2776 
3 2670 2777 2669 
3 2667 2560 2669 
3 2776 2667 2669 
3 2883 2996 2884 
3 2883 2884 2777 
3 2883 2777 2778 
3 2778 2777 2670 
3 2885 2996 2883 
3 2885 2907 2996 
3 2907 3015 2996 
3 2778 2885 2883 
3 3127 3242 3128 
3 3127 3128 3015 
3 3127 3015 3014 
3 3014 3015 2907 
3 3126 3242 3127 
3 3126 3240 3242 
3 3240 3344 3242 
3 3014 3126 3127 
3 3240 3241 3344 
3 3344 3241 3345 
3 3241 3343 3345 
3 3345 3343 3451 
3 3343 3450 3451 
3 3451 3450 3557 
3 3553 3450 3446 
3 3553 3558 3450 
3 3558 3557 3450 
3 3446 3447 3553 
3 3554 3558 3553 
3 3637 3558 3554 
3 3447 3448 3554 
3 3553 3447 3554 
3 3554 3555 3637 
3 3555 3554 3448 
3 3555 3448 3556 
3 3556 3448 3449 
3 3449 3552 3556 
3 3556 3552 3636 
3 3552 3578 3636 
3 3636 3578 3659 
3 3584 3578 3481 
3 3584 3660 3578 
3 3660 3659 3578 
3 3481 3482 3584 
3 3585 3660 3584 
3 3665 3660 3585 
3 3482 3483 3585 
3 3584 3482 3585 
3 3585 3586 3665 
3 3586 3585 3483 
3 3586 3483 3587 
3 3587 3483 3484 
3 3581 3484 3479 
3 3581 3588 3484 
3 3588 3587 3484 
3 3479 3480 3581 
3 3581 3582 3588 
3 3582 3581 3480 
3 3582 3480 3583 
3 3583 3480 3579 
3 3579 3580 3583 
3 3583 3580 3662 
3 3580 3661 3662 
3 3662 3661 3742 
3 3816 3875 3821 
3 3816 3821 3742 
3 3816 3742 3738 
3 3738 3742 3661 
3 4057 4058 4012 
3 4011 4057 4012 
3 4011 4012 3968 
3 4013 3968 4012 
3 3874 3923 3924 
3 3875 3874 3924 
3 3816 3874 3875 
3 3816 3814 3874 
3 3816 3815 3814 
3 3738 3815 3816 
3 3968 4013 3969 
3 3920 3968 3969 
3 3921 3920 3970 
3 3920 3969 3970 
3 3872 3921 3922 
3 3921 3970 3922 
3 3923 3874 3873 
3 3923 3873 3922 
3 3922 3873 3872 
3 3814 3873 3874 
3 2663 2660 2771 
3 2556 2660 2663 
3 2772 2665 2663 
3 2773 2772 2663 
3 2663 2771 2773 
3 2420 2419 2522 
3 2420 2523 2421 
3 2522 2523 2420 
3 2421 2422 2323 
3 2421 2523 2422 
3 2523 2524 2422 
3 2423 2422 2525 
3 2422 2524 2525 
3 2424 2423 2526 
3 2423 2525 2526 
3 2425 2424 2527 
3 2424 2526 2527 
3 2426 2425 2528 
3 2425 2527 2528 
3 2427 2426 2529 
3 2426 2528 2529 
3 2428 2427 2530 
3 2427 2529 2530 
3 2429 2428 2531 
3 2428 2530 2531 
3 2430 2429 2532 
3 2429 2531 2532 
3 2431 2430 2533 
3 2430 2532 2533 
3 2432 2431 2534 
3 2431 2533 2534 
3 2433 2432 2535 
3 2432 2534 2535 
3 2434 2433 2536 
3 2433 2535 2536 
3 2435 2537 2436 
3 2435 2434 2537 
3 2434 2536 2537 
3 2537 2538 2436 
3 2556 2553 2660 
3 2660 2553 2659 
3 2318 2317 2416 
3 2318 2417 2319 
3 2416 2417 2318 
3 2319 2320 2218 
3 2319 2417 2320 
3 2417 2418 2320 
3 2419 2420 2321 
3 2419 2321 2418 
3 2418 2321 2320 
3 2322 2321 2420 
3 2421 2322 2420 
3 2323 2322 2421 
3 2435 2436 2338 
3 2436 2538 2437 
3 2436 2437 2338 
3 2338 2437 2339 
3 2340 2339 2438 
3 2339 2437 2438 
3 2341 2340 2439 
3 2340 2438 2439 
3 2342 2341 2440 
3 2341 2439 2440 
3 2343 2342 2441 
3 2342 2440 2441 
3 2441 2442 2343 
3 2544 2442 2441 
3 2552 2551 2658 
3 2448 2551 2552 
3 2659 2553 2552 
3 2658 2659 2552 
3 2215 2214 2316 
3 2115 2214 2215 
3 2317 2318 2216 
3 2317 2216 2316 
3 2316 2216 2215 
3 2217 2216 2318 
3 2319 2217 2318 
3 2218 2217 2319 
3 2442 2544 2546 
3 2443 2442 2546 
3 2444 2443 2547 
3 2443 2546 2547 
3 2445 2444 2548 
3 2444 2547 2548 
3 2446 2445 2549 
3 2445 2548 2549 
3 2447 2446 2550 
3 2446 2549 2550 
3 2551 2448 2447 
3 2550 2551 2447 
3 2166 2165 2212 
3 2166 2114 2071 
3 2166 2212 2114 
3 2212 2213 2114 
3 2214 2115 2114 
3 2213 2214 2114 
3 2162 2262 2163 
3 2162 2069 2161 
3 2162 2163 2069 
3 2163 2164 2069 
3 2165 2166 2070 
3 2165 2070 2164 
3 2164 2070 2069 
3 2071 2070 2166 
3 2261 2360 2361 
3 2262 2261 2361 
3 2162 2261 2262 
3 2162 2159 2261 
3 2162 2160 2159 
3 2161 2160 2162 
3 2462 2565 2564 
3 2462 2461 2362 
3 2564 2461 2462 
3 2360 2362 2461 
3 2261 2362 2360 
3 2261 2356 2362 
3 2261 2260 2356 
3 2159 2260 2261 
3 2566 2673 2672 
3 2565 2566 2672 
3 2462 2566 2565 
3 2462 2557 2566 
3 2462 2456 2557 
3 2454 2456 2462 
3 2362 2454 2462 
3 2356 2454 2362 
3 2666 2673 2566 
3 2774 2673 2666 
3 2557 2559 2666 
3 2566 2557 2666 
3 2775 2881 2879 
3 2774 2775 2879 
3 2666 2775 2774 
3 2666 2667 2775 
3 2666 2668 2667 
3 2559 2668 2666 
3 2882 2995 2994 
3 2881 2882 2994 
3 2775 2882 2881 
3 2775 2777 2882 
3 2775 2776 2777 
3 2667 2776 2775 
3 2884 2995 2882 
3 2884 2996 2995 
3 2996 3104 2995 
3 2777 2884 2882 
3 3129 3243 3210 
3 3129 3210 3104 
3 3129 3104 3015 
3 3015 3104 2996 
3 3128 3243 3129 
3 3128 3242 3243 
3 3242 3346 3243 
3 3015 3128 3129 
3 3452 3561 3455 
3 3452 3455 3346 
3 3452 3346 3344 
3 3344 3346 3242 
3 3453 3561 3452 
3 3562 3561 3453 
3 3344 3345 3453 
3 3452 3344 3453 
3 3454 3562 3453 
3 3563 3562 3454 
3 3345 3451 3454 
3 3453 3345 3454 
3 3454 3559 3563 
3 3559 3454 3451 
3 3559 3451 3560 
3 3560 3451 3557 
3 3557 3558 3560 
3 3560 3558 3640 
3 3558 3637 3640 
3 3640 3637 3718 
3 3638 3637 3555 
3 3638 3719 3637 
3 3719 3718 3637 
3 3555 3556 3638 
3 3639 3719 3638 
3 3720 3719 3639 
3 3556 3636 3639 
3 3638 3556 3639 
3 3717 3720 3639 
3 3792 3720 3717 
3 3636 3659 3717 
3 3639 3636 3717 
3 3739 3792 3717 
3 3817 3792 3739 
3 3659 3660 3739 
3 3717 3659 3739 
3 3739 3740 3817 
3 3740 3739 3660 
3 3740 3660 3741 
3 3741 3660 3665 
3 3666 3665 3586 
3 3666 3746 3665 
3 3746 3741 3665 
3 3586 3587 3666 
3 3666 3667 3746 
3 3667 3666 3587 
3 3667 3587 3668 
3 3668 3587 3588 
3 3663 3588 3582 
3 3663 3669 3588 
3 3669 3668 3588 
3 3582 3583 3663 
3 3664 3669 3663 
3 3745 3669 3664 
3 3583 3662 3664 
3 3663 3583 3664 
3 3664 3743 3745 
3 3743 3664 3662 
3 3743 3662 3744 
3 3744 3662 3742 
3 3821 3879 3823 
3 3875 3879 3821 
3 3744 3742 3821 
3 3823 3744 3821 
3 4102 4103 4061 
3 4061 4060 4102 
3 4059 4102 4060 
3 4059 4060 4012 
3 4058 4059 4012 
3 4012 4060 4013 
3 3924 3972 3927 
3 3923 3972 3924 
3 3879 3875 3924 
3 3927 3879 3924 
3 4060 4061 4014 
3 4013 4060 4014 
3 4013 4014 3969 
3 3969 4014 4015 
3 3970 3969 4016 
3 3969 4015 4016 
3 3922 3970 3971 
3 3970 4016 3971 
3 3972 3923 3922 
3 3971 3972 3922 
3 2990 2877 2878 
3 2771 2770 2876 
3 2660 2770 2771 
3 2877 2773 2771 
3 2771 2878 2877 
3 2876 2878 2771 
3 2521 2520 2627 
3 2521 2522 2419 
3 2521 2627 2522 
3 2627 2628 2522 
3 2523 2522 2629 
3 2522 2628 2629 
3 2524 2523 2630 
3 2523 2629 2630 
3 2525 2524 2631 
3 2524 2630 2631 
3 2526 2525 2632 
3 2525 2631 2632 
3 2527 2526 2633 
3 2526 2632 2633 
3 2528 2527 2634 
3 2527 2633 2634 
3 2529 2528 2635 
3 2528 2634 2635 
3 2530 2529 2636 
3 2529 2635 2636 
3 2531 2530 2637 
3 2530 2636 2637 
3 2532 2531 2638 
3 2531 2637 2638 
3 2533 2532 2639 
3 2532 2638 2639 
3 2534 2533 2640 
3 2533 2639 2640 
3 2535 2534 2641 
3 2534 2640 2641 
3 2536 2535 2642 
3 2535 2641 2642 
3 2537 2536 2643 
3 2536 2642 2643 
3 2538 2644 2539 
3 2538 2537 2644 
3 2537 2643 2644 
3 2539 2645 2540 
3 2644 2645 2539 
3 2540 2646 2541 
3 2645 2646 2540 
3 2646 2647 2541 
3 2660 2659 2770 
3 2770 2659 2769 
3 2416 2415 2518 
3 2317 2415 2416 
3 2417 2416 2519 
3 2416 2518 2519 
3 2520 2521 2418 
3 2520 2418 2519 
3 2519 2418 2417 
3 2419 2418 2521 
3 2538 2539 2437 
3 2438 2437 2539 
3 2540 2438 2539 
3 2439 2438 2540 
3 2541 2439 2540 
3 2541 2647 2542 
3 2541 2542 2439 
3 2439 2542 2440 
3 2441 2440 2543 
3 2440 2542 2543 
3 2544 2545 2651 
3 2544 2441 2545 
3 2441 2543 2545 
3 2545 2652 2651 
3 2658 2657 2768 
3 2551 2657 2658 
3 2769 2659 2658 
3 2768 2769 2658 
3 2315 2314 2413 
3 2315 2316 2214 
3 2315 2413 2316 
3 2413 2414 2316 
3 2415 2317 2316 
3 2414 2415 2316 
3 2544 2651 2546 
3 2651 2652 2653 
3 2651 2653 2546 
3 2546 2653 2547 
3 2548 2547 2654 
3 2547 2653 2654 
3 2549 2548 2655 
3 2548 2654 2655 
3 2550 2549 2656 
3 2549 2655 2656 
3 2657 2551 2550 
3 2656 2657 2550 
3 2267 2266 2312 
3 2267 2212 2165 
3 2267 2312 2212 
3 2312 2313 2212 
3 2314 2315 2213 
3 2314 2213 2313 
3 2313 2213 2212 
3 2214 2213 2315 
3 2263 2363 2264 
3 2263 2163 2262 
3 2263 2264 2163 
3 2264 2265 2163 
3 2266 2267 2164 
3 2266 2164 2265 
3 2265 2164 2163 
3 2165 2164 2267 
3 2464 2569 2567 
3 2464 2463 2364 
3 2567 2463 2464 
3 2363 2364 2463 
3 2263 2364 2363 
3 2263 2360 2364 
3 2263 2361 2360 
3 2262 2361 2263 
3 2570 2677 2676 
3 2569 2570 2676 
3 2464 2570 2569 
3 2464 2565 2570 
3 2464 2564 2565 
3 2461 2564 2464 
3 2364 2461 2464 
3 2360 2461 2364 
3 2672 2677 2570 
3 2672 2673 2677 
3 2673 2779 2677 
3 2565 2672 2570 
3 2880 2890 2886 
3 2880 2886 2779 
3 2880 2779 2774 
3 2774 2779 2673 
3 2993 3103 3000 
3 2890 2993 3000 
3 2880 2993 2890 
3 2880 2881 2993 
3 2880 2879 2881 
3 2774 2879 2880 
3 2994 3103 2993 
3 2994 2995 3103 
3 2995 3105 3103 
3 2881 2994 2993 
3 3211 3316 3212 
3 3211 3212 3105 
3 3211 3105 3104 
3 3104 3105 2995 
3 3210 3316 3211 
3 3210 3243 3316 
3 3243 3347 3316 
3 3104 3210 3211 
3 3456 3564 3457 
3 3456 3457 3347 
3 3456 3347 3346 
3 3346 3347 3243 
3 3455 3564 3456 
3 3455 3561 3564 
3 3561 3643 3564 
3 3346 3455 3456 
3 3561 3562 3643 
3 3643 3562 3644 
3 3562 3563 3644 
3 3644 3563 3645 
3 3641 3563 3559 
3 3641 3646 3563 
3 3646 3645 3563 
3 3559 3560 3641 
3 3642 3646 3641 
3 3722 3646 3642 
3 3560 3640 3642 
3 3641 3560 3642 
3 3721 3722 3642 
3 3796 3722 3721 
3 3640 3718 3721 
3 3642 3640 3721 
3 3793 3796 3721 
3 3856 3796 3793 
3 3718 3719 3793 
3 3721 3718 3793 
3 3793 3794 3856 
3 3794 3793 3719 
3 3794 3719 3795 
3 3795 3719 3720 
3 3720 3792 3795 
3 3795 3792 3855 
3 3792 3817 3855 
3 3855 3817 3876 
3 3818 3817 3740 
3 3818 3877 3817 
3 3877 3876 3817 
3 3740 3741 3818 
3 3818 3819 3877 
3 3819 3818 3741 
3 3819 3741 3820 
3 3820 3741 3746 
3 3747 3746 3667 
3 3747 3826 3746 
3 3826 3820 3746 
3 3667 3668 3747 
3 3747 3748 3826 
3 3748 3747 3668 
3 3748 3668 3749 
3 3749 3668 3669 
3 3669 3745 3749 
3 3749 3745 3824 
3 3822 3745 3743 
3 3822 3825 3745 
3 3825 3824 3745 
3 3743 3744 3822 
3 3823 3825 3822 
3 3823 3879 3825 
3 3879 3882 3825 
3 3744 3823 3822 
3 4103 4104 4061 
3 3927 3974 3931 
3 3972 3974 3927 
3 3882 3879 3927 
3 3931 3882 3927 
3 4105 4106 4062 
3 4104 4105 4062 
3 4062 4061 4104 
3 4061 4062 4014 
3 4014 4062 4063 
3 4015 4014 4064 
3 4014 4063 4064 
3 4016 4015 4065 
3 4015 4064 4065 
3 3971 4016 4017 
3 4016 4065 4017 
3 3974 3972 3971 
3 4017 3974 3971 
3 2991 2990 2878 
3 2991 2878 2992 
3 2992 2878 2989 
3 2741 2740 2845 
3 2741 2846 2742 
3 2845 2846 2741 
3 2742 2847 2743 
3 2846 2847 2742 
3 2847 2848 2743 
3 2876 2875 2987 
3 2770 2875 2876 
3 2989 2878 2876 
3 2987 2989 2876 
3 2626 2625 2735 
3 2626 2627 2520 
3 2626 2735 2627 
3 2735 2736 2627 
3 2628 2627 2737 
3 2627 2736 2737 
3 2629 2628 2738 
3 2628 2737 2738 
3 2630 2629 2739 
3 2629 2738 2739 
3 2740 2741 2631 
3 2740 2631 2739 
3 2739 2631 2630 
3 2632 2631 2741 
3 2742 2632 2741 
3 2633 2632 2742 
3 2743 2633 2742 
3 2743 2848 2744 
3 2743 2744 2633 
3 2633 2744 2634 
3 2635 2634 2745 
3 2634 2744 2745 
3 2636 2635 2746 
3 2635 2745 2746 
3 2637 2636 2747 
3 2636 2746 2747 
3 2638 2637 2748 
3 2637 2747 2748 
3 2639 2638 2749 
3 2638 2748 2749 
3 2640 2639 2750 
3 2639 2749 2750 
3 2641 2640 2751 
3 2640 2750 2751 
3 2642 2641 2752 
3 2641 2751 2752 
3 2643 2642 2753 
3 2642 2752 2753 
3 2644 2643 2754 
3 2643 2753 2754 
3 2645 2644 2755 
3 2644 2754 2755 
3 2646 2645 2756 
3 2645 2755 2756 
3 2647 2757 2648 
3 2647 2646 2757 
3 2646 2756 2757 
3 2757 2758 2648 
3 2770 2769 2875 
3 2875 2769 2874 
3 2517 2516 2623 
3 2517 2518 2415 
3 2517 2623 2518 
3 2623 2624 2518 
3 2625 2626 2519 
3 2625 2519 2624 
3 2624 2519 2518 
3 2520 2519 2626 
3 2647 2648 2542 
3 2648 2758 2649 
3 2648 2649 2542 
3 2542 2649 2543 
3 2545 2543 2650 
3 2543 2649 2650 
3 2650 2652 2545 
3 2761 2652 2650 
3 2767 2766 2872 
3 2767 2768 2657 
3 2767 2872 2768 
3 2872 2873 2768 
3 2874 2769 2768 
3 2873 2874 2768 
3 2412 2411 2514 
3 2412 2413 2314 
3 2412 2514 2413 
3 2514 2515 2413 
3 2516 2517 2414 
3 2516 2414 2515 
3 2515 2414 2413 
3 2415 2414 2517 
3 2652 2761 2763 
3 2653 2652 2763 
3 2654 2653 2764 
3 2653 2763 2764 
3 2655 2654 2765 
3 2654 2764 2765 
3 2766 2767 2656 
3 2766 2656 2765 
3 2765 2656 2655 
3 2657 2656 2767 
3 2369 2368 2409 
3 2369 2312 2266 
3 2369 2409 2312 
3 2409 2410 2312 
3 2411 2412 2313 
3 2411 2313 2410 
3 2410 2313 2312 
3 2314 2313 2412 
3 2365 2465 2366 
3 2365 2264 2363 
3 2365 2366 2264 
3 2366 2367 2264 
3 2368 2369 2265 
3 2368 2265 2367 
3 2367 2265 2264 
3 2266 2265 2369 
3 2674 2680 2675 
3 2674 2567 2569 
3 2674 2675 2567 
3 2675 2568 2567 
3 2465 2365 2463 
3 2465 2463 2568 
3 2568 2463 2567 
3 2363 2463 2365 
3 2780 2887 2784 
3 2680 2780 2784 
3 2674 2780 2680 
3 2674 2677 2780 
3 2674 2676 2677 
3 2569 2676 2674 
3 2781 2887 2780 
3 2888 2887 2781 
3 2677 2779 2781 
3 2780 2677 2781 
3 2889 2999 2997 
3 2888 2889 2997 
3 2781 2889 2888 
3 2781 2890 2889 
3 2781 2886 2890 
3 2779 2886 2781 
3 3000 2999 2889 
3 3000 3103 2999 
3 3103 3107 2999 
3 2890 3000 2889 
3 3213 3317 3214 
3 3213 3214 3107 
3 3213 3107 3105 
3 3105 3107 3103 
3 3212 3317 3213 
3 3212 3316 3317 
3 3316 3426 3317 
3 3105 3212 3213 
3 3458 3565 3531 
3 3458 3531 3426 
3 3458 3426 3347 
3 3347 3426 3316 
3 3457 3565 3458 
3 3457 3564 3565 
3 3564 3647 3565 
3 3347 3457 3458 
3 3564 3643 3647 
3 3647 3643 3723 
3 3724 3799 3798 
3 3724 3798 3723 
3 3724 3723 3644 
3 3644 3723 3643 
3 3725 3799 3724 
3 3800 3799 3725 
3 3644 3645 3725 
3 3724 3644 3725 
3 3725 3726 3800 
3 3726 3725 3645 
3 3726 3645 3727 
3 3727 3645 3646 
3 3646 3722 3727 
3 3727 3722 3797 
3 3722 3796 3797 
3 3797 3796 3859 
3 3796 3856 3859 
3 3859 3856 3907 
3 3857 3856 3794 
3 3857 3908 3856 
3 3908 3907 3856 
3 3794 3795 3857 
3 3858 3908 3857 
3 3909 3908 3858 
3 3795 3855 3858 
3 3857 3795 3858 
3 3906 3909 3858 
3 3956 3909 3906 
3 3855 3876 3906 
3 3858 3855 3906 
3 3906 3925 3956 
3 3925 3906 3876 
3 3925 3876 3926 
3 3926 3876 3877 
3 3878 3877 3819 
3 3878 3886 3877 
3 3886 3926 3877 
3 3819 3820 3878 
3 3829 3886 3878 
3 3884 3886 3829 
3 3820 3826 3829 
3 3878 3820 3829 
3 3829 3828 3884 
3 3827 3883 3828 
3 3748 3827 3828 
3 3748 3828 3829 
3 3748 3829 3826 
3 3748 3749 3827 
3 3830 3883 3827 
3 3887 3883 3830 
3 3749 3824 3830 
3 3827 3749 3830 
3 3830 3880 3887 
3 3880 3830 3824 
3 3880 3824 3881 
3 3881 3824 3825 
3 3929 3975 3930 
3 3929 3930 3881 
3 3929 3881 3882 
3 3882 3881 3825 
3 3976 4019 4018 
3 3975 3976 4018 
3 3929 3976 3975 
3 3929 3974 3976 
3 3929 3931 3974 
3 3882 3931 3929 
3 4185 4186 4145 
3 4106 4144 4107 
3 4107 4062 4106 
3 4185 4145 4144 
3 4144 4145 4107 
3 4063 4062 4108 
3 4062 4107 4108 
3 4064 4063 4109 
3 4063 4108 4109 
3 4065 4064 4066 
3 4064 4109 4066 
3 4019 3976 4017 
3 4019 4017 4066 
3 4066 4017 4065 
3 3974 4017 3976 
3 3099 3097 2988 
3 3102 2992 2989 
3 2844 2843 2956 
3 2844 2845 2740 
3 2844 2956 2845 
3 2956 2957 2845 
3 2846 2845 2958 
3 2845 2957 2958 
3 2847 2846 2959 
3 2846 2958 2959 
3 2848 2960 2849 
3 2848 2847 2960 
3 2847 2959 2960 
3 2849 2961 2850 
3 2960 2961 2849 
3 2850 2962 2851 
3 2961 2962 2850 
3 2851 2963 2852 
3 2962 2963 2851 
3 2963 2964 2852 
3 3097 3098 2987 
3 3097 2987 2988 
3 2987 2875 2988 
3 2875 2986 2988 
3 3098 3102 2989 
3 3098 2989 2987 
3 2734 2733 2838 
3 2734 2735 2625 
3 2734 2838 2735 
3 2838 2839 2735 
3 2736 2735 2840 
3 2735 2839 2840 
3 2737 2736 2841 
3 2736 2840 2841 
3 2738 2737 2842 
3 2737 2841 2842 
3 2843 2844 2739 
3 2843 2739 2842 
3 2842 2739 2738 
3 2740 2739 2844 
3 2848 2849 2744 
3 2745 2744 2849 
3 2850 2745 2849 
3 2746 2745 2850 
3 2851 2746 2850 
3 2747 2746 2851 
3 2852 2747 2851 
3 2852 2964 2853 
3 2852 2853 2747 
3 2747 2853 2748 
3 2749 2748 2854 
3 2748 2853 2854 
3 2750 2749 2855 
3 2749 2854 2855 
3 2751 2750 2856 
3 2750 2855 2856 
3 2752 2751 2857 
3 2751 2856 2857 
3 2753 2752 2858 
3 2752 2857 2858 
3 2754 2753 2859 
3 2753 2858 2859 
3 2755 2754 2860 
3 2754 2859 2860 
3 2756 2755 2861 
3 2755 2860 2861 
3 2757 2756 2862 
3 2756 2861 2862 
3 2758 2863 2759 
3 2758 2757 2863 
3 2757 2862 2863 
3 2863 2864 2759 
3 2985 2984 3095 
3 2985 3095 2986 
3 2985 2986 2874 
3 2874 2986 2875 
3 2622 2621 2731 
3 2622 2623 2516 
3 2622 2731 2623 
3 2731 2732 2623 
3 2733 2734 2624 
3 2733 2624 2732 
3 2732 2624 2623 
3 2625 2624 2734 
3 2758 2759 2649 
3 2759 2864 2760 
3 2759 2760 2649 
3 2649 2760 2650 
3 2761 2762 2866 
3 2761 2650 2762 
3 2650 2760 2762 
3 2866 2867 2870 
3 2762 2867 2866 
3 2870 2979 2871 
3 2867 2979 2870 
3 2871 2872 2766 
3 2871 2979 2872 
3 2979 2983 2872 
3 2984 2985 2873 
3 2984 2873 2983 
3 2983 2873 2872 
3 2874 2873 2985 
3 2513 2512 2619 
3 2513 2514 2411 
3 2513 2619 2514 
3 2619 2620 2514 
3 2621 2622 2515 
3 2621 2515 2620 
3 2620 2515 2514 
3 2516 2515 2622 
3 2761 2866 2763 
3 2764 2763 2866 
3 2870 2764 2866 
3 2765 2764 2870 
3 2871 2765 2870 
3 2766 2765 2871 
3 2470 2469 2510 
3 2470 2409 2368 
3 2470 2510 2409 
3 2510 2511 2409 
3 2512 2513 2410 
3 2512 2410 2511 
3 2511 2410 2409 
3 2411 2410 2513 
3 2571 2678 2572 
3 2571 2467 2466 
3 2572 2467 2571 
3 2466 2366 2465 
3 2466 2467 2366 
3 2467 2468 2366 
3 2469 2470 2367 
3 2469 2367 2468 
3 2468 2367 2366 
3 2368 2367 2470 
3 2679 2783 2782 
3 2678 2679 2782 
3 2571 2679 2678 
3 2571 2680 2679 
3 2571 2675 2680 
3 2568 2675 2571 
3 2466 2568 2571 
3 2465 2568 2466 
3 2784 2783 2679 
3 2784 2887 2783 
3 2887 2891 2783 
3 2680 2784 2679 
3 2998 3106 3001 
3 2998 3001 2891 
3 2998 2891 2888 
3 2888 2891 2887 
3 2997 3106 2998 
3 2997 2999 3106 
3 2999 3108 3106 
3 2888 2997 2998 
3 3215 3318 3216 
3 3215 3216 3108 
3 3215 3108 3107 
3 3107 3108 2999 
3 3214 3318 3215 
3 3214 3317 3318 
3 3317 3427 3318 
3 3107 3214 3215 
3 3532 3542 3533 
3 3532 3533 3427 
3 3532 3427 3426 
3 3426 3427 3317 
3 3531 3542 3532 
3 3531 3565 3542 
3 3565 3626 3542 
3 3426 3531 3532 
3 3706 3782 3705 
3 3706 3705 3626 
3 3706 3626 3647 
3 3647 3626 3565 
3 3728 3782 3706 
3 3803 3782 3728 
3 3647 3723 3728 
3 3706 3647 3728 
3 3798 3803 3728 
3 3798 3799 3803 
3 3799 3861 3803 
3 3723 3798 3728 
3 3799 3800 3861 
3 3861 3800 3862 
3 3801 3800 3726 
3 3801 3863 3800 
3 3863 3862 3800 
3 3726 3727 3801 
3 3802 3863 3801 
3 3864 3863 3802 
3 3727 3797 3802 
3 3801 3727 3802 
3 3860 3864 3802 
3 3911 3864 3860 
3 3797 3859 3860 
3 3802 3797 3860 
3 3910 3911 3860 
3 3960 3911 3910 
3 3859 3907 3910 
3 3860 3859 3910 
3 3957 3960 3910 
3 4001 3960 3957 
3 3907 3908 3957 
3 3910 3907 3957 
3 3957 3958 4001 
3 3958 3957 3908 
3 3958 3908 3959 
3 3959 3908 3909 
3 3909 3956 3959 
3 3959 3956 4000 
3 3973 3956 3925 
3 3973 3984 3956 
3 3984 4000 3956 
3 3925 3926 3973 
3 3936 3984 3973 
3 3985 3984 3936 
3 3926 3886 3936 
3 3973 3926 3936 
3 3936 3937 3985 
3 3937 3936 3886 
3 3937 3886 3934 
3 3934 3886 3884 
3 3885 3884 3828 
3 3885 3935 3884 
3 3935 3934 3884 
3 3828 3883 3885 
3 3885 3932 3935 
3 3932 3885 3883 
3 3932 3883 3933 
3 3933 3883 3887 
3 3928 3887 3880 
3 3928 3938 3887 
3 3938 3933 3887 
3 3880 3881 3928 
3 3930 3938 3928 
3 3930 3975 3938 
3 3975 3986 3938 
3 3881 3930 3928 
3 4018 4067 4033 
3 4019 4067 4018 
3 3986 3975 4018 
3 4033 3986 4018 
3 4186 4189 4147 
3 4147 4145 4186 
3 4189 4190 4147 
3 4146 4147 4187 
3 4146 4107 4147 
3 4107 4145 4147 
3 4107 4148 4108 
3 4146 4148 4107 
3 4149 4108 4148 
3 4149 4150 4108 
3 4150 4109 4108 
3 4066 4109 4110 
3 4109 4150 4110 
3 4067 4019 4066 
3 4110 4067 4066 
3 4146 4187 4188 
3 4148 4146 4188 
3 4193 4148 4188 
3 4149 4148 4193 
3 3208 3207 3101 
3 3209 3208 3101 
3 3101 3206 3209 
3 3099 2988 3100 
3 3100 2988 3101 
3 3207 3100 3101 
3 2954 2953 3065 
3 2954 3066 2955 
3 3065 3066 2954 
3 2955 2956 2843 
3 2955 3066 2956 
3 3066 3067 2956 
3 2957 2956 3068 
3 2956 3067 3068 
3 2958 2957 3069 
3 2957 3068 3069 
3 2959 2958 3070 
3 2958 3069 3070 
3 2960 2959 3071 
3 2959 3070 3071 
3 2961 2960 3072 
3 2960 3071 3072 
3 2962 2961 3073 
3 2961 3072 3073 
3 2963 2962 3074 
3 2962 3073 3074 
3 2964 3075 2965 
3 2964 2963 3075 
3 2963 3074 3075 
3 2965 3076 2966 
3 3075 3076 2965 
3 2966 3077 2967 
3 3076 3077 2966 
3 3077 3078 2967 
3 2970 2969 3080 
3 2970 3081 2971 
3 3080 3081 2970 
3 2971 3082 2972 
3 3081 3082 2971 
3 2972 3083 2973 
3 3082 3083 2972 
3 2973 3084 2974 
3 3083 3084 2973 
3 2974 3085 2975 
3 3084 3085 2974 
3 3085 3086 2975 
3 3096 3206 3101 
3 3205 3206 3096 
3 2988 2986 3096 
3 3101 2988 3096 
3 2837 2836 2949 
3 2837 2838 2733 
3 2837 2949 2838 
3 2949 2950 2838 
3 2839 2838 2951 
3 2838 2950 2951 
3 2840 2839 2952 
3 2839 2951 2952 
3 2953 2954 2841 
3 2953 2841 2952 
3 2952 2841 2840 
3 2842 2841 2954 
3 2955 2842 2954 
3 2843 2842 2955 
3 2964 2965 2853 
3 2854 2853 2965 
3 2966 2854 2965 
3 2855 2854 2966 
3 2967 2855 2966 
3 2967 3078 2968 
3 2967 2968 2855 
3 2855 2968 2856 
3 2969 2970 2857 
3 2969 2857 2968 
3 2968 2857 2856 
3 2858 2857 2970 
3 2971 2858 2970 
3 2859 2858 2971 
3 2972 2859 2971 
3 2860 2859 2972 
3 2973 2860 2972 
3 2861 2860 2973 
3 2974 2861 2973 
3 2862 2861 2974 
3 2975 2862 2974 
3 2975 3086 2976 
3 2975 2976 2862 
3 2862 2976 2863 
3 2864 2977 2865 
3 2864 2863 2977 
3 2863 2976 2977 
3 2865 2978 2868 
3 2977 2978 2865 
3 2978 2980 2868 
3 3090 2981 3091 
3 3090 3201 3094 
3 3091 3201 3090 
3 3205 3094 3201 
3 3096 3094 3205 
3 3096 2984 3094 
3 3096 3095 2984 
3 2986 3095 3096 
3 2730 2729 2834 
3 2730 2731 2621 
3 2730 2834 2731 
3 2834 2835 2731 
3 2836 2837 2732 
3 2836 2732 2835 
3 2835 2732 2731 
3 2733 2732 2837 
3 2864 2865 2760 
3 2762 2760 2865 
3 2868 2762 2865 
3 2868 2980 2869 
3 2868 2869 2762 
3 2762 2869 2867 
3 2981 3090 2979 
3 2981 2979 2869 
3 2869 2979 2867 
3 2983 2979 3090 
3 3094 2983 3090 
3 2984 2983 3094 
3 2618 2617 2726 
3 2618 2619 2512 
3 2618 2726 2619 
3 2726 2728 2619 
3 2729 2730 2620 
3 2729 2620 2728 
3 2728 2620 2619 
3 2621 2620 2730 
3 2573 2681 2682 
3 2573 2683 2574 
3 2682 2683 2573 
3 2574 2615 2575 
3 2683 2615 2574 
3 2575 2510 2469 
3 2575 2615 2510 
3 2615 2616 2510 
3 2617 2618 2511 
3 2617 2511 2616 
3 2616 2511 2510 
3 2512 2511 2618 
3 2684 2788 2785 
3 2681 2684 2785 
3 2573 2684 2681 
3 2573 2678 2684 
3 2573 2572 2678 
3 2467 2572 2573 
3 2574 2467 2573 
3 2468 2467 2574 
3 2575 2468 2574 
3 2469 2468 2575 
3 2789 2899 2898 
3 2788 2789 2898 
3 2684 2789 2788 
3 2684 2783 2789 
3 2684 2782 2783 
3 2678 2782 2684 
3 2892 2899 2789 
3 3002 2899 2892 
3 2783 2891 2892 
3 2789 2783 2892 
3 3001 3002 2892 
3 3001 3106 3002 
3 3106 3109 3002 
3 2891 3001 2892 
3 3217 3222 3218 
3 3217 3218 3109 
3 3217 3109 3108 
3 3108 3109 3106 
3 3216 3222 3217 
3 3216 3318 3222 
3 3318 3323 3222 
3 3108 3216 3217 
3 3435 3433 3434 
3 3435 3434 3323 
3 3435 3323 3427 
3 3427 3323 3318 
3 3541 3623 3540 
3 3433 3541 3540 
3 3435 3541 3433 
3 3435 3542 3541 
3 3435 3533 3542 
3 3427 3533 3435 
3 3625 3623 3541 
3 3703 3623 3625 
3 3542 3626 3625 
3 3541 3542 3625 
3 3705 3703 3625 
3 3705 3782 3703 
3 3782 3783 3703 
3 3626 3705 3625 
3 3782 3803 3783 
3 3783 3803 3845 
3 3896 3941 3897 
3 3896 3897 3845 
3 3896 3845 3861 
3 3861 3845 3803 
3 3912 3941 3896 
3 3962 3941 3912 
3 3861 3862 3912 
3 3896 3861 3912 
3 3913 3962 3912 
3 3963 3962 3913 
3 3862 3863 3913 
3 3912 3862 3913 
3 3913 3914 3963 
3 3914 3913 3863 
3 3914 3863 3915 
3 3915 3863 3864 
3 3864 3911 3915 
3 3915 3911 3961 
3 3911 3960 3961 
3 3961 3960 4004 
3 3960 4001 4004 
3 4004 4001 4048 
3 4002 4001 3958 
3 4002 4049 4001 
3 4049 4048 4001 
3 3958 3959 4002 
3 4003 4049 4002 
3 4050 4049 4003 
3 3959 4000 4003 
3 4002 3959 4003 
3 4030 4050 4003 
3 4079 4050 4030 
3 4000 3984 4030 
3 4003 4000 4030 
3 4030 4031 4079 
3 4031 4030 3984 
3 4031 3984 4032 
3 4032 3984 3985 
3 3980 3985 3937 
3 3980 4023 3985 
3 4023 4032 3985 
3 3937 3934 3980 
3 3980 3981 4023 
3 3981 3980 3934 
3 3981 3934 3982 
3 3982 3934 3935 
3 3977 3935 3932 
3 3977 3983 3935 
3 3983 3982 3935 
3 3932 3933 3977 
3 3977 3978 3983 
3 3978 3977 3933 
3 3978 3933 3979 
3 3979 3933 3938 
3 4021 4068 4022 
3 4021 4022 3979 
3 4021 3979 3986 
3 3986 3979 3938 
3 4069 4112 4111 
3 4068 4069 4111 
3 4021 4069 4068 
3 4021 4067 4069 
3 4021 4033 4067 
3 3986 4033 4021 
3 4230 4232 4192 
3 4232 4233 4192 
3 4191 4192 4231 
3 4191 4147 4192 
3 4190 4230 4192 
3 4192 4147 4190 
3 4147 4191 4187 
3 4150 4194 4151 
3 4149 4194 4150 
3 4112 4069 4110 
3 4112 4110 4151 
3 4151 4110 4150 
3 4067 4110 4069 
3 4191 4231 4227 
3 4187 4191 4227 
3 4187 4227 4188 
3 4188 4227 4228 
3 4193 4188 4229 
3 4188 4228 4229 
3 4194 4149 4193 
3 4229 4194 4193 
3 3192 3191 3301 
3 3192 3302 3193 
3 3301 3302 3192 
3 3193 3303 3194 
3 3302 3303 3193 
3 3194 3304 3195 
3 3303 3304 3194 
3 3304 3197 3195 
3 3203 3202 3310 
3 3311 3203 3312 
3 3312 3203 3310 
3 3311 3313 3203 
3 3425 3314 3313 
3 3313 3314 3203 
3 3209 3206 3315 
3 3315 3206 3314 
3 3425 3315 3314 
3 3062 3061 3172 
3 3062 3173 3063 
3 3172 3173 3062 
3 3063 3174 3064 
3 3173 3174 3063 
3 3064 3065 2953 
3 3064 3174 3065 
3 3174 3175 3065 
3 3066 3065 3176 
3 3065 3175 3176 
3 3067 3066 3177 
3 3066 3176 3177 
3 3068 3067 3178 
3 3067 3177 3178 
3 3069 3068 3179 
3 3068 3178 3179 
3 3070 3069 3180 
3 3069 3179 3180 
3 3071 3070 3181 
3 3070 3180 3181 
3 3072 3071 3182 
3 3071 3181 3182 
3 3073 3072 3183 
3 3072 3182 3183 
3 3074 3073 3184 
3 3073 3183 3184 
3 3075 3074 3185 
3 3074 3184 3185 
3 3076 3075 3186 
3 3075 3185 3186 
3 3077 3076 3187 
3 3076 3186 3187 
3 3078 3188 3079 
3 3078 3077 3188 
3 3077 3187 3188 
3 3079 3080 2969 
3 3079 3188 3080 
3 3188 3189 3080 
3 3081 3080 3190 
3 3080 3189 3190 
3 3191 3192 3082 
3 3191 3082 3190 
3 3190 3082 3081 
3 3083 3082 3192 
3 3193 3083 3192 
3 3084 3083 3193 
3 3194 3084 3193 
3 3085 3084 3194 
3 3195 3085 3194 
3 3086 3196 3087 
3 3085 3196 3086 
3 3085 3197 3196 
3 3085 3195 3197 
3 3087 3198 3088 
3 3196 3198 3087 
3 3088 3199 3089 
3 3198 3199 3088 
3 3089 3200 3092 
3 3199 3200 3089 
3 3202 3092 3200 
3 3202 3203 3092 
3 3203 3093 3092 
3 3314 3204 3203 
3 3204 3093 3203 
3 3206 3205 3204 
3 3314 3206 3204 
3 2948 2947 3059 
3 2948 2949 2836 
3 2948 3059 2949 
3 3059 3060 2949 
3 3061 3062 2950 
3 3061 2950 3060 
3 3060 2950 2949 
3 2951 2950 3062 
3 3063 2951 3062 
3 2952 2951 3063 
3 3064 2952 3063 
3 2953 2952 3064 
3 3078 3079 2968 
3 2969 2968 3079 
3 3086 3087 2976 
3 2977 2976 3087 
3 3088 2977 3087 
3 2978 2977 3088 
3 3089 2978 3088 
3 2980 2978 3089 
3 2980 3089 2982 
3 2982 3089 3092 
3 3091 2981 2982 
3 3091 2982 3093 
3 3093 2982 3092 
3 3201 3091 3093 
3 3204 3201 3093 
3 3205 3201 3204 
3 2727 2830 2831 
3 2727 2832 2833 
3 2831 2832 2727 
3 2833 2834 2729 
3 2833 2832 2834 
3 2832 2945 2834 
3 2947 2948 2835 
3 2947 2835 2945 
3 2945 2835 2834 
3 2836 2835 2948 
3 2980 2982 2869 
3 2981 2869 2982 
3 2786 2893 2894 
3 2786 2827 2723 
3 2894 2827 2786 
3 2723 2828 2724 
3 2827 2828 2723 
3 2724 2829 2725 
3 2828 2829 2724 
3 2830 2725 2829 
3 2727 2725 2830 
3 2727 2617 2725 
3 2727 2726 2617 
3 2728 2726 2727 
3 2833 2728 2727 
3 2729 2728 2833 
3 2787 2895 2896 
3 2893 2787 2896 
3 2786 2787 2893 
3 2786 2681 2787 
3 2786 2682 2681 
3 2683 2682 2786 
3 2723 2683 2786 
3 2615 2683 2723 
3 2724 2615 2723 
3 2616 2615 2724 
3 2725 2616 2724 
3 2617 2616 2725 
3 2897 3006 3004 
3 2895 2897 3004 
3 2787 2897 2895 
3 2787 2788 2897 
3 2787 2785 2788 
3 2681 2785 2787 
3 2898 3006 2897 
3 2898 2899 3006 
3 2899 3007 3006 
3 2788 2898 2897 
3 3110 3219 3118 
3 3110 3118 3007 
3 3110 3007 3002 
3 3002 3007 2899 
3 3111 3219 3110 
3 3220 3219 3111 
3 3002 3109 3111 
3 3110 3002 3111 
3 3221 3321 3320 
3 3220 3221 3320 
3 3111 3221 3220 
3 3111 3222 3221 
3 3111 3218 3222 
3 3109 3218 3111 
3 3322 3321 3221 
3 3430 3321 3322 
3 3222 3323 3322 
3 3221 3222 3322 
3 3432 3539 3537 
3 3430 3432 3537 
3 3322 3432 3430 
3 3322 3433 3432 
3 3322 3434 3433 
3 3323 3434 3322 
3 3540 3539 3432 
3 3540 3623 3539 
3 3623 3624 3539 
3 3433 3540 3432 
3 3704 3778 3702 
3 3704 3702 3624 
3 3704 3624 3703 
3 3703 3624 3623 
3 3784 3778 3704 
3 3840 3778 3784 
3 3703 3783 3784 
3 3704 3703 3784 
3 3846 3840 3784 
3 3889 3840 3846 
3 3783 3845 3846 
3 3784 3783 3846 
3 3897 3889 3846 
3 3897 3941 3889 
3 3941 3942 3889 
3 3845 3897 3846 
3 3941 3962 3942 
3 3942 3962 3988 
3 3962 3963 3988 
3 3988 3963 4006 
3 3964 3963 3914 
3 3964 4007 3963 
3 4007 4006 3963 
3 3914 3915 3964 
3 3965 4007 3964 
3 4008 4007 3965 
3 3915 3961 3965 
3 3964 3915 3965 
3 4005 4008 3965 
3 4052 4008 4005 
3 3961 4004 4005 
3 3965 3961 4005 
3 4051 4052 4005 
3 4096 4052 4051 
3 4004 4048 4051 
3 4005 4004 4051 
3 4051 4093 4096 
3 4093 4051 4048 
3 4093 4048 4094 
3 4094 4048 4049 
3 4049 4050 4094 
3 4094 4050 4095 
3 4050 4079 4095 
3 4095 4079 4118 
3 4074 4079 4031 
3 4074 4073 4079 
3 4073 4118 4079 
3 4031 4032 4074 
3 4026 4073 4074 
3 4071 4073 4026 
3 4032 4023 4026 
3 4074 4032 4026 
3 4026 4025 4071 
3 4024 4070 4025 
3 3981 4024 4025 
3 3981 4025 4026 
3 3981 4026 4023 
3 3981 3982 4024 
3 4024 4027 4070 
3 4027 4024 3982 
3 4027 3982 4028 
3 4028 3982 3983 
3 4020 3983 3978 
3 4020 4029 3983 
3 4029 4028 3983 
3 3978 3979 4020 
3 4022 4029 4020 
3 4022 4068 4029 
3 4068 4078 4029 
3 3979 4022 4020 
3 4111 4152 4122 
3 4112 4152 4111 
3 4078 4068 4111 
3 4122 4078 4111 
3 4272 4274 4235 
3 4274 4275 4235 
3 4234 4235 4273 
3 4234 4192 4235 
3 4233 4272 4235 
3 4235 4192 4233 
3 4192 4234 4231 
3 4151 4195 4196 
3 4194 4195 4151 
3 4152 4112 4151 
3 4196 4152 4151 
3 4234 4273 4269 
3 4231 4234 4269 
3 4231 4269 4227 
3 4227 4269 4270 
3 4228 4227 4271 
3 4227 4270 4271 
3 4229 4228 4236 
3 4228 4271 4236 
3 4195 4194 4229 
3 4236 4195 4229 
3 3697 3698 3615 
3 3695 3697 3615 
3 3615 3614 3695 
3 3698 3617 3615 
3 3517 3614 3615 
3 3516 3614 3517 
3 3616 3518 3617 
3 3617 3518 3615 
3 3518 3517 3615 
3 3618 3526 3519 
3 3616 3618 3519 
3 3616 3519 3518 
3 3525 3524 3418 
3 3526 3525 3418 
3 3526 3418 3519 
3 3522 3523 3417 
3 3524 3522 3417 
3 3524 3417 3418 
3 3523 3521 3417 
3 3391 3390 3492 
3 3391 3493 3394 
3 3492 3493 3391 
3 3493 3499 3394 
3 3412 3516 3517 
3 3411 3516 3412 
3 3518 3413 3517 
3 3413 3412 3517 
3 3519 3414 3518 
3 3414 3413 3518 
3 3418 3415 3519 
3 3415 3414 3519 
3 3417 3306 3418 
3 3306 3415 3418 
3 3520 3416 3521 
3 3521 3416 3417 
3 3416 3306 3417 
3 3527 3528 3419 
3 3520 3527 3419 
3 3520 3419 3416 
3 3529 3530 3420 
3 3528 3529 3420 
3 3528 3420 3419 
3 3530 3422 3420 
3 3280 3279 3389 
3 3390 3280 3389 
3 3390 3391 3280 
3 3391 3282 3280 
3 3394 3283 3391 
3 3283 3282 3391 
3 3395 3394 3499 
3 3395 3284 3394 
3 3284 3283 3394 
3 3284 3396 3285 
3 3395 3396 3284 
3 3285 3397 3286 
3 3396 3397 3285 
3 3286 3398 3287 
3 3397 3398 3286 
3 3287 3399 3288 
3 3398 3399 3287 
3 3288 3400 3289 
3 3399 3400 3288 
3 3289 3401 3290 
3 3400 3401 3289 
3 3290 3402 3291 
3 3401 3402 3290 
3 3291 3403 3292 
3 3402 3403 3291 
3 3292 3404 3293 
3 3403 3404 3292 
3 3293 3405 3294 
3 3404 3405 3293 
3 3294 3406 3295 
3 3405 3406 3294 
3 3295 3407 3296 
3 3406 3407 3295 
3 3296 3408 3297 
3 3407 3408 3296 
3 3297 3409 3298 
3 3408 3409 3297 
3 3298 3410 3299 
3 3409 3410 3298 
3 3411 3299 3410 
3 3411 3412 3299 
3 3412 3300 3299 
3 3301 3191 3300 
3 3301 3300 3413 
3 3413 3300 3412 
3 3302 3301 3413 
3 3414 3302 3413 
3 3303 3302 3414 
3 3415 3303 3414 
3 3304 3303 3415 
3 3306 3304 3415 
3 3197 3304 3306 
3 3197 3306 3305 
3 3305 3306 3416 
3 3419 3307 3416 
3 3307 3305 3416 
3 3420 3308 3419 
3 3308 3307 3419 
3 3421 3309 3422 
3 3422 3309 3420 
3 3309 3308 3420 
3 3310 3202 3309 
3 3423 3424 3310 
3 3423 3310 3309 
3 3421 3423 3309 
3 3424 3312 3310 
3 3058 3057 3169 
3 3058 3170 3168 
3 3169 3170 3058 
3 3279 3168 3170 
3 3279 3280 3168 
3 3280 3171 3168 
3 3172 3061 3171 
3 3172 3171 3282 
3 3282 3171 3280 
3 3173 3172 3282 
3 3283 3173 3282 
3 3174 3173 3283 
3 3284 3174 3283 
3 3175 3174 3284 
3 3285 3175 3284 
3 3176 3175 3285 
3 3286 3176 3285 
3 3177 3176 3286 
3 3287 3177 3286 
3 3178 3177 3287 
3 3288 3178 3287 
3 3179 3178 3288 
3 3289 3179 3288 
3 3180 3179 3289 
3 3290 3180 3289 
3 3181 3180 3290 
3 3291 3181 3290 
3 3182 3181 3291 
3 3292 3182 3291 
3 3183 3182 3292 
3 3293 3183 3292 
3 3184 3183 3293 
3 3294 3184 3293 
3 3185 3184 3294 
3 3295 3185 3294 
3 3186 3185 3295 
3 3296 3186 3295 
3 3187 3186 3296 
3 3297 3187 3296 
3 3188 3187 3297 
3 3298 3188 3297 
3 3189 3188 3298 
3 3299 3189 3298 
3 3190 3189 3299 
3 3300 3190 3299 
3 3191 3190 3300 
3 3197 3305 3196 
3 3198 3196 3305 
3 3307 3198 3305 
3 3199 3198 3307 
3 3308 3199 3307 
3 3200 3199 3308 
3 3309 3200 3308 
3 3202 3200 3309 
3 3267 3268 3159 
3 3269 3267 3159 
3 3371 3372 3266 
3 3268 3371 3266 
3 3266 3159 3268 
3 3052 3051 3163 
3 3052 3164 3053 
3 3163 3164 3052 
3 3053 3054 2944 
3 3164 3054 3053 
3 2944 3055 2946 
3 3054 3055 2944 
3 3057 2946 3055 
3 3057 3058 2946 
3 3058 3056 2946 
3 3059 2947 3056 
3 3059 3056 3168 
3 3168 3056 3058 
3 3060 3059 3168 
3 3171 3060 3168 
3 3061 3060 3171 
3 3332 3325 3231 
3 3333 3332 3231 
3 3324 3224 3225 
3 3325 3324 3225 
3 3325 3225 3231 
3 3223 3269 3159 
3 3223 3159 3112 
3 3224 3223 3112 
3 3224 3112 3225 
3 3158 3159 3266 
3 3158 3048 3159 
3 3048 3112 3159 
3 3048 3049 2940 
3 3158 3049 3048 
3 2940 3050 2941 
3 3049 3050 2940 
3 3051 2941 3050 
3 3051 3052 2941 
3 3052 2942 2941 
3 3053 2943 3052 
3 2943 2942 3052 
3 2831 2830 2943 
3 2831 2943 2944 
3 2944 2943 3053 
3 2832 2831 2944 
3 2946 2832 2944 
3 2945 2832 2946 
3 3056 2945 2946 
3 2947 2945 3056 
3 3441 3334 3330 
3 3334 3333 3231 
3 3334 3231 3330 
3 3229 3330 3231 
3 3229 3115 3230 
3 3229 3231 3115 
3 3231 3225 3115 
3 3112 3113 3225 
3 3113 3115 3225 
3 3048 3003 3112 
3 3003 3113 3112 
3 2894 2893 3003 
3 2894 3003 2940 
3 2940 3003 3048 
3 2827 2894 2940 
3 2941 2827 2940 
3 2828 2827 2941 
3 2942 2828 2941 
3 2829 2828 2942 
3 2943 2829 2942 
3 2830 2829 2943 
3 3116 3230 3115 
3 3226 3230 3116 
3 3113 3005 3115 
3 3005 3116 3115 
3 2896 2895 3005 
3 2896 3005 3003 
3 3003 3005 3113 
3 2893 2896 3003 
3 3114 3226 3116 
3 3227 3226 3114 
3 3004 3006 3114 
3 3004 3114 3005 
3 3005 3114 3116 
3 2895 3004 3005 
3 3228 3329 3328 
3 3227 3228 3328 
3 3227 3114 3228 
3 3114 3117 3228 
3 3006 3007 3117 
3 3114 3006 3117 
3 3232 3329 3228 
3 3335 3329 3232 
3 3118 3219 3232 
3 3118 3232 3117 
3 3117 3232 3228 
3 3007 3118 3117 
3 3319 3335 3232 
3 3428 3335 3319 
3 3219 3220 3319 
3 3232 3219 3319 
3 3429 3535 3534 
3 3428 3429 3534 
3 3319 3429 3428 
3 3319 3321 3429 
3 3319 3320 3321 
3 3220 3320 3319 
3 3536 3620 3619 
3 3535 3536 3619 
3 3535 3429 3536 
3 3429 3431 3536 
3 3321 3430 3431 
3 3429 3321 3431 
3 3538 3620 3536 
3 3621 3620 3538 
3 3537 3539 3538 
3 3537 3538 3431 
3 3431 3538 3536 
3 3430 3537 3431 
3 3622 3621 3538 
3 3700 3621 3622 
3 3539 3624 3622 
3 3538 3539 3622 
3 3702 3700 3622 
3 3702 3778 3700 
3 3778 3779 3700 
3 3624 3702 3622 
3 3778 3840 3779 
3 3779 3840 3841 
3 3890 3944 3891 
3 3890 3891 3841 
3 3890 3841 3889 
3 3889 3841 3840 
3 3943 3944 3890 
3 3990 3944 3943 
3 3889 3942 3943 
3 3890 3889 3943 
3 3989 3990 3943 
3 4035 3990 3989 
3 3942 3988 3989 
3 3943 3942 3989 
3 4034 4035 3989 
3 4080 4035 4034 
3 3988 4006 4034 
3 3989 3988 4034 
3 4053 4080 4034 
3 4097 4080 4053 
3 4006 4007 4053 
3 4034 4006 4053 
3 4054 4097 4053 
3 4098 4097 4054 
3 4007 4008 4054 
3 4053 4007 4054 
3 4054 4055 4098 
3 4055 4054 4008 
3 4055 4008 4056 
3 4056 4008 4052 
3 4052 4096 4056 
3 4056 4096 4100 
3 4135 4096 4093 
3 4135 4138 4096 
3 4138 4100 4096 
3 4093 4094 4135 
3 4136 4138 4135 
3 4176 4138 4136 
3 4094 4095 4136 
3 4135 4094 4136 
3 4137 4176 4136 
3 4177 4176 4137 
3 4095 4118 4137 
3 4136 4095 4137 
3 4137 4156 4177 
3 4156 4137 4118 
3 4156 4118 4115 
3 4115 4118 4073 
3 4073 4071 4115 
3 4115 4071 4116 
3 4071 4072 4116 
3 4025 4072 4071 
3 4072 4025 4070 
3 4113 4072 4070 
3 4075 4070 4027 
3 4075 4114 4070 
3 4114 4113 4070 
3 4027 4028 4075 
3 4075 4076 4114 
3 4076 4075 4028 
3 4076 4028 4077 
3 4077 4028 4029 
3 4029 4078 4077 
3 4077 4078 4120 
3 4122 4163 4161 
3 4152 4163 4122 
3 4120 4078 4122 
3 4161 4120 4122 
3 4353 4354 4315 
3 4354 4355 4315 
3 4275 4314 4276 
3 4276 4235 4275 
3 4353 4315 4314 
3 4314 4315 4276 
3 4276 4273 4235 
3 4313 4273 4276 
3 4237 4277 4238 
3 4237 4196 4195 
3 4237 4238 4196 
3 4238 4207 4196 
3 4163 4152 4196 
3 4207 4163 4196 
3 4273 4313 4311 
3 4269 4273 4311 
3 4270 4269 4312 
3 4269 4311 4312 
3 4271 4270 4278 
3 4270 4312 4278 
3 4277 4237 4236 
3 4277 4236 4278 
3 4278 4236 4271 
3 4195 4236 4237 
3 3750 3751 3672 
3 3752 3753 3673 
3 3751 3752 3673 
3 3751 3673 3672 
3 3754 3755 3674 
3 3753 3754 3674 
3 3753 3674 3673 
3 3756 3757 3675 
3 3755 3756 3675 
3 3755 3675 3674 
3 3757 3677 3675 
3 3775 3776 3690 
3 3773 3775 3690 
3 3690 3689 3773 
3 3776 3692 3690 
3 3696 3695 3614 
3 3591 3592 3497 
3 3590 3591 3497 
3 3593 3594 3498 
3 3592 3593 3498 
3 3498 3497 3592 
3 3594 3595 3498 
3 3595 3670 3589 
3 3589 3498 3595 
3 3671 3750 3672 
3 3671 3672 3596 
3 3670 3671 3596 
3 3670 3596 3589 
3 3673 3597 3672 
3 3597 3596 3672 
3 3674 3598 3673 
3 3598 3597 3673 
3 3675 3599 3674 
3 3599 3598 3674 
3 3676 3600 3677 
3 3677 3600 3675 
3 3600 3599 3675 
3 3758 3759 3679 
3 3678 3758 3679 
3 3678 3679 3601 
3 3676 3678 3601 
3 3676 3601 3600 
3 3601 3680 3602 
3 3679 3680 3601 
3 3680 3681 3602 
3 3605 3604 3683 
3 3605 3684 3606 
3 3683 3684 3605 
3 3684 3685 3606 
3 3611 3689 3690 
3 3610 3689 3611 
3 3691 3612 3692 
3 3692 3612 3690 
3 3612 3611 3690 
3 3693 3694 3613 
3 3691 3693 3613 
3 3691 3613 3612 
3 3614 3516 3613 
3 3696 3614 3694 
3 3694 3614 3613 
3 3488 3489 3387 
3 3487 3488 3387 
3 3490 3491 3388 
3 3489 3490 3388 
3 3489 3388 3387 
3 3494 3495 3392 
3 3491 3494 3392 
3 3491 3392 3388 
3 3496 3590 3497 
3 3496 3497 3393 
3 3495 3496 3393 
3 3495 3393 3392 
3 3492 3390 3393 
3 3492 3393 3498 
3 3498 3393 3497 
3 3493 3492 3498 
3 3589 3493 3498 
3 3499 3493 3589 
3 3499 3589 3500 
3 3500 3589 3596 
3 3597 3501 3596 
3 3501 3500 3596 
3 3598 3502 3597 
3 3502 3501 3597 
3 3599 3503 3598 
3 3503 3502 3598 
3 3600 3504 3599 
3 3504 3503 3599 
3 3601 3505 3600 
3 3505 3504 3600 
3 3602 3506 3601 
3 3506 3505 3601 
3 3603 3602 3681 
3 3603 3507 3602 
3 3507 3506 3602 
3 3604 3507 3603 
3 3604 3605 3507 
3 3605 3508 3507 
3 3606 3509 3605 
3 3509 3508 3605 
3 3607 3606 3685 
3 3607 3510 3606 
3 3510 3509 3606 
3 3510 3608 3511 
3 3607 3608 3510 
3 3511 3609 3512 
3 3608 3609 3511 
3 3610 3512 3609 
3 3610 3611 3512 
3 3611 3513 3512 
3 3612 3514 3611 
3 3514 3513 3611 
3 3613 3515 3612 
3 3515 3514 3612 
3 3516 3411 3515 
3 3613 3516 3515 
3 3486 3383 3378 
3 3485 3486 3378 
3 3382 3381 3275 
3 3383 3382 3275 
3 3383 3275 3378 
3 3379 3380 3274 
3 3381 3379 3274 
3 3381 3274 3275 
3 3384 3385 3276 
3 3380 3384 3276 
3 3380 3276 3274 
3 3386 3487 3387 
3 3386 3387 3277 
3 3385 3386 3277 
3 3385 3277 3276 
3 3388 3278 3387 
3 3278 3277 3387 
3 3392 3281 3388 
3 3281 3278 3388 
3 3389 3279 3281 
3 3389 3281 3393 
3 3393 3281 3392 
3 3390 3389 3393 
3 3499 3500 3395 
3 3396 3395 3500 
3 3501 3396 3500 
3 3397 3396 3501 
3 3502 3397 3501 
3 3398 3397 3502 
3 3503 3398 3502 
3 3399 3398 3503 
3 3504 3399 3503 
3 3400 3399 3504 
3 3505 3400 3504 
3 3401 3400 3505 
3 3506 3401 3505 
3 3402 3401 3506 
3 3507 3402 3506 
3 3403 3402 3507 
3 3508 3403 3507 
3 3404 3403 3508 
3 3509 3404 3508 
3 3405 3404 3509 
3 3510 3405 3509 
3 3406 3405 3510 
3 3511 3406 3510 
3 3407 3406 3511 
3 3512 3407 3511 
3 3408 3407 3512 
3 3513 3408 3512 
3 3409 3408 3513 
3 3514 3409 3513 
3 3410 3409 3514 
3 3515 3410 3514 
3 3411 3410 3515 
3 3373 3374 3270 
3 3375 3376 3271 
3 3374 3375 3271 
3 3374 3271 3270 
3 3377 3485 3378 
3 3377 3378 3272 
3 3376 3377 3272 
3 3376 3272 3271 
3 3275 3273 3378 
3 3273 3272 3378 
3 3274 3165 3275 
3 3165 3273 3275 
3 3276 3166 3274 
3 3166 3165 3274 
3 3277 3167 3276 
3 3167 3166 3276 
3 3169 3057 3167 
3 3169 3167 3278 
3 3278 3167 3277 
3 3170 3169 3278 
3 3281 3170 3278 
3 3279 3170 3281 
3 3270 3160 3266 
3 3373 3270 3372 
3 3372 3270 3266 
3 3271 3161 3270 
3 3161 3160 3270 
3 3272 3162 3271 
3 3162 3161 3271 
3 3163 3051 3162 
3 3163 3162 3273 
3 3273 3162 3272 
3 3164 3163 3273 
3 3165 3164 3273 
3 3054 3164 3165 
3 3166 3054 3165 
3 3055 3054 3166 
3 3167 3055 3166 
3 3057 3055 3167 
3 3266 3160 3158 
3 3049 3158 3160 
3 3161 3049 3160 
3 3050 3049 3161 
3 3162 3050 3161 
3 3051 3050 3162 
3 3441 3330 3442 
3 3442 3330 3436 
3 3543 3442 3436 
3 3330 3229 3331 
3 3436 3330 3331 
3 3229 3230 3331 
3 3627 3545 3546 
3 3544 3543 3436 
3 3544 3436 3437 
3 3545 3544 3437 
3 3545 3437 3546 
3 3331 3326 3436 
3 3326 3437 3436 
3 3230 3226 3326 
3 3331 3230 3326 
3 3707 3629 3630 
3 3708 3707 3630 
3 3628 3627 3546 
3 3628 3546 3547 
3 3629 3628 3547 
3 3629 3547 3630 
3 3437 3438 3546 
3 3438 3547 3546 
3 3326 3327 3437 
3 3327 3438 3437 
3 3226 3227 3327 
3 3326 3226 3327 
3 3710 3631 3711 
3 3711 3631 3712 
3 3710 3709 3631 
3 3708 3630 3709 
3 3709 3630 3631 
3 3547 3548 3630 
3 3548 3631 3630 
3 3438 3439 3547 
3 3439 3548 3547 
3 3328 3329 3439 
3 3328 3439 3327 
3 3327 3439 3438 
3 3227 3328 3327 
3 3632 3712 3631 
3 3713 3712 3632 
3 3548 3549 3631 
3 3549 3632 3631 
3 3439 3440 3548 
3 3440 3549 3548 
3 3329 3335 3440 
3 3439 3329 3440 
3 3633 3713 3632 
3 3714 3713 3633 
3 3549 3550 3632 
3 3550 3633 3632 
3 3440 3443 3549 
3 3443 3550 3549 
3 3335 3428 3443 
3 3440 3335 3443 
3 3634 3714 3633 
3 3715 3714 3634 
3 3550 3551 3633 
3 3551 3634 3633 
3 3534 3535 3551 
3 3534 3551 3443 
3 3443 3551 3550 
3 3428 3534 3443 
3 3635 3715 3634 
3 3716 3715 3635 
3 3619 3620 3635 
3 3619 3635 3551 
3 3551 3635 3634 
3 3535 3619 3551 
3 3699 3716 3635 
3 3777 3716 3699 
3 3620 3621 3699 
3 3635 3620 3699 
3 3701 3777 3699 
3 3781 3777 3701 
3 3621 3700 3701 
3 3699 3621 3701 
3 3780 3781 3701 
3 3843 3781 3780 
3 3700 3779 3780 
3 3701 3700 3780 
3 3842 3843 3780 
3 3892 3843 3842 
3 3779 3841 3842 
3 3780 3779 3842 
3 3891 3892 3842 
3 3891 3944 3892 
3 3944 3945 3892 
3 3841 3891 3842 
3 3991 4037 3992 
3 3991 3992 3945 
3 3991 3945 3990 
3 3990 3945 3944 
3 4036 4037 3991 
3 4082 4037 4036 
3 3990 4035 4036 
3 3991 3990 4036 
3 4081 4082 4036 
3 4124 4082 4081 
3 4035 4080 4081 
3 4036 4035 4081 
3 4123 4124 4081 
3 4164 4124 4123 
3 4080 4097 4123 
3 4081 4080 4123 
3 4123 4139 4164 
3 4139 4123 4097 
3 4139 4097 4140 
3 4140 4097 4098 
3 4099 4098 4055 
3 4099 4141 4098 
3 4141 4140 4098 
3 4055 4056 4099 
3 4101 4141 4099 
3 4143 4141 4101 
3 4056 4100 4101 
3 4099 4056 4101 
3 4142 4143 4101 
3 4184 4143 4142 
3 4100 4138 4142 
3 4101 4100 4142 
3 4142 4178 4184 
3 4178 4142 4138 
3 4178 4138 4179 
3 4179 4138 4176 
3 4176 4177 4179 
3 4179 4177 4219 
3 4157 4177 4156 
3 4157 4200 4177 
3 4200 4219 4177 
3 4156 4115 4157 
3 4157 4158 4200 
3 4158 4157 4115 
3 4158 4115 4159 
3 4159 4115 4116 
3 4117 4116 4072 
3 4117 4160 4116 
3 4160 4159 4116 
3 4072 4113 4117 
3 4117 4153 4160 
3 4153 4117 4113 
3 4153 4113 4154 
3 4154 4113 4114 
3 4119 4114 4076 
3 4119 4155 4114 
3 4155 4154 4114 
3 4076 4077 4119 
3 4121 4155 4119 
3 4162 4155 4121 
3 4077 4120 4121 
3 4119 4077 4121 
3 4161 4162 4121 
3 4161 4163 4162 
3 4163 4205 4162 
3 4120 4161 4121 
3 4425 4426 4394 
3 4424 4425 4394 
3 4355 4393 4356 
3 4356 4315 4355 
3 4424 4394 4393 
3 4393 4394 4356 
3 4276 4315 4316 
3 4315 4356 4316 
3 4316 4313 4276 
3 4352 4313 4316 
3 4238 4279 4280 
3 4277 4279 4238 
3 4207 4238 4247 
3 4238 4280 4247 
3 4205 4163 4207 
3 4247 4205 4207 
3 4313 4352 4350 
3 4311 4313 4350 
3 4312 4311 4351 
3 4311 4350 4351 
3 4278 4312 4317 
3 4312 4351 4317 
3 4279 4277 4278 
3 4317 4279 4278 
3 3832 3833 3762 
3 3831 3832 3762 
3 3833 3763 3762 
3 3835 3836 3765 
3 3834 3835 3765 
3 3837 3838 3766 
3 3836 3837 3766 
3 3836 3766 3765 
3 3838 3767 3766 
3 3774 3773 3689 
3 3759 3760 3679 
3 3760 3761 3680 
3 3760 3680 3679 
3 3761 3831 3762 
3 3761 3762 3680 
3 3681 3680 3762 
3 3681 3762 3682 
3 3763 3764 3682 
3 3763 3682 3762 
3 3683 3604 3682 
3 3683 3682 3765 
3 3764 3834 3765 
3 3764 3765 3682 
3 3684 3683 3765 
3 3766 3684 3765 
3 3685 3684 3766 
3 3685 3766 3686 
3 3767 3768 3686 
3 3767 3686 3766 
3 3769 3770 3687 
3 3768 3769 3687 
3 3768 3687 3686 
3 3771 3772 3688 
3 3770 3771 3688 
3 3770 3688 3687 
3 3689 3610 3688 
3 3774 3689 3772 
3 3772 3689 3688 
3 3681 3682 3603 
3 3604 3603 3682 
3 3685 3686 3607 
3 3608 3607 3686 
3 3687 3608 3686 
3 3609 3608 3687 
3 3688 3609 3687 
3 3610 3609 3688 
3 3785 3711 3712 
3 3847 3787 3786 
3 3848 3847 3786 
3 3712 3713 3786 
3 3785 3712 3787 
3 3787 3712 3786 
3 3898 3850 3851 
3 3899 3898 3851 
3 3849 3848 3786 
3 3849 3786 3788 
3 3850 3849 3788 
3 3850 3788 3851 
3 3713 3714 3788 
3 3786 3713 3788 
3 3900 3899 3851 
3 3900 3851 3852 
3 3901 3900 3852 
3 3788 3789 3851 
3 3789 3852 3851 
3 3714 3715 3789 
3 3788 3714 3789 
3 3950 3903 3904 
3 3951 3950 3904 
3 3902 3901 3852 
3 3902 3852 3853 
3 3903 3902 3853 
3 3903 3853 3904 
3 3789 3790 3852 
3 3790 3853 3852 
3 3715 3716 3790 
3 3789 3715 3790 
3 3952 3951 3904 
3 3952 3904 3905 
3 3953 3952 3905 
3 3853 3854 3904 
3 3854 3905 3904 
3 3790 3791 3853 
3 3791 3854 3853 
3 3716 3777 3791 
3 3790 3716 3791 
3 3997 3954 3955 
3 3954 3953 3905 
3 3954 3905 3955 
3 3939 3955 3905 
3 3939 3888 3940 
3 3939 3905 3888 
3 3905 3854 3888 
3 3791 3839 3854 
3 3839 3888 3854 
3 3777 3781 3839 
3 3791 3777 3839 
3 3888 3894 3940 
3 3894 3844 3895 
3 3894 3888 3844 
3 3888 3839 3844 
3 3781 3843 3844 
3 3839 3781 3844 
3 3893 3895 3844 
3 3947 3895 3893 
3 3843 3892 3893 
3 3844 3843 3893 
3 3946 3947 3893 
3 3993 3947 3946 
3 3892 3945 3946 
3 3893 3892 3946 
3 3992 3993 3946 
3 3992 4037 3993 
3 4037 4038 3993 
3 3945 3992 3946 
3 4083 4127 4084 
3 4083 4084 4038 
3 4083 4038 4082 
3 4082 4038 4037 
3 4083 4125 4127 
3 4125 4083 4082 
3 4125 4082 4126 
3 4126 4082 4124 
3 4124 4164 4126 
3 4126 4164 4166 
3 4180 4164 4139 
3 4180 4208 4164 
3 4208 4166 4164 
3 4139 4140 4180 
3 4181 4208 4180 
3 4222 4208 4181 
3 4140 4141 4181 
3 4180 4140 4181 
3 4181 4182 4222 
3 4182 4181 4141 
3 4182 4141 4183 
3 4183 4141 4143 
3 4143 4184 4183 
3 4183 4184 4224 
3 4220 4184 4178 
3 4220 4226 4184 
3 4226 4224 4184 
3 4178 4179 4220 
3 4221 4226 4220 
3 4263 4226 4221 
3 4179 4219 4221 
3 4220 4179 4221 
3 4221 4262 4263 
3 4262 4221 4219 
3 4262 4219 4241 
3 4241 4219 4200 
3 4201 4200 4158 
3 4201 4242 4200 
3 4242 4241 4200 
3 4158 4159 4201 
3 4201 4202 4242 
3 4202 4201 4159 
3 4202 4159 4203 
3 4203 4159 4160 
3 4197 4160 4153 
3 4197 4204 4160 
3 4204 4203 4160 
3 4153 4154 4197 
3 4197 4198 4204 
3 4198 4197 4154 
3 4198 4154 4199 
3 4199 4154 4155 
3 4155 4162 4199 
3 4199 4162 4206 
3 4491 4492 4460 
3 4248 4289 4249 
3 4248 4249 4206 
3 4248 4206 4205 
3 4205 4206 4162 
3 4491 4460 4459 
3 4459 4460 4427 
3 4426 4459 4427 
3 4427 4394 4426 
3 4356 4394 4395 
3 4394 4427 4395 
3 4316 4356 4357 
3 4356 4395 4357 
3 4357 4352 4316 
3 4392 4352 4357 
3 4280 4318 4290 
3 4279 4318 4280 
3 4289 4248 4247 
3 4289 4247 4290 
3 4290 4247 4280 
3 4205 4247 4248 
3 4352 4392 4390 
3 4350 4352 4390 
3 4351 4350 4391 
3 4350 4390 4391 
3 4317 4351 4358 
3 4351 4391 4358 
3 4318 4279 4317 
3 4358 4318 4317 
3 3997 3955 3998 
3 3998 3955 3999 
3 4045 3998 3999 
3 3955 3939 3987 
3 3999 3955 3987 
3 3939 3940 3987 
3 4090 4046 4047 
3 4046 4045 3999 
3 4046 3999 4047 
3 4042 4047 3999 
3 4042 3995 4043 
3 4042 3999 3995 
3 3999 3987 3995 
3 3940 3894 3948 
3 3940 3948 3987 
3 3987 3948 3995 
3 3894 3895 3948 
3 3996 4043 3995 
3 4044 4043 3996 
3 3948 3949 3995 
3 3949 3996 3995 
3 3895 3947 3949 
3 3948 3895 3949 
3 3996 4040 4044 
3 4040 3994 4041 
3 4040 3996 3994 
3 3996 3949 3994 
3 3947 3993 3994 
3 3949 3947 3994 
3 4039 4041 3994 
3 4085 4041 4039 
3 3993 4038 4039 
3 3994 3993 4039 
3 4084 4085 4039 
3 4084 4127 4085 
3 4127 4128 4085 
3 4038 4084 4039 
3 4165 4127 4125 
3 4165 4168 4127 
3 4168 4128 4127 
3 4125 4126 4165 
3 4167 4168 4165 
3 4210 4168 4167 
3 4126 4166 4167 
3 4165 4126 4167 
3 4209 4210 4167 
3 4252 4210 4209 
3 4166 4208 4209 
3 4167 4166 4209 
3 4209 4250 4252 
3 4250 4209 4208 
3 4250 4208 4251 
3 4251 4208 4222 
3 4223 4222 4182 
3 4223 4264 4222 
3 4264 4251 4222 
3 4182 4183 4223 
3 4225 4264 4223 
3 4266 4264 4225 
3 4183 4224 4225 
3 4223 4183 4225 
3 4265 4266 4225 
3 4305 4266 4265 
3 4224 4226 4265 
3 4225 4224 4265 
3 4265 4267 4305 
3 4267 4265 4226 
3 4267 4226 4268 
3 4268 4226 4263 
3 4282 4263 4262 
3 4282 4303 4263 
3 4303 4268 4263 
3 4262 4241 4282 
3 4282 4283 4303 
3 4283 4282 4241 
3 4283 4241 4284 
3 4284 4241 4242 
3 4243 4242 4202 
3 4243 4285 4242 
3 4285 4284 4242 
3 4202 4203 4243 
3 4243 4244 4285 
3 4244 4243 4203 
3 4244 4203 4245 
3 4245 4203 4204 
3 4239 4204 4198 
3 4239 4246 4204 
3 4246 4245 4204 
3 4198 4199 4239 
3 4240 4246 4239 
3 4281 4246 4240 
3 4199 4206 4240 
3 4239 4199 4240 
3 4492 4493 4460 
3 4493 4522 4494 
3 4493 4494 4460 
3 4249 4281 4240 
3 4249 4289 4281 
3 4289 4319 4281 
3 4206 4249 4240 
3 4460 4494 4461 
3 4427 4460 4461 
3 4395 4427 4428 
3 4427 4461 4428 
3 4357 4395 4396 
3 4395 4428 4396 
3 4392 4397 4404 
3 4392 4357 4397 
3 4357 4396 4397 
3 4404 4368 4367 
3 4397 4368 4404 
3 4367 4328 4327 
3 4368 4328 4367 
3 4327 4290 4318 
3 4327 4328 4290 
3 4328 4329 4290 
3 4319 4289 4290 
3 4329 4319 4290 
3 4392 4404 4390 
3 4391 4390 4404 
3 4367 4391 4404 
3 4358 4391 4367 
3 4327 4358 4367 
3 4318 4358 4327 
3 4090 4047 4091 
3 4091 4047 4092 
3 4133 4091 4092 
3 4047 4042 4088 
3 4092 4047 4088 
3 4042 4043 4088 
3 4134 4133 4092 
3 4134 4092 4132 
3 4174 4134 4132 
3 4088 4089 4092 
3 4089 4132 4092 
3 4043 4044 4089 
3 4088 4043 4089 
3 4175 4174 4132 
3 4175 4132 4171 
3 4214 4175 4171 
3 4089 4130 4132 
3 4130 4171 4132 
3 4044 4040 4086 
3 4044 4086 4089 
3 4089 4086 4130 
3 4040 4041 4086 
3 4258 4215 4216 
3 4215 4214 4171 
3 4215 4171 4216 
3 4172 4216 4171 
3 4172 4131 4173 
3 4172 4171 4131 
3 4171 4130 4131 
3 4086 4087 4130 
3 4087 4131 4130 
3 4041 4085 4087 
3 4086 4041 4087 
3 4170 4173 4131 
3 4213 4173 4170 
3 4087 4129 4131 
3 4129 4170 4131 
3 4085 4128 4129 
3 4087 4085 4129 
3 4212 4213 4170 
3 4256 4213 4212 
3 4129 4169 4170 
3 4169 4212 4170 
3 4128 4168 4169 
3 4129 4128 4169 
3 4212 4254 4256 
3 4254 4211 4255 
3 4254 4212 4211 
3 4212 4169 4211 
3 4168 4210 4211 
3 4169 4168 4211 
3 4253 4255 4211 
3 4294 4255 4253 
3 4210 4252 4253 
3 4211 4210 4253 
3 4253 4292 4294 
3 4291 4330 4292 
3 4250 4291 4292 
3 4250 4292 4253 
3 4250 4253 4252 
3 4250 4251 4291 
3 4293 4330 4291 
3 4333 4330 4293 
3 4251 4264 4293 
3 4291 4251 4293 
3 4304 4333 4293 
3 4342 4333 4304 
3 4264 4266 4304 
3 4293 4264 4304 
3 4304 4306 4342 
3 4306 4304 4266 
3 4306 4266 4307 
3 4307 4266 4305 
3 4308 4305 4267 
3 4308 4343 4305 
3 4343 4307 4305 
3 4267 4268 4308 
3 4308 4309 4343 
3 4309 4308 4268 
3 4309 4268 4310 
3 4310 4268 4303 
3 4321 4303 4283 
3 4321 4341 4303 
3 4341 4310 4303 
3 4283 4284 4321 
3 4321 4322 4341 
3 4322 4321 4284 
3 4322 4284 4323 
3 4323 4284 4285 
3 4286 4285 4244 
3 4286 4324 4285 
3 4324 4323 4285 
3 4244 4245 4286 
3 4286 4287 4324 
3 4287 4286 4245 
3 4287 4245 4288 
3 4288 4245 4246 
3 4246 4281 4288 
3 4288 4281 4320 
3 4548 4549 4523 
3 4549 4550 4523 
3 4522 4548 4523 
3 4522 4523 4494 
3 4524 4494 4523 
3 4359 4370 4360 
3 4359 4360 4320 
3 4359 4320 4319 
3 4319 4320 4281 
3 4494 4524 4495 
3 4461 4494 4495 
3 4428 4461 4462 
3 4461 4495 4462 
3 4396 4428 4429 
3 4428 4462 4429 
3 4397 4396 4430 
3 4396 4429 4430 
3 4368 4397 4405 
3 4397 4430 4405 
3 4328 4368 4369 
3 4368 4405 4369 
3 4370 4359 4329 
3 4370 4329 4369 
3 4369 4329 4328 
3 4319 4329 4359 
3 4258 4216 4259 
3 4259 4216 4260 
3 4299 4259 4260 
3 4216 4172 4217 
3 4260 4216 4217 
3 4172 4173 4217 
3 4300 4299 4260 
3 4300 4260 4261 
3 4301 4300 4261 
3 4217 4218 4260 
3 4218 4261 4260 
3 4173 4213 4218 
3 4217 4173 4218 
3 4336 4297 4337 
3 4337 4297 4338 
3 4336 4302 4297 
3 4301 4261 4302 
3 4302 4261 4297 
3 4218 4257 4261 
3 4257 4297 4261 
3 4213 4256 4257 
3 4218 4213 4257 
3 4297 4339 4338 
3 4339 4298 4340 
3 4339 4297 4298 
3 4297 4257 4298 
3 4256 4254 4295 
3 4256 4295 4257 
3 4257 4295 4298 
3 4254 4255 4295 
3 4298 4334 4340 
3 4334 4296 4335 
3 4334 4298 4296 
3 4298 4295 4296 
3 4255 4294 4296 
3 4295 4255 4296 
3 4296 4332 4335 
3 4331 4372 4332 
3 4292 4331 4332 
3 4292 4332 4296 
3 4292 4296 4294 
3 4292 4330 4331 
3 4371 4372 4331 
3 4406 4372 4371 
3 4330 4333 4371 
3 4331 4330 4371 
3 4371 4374 4406 
3 4374 4371 4333 
3 4374 4333 4375 
3 4375 4333 4342 
3 4344 4342 4306 
3 4344 4381 4342 
3 4381 4375 4342 
3 4306 4307 4344 
3 4344 4345 4381 
3 4345 4344 4307 
3 4345 4307 4346 
3 4346 4307 4343 
3 4347 4343 4309 
3 4347 4382 4343 
3 4382 4346 4343 
3 4309 4310 4347 
3 4347 4348 4382 
3 4348 4347 4310 
3 4348 4310 4349 
3 4349 4310 4341 
3 4361 4341 4322 
3 4361 4380 4341 
3 4380 4349 4341 
3 4322 4323 4361 
3 4361 4362 4380 
3 4362 4361 4323 
3 4362 4323 4363 
3 4363 4323 4324 
3 4325 4324 4287 
3 4325 4364 4324 
3 4364 4363 4324 
3 4287 4288 4325 
3 4365 4402 4401 
3 4364 4365 4401 
3 4364 4325 4365 
3 4325 4326 4365 
3 4288 4320 4326 
3 4325 4288 4326 
3 4550 4567 4551 
3 4551 4523 4550 
3 4567 4568 4551 
3 4524 4552 4525 
3 4524 4523 4552 
3 4523 4551 4552 
3 4552 4526 4525 
3 4403 4436 4435 
3 4402 4403 4435 
3 4402 4365 4403 
3 4365 4366 4403 
3 4360 4370 4366 
3 4360 4366 4326 
3 4326 4366 4365 
3 4320 4360 4326 
3 4524 4525 4495 
3 4525 4526 4496 
3 4525 4496 4495 
3 4495 4496 4462 
3 4429 4462 4463 
3 4462 4496 4463 
3 4430 4429 4437 
3 4429 4463 4437 
3 4436 4403 4405 
3 4436 4405 4437 
3 4437 4405 4430 
3 4369 4405 4403 
3 4366 4369 4403 
3 4370 4369 4366 
3 4377 4337 4338 
3 4338 4339 4378 
3 4379 4377 4338 
3 4379 4338 4378 
3 4412 4379 4378 
3 4339 4340 4378 
3 4472 4445 4443 
3 4443 4411 4444 
3 4445 4413 4411 
3 4411 4443 4445 
3 4412 4378 4413 
3 4413 4378 4411 
3 4340 4334 4376 
3 4340 4376 4378 
3 4378 4376 4411 
3 4334 4335 4376 
3 4411 4440 4444 
3 4440 4408 4441 
3 4440 4411 4408 
3 4411 4376 4408 
3 4335 4332 4373 
3 4335 4373 4376 
3 4376 4373 4408 
3 4332 4372 4373 
3 4408 4438 4441 
3 4438 4407 4439 
3 4438 4408 4407 
3 4408 4373 4407 
3 4372 4406 4407 
3 4373 4372 4407 
3 4407 4410 4439 
3 4409 4419 4410 
3 4374 4409 4410 
3 4374 4410 4407 
3 4374 4407 4406 
3 4374 4375 4409 
3 4385 4419 4409 
3 4415 4419 4385 
3 4375 4381 4385 
3 4409 4375 4385 
3 4385 4384 4415 
3 4383 4414 4384 
3 4345 4383 4384 
3 4345 4384 4385 
3 4345 4385 4381 
3 4345 4346 4383 
3 4386 4414 4383 
3 4420 4414 4386 
3 4346 4382 4386 
3 4383 4346 4386 
3 4386 4388 4420 
3 4387 4421 4388 
3 4348 4387 4388 
3 4348 4388 4386 
3 4348 4386 4382 
3 4348 4349 4387 
3 4389 4421 4387 
3 4423 4421 4389 
3 4349 4380 4389 
3 4387 4349 4389 
3 4389 4399 4423 
3 4398 4431 4399 
3 4362 4398 4399 
3 4362 4399 4389 
3 4362 4389 4380 
3 4362 4363 4398 
3 4400 4431 4398 
3 4433 4431 4400 
3 4363 4364 4400 
3 4398 4363 4400 
3 4604 4605 4591 
3 4434 4466 4465 
3 4433 4434 4465 
3 4400 4434 4433 
3 4400 4402 4434 
3 4400 4401 4402 
3 4364 4401 4400 
3 4604 4591 4590 
3 4590 4591 4569 
3 4589 4590 4569 
3 4589 4569 4568 
3 4568 4569 4551 
3 4552 4551 4554 
3 4551 4569 4554 
3 4526 4529 4500 
3 4526 4552 4529 
3 4552 4554 4529 
3 4529 4501 4500 
3 4467 4468 4498 
3 4466 4467 4498 
3 4434 4467 4466 
3 4434 4436 4467 
3 4434 4435 4436 
3 4402 4435 4434 
3 4526 4500 4496 
3 4500 4501 4469 
3 4500 4469 4496 
3 4496 4469 4463 
3 4468 4467 4437 
3 4468 4437 4469 
3 4469 4437 4463 
3 4436 4437 4467 
3 4472 4443 4473 
3 4473 4443 4474 
3 4503 4473 4474 
3 4443 4444 4474 
3 4504 4503 4474 
3 4504 4474 4502 
3 4530 4504 4502 
3 4444 4440 4471 
3 4444 4471 4474 
3 4474 4471 4502 
3 4440 4441 4471 
3 4531 4530 4502 
3 4532 4531 4502 
3 4502 4515 4532 
3 4515 4485 4513 
3 4515 4502 4485 
3 4502 4471 4485 
3 4441 4438 4470 
3 4441 4470 4471 
3 4471 4470 4485 
3 4438 4439 4470 
3 4485 4484 4513 
3 4484 4454 4482 
3 4484 4485 4454 
3 4485 4470 4454 
3 4439 4410 4442 
3 4439 4442 4470 
3 4470 4442 4454 
3 4410 4419 4442 
3 4454 4453 4482 
3 4453 4418 4449 
3 4453 4454 4418 
3 4454 4442 4418 
3 4419 4415 4418 
3 4442 4419 4418 
3 4418 4417 4449 
3 4416 4448 4417 
3 4384 4416 4417 
3 4384 4417 4418 
3 4384 4418 4415 
3 4384 4414 4416 
3 4416 4446 4448 
3 4446 4416 4414 
3 4446 4414 4447 
3 4447 4414 4420 
3 4422 4420 4388 
3 4422 4455 4420 
3 4455 4447 4420 
3 4388 4421 4422 
3 4422 4456 4455 
3 4456 4422 4421 
3 4456 4421 4457 
3 4457 4421 4423 
3 4432 4423 4399 
3 4432 4458 4423 
3 4458 4457 4423 
3 4399 4431 4432 
3 4464 4458 4432 
3 4489 4458 4464 
3 4431 4433 4464 
3 4432 4431 4464 
3 4591 4592 4571 
3 4605 4606 4592 
3 4592 4591 4605 
3 4606 4607 4592 
3 4571 4587 4570 
3 4592 4587 4571 
3 4587 4566 4570 
3 4497 4527 4520 
3 4489 4497 4520 
3 4464 4497 4489 
3 4464 4466 4497 
3 4464 4465 4466 
3 4433 4465 4464 
3 4591 4571 4569 
3 4554 4569 4571 
3 4570 4554 4571 
3 4570 4566 4553 
3 4570 4553 4554 
3 4554 4553 4529 
3 4501 4528 4499 
3 4501 4529 4528 
3 4529 4553 4528 
3 4527 4499 4528 
3 4497 4499 4527 
3 4497 4468 4499 
3 4497 4498 4468 
3 4466 4498 4497 
3 4501 4499 4469 
3 4468 4469 4499 
3 4532 4515 4540 
3 4540 4515 4514 
3 4541 4540 4514 
3 4515 4513 4514 
3 4561 4542 4539 
3 4542 4541 4514 
3 4542 4514 4539 
3 4512 4539 4514 
3 4483 4511 4512 
3 4484 4483 4512 
3 4484 4512 4514 
3 4484 4514 4513 
3 4484 4482 4483 
3 4483 4481 4511 
3 4452 4479 4481 
3 4453 4452 4481 
3 4453 4481 4483 
3 4453 4483 4482 
3 4453 4449 4452 
3 4452 4451 4479 
3 4450 4478 4451 
3 4417 4450 4451 
3 4417 4451 4452 
3 4417 4452 4449 
3 4417 4448 4450 
3 4450 4476 4478 
3 4475 4505 4476 
3 4446 4475 4476 
3 4446 4476 4450 
3 4446 4450 4448 
3 4446 4447 4475 
3 4477 4505 4475 
3 4507 4505 4477 
3 4447 4455 4477 
3 4475 4447 4477 
3 4477 4487 4507 
3 4486 4516 4487 
3 4456 4486 4487 
3 4456 4487 4477 
3 4456 4477 4455 
3 4456 4457 4486 
3 4488 4516 4486 
3 4518 4516 4488 
3 4457 4458 4488 
3 4486 4457 4488 
3 4519 4546 4545 
3 4518 4519 4545 
3 4518 4488 4519 
3 4488 4490 4519 
3 4458 4489 4490 
3 4488 4458 4490 
3 4607 4619 4603 
3 4603 4592 4607 
3 4619 4618 4603 
3 4587 4592 4588 
3 4592 4603 4588 
3 4566 4565 4547 
3 4566 4587 4565 
3 4587 4588 4565 
3 4546 4547 4565 
3 4546 4519 4547 
3 4519 4521 4547 
3 4520 4527 4521 
3 4520 4521 4490 
3 4490 4521 4519 
3 4489 4520 4490 
3 4566 4547 4553 
3 4528 4553 4547 
3 4521 4528 4547 
3 4527 4528 4521 
3 4562 4561 4539 
3 4562 4539 4555 
3 4539 4512 4534 
3 4555 4539 4534 
3 4512 4511 4534 
3 4572 4573 4555 
3 4572 4555 4556 
3 4573 4562 4555 
3 4534 4535 4555 
3 4535 4556 4555 
3 4511 4481 4508 
3 4511 4508 4534 
3 4534 4508 4535 
3 4481 4479 4508 
3 4574 4572 4556 
3 4575 4574 4556 
3 4575 4556 4576 
3 4576 4556 4557 
3 4535 4536 4556 
3 4536 4557 4556 
3 4508 4509 4535 
3 4509 4536 4535 
3 4479 4451 4480 
3 4479 4480 4508 
3 4508 4480 4509 
3 4451 4478 4480 
3 4577 4576 4557 
3 4536 4558 4557 
3 4578 4577 4557 
3 4557 4558 4578 
3 4509 4537 4536 
3 4537 4558 4536 
3 4480 4510 4509 
3 4510 4537 4509 
3 4478 4476 4506 
3 4478 4506 4480 
3 4480 4506 4510 
3 4476 4505 4506 
3 4579 4578 4558 
3 4579 4558 4580 
3 4593 4579 4580 
3 4537 4559 4558 
3 4559 4580 4558 
3 4510 4538 4537 
3 4538 4559 4537 
3 4506 4533 4510 
3 4533 4538 4510 
3 4505 4507 4533 
3 4506 4505 4533 
3 4594 4593 4580 
3 4595 4594 4580 
3 4580 4581 4595 
3 4559 4581 4580 
3 4582 4581 4559 
3 4582 4560 4583 
3 4582 4559 4560 
3 4559 4538 4560 
3 4533 4544 4538 
3 4544 4560 4538 
3 4507 4487 4517 
3 4507 4517 4533 
3 4533 4517 4544 
3 4487 4516 4517 
3 4584 4600 4599 
3 4583 4584 4599 
3 4583 4560 4584 
3 4560 4585 4584 
3 4544 4563 4560 
3 4563 4585 4560 
3 4517 4543 4544 
3 4543 4563 4544 
3 4516 4518 4543 
3 4517 4516 4543 
3 4615 4616 4601 
3 4616 4613 4601 
3 4613 4614 4600 
3 4613 4600 4601 
3 4600 4584 4601 
3 4584 4602 4601 
3 4585 4586 4584 
3 4586 4602 4584 
3 4563 4564 4585 
3 4564 4586 4585 
3 4545 4546 4564 
3 4545 4564 4543 
3 4543 4564 4563 
3 4518 4545 4543 
3 4617 4615 4601 
3 4618 4617 4601 
3 4601 4603 4618 
3 4602 4603 4601 
3 4588 4603 4602 
3 4586 4588 4602 
3 4565 4588 4586 
3 4564 4565 4586 
3 4546 4565 4564 
3 4595 4581 4596 
3 4596 4581 4597 
3 4608 4596 4597 
3 4581 4582 4598 
3 4597 4581 4598 
3 4582 4583 4598 
3 4609 4608 4597 
3 4612 4611 4599 
3 4612 4599 4600 
3 4611 4610 4598 
3 4598 4599 4611 
3 4610 4609 4597 
3 4597 4598 4610 
3 4583 4599 4598 
3 4614 4612 4600 

POINT_DATA 4620
SCALARS Selection float
LOOKUP_TABLE default
3.46945e-18 3.46945e-18 0.0108534 -3.46945e-18 0 0.151567 0 0.101645 0.239568 
-1.38778e-17 0.0849383 0.260371 0.40948 0 0.0765794 0.276236 0.477764 0 
0.188397 0.451049 0.615285 0.630811 -6.93889e-18 0 0.233888 0.517568 0.761601 
0 0.114352 0.287924 0.639771 0.695837 0.456752 0.8506 4.33681e-18 0.00802287 
0.314233 0.556589 0.766043 0.963974 1.05591 -6.93889e-18 6.93889e-18 0.211741 0.677773 
0.879193 0.325581 0.561091 1.0217 1.14029 -1.38778e-17 -8.67362e-18 -1.38778e-17 0.100709 
0.384297 0.577274 0.894172 1.21487 1.31471 1.28255 6.93889e-18 0.129278 0.812478 
1.07576 1.16948 0.179925 0.401296 0.656279 1.29465 1.33143 6.93889e-18 -1.38778e-17 
0.167482 0.413062 0.704202 1.04375 1.14395 1.26329 1.3945 1.40403 1.37905 
1.44981 1.48642 -6.93889e-18 6.93889e-18 0.970816 1.2464 1.31787 1.37461 6.93889e-18 
0.0621247 0.215698 0.454713 0.703302 1.40104 0 0 0.244148 0.548156 
0.790711 0.920636 1.07194 1.25807 1.26543 1.55211 1.61535 1.38583 1.52486 
1.50663 1.59894 1.6709 1.14545 1.19691 0.865991 1.3644 1.33223 1.43549 
1.44203 1.51119 6.93889e-18 0 0.0325069 0.196171 0.536467 -6.93889e-18 0.0787664 
0.3013 0.569512 0.793128 0.962015 1.13919 1.29107 1.44999 1.46544 1.73402 
1.80014 1.69742 1.59828 1.65966 1.77236 1.87358 1.07577 1.26143 1.25344 
1.35228 0.638383 0.924144 1.4892 1.61271 1.57013 1.69442 0 -3.46945e-18 
1.38778e-17 0 0.323118 -6.93889e-18 6.93889e-18 0.0732495 0.297998 0.771088 0.434704 
0.846324 1.02727 1.1862 1.27234 1.3994 1.68562 1.58851 1.91201 1.98444 
1.89688 1.7819 1.85223 1.92514 2.05922 2.05195 1.1441 1.33991 1.43721 
1.54979 0.391878 0.790448 0.561187 0.959593 1.67429 1.80104 1.7375 1.84679 
3.46945e-18 0.144945 0 1.38778e-17 0.123351 0.668305 0.824186 1.0705 0.994038 
0.186375 0.442209 1.17289 1.28929 1.48669 1.90938 1.80346 1.71134 2.05843 
2.19219 2.09461 2.03928 1.93912 2.01855 2.03519 2.19156 2.25605 2.17741 
1.2711 1.12976 1.4106 1.51224 1.62534 1.74876 0.255511 0.79795 0.325452 
0.706467 0.484522 0.89553 1.87912 2.01162 1.92514 -3.46945e-18 0 0 
6.93889e-18 0 0.671465 0.857132 1.14863 1.33384 1.09102 1.20013 3.46945e-18 
0 0.220443 0.465 1.61554 2.09636 2.09265 2.01842 1.93783 1.85807 
2.35195 2.43141 2.30792 2.20384 2.14385 2.28356 2.42583 2.51168 1.30696 
1.21735 1.05957 1.45856 1.57682 1.69997 1.83 1.9654 0 0.0934003 
0.192063 0.717138 0.257685 0.616816 0.401507 0.807466 2.1039 2.24368 0.685996 
0.88629 1.35771 1.54613 1.10334 1.28065 1.32286 0 0.0238281 0.252705 
0.486275 1.78384 2.31815 2.22989 2.24018 2.16256 2.09797 2.02085 2.57867 
2.63982 2.56539 2.42187 2.38608 2.53175 2.67732 2.75685 1.34389 1.2245 
1.12069 0.966847 1.49783 1.63231 1.76974 1.91049 2.05406 2.19901 0 
-6.93889e-18 6.93889e-18 -6.93889e-18 0.0378762 0.141286 0.605211 0.204903 0.434843 0.706834 
2.34451 2.49048 0.672108 0.88688 1.43826 1.58937 1.73468 1.11468 1.30326 
1.54586 1.50808 -6.93889e-18 -6.93889e-18 6.93889e-18 0.0418681 0.276273 0.508476 1.94565 
2.57762 2.43977 2.4401 2.34928 2.36166 2.26722 2.18267 2.80966 2.84208 
2.75599 2.61888 2.63779 2.78634 2.93412 3.00504 1.36465 1.23211 1.09974 
0.957648 1.53006 1.68107 1.83314 1.9863 2.13998 2.29311 2.44463 3.46945e-18 
6.93889e-18 -3.46945e-18 -1.38778e-17 0 -6.93889e-18 0.0689515 0.212171 0.435734 0.680422 
2.59472 2.74418 0.734041 0.947696 1.69277 1.86466 1.11413 1.28357 1.46763 
1.73647 1.66504 1.38778e-17 0 0.052002 0.282617 0.52525 2.09112 2.81553 
2.79766 2.70741 2.63798 2.56907 2.59787 2.51537 2.42971 2.32894 3.05922 
3.13478 2.97142 2.89363 3.0436 3.19353 3.25801 1.37844 1.20771 0.892726 
1.11609 1.55836 1.72271 1.88722 2.05231 2.2186 2.38259 2.54192 2.69648 
0 -1.38778e-17 0.0589308 -6.93889e-18 0.132383 0.415793 0.634406 2.84837 2.99837 
0.777116 0.975477 1.98139 1.05271 1.23437 1.42426 1.6042 1.87683 1.79408 
6.93889e-18 0 0.0292973 0.257125 0.50822 2.20998 3.08264 2.9648 2.96848 
2.88585 2.83881 2.80066 2.75627 2.67994 2.56843 2.44143 3.32098 3.40313 
3.23621 3.14711 3.29785 3.44999 3.50736 1.40068 1.28045 1.01311 1.08799 
0.723584 1.26461 1.58136 1.75302 1.92761 2.09903 2.27983 2.46251 2.63459 
2.7963 2.94882 6.93889e-18 6.93889e-18 -1.38778e-17 0 0.153236 0.429247 3.10082 
3.24644 0.725108 0.905481 2.096 0.908739 1.08228 1.22002 1.37754 1.54968 
1.72749 1.99834 1.91992 1.04083e-17 0 0 -6.93889e-18 0.217418 0.4642 
2.32146 3.35288 3.20283 3.19502 3.09385 3.12404 3.05628 3.00426 2.93323 
2.80958 2.67865 2.55519 3.57208 3.66772 3.50626 3.38985 3.54708 3.70352 
3.73609 1.4259 0.900464 1.14528 1.0968 1.20698 0.448967 0.699791 1.45828 
1.41514 1.60199 1.77569 1.95811 2.12325 2.29024 2.52784 2.71026 2.90539 
3.04273 3.19826 1.38778e-17 -6.93889e-18 0.168668 3.35206 3.47503 0.683689 2.21656 
0.89204 1.08549 1.15183 1.29398 1.48847 1.66573 1.85061 2.12972 2.05015 
0 6.93889e-18 0.17241 0.403481 2.44689 3.63203 3.50491 3.41662 3.33837 
3.38327 3.31954 3.26637 3.18682 3.05514 2.92182 2.79668 2.68645 3.80672 
3.96162 3.77929 3.60857 3.81831 3.94938 3.88116 0.927514 1.19146 1.29461 
0.187541 0.450618 0.693359 1.60852 1.48126 1.62057 1.79565 1.98462 2.18088 
2.25421 2.40669 2.66112 2.79889 2.90525 3.10272 3.12784 3.26637 3.4655 
-1.38778e-17 0 3.6125 3.62314 0.606351 2.35438 0.745486 0.994113 1.08259 
1.22818 1.40816 1.5848 1.75937 1.91886 2.2593 2.05835 0 0.104348 
6.93889e-18 0.326637 2.5894 3.90756 3.7894 3.69157 3.62289 3.58957 3.56818 
3.52997 3.44095 3.30634 3.17112 3.04465 2.93262 2.77057 4.03544 4.22605 
4.2163 4.03899 3.78499 4.01866 4.0991 4.19328 0.919046 1.1261 1.35281 
1.3023 1.41287 -1.38778e-17 0 0.195277 0.438608 0.660068 1.8017 1.65667 
1.6062 1.79853 2.03656 2.1719 2.35554 2.53719 2.72709 2.93079 2.98936 
3.15784 3.28519 3.30859 3.43799 3.64497 3.73297 3.8443 0.495838 2.40897 
0.734314 0.479589 0.897135 0.849316 1.04549 1.13844 1.28745 1.44639 1.59307 
1.72441 1.84269 2.18128 1.94945 -1.38778e-17 -6.93889e-18 0.0397837 0.261619 2.53088 
4.16853 4.08828 3.96869 3.90156 3.84622 3.8074 3.78572 3.69952 3.56399 
3.42706 3.29756 3.13436 2.88643 2.63489 4.25635 4.4449 4.47748 4.39065 
4.24345 3.9694 4.1536 4.30195 4.29545 4.40449 0.990457 0.740222 1.14427 
1.35887 1.48431 6.93889e-18 0 0.138565 0.44881 1.99837 1.78438 1.63739 
1.76928 1.96787 2.30232 2.24009 2.52546 2.73345 2.96627 3.18031 3.38411 
3.42395 3.48901 3.60918 3.8449 3.91067 3.91515 4.05261 2.28828 0.633499 
0.192674 0.460899 0.223564 0.587651 0.86212 1.01278 1.03936 1.11435 1.26089 
1.39689 1.51615 1.62211 1.71722 2.04535 1.8041 -1.38778e-17 8.67362e-19 0 
0 2.38269 4.43708 4.34942 4.31088 4.19279 4.20404 4.12045 4.06386 
3.99747 3.98023 3.8273 3.69252 3.4943 3.24482 2.99237 2.73264 2.47084 
4.64789 4.68892 4.81043 4.61534 4.26866 4.32999 4.50774 4.57637 4.4759 
0.944011 0.457154 0.806636 0.582173 0.965653 1.21362 1.39585 1.52362 0 
0 6.93889e-18 0.200504 2.19218 1.93744 1.64808 1.76074 1.90955 2.14444 
2.4925 2.44843 2.71397 2.97459 3.24714 3.38548 3.57636 3.75972 3.95527 
4.09286 4.09933 4.0344 4.19503 2.13218 3.46945e-18 0 0.339179 6.93889e-18 
-6.93889e-18 0.111371 0.288052 0.502812 0.68553 0.907035 0.955448 0.971405 1.04862 
1.18627 1.30086 1.39815 1.48533 1.56562 1.8846 1.6407 2.21291 4.73869 
4.61854 4.53233 4.43692 4.46622 4.39402 4.34158 4.25158 4.19262 4.04932 
3.87613 3.59584 3.3471 3.10324 2.83963 2.56206 2.29214 4.65174 4.82781 
4.88453 4.90336 5.10347 5.04436 4.88811 4.43688 4.46156 4.63203 4.79501 
4.75599 0.274097 0.737823 0.417928 0.578666 0.704524 0.938407 1.13098 1.27937 
1.54633 1.44261 1.56532 0 6.93889e-18 2.39714 2.09656 1.75511 1.6944 
1.84859 2.04005 1.97069 2.32854 2.67909 2.9645 3.22382 3.53244 3.46592 
3.76344 3.99519 4.20453 4.26477 4.26095 1.96021 -6.93889e-18 0 0 
6.93889e-18 0.0985335 0.420046 0.634244 0.811193 0.82132 0.863112 0.90182 0.970279 
1.08236 1.1695 1.25048 1.32938 1.40062 1.71241 1.4691 2.0331 5.02261 
4.90605 4.80614 4.72913 4.68113 4.64315 4.61295 4.55413 4.38483 4.10836 
3.87788 3.6735 3.42976 3.21805 2.98639 2.67293 2.37628 2.10636 4.95184 
5.09117 5.0575 5.27801 5.36757 5.30512 5.14517 4.4433 4.69806 4.76405 
4.84241 5.06189 5.06189 -6.93889e-18 0.0584664 0.215197 0.411126 0.406667 0.625533 
0.904275 1.13169 1.23113 1.39602 1.59812 1.55624 2.62933 2.14564 2.2354 
1.80295 1.68284 1.76251 1.90871 2.10974 2.04813 2.35915 2.49303 2.94013 
3.26174 3.42784 3.75173 3.60814 4.07453 4.21178 4.40686 1.7821 0 
0 6.93889e-18 0.22697 0.460874 0.549546 0.635377 0.747294 0.82902 0.808266 
0.870154 0.941588 0.994177 1.09265 1.16192 1.22969 1.53689 1.29559 1.85132 
5.29348 5.21572 5.09051 5.01646 4.9509 4.89566 4.82905 4.78199 4.50722 
4.24119 3.98312 3.75052 3.51737 3.24144 3.0249 2.84084 2.67746 2.46723 
2.18187 1.92199 5.20288 5.40749 5.5427 5.63441 5.51863 5.36079 4.59703 
4.80142 4.98313 4.96399 5.16258 5.30224 5.30822 0 6.93889e-18 0 
0 0.116697 0.152041 0.407374 0.671975 0.899891 1.04849 1.01626 1.22738 
1.36513 1.50005 1.68288 2.68498 2.91831 2.27819 1.84361 1.76748 1.97221 
2.22666 2.15722 2.48482 3.19977 3.57201 3.50589 3.8147 4.06587 4.36545 
4.30402 4.59986 1.60577 1.73472e-18 -1.73472e-18 0.161204 0.439861 0.286602 0.446535 
0.536058 0.667477 0.65413 0.705806 0.769468 0.80151 0.877759 0.911734 0.993651 
1.05574 1.36593 1.12664 1.67495 5.57328 5.48717 5.4473 5.32327 5.32995 
5.23869 5.17828 5.01123 4.77587 4.60864 4.37374 4.09013 3.83557 3.62685 
3.40169 3.1482 2.94348 2.78493 2.65714 2.49486 2.25127 1.99498 1.7456 
5.41454 5.62438 5.69776 5.72038 5.48579 5.49034 5.59384 4.82875 5.04958 
5.23614 5.39104 5.58082 5.53747 -8.67362e-19 0 6.93889e-18 0 0 
0.162444 0.408898 0.604633 0.807234 0.800658 1.02971 1.26264 1.39056 1.3969 
1.64502 1.54166 1.86169 1.78943 2.68509 2.91891 3.14725 2.44282 2.07065 
2.38325 2.30735 3.42647 3.80659 3.76449 4.10617 4.2729 4.57733 4.44704 
1.44127 1.73472e-18 0.112376 0.31017 0.380749 0.439463 0.501549 0.614601 0.705193 
0.713994 0.722414 0.784147 0.807528 0.8877 1.21059 0.96601 1.50769 5.41706 
5.49624 5.56048 5.57325 5.59798 5.52055 5.39149 5.13336 4.87423 4.60616 
4.38627 4.18355 3.93134 3.64473 3.41534 3.2538 3.06396 2.84342 2.7135 
2.5839 2.32208 2.07144 1.82191 1.57799 5.74459 5.55446 5.58735 5.36799 
5.18773 5.25648 5.32907 4.83075 5.08959 5.32354 5.38517 5.55085 5.70324 
5.6136 -6.93889e-18 6.93889e-18 0.0537952 0.229895 0.365491 0.541534 0.758486 0.961912 
1.11369 1.24355 1.402 1.71626 1.47881 1.63805 1.97594 1.88906 2.64636 
2.9611 3.12591 3.2931 2.2234 2.57384 2.4973 3.45071 3.61602 3.82631 
4.05193 4.4188 4.34269 4.63553 1.30948 1.38778e-17 0 0.0990559 0.149923 
0.224551 0.320312 0.221364 0.249673 0.294671 0.380614 0.472369 0.547878 0.620051 
0.61957 0.62275 0.680138 0.705901 1.08601 0.81059 1.32783 5.13665 5.21801 
5.29388 5.36688 5.42507 5.48296 5.49239 5.24755 4.9908 4.73683 4.49722 
4.27751 4.0523 3.79653 3.53166 3.26815 3.09713 2.93656 2.79165 2.79497 
2.58883 2.39265 2.1521 1.90456 1.66043 1.43649 5.51606 5.27615 5.26609 
5.11206 4.92258 4.96301 5.06538 4.82873 4.99039 5.19623 5.38029 5.5492 
5.7011 5.58 5.39517 5.39668 3.46945e-18 0.164607 1.38778e-17 -3.46945e-18 0.234465 
0.458244 0.621293 0.834882 1.01513 1.13317 1.30877 1.8103 1.37052 1.55413 
1.69205 2.08311 1.98765 2.87093 3.30745 3.19486 2.40861 2.29076 2.78358 
2.55922 2.67747 3.60074 3.87001 4.04016 4.21064 4.67805 4.37025 4.53152 
6.93889e-18 0 0 0 0.0817799 0.100931 0.107978 0.161558 0.173014 
0.19769 0.240861 0.318392 0.391714 0.461315 0.528505 0.525813 0.513475 0.578351 
1.16507 1.05369 0.896767 0.657421 1.25511 4.84286 4.937 5.02026 5.09667 
5.16778 5.23841 5.3243 5.30324 5.11168 4.85634 4.60951 4.37899 4.17859 
3.96 3.67773 3.40984 3.13682 2.93875 3.04021 2.9242 2.69474 2.47088 
2.23737 1.99224 1.74627 1.5016 1.32511 5.19386 4.99906 5.01289 4.89943 
4.64966 4.70531 4.73344 4.84739 4.9762 5.2035 5.51135 5.59356 5.6582 
5.53208 5.38981 5.18754 5.11463 -6.93889e-18 0 0 0.200253 0.362235 
0.495102 0.758834 0.972536 1.02134 1.15399 1.92583 1.78781 1.2382 1.478 
1.64257 2.16976 2.05786 3.09413 3.5257 3.4222 2.50063 2.39063 2.83475 
2.9729 2.73436 3.76065 4.22468 4.10478 4.72185 4.92477 4.51482 2.08167e-17 
1.38778e-17 0 6.93889e-18 1.38778e-17 0 6.93889e-18 0 -1.38778e-17 1.38778e-17 
1.38778e-17 0.0755656 0.102746 0 0.105201 0.117608 0.156485 0.237652 0.336141 
0.382709 0.369816 0.419133 1.11696 1.00874 0.927413 0.749416 0.498268 1.17784 
4.61602 4.63427 4.64838 4.74832 4.82399 4.9082 4.97436 5.06096 5.04905 
5.16198 4.99402 4.71208 4.4896 4.23493 3.98889 3.80885 3.57527 3.28593 
3.16031 3.03733 2.80427 2.56891 2.32874 2.08277 1.83605 1.59941 1.35434 
1.41315 1.23654 5.00009 4.77903 4.74492 4.78707 4.62055 4.40174 4.41633 
4.42686 4.51689 5.05893 5.2939 5.43292 5.40573 5.33822 5.49981 5.17758 
5.26002 4.99543 5.00598 4.93468 0 0.0358633 0.146518 0.21024 0.467964 
0.685533 0.861064 0.922788 1.04862 1.9385 1.72109 1.10741 1.35869 1.20599 
1.53637 2.20172 3.14242 3.29238 3.4696 3.62627 2.64731 2.51616 3.02312 
2.92808 3.80827 3.9684 4.4408 4.15168 4.31078 4.77122 4.87562 -1.38778e-17 
0 -1.38778e-17 1.38778e-17 0 0 0 -1.73472e-18 0.00442531 0.0101561 
0.040287 0.155208 0.163486 0.245114 1.04338 0.92973 0.76772 0.565563 0.344018 
1.09211 4.29949 4.4181 4.41739 4.52729 4.52808 4.6437 4.74692 4.73257 
4.8184 4.90913 4.91132 4.81454 4.52238 4.28099 4.09682 3.85208 3.6048 
3.39772 3.26741 3.13947 2.90721 2.66846 2.42346 2.17382 1.92436 1.67958 
1.43655 1.29546 1.2985 1.1701 4.80051 4.49726 4.5073 4.51555 4.30739 
4.12096 4.17904 4.20063 4.30157 5.27216 5.03899 5.4804 5.24305 5.11948 
5.13568 5.06383 4.92596 4.74047 3.46945e-18 -1.04083e-17 -3.46945e-18 6.93889e-18 -1.38778e-17 
0 0.159627 0.320019 0.546377 0.714552 0.882438 0.725013 0.980574 1.9833 
1.77363 1.06398 1.38143 1.09817 1.25227 1.584 2.28015 3.3389 3.67221 
2.8232 2.60136 3.23408 3.12487 4.01502 4.4926 4.65016 4.35708 4.83664 
-1.04083e-17 1.04083e-17 1.73472e-18 0 6.93889e-18 1.38778e-17 0 3.46945e-18 3.46945e-18 
0.063408 0 0 6.93889e-18 0 0.084893 0.987522 0.883185 0.581385 
0.666905 0.436182 0.215082 4.05063 4.0774 4.09966 4.19582 4.28609 4.28656 
4.37759 4.48123 4.47374 4.58636 4.58317 4.69074 4.78747 4.69489 4.42301 
4.13265 3.90874 3.70884 3.48976 3.36548 3.23312 3.00169 2.76253 2.51562 
2.26336 2.01117 1.76853 1.53067 1.27657 1.28037 1.19915 1.07405 4.59625 
4.38213 4.23949 4.21993 4.09178 3.85579 3.89834 3.92578 4.03387 5.26317 
5.45202 5.01241 5.27927 5.07276 4.92872 4.91195 4.9339 4.52445 4.47 
4.69629 0 6.93889e-18 0.0908556 0.109969 0.469498 0.74311 0.832731 0.558257 
0.927012 2.05474 1.84497 1.42231 1.00119 1.1704 1.288 1.62753 2.37464 
3.55391 3.90589 2.94215 2.68676 3.45095 3.26374 4.25291 4.69548 4.58783 
-6.93889e-18 -6.93889e-18 6.93889e-18 0 1.02679 0.770599 0.454501 0.532722 -3.46945e-18 
0.0268122 0.144253 0.275401 3.80573 3.82145 3.85005 3.86902 3.97198 3.96742 
4.06891 4.16497 4.16056 4.2433 4.33218 4.33163 4.42543 4.53125 4.42558 
4.4705 4.32564 4.04109 3.80809 3.58738 3.45907 3.31911 3.08725 2.84807 
2.60131 2.34962 2.09629 1.84778 1.63888 1.41155 1.17138 1.13724 4.26697 
4.17126 3.96301 3.97172 3.75389 3.57284 3.60537 3.70873 5.30221 5.42421 
4.92837 5.24472 4.94297 4.84676 4.67293 4.42486 4.33093 4.50589 0 
-6.93889e-18 -1.38778e-17 0 0 0.24801 0.665147 0.763963 0.446498 0.775694 
2.12898 1.99708 1.81843 1.38336 1.50796 0.813639 1.23704 1.0724 1.64215 
2.54997 2.35909 3.73625 4.14028 3.9909 3.12386 2.92848 2.73515 3.67444 
3.51217 3.31312 4.32178 4.46255 4.63944 4.79192 0.879594 0.632701 0.385795 
0 0.0403601 6.93889e-18 0.133452 3.52077 3.57453 3.5987 3.69738 3.71479 
3.74629 3.77281 3.92521 3.91798 4.01356 4.0046 4.11416 4.20843 4.20873 
4.22759 4.19652 4.08447 4.1119 3.91281 3.68365 3.54649 3.39647 3.16438 
2.92525 2.67957 2.43156 2.18416 1.93489 1.66581 1.25827 1.35576 1.47853 
1.14995 0.98078 4.12419 4.13353 3.98491 3.75105 3.64499 3.55067 3.36688 
3.33224 3.38661 3.49861 5.14183 5.36843 5.24346 4.96811 5.06028 4.84503 
4.65269 4.64868 4.4544 4.31402 4.22028 0 -3.46945e-18 0.231498 0.598945 
0.348086 0.581705 2.17156 2.03653 1.79554 1.49099 0.598648 0.904975 1.33859 
1.21023 2.59692 2.34293 3.85331 4.24432 4.08126 3.1719 2.91349 3.76292 
3.49491 4.52422 4.84157 0.733907 0.488407 0.240655 0 -1.38778e-17 0 
0 3.27544 3.26391 3.31342 3.42131 3.44624 3.48579 3.51889 3.53026 
3.63765 3.74432 3.74107 3.74619 3.84958 3.96457 3.95904 4.02926 3.91247 
3.88616 3.86474 3.87178 3.77396 3.62413 3.39147 3.23545 2.99692 2.75179 
2.50578 2.26927 2.03987 1.80671 1.58943 1.25115 1.39092 1.12367 1.01041 
0.826069 4.07865 3.90739 3.77884 3.60153 3.45202 3.44706 3.25739 3.07635 
3.11344 3.22824 5.13889 5.40013 5.24002 5.06802 4.77087 4.63082 4.39503 
4.47225 4.22998 4.09176 0 0.119497 0.109418 0.385462 2.12125 1.61555 
1.91161 0.319578 0.504162 0.712014 0.894755 1.07108 1.47852 1.40607 1.25562 
2.68492 2.45209 4.42488 3.85305 4.21111 3.25925 3.02288 3.59818 4.75486 
5.08539 0.585929 0.341489 0 0.0964741 3.03938 2.9966 3.03393 3.13627 
3.17306 3.21862 3.25665 3.26897 3.35686 3.34877 3.48974 3.4714 3.53955 
3.59913 3.6745 3.73664 3.75743 3.63052 3.63473 3.619 3.61557 3.62707 
3.37929 3.13192 3.13472 3.06408 2.81919 2.57195 2.33175 2.13725 1.93112 
1.70599 1.5093 1.22705 1.32557 1.10516 0.993596 0.659386 0.754558 0.850463 
3.71907 3.67401 3.87967 3.54856 3.41218 3.22705 3.17805 3.06546 2.84332 
2.76891 2.90071 5.3461 5.13592 4.91414 4.70074 4.45701 4.4864 4.26513 
4.10029 4.06869 0 0 0 0 -2.77556e-17 0.128544 2.22477 
1.74016 2.01935 0.277232 0.469933 0.655522 0.684254 1.09123 0.891258 1.13115 
1.6092 1.49552 1.39454 2.78989 2.56738 4.59295 3.96007 4.30374 3.35541 
3.13442 3.66696 4.99185 0.447578 0.174949 -6.93889e-18 -3.46945e-18 3.46945e-18 2.72743 
2.76519 2.87435 2.9 2.95712 2.99819 3.01065 3.09879 3.0998 3.10118 
3.20318 3.26811 3.31275 3.36687 3.42212 3.47475 3.49399 3.4408 3.38759 
3.36089 3.35122 3.36182 3.11569 2.88265 2.88431 2.87588 2.86816 2.6325 
2.38562 2.12894 1.79236 1.9251 1.6162 1.41586 1.1404 1.23544 0.98329 
0.662366 0.835888 3.63828 3.53876 3.71225 3.87461 3.21192 3.33684 3.02458 
3.06516 3.00278 2.86115 2.57227 2.54309 2.57696 2.68723 5.16289 5.27356 
5.27054 5.08634 4.91629 4.63748 4.53313 4.17043 4.34304 4.04804 -1.38778e-17 
0 -1.38778e-17 2.30989 1.85301 2.11754 -1.38778e-17 0.219238 0.495405 0.673486 
0.781285 1.10393 0.930768 1.26885 1.71449 1.61263 1.5625 1.43081 2.88445 
2.75647 2.57752 4.7884 4.56337 4.15091 3.94043 4.35037 3.44575 3.31341 
3.12418 3.69751 4.98059 0.229532 0.444229 -6.93889e-18 6.93889e-18 2.46328 2.41951 
2.5495 2.67496 2.59587 2.75959 2.7652 2.84758 2.84619 2.87798 2.87435 
2.9585 3.03048 3.08687 3.13835 3.19103 3.22591 3.23853 3.19952 3.14585 
3.09906 3.07234 3.08425 2.85593 2.65987 2.64949 2.63314 2.61608 2.61392 
2.4382 2.20636 1.99119 1.78386 1.618 1.47432 1.30174 1.05166 1.12509 
0.598893 0.708315 0.930464 3.52669 3.50251 3.683 3.8741 3.0962 3.14553 
3.33718 2.95782 2.792 2.66003 2.46761 2.22803 2.27989 2.32579 2.42427 
5.05555 5.22652 4.97892 4.75251 4.56925 4.3793 4.07721 3.89824 4.18638 
2.38475 1.95732 2.21989 0 0 0.187704 0 1.38778e-17 0.385066 
0.545027 0.606935 0.763209 1.25459 1.10056 0.892347 1.78698 1.72504 1.63204 
1.32838 1.52583 2.93897 2.82155 2.64517 4.81466 4.52312 4.20351 3.96205 
3.49757 3.35675 3.10969 3.66386 0.282074 -3.46945e-18 0.0535044 0.416881 2.21325 
2.19672 2.23541 2.33972 2.36382 2.37898 2.49803 2.60602 2.61396 2.53026 
2.67486 2.6538 2.72141 2.79201 2.85255 2.90651 2.96218 3.02813 2.96471 
2.94724 2.89628 2.83955 2.79177 2.75972 2.64021 2.5016 2.43252 2.41036 
2.37238 2.35263 2.36472 2.24163 2.04385 1.85576 1.68024 1.51638 1.34726 
1.16684 1.00765 0.486459 0.554617 0.798042 3.53511 3.62233 2.94172 3.05439 
3.183 3.37101 2.58085 2.62112 2.72772 2.25804 2.37744 2.10168 1.93021 
1.99415 2.06266 2.16848 4.77482 5.03321 5.10488 4.90583 4.70806 4.40967 
4.18389 3.99199 3.92678 3.76825 2.46768 2.11056 1.93465 2.30083 0.11625 
-1.38778e-17 0.243086 0.428159 0.628704 0.68679 0.935321 1.19215 1.80839 1.69932 
1.4066 1.58872 2.91008 2.69946 4.21253 4.49227 3.889 3.38852 3.12233 
3.59564 0.252313 6.93889e-18 -6.93889e-18 -1.04083e-17 0.0327978 1.96136 1.95722 1.99957 
2.09082 2.1229 2.06908 2.17806 2.25426 2.3912 2.30722 2.31369 2.41115 
2.50167 2.46869 2.54879 2.61212 2.66776 2.72022 2.77868 2.69331 2.69333 
2.64805 2.58696 2.52719 2.47666 2.4291 2.3486 2.24561 2.22159 2.16384 
2.07626 2.09117 2.10003 2.05819 1.89492 1.72749 1.5612 1.38891 1.19946 
0.974064 0.355022 0.605898 0.339678 0.754535 3.58203 2.86165 3.04109 2.91347 
3.13807 3.17354 3.40345 3.58728 2.52845 2.69514 2.14473 2.32134 1.98292 
1.84076 1.66939 1.75157 1.79544 1.90414 4.73356 4.88911 5.01141 4.84029 
4.51023 4.15197 4.03108 3.82299 2.49287 2.13148 1.9737 2.29249 1.38778e-17 
6.93889e-18 0.14395 0.268337 0.452762 0.599259 0.74333 0.828419 1.04744 1.26712 
1.83142 1.7419 1.46059 1.62504 2.88985 2.68036 4.27163 4.05334 4.39192 
4.54533 3.7837 3.29359 3.04604 3.51832 0.123057 -6.93889e-18 0 1.70708 
1.71386 1.7681 1.86012 1.89679 1.86779 1.89488 1.98863 2.00892 2.06653 
2.07233 2.15419 2.14979 2.27353 2.24117 2.30289 2.36439 2.42204 2.47575 
2.51228 2.50744 2.45989 2.41018 2.34713 2.28085 2.22089 2.17278 2.14144 
2.0905 1.99779 1.91871 1.83798 1.81551 1.83389 1.9767 1.83136 1.89627 
1.74604 1.59141 1.42818 1.24278 1.03438 0.80678 0.553027 0.0756208 0.115287 
0.314288 2.93569 3.17284 3.0372 3.27807 3.43958 3.62348 3.60646 2.50261 
2.48504 2.6597 2.08807 1.94161 2.18992 2.31272 1.73325 1.57284 1.41018 
1.52601 1.6386 4.66821 4.7303 4.79092 4.79294 4.6496 4.51776 4.32526 
4.10963 3.87112 2.48881 2.12068 2.03771 1.89702 2.34721 2.17956 6.93889e-18 
0 0.0597814 0.271245 0.45262 0.634659 0.680064 0.89467 1.11193 1.31504 
1.76808 1.49449 1.64782 2.85712 2.65807 4.20991 3.95127 4.4432 3.68488 
3.30703 3.05608 3.42865 6.93889e-18 0 1.43719 1.48506 1.49347 1.63444 
1.68927 1.6644 1.6808 1.75988 1.79038 1.77609 1.8152 1.90916 1.91573 
1.93867 2.02487 2.08926 2.04593 2.11927 2.15457 2.23686 2.27376 2.27522 
2.2379 2.18568 2.12323 2.0559 1.98925 1.93194 1.88839 1.85753 1.75324 
1.69795 1.68886 1.60635 1.57657 1.57485 1.82289 1.66091 1.688 1.56765 
1.45513 1.27424 1.07436 0.855561 0.621135 0.385811 1.38778e-17 0 0.159884 
0 0 2.86558 3.09994 3.04474 3.27068 3.44942 3.61086 2.45153 
2.55645 2.06237 1.92322 2.20095 2.26595 1.52666 1.65068 1.84438 1.19659 
1.23122 1.29644 1.35206 4.41046 4.57046 4.72178 4.58714 4.09989 4.29746 
3.6692 3.89629 2.48144 2.02561 1.89474 2.31386 2.15345 0 -6.93889e-18 
0.134947 0 -1.38778e-17 0.266834 0.478653 0.504219 0.722906 0.943408 1.15431 
1.34802 1.77725 1.51837 1.66227 2.80949 2.63959 4.15097 3.82217 3.59175 
3.21967 3.06803 2.83264 3.43634 3.21573 1.15906 1.25159 1.29974 1.52457 
1.31936 1.50423 1.48737 1.55191 1.57256 1.54429 1.56547 1.65141 1.67058 
1.6771 1.75266 1.83874 1.84174 1.81969 1.88445 1.9402 1.95418 2.0203 
2.05225 2.05376 1.9921 1.97027 1.911 1.85258 1.78718 1.71778 1.6657 
1.61916 1.56387 1.50744 1.49469 1.46379 1.37968 1.36224 1.48223 1.26673 
1.53641 1.4666 1.3481 1.1809 1.09084 0.880417 0.650664 0.425681 0.209183 
0 0 2.67992 2.92984 3.13122 3.21464 3.48009 2.43532 1.98827 
2.17465 1.51616 1.58087 1.77505 1.17397 1.05247 1.00953 1.16857 1.33736 
4.21655 4.35478 4.41782 4.67615 4.45242 4.08628 4.18409 3.69356 3.92262 
2.45861 2.01119 1.88821 2.28831 2.12787 0.0989146 0 0.118845 0.329144 
0.28228 0.536533 0.769189 0.981675 1.18767 1.37461 1.77827 1.53859 1.67337 
2.60122 4.00553 3.79365 3.56915 2.9941 2.84521 2.63407 3.35499 3.20529 
2.9858 0.901807 1.01547 1.09703 1.14943 1.08593 1.1469 1.36305 1.36884 
1.33744 1.35809 1.42889 1.4307 1.44709 1.52988 1.51516 1.62681 1.60868 
1.67196 1.64163 1.7245 1.78612 1.85518 1.8499 1.85027 1.82523 1.76731 
1.77265 1.72164 1.63719 1.64211 1.52183 1.47405 1.42263 1.36953 1.31233 
1.24384 1.27036 1.23643 1.14318 1.36757 1.17715 1.03841 0.986508 1.25666 
1.1603 0.990316 0.768667 0.645623 0.415185 0.232662 -3.46945e-18 0.0581871 2.73215 
2.5596 2.749 2.95392 3.33059 3.14598 3.49469 2.38512 1.86044 1.95701 
2.16927 2.36829 1.73232 1.51595 0.849315 0.803461 0.86459 0.792302 1.01719 
1.16741 1.29563 4.16261 4.10004 4.48763 4.27723 4.57234 4.32645 3.98333 
3.64829 2.43683 1.99001 1.86925 2.25436 2.08328 3.46945e-18 0 6.93889e-18 
1.38778e-17 0.0406301 0.27526 0.0921463 0.386596 0.477842 0.628637 0.800133 1.02097 
1.21943 1.40118 1.76695 1.56048 1.68677 3.88596 3.68029 3.52667 3.32736 
2.7594 2.38759 2.56739 3.12237 2.96806 2.74733 0.613445 0.749128 0.907479 
0.94041 0.865704 1.14497 0.888526 1.15552 1.23617 1.24991 1.18327 1.26868 
1.3393 1.31053 1.37973 1.45845 1.4408 1.43539 1.50916 1.57536 1.65408 
1.64911 1.63918 1.6185 1.62713 1.56163 1.49665 1.43507 1.44545 1.33617 
1.3087 1.25692 1.19614 1.14024 1.07504 1.01653 1.05007 1.03451 0.922767 
0.996986 0.869954 0.830112 0.717436 0.795721 0.633737 0.624963 0.486566 0.197651 
0.220049 0.093324 0 6.93889e-18 6.93889e-18 2.55533 2.74507 2.91622 3.28632 
1.99186 1.83682 2.16969 2.3603 1.68239 1.51518 0.59581 0.867633 0.645972 
1.04735 1.22929 3.84087 4.02302 4.44845 4.1992 4.39759 4.06014 3.71824 
3.38084 1.95926 1.88664 1.78906 2.20989 2.09812 1.95056 0 0 
0.244687 0.360808 -6.93889e-18 6.93889e-18 0.0729346 0.405696 0.543217 0.644186 0.69309 
0.869338 1.06237 1.25204 1.43229 1.58855 1.69512 3.62016 3.42762 3.28434 
3.10682 2.39192 2.22154 2.47472 2.86276 2.60375 0.361333 0.357725 0.483867 
0.557465 0.707208 0.7325 0.590064 0.645821 0.977474 0.665301 0.755827 1.08105 
1.04261 1.03079 1.08654 1.13326 1.18017 1.14233 1.23663 1.21363 1.26737 
1.30992 1.3608 1.40926 1.43784 1.43957 1.42681 1.42082 1.34438 1.30185 
1.31057 1.26936 1.15148 1.13762 1.03013 0.985724 0.924703 0.832116 0.893625 
0.850666 0.773953 0.669523 0.749995 0.678871 0.461578 0.501246 0.606631 0.549092 
0.414117 -6.93889e-18 6.93889e-18 0 -1.38778e-17 0.0866109 0 2.53516 3.02915 
2.66943 1.83999 2.3151 1.98972 1.73033 1.34452 1.53082 0.27276 0.402288 
0.762816 0.332264 0.528214 1.01228 1.17982 3.81679 3.60643 3.91804 4.13598 
4.21525 3.80691 3.93733 3.62051 3.48751 3.30131 3.15212 1.83841 1.73782 
2.02346 1.91139 1.80652 0.245142 6.93889e-18 6.93889e-18 0.0787112 0.406616 0.545378 
0.56456 0.731748 0.911919 1.09854 1.28568 1.48166 1.63383 3.37247 3.17986 
2.99069 2.30155 2.14288 2.4361 2.27444 2.75664 2.56421 2.3898 0.212216 
0.0925357 0.188934 0.256699 0.332345 0.484877 0.527111 0.338436 0.394636 0.437855 
0.824615 0.564994 0.580174 0.888337 0.953265 0.954662 0.978262 0.929847 0.995441 
1.04087 1.07552 1.11648 1.15604 1.19376 1.22297 1.23508 1.22716 1.20591 
1.16995 1.12928 1.10834 0.958708 0.943865 0.855182 0.841443 0.790151 0.733416 
0.687029 0.721733 0.614328 0.630573 0.526079 0.39023 0.562384 0.259277 0.204719 
0.35173 0.441856 0.234993 1.38778e-17 -6.93889e-18 0 2.96089 2.80303 2.61334 
2.45375 2.27386 2.12043 1.95575 1.82756 1.71164 1.27929 1.38339 1.52452 
1.77737 0 0 0.147124 0.51703 0.643165 0.813227 0.206193 0.36018 
0.0323023 1.02832 3.70712 3.55027 3.35068 3.90887 3.65778 4.06212 4.05895 
3.67082 3.77947 3.3953 3.07311 1.63541 1.99779 1.8589 1.71831 0.248268 
-6.93889e-18 0 0.0763996 0.415275 0.58747 0.766858 0.948441 1.13247 1.31356 
1.47477 3.14326 2.89697 2.04957 2.14737 2.62782 2.44816 2.27246 0.0539089 
1.38778e-17 6.93889e-18 0 0.0559316 0.101752 0.135675 0.27536 0.137492 0.0830719 
0.188121 0.212036 0.345578 0.586231 0.665037 0.367064 0.804303 0.775137 0.744806 
0.790111 0.836098 0.877245 0.914925 0.950287 0.982134 1.01096 1.03092 1.03041 
1.00974 0.979744 0.946601 0.909242 0.839863 0.738357 0.722424 0.722765 0.654291 
0.596908 0.566831 0.501111 0.369397 0.394091 0.274368 0.124587 0.0906208 0 
0 0 0.128288 0 2.73824 2.40612 2.08976 1.20331 1.3793 
1.40489 1.67833 1.92951 0 -3.46945e-18 0.322958 0.451663 0.636134 0.757364 
0.0891554 0.224905 -6.93889e-18 -6.93889e-18 0 0.912363 3.44166 3.27976 3.07869 
3.78695 3.59435 3.38326 3.97891 3.90465 3.45596 3.62226 3.13289 2.81344 
1.59761 1.92151 1.82427 1.69983 0.250946 6.93889e-18 0 0.0823835 0.422147 
0.624531 0.803282 0.985431 1.16809 1.33923 1.48045 2.79797 2.00848 1.88315 
2.11024 1.96119 2.55529 2.39489 2.16425 -1.38778e-17 6.93889e-18 -6.93889e-18 0 
0 0 -3.46945e-18 0.015566 1.38778e-17 6.93889e-18 -6.93889e-18 6.93889e-18 -8.67362e-18 
-6.93889e-18 0 1.73472e-18 0.067899 0.139025 0.472096 0.471457 0.583849 0.149885 
0.249315 0.585993 0.560989 0.598195 0.631274 0.666425 0.700605 0.732145 0.761021 
0.785079 0.819082 0.838527 0.816323 0.785218 0.754395 0.729943 0.690582 0.615744 
0.528 0.527833 0.518749 0.434569 0.386414 0.255015 0.0875723 0.140876 0.149176 
0.0406485 6.93889e-18 0 0 6.93889e-18 -1.38778e-17 2.49467 2.19665 1.01697 
1.17201 1.51175 1.35285 1.63889 1.80985 1.85172 2.01339 0.137263 0.222545 
0.297077 0.476649 0.632162 0 -1.38778e-17 0.784466 3.15688 2.94641 3.76894 
3.56053 3.29596 3.10862 3.87214 3.75233 3.21863 3.34773 3.47438 3.04224 
2.91401 2.73899 2.5996 1.57755 1.7646 1.68743 1.5983 0.244516 -6.93889e-18 
6.93889e-18 0.133895 0.319411 0.507842 0.661585 0.841431 1.02828 1.21309 1.37763 
1.50082 2.70251 1.84218 1.73159 2.02114 1.91756 1.7998 2.50579 2.32546 
2.10464 1.96532 3.46945e-18 0 0 -1.38778e-17 6.93889e-18 0 3.46945e-18 
0.369897 0.399828 0 3.46945e-18 -3.46945e-18 0.00936587 0.129722 0.449215 0.424881 
0.431223 0.451064 0.47413 0.497134 0.519692 0.546999 0.545409 0.665248 0.635047 
0.571167 0.558538 0.507001 0.547861 0.469534 0.392319 0.33439 0.291606 0.23768 
0.180234 1.73472e-18 -1.73472e-18 0 6.93889e-18 1.38778e-17 1.38778e-17 0 1.73472e-18 
-6.93889e-18 3.46945e-18 -6.93889e-18 2.42603 2.29851 2.17725 0.971251 1.03173 1.1727 
1.48953 1.34739 1.60135 1.76103 1.94683 2.22042 0 6.93889e-18 -6.93889e-18 
0.12376 0.190499 0.328958 0.482554 0.598632 0.806087 2.85242 3.65971 3.45759 
3.24924 3.03859 3.85258 3.65262 3.57478 3.75781 3.09557 3.19799 3.33648 
2.83498 2.53361 1.63383 1.51212 1.55794 0 0.096844 0.319145 0.503625 
0.69293 0.889191 1.08162 1.28132 1.42891 2.57912 1.6945 1.57891 1.85094 
1.76833 1.66751 2.385 2.21274 2.06603 1.94047 1.81059 0.269972 -8.67362e-19 
6.93889e-18 -8.67362e-18 1.38778e-17 0 0 0.23191 0.239097 0.244883 0.252734 
0.259415 0.271456 0.349113 0.331524 0.356268 0.453737 0.428138 0.369471 0.369368 
0.336191 0.277309 0.310344 0.220671 0.148951 0.0864805 0.0180307 0 -1.73472e-18 
0 0.996399 1.0987 1.23501 1.47229 1.83435 1.69308 2.07627 2.33041 
0 0 -5.20417e-18 0.0125239 0.152385 0.361566 0.520485 0.633969 0.833605 
2.76435 3.34723 3.11971 2.90864 3.56614 3.54323 3.63938 2.91453 3.00713 
3.15109 3.40084 2.60326 1.43993 6.93889e-18 0 -6.93889e-18 0.161138 0.305803 
0.522372 0.754818 0.953096 1.13452 1.29369 2.55663 2.32864 1.41963 1.52494 
1.71186 1.62031 2.10741 1.99348 1.90862 1.79778 1.69124 3.46945e-18 0 
0.0460663 0.0214627 0.0161534 0.00199582 -3.46945e-18 1.30104e-18 0 0.0610708 0.152617 
0.208819 0.168911 0.255329 0.247781 0.259618 0.196975 0.156883 0.119766 0.0870934 
0.0261335 0 0 0 0 0 6.93889e-18 0 -3.46945e-18 
0.976705 1.39545 1.11552 1.58153 1.96467 1.74021 2.19649 2.3757 3.46945e-18 
-8.67362e-18 1.38778e-17 0 6.93889e-18 0.121028 0.274472 0.414761 0.559468 0.706954 
2.6775 3.34181 3.06939 2.8062 3.49632 3.50725 2.74195 2.79331 2.90804 
3.02019 3.22985 2.50172 6.93889e-18 0.124252 0.387679 0.563389 0.652061 0.735011 
0.854288 1.0166 1.17971 1.29745 2.45866 2.28142 2.12268 1.39128 1.54706 
1.46972 1.57781 1.97156 1.86399 1.78161 1.66706 3.46945e-18 0 -3.46945e-18 
0 -8.67362e-18 1.21431e-17 -9.97466e-18 -9.54098e-18 -3.46945e-18 -6.93889e-18 -6.93889e-18 6.93889e-18 
0.0449578 6.93889e-18 0 0.0341494 0.0377993 3.46945e-18 3.46945e-18 -3.46945e-18 -6.93889e-18 
-1.38778e-17 1.38778e-17 -1.38778e-17 0 -3.46945e-18 -1.38778e-17 0.843777 1.63226 1.50387 
1.25506 0.984041 2.25742 2.11543 1.85905 6.93889e-18 0.0540565 0 0.175341 
0.300817 0.431408 0.561184 2.59788 3.24536 3.02803 2.79911 3.42016 3.38643 
2.62528 2.67147 2.79683 3.00829 3.13891 2.41182 6.93889e-18 0 -3.46945e-18 
0.188014 0.559545 0.415729 0.649288 0.68213 0.778178 0.885808 1.09287 1.21499 
1.25477 2.35018 2.18645 2.07752 1.97855 1.364 1.50804 1.4366 1.56086 
1.46347 1.8862 1.69936 1.75675 1.87118 1.62767 3.46945e-18 0 1.38778e-17 
0 -3.46945e-18 1.04083e-17 -1.38778e-17 -1.38778e-17 0.693872 1.7465 1.62362 1.39704 
1.14565 0.840231 2.23452 1.99181 0 -3.46945e-18 0 3.46945e-18 0.0476011 
0.160727 0.27065 0.388842 2.53249 3.13874 2.90497 2.69675 3.36347 3.28442 
2.49133 2.62488 2.8521 3.07233 0 -8.67362e-19 0.228799 0.598317 0.49566 
0.709465 0.765339 0.748544 0.956639 1.13338 1.25874 2.3217 2.14145 1.99827 
1.32936 1.56271 1.46662 1.35024 1.67558 1.81547 1.73884 1.97538 1.59181 
0.518938 1.90054 1.68896 1.52641 1.3422 1.05858 0.655663 0.809215 2.28882 
2.11901 1.38778e-17 6.93889e-18 -6.93889e-18 0 -6.93889e-18 3.46945e-18 0.0829239 0.180837 
2.4766 3.15386 2.88449 2.62013 3.31778 3.17542 2.41355 2.56675 2.70064 
2.90935 -8.67362e-19 -1.73472e-18 0.260553 0.671028 0.402571 0.62605 0.846299 1.03637 
1.17667 2.31753 2.17069 1.22254 1.52511 1.32377 1.44756 1.26565 1.69904 
1.62409 1.87449 1.75342 2.10049 1.98386 1.5079 0.342969 0.498468 2.18466 
2.06706 1.8166 1.58733 1.4586 1.23159 0.978507 0.584656 0.716489 -1.38778e-17 
0 0 0 -1.38778e-17 0.133317 2.42105 3.07917 2.87575 2.65659 
3.26337 3.06027 2.32211 2.48158 2.68923 2.81086 -1.73472e-18 0.16451 0.204035 
0.44052 0.646678 0.88548 1.05054 2.24106 1.13041 1.37058 1.20146 1.68814 
1.64308 1.54631 1.96457 1.93132 1.81209 1.70144 2.24728 2.06245 1.41908 
0.360381 2.21631 1.96816 1.69871 1.52337 1.3669 1.17885 0.864612 0.438762 
0.605445 0 0 0.139605 2.45935 2.99818 2.78145 2.60633 3.18263 
2.94883 2.33018 2.5376 2.69696 0 0 0 0.0403464 0.232741 
0.354592 0.576653 0.70654 0.957937 1.28561 1.12049 1.62377 1.42004 1.55382 
2.02063 1.88955 1.9733 2.06735 1.84374 1.76592 1.64027 2.40992 2.2591 
2.13025 1.34421 2.12356 1.88577 1.65291 1.43186 1.30149 1.06371 0.67971 
0.815649 0.253251 0.396856 0.520219 -1.38778e-17 0 0.0710018 2.99884 2.78996 
2.58115 3.04825 2.86153 2.28287 2.4423 2.54044 2.69031 3.46945e-18 -1.38778e-17 
3.46945e-18 0.137453 0.123324 0.240269 0.498824 0.639154 0.759042 0.924479 1.21354 
1.50176 1.32161 1.90856 2.08844 2.00182 2.21227 2.19613 1.84298 1.80803 
1.7242 1.5963 2.36199 2.04661 1.81272 1.55137 1.35635 1.20064 0.995913 
0.574785 0.691767 0.221505 0.326512 -1.38778e-17 0 0.0675797 3.00818 2.79715 
2.56105 2.91894 2.19198 2.36521 2.49892 2.74616 2.56691 0 0 
0 6.93889e-18 0 0.26331 0.537183 0.744663 1.05696 1.44353 1.26517 
1.95437 1.87179 2.23225 2.08405 2.01569 2.37787 1.80491 1.66777 1.74778 
1.55743 1.95379 1.75906 1.44333 1.60189 1.25448 1.06828 0.830965 0.398164 
0.508994 0.110263 -6.93889e-18 1.38778e-17 2.92036 2.73587 2.53888 2.90245 2.03278 
2.16838 2.33084 2.6595 2.48112 -1.73472e-18 0.0645174 0.374821 0.153153 0.519454 
0.687063 0.829937 1.10086 1.37308 1.98773 1.92621 1.83287 2.39291 2.33175 
2.24165 2.13841 2.03591 1.66161 1.73552 1.54295 1.83676 1.41323 1.66342 
1.4808 1.24383 0.971817 0.704433 0.165897 0.291026 0.448015 0 6.93889e-18 
2.67398 2.48251 2.73239 2.66702 1.98832 2.07706 2.16822 2.31458 2.5367 
0 6.93889e-18 0.380189 0.572816 -1.38778e-17 0 0.286307 0.0716333 0.688645 
0.856492 1.0222 1.28659 1.98242 1.94774 1.8693 2.30723 2.19904 2.13613 
2.06218 1.98561 1.6456 1.78453 1.47753 1.80475 1.55316 1.35589 1.0942 
0.836025 0.58914 0 0 0.0780467 0.244004 0.326623 2.4492 2.68396 
2.55305 1.98434 2.1238 2.3695 2.18547 2.51595 0.52975 0.721473 0.800728 
0 0.322445 1.38778e-17 6.93889e-18 0.247969 0.0405352 0.930688 1.13761 1.31044 
1.93043 1.87034 2.29464 2.1784 2.10407 2.05733 1.9952 1.92919 1.54745 
1.71167 1.79795 1.52962 1.75808 1.43634 1.27273 0.894638 1.0213 0.717574 
0.471001 6.93889e-18 0 0.0724837 0.12418 2.41046 2.43603 1.94981 2.28365 
2.04856 2.35858 2.39959 0.503005 0.704131 0.766339 -6.93889e-18 0.337167 0 
3.46945e-18 0.175882 1.10539 0.933723 1.18027 1.37621 1.83818 2.33466 2.25497 
2.16805 2.08132 2.02686 1.97887 1.91533 1.70532 1.51513 1.55135 1.28098 
1.69061 1.1316 0.767967 0.920576 0.200872 0.549682 6.93889e-18 -1.38778e-17 -1.38778e-17 
-1.38778e-17 2.28187 1.81731 2.19613 1.88214 1.97524 2.30747 2.29856 2.19333 
0.619694 0.782575 0.472728 0 0.0277812 0.345595 1.03586 1.26896 1.73203 
1.83421 2.19622 2.12331 2.0468 1.99049 1.92121 1.85619 1.31916 1.42851 
1.63754 1.45608 1.26254 1.0602 1.5599 0.675912 0.830934 0 3.46945e-18 
0.138238 0.321814 0.477868 2.12361 1.71789 2.1642 1.80245 1.72587 1.94642 
2.19697 2.04783 2.02019 0.741199 0.884725 0.635077 6.93889e-18 1.38778e-17 0 
0.207943 0.586749 1.12325 1.76548 1.80458 2.04579 1.92213 1.90766 1.88184 
1.81581 1.74955 1.19871 1.26155 1.55369 1.72165 1.33237 1.13505 0.88523 
1.31033 1.52026 0.587293 0 0.254763 0 1.99633 1.6578 2.10094 
1.73578 1.43299 1.46586 1.9148 1.90923 1.87805 1.86043 0.842715 0.97561 
0.816219 0 0.0556352 0.389351 0.730944 0.973742 1.81284 1.7667 1.75725 
1.80477 1.71134 1.62733 1.01957 1.31699 1.20675 1.00701 0.653998 1.33953 
1.12996 0.320618 0 0 1.60351 1.3001 1.37024 1.14106 1.05575 
1.21452 1.72463 1.74139 1.72003 1.66962 -6.93889e-18 6.93889e-18 0 0.220363 
0.534097 0.834577 1.01771 1.69077 1.62884 1.62801 1.57771 1.60756 1.45953 
1.14992 0.762741 0.906252 0.424897 0.568378 0.9444 0.0983121 0.246334 0 
1.37005 1.52567 1.26853 0.956712 1.17319 0.971389 0.872174 0.755554 0.67478 
1.59814 1.55855 1.53814 1.47689 0 0.0700059 0.360143 0.635296 0.866959 
1.51859 1.55481 1.4566 1.37902 1.21803 0.968598 0.651365 0.33552 6.93889e-18 
0 0.0691372 1.35981 1.21026 1.41905 1.04659 0.76896 0.819057 0.646574 
0.581686 0.516039 0.391976 0.35013 1.41645 1.35029 1.3224 1.37255 1.27629 
-6.93889e-18 -1.38778e-17 0 0.214372 0.46648 0.702213 1.3075 1.35036 1.08832 
0.785341 0.901314 0.051123 -1.38778e-17 -6.93889e-18 1.22449 1.03081 1.24337 0.538888 
0.539878 0.785853 0.449866 0.29625 0.241798 0.115058 0.128478 1.24857 1.14522 
1.15309 1.09697 1.25045 1.10143 0 0.104011 0.345226 0.515085 0.626665 
1.1459 0.931179 0.686463 1.38778e-17 6.93889e-18 0 1.02067 0.273524 0.277301 
0.269062 0.498737 0.710268 0.060788 0 1.38778e-17 6.93889e-18 1.02286 0.895582 
1.00887 0.896562 0.861886 0 -1.38778e-17 -6.93889e-18 0.15562 0.412235 0.678192 
0.416484 0.0416588 0.0185647 0.0492031 0.215692 0.389655 0.575552 0 6.93889e-18 
0.80088 0.803123 0.651997 0.632255 0 -6.93889e-18 0.14965 0.497766 0.293088 
3.46945e-18 -1.38778e-17 0 6.93889e-18 -6.93889e-18 0 0 0 0.0990199 
0.200832 0.360759 0.359474 0.348675 0.625202 0.522291 0.435366 0.362587 6.93889e-18 
0 0.0913436 0.154393 1.38778e-17 0 0 0 0.123507 0.22764 
0.231504 0.125959 0.0295712 0.279212 0.116298 3.46945e-18 -6.93889e-18 0 0 
-1.38778e-17 0 -1.38778e-17 0 6.93889e-18 6.93889e-18 1.38778e-17 -3.46945e-18 -6.93889e-18 
-3.46945e-18 0 -1.38778e-17 
METADATA
INFORMATION 0

NORMALS Normals float
-0.0478949 0.206854 -0.977199 -0.0431611 0.201768 -0.978482 -0.0511721 0.200518 -0.978353 
-0.0535266 0.213607 -0.975452 -0.0154649 0.166344 -0.985947 -0.0856161 0.0949896 -0.99179 
-0.10861 0.254953 -0.960835 -0.147465 0.178274 -0.972868 -0.165701 0.057275 -0.984511 
0.0168649 0.154068 -0.987916 0.00477195 0.104025 -0.994563 -0.0917565 -0.00691516 -0.995757 
-0.186603 -0.0510198 -0.98111 -0.144636 0.281361 -0.948639 -0.203911 0.245606 -0.94768 
-0.254878 0.0748836 -0.964069 -0.27951 -0.0564326 -0.958483 0.0534106 0.1225 -0.99103 
-0.00953568 0.0117014 -0.999886 -0.129508 -0.132788 -0.982647 -0.235851 -0.185539 -0.953913 
-0.296941 -0.160149 -0.941371 -0.16709 0.283992 -0.944155 -0.14885 0.271307 -0.950913 
-0.227684 0.129182 -0.965128 -0.314308 -0.0507724 -0.947962 -0.369963 -0.200855 -0.907075 
0.0673864 0.101045 -0.992597 0.0705839 0.0308715 -0.997028 -0.0282332 -0.0812431 -0.996294 
-0.181614 -0.276997 -0.943551 -0.234343 -0.278963 -0.93127 -0.0714296 -0.20374 -0.976416 
-0.330352 -0.315702 -0.889494 -0.0910448 0.23929 -0.96667 -0.0902825 0.232548 -0.968386 
-0.163518 0.0395684 -0.985747 -0.282499 -0.0874384 -0.955274 -0.365963 -0.201223 -0.908615 
-0.407039 -0.331137 -0.851274 -0.454376 -0.382164 -0.80467 0.0884902 0.094178 -0.991615 
0.121101 0.0559112 -0.991064 0.0508414 -0.0712206 -0.996164 -0.168723 -0.34834 -0.922059 
-0.275475 -0.432863 -0.858337 0.0135907 -0.183619 -0.982904 -0.089098 -0.322113 -0.942499 
-0.344747 -0.455278 -0.820897 -0.435869 -0.461618 -0.77261 -0.0882209 0.23722 -0.967442 
-0.0867253 0.236938 -0.967646 -0.043048 0.218089 -0.974979 -0.0646761 0.152655 -0.986161 
-0.137844 -0.0392687 -0.989675 -0.222955 -0.137675 -0.965058 -0.349018 -0.322165 -0.879998 
-0.488683 -0.562337 -0.667057 -0.53268 -0.601801 -0.595053 -0.544349 -0.541198 -0.640928 
0.127585 0.0342656 -0.991236 0.11223 -0.050896 -0.992378 -0.220951 -0.452936 -0.86373 
-0.354712 -0.57122 -0.740194 -0.358852 -0.598901 -0.715921 0.111346 -0.139892 -0.983886 
0.00541673 -0.275627 -0.961249 -0.131625 -0.390338 -0.911214 -0.413757 -0.636828 -0.65058 
-0.545063 -0.596848 -0.588794 -0.0185546 0.210066 -0.977511 0.00384949 0.196113 -0.980574 
-0.0378715 0.0781404 -0.996223 -0.107534 -0.0942532 -0.989724 -0.195921 -0.266004 -0.943852 
-0.356844 -0.519162 -0.776617 -0.42822 -0.511843 -0.744744 -0.470767 -0.676057 -0.566856 
-0.616079 -0.679691 -0.398079 -0.519302 -0.778568 -0.35236 -0.554513 -0.692707 -0.461163 
-0.609066 -0.718805 -0.3352 -0.584164 -0.767055 -0.265291 0.13935 0.0264366 -0.98989 
0.176967 -0.0151822 -0.9841 -0.324231 -0.502289 -0.801611 -0.477497 -0.661783 -0.577961 
-0.495453 -0.69602 -0.519694 -0.439812 -0.771164 -0.460295 0.184911 -0.0386842 -0.981994 
0.220038 -0.0953464 -0.97082 0.131108 -0.21976 -0.966704 0.00131652 -0.30451 -0.952508 
-0.16176 -0.379704 -0.910856 -0.513758 -0.741574 -0.431418 0.0424834 0.160507 -0.98612 
0.0491036 0.150813 -0.987342 -0.037732 -0.0155623 -0.999167 -0.157092 -0.201484 -0.966812 
-0.245245 -0.339137 -0.908207 -0.243193 -0.455969 -0.856125 -0.33061 -0.62572 -0.706521 
-0.503492 -0.653957 -0.564655 -0.445908 -0.747885 -0.491767 -0.579586 -0.798659 -0.161937 
-0.523087 -0.846761 -0.096828 -0.50275 -0.787273 -0.356992 -0.485443 -0.85737 -0.17106 
-0.544522 -0.806997 -0.228586 -0.593117 -0.794737 -0.128866 -0.585689 -0.808202 -0.0614598 
-0.468202 -0.598897 -0.6497 -0.494147 -0.593689 -0.6351 -0.302172 -0.400834 -0.864884 
-0.513421 -0.750274 -0.416519 -0.606315 -0.690364 -0.394689 -0.577432 -0.768144 -0.276635 
-0.591114 -0.750492 -0.295544 -0.564881 -0.792122 -0.231199 0.219141 -0.0509914 -0.97436 
0.257511 -0.0686506 -0.963834 0.286715 -0.139518 -0.947802 0.150799 -0.182014 -0.971664 
-0.0711874 -0.276661 -0.958327 0.052516 0.137046 -0.989172 0.0296996 0.06305 -0.997568 
-0.0583592 -0.109486 -0.992274 -0.173302 -0.315579 -0.93294 -0.293703 -0.387184 -0.873972 
-0.34432 -0.499717 -0.794812 -0.37864 -0.68516 -0.622244 -0.396799 -0.830193 -0.391573 
-0.513789 -0.818637 -0.256621 -0.455075 -0.86399 -0.215472 -0.549815 -0.835273 -0.00472755 
-0.505098 -0.861851 0.045713 -0.476326 -0.879154 -0.0142091 -0.478701 -0.873291 -0.0905973 
-0.577053 -0.81308 -0.0768868 -0.589651 -0.807645 -0.00455422 -0.576234 -0.815146 0.0590852 
-0.493629 -0.50971 -0.704646 -0.521504 -0.69375 -0.496734 -0.629594 -0.625067 -0.461413 
-0.615091 -0.71203 -0.33864 -0.191819 -0.2344 -0.953028 -0.403511 -0.399422 -0.823189 
-0.647352 -0.738405 -0.188928 -0.641509 -0.76051 -0.100452 -0.607152 -0.783538 -0.132044 
-0.607805 -0.79203 -0.0571167 0.297914 -0.115744 -0.94755 0.296909 -0.120055 -0.947329 
0.257262 -0.093724 -0.961786 0.169901 -0.043945 -0.984481 0.00405295 -0.137024 -0.990559 
0.0542964 0.114575 -0.99193 0.049663 0.0911041 -0.994602 0.0247269 0.0330382 -0.999148 
-0.0556331 -0.149896 -0.987135 -0.177963 -0.550186 -0.815858 -0.0723063 -0.290216 -0.954226 
-0.319692 -0.498458 -0.805814 -0.39926 -0.56702 -0.720472 -0.415056 -0.720517 -0.555504 
-0.465453 -0.795429 -0.388132 -0.452565 -0.858992 -0.23941 -0.438852 -0.897616 -0.0411667 
-0.430549 -0.895953 -0.109071 -0.535439 -0.839355 0.0937456 -0.497012 -0.859279 0.120911 
-0.452739 -0.886697 0.0937819 -0.442131 -0.896419 0.0308606 -0.602376 -0.797838 0.0244476 
-0.594802 -0.801261 0.0647445 -0.60107 -0.792883 0.100261 -0.570372 -0.812865 0.118013 
-0.582014 -0.563477 -0.586305 -0.69841 -0.642382 -0.315546 -0.703813 -0.675097 -0.221113 
-0.693437 -0.707093 -0.138441 -0.0609402 -0.127308 -0.989989 -0.312513 -0.301383 -0.900835 
-0.151418 -0.192445 -0.969555 -0.462283 -0.467086 -0.753741 -0.681435 -0.728811 -0.0669355 
-0.667462 -0.744489 -0.0152067 -0.632626 -0.773894 -0.0295495 -0.626817 -0.778998 0.0161982 
0.156958 -0.0310039 -0.987119 0.0633407 -0.0372353 -0.997297 0.0502157 0.07116 -0.9962 
0.0531707 0.0372332 -0.997891 0.0120076 -0.050662 -0.998644 -0.12174 -0.479527 -0.869041 
-0.170727 -0.63398 -0.754269 -0.387082 -0.707133 -0.591718 -0.25271 -0.749919 -0.611359 
0.000263208 -0.120696 -0.99269 -0.0675796 -0.307453 -0.949161 -0.487457 -0.690586 -0.534299 
-0.501096 -0.787756 -0.358252 -0.447587 -0.874312 -0.187733 -0.396257 -0.915501 0.0695616 
-0.396526 -0.918023 -6.31401e-06 -0.406565 -0.91124 -0.0659208 -0.534328 -0.834904 0.132016 
-0.52145 -0.842291 0.136511 -0.463465 -0.875128 0.13911 -0.420207 -0.89765 0.132856 
-0.417142 -0.90281 0.104533 -0.610422 -0.788121 0.0790568 -0.640225 -0.76581 0.0603894 
-0.632526 -0.76915 0.09121 -0.613316 -0.781756 0.112696 -0.566092 -0.814043 0.129899 
-0.669042 -0.636311 -0.384045 -0.574522 -0.606346 -0.54979 -0.716168 -0.6741 -0.180811 
-0.725518 -0.676729 -0.125142 -0.719907 -0.689669 -0.0780421 -0.708894 -0.70427 -0.0383778 
-0.0111927 -0.0692935 -0.997534 -0.313962 -0.353326 -0.881243 -0.0533523 -0.108513 -0.992662 
-0.24773 -0.327195 -0.911906 -0.119155 -0.223714 -0.967344 -0.407787 -0.510299 -0.757169 
-0.697642 -0.716426 -0.00543996 -0.686241 -0.727081 0.0206833 -0.653991 -0.756105 0.0245115 
0.152049 -0.0230524 -0.988104 0.129067 0.0152069 -0.991519 0.106207 0.0224481 -0.994091 
0.0491887 0.028035 -0.998396 0.0508206 0.0216443 -0.998473 -0.149752 -0.507461 -0.848562 
-0.219734 -0.665195 -0.713605 -0.306717 -0.834255 -0.458195 -0.364967 -0.878952 -0.30699 
-0.26199 -0.825763 -0.499476 -0.30155 -0.857269 -0.417322 0.031189 0.0132656 -0.999425 
0.0259001 0.0146749 -0.999557 -0.0443361 -0.13486 -0.989872 -0.115859 -0.313349 -0.942544 
-0.390673 -0.911071 -0.131625 -0.387495 -0.912765 0.129256 -0.35495 -0.92825 0.11119 
-0.357099 -0.931121 0.074123 -0.366145 -0.930323 0.0208963 -0.368475 -0.929112 -0.0312705 
-0.587794 -0.80014 0.119473 -0.550506 -0.825754 0.122772 -0.482446 -0.864573 0.140569 
-0.423711 -0.894067 0.145302 -0.676839 -0.734791 0.0443947 -0.671025 -0.738603 0.0647357 
-0.660945 -0.746181 0.0797825 -0.646623 -0.757636 0.0886904 -0.680409 -0.675477 -0.284208 
-0.630852 -0.674162 -0.384097 -0.514621 -0.633969 -0.577276 -0.708774 -0.698719 -0.0971149 
-0.718437 -0.693753 -0.05056 -0.719491 -0.694032 -0.025538 -0.716132 -0.697918 -0.00802285 
-0.71143 -0.702735 0.00559054 0.100614 0.0242966 -0.994629 0.0546176 -0.00751366 -0.998479 
0.00262581 -0.0713741 -0.997446 -0.263314 -0.407273 -0.874525 -0.0308971 -0.152479 -0.987824 
-0.189496 -0.399641 -0.896871 -0.0738855 -0.315198 -0.946145 -0.330126 -0.565765 -0.755597 
-0.706432 -0.707588 0.0165488 -0.701651 -0.712036 0.0262656 -0.17704 -0.512736 -0.840095 
-0.205196 -0.705234 -0.678631 -0.301232 -0.917287 -0.260469 -0.313744 -0.93812 -0.146611 
-0.19822 -0.85182 -0.484883 -0.298471 -0.893981 -0.334235 -0.241012 -0.927202 -0.286723 
-0.0113951 0.0265956 -0.999581 -0.0445845 0.0186203 -0.998832 -0.125353 -0.128209 -0.983793 
-0.192158 -0.285361 -0.938959 -0.341915 -0.937549 -0.0639931 -0.377409 -0.915749 0.137721 
-0.347956 -0.928465 0.129917 -0.322673 -0.940098 0.109992 -0.3257 -0.942655 0.0729459 
-0.335566 -0.94148 0.0317815 -0.331764 -0.943353 -0.00418043 -0.620117 -0.779343 0.0898904 
-0.583552 -0.807509 0.0859995 -0.520137 -0.846122 0.116344 -0.437959 -0.887902 0.140793 
-0.699382 -0.713843 0.0359486 -0.696445 -0.716246 0.0442339 -0.688772 -0.723257 0.0499166 
-0.6726 -0.738206 0.0515844 -0.686994 -0.7057 -0.173284 -0.639855 -0.702575 -0.311406 
-0.560113 -0.698776 -0.444955 -0.407141 -0.668217 -0.622673 -0.705893 -0.707088 -0.0417299 
-0.708015 -0.706193 -0.00237882 -0.707382 -0.706657 0.0157404 -0.706471 -0.707402 0.0219501 
-0.706596 -0.707265 0.0223231 -0.70793 -0.705994 0.0201598 0.0990036 0.0250011 -0.994773 
0.0991455 0.0296205 -0.994632 0.10163 0.024145 -0.994529 0.101145 0.0156062 -0.994749 
0.0772944 -0.0176256 -0.996853 0.0298691 -0.159293 -0.986779 -0.171517 -0.500981 -0.848292 
0.00847318 -0.309282 -0.950933 -0.0815166 -0.481042 -0.8729 -0.236333 -0.614815 -0.752429 
-0.709511 -0.704472 0.0176786 -0.711736 -0.702249 0.0166825 -0.246648 -0.450466 -0.858047 
-0.21237 -0.676744 -0.704923 -0.291435 -0.935674 -0.198945 -0.282274 -0.952821 -0.111597 
-0.293599 -0.953571 -0.0670985 -0.166067 -0.846844 -0.505249 -0.159094 -0.942322 -0.294481 
-0.252925 -0.958127 -0.134246 -0.169183 -0.975804 -0.138506 -0.0354307 0.0331187 -0.998823 
-0.043679 0.0341224 -0.998463 -0.121522 0.0477067 -0.991442 -0.138463 0.0231306 -0.990097 
-0.232863 -0.103718 -0.966963 -0.306976 -0.239968 -0.920968 -0.303723 -0.952494 -0.0225182 
-0.381426 -0.91511 0.130724 -0.326068 -0.93728 0.123234 -0.292767 -0.950247 0.106391 
-0.297098 -0.950248 0.0935989 -0.296231 -0.952955 0.0642153 -0.307244 -0.951153 0.0301509 
-0.296446 -0.955013 0.00839301 -0.641971 -0.765047 0.0507563 -0.592228 -0.80306 0.0660326 
-0.523519 -0.847081 0.0915462 -0.457488 -0.880614 0.123385 -0.714699 -0.699205 0.0178573 
-0.714467 -0.699376 0.0202625 -0.706801 -0.707036 0.0230717 -0.688257 -0.72496 0.0271163 
-0.692574 -0.711545 -0.11851 -0.646511 -0.723795 -0.241133 -0.521946 -0.740643 -0.423107 
-0.447311 -0.679572 -0.581459 -0.722938 -0.690704 -0.0169905 -0.712054 -0.701556 0.0282365 
-0.699856 -0.712704 0.0474831 -0.691955 -0.72011 0.0513711 -0.689069 -0.723228 0.0461005 
-0.691354 -0.721603 0.036322 -0.697259 -0.716355 0.0258085 0.0981385 0.00489782 -0.995161 
0.0960647 0.00127518 -0.995374 0.0949374 -0.014722 -0.995374 0.0955276 -0.0653267 -0.993281 
0.0951891 -0.136051 -0.986118 0.0974298 -0.170133 -0.980593 0.119523 -0.27892 -0.952847 
0.0408707 -0.459126 -0.887431 -0.0610928 -0.554119 -0.830193 -0.233549 -0.59885 -0.76605 
-0.7044 -0.709593 0.0172975 -0.712105 -0.701964 0.012351 -0.305457 -0.435189 -0.846939 
-0.225998 -0.646291 -0.728857 -0.261761 -0.962475 -0.0715785 -0.255517 -0.966422 -0.0271909 
-0.19893 -0.815086 -0.544116 -0.144302 -0.934895 -0.324267 -0.115098 -0.98131 -0.154217 
-0.194346 -0.979814 -0.0468481 -0.111838 -0.992613 -0.0470365 -0.136731 0.047255 -0.98948 
-0.224299 0.0564403 -0.972885 -0.250536 0.0289574 -0.967674 -0.343179 -0.0695833 -0.936689 
-0.375109 -0.19418 -0.906415 -0.256594 -0.966519 -0.000204224 -0.453655 -0.885921 0.0966505 
-0.369965 -0.922354 0.111309 -0.312723 -0.94283 0.115223 -0.278406 -0.955046 0.101867 
-0.269983 -0.959447 0.0810541 -0.268278 -0.961604 0.0578373 -0.281327 -0.958741 0.0408833 
-0.280249 -0.95968 0.0217971 -0.252397 -0.967564 0.0107748 -0.6569 -0.753033 0.0377316 
-0.619432 -0.783329 0.0519597 -0.545339 -0.835564 0.0666201 -0.719156 -0.694756 0.0113591 
-0.721046 -0.692729 0.014801 -0.713394 -0.700411 0.0222138 -0.695376 -0.7179 0.0327313 
-0.717274 -0.688879 -0.104705 -0.665174 -0.686839 -0.292909 -0.432232 -0.583688 -0.687374 
-0.656094 -0.597829 -0.460587 -0.771229 -0.636418 -0.0133546 -0.742193 -0.668702 0.0445846 
-0.711309 -0.699183 0.0719924 -0.686877 -0.722396 0.0796499 -0.671876 -0.736867 0.074895 
-0.666313 -0.742944 0.0637202 -0.669407 -0.741167 0.0506535 -0.678514 -0.733541 0.0391981 
0.122706 -0.200238 -0.972033 0.177936 -0.277221 -0.944186 0.216364 -0.432895 -0.875093 
0.156889 -0.229483 -0.960585 0.154498 -0.492852 -0.856287 -0.0279515 -0.540478 -0.840894 
-0.182826 -0.572611 -0.799182 -0.689683 -0.723392 0.0322728 -0.700779 -0.712798 0.0287592 
-0.32623 -0.360425 -0.873881 -0.262713 -0.606186 -0.75068 -0.193161 -0.981167 0.000906689 
-0.304231 -0.682619 -0.664435 -0.181274 -0.883865 -0.431188 -0.101024 -0.974329 -0.201189 
-0.0640446 -0.995954 -0.0630446 -0.118123 -0.992969 0.00768652 -0.0542837 -0.99849 0.00837393 
-0.251095 0.0574431 -0.966256 -0.35099 0.0779208 -0.933132 -0.367626 0.0653436 -0.927675 
-0.403358 -0.014964 -0.91492 -0.387964 -0.132073 -0.912163 -0.197627 -0.980215 0.0110636 
-0.479576 -0.875006 0.0661136 -0.402627 -0.911929 0.0792221 -0.319371 -0.943706 0.0861472 
-0.263437 -0.960517 0.0894841 -0.244343 -0.966843 0.0742339 -0.248305 -0.967052 0.0561643 
-0.257907 -0.965405 0.038443 -0.26126 -0.965003 0.0226263 -0.242784 -0.970017 0.0110956 
-0.198633 -0.980042 0.00797781 -0.669589 -0.741258 0.0467722 -0.631542 -0.772839 0.0622467 
-0.563243 -0.824084 0.0603549 -0.712205 -0.701293 0.0308729 -0.71646 -0.696333 0.0424985 
-0.707001 -0.705058 0.0551565 -0.690759 -0.720278 0.0636529 -0.790858 -0.60054 -0.117879 
-0.784677 -0.570214 -0.243181 -0.551383 -0.495607 -0.671082 -0.669236 -0.511221 -0.539237 
-0.244155 -0.517274 -0.820254 -0.827786 -0.459787 -0.321507 -0.840583 -0.541187 -0.0231885 
-0.79961 -0.598623 0.047693 -0.750487 -0.654888 0.0888344 -0.704417 -0.702062 0.104429 
-0.670674 -0.734515 0.103361 -0.649027 -0.754848 0.0947024 -0.640283 -0.763455 0.0847056 
-0.642874 -0.762426 0.0736193 -0.655528 -0.75188 0.0704206 0.241022 -0.387331 -0.889878 
0.260685 -0.409543 -0.874253 0.257686 -0.429351 -0.865595 0.22427 -0.437066 -0.87102 
0.140151 -0.483592 -0.864 -0.0122304 -0.533585 -0.845658 -0.665211 -0.743244 0.0712848 
-0.677978 -0.731814 0.0692373 -0.373282 -0.244605 -0.89489 -0.349595 -0.449128 -0.822233 
-0.127371 -0.991643 0.0204997 -0.362824 -0.434263 -0.824484 -0.268744 -0.674955 -0.687177 
-0.179806 -0.851017 -0.493396 -0.107185 -0.958895 -0.262739 -0.0477239 -0.993771 -0.100709 
-0.0147529 -0.999884 -0.0037648 -0.0589284 -0.997779 0.0310693 -0.00598956 -0.999349 0.0355676 
-0.370182 0.0853856 -0.925027 -0.37594 0.0908422 -0.922181 -0.398851 0.117801 -0.909418 
-0.394634 0.121753 -0.910736 -0.387485 0.0211003 -0.921634 -0.371828 -0.0859355 -0.924316 
-0.135916 -0.990621 0.01405 -0.484485 -0.872202 0.067365 -0.386442 -0.920068 0.0643224 
-0.302247 -0.951072 0.0641059 -0.259743 -0.962774 0.0748291 -0.225006 -0.972322 0.0629495 
-0.225725 -0.972949 0.0491727 -0.236774 -0.970989 0.0334305 -0.242963 -0.969862 0.0183578 
-0.231212 -0.972878 0.00709638 -0.195754 -0.980651 0.00189699 -0.140924 -0.990013 0.00380304 
-0.671021 -0.737499 0.0763346 -0.633935 -0.767779 0.0929587 -0.57143 -0.817259 0.0745291 
-0.697421 -0.712182 0.0800051 -0.69913 -0.707391 0.103996 -0.682722 -0.722397 0.109699 
-0.67353 -0.731729 0.104547 -0.857912 -0.498442 -0.124668 -0.394394 -0.45477 -0.798522 
-0.719965 -0.474903 -0.506081 -0.62003 -0.410057 -0.668891 -0.77761 -0.413602 -0.473557 
-0.0200908 -0.475519 -0.879476 -0.180849 -0.448632 -0.875227 -0.914367 -0.377923 -0.145283 
-0.925669 -0.288783 -0.244421 -0.90749 -0.41769 -0.0446916 -0.870775 -0.490346 0.0362336 
-0.814644 -0.572692 0.0915329 -0.750698 -0.649296 0.121932 -0.697722 -0.706027 0.121285 
-0.660888 -0.739917 0.125501 -0.625278 -0.771434 0.117975 -0.610511 -0.783484 0.115884 
-0.621449 -0.775548 0.111027 -0.629983 -0.766354 0.125789 0.222689 -0.428633 -0.875605 
0.218096 -0.444426 -0.868861 0.141083 -0.474579 -0.868833 -0.630286 -0.76537 0.13019 
-0.648977 -0.750662 0.123839 -0.3501 -0.217791 -0.911042 -0.0690157 -0.997287 0.025608 
-0.296645 -0.4125 -0.861304 -0.244372 -0.654771 -0.715232 -0.241231 -0.772439 -0.587491 
-0.149881 -0.916213 -0.371603 -0.0584316 -0.985131 -0.161564 -0.00489539 -0.999408 -0.0340648 
0.0216117 -0.99936 0.0285057 -0.0114354 -0.999239 0.0372876 0.0268396 -0.998677 0.0438526 
-0.367481 0.105341 -0.924046 -0.357271 0.106337 -0.927928 -0.354582 0.0414827 -0.934104 
-0.319928 -0.0616445 -0.945434 -0.0788125 -0.996821 0.0117248 -0.490458 -0.867669 0.0812505 
-0.396073 -0.915597 0.0693482 -0.308421 -0.949375 0.0596957 -0.241172 -0.968917 0.0551046 
-0.208785 -0.976672 0.0502038 -0.207901 -0.977187 0.0433953 -0.217822 -0.975509 0.0306003 
-0.226549 -0.973849 0.0171529 -0.22022 -0.975432 0.00599366 -0.191546 -0.981484 -0.000278103 
-0.143003 -0.989722 -0.000993672 -0.0855935 -0.996326 0.00296145 -0.665815 -0.736384 0.12012 
-0.623941 -0.768976 0.139188 -0.570942 -0.81463 0.101996 -0.677242 -0.718998 0.156155 
-0.656317 -0.732326 0.18151 -0.648149 -0.744279 0.161095 -0.662113 -0.736353 0.139252 
-0.383312 -0.414205 -0.825534 -0.659281 -0.293118 -0.692409 -0.835186 -0.286068 -0.469712 
0.131458 -0.427846 -0.894241 4.19825e-05 -0.418828 -0.908065 -0.153081 -0.384668 -0.910273 
-0.952327 -0.294719 -0.0788305 -0.945924 -0.17438 -0.27353 -0.978007 -0.176616 -0.110949 
-0.933281 -0.358796 0.0158833 -0.884652 -0.458969 0.0820904 -0.812258 -0.570609 0.121006 
-0.74945 -0.650023 0.125676 -0.735822 -0.663949 0.133181 -0.691736 -0.707942 0.142543 
-0.63326 -0.760582 0.143167 -0.608023 -0.781249 0.141273 -0.591895 -0.78984 0.160663 
-0.592871 -0.791876 0.146411 -0.60271 -0.780617 0.165462 -0.597837 -0.777102 0.196732 
0.221387 -0.439325 -0.870621 0.229356 -0.434872 -0.870794 -0.59639 -0.777694 0.198776 
-0.633916 -0.751136 0.18424 -0.277777 -0.188403 -0.941989 -0.0220941 -0.99949 0.0230595 
-0.241706 -0.317219 -0.917034 -0.265922 -0.555846 -0.787604 -0.226352 -0.733141 -0.641303 
-0.1229 -0.897306 -0.423954 -0.0707791 -0.973768 -0.216253 -0.0184982 -0.99699 -0.0752858 
0.021343 -0.999742 0.00771876 0.0406323 -0.998334 0.0409751 0.0201959 -0.999209 0.0342667 
0.042728 -0.998233 0.0412902 -0.349184 0.106165 -0.931021 -0.300904 0.0711311 -0.950998 
-0.319867 0.108493 -0.94123 -0.250518 -0.0399435 -0.967288 -0.0318974 -0.999438 0.0102866 
-0.486251 -0.867882 0.101692 -0.396124 -0.914723 0.0797986 -0.309683 -0.948637 0.0646881 
-0.24395 -0.968218 0.0551577 -0.206591 -0.977221 0.0485724 -0.195983 -0.979728 0.0415104 
-0.203225 -0.978598 0.0323391 -0.212893 -0.976844 0.021271 -0.211147 -0.977389 0.0113063 
-0.188445 -0.982069 0.00531442 -0.144988 -0.989425 0.00414006 -0.0904021 -0.995884 0.00656903 
-0.0381763 -0.999217 0.010388 -0.644511 -0.745399 0.170253 -0.621125 -0.76292 0.179323 
-0.591135 -0.791161 0.156921 -0.556655 -0.820062 0.132794 -0.622363 -0.748404 0.229251 
-0.610467 -0.753608 0.243731 -0.616633 -0.757181 0.2155 -0.622566 -0.756297 0.201061 
-0.337534 -0.304062 -0.890852 -0.52731 -0.250005 -0.81206 -0.845329 -0.237502 -0.478551 
-0.726804 -0.227021 -0.648242 -0.873642 -0.190102 -0.447896 0.229387 -0.414827 -0.880511 
0.227277 -0.392565 -0.8912 0.143922 -0.395321 -0.907198 0.0288871 -0.361888 -0.931774 
-0.108255 -0.330111 -0.937714 -0.973831 -0.227165 -0.00696129 -0.986492 -0.121654 -0.109699 
-0.97461 -0.106084 -0.197185 -0.990492 -0.136834 -0.0142026 -0.943209 -0.323923 0.0736867 
-0.883313 -0.454475 0.114937 -0.828898 -0.543429 0.132714 -0.769071 -0.624323 0.136931 
-0.763984 -0.631855 0.130719 -0.67426 -0.721611 0.157005 -0.615948 -0.771738 0.158203 
-0.618355 -0.764475 0.18225 -0.585469 -0.78714 0.194001 -0.578935 -0.79254 0.19161 
-0.58548 -0.781515 0.215519 -0.577486 -0.777044 0.250423 -0.571148 -0.783411 0.245066 
-0.580142 -0.77442 0.252405 -0.235511 -0.143789 -0.961176 0.0100966 -0.999755 0.0196821 
-0.247054 -0.354473 -0.901839 -0.221423 -0.169408 -0.96035 -0.248107 -0.509953 -0.823645 
-0.2704 -0.518415 -0.811252 -0.177074 -0.735154 -0.654364 -0.138323 -0.892789 -0.428712 
-0.106638 -0.963033 -0.247379 -0.0577894 -0.991433 -0.117141 -0.00829568 -0.999647 -0.0252426 
0.0265694 -0.999328 0.0252511 0.0424623 -0.9983 0.0399156 0.0361021 -0.998933 0.0288052 
0.0442876 -0.99843 0.0343045 -0.298801 0.120004 -0.94674 -0.235644 0.108116 -0.965807 
-0.226554 0.0875987 -0.970051 -0.211839 -0.0295466 -0.976858 0.00265846 -0.999887 0.0147824 
-0.479484 -0.869796 0.116404 -0.388485 -0.916576 0.0946997 -0.3045 -0.949673 0.0734942 
-0.241238 -0.968704 0.05846 -0.20302 -0.97787 0.0505207 -0.188831 -0.980994 0.044649 
-0.1927 -0.980526 0.0378911 -0.20238 -0.978849 0.0299386 -0.204798 -0.978561 0.0218407 
-0.188264 -0.981964 0.0173985 -0.150028 -0.988521 0.0178343 -0.0970588 -0.995038 0.0218899 
-0.0426884 -0.998757 0.0257369 0.000500805 -0.999649 0.0265082 -0.621926 -0.757345 0.199091 
-0.603403 -0.771264 0.202624 -0.588049 -0.790334 0.171962 -0.557771 -0.817712 0.142259 
-0.540511 -0.83037 0.135401 -0.587518 -0.765395 0.262666 -0.575034 -0.771394 0.272558 
-0.580617 -0.775218 0.24884 -0.597972 -0.768886 0.226372 -0.602709 -0.767214 0.219375 
-0.345305 -0.27289 -0.89794 -0.139553 -0.267509 -0.953396 -0.502681 -0.290366 -0.814248 
-0.724307 -0.232443 -0.649114 -0.892523 -0.140388 -0.428594 0.230213 -0.386174 -0.893237 
0.264583 -0.391996 -0.881099 0.203214 -0.334906 -0.920077 0.0361318 -0.300847 -0.952988 
-0.978502 -0.197957 0.0578556 -0.994829 -0.0991044 -0.0222123 -0.974856 -0.0770041 -0.209108 
-0.997715 -0.0595876 -0.0318499 -0.989724 -0.129082 0.0615158 -0.90698 -0.406382 0.110635 
-0.955594 -0.278202 0.0971773 -0.849334 -0.514182 0.119365 -0.853073 -0.507714 0.120385 
-0.767064 -0.623743 0.150193 -0.685602 -0.704561 0.183148 -0.617364 -0.757621 0.21183 
-0.580155 -0.78452 0.218971 -0.575192 -0.785115 0.22967 -0.590438 -0.768976 0.245069 
-0.589198 -0.763681 0.263888 -0.565209 -0.77714 0.276754 -0.561258 -0.780952 0.27405 
-0.56325 -0.777319 0.280222 0.0288063 -0.999388 0.019836 -0.273564 -0.328007 -0.904198 
-0.202953 -0.0227186 -0.978925 -0.284021 -0.207608 -0.936072 -0.256298 -0.0578536 -0.964865 
-0.344405 -0.34138 -0.874554 -0.284888 -0.543823 -0.789364 -0.217076 -0.74043 -0.636114 
-0.254338 -0.840161 -0.479001 -0.203253 -0.933124 -0.296594 -0.133026 -0.977459 -0.163945 
-0.0717688 -0.995017 -0.069211 -0.0214866 -0.999753 -0.00571319 0.0122902 -0.999619 0.0247101 
0.0295718 -0.999086 0.030857 0.0402765 -0.998884 0.0246548 0.0353257 -0.999042 0.0258358 
-0.223509 0.106905 -0.968822 -0.196018 0.0958235 -0.975907 -0.190091 0.0935421 -0.9773 
-0.189963 0.0924404 -0.97743 0.0271585 -0.999324 0.0247624 -0.489882 -0.863905 0.116977 
-0.411322 -0.906731 0.0930272 -0.334376 -0.939273 0.0771905 -0.296421 -0.951836 0.07838 
-0.233164 -0.970373 0.0633247 -0.198796 -0.978586 0.0533797 -0.184409 -0.981629 0.0489579 
-0.185621 -0.981604 0.0446962 -0.193566 -0.980239 0.0407855 -0.201498 -0.978886 0.0343645 
-0.191388 -0.980962 0.0329263 -0.159718 -0.986521 0.0355771 -0.109479 -0.993048 0.0432413 
-0.0505356 -0.997429 0.050803 0.00118797 -0.99865 0.0519256 0.0333474 -0.998435 0.0448905 
-0.583507 -0.782783 0.216263 -0.581927 -0.790008 0.193001 -0.560579 -0.810984 0.167498 
-0.538726 -0.82998 0.144595 -0.562575 -0.780238 0.273382 -0.56385 -0.78171 0.266464 
-0.560459 -0.790895 0.245705 -0.568054 -0.788083 0.23715 -0.582227 -0.778475 0.234495 
-0.297252 -0.286513 -0.910797 0.0342225 -0.258994 -0.965272 -0.166996 -0.281874 -0.944807 
-0.0213651 -0.246432 -0.968925 -0.299516 -0.312438 -0.901484 -0.537256 -0.297448 -0.789228 
-0.710959 -0.285299 -0.642762 -0.880353 -0.152689 -0.449072 0.268964 -0.380957 -0.884607 
0.292264 -0.336925 -0.895021 0.279363 -0.288864 -0.915704 0.170546 -0.260433 -0.95031 
-0.976585 -0.190786 0.09941 -0.993006 -0.0905894 0.0757151 -0.968624 -0.125583 -0.214469 
-0.99813 -0.0504359 -0.0345468 -0.992718 -0.0639625 0.10208 -0.982296 -0.142616 0.121468 
-0.917866 -0.381647 0.108939 -0.955848 -0.273136 0.108404 -0.918549 -0.378916 0.112656 
-0.856537 -0.498473 0.133672 -0.774827 -0.607347 0.175422 -0.688323 -0.695986 0.204487 
-0.649101 -0.726581 0.225275 -0.624045 -0.741546 0.246329 -0.637532 -0.729238 0.248526 
-0.596273 -0.753888 0.275883 -0.565559 -0.774648 0.282953 -0.555219 -0.780742 0.286658 
-0.558027 -0.782773 0.27545 0.0385645 -0.998998 0.0227129 -0.204478 0.0722832 -0.976199 
-0.211863 0.0696286 -0.974816 -0.360878 -0.160148 -0.91876 -0.2801 0.0506042 -0.958636 
-0.326943 0.0444531 -0.943998 -0.398376 -0.0208547 -0.916985 -0.452451 -0.134119 -0.881646 
-0.41918 -0.297995 -0.857606 -0.403004 -0.460144 -0.79111 -0.342097 -0.65476 -0.673987 
-0.345519 -0.80524 -0.481877 -0.335748 -0.87073 -0.359308 -0.249949 -0.939938 -0.232469 
-0.16881 -0.978193 -0.121007 -0.109676 -0.99265 -0.051158 -0.0583655 -0.998254 -0.00908011 
-0.019128 -0.999759 0.010768 0.00558313 -0.999849 0.0164384 0.037241 -0.999089 0.0208464 
0.019119 -0.99971 0.0146744 0.0452115 -0.99841 0.0336665 -0.468772 -0.875503 0.117251 
-0.404012 -0.910086 0.0922883 -0.32986 -0.94147 0.069479 -0.26132 -0.963417 0.0595025 
-0.212923 -0.975517 0.0550513 -0.192365 -0.979787 0.0548987 -0.182102 -0.981931 0.0514868 
-0.184691 -0.981542 0.0496505 -0.19379 -0.979756 0.0502424 -0.200209 -0.978709 0.0452313 
-0.198371 -0.978886 0.0493118 -0.173071 -0.983471 0.0532125 -0.128223 -0.989701 0.0636519 
-0.0687003 -0.994669 0.0768971 -0.00171803 -0.996516 0.0833828 0.0456579 -0.996182 0.0744051 
0.0617284 -0.996632 0.0539806 -0.571318 -0.788711 0.227003 -0.567424 -0.796534 0.20872 
-0.573013 -0.795557 0.19684 -0.568456 -0.802442 0.181509 -0.555818 -0.815547 0.161088 
-0.540229 -0.828397 0.148027 -0.515266 -0.845587 0.139583 -0.562408 -0.785464 0.258346 
-0.572586 -0.780883 0.249736 -0.562697 -0.791787 0.237582 -0.559004 -0.79932 0.220457 
-0.564938 -0.795053 0.220763 0.141485 -0.234505 -0.961764 -0.123041 -0.307125 -0.943682 
0.0930858 -0.261998 -0.960569 0.00929602 -0.305446 -0.952164 -0.070537 -0.313475 -0.946973 
-0.255451 -0.30583 -0.917176 -0.45601 -0.297798 -0.838673 -0.62136 -0.318345 -0.715939 
-0.869304 -0.219057 -0.443085 -0.77825 -0.352939 -0.519386 -0.881913 -0.272858 -0.384419 
0.279793 -0.255064 -0.925558 0.287534 -0.229282 -0.929922 -0.969923 -0.208601 0.125443 
-0.9799 -0.115268 0.162817 -0.994942 -0.0966127 -0.0274962 -0.973706 -0.192736 -0.121446 
-0.992331 -0.0654484 0.104858 -0.97927 -0.0903559 0.181293 -0.979913 -0.0796728 0.182817 
-0.968232 -0.183812 0.169528 -0.951353 -0.285476 0.115891 -0.91757 -0.378621 0.121291 
-0.865024 -0.478405 0.151204 -0.727297 -0.657396 0.197152 -0.809174 -0.561141 0.174237 
-0.686601 -0.692864 0.220271 -0.707586 -0.670161 0.224067 -0.65113 -0.717668 0.246947 
-0.609451 -0.749639 0.25809 -0.574855 -0.775138 0.262112 0.0432286 -0.998799 0.0230431 
-0.419806 0.0637689 -0.905371 -0.448824 0.0480878 -0.892326 -0.478932 0.0472661 -0.876579 
-0.505 0.022233 -0.862833 -0.526724 -0.0699033 -0.847157 -0.494186 -0.276355 -0.824262 
-0.465833 -0.548944 -0.694017 -0.427109 -0.631353 -0.64728 -0.464853 -0.726078 -0.506678 
-0.428466 -0.817788 -0.38424 -0.376167 -0.879138 -0.2926 -0.312446 -0.935201 -0.166662 
-0.245367 -0.963742 -0.104867 -0.180414 -0.981496 -0.0641615 -0.115276 -0.992727 -0.0347001 
-0.0608656 -0.99807 -0.0122988 -0.02681 -0.999633 -0.00382939 0.0299166 -0.999471 0.0127919 
-0.00266466 -0.999992 -0.00296699 0.0583866 -0.997738 0.033302 -0.45157 -0.885499 0.109438 
-0.389358 -0.916696 0.0898309 -0.321292 -0.944439 0.0693353 -0.260081 -0.964014 0.0550892 
-0.216833 -0.975006 0.0484368 -0.190843 -0.980437 0.048198 -0.181471 -0.982098 0.0505249 
-0.184683 -0.981415 0.0521148 -0.194207 -0.979399 0.0553317 -0.203282 -0.977437 0.0573867 
-0.202584 -0.977209 0.0634169 -0.186357 -0.980134 0.067886 -0.148358 -0.985924 0.0771004 
-0.0963229 -0.991403 0.088551 -0.0278547 -0.99268 0.117518 0.067235 -0.990883 0.116749 
0.0873914 -0.993392 0.0744012 0.0826953 -0.99553 0.0456199 -0.559954 -0.803047 0.203882 
-0.560919 -0.806042 0.188853 -0.564651 -0.805623 0.17928 -0.554116 -0.815252 0.168287 
-0.543545 -0.825845 0.15013 -0.53144 -0.836485 0.133655 -0.499994 -0.857052 0.124373 
-0.611217 -0.755456 0.236008 -0.600418 -0.768397 0.221503 -0.580186 -0.782658 0.225457 
-0.562342 -0.797861 0.217231 -0.560554 -0.803111 0.20197 -0.556953 -0.805551 0.202213 
0.289501 -0.224093 -0.930576 0.289683 -0.237939 -0.927075 0.225087 -0.281688 -0.932731 
0.129111 -0.317415 -0.939456 0.110092 -0.263076 -0.958473 -0.0286938 -0.285972 -0.957808 
-0.225391 -0.303817 -0.925686 -0.445952 -0.326688 -0.833308 -0.587266 -0.391441 -0.708444 
-0.790421 -0.359321 -0.496108 -0.903792 -0.318253 -0.286137 -0.893257 -0.371519 -0.253113 
-0.959492 -0.243787 0.141222 -0.974627 -0.109176 0.195403 -0.970142 -0.146613 0.193208 
-0.98887 -0.120708 0.086984 -0.947454 -0.313356 -0.064333 -0.978475 -0.198783 0.0554247 
-0.975903 -0.100397 0.193737 -0.973134 -0.100703 0.207049 -0.968695 -0.103787 0.22552 
-0.96969 -0.167462 0.177928 -0.963693 -0.210963 0.16368 -0.944708 -0.304243 0.122323 
-0.916709 -0.377388 0.131234 -0.873019 -0.463981 0.150199 -0.770978 -0.609465 0.184785 
-0.840506 -0.520346 0.150966 -0.779186 -0.593224 0.202374 -0.713205 -0.663967 0.224693 
-0.674845 -0.702888 0.224796 0.0449172 -0.998886 0.014482 -0.530293 -0.0138419 -0.847701 
-0.587133 -0.0314409 -0.80888 -0.63069 -0.049622 -0.774447 -0.608293 -0.186767 -0.771426 
-0.541452 -0.358657 -0.760391 -0.553322 -0.552416 -0.623435 -0.560535 -0.665969 -0.492226 
-0.546411 -0.742656 -0.387166 -0.483647 -0.831975 -0.271853 -0.515883 -0.829323 -0.214684 
-0.443484 -0.880551 -0.16719 -0.363337 -0.920402 -0.14438 -0.275665 -0.953275 -0.123595 
-0.171874 -0.982825 -0.0671848 -0.113821 -0.992563 -0.0431698 -0.0672051 -0.99725 -0.0312522 
0.0188006 -0.999809 -0.00534949 -0.0333519 -0.998949 -0.0314559 0.0676638 -0.997519 0.0194336 
-0.446104 -0.889815 0.0960211 -0.3784 -0.921741 0.0848963 -0.309613 -0.948285 0.069962 
-0.253938 -0.965723 0.0537966 -0.215029 -0.975539 0.045684 -0.193245 -0.980163 0.0440139 
-0.183841 -0.981849 0.0466432 -0.187454 -0.980994 0.0501157 -0.198011 -0.978603 0.0559329 
-0.207705 -0.97622 0.0620737 -0.209698 -0.975385 0.0681947 -0.199534 -0.976972 0.0755744 
-0.167978 -0.981957 0.0868562 -0.108425 -0.988426 0.106102 -0.0415657 -0.991189 0.125768 
0.0373061 -0.989548 0.139297 0.116681 -0.985158 0.125892 0.133309 -0.987441 0.0847908 
0.112037 -0.992454 0.0498293 0.0955078 -0.995145 0.0237499 -0.552781 -0.810906 0.192004 
-0.544321 -0.81916 0.180808 -0.534345 -0.829885 0.16052 -0.515602 -0.846222 0.134401 
-0.501443 -0.858627 0.106366 -0.492613 -0.863698 0.106576 -0.641509 -0.735961 0.216396 
-0.642825 -0.739004 0.201616 -0.60404 -0.769898 0.205893 -0.576756 -0.790297 0.20684 
-0.581175 -0.788904 0.199667 -0.567281 -0.798888 0.199924 -0.554545 -0.808537 0.196845 
0.302875 -0.228855 -0.925144 0.340867 -0.241425 -0.908583 0.394393 -0.284148 -0.873907 
0.398884 -0.287639 -0.870721 0.313852 -0.262756 -0.912391 0.252374 -0.214553 -0.943544 
0.0956507 -0.265018 -0.959488 -0.0566499 -0.308187 -0.949638 -0.222194 -0.353663 -0.908599 
-0.380363 -0.365634 -0.849491 -0.366959 -0.427129 -0.826379 -0.592912 -0.407578 -0.694503 
-0.788267 -0.35487 -0.502695 -0.923056 -0.316342 -0.218851 -0.95413 -0.298401 0.0243308 
-0.962255 -0.229556 0.146182 -0.952115 -0.27447 0.134695 -0.972998 -0.130866 0.190127 
-0.968846 -0.15742 0.191198 -0.954995 -0.265563 0.132136 -0.962148 -0.131531 0.238684 
-0.96867 -0.122173 0.216223 -0.963198 -0.123814 0.23858 -0.970335 -0.178092 0.163502 
-0.939305 -0.317062 0.131066 -0.890417 -0.433982 0.137175 -0.919819 -0.365615 0.142332 
-0.841285 -0.515672 0.162242 -0.839232 -0.507957 0.194086 -0.738367 -0.640897 0.20992 
-0.793395 -0.571128 0.210564 -0.694776 -0.689481 0.204701 0.0440725 -0.999005 -0.00683143 
-0.737197 -0.0486727 -0.673923 -0.742527 -0.0515323 -0.667831 -0.723297 -0.185987 -0.665019 
-0.655763 -0.42855 -0.621547 -0.725101 -0.346019 -0.595399 -0.691246 -0.524256 -0.497328 
-0.679031 -0.610179 -0.408164 -0.641101 -0.696231 -0.32288 -0.631177 -0.728122 -0.267309 
-0.559013 -0.795374 -0.234274 -0.478383 -0.848697 -0.22553 -0.426096 -0.880749 -0.206698 
-0.334459 -0.932056 -0.139313 -0.26353 -0.957314 -0.118752 -0.17291 -0.981882 -0.0775182 
-0.123661 -0.990009 -0.0677446 0.000140204 -0.999312 -0.0371013 -0.080404 -0.994221 -0.0711322 
0.0746057 -0.997199 -0.00522268 -0.453819 -0.887204 0.0831733 -0.398616 -0.914522 0.0689582 
-0.336994 -0.939566 0.0604204 -0.301378 -0.951141 0.0671047 -0.244632 -0.968069 0.0547478 
-0.211658 -0.976259 0.0460446 -0.194337 -0.979952 0.0438902 -0.188771 -0.980883 0.0472751 
-0.196374 -0.979049 0.0538556 -0.201844 -0.977844 0.0554941 -0.2157 -0.974404 0.0633208 
-0.218082 -0.973325 0.0712591 -0.209593 -0.97479 0.0765211 -0.188961 -0.978418 0.083615 
-0.148122 -0.984259 0.0964081 -0.0732871 -0.991841 0.104306 0.00949414 -0.994845 0.100964 
0.0855096 -0.990922 0.103742 0.143855 -0.986891 0.0731516 0.156076 -0.986992 0.0385521 
0.13425 -0.990291 0.0360641 0.11949 -0.992579 0.0225556 0.105697 -0.994398 0.000687479 
-0.547108 -0.814752 0.19197 -0.536785 -0.820956 0.194663 -0.522314 -0.833921 0.178222 
-0.516351 -0.841211 0.160457 -0.488918 -0.858778 0.153164 -0.480495 -0.868232 0.123685 
-0.479623 -0.871412 0.102967 -0.690468 -0.692789 0.208081 -0.64109 -0.739745 0.204403 
-0.60617 -0.768812 0.203682 -0.584392 -0.785762 0.202643 -0.562742 -0.798657 0.213236 
-0.547544 -0.812565 0.199836 0.399171 -0.286752 -0.870882 0.402188 -0.249965 -0.880774 
0.385419 -0.217957 -0.896631 0.368215 -0.190611 -0.909992 0.360467 -0.178563 -0.915521 
0.230894 -0.229211 -0.945595 0.0747386 -0.294558 -0.952707 -0.0269165 -0.377488 -0.925623 
-0.163007 -0.393255 -0.904864 -0.180043 -0.4357 -0.881901 -0.40898 -0.426053 -0.806979 
-0.663515 -0.453223 -0.595262 -0.825584 -0.400199 -0.397809 -0.852934 -0.414136 -0.317797 
-0.96656 -0.256403 -0.00450484 -0.951187 -0.294032 -0.0937438 -0.959945 -0.192613 0.203482 
-0.973949 -0.184595 0.131711 -0.964256 -0.209069 0.162789 -0.954861 -0.25778 0.147614 
-0.946041 -0.291552 0.141433 -0.969001 -0.160094 0.188168 -0.960941 -0.13332 0.242524 
-0.963946 -0.150491 0.219454 -0.959108 -0.141542 0.245106 -0.933163 -0.324048 0.155563 
-0.886194 -0.433328 0.16397 -0.906681 -0.377711 0.187787 -0.867617 -0.449648 0.212266 
-0.832516 -0.510997 0.214005 -0.749144 -0.627564 0.212006 -0.80073 -0.558851 0.215679 
0.0374505 -0.998509 -0.0397193 -0.753535 -0.0566739 -0.65496 -0.825357 -0.194706 -0.529977 
-0.786688 -0.417799 -0.454495 -0.721547 -0.558024 -0.409853 -0.695565 -0.648503 -0.309246 
-0.64981 -0.697349 -0.30241 -0.580978 -0.767339 -0.271395 -0.507608 -0.834617 -0.213888 
-0.46439 -0.859902 -0.211921 -0.420735 -0.884405 -0.202013 -0.333812 -0.931954 -0.141531 
-0.270762 -0.953745 -0.130611 -0.195247 -0.975207 -0.10416 -0.0333933 -0.996135 -0.0812439 
-0.160507 -0.979866 -0.118741 0.0786392 -0.996346 -0.033335 -0.433488 -0.897361 0.082648 
-0.393759 -0.91703 0.0633238 -0.336325 -0.940436 0.0496452 -0.27351 -0.960675 0.0479129 
-0.226853 -0.972753 0.0478379 -0.206565 -0.977257 0.0479553 -0.195683 -0.979589 0.0459664 
-0.195392 -0.979517 0.0486575 -0.202158 -0.977778 0.0555124 -0.213297 -0.97492 0.0635188 
-0.226927 -0.97127 0.0716802 -0.227416 -0.970881 0.075317 -0.215736 -0.973173 0.0799568 
-0.186937 -0.979072 0.0804499 -0.136208 -0.987958 0.0733941 -0.0875833 -0.99257 0.0844678 
0.0039499 -0.997363 0.0724685 0.0886996 -0.994265 0.0597427 0.149429 -0.988331 0.0295384 
0.154758 -0.987947 -0.00323834 0.138701 -0.990278 0.0105128 0.129832 -0.99142 0.0151458 
0.1275 -0.991802 0.0085232 0.117406 -0.99297 -0.0150836 -0.536754 -0.815655 0.215876 
-0.507966 -0.836397 0.205938 -0.502484 -0.846723 0.174845 -0.480113 -0.856695 0.188587 
-0.451972 -0.875377 0.171568 -0.455472 -0.879708 0.136598 -0.452106 -0.885612 0.106266 
-0.73007 -0.643881 0.228945 -0.676888 -0.700416 0.226364 -0.626308 -0.748431 0.218151 
-0.603791 -0.769807 0.206965 -0.594101 -0.772534 0.224135 -0.575741 -0.779301 0.24741 
-0.545186 -0.803079 0.24049 0.356817 -0.182096 -0.916255 0.371337 -0.221011 -0.901811 
0.369799 -0.277492 -0.886706 0.197831 -0.297116 -0.934123 0.110079 -0.376512 -0.919849 
0.00294795 -0.41714 -0.908838 -0.162607 -0.422213 -0.891793 -0.357187 -0.449443 -0.818791 
-0.552239 -0.459929 -0.69534 -0.73051 -0.470332 -0.495119 -0.881331 -0.395365 -0.258732 
-0.975477 -0.205881 0.0778319 -0.931116 -0.349567 -0.104045 -0.972095 -0.233199 0.0254999 
-0.966556 -0.134328 0.218461 -0.97383 -0.138332 0.180334 -0.960309 -0.198223 0.196252 
-0.94962 -0.255662 0.181273 -0.945058 -0.285114 0.159922 -0.936958 -0.309444 0.162342 
-0.958799 -0.125489 0.254867 -0.955102 -0.183723 0.232434 -0.950622 -0.16495 0.262888 
-0.926158 -0.327422 0.187155 -0.916877 -0.346577 0.198044 -0.895354 -0.37705 0.237012 
-0.878794 -0.411529 0.24159 -0.829245 -0.508808 0.231231 -0.846057 -0.462627 0.264884 
-0.782072 -0.578372 0.232055 0.0210268 -0.997182 -0.0720165 -0.828989 -0.115144 -0.547284 
-0.818021 -0.183513 -0.545129 -0.801216 -0.289568 -0.523645 -0.789731 -0.384035 -0.478374 
-0.798426 -0.431499 -0.41991 -0.744317 -0.565117 -0.355857 -0.822669 -0.449154 -0.348534 
-0.776585 -0.512506 -0.366406 -0.752769 -0.565672 -0.33668 -0.716312 -0.625502 -0.309265 
-0.643703 -0.706707 -0.293618 -0.580062 -0.768879 -0.268987 -0.5116 -0.832069 -0.214307 
-0.472666 -0.85447 -0.215563 -0.430325 -0.878812 -0.206181 -0.348275 -0.926016 -0.145598 
-0.322213 -0.935965 -0.141945 -0.0921503 -0.983308 -0.156888 -0.282683 -0.944981 -0.164628 
0.0720582 -0.994446 -0.0767139 -0.412417 -0.906142 0.0939118 -0.380716 -0.922085 0.0693834 
-0.333956 -0.941108 0.0528043 -0.279957 -0.958913 0.0459357 -0.234532 -0.97107 0.0449227 
-0.206722 -0.977288 0.0466249 -0.198286 -0.978895 0.0494599 -0.201265 -0.978073 0.0535323 
-0.211333 -0.975529 0.0606825 -0.222323 -0.972462 0.0699335 -0.231682 -0.969601 0.0787209 
-0.235691 -0.968163 0.0843265 -0.223218 -0.970939 0.0863173 -0.188506 -0.978676 0.0816016 
-0.131742 -0.989239 0.0636408 -0.0548754 -0.997524 0.0439748 0.0284291 -0.999042 0.0332676 
0.103624 -0.994275 0.0260682 0.152594 -0.988287 -0.00182929 0.157776 -0.987172 -0.0244759 
0.139848 -0.989929 -0.0220028 0.125866 -0.991984 -0.011202 0.122388 -0.992468 0.00535987 
0.131837 -0.991144 0.015879 0.142917 -0.989657 0.0123671 0.138502 -0.990265 -0.0138563 
-0.524559 -0.81803 0.235934 -0.499332 -0.832418 0.240307 -0.474866 -0.853521 0.214486 
-0.450682 -0.86921 0.20337 -0.423295 -0.884544 0.195968 -0.417749 -0.894438 0.159585 
-0.424607 -0.897097 0.122171 -0.760602 -0.59932 0.249599 -0.722169 -0.647298 0.243878 
-0.69843 -0.667803 0.257361 -0.648582 -0.71995 0.247009 -0.614722 -0.749829 0.24469 
-0.595341 -0.763516 0.250225 -0.588347 -0.762738 0.268475 -0.558369 -0.783284 0.273295 
-0.528899 -0.809864 0.253744 0.393879 -0.248349 -0.884976 0.284354 -0.359692 -0.888687 
0.418967 -0.265787 -0.86823 0.398534 -0.277261 -0.874241 0.196037 -0.368832 -0.908588 
0.0261519 -0.400689 -0.915841 -0.0749508 -0.456532 -0.886545 -0.247318 -0.485435 -0.838562 
-0.482797 -0.500474 -0.718632 -0.7058 -0.4765 -0.524207 -0.846856 -0.445704 -0.290144 
-0.977225 -0.153223 0.146815 -0.911393 -0.397352 -0.107116 -0.949238 -0.313361 0.0274351 
-0.970185 -0.215466 0.110977 -0.965417 -0.109819 0.236453 -0.969983 -0.111599 0.216051 
-0.945772 -0.236765 0.222392 -0.928198 -0.314105 0.199465 -0.929398 -0.289395 0.229065 
-0.955367 -0.12996 0.265302 -0.960174 -0.107317 0.25797 -0.942897 -0.216046 0.253515 
-0.955634 -0.145745 0.255971 -0.949048 -0.181324 0.257738 -0.906992 -0.352077 0.2311 
-0.879614 -0.381801 0.283738 -0.871382 -0.40664 0.274477 -0.856357 -0.432569 0.282022 
-0.795563 -0.539077 0.276543 -0.838814 -0.452158 0.303223 -0.817941 -0.487857 0.304907 
-0.817936 -0.210573 -0.535387 -0.834032 -0.244977 -0.494345 -0.837091 -0.265602 -0.478262 
-0.861296 -0.236034 -0.449952 -0.872844 -0.260562 -0.412614 -0.865815 -0.287765 -0.409335 
-0.858001 -0.33906 -0.38584 -0.838438 -0.412626 -0.356035 -0.831426 -0.434761 -0.345997 
-0.776118 -0.505965 -0.376351 -0.746688 -0.571023 -0.34116 -0.717384 -0.625659 -0.30645 
-0.658401 -0.695225 -0.288393 -0.599779 -0.754206 -0.267281 -0.527554 -0.823355 -0.209219 
-0.499848 -0.843494 -0.196646 -0.497055 -0.850367 -0.172663 -0.456178 -0.875244 -0.16078 
0.0196985 -0.991034 -0.132147 -0.135259 -0.970536 -0.199412 -0.317873 -0.922606 -0.218531 
-0.444935 -0.878115 -0.175917 0.0909563 -0.994647 -0.049033 -0.387379 -0.913556 0.123907 
-0.364629 -0.926831 0.089612 -0.327362 -0.94255 0.0665913 -0.282358 -0.957777 0.0541991 
-0.240778 -0.969278 0.0502524 -0.213449 -0.975578 0.051833 -0.202261 -0.977842 0.0539942 
-0.207667 -0.976268 0.0614384 -0.222364 -0.972519 0.0689985 -0.234092 -0.968879 0.0804676 
-0.240909 -0.966447 0.0891288 -0.242076 -0.965722 0.093701 -0.230886 -0.968366 0.0946496 
-0.191079 -0.977187 0.0927081 -0.120927 -0.990162 0.0703933 -0.0335631 -0.998731 0.0375386 
0.0583789 -0.998293 0.00179064 0.130429 -0.991381 -0.0123361 0.136263 -0.9905 -0.0184765 
0.160599 -0.98672 -0.0243088 0.138815 -0.990015 -0.024496 0.111603 -0.993617 -0.0164478 
0.103391 -0.99464 -0.00159839 0.117572 -0.992894 0.0183787 0.141936 -0.989273 0.0345489 
0.161356 -0.986154 0.0382791 0.119607 -0.992815 0.00342362 -0.519029 -0.810451 0.271621 
-0.487382 -0.835784 0.252831 -0.457864 -0.858137 0.232294 -0.432478 -0.87472 0.218695 
-0.405719 -0.886935 0.220768 -0.393985 -0.89879 0.192229 -0.391187 -0.904001 0.172495 
-0.403853 -0.902893 0.147267 -0.744748 -0.609477 0.271825 -0.716405 -0.629845 0.3001 
-0.662856 -0.693687 0.281815 -0.630652 -0.730529 0.261925 -0.606674 -0.749653 0.264513 
-0.602344 -0.74816 0.278278 -0.591252 -0.752457 0.290222 -0.574224 -0.765639 0.289939 
-0.543687 -0.789917 0.283611 0.392273 -0.299797 -0.869623 0.384419 -0.297131 -0.874034 
0.299156 -0.285189 -0.910589 0.1624 -0.360699 -0.918435 0.0754246 -0.443515 -0.893088 
-0.000203244 -0.496484 -0.868046 -0.215562 -0.502921 -0.837021 -0.484836 -0.499409 -0.718001 
-0.630045 -0.544366 -0.553813 -0.8124 -0.478418 -0.33335 -0.966089 -0.136716 0.219045 
-0.96076 -0.186576 0.205257 -0.92539 -0.359251 -0.120799 -0.949723 -0.303798 0.0757105 
-0.949622 -0.270223 0.158739 -0.961957 -0.101408 0.253685 -0.960229 -0.116361 0.253812 
-0.930977 -0.262927 0.253281 -0.906621 -0.336236 0.254918 -0.911478 -0.306273 0.2746 
-0.960433 -0.119401 0.251618 -0.959946 -0.107232 0.258854 -0.94904 -0.194604 0.247896 
-0.939204 -0.231479 0.253599 -0.957695 -0.153338 0.24353 -0.883873 -0.350573 0.309624 
-0.846073 -0.429858 0.31525 -0.851029 -0.398438 0.342049 -0.794252 -0.514857 0.322624 
-0.761631 -0.570652 0.307041 -0.81904 -0.470107 0.328896 -0.883695 -0.199816 -0.423269 
-0.883458 -0.210809 -0.418404 -0.8812 -0.22178 -0.417493 -0.886009 -0.239766 -0.396863 
-0.884119 -0.224823 -0.409619 -0.883794 -0.26846 -0.383194 -0.882847 -0.281391 -0.376033 
-0.881987 -0.302517 -0.361362 -0.881256 -0.309106 -0.357549 -0.857537 -0.330825 -0.393936 
-0.841004 -0.353525 -0.409552 -0.856073 -0.328227 -0.399256 -0.837169 -0.410031 -0.361969 
-0.861568 -0.300547 -0.409111 -0.835037 -0.430187 -0.343006 -0.791763 -0.492494 -0.361332 
-0.770375 -0.5504 -0.321843 -0.740177 -0.606688 -0.289945 -0.675907 -0.68715 -0.26641 
-0.626752 -0.744285 -0.230699 -0.625521 -0.755992 -0.192873 -0.593681 -0.783448 -0.183717 
-0.0313103 -0.995555 -0.0888275 -0.213547 -0.964127 -0.157661 -0.354247 -0.924375 -0.141565 
-0.457292 -0.876189 -0.152239 -0.57111 -0.801479 -0.177384 0.00683892 -0.999847 -0.0161232 
-0.377978 -0.910447 0.167986 -0.363584 -0.919802 0.147549 -0.344198 -0.930136 0.127961 
-0.317943 -0.943453 0.0938566 -0.280498 -0.956895 0.0753199 -0.245391 -0.967273 0.0645429 
-0.221904 -0.973005 0.0634084 -0.210187 -0.975275 0.0682603 -0.220819 -0.972031 0.0799708 
-0.230183 -0.969981 0.0784438 -0.249576 -0.963996 0.0917762 -0.252173 -0.962373 0.101224 
-0.2476 -0.963251 0.10412 -0.223691 -0.968983 0.105041 -0.163093 -0.982362 0.0914634 
-0.116561 -0.989797 0.0819522 -0.0109489 -0.998616 0.051443 0.0781288 -0.996907 0.00847717 
0.154768 -0.987908 -0.00925159 0.170967 -0.985161 -0.0150967 0.138472 -0.990163 -0.0200613 
0.102719 -0.994584 -0.0158433 0.084651 -0.9964 -0.00462412 0.0943194 -0.995441 0.0141474 
0.120915 -0.991964 0.0372465 0.144525 -0.987571 0.0617738 0.130218 -0.990433 0.045666 
0.145486 -0.985854 0.083222 0.0211515 -0.99954 0.0217344 -0.514214 -0.815211 0.266486 
-0.510749 -0.822351 0.250747 -0.462371 -0.851557 0.247113 -0.43161 -0.871444 0.233019 
-0.426998 -0.872034 0.239228 -0.413324 -0.880022 0.233933 -0.389668 -0.89219 0.228378 
-0.37877 -0.89924 0.218861 -0.378422 -0.904055 0.1987 -0.757341 -0.563822 0.329452 
-0.722832 -0.612269 0.320377 -0.690546 -0.656702 0.30313 -0.68289 -0.671455 0.287767 
-0.64821 -0.702754 0.29319 -0.62051 -0.730851 0.284295 -0.596355 -0.748103 0.291037 
-0.617534 -0.728152 0.297398 -0.594231 -0.757721 0.269718 -0.567722 -0.776127 0.274441 
-0.540249 -0.800503 0.259474 0.290306 -0.286189 -0.913137 0.283769 -0.363301 -0.887405 
0.215439 -0.443801 -0.869843 0.17706 -0.480618 -0.858869 0.0160094 -0.512714 -0.85841 
-0.174064 -0.546916 -0.818892 -0.390303 -0.568989 -0.723819 -0.575565 -0.586438 -0.569926 
-0.803865 -0.475325 -0.357586 -0.952659 -0.157383 0.260138 -0.952211 -0.213406 0.218522 
-0.881718 -0.439449 -0.171632 -0.9554 -0.291023 0.0501715 -0.925421 -0.378883 0.00659392 
-0.962766 -0.218081 0.159758 -0.956439 -0.11688 0.267513 -0.934066 -0.244869 0.259922 
-0.921876 -0.27649 0.271473 -0.91111 -0.290189 0.292693 -0.896664 -0.319395 0.306563 
-0.959176 -0.125838 0.253271 -0.958134 -0.114633 0.262371 -0.946579 -0.200902 0.252243 
-0.953206 -0.158787 0.257263 -0.882749 -0.333394 0.331063 -0.865915 -0.363782 0.343299 
-0.818891 -0.448717 0.35787 -0.853363 -0.377602 0.359428 -0.83444 -0.412433 0.365525 
-0.79303 -0.501023 0.346524 -0.781525 -0.53327 0.323794 -0.877034 -0.272419 -0.395726 
-0.880504 -0.275536 -0.385737 -0.877937 -0.311422 -0.363651 -0.878349 -0.321594 -0.353668 
-0.857636 -0.340845 -0.385077 -0.840045 -0.36837 -0.398282 -0.841352 -0.390472 -0.373709 
-0.858128 -0.385301 -0.339351 -0.857372 -0.388948 -0.337095 -0.851406 -0.416182 -0.31922 
-0.802398 -0.496918 -0.330501 -0.723535 -0.626191 -0.290486 -0.71841 -0.663332 -0.20947 
-0.689733 -0.695195 -0.202414 -0.174423 -0.983343 -0.0511252 -0.343618 -0.937304 -0.0582062 
-0.447511 -0.891056 -0.0758523 -0.55025 -0.821712 -0.148374 -0.659698 -0.728591 -0.184265 
-0.148651 -0.988889 0.00131852 -0.357536 -0.910088 0.20954 -0.3431 -0.922932 0.174581 
-0.316974 -0.935764 0.154512 -0.309978 -0.941902 0.129363 -0.271934 -0.955608 0.113427 
-0.24502 -0.9655 0.088178 -0.228365 -0.970404 0.0785193 -0.219651 -0.972025 0.0831949 
-0.228091 -0.969597 0.0886327 -0.246263 -0.964225 0.09811 -0.264439 -0.958382 0.107593 
-0.264432 -0.958004 0.110922 -0.246893 -0.96243 0.113011 -0.204129 -0.973387 0.104163 
-0.163743 -0.981574 0.0984909 -0.0663271 -0.995036 0.0741837 0.0504805 -0.997704 0.0451555 
0.111908 -0.993473 0.0220953 0.177661 -0.984092 0.000417824 0.182379 -0.983202 -0.00721674 
0.141778 -0.989811 -0.0131575 0.0979648 -0.995104 -0.0130466 0.0719515 -0.997383 -0.00709859 
0.0739796 -0.997247 0.00508379 0.097126 -0.994997 0.0233842 0.118012 -0.991993 0.0449696 
0.106447 -0.990942 0.0818686 0.0629686 -0.99581 0.0663131 0.0561593 -0.995079 0.0816365 
-0.0916698 -0.995221 0.033656 -0.567899 -0.781779 0.257512 -0.535623 -0.804611 0.256338 
-0.486882 -0.836898 0.250094 -0.445977 -0.861462 0.242873 -0.454915 -0.856387 0.244242 
-0.423477 -0.873224 0.241139 -0.387981 -0.890131 0.239034 -0.370812 -0.898483 0.235003 
-0.369646 -0.901978 0.223153 -0.750656 -0.575284 0.324906 -0.777909 -0.526121 0.34359 
-0.717357 -0.629632 0.298267 -0.716653 -0.640584 0.27579 -0.680203 -0.677581 0.279658 
-0.647501 -0.706337 0.28606 -0.62273 -0.729637 0.282557 -0.626369 -0.733826 0.262985 
-0.625385 -0.735775 0.259864 0.299498 -0.322024 -0.89811 0.3111 -0.357467 -0.880587 
0.306828 -0.377094 -0.873875 0.308015 -0.423956 -0.851697 0.308889 -0.432819 -0.846909 
0.26261 -0.452771 -0.852077 0.172011 -0.49893 -0.8494 0.0925477 -0.618973 -0.77994 
-0.0455142 -0.621482 -0.782105 -0.253635 -0.651452 -0.715038 -0.593975 -0.622077 -0.510111 
-0.286202 -0.67013 -0.684846 -0.737317 -0.618207 -0.272369 -0.955363 -0.143958 0.257986 
-0.959292 -0.162756 0.230802 -0.820086 -0.566731 -0.0792105 -0.955542 -0.268492 0.121864 
-0.823604 -0.566869 0.0183493 -0.925552 -0.369356 0.0832474 -0.962074 -0.187455 0.198179 
-0.956557 -0.119066 0.266123 -0.926743 -0.249417 0.280959 -0.900908 -0.294123 0.31915 
-0.956172 -0.131436 0.261648 -0.956571 -0.119601 0.265833 -0.940508 -0.19708 0.276775 
-0.949762 -0.155823 0.271426 -0.872299 -0.338657 0.352711 -0.826585 -0.427691 0.365838 
-0.806359 -0.46478 0.365738 -0.845978 -0.387321 0.366475 -0.801504 -0.482561 0.353165 
-0.859168 -0.384559 -0.337557 -0.855938 -0.405254 -0.321153 -0.853424 -0.409193 -0.322845 
-0.81961 -0.459795 -0.341801 -0.807746 -0.482724 -0.338413 -0.813519 -0.470288 -0.342075 
-0.787077 -0.519066 -0.333288 -0.787064 -0.52862 -0.317948 -0.788128 -0.538807 -0.297559 
-0.763121 -0.595065 -0.25208 -0.796551 -0.55418 -0.241644 -0.765975 -0.595751 -0.241582 
-0.765507 -0.595709 -0.243166 -0.764845 -0.598713 -0.237814 -0.738447 -0.639255 -0.21459 
-0.290105 -0.956935 -0.010679 -0.384619 -0.922824 -0.0215495 -0.556985 -0.824783 -0.0974726 
-0.51997 -0.852156 -0.0588301 -0.638121 -0.756529 -0.143057 -0.700296 -0.692548 -0.173097 
-0.359848 -0.900639 0.243635 -0.344386 -0.909159 0.234154 -0.328926 -0.91797 0.221675 
-0.309806 -0.930705 0.194442 -0.283193 -0.945209 0.162425 -0.247773 -0.957747 0.146043 
-0.23804 -0.963371 0.123506 -0.223255 -0.969141 0.104516 -0.222806 -0.969292 0.104069 
-0.232872 -0.967579 0.0977792 -0.252984 -0.961827 0.104345 -0.26786 -0.956925 0.112008 
-0.272231 -0.955211 0.116027 -0.254363 -0.95988 0.118022 -0.202745 -0.973289 0.107717 
-0.127224 -0.988219 0.0850709 -0.0170926 -0.9979 0.0624697 0.0662468 -0.996729 0.046286 
0.143942 -0.989388 0.0197839 0.195338 -0.980732 0.00290903 0.190886 -0.981599 -0.00509062 
0.146203 -0.989209 -0.00952005 0.0971515 -0.995206 -0.01129 0.0659963 -0.997773 -0.00970169 
0.0630156 -0.997998 -0.00533494 0.0826771 -0.996575 0.00159248 0.10269 -0.994646 0.0115682 
0.0907863 -0.995717 0.0174984 0.0215123 -0.995282 0.094606 -0.0303367 -0.99901 0.0325526 
-0.0702252 -0.995722 0.060056 -0.226132 -0.973869 0.0210578 -0.583296 -0.767716 0.265288 
-0.580302 -0.774696 0.25119 -0.546132 -0.802418 0.24055 -0.505668 -0.827011 0.245669 
-0.466412 -0.850108 0.244491 -0.458332 -0.854105 0.245838 -0.413225 -0.875325 0.251099 
-0.386862 -0.886694 0.253204 -0.37234 -0.893708 0.250297 -0.78305 -0.530606 0.324483 
-0.74701 -0.59135 0.303777 -0.807918 -0.48279 0.337909 -0.758768 -0.591522 0.272714 
-0.755089 -0.604569 0.253649 -0.715531 -0.649566 0.257058 -0.686532 -0.678926 0.260256 
-0.657023 -0.706855 0.262064 -0.655659 -0.709418 0.258527 -0.621677 -0.740108 0.256432 
-0.683064 -0.685437 0.252188 0.25101 -0.464666 -0.849164 0.261495 -0.506439 -0.821669 
0.207005 -0.603562 -0.769975 0.182579 -0.706307 -0.683956 0.0014875 -0.710508 -0.703688 
-0.329522 -0.754583 -0.567468 -0.533078 -0.773062 -0.343805 -0.0456887 -0.775486 -0.62971 
-0.6571 -0.747105 -0.100269 -0.957331 -0.128728 0.258739 -0.960591 -0.138923 0.240761 
-0.955298 -0.245172 0.165216 -0.720299 -0.693439 0.0176386 -0.835747 -0.539726 0.101112 
-0.910219 -0.384904 0.152807 -0.961619 -0.168975 0.216188 -0.956724 -0.11703 0.266425 
-0.9217 -0.234607 0.308916 -0.897598 -0.273024 0.346086 -0.9543 -0.131138 0.268542 
-0.956104 -0.120396 0.267152 -0.938477 -0.180774 0.294247 -0.949533 -0.14653 0.277339 
-0.866002 -0.332295 0.373659 -0.824648 -0.437477 0.358566 -0.842284 -0.391384 0.370643 
-0.794045 -0.552798 -0.252798 -0.758212 -0.611059 -0.227424 -0.753011 -0.619434 -0.221981 
-0.749725 -0.62606 -0.214388 -0.267997 -0.963402 -0.00582752 -0.463717 -0.883914 -0.0605189 
-0.637087 -0.764422 -0.0988917 -0.600543 -0.794908 -0.0864275 -0.753807 -0.624811 -0.203436 
-0.749401 -0.63291 -0.194482 -0.719088 -0.679388 -0.146097 -0.688255 -0.716707 -0.112412 
-0.374972 -0.888859 0.263299 -0.355519 -0.896462 0.264503 -0.338386 -0.904543 0.259418 
-0.317293 -0.914641 0.250513 -0.306884 -0.922805 0.232924 -0.273611 -0.936799 0.218047 
-0.239856 -0.953141 0.18437 -0.22877 -0.960712 0.15715 -0.211651 -0.966987 0.141918 
-0.217018 -0.96845 0.122506 -0.23675 -0.964913 0.113545 -0.259827 -0.959431 0.109464 
-0.272317 -0.956019 0.108955 -0.270639 -0.956263 0.110979 -0.239348 -0.965589 0.101734 
-0.203712 -0.973362 0.105205 -0.11999 -0.989136 0.0849251 -0.0196388 -0.998394 0.0531438 
0.0875712 -0.995688 0.0305978 0.162979 -0.986495 0.0163225 0.206233 -0.978503 0.000831156 
0.196456 -0.980489 -0.00675119 0.150097 -0.988618 -0.0102778 0.0985197 -0.99505 -0.0129822 
0.064901 -0.997793 -0.0140039 0.0611399 -0.998027 -0.0142917 0.0823607 -0.99646 -0.0168369 
0.105563 -0.994148 -0.0229174 0.104273 -0.99428 -0.0231353 0.0466407 -0.995081 -0.0873994 
-0.124497 -0.989073 0.0789571 -0.179092 -0.974082 -0.138166 -0.624151 -0.74367 0.239562 
-0.587529 -0.77722 0.225254 -0.555549 -0.796819 0.237582 -0.502897 -0.829683 0.242324 
-0.512535 -0.820816 0.252129 -0.483106 -0.836575 0.258361 -0.439867 -0.858462 0.263743 
-0.402793 -0.876209 0.264603 -0.814298 -0.492506 0.307174 -0.787155 -0.541192 0.295802 
-0.824845 -0.446677 0.346568 -0.796343 -0.543471 0.265475 -0.787525 -0.563377 0.249822 
-0.750551 -0.613539 0.245445 -0.725387 -0.643675 0.24392 -0.686954 -0.685653 0.24078 
-0.659441 -0.712909 0.238532 -0.710664 -0.660869 0.241263 0.260132 -0.551429 -0.792627 
0.254027 -0.606257 -0.753606 0.246504 -0.664106 -0.705832 0.23255 -0.697368 -0.677936 
0.22416 -0.747907 -0.62481 0.140259 -0.7794 -0.610625 -0.211423 -0.874866 -0.435786 
-0.422115 -0.877502 -0.227616 0.00936485 -0.877019 -0.480364 -0.476934 -0.871363 -0.115151 
-0.958364 -0.118719 0.2597 -0.959182 -0.12263 0.254816 -0.958951 -0.141259 0.245885 
-0.916156 -0.340288 0.211809 -0.949026 -0.228607 0.216998 -0.57098 -0.810705 -0.129383 
-0.864459 -0.478825 0.153093 -0.82745 -0.561301 -0.0163464 -0.9501 -0.191846 0.245978 
-0.956969 -0.115712 0.266124 -0.957812 -0.113333 0.264107 -0.922813 -0.213728 0.320526 
-0.898131 -0.264212 0.351501 -0.919899 -0.218618 0.325565 -0.953758 -0.131076 0.27049 
-0.955666 -0.123643 0.267236 -0.956826 -0.118143 0.265568 -0.937989 -0.173032 0.300393 
-0.94665 -0.150076 0.285187 -0.952076 -0.135262 0.274328 -0.898158 -0.276199 0.34209 
-0.87782 -0.324252 0.352551 -0.88389 -0.32998 0.331439 -0.859567 -0.382644 0.338715 
-0.410072 -0.90356 -0.124176 -0.568315 -0.814796 -0.114571 -0.671494 -0.732683 -0.11078 
-0.753122 -0.627633 -0.19719 -0.758149 -0.637261 -0.138233 -0.762373 -0.629289 -0.15094 
-0.739375 -0.663293 -0.115614 -0.394471 -0.875683 0.278517 -0.362937 -0.887022 0.285428 
-0.337274 -0.896851 0.286189 -0.319919 -0.90595 0.277319 -0.293472 -0.918221 0.265977 
-0.259541 -0.932038 0.252871 -0.227504 -0.944665 0.236327 -0.203672 -0.960511 0.189571 
-0.1897 -0.967159 0.169166 -0.205073 -0.967529 0.147761 -0.215409 -0.96782 0.130088 
-0.247819 -0.962168 0.113223 -0.269187 -0.95706 0.107589 -0.267661 -0.95826 0.100477 
-0.235377 -0.967636 0.0909821 -0.173285 -0.981879 0.0767254 -0.076138 -0.995316 0.0595674 
0.00743831 -0.998739 0.0496452 0.101603 -0.994542 0.0237109 0.176793 -0.984209 0.00879331 
0.213825 -0.976869 -0.0022963 0.201284 -0.979516 -0.005827 0.154232 -0.987978 -0.0105687 
0.102084 -0.994658 -0.0152751 0.0673073 -0.997537 -0.0197288 0.0634882 -0.997716 -0.0230637 
0.0898173 -0.995552 -0.0284467 0.122352 -0.991587 -0.0422634 0.12707 -0.989424 -0.069952 
-0.0553269 -0.981728 -0.182068 0.0269361 -0.990561 -0.1344 0.104804 -0.989266 -0.101826 
-0.209823 -0.952592 -0.220323 -0.403313 -0.884019 -0.236322 -0.660425 -0.717655 0.220929 
-0.626925 -0.747468 0.219674 -0.622619 -0.750212 0.222548 -0.599435 -0.75936 0.253081 
-0.556948 -0.789812 0.256916 -0.523401 -0.811644 0.259396 -0.514285 -0.813905 0.270313 
-0.473732 -0.836634 0.274994 -0.444721 -0.852453 0.274857 -0.419232 -0.865268 0.274873 
-0.841988 -0.443201 0.307619 -0.847593 -0.447738 0.284809 -0.815114 -0.509172 0.276285 
-0.865586 -0.39162 0.312081 -0.822285 -0.508073 0.256337 -0.814093 -0.523774 0.250827 
-0.759026 -0.606224 0.237428 -0.782351 -0.573311 0.243396 -0.737517 -0.634737 0.230603 
-0.714552 -0.66178 0.226855 -0.688445 -0.68883 0.22706 0.226124 -0.777119 -0.587327 
0.270567 -0.817532 -0.508365 0.141805 -0.860052 -0.490103 -0.184294 -0.941981 -0.28055 
0.0133577 -0.939362 -0.342666 -0.254398 -0.938583 -0.233117 -0.958167 -0.115102 0.262044 
-0.959198 -0.121378 0.255354 -0.962516 -0.146145 0.228485 -0.938173 -0.272089 0.214006 
-0.323395 -0.893605 -0.311266 -0.720054 -0.651184 -0.239754 -0.945297 -0.314605 0.08624 
-0.933336 -0.347721 -0.0893001 -0.95764 -0.113801 0.264529 -0.959499 -0.108754 0.259873 
-0.934741 -0.183839 0.304076 -0.923544 -0.220849 0.313517 -0.937468 -0.178136 0.299035 
-0.954357 -0.126197 0.270696 -0.955783 -0.119446 0.268722 -0.945032 -0.153614 0.288648 
-0.950326 -0.134507 0.280694 -0.9158 -0.260761 0.305472 -0.90218 -0.314817 0.294891 
-0.56099 -0.808796 -0.176463 -0.666133 -0.732908 -0.138248 -0.734419 -0.668656 -0.116308 
-0.764734 -0.62958 -0.137149 -0.763169 -0.634171 -0.124095 -0.782928 -0.612413 -0.109427 
-0.784389 -0.610581 -0.109204 -0.427146 -0.857745 0.28604 -0.399341 -0.865239 0.303132 
-0.37033 -0.8767 0.307008 -0.345733 -0.887909 0.303457 -0.319635 -0.898301 0.301477 
-0.286546 -0.91127 0.295766 -0.250886 -0.924686 0.286379 -0.20589 -0.940328 0.270909 
-0.181928 -0.954087 0.23795 -0.17413 -0.963091 0.205265 -0.173231 -0.96979 0.171754 
-0.194478 -0.97158 0.134947 -0.230396 -0.966554 0.112651 -0.258291 -0.961409 0.0947502 
-0.251517 -0.964898 0.075578 -0.232496 -0.969401 0.0787927 -0.167397 -0.983884 0.0628563 
-0.0805628 -0.995895 0.041268 0.0268908 -0.999263 0.0273768 0.120083 -0.992611 0.0174458 
0.187514 -0.982248 0.00514 0.220274 -0.975438 -0.00026061 0.206823 -0.978371 0.0038645 
0.160211 -0.987077 -0.00332893 0.109116 -0.993965 -0.011272 0.0749484 -0.996973 -0.0207031 
0.0704783 -0.997031 -0.0310041 0.0963996 -0.994599 -0.0384806 0.139991 -0.988862 -0.0505354 
0.161575 -0.984101 -0.073749 0.133719 -0.98617 -0.0979153 -0.0881811 -0.98226 -0.165497 
0.031652 -0.992334 -0.119463 -0.270991 -0.935719 -0.225819 -0.460243 -0.849999 -0.256277 
-0.594501 -0.767987 -0.238253 -0.687136 -0.691872 0.221715 -0.672947 -0.700591 0.237309 
-0.636085 -0.729215 0.252274 -0.626152 -0.732752 0.266474 -0.585987 -0.759722 0.281854 
-0.549005 -0.792396 0.265899 -0.544453 -0.78571 0.293652 -0.503779 -0.808129 0.305181 
-0.475285 -0.830706 0.289882 -0.455273 -0.844039 0.283416 -0.883226 -0.375336 0.28113 
-0.875165 -0.395473 0.278724 -0.847305 -0.457559 0.269654 -0.849258 -0.458808 0.26126 
-0.822245 -0.49747 0.276474 -0.803447 -0.540702 0.249228 -0.757803 -0.609162 0.233785 
-0.780927 -0.576137 0.241288 -0.732471 -0.641297 0.228527 -0.708243 -0.668933 0.225656 
0.269671 -0.825308 -0.496129 0.19081 -0.894569 -0.404151 0.186262 -0.919751 -0.345492 
-0.0431678 -0.948954 -0.312447 -0.966468 -0.0972813 0.237648 -0.976507 -0.156843 0.147766 
-0.978436 -0.0800049 0.190427 0.0107445 -0.920694 -0.390137 -0.171787 -0.878873 -0.445052 
-0.470764 -0.792515 -0.387687 -0.653595 -0.668307 -0.355217 -0.857048 -0.456395 -0.239107 
-0.985505 -0.164634 0.0409449 -0.984273 -0.172444 -0.0383487 -0.944166 -0.304429 -0.125993 
-0.957283 -0.110542 0.267187 -0.962188 -0.0922733 0.25628 -0.930335 -0.208466 0.301692 
-0.94433 -0.147298 0.294184 -0.936204 -0.171538 0.306753 -0.952364 -0.124511 0.278387 
-0.9537 -0.11752 0.276847 -0.9476 -0.12972 0.291936 -0.91841 -0.258197 0.299762 
-0.90102 -0.321502 0.291204 -0.681801 -0.708833 -0.180837 -0.744456 -0.653873 -0.135041 
-0.787383 -0.606828 -0.108575 -0.79093 -0.602513 -0.106805 -0.457311 -0.838027 0.297621 
-0.434402 -0.845743 0.30986 -0.409813 -0.855782 0.315739 -0.382816 -0.868344 0.315326 
-0.354215 -0.878541 0.320464 -0.322185 -0.890055 0.322487 -0.287988 -0.902456 0.32037 
-0.242806 -0.918447 0.31225 -0.208946 -0.93089 0.299643 -0.16502 -0.945546 0.280555 
-0.14199 -0.962699 0.230327 -0.129927 -0.97151 0.198208 -0.160268 -0.973453 0.163413 
-0.198407 -0.97205 0.125511 -0.228021 -0.969264 0.0923739 -0.234654 -0.969886 0.0652592 
-0.205392 -0.977488 0.0482933 -0.1338 -0.990436 0.0336897 -0.0603894 -0.997643 0.0325709 
0.034899 -0.999216 0.0187063 0.130463 -0.991381 0.0119351 0.196594 -0.980465 0.00633024 
0.225683 -0.974142 0.0107459 0.212019 -0.97695 0.0248355 0.168172 -0.985617 0.0166505 
0.120154 -0.992738 0.00586552 0.0887139 -0.99602 -0.00856748 0.0861018 -0.995943 -0.0261393 
0.110411 -0.992815 -0.0461357 0.144311 -0.987935 -0.0562092 0.186063 -0.979902 -0.0719215 
0.167258 -0.981436 -0.0938541 0.0812745 -0.990308 -0.112622 -0.150545 -0.977217 -0.149607 
-0.0905482 -0.986907 -0.133475 -0.348373 -0.917482 -0.191998 -0.517334 -0.830103 -0.208075 
-0.702001 -0.679918 -0.211912 -0.679657 -0.700799 -0.216672 -0.646357 -0.735003 -0.204922 
-0.677608 -0.684387 0.269189 -0.653178 -0.709582 0.264296 -0.705604 -0.660648 0.256256 
-0.644614 -0.712607 0.276881 -0.626088 -0.718497 0.302945 -0.588308 -0.735395 0.336286 
-0.561106 -0.761972 0.323357 -0.537958 -0.775275 0.330982 -0.510254 -0.778897 0.364638 
-0.478751 -0.81298 0.331452 -0.47663 -0.822847 0.309429 -0.879268 -0.355718 0.316786 
-0.853312 -0.426757 0.299561 -0.834876 -0.457022 0.306779 -0.816412 -0.487748 0.30915 
-0.791376 -0.552939 0.260734 -0.793273 -0.533704 0.293051 -0.763691 -0.595563 0.249159 
-0.738831 -0.628297 0.243661 -0.725208 -0.64761 0.233826 0.267495 -0.835481 -0.480018 
0.27651 -0.872657 -0.402506 0.27299 -0.881954 -0.384231 0.256965 -0.900127 -0.351767 
0.25241 -0.90171 -0.351011 0.240371 -0.87845 -0.412973 -0.972532 -0.0575653 0.225539 
-0.991035 -0.0619936 0.118345 -0.984504 -0.0171009 0.174526 0.0817275 -0.873798 -0.479373 
-0.108109 -0.845685 -0.522617 -0.35644 -0.822006 -0.444135 -0.390958 -0.759044 -0.52058 
-0.840951 -0.482597 -0.244749 -0.645334 -0.630621 -0.431116 -0.850704 -0.460322 -0.253785 
-0.99714 -0.0616188 0.0437708 -0.99243 -0.11897 -0.0304905 -0.969364 -0.215861 -0.117203 
-0.956439 -0.102762 0.273248 -0.963859 -0.0648252 0.258405 -0.921468 -0.21765 0.321753 
-0.938082 -0.145462 0.314393 -0.926451 -0.176848 0.332284 -0.949471 -0.121832 0.289245 
-0.951635 -0.113125 0.285647 -0.942892 -0.12583 0.308418 -0.901901 -0.284103 0.325362 
-0.765695 -0.62098 -0.167616 -0.808569 -0.576979 -0.115375 -0.811264 -0.576087 -0.0998729 
-0.827095 -0.553992 -0.0949001 -0.834791 -0.54237 -0.0946512 -0.461419 -0.827204 0.320665 
-0.443612 -0.837343 0.319476 -0.421692 -0.84898 0.318448 -0.393933 -0.859547 0.325571 
-0.363511 -0.869976 0.333169 -0.329144 -0.882158 0.336839 -0.28741 -0.897768 0.333779 
-0.251987 -0.910975 0.326538 -0.201298 -0.926288 0.318543 -0.140528 -0.942063 0.304579 
-0.11133 -0.954847 0.275449 -0.099264 -0.966108 0.238289 -0.11684 -0.973123 0.198446 
-0.152988 -0.97636 0.152694 -0.187568 -0.976481 0.106319 -0.203128 -0.976923 0.0660309 
-0.187909 -0.981559 0.0350939 -0.138542 -0.990271 0.0130164 -0.0520624 -0.998608 0.00851455 
0.042299 -0.999021 0.0129732 0.133382 -0.990949 0.0151599 0.201237 -0.979418 0.0155961 
0.228706 -0.972979 0.0317102 0.21367 -0.975364 0.0548658 0.175253 -0.983279 0.049492 
0.133551 -0.990253 0.0395378 0.107449 -0.993958 0.0224187 0.107577 -0.994196 -0.00081846 
0.13447 -0.990582 -0.0257905 0.175754 -0.983 -0.0531253 0.19081 -0.978284 -0.0809442 
0.207668 -0.976084 -0.0642972 0.121974 -0.987699 -0.0978411 -0.0369421 -0.992299 -0.118225 
-0.34002 -0.927637 -0.154522 -0.260451 -0.954673 -0.144101 -0.55391 -0.812979 -0.179581 
-0.737246 -0.648897 -0.18815 -0.68198 -0.7079 -0.183796 -0.681447 -0.673133 0.287266 
-0.659534 -0.693319 0.290387 -0.700151 -0.651982 0.291046 -0.719834 -0.63575 0.278677 
-0.60724 -0.709598 0.357393 -0.640038 -0.684944 0.348144 -0.573375 -0.718319 0.394029 
-0.560306 -0.744906 0.362177 -0.542816 -0.760789 0.35574 -0.531944 -0.741389 0.409119 
-0.471555 -0.766853 0.435399 -0.45284 -0.81124 0.3699 -0.464143 -0.816442 0.343502 
-0.474272 -0.81637 0.329553 -0.888584 -0.314273 0.334141 -0.883226 -0.336852 0.326257 
-0.864584 -0.385529 0.322275 -0.856405 -0.409816 0.31404 -0.840393 -0.432492 0.326633 
-0.79936 -0.487137 0.351741 -0.802109 -0.51004 0.310613 -0.758707 -0.582079 0.292484 
-0.772479 -0.543077 0.329156 -0.742926 -0.612504 0.270001 0.291443 -0.87281 -0.391489 
0.302515 -0.853503 -0.424284 0.254461 -0.853453 -0.454827 -0.976307 -0.00980517 0.216166 
-0.993578 0.0126215 0.112441 -0.985027 0.0422875 0.167135 0.203388 -0.843252 -0.497554 
0.154678 -0.781593 -0.604307 -0.149444 -0.755092 -0.638359 -0.387439 -0.717678 -0.578644 
-0.497094 -0.710598 -0.497944 -0.790003 -0.540619 -0.289184 -0.653642 -0.668225 -0.355286 
-0.91178 -0.362283 -0.193413 -0.998902 0.00834527 0.0460899 -0.998803 -0.0459008 -0.0168932 
-0.992099 -0.11812 -0.0422878 -0.955804 -0.282073 -0.0829083 -0.955811 -0.0952443 0.278126 
-0.963711 -0.0592965 0.260279 -0.97168 -0.0150691 0.235821 -0.9078 -0.244936 0.340448 
-0.915731 -0.206869 0.344443 -0.927635 -0.156507 0.339114 -0.933089 -0.1343 0.33363 
-0.920596 -0.175286 0.348966 -0.946402 -0.11659 0.301214 -0.950058 -0.10812 0.292744 
-0.956181 -0.0965433 0.276401 -0.940371 -0.114381 0.320343 -0.902152 -0.269906 0.33656 
-0.829479 -0.539684 -0.143893 -0.798062 -0.575538 -0.178474 -0.858946 -0.502771 -0.0971284 
-0.864634 -0.492155 -0.100953 -0.461529 -0.815596 0.348992 -0.454894 -0.825919 0.33306 
-0.450365 -0.831108 0.326238 -0.428029 -0.843178 0.325334 -0.40861 -0.849689 0.333266 
-0.37048 -0.865169 0.337975 -0.332501 -0.880652 0.337483 -0.297999 -0.894059 0.334448 
-0.254041 -0.909421 0.329268 -0.203674 -0.922042 0.329173 -0.146907 -0.935374 0.321705 
-0.096492 -0.949616 0.298193 -0.0709755 -0.96012 0.270431 -0.0738916 -0.96957 0.233399 
-0.100906 -0.97722 0.186704 -0.137075 -0.981366 0.134655 -0.1597 -0.98357 0.0841813 
-0.156876 -0.986783 0.0405995 -0.123829 -0.992263 0.0089672 -0.0569157 -0.998377 -0.00193227 
0.0349183 -0.999366 0.00696513 0.127132 -0.991624 0.0227883 0.200904 -0.979008 0.0343583 
0.228359 -0.97168 0.0607453 0.210281 -0.973532 0.0895446 0.177947 -0.979904 0.0901325 
0.144961 -0.985701 0.0859024 0.127945 -0.989133 0.0724255 0.133812 -0.989907 0.0466715 
0.159615 -0.987075 0.0143319 0.195522 -0.980569 -0.0159629 0.217877 -0.975241 -0.0378831 
0.196542 -0.978705 -0.0592212 0.110942 -0.991486 -0.0681661 -0.0206835 -0.995595 -0.0914467 
-0.214286 -0.970851 -0.107379 -0.505489 -0.846311 -0.168042 -0.440674 -0.88641 -0.141718 
-0.772692 -0.606956 -0.18588 -0.75457 -0.631667 -0.177819 -0.639424 -0.749447 -0.171658 
-0.677228 -0.660034 0.325142 -0.668895 -0.674727 0.311966 -0.700071 -0.641645 0.313357 
-0.722475 -0.619405 0.307194 -0.593799 -0.699464 0.397684 -0.612384 -0.674636 0.41213 
-0.65124 -0.649277 0.392844 -0.572438 -0.69879 0.428961 -0.531919 -0.709644 0.462025 
-0.500726 -0.729258 0.466322 -0.465442 -0.728585 0.502521 -0.409318 -0.773555 0.483809 
-0.404367 -0.814704 0.415625 -0.42426 -0.820341 0.383463 -0.453232 -0.811518 0.368808 
-0.889899 -0.298349 0.345062 -0.86677 -0.367843 0.336752 -0.822251 -0.420483 0.383532 
-0.791611 -0.463665 0.397952 -0.78112 -0.490342 0.386545 -0.761902 -0.53123 0.37054 
-0.740214 -0.580983 0.338441 -0.726298 -0.601547 0.332616 -0.746287 -0.561952 0.356743 
-0.979513 0.0396494 0.197439 -0.990702 0.0813976 0.10901 -0.983665 0.0919187 0.154773 
0.223031 -0.806421 -0.547669 0.243276 -0.789991 -0.562789 0.135773 -0.680971 -0.719614 
0.278837 -0.702862 -0.654396 0.268007 -0.758456 -0.594068 -0.0398141 -0.747112 -0.663504 
-0.189079 -0.754389 -0.628607 -0.253948 -0.772958 -0.581417 -0.453631 -0.770202 -0.448339 
-0.864605 -0.475383 -0.162691 -0.742587 -0.636589 -0.208131 -0.57587 -0.757871 -0.306603 
-0.997311 0.0501292 0.0534547 -0.999519 0.00555697 0.0305155 -0.993433 -0.11424 -0.00638888 
-0.873798 -0.475394 -0.102361 -0.958947 -0.28103 -0.0379734 -0.9629 -0.0757278 0.259015 
-0.97217 -0.0306181 0.232268 -0.978634 0.0237436 0.204233 -0.905196 -0.242225 0.349209 
-0.905845 -0.201058 0.372854 -0.921435 -0.154819 0.356355 -0.929904 -0.117106 0.34866 
-0.946349 -0.105807 0.305334 -0.95508 -0.085528 0.283738 -0.967804 -0.0542913 0.245782 
-0.946304 -0.0821003 0.31268 -0.84143 -0.515312 -0.16263 -0.878782 -0.464635 -0.108885 
-0.886628 -0.444447 -0.127899 -0.821945 -0.542469 -0.173592 -0.429177 -0.816748 0.385656 
-0.433876 -0.830289 0.349817 -0.451707 -0.82502 0.339562 -0.454866 -0.825237 0.334785 
-0.438266 -0.834477 0.334024 -0.410016 -0.849998 0.330742 -0.380419 -0.86429 0.329065 
-0.34598 -0.878901 0.328375 -0.301932 -0.896506 0.324214 -0.258041 -0.911073 0.321497 
-0.202398 -0.924784 0.322195 -0.136633 -0.939683 0.313571 -0.0883804 -0.948424 0.304436 
-0.0523976 -0.956817 0.28593 -0.0391318 -0.965104 0.258925 -0.0515855 -0.974264 0.219427 
-0.0823779 -0.982488 0.167127 -0.115586 -0.986284 0.11783 -0.105677 -0.991864 0.0709863 
-0.0979607 -0.994992 0.01985 -0.0555095 -0.998458 0.000386021 0.0168032 -0.999838 0.00647738 
0.104143 -0.994039 0.0322736 0.192043 -0.979086 0.0671593 0.231595 -0.967561 0.100945 
0.214368 -0.968579 0.126103 0.176989 -0.975057 0.133932 0.151164 -0.979159 0.135636 
0.143135 -0.980796 0.13248 0.162006 -0.980061 0.115043 0.192599 -0.978137 0.0784518 
0.223878 -0.973911 0.0370946 0.235094 -0.97197 0.00210478 0.21509 -0.976452 -0.0166878 
0.143687 -0.989366 -0.0225786 -0.00409719 -0.999363 -0.0354563 -0.196249 -0.978995 -0.0552664 
-0.408623 -0.909708 -0.0738797 -0.586243 -0.80163 -0.117082 -0.818993 -0.547046 -0.17318 
-0.818804 -0.552283 -0.156664 -0.727687 -0.670946 -0.14249 -0.681876 -0.642586 0.34947 
-0.693899 -0.624982 0.357634 -0.571141 -0.683312 0.454844 -0.605355 -0.65236 0.45604 
-0.634229 -0.632675 0.444383 -0.664802 -0.617807 0.419944 -0.491805 -0.703749 0.512703 
-0.492844 -0.720637 0.487635 -0.533282 -0.674988 0.509904 -0.42829 -0.734035 0.527029 
-0.464374 -0.699558 0.543116 -0.406426 -0.747422 0.525527 -0.376509 -0.781118 0.498092 
-0.357908 -0.81494 0.455823 -0.372262 -0.823793 0.427535 -0.407318 -0.815282 0.411591 
-0.881071 -0.268369 0.389476 -0.851702 -0.343174 0.396024 -0.820727 -0.387977 0.419381 
-0.809319 -0.420017 0.410594 -0.787116 -0.452468 0.41919 -0.760029 -0.511233 0.401244 
-0.740207 -0.553863 0.381221 -0.725781 -0.581929 0.366881 -0.725464 -0.592979 0.349396 
-0.70672 -0.602858 0.370282 -0.982182 0.0827868 0.168718 -0.984679 0.126846 0.119658 
-0.991233 0.103314 0.0823652 -0.982387 0.133489 0.13075 0.193263 -0.653226 -0.732083 
0.260496 -0.658277 -0.706267 0.0368834 -0.721482 -0.691451 -0.115694 -0.779443 -0.615697 
-0.254957 -0.814999 -0.520359 -0.386072 -0.811273 -0.439072 -0.619608 -0.747393 -0.239769 
-0.767187 -0.627718 -0.131891 -0.998556 0.0361386 0.0397582 -0.995036 -0.0986366 0.0131776 
-0.88572 -0.460755 -0.0566036 -0.964053 -0.265684 -0.00372966 -0.97841 0.00160553 0.206668 
-0.983071 0.0616988 0.172524 -0.90905 -0.143145 0.391327 -0.876973 -0.220531 0.426948 
-0.933179 -0.0739575 0.351721 -0.964489 -0.040861 0.260942 -0.976621 -0.00313041 0.214945 
-0.954576 -0.0177115 0.297442 -0.866135 -0.47584 -0.152929 -0.89652 -0.427096 -0.117647 
-0.901795 -0.415004 -0.120569 -0.918404 -0.376719 -0.120903 -0.913025 -0.388094 -0.125572 
-0.377736 -0.820823 0.428445 -0.385723 -0.841598 0.378062 -0.421671 -0.831662 0.361293 
-0.447201 -0.82102 0.354878 -0.45203 -0.821139 0.348425 -0.437607 -0.831992 0.341013 
-0.41499 -0.84743 0.331129 -0.378717 -0.868895 0.31874 -0.341051 -0.885569 0.315361 
-0.299846 -0.903002 0.307702 -0.249111 -0.92244 0.29504 -0.207748 -0.933139 0.293415 
-0.1606 -0.9422 0.294052 -0.0985858 -0.953761 0.28394 -0.04756 -0.958164 0.28224 
-0.0180754 -0.962845 0.26945 -0.012488 -0.970017 0.242717 -0.0295394 -0.979493 0.199299 
-0.0601926 -0.989183 0.133769 -0.0531008 -0.99479 0.0870245 -0.0618202 -0.996975 0.0471016 
-0.0441571 -0.998897 0.0159816 0.000651584 -0.999935 0.0113825 0.0664982 -0.997212 0.0338711 
0.138375 -0.987449 0.0761312 0.20692 -0.969073 0.134465 0.206986 -0.963572 0.169368 
0.174992 -0.967188 0.184189 0.151569 -0.971453 0.182497 0.150337 -0.970172 0.190173 
0.182103 -0.963397 0.196736 0.225405 -0.959908 0.166642 0.272785 -0.953997 0.124409 
0.261564 -0.963654 0.0543584 0.226564 -0.973533 0.0300483 0.160224 -0.986851 0.021277 
0.0271458 -0.999549 0.0128757 -0.17013 -0.985421 -0.000582744 -0.393809 -0.918893 -0.0234572 
-0.605684 -0.793353 -0.0611437 -0.864091 -0.480502 -0.149883 -0.820707 -0.556137 -0.130961 
-0.885295 -0.448386 -0.123303 -0.75203 -0.653523 -0.0857841 -0.6888 -0.610433 0.391059 
-0.567386 -0.656823 0.496646 -0.616945 -0.629155 0.472802 -0.597393 -0.629878 0.496362 
-0.635427 -0.619687 0.460674 -0.657952 -0.599361 0.455923 -0.678845 -0.596589 0.428079 
-0.685787 -0.605353 0.404035 -0.498127 -0.667136 0.553894 -0.555919 -0.627923 0.544671 
-0.439168 -0.704856 0.557054 -0.496079 -0.649573 0.57616 -0.407671 -0.74232 0.531758 
-0.418952 -0.746192 0.517375 -0.385156 -0.760398 0.522924 -0.340113 -0.801817 0.491338 
-0.330804 -0.815858 0.474284 -0.355128 -0.815379 0.457211 -0.85353 -0.292363 0.431289 
-0.837773 -0.336034 0.430369 -0.815544 -0.38306 0.433766 -0.77785 -0.407818 0.478157 
-0.751204 -0.486097 0.446546 -0.730475 -0.542678 0.414617 -0.728607 -0.566618 0.384806 
-0.706472 -0.584299 0.399365 -0.982886 0.122073 0.137963 -0.982772 0.156715 0.0979742 
-0.988489 0.136017 0.0662559 -0.979654 0.172593 0.102423 0.266138 -0.64565 -0.715756 
0.279143 -0.615869 -0.736739 0.10591 -0.708205 -0.698018 0.00459052 -0.764179 -0.644988 
-0.180577 -0.809993 -0.557946 -0.309775 -0.848971 -0.428122 -0.490124 -0.812547 -0.315508 
-0.521699 -0.832725 -0.185468 -0.665558 -0.735002 -0.12963 -0.78825 -0.611739 -0.0666175 
-0.998228 0.0381275 0.0456783 -0.996642 -0.074386 0.0342142 -0.896472 -0.442711 -0.0185802 
-0.970215 -0.241979 0.0113967 -0.983528 0.0440099 0.175319 -0.985073 0.0985849 0.14111 
-0.894464 -0.145788 0.422706 -0.917865 -0.0751715 0.38971 -0.886503 -0.17656 0.427714 
-0.868384 -0.23979 0.434063 -0.941127 -0.00520439 0.338013 -0.973381 0.0315098 0.227018 
-0.983161 0.0425663 0.177717 -0.959881 0.0517038 0.2756 -0.911704 -0.390124 -0.128838 
-0.922068 -0.367886 -0.120211 -0.93371 -0.339374 -0.114064 -0.325344 -0.814099 0.481035 
-0.324749 -0.8409 0.432927 -0.365681 -0.841164 0.398397 -0.410386 -0.826464 0.385409 
-0.438189 -0.816497 0.37593 -0.43506 -0.826693 0.356793 -0.430358 -0.835131 0.342561 
-0.418672 -0.844005 0.335215 -0.384929 -0.864346 0.323629 -0.336316 -0.890155 0.307435 
-0.291216 -0.913699 0.283457 -0.25961 -0.925452 0.275937 -0.206792 -0.943132 0.260268 
-0.155237 -0.951992 0.263843 -0.0983355 -0.961538 0.256467 -0.0525141 -0.963583 0.262203 
-0.0132233 -0.964468 0.263867 0.0113702 -0.967219 0.253691 0.0146062 -0.974126 0.225535 
0.00210983 -0.983648 0.180089 -0.0115969 -0.991225 0.131673 -0.0209993 -0.996081 0.0859127 
-0.0206485 -0.998588 0.0489436 -0.00307746 -0.999533 0.0303923 0.0337588 -0.998672 0.0389275 
0.0840436 -0.993705 0.0740798 0.134301 -0.982628 0.128086 0.175197 -0.965155 0.194374 
0.161313 -0.961519 0.222395 0.148406 -0.961148 0.232747 0.169299 -0.953971 0.247541 
0.208234 -0.941856 0.263716 0.245743 -0.934387 0.257938 0.288022 -0.929298 0.231188 
0.29159 -0.948868 0.120934 0.322544 -0.922069 0.213903 0.235844 -0.967769 0.0883185 
0.172151 -0.981513 0.0836475 0.0613945 -0.995629 0.0703782 -0.126448 -0.990257 0.0583257 
-0.345203 -0.937446 0.0450463 -0.559086 -0.829023 0.0119445 -0.725574 -0.687905 -0.0181099 
-0.840576 -0.537666 -0.0659304 -0.93544 -0.338356 -0.102306 -0.942513 -0.322562 -0.0873093 
-0.904306 -0.419165 -0.0808131 -0.625207 -0.603491 0.494889 -0.672508 -0.5848 0.453588 
-0.655948 -0.58665 0.474946 -0.686104 -0.582366 0.436017 -0.695037 -0.583676 0.419817 
-0.694149 -0.586483 0.417367 -0.686257 -0.597619 0.414611 -0.520133 -0.635847 0.570229 
-0.555392 -0.600527 0.575245 -0.603441 -0.573432 0.554107 -0.492222 -0.659172 0.568515 
-0.45278 -0.704101 0.547021 -0.531784 -0.616638 0.580485 -0.562397 -0.576783 0.592479 
-0.480716 -0.689484 0.541779 -0.435742 -0.716288 0.545033 -0.407928 -0.716389 0.566023 
-0.33282 -0.777217 0.534008 -0.319318 -0.800301 0.507498 -0.858617 -0.271198 0.435004 
-0.833162 -0.297324 0.466304 -0.810369 -0.321729 0.489687 -0.805958 -0.358357 0.471181 
-0.773008 -0.42842 0.467884 -0.78129 -0.445822 0.43684 -0.759542 -0.480065 0.4389 
-0.730424 -0.529961 0.430838 -0.719798 -0.556118 0.41548 -0.982197 0.150448 0.112489 
-0.980364 0.180951 0.0783755 -0.982803 0.172757 0.0652169 -0.99449 0.0913877 0.051358 
-0.977677 0.189933 0.0898526 -0.976498 0.201966 0.0752488 0.252667 -0.638508 -0.726957 
0.262178 -0.655967 -0.707792 0.285893 -0.738388 -0.610777 0.0236493 -0.833762 -0.551618 
-0.122091 -0.901718 -0.414727 -0.320547 -0.906982 -0.27319 -0.347772 -0.921934 -0.170563 
-0.536028 -0.836933 -0.11053 -0.678912 -0.731406 -0.0642098 -0.800561 -0.598724 -0.0251441 
-0.998689 -0.0440599 0.0260727 -0.904104 -0.427312 -0.000489334 -0.973836 -0.226943 0.0118505 
-0.985724 0.085326 0.145148 -0.984746 0.129875 0.115794 -0.907278 -0.101085 0.408202 
-0.927314 -0.00681108 0.374223 -0.883289 -0.183055 0.431614 -0.944304 0.0718839 0.321127 
-0.969634 0.0907785 0.227088 -0.980429 0.0961793 0.171779 -0.957527 0.125116 0.259783 
-0.940375 -0.320956 -0.112618 -0.946137 -0.307354 -0.101778 -0.286723 -0.784105 0.550426 
-0.280048 -0.8128 0.510812 -0.300263 -0.812749 0.499281 -0.344303 -0.828054 0.442473 
-0.401143 -0.814367 0.419393 -0.412202 -0.820029 0.397042 -0.426498 -0.821174 0.379174 
-0.430638 -0.825958 0.363791 -0.40582 -0.845843 0.346209 -0.356552 -0.875006 0.327467 
-0.314452 -0.899848 0.302313 -0.290084 -0.912955 0.286993 -0.237801 -0.936665 0.257119 
-0.195253 -0.95149 0.237787 -0.161371 -0.958507 0.234999 -0.123107 -0.965051 0.231347 
-0.0746332 -0.970871 0.227682 -0.0272019 -0.969461 0.243732 0.0161615 -0.967456 0.252522 
0.040095 -0.969423 0.242098 0.0424185 -0.975669 0.215107 0.033755 -0.983337 0.17863 
0.0217586 -0.990261 0.137516 0.0114304 -0.995149 0.0977088 0.00912654 -0.997516 0.069844 
0.0170503 -0.997947 0.0617411 0.0388713 -0.995905 0.0816245 0.0711867 -0.989485 0.125904 
0.103456 -0.977469 0.183988 0.134416 -0.960555 0.243448 0.154996 -0.946735 0.282259 
0.196084 -0.933982 0.298713 0.233415 -0.924379 0.301729 0.269476 -0.909329 0.317023 
0.286605 -0.903486 0.3187 0.308446 -0.892194 0.329925 0.270272 -0.948559 0.164889 
0.287704 -0.923594 0.253378 0.186457 -0.968405 0.165605 0.080055 -0.983535 0.162022 
-0.0608179 -0.988514 0.13835 -0.264154 -0.955106 0.134143 -0.507858 -0.855592 0.100211 
-0.687056 -0.722697 0.075256 -0.812766 -0.581955 0.0272175 -0.891476 -0.453012 -0.00713853 
-0.951731 -0.293333 -0.0903525 -0.959258 -0.271383 -0.0785821 -0.947101 -0.319531 -0.0299898 
-0.967332 -0.247582 -0.0545196 -0.970747 -0.23776 -0.0334785 -0.66142 -0.558684 0.500395 
-0.68785 -0.567559 0.452482 -0.667502 -0.573296 0.475155 -0.704878 -0.568793 0.423817 
-0.720484 -0.562182 0.406022 -0.708458 -0.570912 0.414906 -0.603671 -0.557876 0.569523 
-0.651227 -0.532383 0.540806 -0.585933 -0.590073 0.555424 -0.519709 -0.651843 0.552271 
-0.594634 -0.56202 0.57493 -0.644832 -0.526605 0.553966 -0.505778 -0.671402 0.541671 
-0.577349 -0.604889 0.548432 -0.577208 -0.602752 0.550927 -0.420283 -0.645032 0.638197 
-0.35597 -0.692371 0.62762 -0.307257 -0.733791 0.605924 -0.547491 -0.60272 0.580501 
-0.859746 -0.170917 0.481274 -0.850729 -0.224749 0.475129 -0.844776 -0.266499 0.464038 
-0.817195 -0.370331 0.441641 -0.75699 -0.498214 0.422787 -0.80073 -0.412523 0.434346 
-0.740697 -0.537794 0.402672 -0.769617 -0.500009 0.397091 -0.980344 0.173628 0.093702 
-0.982154 0.179242 0.0569704 -0.993904 0.102248 0.0412352 -0.974915 0.207364 0.0808798 
-0.973613 0.215669 0.0746015 0.297891 -0.68018 -0.669788 0.381302 -0.705065 -0.597907 
0.238482 -0.812866 -0.53139 0.459294 -0.698001 -0.549404 0.391968 -0.705772 -0.590124 
0.098068 -0.924627 -0.368032 -0.128438 -0.95389 -0.271288 -0.143675 -0.971372 -0.189192 
-0.388673 -0.912427 -0.128104 -0.563435 -0.823056 -0.0715576 -0.696181 -0.717193 -0.0311052 
-0.810879 -0.585185 -0.00585522 -0.99902 -0.0358395 0.0259696 -0.907726 -0.419495 0.00753755 
-0.973789 -0.226753 0.0178433 -0.984952 0.117978 0.126295 -0.981546 0.156926 0.109279 
-0.8985 -0.0475216 0.436394 -0.924839 0.0872169 0.370225 -0.942503 0.13389 0.306205 
-0.970224 0.125954 0.206886 -0.971152 0.147258 0.187559 -0.977345 0.147788 0.151513 
-0.943497 0.177099 0.280087 -0.956795 0.171235 0.234994 -0.239449 -0.720847 0.650418 
-0.230471 -0.7652 0.601126 -0.26166 -0.776628 0.573047 -0.352826 -0.799743 0.485721 
-0.319654 -0.758605 0.56775 -0.371617 -0.799955 0.471139 -0.394182 -0.795592 0.460058 
-0.420829 -0.798783 0.429941 -0.413199 -0.816036 0.404168 -0.368442 -0.852206 0.371478 
-0.342541 -0.873991 0.344681 -0.317307 -0.890701 0.325526 -0.260021 -0.919628 0.294402 
-0.215756 -0.93998 0.264361 -0.189819 -0.952099 0.239742 -0.160152 -0.961813 0.221963 
-0.118295 -0.969545 0.214449 -0.0799671 -0.974346 0.21037 -0.0452305 -0.974973 0.217674 
-0.00970073 -0.973146 0.229983 0.0245621 -0.970527 0.239739 0.0509972 -0.967555 0.247459 
0.0641037 -0.969249 0.237585 0.0665181 -0.973247 0.219924 0.0635481 -0.978954 0.193935 
0.0448514 -0.986776 0.155762 0.0314374 -0.991096 0.129381 0.0223492 -0.993743 0.109437 
0.00887493 -0.993761 0.111175 0.0192676 -0.989073 0.146161 0.0393704 -0.979862 0.195757 
0.070755 -0.964615 0.25399 0.116041 -0.944235 0.308147 0.172112 -0.922014 0.346795 
0.242923 -0.900994 0.359442 0.285831 -0.884452 0.368844 0.292409 -0.872328 0.391843 
0.266393 -0.87862 0.39631 0.270204 -0.886426 0.375818 0.204907 -0.861391 0.464778 
0.19164 -0.940932 0.279144 0.0742284 -0.961972 0.262867 -0.0696577 -0.966356 0.247597 
-0.266867 -0.923615 0.275169 -0.448324 -0.868098 0.213099 -0.617646 -0.761335 0.197187 
-0.787625 -0.601593 0.133165 -0.873871 -0.475894 0.0993733 -0.939179 -0.339845 0.0494811 
-0.975475 -0.218903 0.0230426 -0.97544 -0.217715 0.0334154 -0.695816 -0.514794 0.500827 
-0.712558 -0.53303 0.456223 -0.706463 -0.556274 0.437572 -0.735484 -0.540636 0.408382 
-0.757849 -0.524323 0.388266 -0.69104 -0.500459 0.52154 -0.647749 -0.522279 0.554659 
-0.710396 -0.474281 0.519995 -0.595202 -0.595812 0.539205 -0.673124 -0.523449 0.522403 
-0.643905 -0.543087 0.538928 -0.496433 -0.584312 0.641976 -0.303863 -0.640608 0.705187 
-0.441243 -0.533787 0.721371 -0.577074 -0.518934 0.63063 -0.653872 -0.490291 0.576251 
-0.88747 -0.0488765 0.458267 -0.883809 -0.115178 0.453449 -0.88251 -0.112902 0.456541 
-0.846949 -0.252839 0.467707 -0.853913 -0.310966 0.417292 -0.805389 -0.43578 0.401802 
-0.859633 -0.336431 0.384506 -0.793229 -0.477278 0.378146 -0.836622 -0.407446 0.36613 
-0.976371 0.191368 0.10039 -0.980154 0.186517 0.0671481 -0.992733 0.10554 0.0578094 
-0.97081 0.21783 0.100385 -0.969674 0.220789 0.104806 0.383635 -0.840942 -0.381629 
0.491738 -0.700721 -0.516898 0.410519 -0.875609 -0.254523 0.0900427 -0.962129 -0.257295 
0.185871 -0.944653 -0.270339 -0.246732 -0.944527 -0.216776 -0.460488 -0.880877 -0.109577 
-0.59945 -0.798999 -0.0475432 -0.716169 -0.697781 -0.0143 -0.81949 -0.573037 0.0080851 
-0.998369 -0.0377334 0.0428528 -0.907283 -0.419793 0.0247242 -0.970094 -0.23857 0.0447382 
-0.976388 0.17506 0.126576 -0.906159 0.0590847 0.418789 -0.911969 0.147516 0.38282 
-0.923374 0.192127 0.332367 -0.966426 0.164523 0.197364 -0.965068 0.173384 0.196422 
-0.967109 0.180318 0.179403 -0.938709 0.202459 0.278992 -0.939746 0.208806 0.270698 
-0.950636 0.18585 0.248498 -0.168853 -0.61306 0.771781 -0.166421 -0.682226 0.711949 
-0.205293 -0.710684 0.672892 -0.259412 -0.71373 0.650611 -0.287618 -0.669567 0.684803 
-0.318547 -0.702124 0.636828 -0.360032 -0.760001 0.541087 -0.384787 -0.770702 0.507896 
-0.351591 -0.81688 0.457264 -0.354723 -0.835537 0.419582 -0.346319 -0.851787 0.393093 
-0.29459 -0.879836 0.372969 -0.233328 -0.912162 0.336925 -0.214092 -0.928616 0.303047 
-0.175992 -0.942051 0.2856 -0.140515 -0.960797 0.239006 -0.110538 -0.968302 0.223991 
-0.0905695 -0.972789 0.213256 -0.0560247 -0.975849 0.211141 -0.0258224 -0.976514 0.213903 
0.00913159 -0.974922 0.222361 0.043402 -0.97083 0.235808 0.0646863 -0.96725 0.245446 
0.0782178 -0.965034 0.250181 0.0868493 -0.965169 0.246792 0.0883282 -0.965625 0.244474 
0.0674538 -0.973211 0.219795 0.0553644 -0.977388 0.204075 0.0381366 -0.980976 0.190344 
0.00771636 -0.987082 0.16003 -0.0243268 -0.97912 0.201824 -0.0175796 -0.969817 0.243201 
0.00646042 -0.955213 0.295848 0.0554616 -0.934328 0.352072 0.122456 -0.906552 0.403941 
0.204941 -0.869205 0.44998 0.275627 -0.846905 0.454733 0.277746 -0.835294 0.47449 
0.234816 -0.822605 0.517863 0.131944 -0.905762 0.402724 0.0468006 -0.861086 0.506302 
0.143402 -0.811894 0.565918 0.0254637 -0.812516 0.582383 -0.0219339 -0.916337 0.399807 
-0.177378 -0.899695 0.398855 -0.391056 -0.838194 0.380139 -0.547768 -0.763836 0.341329 
-0.769764 -0.602358 0.211254 -0.863412 -0.436052 0.253729 -0.919258 -0.356664 0.166603 
-0.977501 -0.202596 0.0587041 -0.971895 -0.201887 0.121089 -0.72212 -0.503921 0.473926 
-0.726216 -0.482923 0.489281 -0.739 -0.495329 0.456649 -0.749827 -0.510672 0.420683 
-0.775061 -0.508519 0.375085 -0.768788 -0.506421 0.390515 -0.800487 -0.47288 0.368246 
-0.72184 -0.474144 0.504118 -0.702598 -0.482374 0.523136 -0.746797 -0.436754 0.501538 
-0.760494 -0.432479 0.484367 -0.747133 -0.456859 0.482775 -0.739288 -0.454049 0.497285 
-0.733044 -0.443539 0.515675 -0.289748 -0.497297 0.817766 -0.197918 -0.541635 0.816983 
-0.451974 -0.388835 0.802824 -0.36756 -0.423071 0.828197 -0.554683 -0.440325 0.706003 
-0.63496 -0.451357 0.626979 -0.704264 -0.406851 0.581794 -0.90862 0.0113897 0.417469 
-0.904753 0.0572857 0.422066 -0.887258 -0.12469 0.444102 -0.906808 -0.00146234 0.421542 
-0.892268 -0.204622 0.402477 -0.909813 -0.209017 0.358543 -0.883928 -0.301088 0.357795 
-0.843134 -0.40035 0.358951 -0.969804 0.202343 0.136155 -0.976709 0.18911 0.101378 
-0.990441 0.0938047 0.101126 -0.963738 0.224394 0.144419 -0.962152 0.217434 0.164273 
0.510321 -0.714024 -0.479313 0.560557 -0.755605 -0.338876 0.576593 -0.75923 -0.301845 
0.562394 -0.78611 -0.256405 0.542744 -0.807828 -0.229878 0.333049 -0.908481 -0.252468 
0.567118 -0.797853 -0.204471 -0.0237917 -0.960334 -0.277834 -0.138171 -0.976655 -0.164483 
-0.375632 -0.915109 -0.14655 -0.510744 -0.857183 -0.06617 -0.631546 -0.774814 -0.0285003 
-0.736607 -0.676313 0.00335151 -0.828104 -0.559418 0.0359827 -0.993907 -0.0655144 0.0886388 
-0.90707 -0.415603 0.067074 -0.968171 -0.226338 0.106844 -0.911641 0.133065 0.388851 
-0.912751 0.195804 0.358534 -0.906917 0.240055 0.34623 -0.917607 0.236078 0.319787 
-0.955611 0.180189 0.23311 -0.956463 0.212791 0.199746 -0.949581 0.195642 0.244991 
-0.931467 0.213748 0.294418 -0.931822 0.197949 0.304177 -0.937341 0.190451 0.291755 
-0.0703764 -0.469747 0.879991 -0.0921906 -0.560133 0.823257 -0.148883 -0.621394 0.769223 
-0.205422 -0.616573 0.760026 -0.238331 -0.57329 0.783924 -0.309954 -0.74607 0.589329 
-0.243564 -0.627998 0.739118 -0.318216 -0.765523 0.559208 -0.347406 -0.793098 0.500305 
-0.332913 -0.812123 0.479192 -0.26011 -0.838785 0.478312 -0.230425 -0.877866 0.419829 
-0.190497 -0.910122 0.367952 -0.155898 -0.919133 0.361788 -0.128334 -0.93974 0.31689 
-0.104085 -0.956916 0.271067 -0.0703855 -0.963585 0.257973 -0.0496259 -0.966844 0.250501 
-0.0362251 -0.970716 0.237485 -0.00480658 -0.970932 0.239307 0.0372426 -0.96745 0.250307 
0.0682126 -0.958999 0.275079 0.0851534 -0.953113 0.290386 0.0937982 -0.948941 0.301185 
0.0840608 -0.953811 0.288406 0.0743965 -0.95292 0.293952 0.0670242 -0.952841 0.295976 
0.0409494 -0.952744 0.301001 -0.0079311 -0.965349 0.260842 -0.0623185 -0.942349 0.328779 
-0.0627545 -0.937948 0.341051 -0.0581346 -0.923483 0.379209 -0.0102378 -0.90151 0.432638 
0.0547458 -0.87545 0.480197 0.132472 -0.836902 0.531081 0.204892 -0.801463 0.561851 
0.224344 -0.805227 0.548889 0.238764 -0.774472 0.58582 0.174893 -0.720414 0.67113 
-0.160159 -0.845487 0.509413 0.0574973 -0.716436 0.69528 -0.101673 -0.767881 0.632473 
-0.0574356 -0.632039 0.772805 -0.386396 -0.770936 0.506316 -0.544802 -0.609343 0.5761 
-0.713632 -0.602569 0.357268 -0.858335 -0.353214 0.372158 -0.884806 -0.30919 0.348597 
-0.840322 -0.248919 0.481558 -0.944659 -0.204357 0.256627 -0.977501 -0.171548 0.122733 
-0.973236 -0.160429 0.164545 -0.954935 -0.146844 0.257946 -0.755121 -0.46675 0.460366 
-0.757527 -0.486122 0.435703 -0.781199 -0.478423 0.401048 -0.807936 -0.460612 0.367526 
-0.780353 -0.408231 0.473706 -0.776028 -0.412933 0.476726 -0.793282 -0.412839 0.447513 
-0.767528 -0.44326 0.463056 -0.774105 -0.413992 0.478927 -0.772954 -0.376636 0.510576 
-0.168065 -0.339156 0.925596 -0.517303 -0.335055 0.787487 -0.358656 -0.227817 0.905243 
-0.62474 -0.3595 0.693152 -0.719832 -0.33585 0.607492 -0.90111 0.17314 0.397521 
-0.913557 0.10479 0.392979 -0.925642 -0.0803746 0.369765 -0.929639 0.0363714 0.366673 
-0.934785 -0.0639884 0.349402 -0.913935 -0.172137 0.367548 -0.871347 -0.309122 0.381049 
-0.838125 -0.398367 0.372626 -0.970363 0.185097 0.155355 -0.976738 0.115837 0.180459 
-0.98632 -0.0227257 0.163271 -0.954132 0.225274 0.19719 -0.951285 0.211239 0.224576 
-0.957359 0.170466 0.233247 0.585304 -0.775968 -0.235144 0.589314 -0.777469 -0.219661 
0.44399 -0.888544 -0.115596 0.166283 -0.974865 -0.148281 0.637978 -0.744855 -0.195382 
0.652779 -0.737522 -0.173036 0.633755 -0.764855 -0.11555 0.14178 -0.987614 -0.0672108 
-0.170752 -0.980374 -0.0985435 -0.353408 -0.93309 -0.0666757 -0.369331 -0.92886 -0.0285249 
-0.53879 -0.84183 -0.0320501 -0.659724 -0.751469 -0.00763103 -0.760806 -0.648153 0.0327425 
-0.842783 -0.531226 0.0866975 -0.913198 -0.384888 0.133904 -0.964686 -0.194597 0.177521 
-0.902562 0.226352 0.366261 -0.902009 0.255125 0.34827 -0.901614 0.255007 0.349375 
-0.912995 0.226371 0.339407 -0.942128 0.213641 0.258365 -0.941975 0.220757 0.252883 
-0.929907 0.210559 0.301559 -0.917309 0.201369 0.343504 -0.915724 0.206048 0.344955 
0.0899026 -0.283701 0.954689 0.066038 -0.354576 0.932692 -0.0114625 -0.417582 0.908567 
-0.04627 -0.444851 0.894409 -0.119249 -0.508057 0.853029 -0.169019 -0.498577 0.850208 
-0.148212 -0.399538 0.904656 -0.163166 -0.45474 0.87555 -0.288601 -0.677357 0.676681 
-0.175578 -0.476727 0.861338 -0.248305 -0.535494 0.807212 -0.324307 -0.727006 0.605216 
-0.259658 -0.759915 0.595909 -0.227897 -0.781863 0.580304 -0.22942 -0.8178 0.527798 
-0.18993 -0.851734 0.488339 -0.149294 -0.88088 0.449179 -0.110332 -0.887164 0.448071 
-0.0735395 -0.927124 0.367469 -0.0430817 -0.930652 0.363361 -0.0428612 -0.941757 0.333553 
-0.0385524 -0.948701 0.313816 -0.0188008 -0.953435 0.301011 0.0124689 -0.953472 0.301223 
0.046514 -0.947751 0.315602 0.0680746 -0.939002 0.337106 0.0785615 -0.930127 0.358737 
0.0807889 -0.925041 0.371176 0.0691145 -0.913165 0.401687 0.0425802 -0.901338 0.431019 
0.00101217 -0.912937 0.4081 -0.0448799 -0.906775 0.41922 -0.0906966 -0.859776 0.502553 
-0.0907746 -0.867816 0.488523 -0.0795149 -0.824059 0.560896 -0.0148577 -0.805519 0.592383 
0.0620947 -0.774153 0.629946 0.133507 -0.708857 0.692603 0.193876 -0.740644 0.643318 
0.182296 -0.709528 0.680689 0.145915 -0.656345 0.740216 0.0342973 -0.58808 0.808075 
-0.310538 -0.727215 0.612147 -0.209857 -0.619474 0.756447 -0.153877 -0.472993 0.867525 
-0.252626 -0.445593 0.858852 -0.513795 -0.569425 0.641693 -0.727011 -0.418994 0.543966 
-0.719837 -0.31055 0.620801 -0.886075 -0.158567 0.435578 -0.89652 -0.174587 0.40715 
-0.844429 -0.134057 0.518622 -0.806956 -0.119717 0.578351 -0.777377 -0.154068 0.609876 
-0.918561 -0.161889 0.360607 -0.780835 -0.452418 0.43083 -0.814876 -0.44092 0.376253 
-0.806425 -0.44257 0.392187 -0.800965 -0.385351 0.458214 -0.810109 -0.418029 0.411066 
-0.81362 -0.387626 0.433323 -0.80519 -0.360264 0.47104 -0.742709 -0.33991 0.576927 
-0.760546 -0.355461 0.543339 0.0356255 -0.0837202 0.995852 -0.137155 -0.0811874 0.987217 
-0.517752 -0.210556 0.829216 -0.242207 0.0974103 0.965322 -0.392389 -0.0537313 0.918229 
-0.633421 -0.268969 0.725557 -0.681132 -0.299958 0.667896 -0.906342 0.185739 0.379532 
-0.893318 0.241327 0.379135 -0.923879 0.140918 0.355795 -0.934955 0.0569051 0.350172 
-0.935644 -0.0260703 0.351982 -0.905753 -0.197289 0.375086 -0.929763 -0.0859524 0.357986 
-0.900902 -0.247048 0.356851 -0.872175 -0.327716 0.363199 -0.868306 -0.3479 0.353567 
-0.840738 -0.401692 0.363048 -0.96837 0.0613958 0.241848 -0.963731 -0.0839134 0.25334 
-0.9419 0.200875 0.26921 -0.954486 0.141769 0.262407 -0.96278 0.0380877 0.26759 
0.42726 -0.901252 -0.072061 0.681577 -0.721863 -0.119861 0.6932 -0.713151 -0.104349 
0.633209 -0.770381 -0.0745642 0.161735 -0.985911 -0.0426708 -0.11532 -0.992807 -0.0321908 
-0.131041 -0.991053 -0.0253618 -0.381545 -0.923954 -0.027077 -0.559986 -0.828288 -0.0188381 
-0.691095 -0.722649 0.0129135 -0.798807 -0.59807 0.0649527 -0.887257 -0.435743 0.15134 
-0.93039 -0.288954 0.225567 -0.890643 0.260851 0.372441 -0.895666 0.246449 0.370195 
-0.900058 0.221634 0.375198 -0.9315 0.218216 0.291015 -0.929455 0.223813 0.293293 
-0.91619 0.215628 0.337787 -0.917016 0.227877 0.327344 -0.901697 0.207776 0.379171 
-0.899518 0.213743 0.381027 -0.902477 0.227343 0.365855 0.218563 -0.235173 0.947061 
0.286775 -0.038675 0.957217 0.17186 -0.20278 0.964025 0.0750603 -0.255554 0.963877 
0.0143868 -0.294366 0.955585 -0.0618947 -0.362882 0.929777 -0.0988167 -0.364603 0.925905 
-0.0667542 -0.22793 0.971387 -0.093861 -0.256598 0.96195 -0.11032 -0.274268 0.955304 
-0.247379 -0.604122 0.757523 -0.184749 -0.359568 0.914647 -0.20465 -0.38687 0.899139 
-0.205413 -0.680435 0.70343 -0.215454 -0.735111 0.6428 -0.189993 -0.754044 0.628745 
-0.126593 -0.798997 0.587859 -0.0656693 -0.801455 0.594439 -0.0547896 -0.843759 0.533918 
-0.0278614 -0.867497 0.496662 -0.0297671 -0.879562 0.474853 -0.0285909 -0.893836 0.447481 
-0.01894 -0.906195 0.422436 0.00257062 -0.91473 0.404058 0.0286662 -0.916849 0.398204 
0.0476929 -0.911895 0.407643 0.0566926 -0.901311 0.429447 0.0584827 -0.888483 0.455167 
0.0518725 -0.871677 0.487328 0.0149708 -0.850313 0.526065 -0.0424041 -0.827126 0.560415 
-0.116216 -0.749841 0.651331 -0.117879 -0.741131 0.660931 -0.109214 -0.684943 0.720365 
-0.0881346 -0.684541 0.723627 -0.0116174 -0.65494 0.755592 0.0673359 -0.617301 0.78384 
0.0744512 -0.587097 0.806085 0.156756 -0.609669 0.777002 0.093079 -0.512444 0.853661 
0.13237 -0.553711 0.822121 0.065566 -0.49815 0.864609 -0.0445064 -0.42792 0.90272 
-0.399732 -0.514149 0.758858 -0.203075 -0.355683 0.912278 -0.3868 -0.282077 0.877962 
-0.464989 -0.318224 0.826147 -0.583088 -0.384537 0.715639 -0.662714 -0.220601 0.715643 
-0.780108 -0.116949 0.614617 -0.721978 -0.109728 0.683159 -0.682169 -0.107734 0.723214 
-0.833802 -0.412405 0.367009 -0.818646 -0.433939 0.376187 -0.811448 -0.435502 0.38973 
-0.809717 -0.431273 0.397947 -0.801045 -0.428345 0.418148 -0.805604 -0.410687 0.427011 
-0.789959 -0.409767 0.456131 -0.796374 -0.388094 0.463866 -0.778565 -0.372415 0.505118 
-0.690499 -0.313111 0.652053 -0.715509 -0.321824 0.620061 -0.735675 -0.375655 0.563618 
-0.764384 -0.402213 0.503927 0.160449 0.117667 0.980005 0.139499 0.149964 0.978801 
0.00944554 0.140409 0.990049 -0.388611 -0.0514057 0.919967 -0.441237 -0.111925 0.890384 
-0.518694 -0.207647 0.829361 -0.210028 0.279866 0.936783 -0.307941 0.0808128 0.947967 
-0.0441448 0.373805 0.926456 -0.583117 -0.252841 0.77204 -0.908349 0.213175 0.359804 
-0.899011 0.244698 0.363182 -0.89112 0.25151 0.377687 -0.927186 0.142208 0.346558 
-0.912112 0.206522 0.354119 -0.935704 0.0843156 0.342562 -0.937778 0.0191709 0.346706 
-0.927736 -0.151732 0.341005 -0.936202 -0.0490581 0.348022 -0.903403 -0.258056 0.342447 
-0.862141 -0.355884 0.360637 -0.956587 -0.184101 0.225937 -0.934792 0.206525 0.288982 
-0.953031 0.133904 0.271666 -0.971959 -0.00659734 0.23506 0.425614 -0.903173 -0.0559573 
0.695636 -0.713971 -0.0795996 0.703754 -0.707243 -0.0673648 0.646428 -0.760902 -0.0562026 
0.146034 -0.988273 -0.0446262 -0.151973 -0.987541 -0.0408406 -0.408221 -0.912173 -0.0360112 
-0.590761 -0.806771 -0.011084 -0.727767 -0.685247 0.0281315 -0.8399 -0.537345 0.0763371 
-0.92973 -0.344766 0.129379 -0.888285 0.244472 0.388823 -0.890366 0.219867 0.398632 
-0.918312 0.237475 0.316717 -0.90009 0.257205 0.351686 -0.889219 0.216309 0.403112 
-0.892274 0.226709 0.390448 -0.88791 0.253845 0.383639 0.320618 -0.0552738 0.945594 
0.321132 0.0528734 0.945557 0.345028 0.0152503 0.938469 0.218747 0.0875595 0.971845 
0.228926 -0.0701323 0.970914 0.137993 -0.135032 0.981185 0.0472551 -0.146695 0.988052 
-0.0294919 -0.208243 0.977632 -0.0296394 -0.0670779 0.997307 -0.00234734 -0.0591065 0.998249 
-0.0455363 -0.0816705 0.995619 -0.0730049 -0.0731582 0.994645 -0.123689 -0.170706 0.977528 
-0.172199 -0.422714 0.889753 -0.171686 -0.502853 0.84715 -0.120162 -0.21656 0.968846 
-0.176017 -0.630007 0.756379 -0.117702 -0.654868 0.746521 -0.0518987 -0.673831 0.737061 
-0.0362228 -0.713068 0.700158 -0.0204003 -0.744044 0.667819 -0.0111968 -0.764488 0.644541 
-0.00976345 -0.784327 0.62027 -0.00279358 -0.80783 0.589409 0.010667 -0.829596 0.558262 
0.0299294 -0.846505 0.531538 0.0405788 -0.855735 0.51582 0.0373057 -0.850929 0.523954 
0.0344357 -0.834262 0.550292 0.0253009 -0.811837 0.583336 -0.00269094 -0.785336 0.619064 
-0.0622742 -0.753389 0.654619 -0.128927 -0.691265 0.711006 -0.191643 -0.586701 0.786801 
-0.157868 -0.547331 0.821892 -0.135559 -0.542582 0.828992 -0.0967295 -0.495139 0.863412 
-0.0134633 -0.458096 0.888801 0.0481174 -0.439566 0.896921 0.120983 -0.423215 0.897916 
0.0572212 -0.269548 0.961285 0.0925621 -0.367972 0.925218 0.0153085 -0.319852 0.947344 
-0.118817 -0.241108 0.963198 -0.29071 -0.216604 0.931971 -0.428811 -0.166448 0.887928 
-0.384128 -0.166388 0.908163 -0.50273 -0.158585 0.849773 -0.549267 -0.172315 0.817688 
-0.648485 -0.108846 0.753405 -0.826239 -0.413149 0.382933 -0.802929 -0.431442 0.411293 
-0.786414 -0.424299 0.448913 -0.62592 -0.271689 0.731033 -0.683806 -0.33457 0.648438 
-0.684831 -0.341827 0.643553 -0.752097 -0.381905 0.53712 -0.781158 -0.405055 0.475103 
0.0898038 0.254224 0.962967 -0.010323 0.378363 0.9256 -0.224375 0.0742926 0.971667 
-0.290587 -0.0162377 0.956711 -0.383447 -0.129135 0.91449 -0.432959 -0.169188 0.885394 
-0.0515904 0.368983 0.928003 -0.170569 0.207234 0.963307 -0.0270466 0.390818 0.92007 
-0.0258815 0.394902 0.918359 -0.00994571 0.41546 0.909557 -0.506887 -0.182708 0.842427 
-0.89731 0.242202 0.369015 -0.893562 0.237538 0.38095 -0.889263 0.227858 0.396601 
-0.922222 0.163264 0.350502 -0.911546 0.202661 0.357788 -0.898146 0.221691 0.379719 
-0.930484 0.105511 0.350808 -0.933353 0.0462335 0.355971 -0.916013 -0.148132 0.372795 
-0.926725 -0.0246083 0.374934 -0.875028 -0.28098 0.394178 -0.841841 -0.367327 0.395442 
-0.973491 -0.137208 0.183002 -0.934547 0.202589 0.29254 -0.947428 0.15766 0.27843 
-0.971928 0.0456284 0.230812 0.425992 -0.902098 -0.0689213 0.708934 -0.702879 -0.0580923 
0.704263 -0.707502 -0.0587724 0.65115 -0.75453 -0.0817835 0.136602 -0.987861 -0.0739702 
-0.20259 -0.976801 -0.0694018 -0.446957 -0.893775 -0.0373632 -0.62613 -0.779718 0.000493366 
-0.760774 -0.647451 0.0450581 -0.866814 -0.490928 0.0873099 -0.945339 -0.299668 0.128585 
-0.884048 0.213131 0.415973 -0.909362 0.250884 0.33184 -0.92334 0.219655 0.314952 
-0.884602 0.280302 0.372707 -0.898157 0.270215 0.34684 -0.876391 0.223209 0.426752 
-0.880254 0.242139 0.408071 -0.871068 0.285797 0.39945 0.352158 -0.013737 0.93584 
0.344548 -0.0191532 0.938573 0.278082 -0.0292559 0.960112 0.244732 -0.0371261 0.96888 
0.199814 -0.059589 0.97802 0.147451 -0.03995 0.988262 0.128643 -0.0356524 0.99105 
0.0564312 -0.0203518 0.998199 0.00271297 0.0358774 0.999353 -0.00402141 0.0596373 0.998212 
0.0112327 0.0166157 0.999799 0.0284404 0.00214613 0.999593 0.0587602 -0.00775509 0.998242 
-0.0057192 0.0680534 0.997665 -0.0126323 0.0978067 0.995125 -0.0141174 0.0997925 0.994908 
-0.0431939 0.0643076 0.996995 -0.0468744 -0.015659 0.998778 -0.141944 -0.312843 0.939139 
-0.113685 -0.320212 0.9405 -0.104571 -0.456343 0.883638 -0.0787065 -0.0208789 0.996679 
-0.0791436 -0.107611 0.991038 -0.0317948 -0.510026 0.859571 -0.0249934 -0.498838 0.866335 
-0.0224813 -0.533892 0.845254 -0.00815431 -0.564768 0.82521 0.00260266 -0.592122 0.805844 
0.0116313 -0.617494 0.78649 0.0241674 -0.64955 0.759935 0.0390611 -0.689462 0.723268 
0.0489373 -0.725585 0.68639 0.0590068 -0.757424 0.650251 0.0349764 -0.771747 0.634967 
0.0147409 -0.754075 0.656623 0.000767144 -0.727607 0.685994 -0.0290279 -0.689508 0.723696 
-0.0661779 -0.654051 0.75355 -0.144646 -0.596134 0.789748 -0.205441 -0.499709 0.841478 
-0.258667 -0.392077 0.882818 -0.251622 -0.369189 0.894643 -0.185463 -0.340833 0.921649 
-0.107921 -0.274145 0.955614 -0.0258076 -0.24809 0.968393 0.0970118 -0.214114 0.971979 
0.0525692 -0.0359479 0.99797 -0.0304547 -0.0432322 0.998601 0.0733089 -0.183081 0.980361 
-0.00444407 -0.155247 0.987866 -0.126084 -0.157484 0.979439 -0.0430286 -0.137007 0.989635 
-0.199326 -0.164383 0.966047 -0.288048 -0.161716 0.943862 -0.5596 -0.125461 0.819212 
-0.817232 -0.407665 0.407358 -0.799023 -0.415714 0.434447 -0.55029 -0.198679 0.810992 
-0.613784 -0.260859 0.745132 -0.721045 -0.354438 0.595373 -0.671626 -0.315249 0.670475 
-0.74328 -0.377401 0.552361 -0.764413 -0.397099 0.507923 -0.772306 -0.398279 0.494891 
-0.785439 -0.407215 0.466113 -0.0536342 0.249198 0.966966 -0.124252 0.144886 0.981616 
-0.159688 0.0467434 0.98606 -0.262211 -0.0531963 0.963543 -0.360992 -0.0804405 0.929093 
-0.00235935 0.394842 0.918746 0.00964289 0.344452 0.938754 -0.445337 -0.107759 0.888855 
-0.889293 0.221448 0.400148 -0.885275 0.207287 0.416317 -0.919531 0.157602 0.360034 
-0.909061 0.190552 0.370537 -0.897679 0.193036 0.396117 -0.887982 0.205271 0.411523 
-0.921725 0.122154 0.368104 -0.921275 0.0667009 0.383149 -0.898053 -0.185153 0.399024 
-0.917066 -0.0858584 0.389382 -0.92043 0.00106746 0.390906 -0.892176 -0.233658 0.386556 
-0.867394 -0.307921 0.390911 -0.861578 -0.327347 0.387979 -0.83753 -0.374409 0.397946 
-0.977222 -0.113855 0.179091 -0.946719 0.154699 0.282473 -0.957588 0.0876407 0.274489 
-0.970874 -0.0523893 0.233795 0.443826 -0.892339 -0.0821567 0.709787 -0.700393 -0.0751839 
0.712045 -0.696378 -0.0897246 0.605985 -0.79178 -0.0765971 0.354179 -0.930812 -0.0902611 
0.0201599 -0.995881 -0.0884006 -0.245578 -0.967209 -0.0647909 -0.488038 -0.872286 -0.0305916 
-0.666438 -0.745259 0.0212157 -0.788634 -0.609374 0.0819714 -0.882444 -0.453466 0.125148 
-0.952724 -0.251338 0.170723 -0.87712 0.205972 0.433862 -0.918083 0.227398 0.324676 
-0.933711 0.150059 0.325062 -0.879184 0.297283 0.372368 -0.884695 0.294333 0.361501 
-0.91223 0.230472 0.338701 -0.867197 0.225114 0.444176 -0.860765 0.261261 0.436837 
-0.844887 0.312363 0.434276 -0.858785 0.31963 0.400407 0.0842442 -0.015852 0.996319 
0.0642869 -0.0104461 0.997877 -0.0159 0.103208 0.994533 -0.0233269 0.123646 0.992052 
-0.0150536 0.117779 0.992926 -0.00275463 0.106626 0.994295 -0.0197983 0.10131 0.994658 
-0.0720565 -0.235524 0.969194 -0.00437945 -0.283058 0.959093 -0.0237207 0.101844 0.994518 
-0.0441761 0.112449 0.992675 -0.0418674 0.112734 0.992743 -0.0201274 0.0990051 0.994883 
0.00190267 -0.021081 0.999776 0.0130422 -0.346352 0.938014 0.00188957 -0.321666 0.946851 
0.0156388 -0.353299 0.93538 0.0224982 -0.386421 0.922048 0.0325973 -0.415867 0.908841 
0.0521144 -0.452458 0.890262 0.0810943 -0.506332 0.858517 0.0990336 -0.574411 0.812554 
0.083342 -0.611058 0.787186 0.0563556 -0.671495 0.738863 0.0213926 -0.653868 0.756307 
-0.0151314 -0.614993 0.788387 -0.0541842 -0.583161 0.810548 -0.112736 -0.505681 0.855323 
-0.144733 -0.482885 0.86364 -0.218175 -0.376162 0.900501 -0.263012 -0.273368 0.925254 
-0.30374 -0.196495 0.932272 -0.288565 -0.150382 0.945577 -0.215194 -0.102256 0.971203 
-0.127571 -0.0552175 0.990291 0.0846135 -0.0179735 0.996252 0.0809777 -0.0130877 0.99663 
0.0142164 0.0557812 0.998342 0.0503769 0.0385817 0.997985 -0.0340582 0.0776697 0.996397 
-0.0955566 0.0789233 0.99229 -0.140512 0.0874261 0.986211 0.0835031 -0.0210215 0.996286 
0.0701654 -0.0742191 0.994771 0.0178254 -0.109975 0.993775 -0.00951517 -0.123794 0.992262 
-0.826002 -0.385743 0.411003 -0.810671 -0.408096 0.419845 -0.80176 -0.40647 0.438137 
-0.525214 -0.182286 0.831217 -0.547314 -0.206932 0.810942 -0.608796 -0.26513 0.747712 
-0.705937 -0.354308 0.613285 -0.679774 -0.301468 0.668599 -0.744859 -0.348915 0.568722 
-0.762989 -0.382442 0.52114 -0.786459 -0.387124 0.481266 -0.811844 -0.384834 0.439103 
0.0140307 0.287676 0.957625 0.00696472 0.26867 0.963207 0.0240212 0.259571 0.965425 
-0.0202248 0.176726 0.984052 -0.0794102 0.1035 0.991454 -0.209823 0.0592766 0.975941 
-0.325266 0.0123519 0.945542 -0.388428 -0.0409487 0.920569 -0.460707 -0.122902 0.879002 
-0.88015 0.194066 0.433215 -0.912686 0.165441 0.373676 -0.901882 0.178661 0.393306 
-0.893072 0.177134 0.413576 -0.886345 0.179504 0.426815 -0.916022 0.118826 0.383123 
-0.90745 0.151454 0.391913 -0.915406 0.0650765 0.397236 -0.909134 0.115545 0.400157 
-0.913754 -0.14999 0.377567 -0.918442 -0.0616632 0.390721 -0.915609 0.0265827 0.401191 
-0.892501 -0.244961 0.378729 -0.854115 -0.329126 0.402696 -0.946427 0.0370159 0.32079 
-0.939802 -0.226452 0.255912 -0.935161 -0.127145 0.330617 0.710502 -0.697942 -0.0897943 
0.627705 -0.768303 -0.125288 0.379265 -0.91312 -0.149565 0.0451462 -0.992893 -0.11012 
-0.284681 -0.95453 -0.0884838 -0.554766 -0.831641 -0.0246706 -0.720372 -0.691517 0.0535546 
-0.83272 -0.532757 0.150821 -0.89038 -0.403281 0.211159 -0.869114 0.207646 0.448915 
-0.93879 0.122911 0.321818 -0.944445 -0.0333115 0.326977 -0.880308 0.295661 0.371002 
-0.899592 0.245991 0.360863 -0.936231 0.127622 0.32739 -0.859547 0.242245 0.449997 
-0.844813 0.287645 0.451167 -0.830235 0.327681 0.450926 -0.83168 0.343531 0.436228 
-0.856859 0.310184 0.4118 0.0366025 -0.148976 0.988163 -0.0243427 0.108542 0.993794 
-0.0183479 0.108284 0.993951 -0.017045 0.106412 0.994176 0.0156674 0.0935475 0.995492 
0.0368018 0.0788661 0.996206 0.0674667 0.0579023 0.99604 0.0616789 -0.14359 0.987713 
0.0573673 -0.178722 0.982226 0.0619615 -0.208751 0.976004 0.0786418 -0.245415 0.966223 
0.119328 -0.297769 0.947151 0.180258 -0.391113 0.902517 0.147173 -0.485149 0.861957 
0.0931764 -0.460031 0.883 0.0608124 -0.46124 0.885189 0.0400535 -0.525088 0.850105 
0.027432 -0.506798 0.861628 -0.0265114 -0.450215 0.892527 -0.0642933 -0.439755 0.895813 
-0.104359 -0.397085 0.911829 -0.183135 -0.316425 0.930772 -0.226236 -0.278819 0.933315 
-0.271375 -0.151763 0.950433 -0.304969 -0.0745649 0.949439 -0.331709 -0.015884 0.943248 
-0.318101 0.0543158 0.9465 -0.238232 0.0775817 0.968105 -0.298553 0.0704516 0.951789 
-0.217687 0.0784023 0.972865 -0.534926 -0.197542 0.821481 -0.59459 -0.22076 0.773128 
-0.676261 -0.221338 0.702624 -0.749952 -0.281453 0.598628 -0.790274 -0.348737 0.503835 
-0.790469 -0.306184 0.530481 -0.817767 -0.347593 0.458734 -0.83745 -0.323044 0.440817 
0.0476968 0.24223 0.969046 0.0396629 0.229357 0.972534 -0.0252004 0.250764 0.96772 
-0.0404765 0.245013 0.968674 -0.209709 0.197676 0.957573 -0.317749 0.0599638 0.946277 
-0.370196 -0.0279953 0.928532 -0.404476 -0.0758696 0.911396 -0.484278 -0.134377 0.864533 
-0.873446 0.182246 0.451529 -0.89292 0.160282 0.420718 -0.885042 0.164101 0.435628 
-0.878216 0.163753 0.449357 -0.89806 0.142214 0.41625 -0.911058 0.0868733 0.403021 
-0.9012 0.119907 0.416487 -0.904764 -0.14816 0.399314 -0.904032 -0.0524525 0.424235 
-0.903576 0.0334535 0.42712 -0.904779 0.0831181 0.417691 -0.872811 -0.242868 0.42334 
-0.904397 -0.316165 0.28654 0.706716 -0.698736 -0.110999 0.699015 -0.703811 -0.126605 
0.711233 -0.689857 -0.135073 0.595304 -0.790043 -0.146443 0.452615 -0.879587 -0.146513 
0.0665229 -0.97437 -0.214891 -0.444056 -0.885943 -0.13386 -0.632966 -0.77409 0.0117441 
-0.767081 -0.635861 0.0852546 -0.879219 -0.448405 0.160955 -0.861641 0.202823 0.465228 
-0.847394 0.251802 0.467461 -0.942297 -0.237441 0.236005 -0.962654 -0.0447995 0.267002 
-0.89705 0.225527 0.380051 -0.925066 0.13472 0.355111 -0.831804 0.313203 0.458265 
-0.822937 0.346903 0.449925 -0.819728 0.360746 0.444869 -0.836544 0.331168 0.436488 
-0.873467 0.245263 0.420596 0.0782453 0.0536521 0.995489 0.0804865 0.0509669 0.995452 
0.0962787 -0.0013547 0.995354 0.10707 -0.0136774 0.994157 0.108415 -0.0444363 0.993112 
0.146583 -0.0832562 0.985689 0.216903 -0.157845 0.963347 0.152737 -0.088036 0.984338 
0.222447 -0.165055 0.960872 0.243825 -0.247029 0.93783 0.17411 -0.317941 0.931987 
0.122794 -0.339242 0.93265 0.0634429 -0.279272 0.958114 0.0292098 -0.344319 0.938398 
0.03215 -0.332095 0.942698 0.0163033 -0.329452 0.944032 -0.0404192 -0.265439 0.96328 
-0.0831211 -0.240513 0.96708 -0.147657 -0.19295 0.970035 -0.254486 -0.122185 0.959327 
-0.306571 -0.0259479 0.951494 -0.294157 0.00892246 0.955715 -0.304026 -0.00164025 0.952662 
-0.300535 0.0153922 0.953647 -0.314612 0.016398 0.949079 -0.34458 0.0371767 0.938021 
-0.326989 0.0278976 0.944616 -0.322857 0.062752 0.944365 -0.321182 0.0671966 0.944631 
-0.573884 -0.14065 0.806768 -0.759035 -0.207823 0.616989 -0.662709 -0.135068 0.736596 
-0.792706 -0.262979 0.549964 -0.835795 -0.281226 0.471549 -0.82065 -0.260843 0.508423 
-0.846985 -0.296542 0.441226 -0.8603 -0.263111 0.436643 -0.0330256 0.252913 0.966925 
-0.0376277 0.256115 0.965914 -0.11644 0.301169 0.946435 -0.163958 0.294728 0.94141 
-0.173538 0.276207 0.945301 -0.232244 0.151398 0.960802 -0.271235 0.045518 0.961436 
-0.305667 -0.0162683 0.951999 -0.359929 -0.0548383 0.931367 -0.437362 -0.0588032 0.897361 
-0.868083 0.177465 0.463614 -0.88995 0.142902 0.433091 -0.881197 0.148197 0.44892 
-0.872377 0.159402 0.462114 -0.891553 0.132351 0.433146 -0.894696 0.113332 0.432059 
-0.888281 -0.148361 0.434678 -0.899042 -0.0761547 0.431188 -0.903358 -0.00884285 0.428795 
-0.900212 0.042368 0.433386 -0.895651 0.0830044 0.436943 -0.882853 -0.194171 0.42763 
0.716642 -0.682942 -0.141471 0.660594 -0.739317 -0.130483 0.49106 -0.854083 -0.171472 
0.228659 -0.942631 -0.243233 -0.221004 -0.942183 -0.25189 -0.384 -0.92025 -0.0753859 
-0.566379 -0.823836 0.0225467 -0.652912 -0.75127 0.0964382 -0.784394 -0.609162 0.116825 
-0.887091 -0.421808 0.187477 -0.855547 0.208772 0.473766 -0.838125 0.255263 0.482067 
-0.817482 0.314667 0.482398 -0.929955 -0.287521 0.229161 -0.942753 0.0278782 0.332326 
-0.946699 -0.169093 0.274168 -0.89779 0.106358 0.427389 -0.81264 0.357705 0.46007 
-0.814399 0.365611 0.450647 -0.822143 0.354841 0.445162 -0.872982 0.248994 0.419409 
0.0881768 0.0454783 0.995066 0.10336 0.0311261 0.994157 0.109823 0.003907 0.993944 
0.111219 0.00106016 0.993795 0.111554 -0.0305759 0.993288 0.112408 -0.0337067 0.99309 
0.146805 -0.0815463 0.985798 0.147157 -0.082037 0.985705 0.230956 -0.173678 0.957338 
0.247566 -0.189903 0.950078 0.213983 -0.196836 0.9568 0.183263 -0.19577 0.963374 
0.117578 -0.15654 0.980648 0.0937475 -0.132337 0.986762 0.0629896 -0.147036 0.987123 
0.021673 -0.147786 0.988782 0.0101353 -0.140931 0.989968 -0.0167516 -0.112826 0.993474 
-0.0382233 -0.11373 0.992776 -0.045089 -0.114672 0.99238 -0.0966788 -0.111373 0.989065 
-0.119425 -0.104931 0.987283 -0.171554 -0.0954993 0.980535 -0.277933 -0.0467717 0.959461 
-0.224659 -0.0718438 0.971785 -0.307837 -0.00980769 0.951389 -0.308498 -0.00436824 0.951215 
-0.530078 -0.0489883 0.846532 -0.820773 -0.218047 0.528002 -0.809423 -0.166972 0.562987 
-0.738246 -0.119685 0.663829 -0.629262 -0.0399121 0.776168 -0.874346 -0.225758 0.429596 
-0.868661 -0.201313 0.452661 -0.846374 -0.218805 0.485568 -0.140436 0.20144 0.969381 
-0.126623 0.112962 0.985498 -0.109486 0.164095 0.98035 -0.167105 0.0410983 0.985082 
-0.208255 0.00827824 0.97804 -0.271185 0.00580747 0.96251 -0.35582 0.0333844 0.933958 
-0.863901 0.180063 0.470375 -0.883871 0.13302 0.448416 -0.878468 0.134526 0.458472 
-0.870974 0.151106 0.467517 -0.886552 0.122429 0.446136 -0.888119 0.109041 0.446492 
-0.899216 -0.124022 0.419559 -0.906998 -0.0582085 0.417093 -0.900558 0.00922994 0.434637 
-0.895939 0.060729 0.440007 -0.888272 0.0925344 0.4499 -0.893459 -0.141747 0.426191 
0.725685 -0.674241 -0.137043 0.730996 -0.669499 -0.131968 0.736031 -0.66223 -0.140393 
0.64596 -0.753003 -0.125385 0.386797 -0.917939 -0.0881866 0.546368 -0.835607 -0.0569456 
0.00401534 -0.99077 -0.135497 -0.000784451 -0.999989 -0.00461719 -0.389513 -0.917355 0.0820921 
-0.484595 -0.854801 0.185696 -0.641637 -0.747342 0.172573 -0.776528 -0.602846 0.18325 
-0.806378 -0.546691 0.225573 -0.849611 0.227687 0.47573 -0.833525 0.27929 0.47669 
-0.814662 0.33117 0.476081 -0.801107 0.366056 0.47353 -0.879756 -0.390667 0.270942 
-0.912154 -0.0669937 0.404334 -0.884596 -0.281559 0.371773 -0.917778 0.0515608 0.393731 
-0.888802 -0.174866 0.423618 -0.801809 0.377236 0.463459 -0.845435 0.30465 0.438666 
-0.81163 0.361413 0.458953 -0.796547 0.385335 0.465865 -0.884124 0.187792 0.427854 
0.148072 -0.153774 0.976948 0.127994 -0.124937 0.983874 0.115958 -0.122489 0.985672 
0.0367592 -0.130455 0.990773 0.0239961 -0.119932 0.992492 0.0210195 -0.12062 0.992476 
0.0111221 -0.112278 0.993615 0.00839929 -0.112342 0.993634 -0.468941 0.0676542 0.880634 
-0.848385 -0.177621 0.498692 -0.837583 -0.144798 0.526772 -0.791331 -0.115135 0.600449 
-0.714672 -0.0502976 0.697649 -0.6083 0.0837063 0.789281 -0.878637 -0.136218 0.457648 
-0.868578 -0.171231 0.46503 -0.0832911 0.135011 0.987337 -0.0510997 0.107988 0.992838 
-0.0266883 0.0922356 0.99538 -0.00552659 0.0914011 0.995799 -0.0190275 0.0768561 0.996861 
-0.0752507 0.0602712 0.995342 -0.144971 0.0974292 0.984627 -0.25491 0.163196 0.953094 
-0.857251 0.182697 0.481396 -0.880186 0.124253 0.458077 -0.874722 0.133691 0.465819 
-0.867476 0.150426 0.474191 -0.882745 0.115666 0.455392 -0.882546 0.10755 0.457762 
-0.889874 -0.0633885 0.45178 -0.886476 0.00128363 0.462773 -0.88435 0.0594514 0.463024 
-0.881143 0.0952017 0.463167 0.740255 -0.657508 -0.140374 0.729234 -0.666205 -0.156168 
0.593894 -0.798356 -0.0995813 0.355527 -0.933383 0.0489592 0.356542 -0.93225 0.0615373 
-0.0109237 -0.991913 0.126447 -0.226989 -0.941771 0.248079 -0.102389 -0.965928 0.237696 
-0.439257 -0.877982 0.190266 -0.644786 -0.736687 0.203823 -0.766429 -0.582081 0.271603 
-0.837925 0.236292 0.491983 -0.827485 0.299389 0.47501 -0.807368 0.358051 0.468995 
-0.806076 -0.473334 0.355241 -0.914629 0.0182458 0.403882 -0.902252 -0.217713 0.372213 
-0.831288 -0.424325 0.359038 -0.850647 0.251745 0.461545 -0.787547 0.390724 0.476555 
-0.812013 0.347289 0.469069 -0.792457 0.36981 0.485029 -0.872444 0.0740193 0.483076 
-0.415036 0.252015 0.874204 -0.866506 -0.131594 0.481509 -0.845919 -0.133745 0.516269 
-0.820334 -0.123817 0.55832 -0.781051 -0.0792448 0.619419 -0.709988 0.00600544 0.704188 
-0.537676 0.195254 0.820232 -0.611055 0.0924865 0.786167 -0.882361 -0.087841 0.462303 
-0.880055 -0.123913 0.458421 0.0215547 0.0892237 0.995778 0.034074 0.0946162 0.994931 
0.0568534 0.102967 0.993059 0.0570887 0.133409 0.989416 0.0598357 0.144911 0.987634 
0.0563978 0.17953 0.982135 -0.0131976 0.235237 0.971848 -0.143766 0.339703 0.92948 
-0.855748 0.184522 0.483371 -0.87931 0.117632 0.461494 -0.874626 0.129382 0.467214 
-0.86749 0.15612 0.472322 -0.879593 0.112823 0.462154 -0.877315 0.108603 0.467466 
-0.883804 -0.0332926 0.466671 -0.878544 0.0187205 0.477294 -0.872264 0.0647206 0.484734 
-0.871788 0.0964302 0.480299 0.728407 -0.667237 -0.155623 0.674997 -0.704641 -0.21877 
0.507438 -0.852602 -0.124804 0.168971 -0.956484 0.237881 0.281867 -0.957921 -0.0542117 
0.0499033 -0.993035 0.10673 -0.243962 -0.951832 0.185739 -0.475089 -0.850918 0.22412 
-0.645554 -0.708806 0.284349 -0.841233 0.232696 0.488037 -0.816271 0.298068 0.494831 
-0.684599 -0.665987 0.296287 -0.88952 -0.114333 0.44236 -0.766478 -0.535045 0.355301 
-0.857135 -0.327954 0.397198 -0.694113 -0.632064 0.344532 -0.841997 0.262782 0.471154 
-0.885258 0.0864929 0.456988 -0.783352 0.404364 0.472069 -0.803145 0.344479 0.486098 
-0.810808 0.322339 0.488557 -0.784645 0.381471 0.488684 -0.867748 -0.177793 0.464115 
-0.281827 0.365632 0.887066 -0.396609 0.275722 0.875602 -0.88272 -0.0772365 0.463508 
-0.867962 -0.075056 0.490927 -0.852747 -0.107943 0.511049 -0.827939 -0.112943 0.549328 
-0.809669 -0.0816213 0.581183 -0.758208 -0.0363786 0.650998 -0.678891 0.027886 0.73371 
-0.460401 0.197064 0.865561 -0.562204 0.139343 0.815175 0.0479658 0.251756 0.966601 
0.0299675 0.287004 0.957461 -0.00190922 0.353909 0.935278 -0.0387081 0.425169 0.904286 
-0.04449 0.454248 0.889764 -0.128616 0.425754 0.895652 -0.859523 0.197176 0.471531 
-0.877853 0.116773 0.464476 -0.875353 0.126527 0.466634 -0.869245 0.151963 0.470447 
-0.876885 0.114952 0.466753 -0.871806 0.114842 0.476199 -0.875734 -0.0228876 0.482251 
-0.86731 0.040558 0.496114 -0.866922 0.0852512 0.491099 -0.864399 0.113201 0.489898 
0.672652 -0.706395 -0.22033 0.505844 -0.839363 -0.198974 0.388476 -0.891089 -0.234619 
0.0965209 -0.990152 -0.1014 -0.0485306 -0.996542 0.0674513 -0.312214 -0.935247 0.166839 
-0.465709 -0.848557 0.251131 -0.838299 0.260739 0.478822 -0.543813 -0.79226 0.276753 
-0.802644 -0.476168 0.359203 -0.650613 -0.718712 0.245265 -0.848398 0.226491 0.478458 
-0.887042 0.0774738 0.455142 -0.896805 -0.149736 0.416318 -0.790898 0.403563 0.460018 
-0.809539 0.410215 0.419964 -0.83291 0.350103 0.42859 -0.855796 0.204128 0.475337 
-0.843083 0.259854 0.470836 -0.814132 0.340523 0.470354 -0.839899 -0.38846 0.379037 
-0.281811 0.328405 0.901517 -0.862414 -0.0154165 0.505969 -0.856263 -0.0585666 0.51321 
-0.838763 -0.0854777 0.537746 -0.818015 -0.0782236 0.569853 -0.786558 -0.0605111 0.614545 
-0.737215 -0.013883 0.675515 -0.645894 0.0684025 0.760356 -0.392645 0.311842 0.865208 
-0.525353 0.204468 0.825952 -0.0589635 0.469303 0.881066 -0.0758227 0.484367 0.871573 
-0.167187 0.454516 0.874908 -0.861773 0.193895 0.468777 -0.8785 0.122591 0.461745 
-0.876679 0.13624 0.461381 -0.874143 0.164561 0.45694 -0.874457 0.122457 0.469393 
-0.86696 0.127185 0.481876 -0.856637 0.0434205 0.514089 -0.856042 0.0944228 0.508209 
-0.85625 0.132807 0.499198 0.669414 -0.708785 -0.222507 0.597033 -0.744343 -0.299174 
0.579911 -0.752537 -0.312075 0.473963 -0.802163 -0.363173 0.280277 -0.927003 -0.249218 
0.11436 -0.977641 -0.176463 -0.0667603 -0.996774 -0.0445541 -0.179099 -0.983103 0.0378399 
-0.421318 -0.8954 0.144048 -0.715055 -0.642081 0.276456 -0.538906 -0.818716 0.198203 
-0.892866 0.00507469 0.450294 -0.809878 -0.462897 0.360312 -0.892728 -0.210111 0.398611 
-0.817121 0.38222 0.431535 -0.828255 0.394217 0.39823 -0.827419 0.40453 0.38953 
-0.834477 0.381431 0.397692 -0.858641 0.337408 0.385864 -0.900981 0.212276 0.378381 
-0.91274 -0.033641 0.407153 -0.867917 0.210207 0.450037 -0.856588 0.265237 0.442614 
-0.835587 0.326932 0.441486 -0.724451 -0.594903 0.348227 -0.855619 0.00654409 0.517565 
-0.846939 -0.0313027 0.530768 -0.830211 -0.0520643 0.555013 -0.797459 -0.0470806 0.601534 
-0.766811 -0.00748749 0.641829 -0.695222 0.0257756 0.718333 -0.541648 0.106118 0.83388 
-0.579276 0.0501542 0.813587 -0.261958 0.415644 0.870987 -0.354803 0.286274 0.890035 
-0.408033 0.180558 0.894935 -0.0863839 0.494432 0.864913 -0.0625103 0.486729 0.871314 
-0.0937634 0.464164 0.880773 -0.877 0.133871 0.461464 -0.879725 0.143767 0.453228 
-0.878164 0.18555 0.440907 -0.872283 0.13323 0.470502 -0.864341 0.140153 0.482982 
-0.851079 0.0737198 0.519836 -0.847596 0.124089 0.51593 -0.84892 0.149368 0.506975 
-0.856538 0.155651 0.492052 0.541731 -0.764671 -0.349007 0.502316 -0.776123 -0.381198 
0.481593 -0.784142 -0.391395 0.340653 -0.889079 -0.305769 0.313056 -0.890705 -0.329608 
0.1593 -0.941441 -0.297174 -0.0550512 -0.987771 -0.145871 -0.145918 -0.988776 -0.0320972 
-0.244298 -0.9683 0.0520963 -0.382695 -0.91801 0.103931 -0.604975 -0.756542 0.248293 
-0.874142 -0.357415 0.328831 -0.740357 -0.6384 0.210514 -0.843265 0.371809 0.388151 
-0.838585 0.393092 0.377166 -0.838107 0.400711 0.370145 -0.857529 0.337101 0.388597 
-0.857206 0.316564 0.406185 -0.87221 0.303103 0.383898 -0.908769 0.192377 0.370311 
-0.939873 0.0202511 0.340924 -0.921742 -0.247201 0.298804 -0.874098 0.251676 0.415466 
-0.846235 0.0400573 0.531302 -0.838845 0.00646376 0.544332 -0.813172 -0.00314643 0.582015 
-0.772936 0.0025714 0.634478 -0.724357 0.0180939 0.689187 -0.63546 0.0552959 0.770151 
-0.412892 0.106681 0.904511 -0.483007 0.100018 0.869886 -0.189928 0.336849 0.922204 
-0.246234 0.222931 0.943223 -0.0627154 0.473325 0.878653 -0.0558651 0.394885 0.917031 
-0.0828493 0.357397 0.930271 -0.875042 0.143528 0.462278 -0.877829 0.162803 0.450457 
-0.875652 0.217867 0.431008 -0.870126 0.152748 0.468561 -0.840432 0.111303 0.530364 
-0.844407 0.152627 0.5135 -0.849778 0.164381 0.500855 -0.86157 0.171742 0.477705 
-0.853844 0.177394 0.489368 0.450964 -0.799859 -0.396053 0.439403 -0.803881 -0.400874 
0.372551 -0.824692 -0.425545 0.357148 -0.825494 -0.437041 0.274296 -0.848574 -0.452421 
0.0931599 -0.935765 -0.340096 -0.119098 -0.968587 -0.2183 -0.274572 -0.960633 -0.0423657 
-0.525744 -0.847503 0.0730187 -0.813896 -0.53116 0.235462 -0.667726 -0.73099 0.140696 
-0.860029 0.350612 0.370704 -0.876767 0.264351 0.401745 -0.843438 0.37269 0.386929 
-0.834865 0.4044 0.373444 -0.838983 0.397316 0.371816 -0.863797 0.294704 0.408662 
-0.909876 0.118394 0.397628 -0.925275 -0.200069 0.322241 -0.914173 -0.0674796 0.399668 
-0.846911 -0.457084 0.271691 -0.839142 0.0697666 0.539419 -0.834006 0.0455106 0.549875 
-0.781203 0.0304654 0.623533 -0.805066 0.0635965 0.589766 -0.731132 0.0425022 0.680911 
-0.653059 0.0849068 0.752532 -0.549776 0.124325 0.826008 -0.309361 0.185113 0.932754 
-0.404382 0.20014 0.892423 -0.1427 0.300746 0.942968 -0.0560741 0.371417 0.926771 
-0.0838956 0.341641 0.936078 -0.877617 0.161106 0.45148 -0.877275 0.196221 0.438047 
-0.873708 0.251265 0.416534 -0.8719 0.191143 0.450837 -0.83553 0.123916 0.535289 
-0.833662 0.160603 0.528408 -0.843019 0.185913 0.504734 -0.861866 0.191829 0.469456 
-0.853825 0.197667 0.481572 0.271066 -0.847771 -0.455859 0.224956 -0.892073 -0.39192 
0.0706465 -0.959237 -0.273629 0.207578 -0.924194 -0.320589 -0.0551508 -0.965662 -0.25388 
-0.25392 -0.94979 -0.182821 -0.383464 -0.919624 -0.0851322 -0.541686 -0.838667 0.0566948 
-0.702023 -0.685343 0.193568 -0.857195 0.351027 0.376825 -0.894143 0.237842 0.379394 
-0.904988 0.0794737 0.417948 -0.859551 0.315371 0.402135 -0.856589 0.345723 0.383054 
-0.841191 0.387726 0.376916 -0.834713 0.399927 0.378567 -0.831569 0.386585 0.398805 
-0.86976 -0.328854 0.36793 -0.901002 -0.215724 0.376375 -0.791083 -0.547585 0.272653 
-0.831865 0.107273 0.544512 -0.768092 0.061561 0.637374 -0.802388 0.124432 0.583686 
-0.772053 0.112225 0.625572 -0.709587 0.0985992 0.697686 -0.607153 0.130372 0.783816 
-0.495913 0.174288 0.850702 -0.210838 0.293359 0.932463 -0.30283 0.275731 0.912286 
-0.374557 0.209562 0.903211 -0.0876916 0.334809 0.938197 -0.102281 0.338905 0.935244 
-0.877852 0.229988 0.420098 -0.8702 0.293341 0.395858 -0.86218 0.222174 0.455285 
-0.864472 0.257104 0.431957 -0.832744 0.15322 0.532034 -0.830434 0.190523 0.523527 
-0.833263 0.21084 0.511097 -0.842625 0.218411 0.492219 -0.857458 0.226152 0.462192 
0.270412 -0.851956 -0.448383 0.269949 -0.868245 -0.416267 0.10336 -0.970704 -0.216913 
-0.0336689 -0.98653 -0.16008 0.290396 -0.869354 -0.399866 0.29459 -0.888399 -0.352086 
0.178647 -0.959809 -0.216452 0.284346 -0.921566 -0.264318 -0.181229 -0.973583 -0.138895 
-0.377919 -0.924056 -0.0574337 -0.445853 -0.894834 0.0220628 -0.628369 -0.766556 0.132457 
-0.854866 0.323336 0.405781 -0.88993 0.212056 0.403804 -0.924337 0.0394204 0.379536 
-0.850429 0.362527 0.381242 -0.837312 0.398063 0.374773 -0.835938 0.39722 0.378714 
-0.847588 0.353629 0.395653 -0.845728 0.28743 0.449587 -0.832176 -0.476029 0.284394 
-0.913109 -0.211389 0.348635 -0.703457 -0.676584 0.217675 -0.809068 0.177585 0.560243 
-0.775591 0.157649 0.611233 -0.731157 0.155839 0.664172 -0.64514 0.170624 0.74477 
-0.542937 0.182544 0.819693 -0.424853 0.201899 0.882461 -0.117961 0.344728 0.931261 
-0.11454 0.346094 0.931182 -0.156521 0.323272 0.933272 -0.249353 0.250231 0.935525 
-0.283685 0.22331 0.932553 -0.850902 0.326941 0.411188 -0.861403 0.251704 0.44117 
-0.852732 0.300268 0.427419 -0.821463 0.217852 0.527009 -0.830398 0.227366 0.508668 
-0.84133 0.250046 0.479209 -0.831525 0.24849 0.496808 -0.8437 0.288142 0.452929 
0.0646699 -0.990888 -0.118143 -0.0982812 -0.991861 -0.0809502 -0.237396 -0.969524 -0.0605455 
0.305084 -0.894317 -0.327292 0.182497 -0.970594 -0.156978 0.321 -0.895822 -0.307346 
0.3117 -0.906267 -0.285524 0.235542 -0.961059 -0.144517 0.313521 -0.93251 -0.17925 
-0.263501 -0.964627 0.00790943 -0.468566 -0.880078 0.0768711 -0.536207 -0.824841 0.179217 
-0.882915 0.140715 0.447951 -0.893881 -0.0381984 0.446673 -0.832963 0.37907 0.403086 
-0.827078 0.396311 0.398597 -0.826202 0.388225 0.408254 -0.844027 0.329688 0.422994 
-0.86553 0.226674 0.446628 -0.863359 0.10312 0.493941 -0.660698 -0.693029 0.288427 
-0.810957 -0.477348 0.33836 -0.849675 -0.291148 0.439642 -0.753483 0.214933 0.621343 
-0.787636 0.241048 0.567033 -0.741305 0.180619 0.646408 -0.691779 0.208512 0.691349 
-0.557968 0.19958 0.805506 -0.602408 0.22264 0.766509 -0.470564 0.211592 0.85662 
-0.362538 0.255353 0.896304 -0.114162 0.336459 0.934753 -0.106845 0.307113 0.945656 
-0.143067 0.2824 0.948569 -0.192494 0.294044 0.936207 -0.84077 0.347489 0.41516 
-0.843476 0.337272 0.418086 -0.809544 0.25331 0.529596 -0.832038 0.277457 0.480345 
-0.813944 0.284885 0.506297 -0.821585 0.321675 0.470664 -0.816077 0.361009 0.451322 
0.132517 -0.989134 -0.0636658 0.0187311 -0.999583 -0.0219923 -0.0747528 -0.996743 -0.0302459 
0.325792 -0.921452 -0.211628 0.22897 -0.970611 -0.0740798 0.332277 -0.922344 -0.197165 
0.338478 -0.923826 -0.178822 0.306615 -0.948683 -0.0773781 -0.341839 -0.934207 0.101998 
-0.144017 -0.987847 0.0584649 -0.324691 -0.933255 0.153658 -0.486555 -0.838399 0.245664 
-0.854305 -0.196764 0.481089 -0.834901 0.371738 0.405895 -0.828551 0.390913 0.400861 
-0.832718 0.37277 0.409419 -0.812901 0.359795 0.457973 -0.826276 0.287554 0.484336 
-0.844161 0.162475 0.510876 -0.860893 0.0282704 0.508 -0.731846 -0.546979 0.406467 
-0.521044 -0.788561 0.326625 -0.747045 0.273273 0.606008 -0.678788 0.286693 0.676057 
-0.770838 0.275716 0.574273 -0.629224 0.244598 0.737733 -0.49322 0.240603 0.835969 
-0.564415 0.300428 0.768882 -0.283462 0.382848 0.879248 -0.435783 0.335986 0.834989 
-0.108028 0.300932 0.947507 -0.12249 0.315859 0.940866 -0.133945 0.3471 0.928214 
-0.158538 0.401717 0.901936 -0.822772 0.385592 0.41757 -0.784016 0.293608 0.546913 
-0.819811 0.315342 0.477985 -0.788132 0.31123 0.531022 -0.791412 0.33346 0.512321 
-0.814266 0.349242 0.463681 -0.802546 0.385589 0.455238 -0.800758 0.397938 0.447695 
0.125026 -0.992151 -0.00212753 0.0115539 -0.999566 0.027113 0.225096 -0.974336 -0.00132077 
0.368894 -0.91917 -0.137999 0.376913 -0.922965 -0.0779204 0.295856 -0.954979 0.0220247 
-0.146453 -0.982414 0.115823 -0.323917 -0.918192 0.228036 -0.75211 -0.547815 0.366373 
-0.847148 -0.228401 0.479764 -0.823824 0.390955 0.410449 -0.834449 0.356287 0.420422 
-0.837903 0.293065 0.460469 -0.813685 0.224632 0.53615 -0.807739 0.0361169 0.588433 
-0.755712 -0.141437 0.639449 -0.299319 -0.905793 0.299911 -0.283966 -0.874547 0.393104 
-0.470957 -0.793249 0.385948 -0.725912 0.302514 0.617687 -0.668096 0.333166 0.665318 
-0.607151 0.34813 0.714264 -0.737753 0.312451 0.598411 -0.490388 0.356553 0.795229 
-0.52866 0.352124 0.772352 -0.182246 0.432903 0.882826 -0.182532 0.432404 0.883011 
-0.253874 0.395871 0.882516 -0.357611 0.383097 0.851675 -0.403107 0.360593 0.841117 
-0.808442 0.390028 0.440794 -0.761681 0.323521 0.561405 -0.801881 0.368315 0.470458 
-0.772782 0.326239 0.544405 -0.748289 0.371857 0.54935 -0.771826 0.392774 0.500014 
-0.79619 0.396407 0.457102 -0.785994 0.403713 0.468218 -0.796852 0.377135 0.472013 
0.116569 -0.990933 0.0668097 -0.00100615 -0.996443 0.0842639 0.226092 -0.969275 0.0968896 
0.38329 -0.918488 -0.0973034 0.389177 -0.916778 -0.0897709 0.389887 -0.916959 -0.0846997 
0.321109 -0.947026 0.00548949 0.230644 -0.962584 0.142251 -0.144785 -0.970434 0.193122 
-0.698915 -0.562783 0.441354 -0.670786 -0.374987 0.639868 -0.825916 0.328188 0.458428 
-0.825043 0.242885 0.510207 -0.825338 0.152737 0.543589 -0.808976 0.033153 0.586906 
-0.714542 -0.272702 0.644255 -0.486796 -0.498009 0.717646 -0.123046 -0.940461 0.316849 
-0.0986304 -0.905666 0.412361 -0.260849 -0.807941 0.528384 -0.434752 -0.687225 0.58199 
-0.686236 0.3271 0.649681 -0.61899 0.35767 0.699231 -0.540743 0.375113 0.752919 
-0.668658 0.350674 0.655686 -0.720139 0.348764 0.599803 -0.442272 0.379707 0.812538 
-0.170391 0.413189 0.894562 -0.304009 0.386261 0.870851 -0.168106 0.413894 0.894669 
-0.805791 0.339831 0.48499 -0.743712 0.343547 0.57347 -0.783525 0.402051 0.473755 
-0.736568 0.424079 0.526902 -0.685184 0.441971 0.578951 -0.701665 0.378988 0.603352 
-0.759966 0.420818 0.495343 -0.79225 0.353175 0.497601 -0.779837 0.379181 0.498073 
-0.797658 0.284988 0.531529 0.113893 -0.978535 0.171746 -0.00808063 -0.983373 0.181418 
0.183058 -0.954024 0.237335 0.401052 -0.913345 -0.070413 0.369252 -0.928672 -0.0349383 
0.248096 -0.966375 0.0675928 0.114383 -0.976908 0.180463 0.060333 -0.948974 0.309528 
-0.822244 0.0946639 0.561207 -0.794102 0.154852 0.587727 -0.765733 -0.104877 0.63455 
-0.746074 -0.164877 0.645127 -0.651048 -0.397846 0.646418 -0.458148 -0.674736 0.578646 
0.0281403 -0.952316 0.303815 -0.177022 -0.885025 0.430574 -0.63419 0.342893 0.692985 
-0.580356 0.389217 0.71533 -0.481876 0.433271 0.761625 -0.673767 0.374486 0.637023 
-0.618714 0.398148 0.677253 -0.354715 0.461174 0.813324 -0.180576 0.460369 0.869168 
-0.180849 0.461711 0.868399 -0.715915 0.447488 0.535929 -0.655893 0.416602 0.629481 
-0.674874 0.477356 0.56274 -0.608969 0.488501 0.624919 -0.603214 0.469637 0.64465 
-0.641204 0.406477 0.650871 -0.743094 0.418684 0.52203 -0.784982 0.267393 0.558842 
-0.769514 0.332991 0.544945 -0.764735 0.151953 0.626172 0.393757 -0.917253 -0.0600153 
0.394731 -0.916985 -0.0576767 0.403072 -0.914233 -0.0413564 0.317707 -0.947652 0.0319077 
0.178043 -0.976951 0.117759 0.0201962 -0.972944 0.230157 -0.0327448 -0.953221 0.300495 
-0.763981 -0.0279887 0.644632 -0.739993 0.00754069 0.672572 -0.743073 -0.232453 0.627541 
-0.604132 -0.521081 0.602908 -0.497335 -0.628116 0.598438 -0.341649 -0.788934 0.510744 
-0.17303 -0.913807 0.367448 -0.517444 0.431569 0.738918 -0.55126 0.416226 0.723096 
-0.399722 0.458986 0.793445 -0.437123 0.440782 0.783986 -0.563985 0.435458 0.701639 
-0.227935 0.486922 0.84318 -0.29801 0.46546 0.833389 -0.180546 0.462766 0.8679 
-0.661088 0.44024 0.607578 -0.697558 0.414125 0.584733 -0.637599 0.475425 0.606167 
-0.571682 0.497162 0.652694 -0.582798 0.453793 0.674106 -0.506068 0.445085 0.738779 
-0.520185 0.472171 0.711661 -0.510318 0.507411 0.694342 -0.488973 0.515289 0.703834 
-0.722592 0.354338 0.593553 -0.735804 0.242192 0.632405 -0.750293 0.104904 0.652729 
-0.692145 -0.0681562 0.718533 0.416376 -0.908741 -0.0286591 0.426061 -0.904425 0.0220657 
0.278052 -0.956833 0.084602 0.120554 -0.978328 0.168349 -0.033206 -0.963272 0.266465 
-0.634021 -0.246893 0.732844 -0.629782 -0.387429 0.673256 -0.521567 -0.552137 0.650471 
-0.413714 -0.779597 0.470181 -0.243827 -0.835056 0.493183 -0.111819 -0.919523 0.376794 
-0.46526 0.450936 0.761702 -0.324448 0.458735 0.827222 -0.147952 0.481881 0.863656 
-0.128946 0.46982 0.873294 -0.173629 0.466976 0.867056 -0.635558 0.382449 0.670671 
-0.564735 0.389133 0.72777 -0.656004 0.313958 0.686359 -0.484644 0.398283 0.778775 
-0.411643 0.413136 0.812323 -0.358421 0.348947 0.865893 -0.40457 0.455084 0.793235 
-0.441285 0.54018 0.716571 -0.367636 0.506483 0.779948 -0.323188 0.538598 0.778114 
-0.344457 0.537617 0.769622 -0.694127 0.0955216 0.713486 -0.620641 0.19112 0.760446 
-0.638789 -0.109515 0.761548 -0.611455 -0.333422 0.717601 -0.515011 -0.294536 0.804992 
0.437826 -0.898981 -0.0118633 0.462789 -0.886465 0.00246249 0.47576 -0.879264 0.0233785 
0.401365 -0.911471 0.0901427 0.24156 -0.959046 0.147921 0.0756915 -0.963993 0.254928 
-0.429801 -0.61351 0.662478 -0.378268 -0.721669 0.579747 -0.203438 -0.813667 0.544572 
0.0547779 -0.917114 0.394844 -0.0180163 -0.856347 0.516086 -0.140489 0.516807 0.844496 
-0.118649 0.475536 0.871658 -0.104023 0.511984 0.852673 -0.531914 0.309044 0.78839 
-0.427488 0.307686 0.850049 -0.530081 0.239266 0.81349 -0.250219 0.359191 0.899095 
-0.196074 0.29385 0.935525 -0.292312 0.251368 0.922696 -0.260702 0.438907 0.859881 
-0.1774 0.503161 0.845789 -0.23676 0.524979 0.817521 -0.0752738 0.500467 0.862477 
-0.157341 0.554031 0.817492 -0.559223 0.0246853 0.82865 -0.454942 0.113201 0.883297 
-0.511388 -0.181268 0.840014 -0.410079 -0.422923 0.808067 -0.432841 -0.501446 0.749133 
-0.24607 -0.566632 0.78637 0.495185 -0.867813 0.0411434 0.458969 -0.878273 0.134107 
0.390527 -0.899931 0.193941 0.264048 -0.931382 0.250612 0.224834 -0.901277 0.370336 
-0.249277 -0.699361 0.669892 -0.0464887 -0.771505 0.634523 0.170933 -0.85571 0.488409 
-0.0995383 0.514639 0.851609 -0.0759229 0.513077 0.854978 -0.0423336 0.525719 0.849604 
-0.384316 0.208622 0.899321 -0.0933777 0.393864 0.914413 -0.0565072 0.317134 0.946696 
-0.0293137 0.268131 0.962936 -0.159124 0.220466 0.962328 -0.255885 0.147991 0.955312 
0.0307256 0.461495 0.886611 -0.0113545 0.501636 0.865004 0.0235844 0.486859 0.873162 
0.0685111 0.460672 0.884922 -0.370512 -0.0899582 0.924461 -0.322455 0.0644336 0.944389 
-0.335486 -0.32514 0.884157 -0.215535 -0.545052 0.810224 -0.140885 -0.682785 0.716907 
0.499156 -0.863725 0.0694367 0.493734 -0.864963 0.0898053 0.467539 -0.877803 0.104258 
0.355008 -0.911401 0.208127 0.355634 -0.878676 0.318517 0.0387057 -0.840387 0.540603 
0.218316 -0.902916 0.370244 0.0939319 0.354983 0.930142 0.155086 0.282804 0.946557 
0.142376 0.237544 0.960886 0.00754334 0.206825 0.978349 -0.151786 0.173354 0.973093 
-0.261134 -0.0532748 0.963831 0.0904394 0.447886 0.889505 0.124854 0.367817 0.921478 
-0.276201 -0.149984 0.949325 -0.2075 -0.399022 0.893155 -0.0506516 -0.661608 0.748137 
0.0116433 -0.773861 0.633249 0.426482 -0.895101 0.130028 0.395158 -0.904186 0.162164 
0.291476 -0.916556 0.273801 0.128383 -0.859816 0.494201 0.22768 -0.876014 0.425161 
0.168462 0.28698 0.943007 0.131659 0.35165 0.926827 0.170192 0.281681 0.944294 
0.171749 0.276904 0.945424 0.183667 0.232235 0.955161 0.180041 0.2182 0.959153 
0.178901 0.198887 0.963555 0.170956 0.197875 0.965204 0.0784966 0.200073 0.976632 
-0.0358341 0.143367 0.989021 -0.211469 0.0661295 0.975145 -0.281272 -0.194301 0.939752 
-0.194783 -0.486982 0.851416 -0.181909 -0.324743 0.928144 -0.104511 -0.588656 0.801599 
0.130785 -0.796016 0.590977 0.0394558 -0.776032 0.629458 0.379315 -0.907616 0.179868 
0.37485 -0.892746 0.249985 0.324331 -0.874261 0.361215 0.222763 -0.865391 0.448859 
0.162764 0.192424 0.967719 0.121593 0.170438 0.977837 0.0999268 0.143511 0.984591 
0.113876 0.0841878 0.989922 0.0490247 0.00424582 0.998789 -0.111365 -0.0749326 0.990951 
-0.18368 -0.356339 0.916125 -0.147854 -0.601886 0.784775 -0.0211581 -0.783096 0.621541 
-0.0236316 -0.705413 0.708402 0.0873856 -0.856053 0.509447 0.375248 -0.88658 0.270491 
0.361369 -0.874698 0.322981 0.330542 -0.875966 0.351319 0.233748 -0.89799 0.372794 
0.121401 0.00908725 0.992562 -0.0132754 -0.139987 0.990064 -0.0876137 -0.208712 0.974045 
-0.11218 -0.306004 0.945398 -0.112381 -0.445171 0.888366 -0.045039 -0.776931 0.627973 
-0.14759 -0.676995 0.721037 -0.000944766 -0.794432 0.607353 0.00883697 -0.798677 0.601695 
0.00211765 -0.809527 0.587079 0.100511 -0.882068 0.460275 0.161969 -0.894285 0.417157 

