# vtk DataFile Version 4.2
3D Slicer output. SPACE=LPS
ASCII
DATASET POLYDATA
POINTS 2077 float
-32.6489 -40.1462 30.597 -32.7864 -40.1434 30.5974 -32.6024 -40.0842 30.619 
-32.7249 -40.2533 30.5841 -32.6522 -39.9773 30.6565 -32.9677 -40.1528 30.6205 
-32.9158 -39.9594 30.7054 -32.9184 -40.3063 30.5806 -32.5391 -40.0032 30.656 
-32.7714 -40.3186 30.5773 -32.4577 -39.9079 30.7099 -32.4556 -39.8293 30.7475 
-32.7293 -39.7862 30.7692 -33.0797 -40.0996 30.6919 -33.102 -40.2651 30.6525 
-32.8934 -39.7799 30.8044 -33.1315 -39.9756 30.8099 -33.0269 -39.8012 30.8667 
-32.8754 -40.4599 30.5748 -33.0717 -40.4622 30.6241 -32.4201 -39.8623 30.7468 
-32.3912 -39.8224 30.7654 -32.2828 -39.6937 30.8427 -32.3085 -39.6355 30.8602 
-32.5697 -39.6064 30.8659 -32.864 -39.6006 30.9498 -33.2269 -40.1627 30.7854 
-33.2857 -40.4071 30.761 -33.2831 -40.0119 30.9644 -33.1772 -39.8531 30.9591 
-33.1044 -39.6823 31.0729 -32.8861 -40.4766 30.578 -32.9919 -40.6157 30.6206 
-33.2087 -40.6728 30.7124 -32.25 -39.6536 30.8702 -32.2024 -39.5512 30.9219 
-32.1619 -39.4708 30.9712 -32.3925 -39.4259 30.9584 -32.6534 -39.4005 31.0038 
-32.8414 -39.3817 31.0943 -33.008 -39.4281 31.2377 -33.3988 -40.2348 30.9543 
-33.4579 -40.4283 30.9025 -33.4426 -40.6118 30.8488 -33.2656 -39.8334 31.1542 
-33.411 -40.0495 31.2131 -33.1955 -39.6294 31.3407 -32.8975 -40.5085 30.5845 
-32.9464 -40.6163 30.6176 -32.9797 -40.6594 30.6415 -33.0636 -40.7446 30.7121 
-33.2239 -40.9023 30.7605 -33.4255 -40.8481 30.8287 -32.1364 -39.4416 30.9854 
-32.4733 -39.1997 31.0923 -32.2361 -39.2753 31.0348 -32.7316 -39.237 31.1419 
-32.8829 -39.283 31.1969 -32.93 -39.2384 31.3048 -32.996 -39.2477 31.472 
-33.124 -39.4324 31.5426 -33.5074 -40.246 31.1379 -33.5202 -40.3621 31.0252 
-33.5703 -40.5248 31.0125 -33.6241 -40.7644 30.998 -33.334 -39.8257 31.4368 
-33.4533 -40.0263 31.5474 -33.5446 -40.2198 31.3627 -33.2496 -39.632 31.6427 
-33.1144 -40.8654 30.7418 -33.1756 -40.9707 30.7871 -33.3762 -41.063 30.8446 
-33.5941 -41.0215 30.9416 -32.0695 -39.3863 31.0162 -32.4095 -39.01 31.1898 
-32.2124 -39.0744 31.128 -32.6402 -39.0377 31.2771 -31.9989 -39.2341 31.0846 
-32.8235 -39.1715 31.2553 -32.8554 -39.1065 31.4043 -32.914 -39.0803 31.6388 
-33.0479 -39.2582 31.7409 -33.1605 -39.4588 31.8481 -33.5973 -40.3906 31.1897 
-33.6981 -40.5924 31.2046 -33.7667 -40.7712 31.1662 -33.7765 -40.9576 31.109 
-33.3563 -39.8394 31.7552 -33.4558 -40.05 31.8689 -33.5663 -40.2238 31.6704 
-33.6733 -40.4232 31.4575 -33.2585 -39.6682 31.9519 -33.2464 -41.0627 30.8339 
-33.3245 -41.1899 30.8912 -33.5255 -41.212 30.9337 -33.7535 -41.2325 31.0623 
-31.9579 -39.307 31.0766 -32.2687 -38.917 31.2194 -32.4256 -38.8766 31.2969 
-32.1046 -38.9225 31.2088 -32.0008 -39.0325 31.1583 -32.5763 -38.8604 31.3991 
-32.7339 -38.923 31.5258 -31.8165 -39.1518 31.1652 -31.9095 -39.2533 31.1086 
-31.843 -39.0955 31.1712 -32.811 -38.9153 31.8013 -32.95 -39.0952 31.9203 
-33.0621 -39.2981 32.0436 -33.1578 -39.5268 32.178 -33.7743 -40.5916 31.3955 
-33.8046 -40.698 31.2937 -33.8727 -40.8466 31.2955 -33.9731 -41.0933 31.2939 
-33.3418 -39.8904 32.0946 -33.4442 -40.1217 32.1671 -33.5519 -40.2444 31.981 
-33.6879 -40.4217 31.8169 -33.7915 -40.5639 31.6008 -33.245 -39.7202 32.1994 
-33.3637 -41.2441 30.9212 -33.5397 -41.4289 31.0134 -33.7934 -41.4747 31.0874 
-33.9816 -41.3915 31.199 -32.178 -38.7623 31.3431 -32.4348 -38.7478 31.4329 
-31.8717 -38.8858 31.2665 -32.5885 -38.7779 31.5214 -32.653 -38.7623 31.6991 
-31.7628 -39.0885 31.2057 -31.7106 -39.0157 31.2627 -32.6963 -38.7584 31.96 
-32.8371 -38.9406 32.0954 -32.9545 -39.144 32.2186 -33.0452 -39.3678 32.3638 
-33.1142 -39.5341 32.4065 -33.1797 -39.7054 32.4377 -33.8637 -40.7059 31.4579 
-33.9905 -40.8696 31.5249 -34.1553 -41.055 31.567 -34.2031 -41.3093 31.4087 
-33.2719 -39.8515 32.3356 -33.3447 -40.0347 32.3834 -33.5255 -40.2799 32.2191 
-33.4515 -40.26 32.4449 -33.6295 -40.4018 32.1359 -33.8152 -40.5798 31.8169 
-33.7706 -40.5546 32.0554 -33.9034 -40.6979 31.6807 -33.4243 -41.3473 30.9671 
-33.4703 -41.4345 31.0171 -33.5063 -41.4847 31.0377 -33.6959 -41.6466 31.1019 
-33.9338 -41.6329 31.1659 -34.1572 -41.5876 31.2946 -31.9184 -38.6792 31.3946 
-32.0726 -38.5482 31.5346 -32.3022 -38.6312 31.5104 -32.4801 -38.6602 31.6056 
-31.6831 -38.7217 31.398 -31.6565 -38.8851 31.3154 -31.6485 -38.9545 31.2957 
-32.5269 -38.6137 31.8335 -32.5655 -38.6053 32.1092 -32.7108 -38.7836 32.2576 
-32.8356 -39.0112 32.4327 -32.9463 -39.2122 32.4633 -32.9836 -39.3537 32.5929 
-33.0611 -39.5681 32.6493 -33.152 -39.8435 32.7364 -33.2469 -39.9368 32.5613 
-34.0208 -40.8157 31.7721 -34.0893 -40.9142 31.6672 -34.2998 -41.1938 31.5815 
-34.3001 -41.1065 31.739 -34.1601 -40.9477 31.8329 -34.4029 -41.3351 31.5918 
-34.3615 -41.5363 31.4528 -33.3226 -40.1684 32.6868 -33.5642 -40.386 32.3494 
-33.4399 -40.3848 32.7296 -33.5475 -40.4487 32.5507 -33.6866 -40.5431 32.3721 
-33.9096 -40.6909 31.9311 -33.8934 -40.7141 32.242 -33.6437 -41.6462 31.1029 
-33.6755 -41.684 31.1187 -33.8358 -41.8034 31.1758 -34.064 -41.8529 31.2636 
-34.3159 -41.7918 31.4 -31.7919 -38.5503 31.5121 -31.8827 -38.4039 31.6769 
-32.0958 -38.4098 31.7107 -32.3033 -38.5113 31.7086 -31.6282 -38.5838 31.5045 
-31.4854 -38.663 31.5096 -31.4811 -38.753 31.466 -31.5478 -38.8341 31.3974 
-31.5882 -38.8888 31.346 -32.3873 -38.4637 31.9769 -32.427 -38.4556 32.2576 
-32.5764 -38.6273 32.4097 -32.6961 -38.8225 32.5601 -32.7704 -39.012 32.7325 
-32.8858 -39.228 32.7134 -32.963 -39.4281 32.7782 -32.9861 -39.5724 32.905 
-33.0521 -39.7818 32.9784 -33.2224 -40.0338 32.7822 -33.1585 -40.0454 33.0079 
-34.0378 -40.8171 32.0151 -34.3739 -41.2067 31.6701 -34.4369 -41.2331 31.8196 
-34.3042 -41.0617 32.0208 -34.1566 -40.9221 32.0825 -34.4974 -41.5105 31.5868 
-34.5399 -41.415 31.7332 -34.4977 -41.7031 31.549 -33.2488 -40.1711 32.91 
-33.3336 -40.3504 32.9735 -33.5392 -40.5245 32.744 -33.4786 -40.5345 32.9435 
-33.6328 -40.58 32.628 -33.7878 -40.7168 32.6046 -34.0585 -40.8496 32.2268 
-33.9966 -40.8467 32.4611 -33.7929 -41.8087 31.1775 -33.8353 -41.8504 31.1966 
-33.933 -41.9393 31.2643 -34.0482 -42.0401 31.3013 -34.2304 -42.0613 31.3892 
-34.4897 -41.9948 31.5738 -31.5721 -38.4589 31.6642 -31.7456 -38.2468 31.9092 
-31.9929 -38.3108 31.8283 -32.1842 -38.3573 31.8849 -31.4354 -38.6995 31.5154 
-31.3461 -38.5755 31.6584 -31.3877 -38.6332 31.5838 -32.2458 -38.3199 32.1313 
-32.2859 -38.3136 32.4068 -32.4377 -38.4747 32.5565 -32.5672 -38.6833 32.7427 
-32.6763 -38.8709 32.7981 -32.7126 -39.0016 32.9323 -32.7901 -39.1818 32.9662 
-32.8881 -39.4428 33.0351 -32.9629 -39.6532 33.0879 -32.9882 -39.8011 33.2123 
-33.0613 -39.9894 33.2497 -33.2303 -40.2411 33.083 -33.1662 -40.2405 33.3021 
-34.4626 -41.2128 32.1065 -34.5688 -41.3647 31.9497 -34.1863 -40.9709 32.3178 
-34.3494 -41.102 32.2742 -34.5955 -41.5947 31.6954 -34.6278 -41.5043 31.8417 
-34.6171 -41.8009 31.6985 -33.2699 -40.3734 33.2007 -33.385 -40.5442 33.2218 
-33.6251 -40.6498 32.8314 -33.5841 -40.7183 33.1177 -33.9355 -40.8782 32.7454 
-33.7565 -40.7928 32.9032 -34.103 -40.962 32.5979 -34.0162 -42.0348 31.2959 
-34.0438 -42.0608 31.31 -34.2207 -42.1963 31.4257 -34.3614 -42.218 31.5148 
-34.136 -42.1237 31.3811 -34.628 -41.9529 31.7215 -34.4951 -42.2862 31.6814 
-34.6283 -42.1065 31.7892 -31.4373 -38.3103 31.8917 -31.3366 -38.4345 31.7728 
-31.3126 -38.5243 31.7113 -31.6954 -38.116 32.0979 -31.836 -38.1334 32.087 
-31.4994 -38.16 32.1062 -32.0153 -38.2218 32.0378 -32.1085 -38.1918 32.2901 
-32.1409 -38.186 32.5552 -32.2952 -38.3268 32.6971 -32.423 -38.5019 32.8542 
-32.5057 -38.6713 33.0075 -32.6124 -38.8717 33.0302 -32.6976 -39.1007 33.1399 
-32.7702 -39.3316 33.2485 -32.8354 -39.4974 33.2775 -32.8995 -39.6668 33.3105 
-32.9684 -39.9053 33.434 -33.0469 -40.1456 33.5556 -33.1655 -40.394 33.5962 
-33.2642 -40.4613 33.3946 -34.4515 -41.213 32.3817 -34.5762 -41.3597 32.2208 
-34.6602 -41.5184 32.034 -34.286 -41.092 32.5461 -34.6741 -41.6669 31.8607 
-34.6982 -41.8959 31.8927 -33.3446 -40.5894 33.4215 -33.4654 -40.7361 33.4527 
-33.7465 -40.8568 33.1043 -33.6694 -40.8692 33.3154 -33.877 -40.9091 32.9718 
-34.0884 -41.0345 32.8956 -34.2842 -42.2455 31.4783 -34.3391 -42.2885 31.5386 
-34.4139 -42.344 31.6427 -34.4864 -42.3942 31.742 -34.6218 -42.3427 31.9 
-34.7257 -42.1277 32.0648 -31.2528 -38.3738 31.8931 -31.2339 -38.2884 32.0745 
-31.2726 -38.4585 31.7892 -31.2303 -38.4048 31.8746 -31.7586 -38.0637 32.2296 
-31.6138 -38.0682 32.224 -31.9283 -38.1073 32.2306 -31.4835 -38.071 32.3014 
-31.287 -38.1434 32.318 -31.9747 -38.0895 32.4433 -31.9821 -38.0793 32.6984 
-32.1447 -38.1929 32.8415 -32.2878 -38.3562 32.9988 -32.403 -38.5508 33.1404 
-32.497 -38.7819 33.2785 -32.604 -39.028 33.3195 -32.6812 -39.2077 33.3455 
-32.7073 -39.3485 33.4589 -32.778 -39.546 33.5168 -32.871 -39.8097 33.6111 
-32.9463 -40.0011 33.6611 -32.9757 -40.1396 33.797 -33.0616 -40.325 33.8341 
-33.292 -40.5902 33.5884 -33.1938 -40.5759 33.8756 -34.4169 -41.2063 32.5697 
-34.5396 -41.3542 32.5764 -34.6752 -41.5454 32.3047 -34.7218 -41.7106 32.0822 
-34.3464 -41.1935 32.7684 -34.7545 -41.8955 32.1301 -33.6065 -40.8843 33.4908 
-33.5357 -40.8904 33.6618 -33.3612 -40.7522 33.753 -33.8629 -40.967 33.1792 
-33.7799 -41.0186 33.5135 -34.246 -41.188 33.0762 -34.0267 -41.0922 33.2459 
-34.5554 -42.4412 31.8718 -34.6151 -42.4696 31.9701 -34.6955 -42.4043 32.1341 
-34.7831 -41.9786 32.3313 -34.7785 -42.2278 32.3603 -31.2008 -38.3274 32.0372 
-31.2194 -38.384 31.9103 -31.1937 -38.3161 32.0799 -31.1747 -38.2862 32.1561 
-31.1431 -38.2355 32.3066 -31.6168 -38.0219 32.4404 -31.8248 -38.0437 32.3723 
-31.4001 -38.0503 32.4606 -31.2445 -38.088 32.5397 -31.1115 -38.1772 32.48 
-31.1053 -38.193 32.4531 -31.8123 -38.0205 32.5729 -31.7987 -37.9987 32.835 
-31.9746 -38.0723 32.986 -32.1378 -38.208 33.145 -32.2766 -38.4139 33.3322 
-32.3911 -38.6231 33.3804 -32.4289 -38.772 33.5109 -32.5037 -38.9854 33.5642 
-32.6157 -39.2301 33.5591 -32.681 -39.4176 33.6204 -32.6868 -39.5429 33.7653 
-32.7571 -39.7313 33.8377 -32.87 -39.9902 33.904 -32.9574 -40.2252 34.025 
-33.0488 -40.4574 34.1404 -33.1758 -40.7016 34.186 -33.2966 -40.7906 34.0012 
-34.6992 -41.6058 32.616 -34.598 -41.4504 32.8206 -34.4525 -41.3173 32.9325 
-34.7523 -41.7582 32.3285 -33.4326 -40.9011 33.9064 -33.6124 -41.0184 33.8281 
-34.0144 -41.1444 33.4655 -33.9362 -41.1531 33.6416 -33.79 -41.1134 33.7691 
-34.1664 -41.197 33.3309 -34.3691 -41.3129 33.2712 -34.6318 -42.4803 32.021 
-34.6572 -42.504 32.1371 -34.7421 -42.5153 32.4242 -34.7794 -41.8267 32.5424 
-34.8141 -42.0241 32.6068 -34.8267 -42.2798 32.6525 -31.3786 -38.0107 32.7336 
-31.6401 -37.9851 32.7005 -31.0729 -38.1359 32.7216 -31.0989 -38.1862 32.4832 
-31.056 -38.1558 32.6991 -31.5772 -37.9527 32.9555 -31.7693 -37.9705 33.1363 
-31.9671 -38.0639 33.2913 -32.1248 -38.2164 33.4402 -32.2174 -38.3768 33.5858 
-32.3209 -38.6227 33.6431 -32.4089 -38.8589 33.6876 -32.4378 -39.0167 33.7852 
-32.5106 -39.206 33.802 -32.6056 -39.4012 33.7951 -32.5996 -39.5946 34.0495 
-32.7206 -39.8816 34.1752 -32.8493 -40.1273 34.2193 -32.9391 -40.3088 34.2525 
-32.9731 -40.4415 34.3818 -33.0615 -40.6246 34.4155 -33.3016 -40.888 34.2008 
-33.1941 -40.8659 34.4608 -33.367 -40.9045 34.0589 -34.6784 -41.5682 32.9016 
-34.7773 -41.7775 32.8497 -34.5667 -41.4435 33.0733 -33.4747 -41.0236 34.1105 
-33.7009 -41.1366 33.992 -34.1641 -41.2579 33.5911 -33.9393 -41.2225 33.8673 
-34.5527 -41.459 33.3592 -34.3941 -41.3672 33.5274 -34.7185 -42.5373 32.3763 
-34.7314 -42.5439 32.4201 -34.8167 -42.5006 32.7104 -34.741 -42.5478 32.4566 
-34.8623 -42.0498 32.9354 -34.879 -42.3334 32.9174 -31.1247 -38.0264 33.0304 
-31.3632 -37.9482 33.0521 -30.9898 -38.1148 32.9751 -31.0339 -38.1405 32.7855 
-31.0492 -38.1512 32.7287 -31.4933 -37.8918 33.3077 -31.7638 -37.9283 33.473 
-31.9773 -38.0659 33.5892 -32.1141 -38.2354 33.7082 -32.2061 -38.4361 33.8074 
-32.2557 -38.6351 33.9078 -32.3335 -38.8964 33.9303 -32.4184 -39.1204 33.9337 
-32.4518 -39.2686 34.0005 -32.5254 -39.3834 33.9622 -32.5846 -39.7571 34.3146 
-32.4445 -39.6005 34.3818 -32.4493 -39.4103 34.1525 -32.6259 -39.8918 34.4371 
-32.7279 -40.0603 34.4665 -32.8627 -40.2997 34.4977 -32.9554 -40.5287 34.6031 
-33.0452 -40.7582 34.7092 -33.3553 -41.0243 34.3635 -33.1735 -40.9876 34.7453 
-33.2984 -41.0657 34.5796 -34.6964 -41.6019 33.1466 -34.8281 -41.8028 33.2097 
-33.6074 -41.1586 34.1967 -33.4852 -41.1229 34.3128 -33.8084 -41.2593 34.1742 
-34.1439 -41.311 33.8606 -34.3266 -41.3726 33.7647 -34.0336 -41.3156 34.0433 
-34.5251 -41.4676 33.6465 -34.7132 -41.6147 33.4803 -34.7929 -42.5682 32.6907 
-34.8477 -42.5903 32.9198 -34.9071 -41.9844 33.1966 -34.9271 -42.1645 33.1407 
-34.8534 -42.5929 32.9501 -34.9315 -42.3864 33.1505 -30.927 -38.0771 33.2159 
-30.9485 -38.0901 33.138 -31.0249 -37.9856 33.331 -31.2407 -37.93 33.2498 
-31.4232 -37.8169 33.5525 -31.5742 -37.8358 33.5442 -31.199 -37.8619 33.5367 
-31.664 -37.8316 33.7086 -31.8379 -37.9357 33.765 -31.9913 -38.0927 33.8692 
-32.1034 -38.2879 33.9588 -32.1719 -38.4996 34.0366 -32.2137 -38.7334 34.1166 
-32.2375 -38.9787 34.2184 -32.3486 -39.1844 34.1408 -32.511 -39.792 34.5281 
-32.3184 -39.3788 34.3679 -32.2666 -39.5157 34.5996 -32.3711 -39.6992 34.6532 
-32.5573 -39.9559 34.7059 -32.7181 -40.2067 34.7751 -32.8518 -40.4439 34.7967 
-32.9385 -40.6215 34.8186 -32.9692 -40.7538 34.9324 -33.0524 -40.9311 34.9726 
-33.4304 -41.1563 34.4937 -33.3084 -41.1612 34.7584 -33.1878 -41.1288 34.965 
-33.3797 -41.1743 34.6297 -34.8469 -41.7597 33.473 -34.9122 -41.8953 33.3879 
-33.5964 -41.2272 34.3854 -33.7648 -41.3433 34.4517 -34.0248 -41.3888 34.2769 
-34.2359 -41.3962 34.0374 -34.4552 -41.4695 33.9202 -34.6499 -41.5793 33.8152 
-34.812 -41.7135 33.6976 -34.9481 -42.0448 33.3217 -34.9711 -42.208 33.351 
-34.8559 -42.5942 32.9603 -34.9246 -42.5752 33.2018 -34.9795 -42.4289 33.3822 
-30.8799 -38.0534 33.3802 -30.8482 -38.0379 33.4752 -30.8997 -37.968 33.5852 
-31.4887 -37.78 33.7075 -31.3329 -37.7807 33.694 -31.1926 -37.7788 33.7782 
-30.9729 -37.8395 33.8143 -31.5559 -37.7675 33.8608 -31.7048 -37.8268 33.9319 
-31.8574 -37.9519 34.0338 -31.9858 -38.152 34.1603 -32.0871 -38.3653 34.1624 
-32.1166 -38.5673 34.2568 -32.139 -38.8183 34.3422 -32.1565 -39.0206 34.405 
-32.2265 -39.1809 34.3698 -32.4573 -39.8194 34.6782 -32.1806 -39.3191 34.5558 
-32.1322 -39.4221 34.7338 -32.1647 -39.6124 34.9027 -32.3738 -39.8128 34.8296 
-32.5819 -40.0951 34.929 -32.4137 -39.9584 35.0211 -32.6517 -40.2199 35.0073 
-32.7435 -40.3909 35.0469 -32.8706 -40.6373 35.051 -32.9502 -40.8295 35.1024 
-32.9929 -40.9659 35.1875 -33.0857 -41.0887 35.1405 -33.5127 -41.2928 34.6689 
-33.345 -41.2887 34.9347 -33.2081 -41.2928 35.2094 -34.9029 -41.8349 33.5816 
-34.963 -42.0103 33.5485 -33.7235 -41.4103 34.6486 -33.9271 -41.4566 34.5453 
-34.2359 -41.4588 34.2511 -34.1361 -41.4883 34.4267 -34.3782 -41.4829 34.1385 
-34.5501 -41.5684 34.105 -34.764 -41.713 34.0232 -34.9077 -41.8608 33.7971 
-35.0096 -42.2418 33.5948 -34.8644 -42.5991 32.9932 -34.9543 -42.6593 33.3935 
-34.9094 -42.6269 33.1935 -35.0263 -42.5084 33.6484 -30.814 -38.0266 33.5877 
-30.7421 -37.9822 33.7842 -30.7308 -37.9766 33.8161 -31.3372 -37.7281 33.9219 
-31.1066 -37.7428 33.9436 -30.943 -37.759 34.0282 -30.7546 -37.8562 34.0153 
-30.7206 -37.9718 33.836 -31.5402 -37.7392 34.0612 -31.7057 -37.8199 34.1812 
-31.845 -37.9639 34.2966 -31.9258 -38.1232 34.3988 -32.0094 -38.3531 34.3878 
-32.0406 -38.6452 34.4844 -32.0574 -38.9396 34.5666 -32.1278 -39.1435 34.5265 
-32.0352 -39.2039 34.7372 -32.0382 -39.4017 34.8756 -32.2612 -39.8032 35.0234 
-32.1307 -39.7365 35.1425 -31.9839 -39.6049 35.2086 -31.9531 -39.4341 35.0611 
-32.5264 -40.1426 35.1559 -32.2175 -39.8699 35.2253 -32.3378 -40.019 35.2956 
-32.6411 -40.2823 35.155 -32.6679 -40.3952 35.2664 -32.7508 -40.5782 35.3066 
-32.8781 -40.8641 35.3595 -33.0217 -41.1128 35.3463 -33.6215 -41.4269 34.7927 
-33.4913 -41.394 34.8932 -33.4059 -41.4264 35.0861 -33.3352 -41.453 35.2418 
-33.2624 -41.4771 35.4074 -33.0868 -41.3254 35.5176 -34.9927 -42.0587 33.8215 
-33.7962 -41.5048 34.773 -34.0978 -41.5877 34.6843 -34.3578 -41.5547 34.3661 
-34.613 -41.6712 34.344 -34.9157 -41.9142 34.1045 -34.7866 -41.776 34.2732 
-35.0478 -42.2759 33.8533 -34.9521 -42.6622 33.388 -34.9532 -42.6633 33.3939 
-34.9565 -42.666 33.4077 -34.9933 -42.7031 33.6019 -35.0784 -42.4751 33.9234 
-35.052 -42.7407 33.8606 -31.077 -37.6649 34.1951 -31.3588 -37.6723 34.1793 
-30.8041 -37.7464 34.1848 -30.6403 -37.9429 34.0071 -30.5575 -37.8791 34.2005 
-30.5447 -37.871 34.2322 -31.5229 -37.7023 34.3168 -31.6936 -37.8186 34.4515 
-31.8249 -37.9942 34.5405 -31.9044 -38.2035 34.589 -31.943 -38.4564 34.6408 
-31.9559 -38.7317 34.7041 -31.9584 -38.9623 34.7676 -31.8936 -39.0763 34.932 
-31.9392 -39.2773 34.9482 -32.0368 -39.7575 35.3528 -31.8234 -39.4297 35.2942 
-31.831 -39.604 35.5002 -31.8164 -39.2119 35.1453 -32.4273 -40.156 35.3895 
-32.565 -40.2827 35.327 -32.1136 -39.9226 35.5214 -32.2899 -40.0624 35.4759 
-32.5937 -40.4615 35.5233 -32.7177 -40.7384 35.6123 -32.8144 -40.931 35.6249 
-32.9135 -41.1268 35.6418 -33.5993 -41.4998 34.9664 -33.499 -41.5881 35.2486 
-33.1655 -41.5393 35.6841 -33.3368 -41.6267 35.5185 -32.9999 -41.3792 35.7927 
-35.0189 -42.1163 34.0466 -33.8058 -41.6181 34.9884 -34.4137 -41.6647 34.5896 
-34.0346 -41.6903 34.9367 -34.2645 -41.7238 34.8323 -34.7167 -41.767 34.4563 
-34.5944 -41.7301 34.5609 -34.8368 -41.881 34.4155 -34.9822 -42.0874 34.3457 
-35.0738 -42.3031 34.1229 -35.0373 -42.7433 33.8011 -35.1255 -42.5738 34.175 
-35.0463 -42.7528 33.8496 -35.0495 -42.7556 33.863 -35.0618 -42.7653 33.9072 
-30.7323 -37.6235 34.4608 -31.0331 -37.5518 34.4568 -31.2828 -37.593 34.4266 
-30.5343 -37.8644 34.2535 -31.4967 -37.6548 34.617 -31.6905 -37.8573 34.747 
-31.8128 -38.0674 34.7333 -31.8473 -38.2743 34.805 -31.8635 -38.5456 34.8589 
-31.8691 -38.819 34.9042 -31.7818 -38.9242 35.1034 -31.9602 -39.7693 35.5166 
-31.6988 -39.2513 35.3818 -31.7122 -39.4091 35.4769 -31.872 -39.7701 35.6873 
-31.6794 -39.6012 35.8009 -31.6365 -39.4251 35.6622 -31.6856 -39.0165 35.3147 
-32.3158 -40.163 35.6032 -32.4717 -40.2772 35.5048 -32.2195 -40.0518 35.5809 
-32.1348 -40.0572 35.7279 -31.9356 -39.9224 35.8313 -32.6016 -40.6082 35.7216 
-32.4976 -40.5013 35.7831 -32.4067 -40.3347 35.7055 -32.6074 -40.7418 35.884 
-32.7494 -40.9972 35.8888 -32.8739 -41.2695 35.9498 -33.7241 -41.6985 35.1991 
-33.6126 -41.7271 35.3522 -33.4744 -41.7032 35.4558 -33.0563 -41.5538 35.942 
-33.2852 -41.6818 35.6947 -33.2046 -41.6917 35.8848 -33.3986 -41.7288 35.5999 
-32.9523 -41.4397 35.9982 -33.8966 -41.7239 35.1003 -34.484 -41.758 34.727 
-34.0943 -41.7884 35.073 -34.4186 -41.8681 34.9706 -34.671 -41.8381 34.6628 
-34.8477 -41.9803 34.6298 -35.0969 -42.3454 34.4294 -34.9691 -42.1553 34.6775 
-35.1193 -42.821 34.1718 -35.1725 -42.55 34.414 -35.1906 -42.7353 34.3697 
-30.3952 -37.7949 34.4605 -30.3589 -37.7688 34.5262 -30.7294 -37.4463 34.7344 
-30.9252 -37.4654 34.6267 -30.4245 -37.5592 34.774 -31.1376 -37.4793 34.6116 
-31.3081 -37.5233 34.6456 -31.3657 -37.5213 34.8291 -31.533 -37.6696 34.9056 
-31.6405 -37.8285 34.9922 -31.7366 -38.0557 34.9593 -31.7709 -38.3508 35.0245 
-31.7758 -38.6399 35.0668 -31.6822 -38.7379 35.2734 -31.5926 -39.0944 35.5238 
-31.622 -39.2864 35.5539 -31.7344 -39.7709 35.9433 -31.5117 -39.3945 35.9083 
-31.5375 -39.6039 36.0941 -31.5207 -39.205 35.7371 -31.5859 -38.8315 35.4821 
-32.2023 -40.2085 35.8589 -31.9943 -40.0696 35.9754 -31.7668 -39.9277 36.1214 
-32.553 -40.6101 35.8319 -32.3044 -40.4082 35.9865 -32.4732 -40.598 35.9632 
-32.6206 -40.8981 36.0692 -32.4949 -40.7549 36.1383 -32.6736 -41.0429 36.1509 
-32.7681 -41.232 36.1942 -32.8885 -41.4314 36.1721 -33.8293 -41.8037 35.3034 
-33.5736 -41.8074 35.5508 -32.9818 -41.5487 36.1149 -33.0932 -41.6959 36.1479 
-33.3789 -41.7878 35.7675 -33.3163 -41.8539 36.0474 -34.1109 -41.9143 35.2931 
-34.7012 -41.9532 34.8506 -34.3581 -41.9806 35.229 -34.6067 -42.0241 35.0829 
-34.8358 -42.0376 34.8117 -35.082 -42.3292 34.6985 -35.1631 -42.4863 34.6134 
-34.8377 -42.1264 34.9608 -34.9969 -42.2584 34.8711 -35.1458 -42.8385 34.2482 
-35.2112 -42.6446 34.5324 -35.1942 -42.8719 34.3956 -35.2379 -42.8325 34.5879 
-30.3554 -37.776 34.5203 -30.3517 -37.7737 34.5267 -30.3438 -37.7682 34.5399 
-30.2188 -37.6825 34.7709 -30.8814 -37.3916 34.7571 -30.8374 -37.3304 34.9125 
-30.5874 -37.3926 34.9305 -31.0331 -37.3875 34.7923 -30.3749 -37.4472 35.0072 
-30.1279 -37.5603 35.0426 -30.1155 -37.6285 34.9485 -31.2147 -37.4453 34.7641 
-31.1903 -37.3984 34.9674 -31.3816 -37.5352 35.0811 -31.5341 -37.7106 35.1466 
-31.6314 -37.9128 35.1738 -31.6765 -38.1623 35.203 -31.6861 -38.4472 35.2394 
-31.5923 -38.5438 35.4484 -31.4944 -38.928 35.6959 -31.6458 -39.775 36.1062 
-31.4473 -39.2242 35.9077 -31.3879 -39.2424 36.0675 -31.4391 -39.4155 36.0876 
-31.5699 -39.7838 36.2505 -31.4296 -39.6525 36.3575 -31.357 -39.4016 36.2749 
-31.4055 -39.0317 35.9242 -31.496 -38.6405 35.6579 -32.0174 -40.2219 36.1683 
-31.8935 -40.0743 36.1407 -31.792 -40.0732 36.2909 -31.5918 -39.9341 36.4066 
-32.1451 -40.4197 36.2658 -32.3329 -40.5817 36.1936 -32.5553 -40.9594 36.3107 
-32.339 -40.7584 36.449 -32.6635 -41.1297 36.3139 -32.7084 -41.2664 36.4235 
-32.8277 -41.4791 36.4677 -32.9618 -41.6022 36.291 -33.8226 -41.9318 35.5592 
-33.5631 -41.9208 35.8124 -33.0407 -41.7221 36.333 -33.1598 -41.8587 36.3878 
-33.5016 -41.9834 36.0448 -33.3889 -41.9916 36.2648 -34.2162 -42.0175 35.4108 
-34.0412 -42.0017 35.5131 -34.7567 -42.026 34.9287 -34.4217 -42.0916 35.3899 
-34.697 -42.1672 35.2447 -35.1078 -42.4503 34.9222 -35.2159 -42.6482 34.7326 
-34.9195 -42.2794 35.1054 -35.2128 -42.8895 34.4802 -35.2327 -42.9089 34.575 
-35.2599 -42.8176 34.8043 -35.2519 -42.9294 34.6847 -30.8222 -37.2614 35.0937 
-30.6858 -37.3052 35.0508 -31.0172 -37.3199 34.9595 -30.9388 -37.2742 35.0443 
-30.4939 -37.3489 35.1562 -30.2691 -37.4312 35.1728 -30.0618 -37.6025 35.0413 
-30.1004 -37.4699 35.2729 -29.9104 -37.5477 35.3039 -29.9664 -37.5662 35.2028 
-31.0596 -37.3039 35.1075 -31.1926 -37.4037 35.2537 -31.3848 -37.6087 35.366 
-31.5327 -37.7949 35.3249 -31.5764 -37.9915 35.3791 -31.5947 -38.2551 35.418 
-31.5005 -38.3494 35.6292 -31.4024 -38.7364 35.8713 -31.3209 -39.0385 36.1237 
-31.2943 -39.1602 36.2485 -31.492 -39.7911 36.3912 -31.2652 -39.5335 36.5805 
-31.4105 -39.7827 36.531 -31.2072 -39.1808 36.4768 -31.3142 -38.8201 36.0843 
-31.4058 -38.4487 35.8381 -31.9775 -40.3192 36.3748 -31.7987 -40.2004 36.4615 
-31.6925 -40.0714 36.4339 -31.6024 -40.0712 36.5647 -31.459 -39.9533 36.6367 
-32.0059 -40.4313 36.5005 -32.1927 -40.5578 36.3977 -32.4593 -40.9888 36.5868 
-32.6006 -41.1468 36.5117 -32.3289 -40.8769 36.6789 -32.1857 -40.7537 36.7369 
-32.1052 -40.6007 36.6104 -32.6785 -41.3381 36.6434 -32.7598 -41.529 36.7902 
-32.9827 -41.7087 36.4848 -32.8982 -41.6983 36.7338 -33.9243 -42.0329 35.6754 
-33.7607 -42.0088 35.7759 -33.6578 -42.0274 35.9376 -33.2983 -42.013 36.4924 
-33.1837 -41.9723 36.6262 -33.049 -41.8583 36.6712 -33.6336 -42.0901 36.1557 
-33.4862 -42.1092 36.4469 -34.1504 -42.0989 35.6396 -34.356 -42.1548 35.5912 
-34.548 -42.2169 35.542 -34.8026 -42.3008 35.3899 -35.2255 -42.6917 34.9946 
-35.1407 -42.5511 35.152 -35.0059 -42.4216 35.2517 -35.2648 -42.951 34.8008 
-35.2798 -42.8864 34.9636 -30.8276 -37.2444 35.2176 -30.6972 -37.2717 35.1958 
-30.9361 -37.2537 35.1718 -30.2795 -37.3776 35.4196 -30.5903 -37.3047 35.3613 
-30.004 -37.452 35.4459 -29.8891 -37.5434 35.343 -31.0322 -37.2941 35.2591 
-31.0217 -37.3429 35.4367 -31.1847 -37.4718 35.5354 -31.2965 -37.6382 35.6494 
-31.452 -37.8155 35.5249 -31.4875 -38.0657 35.5972 -31.3943 -38.1643 35.8164 
-31.3147 -38.5453 36.0456 -31.2351 -38.9266 36.3007 -31.1086 -39.3075 36.7482 
-31.1247 -39.5795 36.8707 -31.2814 -39.8143 36.7894 -31.1497 -38.9148 36.5008 
-31.0849 -39.0176 36.6804 -31.2284 -38.6422 36.2532 -31.3102 -38.2754 36.0177 
-31.9013 -40.3203 36.4893 -31.8135 -40.3269 36.6266 -31.5974 -40.1892 36.7377 
-31.5096 -40.065 36.692 -31.4113 -40.0344 36.8134 -31.8751 -40.4715 36.7659 
-32.3781 -40.9981 36.7924 -32.5167 -41.1958 36.8227 -32.247 -40.8891 36.8713 
-31.9997 -40.6326 36.8485 -32.058 -40.7683 37.0075 -32.6485 -41.3999 36.8594 
-32.6945 -41.527 36.9948 -32.8157 -41.7086 37.0416 -32.9811 -41.8735 36.9319 
-33.8765 -42.1042 35.9029 -33.3227 -42.0972 36.7217 -33.1343 -41.9969 36.8398 
-33.8204 -42.1612 36.125 -33.7691 -42.2132 36.3702 -33.5637 -42.2102 36.6731 
-34.0862 -42.1617 35.8531 -34.3016 -42.2167 35.8026 -34.6968 -42.322 35.6295 
-34.5346 -42.2889 35.7581 -34.8994 -42.4341 35.5736 -35.2004 -42.6686 35.2336 
-35.2743 -42.8555 35.2121 -35.096 -42.5567 35.3833 -35.274 -42.9653 34.8805 
-35.295 -42.9922 35.0322 -30.7636 -37.2629 35.3181 -30.9015 -37.2661 35.3184 
-29.9943 -37.3948 35.7024 -30.2969 -37.3563 35.686 -30.5225 -37.334 35.5889 
-30.7861 -37.3115 35.5004 -29.8244 -37.4834 35.5438 -29.8412 -37.5303 35.4192 
-30.9633 -37.4166 35.7262 -31.154 -37.5186 35.7372 -31.163 -37.6329 35.892 
-31.3367 -37.8675 35.7939 -31.273 -38.0223 36.0125 -31.2222 -38.3687 36.2199 
-31.1616 -38.734 36.425 -30.9998 -39.1302 36.8956 -31.0092 -39.3982 36.9835 
-31.0254 -39.6084 37.0634 -31.113 -39.7975 37.054 -31.2585 -39.9949 37.0185 
-31.0748 -38.7259 36.6217 -30.9887 -38.8566 36.8389 -31.1254 -38.4789 36.4517 
-31.2168 -38.1435 36.1733 -31.702 -40.3394 36.8092 -31.5671 -40.2871 36.931 
-31.4189 -40.1671 36.9847 -31.6705 -40.4107 36.9834 -31.8205 -40.551 37.0009 
-32.3063 -41.0424 37.0417 -32.4437 -41.249 37.1325 -32.5821 -41.3976 37.0581 
-32.1868 -40.9003 37.0182 -31.9324 -40.6498 36.9998 -32.1157 -40.9056 37.1809 
-31.9225 -40.774 37.294 -31.843 -40.647 37.159 -32.664 -41.5811 37.2305 
-32.7935 -41.8013 37.4051 -32.9394 -41.9118 37.2006 -33.0883 -42.0255 37.0901 
-34.0329 -42.2196 36.0795 -33.2335 -42.1092 36.9819 -33.4298 -42.2185 36.9831 
-34.0048 -42.2867 36.3345 -33.918 -42.3072 36.5195 -33.7621 -42.284 36.6413 
-33.6745 -42.3015 36.8828 -34.4414 -42.3104 35.9351 -34.2725 -42.2863 36.0439 
-34.673 -42.3927 35.8909 -35.061 -42.587 35.6535 -34.9022 -42.4996 35.8281 
-35.1977 -42.7162 35.4568 -35.2963 -43.0027 35.0865 -35.3145 -43.0408 35.2821 
-35.2936 -42.918 35.5313 -29.7157 -37.4589 35.7092 -29.6721 -37.3847 35.9629 
-29.985 -37.3472 35.9792 -30.2212 -37.3535 35.8952 -30.4775 -37.3567 35.827 
-30.6973 -37.3569 35.7337 -29.7623 -37.5086 35.5499 -29.6844 -37.4886 35.6738 
-31.0797 -37.507 35.8392 -30.9761 -37.5146 35.9657 -30.706 -37.421 36.0043 
-31.1922 -37.8117 36.0265 -30.9963 -37.6639 36.176 -31.1267 -37.9293 36.23 
-31.1157 -38.1657 36.3807 -30.9177 -38.9789 37.0175 -30.9109 -39.2274 37.1101 
-30.9256 -39.5255 37.2182 -30.9992 -39.7219 37.1938 -31.0402 -39.861 37.2427 
-31.1357 -39.9679 37.1924 -31.2567 -40.1587 37.2601 -31.0309 -38.4894 36.6604 
-30.982 -38.6222 36.7952 -30.8761 -38.6858 37.0246 -31.0275 -38.2733 36.6013 
-31.4767 -40.3122 37.1286 -31.6031 -40.4876 37.2623 -32.3277 -41.1608 37.2488 
-32.1923 -41.0452 37.3233 -32.3947 -41.2746 37.3266 -32.5093 -41.4191 37.3284 
-32.0074 -40.9106 37.439 -31.7233 -40.6488 37.4054 -31.7858 -40.7687 37.5953 
-32.5895 -41.6087 37.5659 -32.7328 -41.8158 37.7242 -32.9454 -41.9736 37.4244 
-32.8975 -41.9652 37.6587 -33.0509 -42.0453 37.3083 -33.2425 -42.1695 37.2746 
-34.1749 -42.3089 36.2251 -33.5952 -42.3142 37.1198 -33.4556 -42.2768 37.2446 
-34.1622 -42.3707 36.4915 -33.9337 -42.3632 36.7751 -33.8293 -42.3841 37.1259 
-34.4248 -42.3764 36.1909 -34.6397 -42.4357 36.1305 -34.8188 -42.5072 36.0915 
-35.0252 -42.6085 35.9355 -35.1869 -42.7466 35.7569 -35.3192 -43.0565 35.3557 
-35.3558 -43.1055 35.5992 -35.3227 -42.9488 35.8764 -29.5826 -37.4542 35.8466 
-29.6435 -37.4717 35.7395 -29.5187 -37.4368 35.9469 -29.3882 -37.3783 36.1436 
-29.3576 -37.3664 36.1921 -29.6111 -37.2979 36.2231 -29.88 -37.2992 36.2086 
-30.1741 -37.3374 36.1375 -30.407 -37.3662 36.0394 -30.8686 -37.5191 36.11 
-30.7511 -37.5197 36.2667 -30.4413 -37.3976 36.3211 -30.9865 -37.8104 36.3874 
-30.8125 -37.6631 36.4826 -31.0382 -37.9619 36.4316 -31.01 -38.0693 36.5498 
-30.8174 -39.0047 37.2245 -30.818 -39.3213 37.3335 -30.8247 -39.5825 37.4634 
-30.9404 -39.7895 37.3958 -31.0667 -39.9963 37.3769 -31.3901 -40.3366 37.3337 
-31.2661 -40.2844 37.4761 -31.1248 -40.1621 37.5444 -30.9306 -38.3821 36.8307 
-30.8282 -38.3968 37.0386 -30.7604 -38.5245 37.2052 -30.7683 -38.7562 37.2518 
-30.9239 -38.1078 36.7307 -31.392 -40.4164 37.5253 -31.5493 -40.5583 37.5537 
-32.2804 -41.1941 37.4504 -32.0978 -41.0635 37.6148 -32.3946 -41.3473 37.4988 
-32.4816 -41.4599 37.5139 -31.9271 -40.9143 37.6542 -31.6555 -40.6549 37.573 
-31.8174 -40.8571 37.7954 -31.6738 -40.7535 37.8825 -31.5828 -40.6425 37.7374 
-32.6153 -41.7146 37.8183 -32.4998 -41.5889 37.8542 -32.4293 -41.4547 37.6777 
-32.6886 -41.8153 37.9387 -32.8389 -41.9513 37.9803 -33.0833 -42.1059 37.5578 
-33.034 -42.0958 37.8819 -33.4248 -42.2871 37.4832 -33.263 -42.2219 37.5721 
-33.6487 -42.3563 37.3859 -34.4121 -42.4359 36.4729 -34.1635 -42.4253 36.7713 
-34.3187 -42.447 36.6644 -34.0956 -42.4408 37.0202 -33.8776 -42.418 37.4152 
-34.0644 -42.4549 37.3194 -34.6374 -42.4816 36.3507 -34.9785 -42.6098 36.1793 
-34.8491 -42.5611 36.3256 -35.1583 -42.7438 36.1086 -35.3657 -43.1226 35.68 
-35.422 -43.1402 35.8721 -35.3191 -42.9034 36.2074 -35.4219 -43.0691 36.0722 
-29.3419 -37.3591 36.2155 -29.4882 -37.2457 36.3958 -29.7215 -37.2369 36.3829 
-29.9032 -37.2486 36.4123 -30.1069 -37.3027 36.3831 -30.6261 -37.5111 36.4752 
-30.4735 -37.4483 36.5963 -30.2392 -37.3403 36.6445 -30.9113 -37.8891 36.5987 
-30.6117 -37.5716 36.6902 -30.7416 -37.7467 36.7573 -30.715 -38.9122 37.3933 
-30.7205 -39.1535 37.458 -30.7319 -39.4141 37.5483 -30.7462 -39.6094 37.6416 
-30.8234 -39.7956 37.6662 -30.9666 -39.9946 37.6189 -31.217 -40.3178 37.6978 
-31.0396 -40.1752 37.8201 -30.8162 -38.153 36.963 -30.735 -38.2724 37.169 
-30.6681 -38.3983 37.3331 -30.6639 -38.6667 37.4201 -30.8117 -37.9378 36.8351 
-31.3766 -40.4885 37.811 -32.2607 -41.2739 37.7235 -31.9361 -40.9784 37.847 
-32.0794 -41.134 37.9024 -31.7821 -40.8757 38.0137 -31.4911 -40.6265 38.0075 
-31.6144 -40.7527 38.1562 -32.5811 -41.7166 38.0281 -32.3498 -41.4344 37.936 
-32.445 -41.5797 38.125 -32.6973 -41.8458 38.1658 -32.8475 -41.9756 38.3257 
-33.0177 -42.0919 38.2037 -33.2185 -42.2092 37.8144 -33.2003 -42.1993 38.1113 
-33.4051 -42.293 37.7603 -33.6105 -42.3557 37.6987 -33.8386 -42.4093 37.6589 
-34.5386 -42.5067 36.6748 -34.3517 -42.4909 36.9219 -34.2958 -42.5011 37.2339 
-34.0713 -42.4555 37.6169 -34.2905 -42.4993 37.5358 -34.7844 -42.5709 36.5687 
-35.0163 -42.6635 36.4319 -35.2032 -42.7843 36.3782 -35.4095 -43.1494 35.8016 
-35.426 -43.1629 35.8671 -35.4374 -43.1651 35.9095 -35.3215 -42.8917 36.4917 
-35.4298 -43.0414 36.3289 -35.4569 -43.1737 36.0205 -35.4853 -43.1905 36.1723 
-29.3047 -37.3399 36.2667 -29.3896 -37.1864 36.6218 -29.2752 -37.2652 36.427 
-29.6408 -37.1899 36.5621 -29.8156 -37.2101 36.5231 -29.9868 -37.2454 36.5787 
-30.4109 -37.4642 36.8348 -30.0128 -37.2453 36.8179 -30.1938 -37.3449 36.9662 
-30.554 -37.6515 36.9764 -30.6983 -37.8255 36.9476 -30.6037 -38.9807 37.6256 
-30.6501 -39.2719 37.6476 -30.6579 -39.5109 37.7752 -30.7232 -39.7019 37.7795 
-30.7542 -39.8303 37.8752 -30.8624 -39.997 37.9093 -31.1603 -40.3426 37.9898 
-30.9641 -40.1876 38.1508 -30.7354 -37.9634 37.0067 -30.7055 -38.0711 37.1287 
-30.5974 -38.1318 37.3486 -30.5597 -38.4219 37.5302 -30.5564 -38.6889 37.6184 
-31.2991 -40.4911 38.1505 -32.1942 -41.2831 38.0191 -31.9283 -41.0317 38.1283 
-32.0702 -41.1743 38.1136 -31.7486 -40.8854 38.2923 -31.4387 -40.6235 38.307 
-31.5839 -40.7526 38.4459 -32.5603 -41.7222 38.2933 -32.2773 -41.4119 38.2443 
-32.4155 -41.5808 38.4209 -32.6931 -41.8556 38.4587 -32.8445 -41.9778 38.6436 
-33.0225 -42.0914 38.5333 -33.2049 -42.1913 38.4267 -33.3905 -42.2842 38.0437 
-33.3905 -42.272 38.3403 -33.5968 -42.3478 37.9924 -33.8244 -42.3966 37.9531 
-34.0734 -42.4386 37.9211 -34.722 -42.5775 36.8149 -34.5783 -42.5482 36.9335 
-34.5325 -42.5514 37.1711 -34.5054 -42.5455 37.4564 -34.3532 -42.484 37.8821 
-34.5192 -42.53 37.7304 -34.9494 -42.659 36.8035 -35.1673 -42.7664 36.6434 
-35.3219 -42.8843 36.779 -35.442 -43.0317 36.6027 -35.4896 -43.1949 36.2009 
-35.5187 -43.2007 36.429 -29.201 -37.2936 36.4139 -29.1464 -37.2444 36.5645 
-29.1616 -37.176 36.8069 -29.4252 -37.1369 36.8478 -29.6145 -37.1535 36.7753 
-29.13 -37.266 36.5267 -29.817 -37.1903 36.6967 -30.3371 -37.4836 37.1163 
-29.807 -37.1764 36.93 -29.9863 -37.2442 37.0787 -30.1145 -37.3521 37.2791 
-30.6081 -37.875 37.1569 -30.403 -37.6576 37.3154 -30.484 -38.8195 37.7907 
-30.4956 -39.0415 37.8531 -30.5539 -39.273 37.8565 -30.571 -39.5333 38.0273 
-30.6675 -39.7134 37.9622 -30.7317 -39.8907 38.0761 -30.8159 -40.035 38.1653 
-31.1176 -40.3592 38.2971 -30.8331 -40.0959 38.4002 -30.9762 -40.2511 38.468 
-30.5013 -37.8833 37.3727 -30.4516 -37.9914 37.5389 -30.4907 -38.1953 37.5703 
-30.4466 -38.3395 37.6995 -30.4639 -38.5611 37.742 -31.2534 -40.4867 38.484 
-32.1386 -41.264 38.2234 -32.0243 -41.1563 38.319 -31.8805 -41.021 38.4396 
-31.7267 -40.8828 38.5888 -31.4242 -40.6256 38.6016 -31.5739 -40.749 38.7411 
-32.5459 -41.7255 38.5873 -32.14 -41.2888 38.4436 -32.2716 -41.4384 38.5712 
-32.4033 -41.5892 38.7237 -32.6811 -41.856 38.7608 -32.8266 -41.976 38.9472 
-33.0146 -42.0871 38.8532 -33.2335 -42.1926 38.7733 -33.4031 -42.2621 38.6328 
-33.5945 -42.3342 38.2867 -33.5969 -42.3203 38.5766 -33.8211 -42.3807 38.2515 
-34.0699 -42.417 38.2269 -34.3414 -42.4504 38.2103 -34.7809 -42.6123 37.0853 
-34.7359 -42.5985 37.4003 -34.7174 -42.574 37.6777 -34.5964 -42.5151 37.9594 
-34.6404 -42.4854 38.2148 -34.7058 -42.5464 37.8809 -35.0128 -42.6914 37.0994 
-35.1672 -42.7679 36.9509 -35.3399 -42.8804 37.0664 -35.4612 -43.025 36.8875 
-35.5487 -43.2041 36.6939 -35.5022 -43.2073 36.2584 -35.5261 -43.2419 36.3924 
-35.5362 -43.2507 36.4469 -29.104 -37.257 36.57 -29.0268 -37.246 36.7093 
-28.9363 -37.1989 36.8771 -28.899 -37.1904 36.9437 -29.1196 -37.12 37.0883 
-29.3661 -37.1165 37.039 -29.5932 -37.1317 37.0003 -30.2767 -37.4873 37.301 
-29.7748 -37.1751 37.1949 -29.9508 -37.2424 37.2495 -30.1989 -37.4931 37.4728 
-29.989 -37.3586 37.5801 -29.8773 -37.2445 37.412 -30.3951 -37.8011 37.5055 
-30.2562 -37.6569 37.6039 -30.3929 -38.691 37.9143 -30.3967 -38.9455 38.0164 
-30.4562 -39.1667 37.9999 -30.4742 -39.3575 38.1027 -30.5022 -39.5379 38.2306 
-30.6075 -39.7501 38.2661 -30.7274 -39.9521 38.294 -31.095 -40.3645 38.5341 
-30.6855 -39.9367 38.5712 -30.8711 -40.1609 38.7544 -31.0148 -40.3005 38.6687 
-30.3046 -37.8591 37.698 -30.3624 -38.1239 37.7509 -30.3308 -38.4184 37.9234 
-31.1407 -40.4043 38.75 -31.2941 -40.5234 38.7474 -32.0057 -41.1567 38.5904 
-31.8655 -41.0176 38.7369 -31.7215 -40.8794 38.8878 -31.4206 -40.6204 38.8888 
-31.5737 -40.7452 39.0391 -32.5309 -41.7283 38.8813 -32.1346 -41.3006 38.7318 
-32.2654 -41.4519 38.8734 -32.3932 -41.6011 39.011 -32.6554 -41.8564 39.0525 
-32.79 -41.983 39.2211 -32.9839 -42.0912 39.1466 -33.1924 -42.1838 39.0786 
-33.4309 -42.2639 38.8602 -33.3912 -42.2534 39.0399 -33.5911 -42.3107 38.8379 
-33.8214 -42.3666 38.5456 -33.8135 -42.3599 38.8291 -34.0684 -42.4014 38.5226 
-34.3328 -42.4299 38.5072 -34.6109 -42.4568 38.5019 -34.9728 -42.6693 37.3541 
-34.9488 -42.6351 37.6477 -34.9306 -42.5834 37.9458 -34.7952 -42.5279 38.0886 
-34.9243 -42.5076 38.3222 -34.8797 -42.4814 38.5142 -35.2021 -42.772 37.2728 
-35.3787 -42.8812 37.2907 -35.4866 -43.0061 37.1687 -35.5877 -43.1966 36.9857 
-35.5644 -43.2822 36.6154 -35.5899 -43.2975 36.7249 -28.8647 -37.1783 36.9883 
-28.9118 -37.1155 37.1586 -29.1003 -37.0844 37.3361 -29.3446 -37.1037 37.2798 
-29.5419 -37.1223 37.1981 -29.598 -37.1559 37.4455 -30.0702 -37.502 37.7247 
-29.7593 -37.2496 37.6634 -29.8297 -37.3689 37.8719 -30.0872 -37.683 37.8945 
-30.2906 -38.7092 38.1233 -30.2975 -38.9798 38.2709 -30.385 -39.1835 38.1959 
-30.4141 -39.3991 38.3364 -30.4787 -39.5989 38.4427 -30.5517 -39.7554 38.5535 
-30.5597 -39.8069 38.8037 -30.6905 -39.9779 38.9359 -31.0146 -40.3003 38.8351 
-30.8204 -40.1239 39.1216 -30.9704 -40.26 39.0336 -30.2079 -37.949 37.9045 
-30.2498 -38.162 37.9503 -30.1885 -38.2926 38.1116 -30.2276 -38.4951 38.1392 
-31.0916 -40.3622 38.9666 -31.2437 -40.4803 39.0133 -31.999 -41.1595 38.8844 
-31.8626 -41.0183 39.0337 -31.7231 -40.8826 39.1833 -31.4153 -40.6137 39.1884 
-31.5744 -40.7523 39.3346 -32.5084 -41.7347 39.1458 -32.1283 -41.3112 39.0288 
-32.2576 -41.4747 39.1631 -32.3875 -41.6327 39.2582 -32.5984 -41.8631 39.3397 
-32.7571 -42.0146 39.4188 -32.9264 -42.1132 39.3891 -33.1649 -42.2193 39.3634 
-33.3776 -42.2739 39.2734 -33.5496 -42.2995 39.016 -33.5729 -42.3232 39.2163 
-33.7689 -42.3632 39.1059 -34.0663 -42.3993 38.8072 -34.051 -42.4173 39.0796 
-34.3247 -42.4278 38.7814 -34.5964 -42.4565 38.7689 -34.873 -42.4843 38.7501 
-35.1762 -42.7251 37.5846 -35.1814 -42.6745 37.8935 -34.9895 -42.5453 38.1899 
-35.1904 -42.6022 38.2118 -35.0993 -42.5357 38.3491 -35.127 -42.514 38.5338 
-35.0785 -42.5021 38.7033 -35.3637 -42.8379 37.5009 -35.4843 -42.9555 37.3932 
-35.6331 -43.1512 37.3402 -35.6178 -43.32 36.8579 -35.6656 -43.342 37.0251 
-28.7725 -37.1389 37.1336 -28.7322 -37.1256 37.2015 -28.8433 -37.0712 37.3546 
-29.0578 -37.0638 37.5775 -29.3155 -37.1039 37.536 -29.5056 -37.1745 37.7628 
-29.9763 -37.508 37.89 -29.6797 -37.254 37.8334 -29.8657 -37.5156 38.0463 
-29.6201 -37.3761 38.175 -29.5761 -37.2571 37.98 -30.0608 -37.8571 38.067 
-29.8636 -37.6912 38.2167 -30.1934 -38.6202 38.2719 -30.2079 -38.806 38.3636 
-30.2268 -38.9962 38.4766 -30.3063 -39.2097 38.4777 -30.3788 -39.4544 38.5953 
-30.4589 -39.6398 38.6961 -30.4469 -39.6621 38.9665 -30.5561 -39.829 39.1065 
-30.6751 -39.9814 39.2557 -30.7891 -40.1111 39.42 -30.9409 -40.2409 39.318 
-31.0953 -40.3635 39.1967 -30.1273 -38.0609 38.092 -30.0431 -38.2044 38.3096 
-30.1314 -38.4456 38.2968 -31.2471 -40.4869 39.3457 -31.9921 -41.1664 39.176 
-31.8595 -41.0291 39.3155 -31.7206 -40.906 39.4631 -31.4116 -40.6268 39.4896 
-31.5656 -40.7824 39.6096 -32.4811 -41.7365 39.3018 -32.11 -41.3304 39.3205 
-32.2482 -41.54 39.4513 -32.4265 -41.729 39.4329 -32.6606 -41.9896 39.5199 
-32.5109 -41.8912 39.5641 -32.819 -42.149 39.5814 -33.0554 -42.2534 39.5529 
-33.2371 -42.3228 39.5541 -33.3933 -42.3428 39.4846 -33.5561 -42.361 39.4059 
-33.7956 -42.4308 39.405 -34.0104 -42.449 39.3008 -34.3289 -42.4566 39.0462 
-34.3144 -42.5306 39.3253 -34.5564 -42.4738 38.9826 -34.8656 -42.534 39.0214 
-35.1701 -42.5574 38.9101 -35.3887 -42.7986 37.7852 -35.4428 -42.7444 38.1323 
-35.2381 -42.5569 38.4406 -35.4158 -42.6412 38.4625 -35.3138 -42.5563 38.5836 
-35.2983 -42.549 38.7364 -35.5337 -42.9481 37.6132 -35.6891 -43.3551 37.1152 
-35.7502 -43.3726 37.2811 -35.6866 -43.0866 37.6745 -35.7632 -43.2835 37.508 
-28.6392 -37.0619 37.3425 -28.604 -37.0471 37.4025 -28.7776 -37.0129 37.6107 
-29.0404 -37.0597 37.8331 -29.2492 -37.1041 37.7591 -29.2941 -37.1559 38.0304 
-29.7549 -37.5184 38.2015 -29.4693 -37.2546 38.1277 -29.6411 -37.5224 38.3532 
-29.4086 -37.3736 38.4767 -29.3591 -37.2501 38.2743 -29.9754 -37.9472 38.2493 
-29.8274 -37.8605 38.4057 -29.6435 -37.6925 38.5323 -30.1171 -38.6436 38.4656 
-30.1442 -38.8682 38.6012 -30.2035 -39.0905 38.688 -30.2793 -39.3165 38.8077 
-30.3726 -39.5156 38.8311 -30.3241 -39.4744 39.1005 -30.4363 -39.6782 39.2677 
-30.5498 -39.8482 39.4049 -30.6605 -39.9915 39.5275 -30.7498 -40.1024 39.6427 
-30.8959 -40.233 39.6239 -31.0754 -40.3619 39.4864 -29.8982 -38.0562 38.4459 
-29.9449 -38.2352 38.5034 -30.0166 -38.4294 38.5236 -31.2209 -40.505 39.6704 
-31.9718 -41.1785 39.439 -31.8523 -41.0644 39.5544 -31.7024 -40.9756 39.7296 
-31.4066 -40.667 39.7444 -31.5242 -40.8235 39.8374 -32.0392 -41.3452 39.615 
-32.1698 -41.5685 39.6726 -32.327 -41.7398 39.6276 -32.6259 -42.0579 39.648 
-32.4318 -42.0026 39.7578 -32.7169 -42.2883 39.7658 -33.0071 -42.3709 39.7029 
-33.1921 -42.3899 39.6578 -33.3881 -42.4531 39.6464 -33.6394 -42.4829 39.5872 
-33.8976 -42.553 39.5993 -34.111 -42.5616 39.5188 -34.649 -42.5597 39.2258 
-34.3963 -42.6816 39.5496 -34.6268 -42.6862 39.4442 -34.9723 -42.6565 39.2631 
-35.1912 -42.6619 39.1344 -35.426 -42.6277 38.8724 -35.3792 -42.6688 39.0284 
-35.6068 -42.9201 37.9177 -35.6425 -42.8668 38.1747 -35.6155 -42.7963 38.3901 
-35.4304 -42.601 38.6683 -35.5981 -42.7419 38.7084 -35.4536 -42.61 38.7648 
-35.7408 -43.3824 37.2303 -35.7539 -43.3902 37.2667 -35.7609 -43.3937 37.2923 
-35.7414 -43.0736 37.8764 -35.7843 -43.205 37.7329 -35.7916 -43.4043 37.4179 
-35.8471 -43.4224 37.6426 -28.5411 -37.0001 37.4609 -28.5364 -36.9675 37.5309 
-28.5903 -36.9326 37.7381 -28.8178 -36.9921 37.9067 -29.0192 -37.0627 38.0657 
-29.0856 -37.1214 38.3395 -29.5336 -37.5226 38.5067 -29.2541 -37.2399 38.4319 
-29.4406 -37.5236 38.6657 -29.2554 -37.3627 38.7686 -29.1603 -37.2225 38.5999 
-29.7414 -37.9515 38.6205 -29.6086 -37.828 38.7311 -29.4888 -37.688 38.8002 
-30.0235 -38.6834 38.7687 -30.1115 -38.9628 38.8668 -30.183 -39.1541 38.9156 
-30.2209 -39.2766 39.0608 -30.2139 -39.3206 39.3221 -30.3207 -39.5288 39.4504 
-30.4343 -39.7205 39.5683 -30.5491 -39.891 39.6825 -30.6607 -40.0255 39.7233 
-30.7482 -40.1672 39.88 -31.0377 -40.3696 39.7256 -30.9271 -40.3059 39.8389 
-29.845 -38.173 38.6409 -29.9181 -38.331 38.6403 -29.9423 -38.4692 38.7282 
-31.0545 -40.4743 39.9587 -31.2746 -40.6028 39.8767 -31.9408 -41.1806 39.5939 
-31.8701 -41.1702 39.7191 -31.5868 -40.9888 39.9337 -31.729 -41.1629 39.9044 
-31.3896 -40.7209 39.9147 -31.431 -40.8685 40.015 -32.0516 -41.5084 39.7884 
-31.9068 -41.3492 39.8406 -32.1678 -41.7464 39.8224 -32.225 -42.0438 39.9193 
-32.456 -42.2933 39.8885 -32.7014 -42.5878 39.8878 -32.9903 -42.5941 39.8226 
-33.2817 -42.591 39.7642 -33.5873 -42.645 39.7398 -33.8476 -42.6697 39.7142 
-34.0755 -42.6836 39.6802 -34.2555 -42.7005 39.6453 -34.8393 -42.6892 39.3801 
-34.4049 -42.8084 39.6602 -34.6269 -42.891 39.5937 -34.8954 -42.8563 39.4857 
-35.0158 -42.7682 39.3931 -35.2215 -42.8275 39.3152 -35.4692 -42.8344 39.1554 
-35.566 -42.7603 38.9722 -35.7476 -43.012 38.0785 -35.7406 -42.9387 38.284 
-35.7729 -42.9481 38.4872 -35.8086 -42.9649 38.7054 -35.748 -42.9055 38.8977 
-35.8258 -43.2053 37.9231 -35.8386 -43.4417 37.5676 -35.8479 -43.453 37.6117 
-35.8541 -43.4611 37.6437 -35.9019 -43.4286 37.9365 -28.4992 -36.9698 37.5035 
-28.4695 -36.9405 37.5548 -28.4346 -36.9117 37.6259 -28.3902 -36.8781 37.6984 
-28.401 -36.8495 37.8202 -28.6236 -36.9123 37.9991 -28.8399 -36.9974 38.1704 
-28.8336 -36.9977 38.4031 -28.9121 -37.0529 38.6601 -29.3283 -37.528 38.9234 
-29.0544 -37.1924 38.8818 -29.1607 -37.3529 39.0577 -29.6439 -37.9576 38.8062 
-29.7245 -38.1271 38.8448 -29.5356 -37.8718 38.942 -29.3971 -37.7075 39.0514 
-29.9171 -38.5438 38.8937 -29.9421 -38.673 39.0234 -30.0178 -38.8541 39.0771 
-30.1197 -39.0993 39.1624 -30.1006 -39.1621 39.5105 -30.203 -39.3765 39.6418 
-30.3154 -39.6071 39.787 -30.439 -39.7831 39.7906 -30.5057 -39.8965 39.8734 
-30.602 -39.9947 39.8416 -30.8909 -40.3163 39.9495 -30.8282 -40.3441 40.0691 
-30.6304 -40.2132 40.1324 -30.5504 -40.017 40.0006 -29.8449 -38.3535 38.8434 
-31.1005 -40.6716 40.1627 -30.9106 -40.5274 40.1852 -31.2614 -40.694 40.0316 
-31.495 -41.1601 40.1129 -31.7575 -41.3873 40.0086 -31.2682 -40.8782 40.1742 
-31.9525 -41.5725 39.9297 -32.0054 -41.8373 39.985 -32.0468 -42.1132 40.0272 
-32.245 -42.2995 39.9839 -32.4228 -42.5624 39.967 -32.6489 -42.9182 39.9362 
-32.9756 -42.8836 39.8916 -33.2631 -42.8653 39.8546 -33.5438 -42.8595 39.8257 
-33.8097 -42.8606 39.8 -34.0498 -42.8547 39.7664 -34.2554 -42.838 39.7211 
-34.4507 -42.9956 39.6993 -34.666 -43.1842 39.6427 -34.8903 -43.1074 39.5595 
-35.107 -42.8892 39.4326 -35.103 -43.0552 39.4815 -35.2514 -43.0044 39.405 
-35.4641 -43.0822 39.2991 -35.6747 -42.9037 39.0564 -35.6807 -43.0546 39.1534 
-35.8537 -43.1547 38.2193 -35.923 -43.2008 38.5304 -35.9099 -43.1246 38.8279 
-35.818 -43.0544 39.0145 -35.899 -43.5244 37.8274 -35.9247 -43.5801 37.9361 
-35.9568 -43.4473 38.2232 -28.3412 -36.8428 37.7756 -28.2842 -36.7916 37.8786 
-28.2491 -36.7674 37.9392 -28.4356 -36.821 38.0908 -28.6479 -36.906 38.267 
-28.6795 -36.9088 38.5401 -28.7081 -36.9016 38.8293 -28.8713 -37.0258 38.9777 
-29.2548 -37.5538 39.2261 -28.9843 -37.1484 39.2065 -29.1109 -37.3524 39.3497 
-29.621 -38.0246 38.9438 -29.6523 -38.1397 39.043 -29.735 -38.2998 39.0764 
-29.4519 -37.8809 39.199 -29.5623 -38.0342 39.1312 -29.3508 -37.7403 39.2672 
-29.843 -38.5264 39.123 -29.9192 -38.7393 39.2613 -30.0033 -38.9447 39.3822 
-29.9763 -39.0063 39.7092 -30.0808 -39.2249 39.8253 -30.1752 -39.4284 39.932 
-30.2326 -39.6171 40.0776 -30.3903 -39.8209 40.0068 -30.7275 -40.4026 40.2254 
-30.4255 -40.04 40.2027 -30.4997 -40.3371 40.3351 -30.9727 -40.6917 40.272 
-31.0993 -40.8038 40.2624 -30.7614 -40.6147 40.3308 -31.2769 -41.0566 40.2457 
-31.3058 -41.2195 40.2582 -31.3991 -41.4613 40.2287 -31.619 -41.4715 40.1266 
-31.7999 -41.6486 40.0615 -31.1538 -40.938 40.2848 -31.829 -41.9299 40.0916 
-32.0967 -42.3329 40.0418 -31.8772 -42.2536 40.0944 -32.2259 -42.4689 40.0181 
-32.2778 -42.6188 40.015 -32.4028 -42.7589 39.9894 -32.5286 -42.9208 39.9552 
-32.6155 -42.9751 39.9294 -32.6875 -43.0182 39.924 -32.9867 -43.1837 39.8991 
-32.9795 -43.1858 39.899 -33.2528 -43.1468 39.8835 -33.5217 -43.1193 39.8629 
-33.7774 -43.0908 39.841 -34.0188 -43.0743 39.81 -34.2481 -43.051 39.764 
-34.4478 -43.2517 39.717 -34.6367 -43.4934 39.637 -34.8866 -43.3948 39.5707 
-35.11 -43.3073 39.501 -35.3053 -43.2202 39.4185 -35.5175 -43.402 39.3249 
-35.7017 -43.2996 39.2113 -35.8479 -43.2332 39.087 -36.0197 -43.5133 38.4698 
-36.0109 -43.3622 38.7077 -35.9913 -43.3001 38.8768 -35.9277 -43.2039 38.9712 
-35.9466 -43.63 38.0156 -35.9972 -43.7389 38.2191 -28.2257 -36.7509 37.9797 
-28.2552 -36.7289 38.1901 -28.4696 -36.8069 38.3744 -28.5052 -36.789 38.672 
-28.5422 -36.7441 39.0277 -28.7375 -36.8956 39.064 -28.837 -36.9749 39.196 
-29.183 -37.5128 39.477 -29.2825 -37.7081 39.4961 -28.8629 -36.9798 39.4487 
-28.9993 -37.1898 39.5229 -29.0964 -37.3857 39.6227 -29.63 -38.214 39.2573 
-29.725 -38.4325 39.3767 -29.388 -37.8646 39.402 -29.4996 -38.0782 39.449 
-29.8275 -38.6244 39.3979 -29.8871 -38.7946 39.5573 -29.8268 -38.8273 39.9057 
-29.9442 -39.0862 40.0381 -30.0616 -39.3047 40.0818 -30.1306 -39.464 40.1374 
-30.1053 -39.5895 40.3004 -30.252 -39.8169 40.2481 -30.2187 -40.0578 40.4156 
-30.2182 -40.4109 40.4964 -30.5027 -40.6381 40.4372 -30.9681 -40.864 40.3405 
-30.7284 -40.8623 40.4118 -31.1181 -41.1058 40.3279 -31.1982 -41.3243 40.3114 
-31.1638 -41.5362 40.3099 -31.3547 -41.8041 40.2365 -31.6086 -41.7209 40.1622 
-31.6205 -42.0194 40.1636 -32.0864 -42.5368 40.0508 -31.7092 -42.2857 40.1231 
-31.8521 -42.4153 40.0878 -31.9958 -42.5379 40.0622 -32.2927 -42.7644 40.0072 
-32.2517 -42.7358 40.0149 -32.4062 -42.8419 39.9816 -32.9869 -43.1898 39.8981 
-33.247 -43.3134 39.871 -33.0006 -43.1962 39.8972 -33.499 -43.385 39.8543 
-33.4582 -43.3897 39.8558 -33.7609 -43.3466 39.8363 -33.9678 -43.2769 39.8208 
-34.2094 -43.3204 39.773 -34.4135 -43.4751 39.7074 -34.5463 -43.6053 39.6329 
-34.6536 -43.6191 39.6072 -34.8652 -43.6377 39.5397 -34.7884 -43.6309 39.5659 
-35.1005 -43.5826 39.485 -34.9661 -43.646 39.5114 -35.3156 -43.4982 39.4179 
-35.5107 -43.689 39.3084 -35.7199 -43.5858 39.2149 -35.5558 -43.6962 39.2862 
-35.8714 -43.4721 39.1044 -35.9653 -43.3783 38.9853 -36.052 -43.7736 38.4582 
-36.0629 -43.6143 38.6517 -36.0344 -43.498 38.8383 -35.9825 -43.7284 38.1428 
-35.9894 -43.7643 38.1893 -35.9942 -43.7835 38.2281 -28.1521 -36.7049 38.1052 
-28.0725 -36.6593 38.2363 -28.0798 -36.6534 38.2974 -28.2943 -36.7076 38.479 
-28.3344 -36.6785 38.7593 -28.3394 -36.6337 38.959 -28.4069 -36.6257 39.1196 
-28.499 -36.6573 39.2078 -28.7229 -36.8458 39.2649 -28.598 -36.7089 39.3347 
-29.1815 -37.5863 39.7089 -29.2669 -37.7958 39.7928 -29.3694 -37.9242 39.6292 
-28.7318 -36.807 39.4921 -28.8082 -36.8781 39.7322 -28.9218 -37.065 39.7026 
-29.0066 -37.2472 39.8 -29.092 -37.4603 39.8808 -29.6142 -38.2954 39.493 
-29.6649 -38.4383 39.6282 -29.7637 -38.617 39.6591 -29.4384 -38.1072 39.7531 
-29.5532 -38.3089 39.7535 -29.7398 -38.6625 39.8678 -29.8345 -38.9482 40.14 
-29.7472 -38.834 40.1689 -29.6926 -38.6731 40.0301 -29.8375 -39.0616 40.2798 
-29.9545 -39.2447 40.255 -30.0461 -39.3997 40.2481 -30.1145 -39.795 40.4121 
-29.9728 -39.6406 40.4852 -29.9402 -39.4104 40.409 -29.992 -39.8746 40.538 
-29.9997 -40.1372 40.5686 -29.9608 -40.3605 40.5813 -30.0662 -40.5899 40.5184 
-30.1281 -40.6617 40.5132 -30.2998 -40.7036 40.4947 -30.4966 -40.9007 40.4606 
-30.905 -41.0479 40.3888 -30.717 -41.1081 40.4235 -30.9683 -41.2962 40.3703 
-31.1127 -41.7107 40.2972 -31.1681 -41.7656 40.2789 -30.9668 -41.5616 40.3409 
-31.2822 -41.8796 40.2315 -31.3948 -41.988 40.2098 -31.4837 -42.0734 40.184 
-31.6166 -42.1989 40.1483 -32.0728 -42.6011 40.0452 -32.1924 -42.6907 40.0268 
-33.495 -43.4023 39.8512 -33.7444 -43.4647 39.8144 -33.5201 -43.4084 39.8476 
-34.0231 -43.5216 39.7755 -34.0073 -43.5184 39.778 -34.0319 -43.5232 39.7737 
-34.1418 -43.5459 39.751 -34.2697 -43.5624 39.7261 -34.4297 -43.5906 39.6712 
-35.2901 -43.6715 39.4031 -35.1985 -43.6644 39.4376 -35.0982 -43.6556 39.4674 
-35.4747 -43.6858 39.3264 -35.8805 -43.7336 39.0877 -35.7243 -43.7261 39.1956 
-35.8543 -43.7549 39.1031 -35.9873 -43.6166 38.9681 -36.0325 -43.842 38.4115 
-36.054 -43.85 38.4793 -36.0773 -43.8139 38.6157 -36.0545 -43.7649 38.7913 
-28.05 -36.6519 38.2729 -28.0169 -36.6366 38.3425 -27.9616 -36.6114 38.4641 
-28.1272 -36.6251 38.5861 -28.1951 -36.6012 38.8221 -28.2069 -36.5491 39.0554 
-28.4224 -36.5793 39.3331 -28.6217 -36.669 39.656 -29.1661 -37.6794 39.9881 
-29.252 -37.8908 40.0365 -29.345 -37.9997 39.8941 -28.7406 -36.7688 39.8477 
-28.7987 -36.8594 39.9485 -28.8949 -37.0716 39.9884 -29.0012 -37.351 40.059 
-29.0776 -37.5393 40.0852 -29.6648 -38.531 39.8394 -29.4201 -38.2264 40.0305 
-29.5608 -38.4814 40.051 -29.7896 -38.9395 40.2447 -29.5933 -38.7005 40.2793 
-29.7156 -38.9186 40.3323 -29.852 -39.2184 40.3987 -29.7236 -39.0846 40.4496 
-29.8284 -39.491 40.5499 -29.8074 -39.6805 40.6066 -29.7624 -39.2927 40.5228 
-29.7975 -39.9296 40.6369 -29.7803 -40.1795 40.6349 -29.9972 -40.514 40.5496 
-29.8789 -40.3879 40.5842 -30.2697 -40.8266 40.4818 -30.3516 -40.9134 40.467 
-30.4826 -41.0586 40.4426 -30.5603 -41.1405 40.4284 -30.7125 -41.3027 40.4004 
-30.762 -41.3545 40.3881 -30.9341 -41.528 40.3503 -34.2656 -43.571 39.7242 
-34.2816 -43.5733 39.7196 -35.9101 -43.7705 39.0463 -35.9836 -43.7937 38.9517 
-35.8788 -43.7614 39.0829 -36.0158 -43.8161 38.8738 -36.0692 -43.8629 38.572 
-36.07 -43.8634 38.6287 -36.0538 -43.8412 38.7449 -36.0447 -43.8342 38.8004 
-27.9282 -36.589 38.5402 -27.9694 -36.5574 38.7517 -27.9298 -36.4747 39.054 
-28.1693 -36.4409 39.3475 -28.3964 -36.4804 39.5896 -28.4954 -36.5125 39.8487 
-28.6693 -36.7201 40.0225 -29.1023 -37.6705 40.1818 -29.1661 -37.8279 40.1943 
-29.3122 -38.0579 40.1012 -29.2357 -37.9878 40.2104 -28.7994 -36.916 40.106 
-28.8348 -37.0531 40.2172 -28.8916 -37.2649 40.2713 -28.9986 -37.5476 40.2768 
-29.2888 -38.1809 40.2926 -29.4186 -38.4415 40.3103 -29.4163 -38.655 40.4811 
-29.5633 -38.8897 40.4766 -29.563 -39.1196 40.5853 -29.6144 -39.4219 40.6386 
-29.5894 -39.7109 40.6793 -29.5752 -39.9784 40.6764 -29.7174 -40.1933 40.6357 
-29.7743 -40.2609 40.6196 -27.8712 -36.571 38.6629 -27.8243 -36.5468 38.7806 
-27.7833 -36.5165 38.8896 -27.7161 -36.4628 39.0868 -27.7002 -36.4453 39.1355 
-27.8933 -36.3868 39.2982 -28.0551 -36.3432 39.5198 -28.2428 -36.3802 39.5879 
-28.3475 -36.399 39.7442 -28.335 -36.3895 39.9418 -28.495 -36.5251 40.0938 
-28.5421 -36.6952 40.2973 -28.7154 -36.9248 40.2937 -29.0757 -37.7612 40.3142 
-29.1356 -37.9751 40.3741 -28.7975 -37.1194 40.3569 -28.7901 -37.2603 40.4432 
-28.8442 -37.4703 40.4583 -28.9463 -37.7777 40.4782 -29.2904 -38.3446 40.4426 
-29.1729 -38.2129 40.4874 -29.3223 -38.48 40.4932 -29.2351 -38.5502 40.5963 
-29.3256 -38.8444 40.6248 -29.3405 -39.1657 40.6852 -29.3503 -39.4707 40.7035 
-29.3886 -39.756 40.6885 -29.4941 -39.9032 40.6814 -29.5515 -39.9849 40.6741 
-29.5728 -40.0123 40.6712 -27.6767 -36.4239 39.198 -27.7071 -36.377 39.3323 
-27.858 -36.331 39.4701 -27.9478 -36.3067 39.6943 -28.1888 -36.3338 39.7316 
-28.1347 -36.3179 39.887 -28.3733 -36.4284 40.1363 -28.1909 -36.3672 40.0962 
-28.4336 -36.5197 40.2447 -28.3431 -36.5968 40.3764 -28.4455 -36.7658 40.4658 
-28.5636 -36.9149 40.4684 -28.6844 -37.1119 40.4741 -29.0237 -38.0565 40.5412 
-28.6759 -37.3391 40.564 -28.7126 -37.6265 40.6106 -28.7923 -37.9873 40.6538 
-29.2191 -38.3845 40.5471 -29.0442 -38.3074 40.6248 -29.046 -38.5985 40.6923 
-29.0679 -38.9024 40.7194 -29.0782 -39.214 40.718 -29.2102 -39.5026 40.6933 
-29.3468 -39.7001 40.6933 -27.6384 -36.4011 39.3237 -27.6144 -36.3864 39.4454 
-27.6958 -36.3444 39.5283 -27.7249 -36.3258 39.7782 -27.9556 -36.3153 39.9453 
-28.3168 -36.4529 40.2432 -27.9696 -36.3758 40.1577 -28.1569 -36.4638 40.2881 
-28.1151 -36.6304 40.4406 -28.2857 -36.7766 40.5266 -28.4199 -36.9077 40.5587 
-28.4879 -37.132 40.6006 -28.4876 -37.4348 40.6742 -28.5026 -37.7403 40.7163 
-28.5123 -38.0564 40.7472 -28.7845 -38.3271 40.7236 -28.7888 -38.6337 40.7467 
-28.8673 -38.9296 40.7273 -28.9349 -39.0747 40.7242 -29.0053 -39.2272 40.7044 
-29.0834 -39.3399 40.7047 -27.5926 -36.3738 39.5756 -27.5816 -36.3733 39.6725 
-27.5773 -36.3715 39.837 -27.5761 -36.3784 39.8874 -27.7374 -36.3546 40.0239 
-27.805 -36.4123 40.2014 -27.9402 -36.4983 40.3203 -27.8535 -36.7171 40.4477 
-28.0714 -36.8459 40.5664 -28.2636 -36.9946 40.6223 -28.2676 -37.2533 40.6898 
-28.2653 -37.5275 40.7347 -28.2522 -37.8134 40.755 -28.3608 -38.0862 40.7526 
-28.4358 -38.2912 40.7591 -28.5119 -38.3637 40.76 -28.6674 -38.6462 40.7429 
-28.793 -38.82 40.7366 -27.5744 -36.4109 40.0229 -27.6583 -36.4305 40.1522 
-27.5749 -36.426 40.0633 -27.7244 -36.5339 40.2859 -27.6984 -36.7253 40.3761 
-27.8791 -36.9366 40.5729 -27.7955 -36.954 40.535 -27.753 -36.8594 40.4636 
-28.0261 -37.11 40.6561 -28.0802 -37.359 40.716 -28.0945 -37.575 40.7306 
-28.1752 -37.7371 40.746 -28.2187 -37.8224 40.7511 -28.2505 -37.8804 40.7554 
-28.4707 -38.3691 40.7559 -28.5123 -38.4318 40.755 -27.587 -36.496 40.1585 
-27.608 -36.5478 40.2171 -27.6585 -36.6369 40.3089 -27.8327 -37.0492 40.5952 
-27.8619 -37.1087 40.619 -27.9287 -37.2449 40.6585 -27.984 -37.3571 40.6928 
-28.0516 -37.4916 40.7234 
POLYGONS 3851 15404
3 0 1 2 
3 2 1 4 
3 8 2 4 
3 1 5 6 
3 4 1 6 
3 6 5 13 
3 0 3 1 
3 5 1 7 
3 3 9 7 
3 3 7 1 
3 14 13 5 
3 7 14 5 
3 9 18 7 
3 19 14 7 
3 31 19 18 
3 18 19 7 
3 47 48 32 
3 31 47 32 
3 32 19 31 
3 21 11 22 
3 22 11 23 
3 34 22 23 
3 11 12 24 
3 23 11 24 
3 12 15 25 
3 24 12 25 
3 25 15 17 
3 20 10 11 
3 21 20 11 
3 10 8 4 
3 10 4 11 
3 12 11 4 
3 6 12 4 
3 15 12 6 
3 13 26 16 
3 6 13 16 
3 6 16 17 
3 6 17 15 
3 16 26 28 
3 26 14 27 
3 13 14 26 
3 41 28 26 
3 27 41 26 
3 27 19 33 
3 14 19 27 
3 42 41 27 
3 42 27 43 
3 43 27 33 
3 42 43 63 
3 48 49 32 
3 32 33 19 
3 49 50 33 
3 33 32 49 
3 69 51 50 
3 50 51 33 
3 43 33 52 
3 52 33 51 
3 64 63 43 
3 52 64 43 
3 69 70 51 
3 52 51 71 
3 70 92 71 
3 70 71 51 
3 72 64 52 
3 71 72 52 
3 92 93 71 
3 93 120 94 
3 93 94 71 
3 72 71 94 
3 75 99 100 
3 99 75 97 
3 103 104 77 
3 103 77 105 
3 100 105 77 
3 100 77 75 
3 75 77 55 
3 74 97 75 
3 74 75 54 
3 54 75 55 
3 54 56 76 
3 74 54 76 
3 76 56 78 
3 104 96 77 
3 73 53 55 
3 73 55 77 
3 96 73 77 
3 54 55 37 
3 53 36 37 
3 53 37 55 
3 56 54 38 
3 38 54 37 
3 57 78 56 
3 57 56 39 
3 39 56 38 
3 57 39 40 
3 35 34 23 
3 36 35 23 
3 23 37 36 
3 24 37 23 
3 38 37 24 
3 25 38 24 
3 39 38 25 
3 17 29 30 
3 25 17 30 
3 25 30 40 
3 25 40 39 
3 30 29 44 
3 17 16 29 
3 29 16 28 
3 29 28 44 
3 44 28 45 
3 61 41 62 
3 61 45 41 
3 45 28 41 
3 61 62 83 
3 41 42 62 
3 62 42 63 
3 62 63 83 
3 83 63 84 
3 85 64 86 
3 85 84 64 
3 84 63 64 
3 85 86 112 
3 86 72 95 
3 64 72 86 
3 113 112 86 
3 95 113 86 
3 149 121 120 
3 120 121 94 
3 149 150 121 
3 94 95 72 
3 94 121 95 
3 121 122 95 
3 123 113 95 
3 122 123 95 
3 150 151 121 
3 122 121 152 
3 151 185 152 
3 151 152 121 
3 153 123 122 
3 152 153 122 
3 185 186 152 
3 186 226 187 
3 186 187 152 
3 153 152 187 
3 159 194 195 
3 159 155 190 
3 194 159 190 
3 155 124 156 
3 190 155 156 
3 124 125 157 
3 156 124 157 
3 157 125 158 
3 236 196 195 
3 196 197 159 
3 159 195 196 
3 197 198 160 
3 160 159 197 
3 155 159 126 
3 126 159 160 
3 99 126 100 
3 99 124 126 
3 124 155 126 
3 97 124 99 
3 97 98 124 
3 98 125 124 
3 127 158 125 
3 127 125 101 
3 101 125 98 
3 127 101 102 
3 198 161 160 
3 129 103 105 
3 130 129 105 
3 130 105 126 
3 161 130 126 
3 161 126 160 
3 100 126 105 
3 97 74 98 
3 76 98 74 
3 101 98 76 
3 78 58 79 
3 76 78 79 
3 76 79 102 
3 76 102 101 
3 79 58 59 
3 78 57 58 
3 58 57 40 
3 58 40 59 
3 59 40 60 
3 40 46 60 
3 30 46 40 
3 46 30 44 
3 65 46 44 
3 44 45 65 
3 65 45 66 
3 45 67 66 
3 61 67 45 
3 67 61 83 
3 90 67 83 
3 110 84 111 
3 110 90 84 
3 90 83 84 
3 110 111 137 
3 84 85 111 
3 111 85 112 
3 111 112 137 
3 137 112 138 
3 139 113 140 
3 139 138 113 
3 138 112 113 
3 139 140 173 
3 140 123 154 
3 113 123 140 
3 176 173 140 
3 176 140 177 
3 177 140 154 
3 176 177 215 
3 154 153 188 
3 123 153 154 
3 177 154 189 
3 189 154 188 
3 217 215 177 
3 189 217 177 
3 226 227 187 
3 187 188 153 
3 227 228 188 
3 188 187 227 
3 266 229 228 
3 228 229 188 
3 189 188 230 
3 230 188 229 
3 231 217 189 
3 230 231 189 
3 266 267 229 
3 307 269 268 
3 268 269 230 
3 270 268 230 
3 270 230 267 
3 267 230 229 
3 231 230 269 
3 232 274 275 
3 232 191 233 
3 274 232 233 
3 191 192 234 
3 233 191 234 
3 234 192 235 
3 315 276 275 
3 276 237 232 
3 276 232 275 
3 237 238 195 
3 195 232 237 
3 232 195 194 
3 190 232 194 
3 191 232 190 
3 156 191 190 
3 192 191 156 
3 192 193 235 
3 192 156 193 
3 156 157 193 
3 193 157 158 
3 162 193 158 
3 238 236 195 
3 158 128 162 
3 127 128 158 
3 128 127 102 
3 106 128 102 
3 102 80 106 
3 79 80 102 
3 80 79 59 
3 81 80 59 
3 59 60 81 
3 81 60 82 
3 60 68 82 
3 46 68 60 
3 68 46 65 
3 87 68 65 
3 65 66 87 
3 87 66 88 
3 66 89 88 
3 67 89 66 
3 89 67 90 
3 117 89 90 
3 90 118 117 
3 110 118 90 
3 118 110 137 
3 148 118 137 
3 171 138 172 
3 171 148 138 
3 148 137 138 
3 171 172 175 
3 138 139 172 
3 173 211 174 
3 139 173 174 
3 139 174 175 
3 139 175 172 
3 174 211 212 
3 173 176 211 
3 215 256 216 
3 176 215 216 
3 176 216 212 
3 176 212 211 
3 216 256 257 
3 256 217 258 
3 215 217 256 
3 299 257 256 
3 258 299 256 
3 258 231 271 
3 217 231 258 
3 300 299 258 
3 271 300 258 
3 307 308 269 
3 308 309 272 
3 272 269 308 
3 231 269 272 
3 231 272 273 
3 231 273 271 
3 300 271 273 
3 309 310 272 
3 278 317 277 
3 317 278 319 
3 356 357 313 
3 356 313 314 
3 313 275 274 
3 313 274 314 
3 314 274 279 
3 277 233 278 
3 277 279 233 
3 279 274 233 
3 278 280 319 
3 278 233 280 
3 233 234 280 
3 280 234 235 
3 239 280 235 
3 357 316 313 
3 316 315 275 
3 316 275 313 
3 235 199 239 
3 193 199 235 
3 199 193 162 
3 163 199 162 
3 162 131 163 
3 128 131 162 
3 131 128 106 
3 132 131 106 
3 106 107 132 
3 80 107 106 
3 107 80 81 
3 108 107 81 
3 81 82 108 
3 108 82 109 
3 82 91 109 
3 68 91 82 
3 91 68 87 
3 114 91 87 
3 87 88 114 
3 114 88 115 
3 88 116 115 
3 89 116 88 
3 116 89 117 
3 145 116 117 
3 146 117 118 
3 146 147 117 
3 147 145 117 
3 118 148 146 
3 146 183 147 
3 148 183 146 
3 148 171 183 
3 171 210 183 
3 210 171 175 
3 214 210 175 
3 175 213 214 
3 174 213 175 
3 213 174 212 
3 252 213 212 
3 212 253 252 
3 216 253 212 
3 253 216 257 
3 297 253 257 
3 257 299 297 
3 297 299 341 
3 299 300 341 
3 341 300 343 
3 273 272 311 
3 273 311 312 
3 273 312 300 
3 300 312 343 
3 351 352 311 
3 310 351 311 
3 311 272 310 
3 353 312 311 
3 395 353 352 
3 352 353 311 
3 395 396 353 
3 318 361 320 
3 318 277 317 
3 318 317 361 
3 361 317 362 
3 362 317 319 
3 322 362 319 
3 358 356 314 
3 359 358 314 
3 359 314 360 
3 360 314 321 
3 320 279 318 
3 320 321 279 
3 321 314 279 
3 277 318 279 
3 319 281 322 
3 280 281 319 
3 281 280 239 
3 240 281 239 
3 239 200 240 
3 199 200 239 
3 200 199 163 
3 201 200 163 
3 163 164 201 
3 131 164 163 
3 164 131 132 
3 165 164 132 
3 132 133 165 
3 107 133 132 
3 133 107 108 
3 134 133 108 
3 108 109 134 
3 134 109 135 
3 119 109 91 
3 119 136 109 
3 136 135 109 
3 91 114 119 
3 119 141 136 
3 141 119 114 
3 141 114 142 
3 142 114 115 
3 143 115 116 
3 143 144 115 
3 144 142 115 
3 116 145 143 
3 143 179 144 
3 179 143 145 
3 179 145 182 
3 182 145 147 
3 147 184 182 
3 183 184 147 
3 224 225 184 
3 224 184 210 
3 210 184 183 
3 210 214 224 
3 224 254 225 
3 214 254 224 
3 214 213 254 
3 213 255 254 
3 255 213 252 
3 295 255 252 
3 252 296 295 
3 253 296 252 
3 296 253 297 
3 340 296 297 
3 297 341 340 
3 340 341 387 
3 341 343 387 
3 387 343 354 
3 343 312 354 
3 354 312 355 
3 312 353 355 
3 355 353 397 
3 396 434 397 
3 396 397 353 
3 434 435 397 
3 363 401 364 
3 363 320 361 
3 363 361 401 
3 401 361 402 
3 362 367 361 
3 361 367 402 
3 367 362 322 
3 323 367 322 
3 404 366 365 
3 364 321 363 
3 364 365 321 
3 366 360 321 
3 321 365 366 
3 320 363 321 
3 322 282 323 
3 281 282 322 
3 282 281 240 
3 283 282 240 
3 240 241 283 
3 200 241 240 
3 241 200 201 
3 242 241 201 
3 201 202 242 
3 164 202 201 
3 202 164 165 
3 203 202 165 
3 166 165 133 
3 166 204 165 
3 204 203 165 
3 133 134 166 
3 166 167 204 
3 167 166 134 
3 167 134 168 
3 168 134 135 
3 135 136 168 
3 168 136 169 
3 136 170 169 
3 141 170 136 
3 170 141 142 
3 178 170 142 
3 142 144 178 
3 178 144 180 
3 144 181 180 
3 179 181 144 
3 181 179 182 
3 222 181 182 
3 182 223 222 
3 184 223 182 
3 223 184 225 
3 263 223 225 
3 225 265 263 
3 254 265 225 
3 255 298 254 
3 254 298 265 
3 298 255 295 
3 338 298 295 
3 295 339 338 
3 296 339 295 
3 339 296 340 
3 384 339 340 
3 340 387 384 
3 384 387 398 
3 387 354 398 
3 398 354 399 
3 354 355 399 
3 399 355 400 
3 355 397 400 
3 400 397 436 
3 435 437 397 
3 437 476 436 
3 436 397 437 
3 442 443 403 
3 442 403 440 
3 403 364 401 
3 403 401 440 
3 440 401 441 
3 402 406 401 
3 401 406 441 
3 367 368 402 
3 402 368 406 
3 368 367 323 
3 369 368 323 
3 443 444 403 
3 444 405 403 
3 405 404 365 
3 365 403 405 
3 364 403 365 
3 323 324 369 
3 282 324 323 
3 324 282 283 
3 325 324 283 
3 283 284 325 
3 241 284 283 
3 284 241 242 
3 285 284 242 
3 243 242 202 
3 243 286 242 
3 286 285 242 
3 202 203 243 
3 243 244 286 
3 244 243 203 
3 244 203 245 
3 245 203 204 
3 205 204 167 
3 205 246 204 
3 246 245 204 
3 167 168 205 
3 205 206 246 
3 206 205 168 
3 206 168 207 
3 207 168 169 
3 208 169 170 
3 208 209 169 
3 209 207 169 
3 170 178 208 
3 208 218 209 
3 218 208 178 
3 218 178 219 
3 219 178 180 
3 220 180 181 
3 220 221 180 
3 221 219 180 
3 181 222 220 
3 220 261 221 
3 222 261 220 
3 222 223 261 
3 223 264 261 
3 264 223 263 
3 305 264 263 
3 263 306 305 
3 265 306 263 
3 342 349 306 
3 342 306 298 
3 298 306 265 
3 298 338 342 
3 342 386 349 
3 385 427 386 
3 339 385 386 
3 339 386 342 
3 339 342 338 
3 339 384 385 
3 385 425 427 
3 425 385 384 
3 425 384 426 
3 426 384 398 
3 398 399 426 
3 426 399 438 
3 399 400 438 
3 438 400 439 
3 400 436 439 
3 477 480 439 
3 477 439 436 
3 476 477 436 
3 482 483 440 
3 482 440 484 
3 483 442 440 
3 441 485 440 
3 440 485 484 
3 406 445 441 
3 441 445 485 
3 368 407 406 
3 406 407 445 
3 407 368 369 
3 408 407 369 
3 369 370 408 
3 324 370 369 
3 370 324 325 
3 371 370 325 
3 325 326 371 
3 284 326 325 
3 326 284 285 
3 327 326 285 
3 285 286 327 
3 327 286 328 
3 286 287 328 
3 244 287 286 
3 287 244 245 
3 288 287 245 
3 245 246 288 
3 288 246 289 
3 247 246 206 
3 247 290 246 
3 290 289 246 
3 206 207 247 
3 247 248 290 
3 248 247 207 
3 248 207 249 
3 249 207 209 
3 250 209 218 
3 250 251 209 
3 251 249 209 
3 218 219 250 
3 250 259 251 
3 259 250 219 
3 259 219 260 
3 260 219 221 
3 221 262 260 
3 261 262 221 
3 303 304 262 
3 303 262 264 
3 264 262 261 
3 264 305 303 
3 303 347 304 
3 305 347 303 
3 305 306 347 
3 306 350 347 
3 350 306 349 
3 393 350 349 
3 349 394 393 
3 386 394 349 
3 394 386 427 
3 432 394 427 
3 427 466 432 
3 425 466 427 
3 466 425 426 
3 467 466 426 
3 478 438 479 
3 478 467 438 
3 467 426 438 
3 478 479 520 
3 479 439 481 
3 438 439 479 
3 521 520 479 
3 481 521 479 
3 522 568 523 
3 523 481 522 
3 480 522 481 
3 481 439 480 
3 524 521 481 
3 523 524 481 
3 570 616 569 
3 569 523 570 
3 568 570 523 
3 524 523 569 
3 487 528 486 
3 528 487 489 
3 526 525 484 
3 526 484 527 
3 525 482 484 
3 485 488 484 
3 484 488 527 
3 486 445 487 
3 486 488 445 
3 488 485 445 
3 487 446 489 
3 487 445 446 
3 445 407 446 
3 446 407 408 
3 447 446 408 
3 408 409 447 
3 370 409 408 
3 409 370 371 
3 410 409 371 
3 372 371 326 
3 372 411 371 
3 411 410 371 
3 326 327 372 
3 372 373 411 
3 373 372 327 
3 373 327 374 
3 374 327 328 
3 329 328 287 
3 329 375 328 
3 375 374 328 
3 287 288 329 
3 329 330 375 
3 330 329 288 
3 330 288 331 
3 331 288 289 
3 289 290 331 
3 331 290 332 
3 290 291 332 
3 248 291 290 
3 291 248 249 
3 292 291 249 
3 249 251 292 
3 292 251 293 
3 251 294 293 
3 259 294 251 
3 294 259 260 
3 301 294 260 
3 260 302 301 
3 262 302 260 
3 302 262 304 
3 344 302 304 
3 304 348 344 
3 347 348 304 
3 390 391 348 
3 390 348 350 
3 350 348 347 
3 350 393 390 
3 390 430 391 
3 393 430 390 
3 393 394 430 
3 394 433 430 
3 433 394 432 
3 474 433 432 
3 432 475 474 
3 466 475 432 
3 475 466 467 
3 511 475 467 
3 467 512 511 
3 478 512 467 
3 512 478 520 
3 558 512 520 
3 520 521 558 
3 558 521 567 
3 521 524 567 
3 567 524 571 
3 617 618 569 
3 616 617 569 
3 571 524 569 
3 619 571 618 
3 618 571 569 
3 529 575 530 
3 529 486 528 
3 529 528 575 
3 575 528 532 
3 532 528 489 
3 533 532 489 
3 572 526 527 
3 573 572 527 
3 573 527 574 
3 574 527 531 
3 530 488 529 
3 530 531 488 
3 531 527 488 
3 486 529 488 
3 489 490 533 
3 446 490 489 
3 490 446 447 
3 491 490 447 
3 447 448 491 
3 409 448 447 
3 448 409 410 
3 449 448 410 
3 410 411 449 
3 449 411 450 
3 412 411 373 
3 412 451 411 
3 451 450 411 
3 373 374 412 
3 412 413 451 
3 413 412 374 
3 413 374 414 
3 414 374 375 
3 376 375 330 
3 376 415 375 
3 415 414 375 
3 330 331 376 
3 376 377 415 
3 377 376 331 
3 377 331 378 
3 378 331 332 
3 333 332 291 
3 333 379 332 
3 379 378 332 
3 291 292 333 
3 333 334 379 
3 334 333 292 
3 334 292 335 
3 335 292 293 
3 336 293 294 
3 336 337 293 
3 337 335 293 
3 294 301 336 
3 336 346 337 
3 345 388 346 
3 302 345 346 
3 302 346 336 
3 302 336 301 
3 302 344 345 
3 345 389 388 
3 392 429 389 
3 348 392 389 
3 348 389 345 
3 348 345 344 
3 348 391 392 
3 392 431 429 
3 391 431 392 
3 391 430 431 
3 430 471 431 
3 433 472 430 
3 430 472 471 
3 472 433 474 
3 517 472 474 
3 474 518 517 
3 475 518 474 
3 511 557 519 
3 511 519 475 
3 475 519 518 
3 519 557 566 
3 511 512 557 
3 557 512 558 
3 557 558 566 
3 566 558 608 
3 558 567 608 
3 608 567 615 
3 567 571 615 
3 615 571 620 
3 664 666 621 
3 664 621 619 
3 619 621 571 
3 571 621 620 
3 666 667 621 
3 576 622 577 
3 576 530 575 
3 576 575 622 
3 622 575 623 
3 532 580 575 
3 575 580 623 
3 580 532 533 
3 581 580 533 
3 625 579 578 
3 577 531 576 
3 577 578 531 
3 579 574 531 
3 531 578 579 
3 530 576 531 
3 533 534 581 
3 490 534 533 
3 534 490 491 
3 535 534 491 
3 491 492 535 
3 448 492 491 
3 492 448 449 
3 493 492 449 
3 449 450 493 
3 493 450 494 
3 450 451 494 
3 494 451 495 
3 452 451 413 
3 452 496 451 
3 496 495 451 
3 413 414 452 
3 452 453 496 
3 453 452 414 
3 453 414 454 
3 454 414 415 
3 415 416 454 
3 377 416 415 
3 416 377 378 
3 417 416 378 
3 378 379 417 
3 417 379 418 
3 379 380 418 
3 334 380 379 
3 380 334 335 
3 381 380 335 
3 335 337 381 
3 381 337 382 
3 337 383 382 
3 346 383 337 
3 383 346 388 
3 424 383 388 
3 388 428 424 
3 389 428 388 
3 428 389 429 
3 468 428 429 
3 429 470 468 
3 431 470 429 
3 471 473 431 
3 431 473 470 
3 472 516 471 
3 471 516 473 
3 516 472 517 
3 563 516 517 
3 517 564 563 
3 518 564 517 
3 519 565 518 
3 518 565 564 
3 565 519 566 
3 613 565 566 
3 566 608 613 
3 613 608 654 
3 608 615 654 
3 654 615 663 
3 615 620 663 
3 663 620 665 
3 620 621 665 
3 668 714 665 
3 668 665 621 
3 667 668 621 
3 768 717 718 
3 627 624 672 
3 672 624 669 
3 717 672 669 
3 669 718 717 
3 624 577 622 
3 624 622 669 
3 669 622 670 
3 623 671 622 
3 622 671 670 
3 580 628 623 
3 623 628 671 
3 628 580 581 
3 629 628 581 
3 626 625 578 
3 627 626 578 
3 578 624 627 
3 577 624 578 
3 581 582 629 
3 534 582 581 
3 582 534 535 
3 583 582 535 
3 536 535 492 
3 536 584 535 
3 584 583 535 
3 492 493 536 
3 537 584 536 
3 585 584 537 
3 493 494 537 
3 536 493 537 
3 538 585 537 
3 586 585 538 
3 494 495 538 
3 537 494 538 
3 538 539 586 
3 539 538 495 
3 539 495 540 
3 540 495 496 
3 457 496 453 
3 457 498 496 
3 498 540 496 
3 453 454 457 
3 457 456 498 
3 455 497 456 
3 416 455 456 
3 416 456 457 
3 416 457 454 
3 416 417 455 
3 455 458 497 
3 458 455 417 
3 458 417 459 
3 459 417 418 
3 419 418 380 
3 419 460 418 
3 460 459 418 
3 380 381 419 
3 419 420 460 
3 420 419 381 
3 420 381 421 
3 421 381 382 
3 422 382 383 
3 422 423 382 
3 423 421 382 
3 383 424 422 
3 422 463 423 
3 469 507 463 
3 428 469 463 
3 428 463 422 
3 428 422 424 
3 428 468 469 
3 469 513 507 
3 468 513 469 
3 468 470 513 
3 470 514 513 
3 473 515 470 
3 470 515 514 
3 561 562 515 
3 561 515 516 
3 516 515 473 
3 516 563 561 
3 561 611 562 
3 563 611 561 
3 563 564 611 
3 564 612 611 
3 614 659 612 
3 614 612 565 
3 565 612 564 
3 565 613 614 
3 614 661 659 
3 661 614 613 
3 661 613 662 
3 662 613 654 
3 654 663 662 
3 662 663 712 
3 715 665 716 
3 715 712 665 
3 712 663 665 
3 715 716 765 
3 764 766 716 
3 714 764 716 
3 716 665 714 
3 767 765 716 
3 823 767 766 
3 766 767 716 
3 823 824 767 
3 720 772 719 
3 720 722 775 
3 772 720 775 
3 722 723 779 
3 775 722 779 
3 779 723 724 
3 769 768 718 
3 770 769 718 
3 770 718 771 
3 771 718 721 
3 719 669 720 
3 719 721 669 
3 721 718 669 
3 670 720 669 
3 722 720 670 
3 671 722 670 
3 723 722 671 
3 723 673 724 
3 723 671 673 
3 671 628 673 
3 673 628 629 
3 674 673 629 
3 629 630 674 
3 582 630 629 
3 630 582 583 
3 631 630 583 
3 583 584 631 
3 631 584 632 
3 584 585 632 
3 632 585 633 
3 585 586 633 
3 633 586 634 
3 587 586 539 
3 587 588 586 
3 588 634 586 
3 539 540 587 
3 542 588 587 
3 543 588 542 
3 540 498 542 
3 587 540 542 
3 542 499 543 
3 498 499 542 
3 498 456 499 
3 456 500 499 
3 500 456 497 
3 541 500 497 
3 497 501 541 
3 458 501 497 
3 501 458 459 
3 502 501 459 
3 459 460 502 
3 502 460 503 
3 460 461 503 
3 420 461 460 
3 461 420 421 
3 462 461 421 
3 421 423 462 
3 462 423 464 
3 423 465 464 
3 463 465 423 
3 465 463 507 
3 510 465 507 
3 507 554 510 
3 513 554 507 
3 559 602 554 
3 559 554 514 
3 514 554 513 
3 514 515 560 
3 559 514 560 
3 515 562 560 
3 559 609 602 
3 560 609 559 
3 610 609 560 
3 562 610 560 
3 562 611 610 
3 611 656 610 
3 660 707 656 
3 660 656 612 
3 612 656 611 
3 612 659 660 
3 660 710 707 
3 659 710 660 
3 659 661 710 
3 661 711 710 
3 711 661 662 
3 713 711 662 
3 662 712 713 
3 713 712 760 
3 712 761 760 
3 715 761 712 
3 761 715 765 
3 821 761 765 
3 765 767 821 
3 821 767 825 
3 824 826 767 
3 826 884 825 
3 825 767 826 
3 773 827 828 
3 773 829 830 
3 827 773 830 
3 830 829 837 
3 774 831 776 
3 828 831 774 
3 773 828 774 
3 773 774 719 
3 773 719 772 
3 775 773 772 
3 829 773 775 
3 829 780 837 
3 829 775 780 
3 775 779 780 
3 780 779 724 
3 781 780 724 
3 833 778 777 
3 776 721 774 
3 776 777 721 
3 778 771 721 
3 721 777 778 
3 719 774 721 
3 724 725 781 
3 673 725 724 
3 725 673 674 
3 726 725 674 
3 675 674 630 
3 675 727 674 
3 727 726 674 
3 630 631 675 
3 676 727 675 
3 728 727 676 
3 631 632 676 
3 675 631 676 
3 677 728 676 
3 729 728 677 
3 632 633 677 
3 676 632 677 
3 678 729 677 
3 679 729 678 
3 633 634 678 
3 677 633 678 
3 635 679 678 
3 640 679 635 
3 634 588 635 
3 678 634 635 
3 635 636 640 
3 636 635 588 
3 636 588 589 
3 589 588 543 
3 543 544 589 
3 499 544 543 
3 545 590 544 
3 545 544 500 
3 500 544 499 
3 500 541 545 
3 545 547 590 
3 546 594 547 
3 501 546 547 
3 501 547 545 
3 501 545 541 
3 501 502 546 
3 546 548 594 
3 548 546 502 
3 548 502 549 
3 549 502 503 
3 504 503 461 
3 504 550 503 
3 550 549 503 
3 461 462 504 
3 504 505 550 
3 505 504 462 
3 505 462 506 
3 506 462 464 
3 508 464 465 
3 508 509 464 
3 509 506 464 
3 465 510 508 
3 508 555 509 
3 603 604 555 
3 554 603 555 
3 554 555 508 
3 554 508 510 
3 554 602 603 
3 603 649 604 
3 602 649 603 
3 602 609 649 
3 609 655 649 
3 657 706 655 
3 657 655 610 
3 610 655 609 
3 610 656 658 
3 657 610 658 
3 656 707 658 
3 657 708 706 
3 658 708 657 
3 709 708 658 
3 707 709 658 
3 707 710 709 
3 710 756 709 
3 759 817 756 
3 759 756 711 
3 711 756 710 
3 711 713 759 
3 759 762 817 
3 762 759 713 
3 762 713 763 
3 763 713 760 
3 760 820 763 
3 761 820 760 
3 820 761 821 
3 881 820 821 
3 821 825 881 
3 881 825 885 
3 884 938 885 
3 885 825 884 
3 938 939 885 
3 827 886 887 
3 828 827 887 
3 830 888 827 
3 827 888 886 
3 888 830 837 
3 893 888 837 
3 832 889 834 
3 832 776 831 
3 832 831 889 
3 889 831 890 
3 887 831 828 
3 890 831 887 
3 837 838 893 
3 780 838 837 
3 838 780 781 
3 839 838 781 
3 834 777 832 
3 835 836 777 
3 777 834 835 
3 836 833 777 
3 776 832 777 
3 781 782 839 
3 725 782 781 
3 782 725 726 
3 783 782 726 
3 726 727 783 
3 783 727 784 
3 727 728 784 
3 784 728 785 
3 728 729 785 
3 785 729 730 
3 729 679 730 
3 730 679 686 
3 679 640 686 
3 686 640 681 
3 593 640 636 
3 593 638 640 
3 638 681 640 
3 636 589 593 
3 593 592 638 
3 591 637 592 
3 544 591 592 
3 544 592 593 
3 544 593 589 
3 544 590 591 
3 591 595 637 
3 590 595 591 
3 590 547 595 
3 547 596 595 
3 596 547 594 
3 641 596 594 
3 597 594 548 
3 597 642 594 
3 642 641 594 
3 548 549 597 
3 597 598 642 
3 598 597 549 
3 598 549 599 
3 599 549 550 
3 551 550 505 
3 551 600 550 
3 600 599 550 
3 505 506 551 
3 551 552 600 
3 552 551 506 
3 552 506 553 
3 553 506 509 
3 509 556 553 
3 555 556 509 
3 556 555 604 
3 605 556 604 
3 604 650 605 
3 649 650 604 
3 698 699 650 
3 698 650 655 
3 655 650 649 
3 655 706 698 
3 698 749 699 
3 706 749 698 
3 706 708 749 
3 708 755 749 
3 757 815 755 
3 757 755 709 
3 709 755 708 
3 709 756 758 
3 757 709 758 
3 756 817 758 
3 757 818 815 
3 758 818 757 
3 819 818 758 
3 822 880 819 
3 762 822 819 
3 762 819 758 
3 762 758 817 
3 762 763 822 
3 822 883 880 
3 882 937 883 
3 820 882 883 
3 820 883 822 
3 820 822 763 
3 820 881 882 
3 882 935 937 
3 935 882 881 
3 935 881 936 
3 936 881 885 
3 939 994 936 
3 936 885 939 
3 994 995 936 
3 886 940 887 
3 886 888 941 
3 940 886 941 
3 888 893 941 
3 891 942 946 
3 891 834 889 
3 891 889 942 
3 942 889 943 
3 890 944 889 
3 889 944 943 
3 940 890 887 
3 940 945 890 
3 945 944 890 
3 941 945 940 
3 894 945 941 
3 893 894 941 
3 893 838 894 
3 838 895 894 
3 895 838 839 
3 896 895 839 
3 947 892 891 
3 891 946 947 
3 1003 947 946 
3 892 835 834 
3 892 834 891 
3 840 839 782 
3 840 897 839 
3 897 896 839 
3 782 783 840 
3 841 897 840 
3 898 897 841 
3 783 784 841 
3 840 783 841 
3 842 898 841 
3 843 898 842 
3 784 785 842 
3 841 784 842 
3 786 843 842 
3 796 843 786 
3 785 730 786 
3 842 785 786 
3 737 796 786 
3 787 796 737 
3 730 686 737 
3 786 730 737 
3 731 787 737 
3 736 787 731 
3 686 681 731 
3 737 686 731 
3 731 732 736 
3 732 731 681 
3 732 681 682 
3 682 681 638 
3 638 639 682 
3 592 639 638 
3 639 592 637 
3 680 639 637 
3 637 643 680 
3 595 643 637 
3 644 689 643 
3 644 643 596 
3 596 643 595 
3 596 641 644 
3 644 687 689 
3 687 644 641 
3 687 641 688 
3 688 641 642 
3 642 645 688 
3 598 645 642 
3 645 598 599 
3 646 645 599 
3 599 600 646 
3 646 600 647 
3 601 600 552 
3 601 648 600 
3 648 647 600 
3 552 553 601 
3 601 607 648 
3 606 651 607 
3 556 606 607 
3 556 607 601 
3 556 601 553 
3 556 605 606 
3 606 652 651 
3 700 704 652 
3 650 700 652 
3 650 652 606 
3 650 606 605 
3 650 699 700 
3 700 750 704 
3 699 750 700 
3 699 749 750 
3 749 809 750 
3 816 869 809 
3 816 809 755 
3 755 809 749 
3 755 815 816 
3 816 877 869 
3 815 877 816 
3 815 818 877 
3 818 878 877 
3 819 879 818 
3 818 879 878 
3 879 819 880 
3 932 879 880 
3 880 934 932 
3 883 934 880 
3 934 883 937 
3 991 934 937 
3 937 993 991 
3 935 993 937 
3 993 935 936 
3 996 993 936 
3 995 1049 996 
3 996 936 995 
3 1049 1050 996 
3 1052 1053 997 
3 1052 997 998 
3 997 946 942 
3 997 942 998 
3 998 942 999 
3 943 1000 942 
3 942 1000 999 
3 944 1001 943 
3 943 1001 1000 
3 945 1002 944 
3 944 1002 1001 
3 894 948 945 
3 945 948 1002 
3 949 1005 948 
3 949 948 895 
3 895 948 894 
3 895 896 949 
3 1053 1004 997 
3 1004 1003 946 
3 1004 946 997 
3 949 950 1005 
3 950 949 896 
3 950 896 951 
3 951 896 897 
3 897 898 951 
3 951 898 899 
3 898 843 899 
3 899 843 852 
3 843 796 852 
3 852 796 844 
3 796 787 844 
3 844 787 795 
3 787 736 795 
3 795 736 789 
3 685 736 732 
3 685 734 736 
3 734 789 736 
3 732 682 685 
3 685 684 734 
3 683 733 684 
3 639 683 684 
3 639 684 685 
3 639 685 682 
3 639 680 683 
3 683 691 733 
3 690 739 691 
3 643 690 691 
3 643 691 683 
3 643 683 680 
3 643 689 690 
3 690 738 739 
3 694 742 738 
3 687 694 738 
3 687 738 690 
3 687 690 689 
3 687 688 694 
3 694 693 742 
3 692 741 693 
3 645 692 693 
3 645 693 694 
3 645 694 688 
3 645 646 692 
3 692 695 741 
3 695 692 646 
3 695 646 696 
3 696 646 647 
3 647 648 696 
3 696 648 697 
3 648 653 697 
3 607 653 648 
3 653 607 651 
3 701 653 651 
3 702 651 652 
3 702 703 651 
3 703 701 651 
3 652 704 702 
3 702 753 703 
3 704 753 702 
3 704 750 753 
3 750 810 753 
3 870 871 810 
3 870 810 809 
3 809 810 750 
3 809 869 870 
3 870 924 871 
3 869 924 870 
3 869 877 924 
3 877 930 924 
3 878 931 877 
3 877 931 930 
3 933 988 931 
3 933 931 879 
3 879 931 878 
3 879 932 933 
3 933 990 988 
3 932 990 933 
3 932 934 990 
3 934 992 990 
3 992 934 991 
3 1047 992 991 
3 991 1048 1047 
3 993 1048 991 
3 1048 993 996 
3 1051 1048 996 
3 1166 1167 1113 
3 1112 1166 1113 
3 1112 1113 1051 
3 1050 1112 1051 
3 1050 1051 996 
3 1167 1168 1113 
3 1054 1052 998 
3 1055 1054 998 
3 1055 998 1056 
3 1056 998 1057 
3 999 1058 998 
3 998 1058 1057 
3 1000 1059 999 
3 999 1059 1058 
3 1001 1060 1000 
3 1000 1060 1059 
3 1002 1007 1001 
3 1001 1007 1060 
3 1006 1061 1007 
3 1006 1007 948 
3 948 1007 1002 
3 948 1005 1006 
3 1006 1009 1061 
3 1008 1010 1009 
3 950 1008 1009 
3 950 1009 1006 
3 950 1006 1005 
3 950 951 1008 
3 952 1010 1008 
3 963 1010 952 
3 951 899 952 
3 1008 951 952 
3 908 963 952 
3 953 963 908 
3 899 852 908 
3 952 899 908 
3 900 953 908 
3 907 953 900 
3 852 844 900 
3 908 852 900 
3 851 907 900 
3 901 907 851 
3 844 795 851 
3 900 844 851 
3 851 845 901 
3 845 851 795 
3 845 795 790 
3 790 795 789 
3 789 734 790 
3 790 734 791 
3 734 735 791 
3 684 735 734 
3 735 684 733 
3 788 735 733 
3 733 740 788 
3 691 740 733 
3 740 691 739 
3 798 740 739 
3 739 797 798 
3 738 797 739 
3 797 738 742 
3 801 797 742 
3 743 742 693 
3 743 802 742 
3 802 801 742 
3 693 741 743 
3 743 745 802 
3 744 803 745 
3 695 744 745 
3 695 745 743 
3 695 743 741 
3 695 696 744 
3 744 746 803 
3 746 744 696 
3 746 696 747 
3 747 696 697 
3 705 697 653 
3 705 748 697 
3 748 747 697 
3 653 701 705 
3 705 751 748 
3 751 705 701 
3 751 701 752 
3 752 701 703 
3 703 754 752 
3 753 754 703 
3 813 814 754 
3 813 754 810 
3 810 754 753 
3 810 871 813 
3 813 875 814 
3 871 875 813 
3 871 924 875 
3 924 927 875 
3 930 981 924 
3 924 981 927 
3 989 1038 981 
3 989 981 931 
3 931 981 930 
3 931 988 989 
3 989 1044 1038 
3 988 1044 989 
3 988 990 1044 
3 990 1045 1044 
3 992 1046 990 
3 990 1046 1045 
3 1046 992 1047 
3 1109 1046 1047 
3 1047 1111 1109 
3 1048 1111 1047 
3 1111 1048 1051 
3 1114 1111 1051 
3 1051 1115 1114 
3 1113 1115 1051 
3 1168 1171 1115 
3 1168 1115 1113 
3 1171 1172 1115 
3 1117 1174 1175 
3 1117 1118 1176 
3 1174 1117 1176 
3 1118 1119 1177 
3 1176 1118 1177 
3 1177 1119 1178 
3 1173 1116 1117 
3 1117 1175 1173 
3 1228 1173 1175 
3 1116 1056 1057 
3 1116 1057 1117 
3 1118 1117 1057 
3 1058 1118 1057 
3 1119 1118 1058 
3 1119 1120 1178 
3 1119 1058 1120 
3 1058 1059 1120 
3 1060 1063 1059 
3 1059 1063 1120 
3 1062 1121 1063 
3 1062 1063 1007 
3 1007 1063 1060 
3 1007 1061 1062 
3 1062 1065 1121 
3 1064 1124 1065 
3 1009 1064 1065 
3 1009 1065 1062 
3 1009 1062 1061 
3 1009 1010 1064 
3 1064 1066 1124 
3 1066 1064 1010 
3 1066 1010 1011 
3 1011 1010 963 
3 963 953 1011 
3 1011 953 962 
3 953 907 962 
3 962 907 954 
3 907 901 954 
3 954 901 905 
3 846 901 845 
3 846 850 901 
3 850 905 901 
3 845 790 846 
3 794 850 846 
3 848 850 794 
3 790 791 794 
3 846 790 794 
3 794 793 848 
3 792 847 793 
3 735 792 793 
3 735 793 794 
3 735 794 791 
3 735 788 792 
3 792 800 847 
3 799 855 800 
3 740 799 800 
3 740 800 792 
3 740 792 788 
3 740 798 799 
3 799 854 855 
3 853 909 854 
3 797 853 854 
3 797 854 799 
3 797 799 798 
3 797 801 853 
3 853 858 909 
3 858 853 801 
3 858 801 859 
3 859 801 802 
3 802 804 859 
3 745 804 802 
3 804 745 803 
3 860 804 803 
3 805 803 746 
3 805 861 803 
3 861 860 803 
3 746 747 805 
3 805 806 861 
3 806 805 747 
3 806 747 807 
3 807 747 748 
3 748 808 807 
3 751 808 748 
3 808 751 752 
3 811 808 752 
3 752 812 811 
3 754 812 752 
3 812 754 814 
3 872 812 814 
3 814 876 872 
3 875 876 814 
3 927 928 875 
3 875 928 876 
3 984 985 928 
3 984 928 981 
3 981 928 927 
3 981 1038 984 
3 984 1041 985 
3 1038 1041 984 
3 1038 1044 1041 
3 1044 1102 1041 
3 1045 1108 1044 
3 1044 1108 1102 
3 1110 1163 1108 
3 1110 1108 1046 
3 1046 1108 1045 
3 1046 1109 1110 
3 1110 1164 1163 
3 1109 1164 1110 
3 1109 1111 1164 
3 1111 1165 1164 
3 1165 1111 1114 
3 1169 1165 1114 
3 1114 1170 1169 
3 1115 1170 1114 
3 1172 1226 1170 
3 1172 1170 1115 
3 1226 1288 1227 
3 1226 1227 1170 
3 1288 1289 1227 
3 1289 1290 1227 
3 1291 1229 1292 
3 1292 1229 1230 
3 1293 1292 1230 
3 1229 1175 1174 
3 1229 1174 1230 
3 1230 1174 1231 
3 1176 1232 1174 
3 1174 1232 1231 
3 1177 1234 1176 
3 1176 1234 1232 
3 1234 1177 1178 
3 1180 1234 1178 
3 1291 1233 1229 
3 1233 1228 1175 
3 1233 1175 1229 
3 1178 1123 1180 
3 1120 1123 1178 
3 1122 1179 1123 
3 1122 1123 1063 
3 1063 1123 1120 
3 1063 1121 1122 
3 1122 1125 1179 
3 1121 1125 1122 
3 1121 1065 1125 
3 1065 1126 1125 
3 1126 1065 1124 
3 1139 1126 1124 
3 1067 1124 1066 
3 1067 1080 1124 
3 1080 1139 1124 
3 1066 1011 1067 
3 1022 1080 1067 
3 1076 1080 1022 
3 1011 962 1022 
3 1067 1011 1022 
3 1022 1019 1076 
3 1019 1022 962 
3 1019 962 960 
3 960 962 954 
3 954 905 960 
3 960 905 906 
3 905 850 906 
3 906 850 902 
3 850 848 902 
3 902 848 903 
3 849 848 793 
3 849 904 848 
3 904 903 848 
3 793 847 849 
3 849 857 904 
3 856 912 857 
3 800 856 857 
3 800 857 849 
3 800 849 847 
3 800 855 856 
3 856 911 912 
3 910 964 911 
3 854 910 911 
3 854 911 856 
3 854 856 855 
3 854 909 910 
3 910 914 964 
3 864 918 914 
3 858 864 914 
3 858 914 910 
3 858 910 909 
3 858 859 864 
3 864 863 918 
3 862 917 863 
3 804 862 863 
3 804 863 864 
3 804 864 859 
3 804 860 862 
3 862 915 917 
3 915 862 860 
3 915 860 916 
3 916 860 861 
3 861 865 916 
3 806 865 861 
3 865 806 807 
3 866 865 807 
3 867 807 808 
3 867 868 807 
3 868 866 807 
3 808 811 867 
3 867 874 868 
3 873 926 874 
3 812 873 874 
3 812 874 867 
3 812 867 811 
3 812 872 873 
3 873 925 926 
3 872 925 873 
3 872 876 925 
3 876 929 925 
3 986 987 929 
3 986 929 928 
3 928 929 876 
3 928 985 986 
3 986 1042 987 
3 985 1042 986 
3 985 1041 1042 
3 1041 1103 1042 
3 1102 1104 1041 
3 1041 1104 1103 
3 1108 1158 1102 
3 1102 1158 1104 
3 1158 1108 1163 
3 1216 1158 1163 
3 1163 1222 1216 
3 1164 1222 1163 
3 1165 1223 1164 
3 1164 1223 1222 
3 1223 1165 1169 
3 1224 1223 1169 
3 1169 1225 1224 
3 1170 1225 1169 
3 1225 1170 1227 
3 1287 1225 1227 
3 1290 1353 1287 
3 1287 1227 1290 
3 1353 1354 1287 
3 1416 1355 1356 
3 1294 1293 1230 
3 1294 1230 1295 
3 1294 1295 1355 
3 1355 1295 1356 
3 1231 1296 1230 
3 1230 1296 1295 
3 1232 1297 1231 
3 1231 1297 1296 
3 1234 1236 1232 
3 1232 1236 1297 
3 1236 1234 1180 
3 1237 1236 1180 
3 1180 1181 1237 
3 1123 1181 1180 
3 1181 1123 1179 
3 1235 1181 1179 
3 1179 1182 1235 
3 1125 1182 1179 
3 1183 1239 1182 
3 1183 1182 1126 
3 1126 1182 1125 
3 1126 1139 1183 
3 1183 1192 1239 
3 1192 1183 1139 
3 1192 1139 1135 
3 1135 1139 1080 
3 1080 1076 1135 
3 1135 1076 1077 
3 1020 1076 1019 
3 1020 1021 1076 
3 1021 1077 1076 
3 1019 960 1020 
3 961 1021 1020 
3 1012 1021 961 
3 960 906 961 
3 1020 960 961 
3 955 1012 961 
3 1013 1012 955 
3 906 902 955 
3 961 906 955 
3 956 1013 955 
3 1014 1013 956 
3 902 903 956 
3 955 902 956 
3 956 957 1014 
3 957 956 903 
3 957 903 958 
3 958 903 904 
3 913 904 857 
3 913 959 904 
3 959 958 904 
3 857 912 913 
3 913 966 959 
3 965 1023 966 
3 911 965 966 
3 911 966 913 
3 911 913 912 
3 911 964 965 
3 965 967 1023 
3 964 967 965 
3 964 914 967 
3 914 968 967 
3 968 914 918 
3 973 968 918 
3 918 919 973 
3 863 919 918 
3 919 863 917 
3 972 919 917 
3 917 969 972 
3 915 969 917 
3 969 915 916 
3 970 969 916 
3 920 916 865 
3 920 971 916 
3 971 970 916 
3 865 866 920 
3 920 921 971 
3 921 920 866 
3 921 866 922 
3 922 866 868 
3 868 923 922 
3 874 923 868 
3 923 874 926 
3 980 923 926 
3 926 982 980 
3 925 982 926 
3 929 983 925 
3 925 983 982 
3 983 929 987 
3 1039 983 987 
3 987 1043 1039 
3 1042 1043 987 
3 1103 1105 1042 
3 1042 1105 1043 
3 1104 1159 1103 
3 1103 1159 1105 
3 1217 1218 1159 
3 1217 1159 1158 
3 1158 1159 1104 
3 1158 1216 1217 
3 1217 1277 1218 
3 1216 1277 1217 
3 1216 1222 1277 
3 1222 1283 1277 
3 1223 1284 1222 
3 1222 1284 1283 
3 1284 1223 1224 
3 1285 1284 1224 
3 1224 1286 1285 
3 1225 1286 1224 
3 1286 1225 1287 
3 1352 1286 1287 
3 1354 1414 1352 
3 1352 1287 1354 
3 1414 1415 1352 
3 1417 1416 1356 
3 1417 1356 1418 
3 1479 1417 1418 
3 1295 1357 1356 
3 1356 1357 1418 
3 1296 1358 1295 
3 1295 1358 1357 
3 1297 1359 1296 
3 1296 1359 1358 
3 1236 1299 1297 
3 1297 1299 1359 
3 1299 1236 1237 
3 1300 1299 1237 
3 1237 1238 1300 
3 1181 1238 1237 
3 1238 1181 1235 
3 1298 1238 1235 
3 1235 1240 1298 
3 1182 1240 1235 
3 1240 1182 1239 
3 1251 1240 1239 
3 1193 1239 1192 
3 1193 1194 1239 
3 1194 1251 1239 
3 1192 1135 1193 
3 1136 1194 1193 
3 1137 1194 1136 
3 1135 1077 1136 
3 1193 1135 1136 
3 1078 1137 1136 
3 1138 1137 1078 
3 1077 1021 1078 
3 1136 1077 1078 
3 1078 1079 1138 
3 1079 1078 1021 
3 1079 1021 1068 
3 1068 1021 1012 
3 1012 1013 1068 
3 1068 1013 1069 
3 1013 1014 1069 
3 1069 1014 1070 
3 1015 1014 957 
3 1015 1071 1014 
3 1071 1070 1014 
3 957 958 1015 
3 1015 1016 1071 
3 1016 1015 958 
3 1016 958 1017 
3 1017 958 959 
3 959 1018 1017 
3 966 1018 959 
3 1018 966 1023 
3 1073 1018 1023 
3 1023 1024 1073 
3 967 1024 1023 
3 976 1030 1024 
3 976 1024 968 
3 968 1024 967 
3 968 973 976 
3 976 975 1030 
3 974 1029 975 
3 919 974 975 
3 919 975 976 
3 919 976 973 
3 919 972 974 
3 974 1026 1029 
3 1025 1083 1026 
3 969 1025 1026 
3 969 1026 974 
3 969 974 972 
3 969 970 1025 
3 1025 1027 1083 
3 1027 1025 970 
3 1027 970 1028 
3 1028 970 971 
3 971 977 1028 
3 921 977 971 
3 977 921 922 
3 978 977 922 
3 922 979 978 
3 923 979 922 
3 979 923 980 
3 1036 979 980 
3 980 1037 1036 
3 982 1037 980 
3 1040 1099 1037 
3 1040 1037 983 
3 983 1037 982 
3 983 1039 1040 
3 1040 1101 1099 
3 1039 1101 1040 
3 1039 1043 1101 
3 1043 1106 1101 
3 1105 1107 1043 
3 1043 1107 1106 
3 1159 1160 1105 
3 1105 1160 1107 
3 1160 1159 1218 
3 1219 1160 1218 
3 1218 1278 1219 
3 1277 1278 1218 
3 1283 1343 1277 
3 1277 1343 1278 
3 1284 1349 1283 
3 1283 1349 1343 
3 1349 1284 1285 
3 1350 1349 1285 
3 1285 1351 1350 
3 1286 1351 1285 
3 1351 1286 1352 
3 1413 1351 1352 
3 1539 1540 1476 
3 1475 1539 1476 
3 1475 1476 1413 
3 1415 1475 1413 
3 1415 1413 1352 
3 1540 1541 1476 
3 1614 1613 1547 
3 1614 1547 1615 
3 1615 1547 1548 
3 1613 1546 1547 
3 1547 1481 1548 
3 1546 1480 1481 
3 1481 1547 1546 
3 1479 1418 1480 
3 1480 1418 1481 
3 1357 1419 1418 
3 1418 1419 1481 
3 1358 1420 1357 
3 1357 1420 1419 
3 1359 1360 1358 
3 1358 1360 1420 
3 1303 1362 1360 
3 1303 1360 1299 
3 1299 1360 1359 
3 1299 1300 1303 
3 1303 1302 1362 
3 1301 1361 1302 
3 1238 1301 1302 
3 1238 1302 1303 
3 1238 1303 1300 
3 1238 1298 1301 
3 1301 1305 1361 
3 1304 1317 1305 
3 1240 1304 1305 
3 1240 1305 1301 
3 1240 1301 1298 
3 1240 1251 1304 
3 1252 1317 1304 
3 1318 1317 1252 
3 1251 1194 1252 
3 1304 1251 1252 
3 1252 1253 1318 
3 1253 1252 1194 
3 1253 1194 1195 
3 1195 1194 1137 
3 1137 1138 1195 
3 1195 1138 1196 
3 1127 1138 1079 
3 1127 1184 1138 
3 1184 1196 1138 
3 1079 1068 1127 
3 1128 1184 1127 
3 1185 1184 1128 
3 1068 1069 1128 
3 1127 1068 1128 
3 1129 1185 1128 
3 1186 1185 1129 
3 1069 1070 1129 
3 1128 1069 1129 
3 1129 1130 1186 
3 1130 1129 1070 
3 1130 1070 1131 
3 1131 1070 1071 
3 1072 1071 1016 
3 1072 1132 1071 
3 1132 1131 1071 
3 1016 1017 1072 
3 1072 1075 1132 
3 1074 1133 1075 
3 1018 1074 1075 
3 1018 1075 1072 
3 1018 1072 1017 
3 1018 1073 1074 
3 1074 1081 1133 
3 1073 1081 1074 
3 1073 1024 1081 
3 1024 1082 1081 
3 1082 1024 1030 
3 1088 1082 1030 
3 1030 1031 1088 
3 975 1031 1030 
3 1031 975 1029 
3 1087 1031 1029 
3 1029 1084 1087 
3 1026 1084 1029 
3 1084 1026 1083 
3 1141 1084 1083 
3 1083 1085 1141 
3 1027 1085 1083 
3 1085 1027 1028 
3 1086 1085 1028 
3 1028 1032 1086 
3 977 1032 1028 
3 1032 977 978 
3 1033 1032 978 
3 1034 978 979 
3 1034 1035 978 
3 1035 1033 978 
3 979 1036 1034 
3 1034 1097 1035 
3 1036 1097 1034 
3 1036 1037 1097 
3 1037 1100 1097 
3 1100 1037 1099 
3 1155 1100 1099 
3 1099 1156 1155 
3 1101 1156 1099 
3 1106 1157 1101 
3 1101 1157 1156 
3 1107 1161 1106 
3 1106 1161 1157 
3 1160 1162 1107 
3 1107 1162 1161 
3 1162 1160 1219 
3 1221 1162 1219 
3 1219 1279 1221 
3 1278 1279 1219 
3 1343 1344 1278 
3 1278 1344 1279 
3 1349 1404 1343 
3 1343 1404 1344 
3 1350 1412 1411 
3 1350 1411 1349 
3 1349 1411 1404 
3 1411 1412 1474 
3 1350 1351 1412 
3 1412 1351 1413 
3 1412 1413 1474 
3 1474 1413 1477 
3 1413 1478 1477 
3 1476 1478 1413 
3 1541 1544 1478 
3 1541 1478 1476 
3 1544 1609 1545 
3 1544 1545 1478 
3 1609 1610 1545 
3 1610 1611 1545 
3 1678 1616 1617 
3 1679 1678 1617 
3 1616 1615 1548 
3 1548 1617 1616 
3 1618 1617 1548 
3 1548 1549 1618 
3 1481 1549 1548 
3 1419 1482 1481 
3 1481 1482 1549 
3 1420 1483 1419 
3 1419 1483 1482 
3 1360 1421 1420 
3 1420 1421 1483 
3 1421 1360 1362 
3 1423 1421 1362 
3 1362 1363 1423 
3 1302 1363 1362 
3 1363 1302 1361 
3 1422 1363 1361 
3 1361 1364 1422 
3 1305 1364 1361 
3 1364 1305 1317 
3 1376 1364 1317 
3 1317 1318 1376 
3 1376 1318 1377 
3 1254 1318 1253 
3 1254 1319 1318 
3 1319 1377 1318 
3 1253 1195 1254 
3 1255 1319 1254 
3 1306 1319 1255 
3 1195 1196 1255 
3 1254 1195 1255 
3 1241 1306 1255 
3 1307 1306 1241 
3 1196 1184 1241 
3 1255 1196 1241 
3 1241 1242 1307 
3 1242 1241 1184 
3 1242 1184 1243 
3 1243 1184 1185 
3 1185 1186 1243 
3 1243 1186 1244 
3 1187 1186 1130 
3 1187 1245 1186 
3 1245 1244 1186 
3 1130 1131 1187 
3 1187 1188 1245 
3 1188 1187 1131 
3 1188 1131 1189 
3 1189 1131 1132 
3 1132 1134 1189 
3 1075 1134 1132 
3 1134 1075 1133 
3 1190 1134 1133 
3 1133 1140 1190 
3 1081 1140 1133 
3 1091 1145 1140 
3 1091 1140 1082 
3 1082 1140 1081 
3 1082 1088 1091 
3 1091 1090 1145 
3 1089 1144 1090 
3 1031 1089 1090 
3 1031 1090 1091 
3 1031 1091 1088 
3 1031 1087 1089 
3 1089 1142 1144 
3 1087 1142 1089 
3 1087 1084 1142 
3 1084 1143 1142 
3 1143 1084 1141 
3 1198 1143 1141 
3 1094 1141 1085 
3 1094 1148 1141 
3 1148 1198 1141 
3 1085 1086 1094 
3 1094 1093 1148 
3 1092 1147 1093 
3 1032 1092 1093 
3 1032 1093 1094 
3 1032 1094 1086 
3 1032 1033 1092 
3 1092 1095 1147 
3 1095 1092 1033 
3 1095 1033 1096 
3 1096 1033 1035 
3 1035 1098 1096 
3 1097 1098 1035 
3 1100 1153 1097 
3 1097 1153 1098 
3 1153 1100 1155 
3 1211 1153 1155 
3 1155 1213 1211 
3 1156 1213 1155 
3 1157 1214 1156 
3 1156 1214 1213 
3 1161 1215 1157 
3 1157 1215 1214 
3 1162 1220 1161 
3 1161 1220 1215 
3 1220 1162 1221 
3 1280 1220 1221 
3 1221 1282 1280 
3 1279 1282 1221 
3 1344 1345 1279 
3 1279 1345 1282 
3 1404 1405 1344 
3 1344 1405 1345 
3 1411 1468 1404 
3 1404 1468 1405 
3 1468 1411 1474 
3 1533 1468 1474 
3 1542 1477 1543 
3 1542 1533 1477 
3 1533 1474 1477 
3 1542 1543 1608 
3 1477 1478 1543 
3 1543 1478 1545 
3 1543 1545 1608 
3 1608 1545 1612 
3 1611 1675 1612 
3 1612 1545 1611 
3 1675 1676 1612 
3 1887 1815 1816 
3 1814 1746 1815 
3 1815 1746 1816 
3 1814 1745 1746 
3 1680 1679 1617 
3 1680 1617 1681 
3 1680 1681 1745 
3 1745 1681 1746 
3 1681 1617 1618 
3 1682 1681 1618 
3 1618 1619 1682 
3 1549 1619 1618 
3 1482 1550 1549 
3 1549 1550 1619 
3 1483 1484 1482 
3 1482 1484 1550 
3 1426 1486 1484 
3 1426 1484 1421 
3 1421 1484 1483 
3 1421 1423 1426 
3 1426 1425 1486 
3 1424 1485 1425 
3 1363 1424 1425 
3 1363 1425 1426 
3 1363 1426 1423 
3 1363 1422 1424 
3 1424 1428 1485 
3 1427 1490 1428 
3 1364 1427 1428 
3 1364 1428 1424 
3 1364 1424 1422 
3 1364 1376 1427 
3 1441 1490 1427 
3 1442 1490 1441 
3 1376 1377 1441 
3 1427 1376 1441 
3 1378 1442 1441 
3 1443 1442 1378 
3 1377 1319 1378 
3 1441 1377 1378 
3 1378 1379 1443 
3 1379 1378 1319 
3 1379 1319 1365 
3 1365 1319 1306 
3 1306 1307 1365 
3 1365 1307 1366 
3 1308 1307 1242 
3 1308 1367 1307 
3 1367 1366 1307 
3 1242 1243 1308 
3 1309 1367 1308 
3 1368 1367 1309 
3 1243 1244 1309 
3 1308 1243 1309 
3 1309 1310 1368 
3 1310 1309 1244 
3 1310 1244 1311 
3 1311 1244 1245 
3 1245 1246 1311 
3 1188 1246 1245 
3 1246 1188 1189 
3 1247 1246 1189 
3 1189 1191 1247 
3 1134 1191 1189 
3 1191 1134 1190 
3 1248 1191 1190 
3 1190 1197 1248 
3 1140 1197 1190 
3 1197 1140 1145 
3 1202 1197 1145 
3 1145 1146 1202 
3 1090 1146 1145 
3 1146 1090 1144 
3 1201 1146 1144 
3 1144 1199 1201 
3 1142 1199 1144 
3 1200 1258 1199 
3 1200 1199 1143 
3 1143 1199 1142 
3 1143 1198 1200 
3 1200 1257 1258 
3 1257 1200 1198 
3 1257 1198 1205 
3 1205 1198 1148 
3 1148 1149 1205 
3 1093 1149 1148 
3 1149 1093 1147 
3 1204 1149 1147 
3 1147 1150 1204 
3 1095 1150 1147 
3 1150 1095 1096 
3 1151 1150 1096 
3 1096 1152 1151 
3 1098 1152 1096 
3 1153 1154 1098 
3 1098 1154 1152 
3 1154 1153 1211 
3 1212 1154 1211 
3 1211 1272 1212 
3 1213 1272 1211 
3 1214 1274 1213 
3 1213 1274 1272 
3 1215 1275 1214 
3 1214 1275 1274 
3 1220 1276 1215 
3 1215 1276 1275 
3 1280 1346 1281 
3 1280 1281 1220 
3 1220 1281 1276 
3 1346 1406 1347 
3 1281 1346 1347 
3 1347 1406 1408 
3 1280 1282 1346 
3 1345 1346 1282 
3 1406 1346 1345 
3 1406 1407 1408 
3 1406 1345 1407 
3 1345 1405 1407 
3 1468 1469 1405 
3 1405 1469 1407 
3 1469 1468 1533 
3 1534 1469 1533 
3 1533 1603 1534 
3 1542 1603 1533 
3 1603 1542 1608 
3 1671 1603 1608 
3 1608 1612 1671 
3 1671 1612 1677 
3 1676 1743 1677 
3 1677 1612 1676 
3 1743 1811 1744 
3 1744 1677 1743 
3 1811 1812 1744 
3 1812 1813 1744 
3 1888 1887 1816 
3 1889 1888 1816 
3 1816 1890 1889 
3 1816 1817 1890 
3 1746 1817 1816 
3 1681 1747 1746 
3 1746 1747 1817 
3 1747 1681 1682 
3 1683 1747 1682 
3 1682 1620 1683 
3 1619 1620 1682 
3 1550 1551 1619 
3 1619 1551 1620 
3 1489 1553 1551 
3 1489 1551 1484 
3 1484 1551 1550 
3 1484 1486 1489 
3 1489 1488 1553 
3 1487 1552 1488 
3 1425 1487 1488 
3 1425 1488 1489 
3 1425 1489 1486 
3 1425 1485 1487 
3 1487 1492 1552 
3 1491 1557 1492 
3 1428 1491 1492 
3 1428 1492 1487 
3 1428 1487 1485 
3 1428 1490 1491 
3 1505 1557 1491 
3 1572 1557 1505 
3 1490 1442 1505 
3 1491 1490 1505 
3 1505 1506 1572 
3 1506 1505 1442 
3 1506 1442 1507 
3 1507 1442 1443 
3 1429 1443 1379 
3 1429 1493 1443 
3 1493 1507 1443 
3 1379 1365 1429 
3 1430 1493 1429 
3 1494 1493 1430 
3 1365 1366 1430 
3 1429 1365 1430 
3 1430 1431 1494 
3 1431 1430 1366 
3 1431 1366 1432 
3 1432 1366 1367 
3 1367 1368 1432 
3 1432 1368 1433 
3 1368 1369 1433 
3 1310 1369 1368 
3 1369 1310 1311 
3 1370 1369 1311 
3 1312 1311 1246 
3 1312 1314 1311 
3 1314 1370 1311 
3 1246 1247 1312 
3 1312 1249 1314 
3 1247 1249 1312 
3 1247 1191 1249 
3 1191 1250 1249 
3 1250 1191 1248 
3 1313 1250 1248 
3 1248 1256 1313 
3 1197 1256 1248 
3 1256 1197 1202 
3 1261 1256 1202 
3 1202 1203 1261 
3 1146 1203 1202 
3 1203 1146 1201 
3 1260 1203 1201 
3 1201 1259 1260 
3 1199 1259 1201 
3 1259 1199 1258 
3 1322 1259 1258 
3 1258 1264 1322 
3 1257 1264 1258 
3 1264 1257 1205 
3 1265 1264 1205 
3 1205 1206 1265 
3 1149 1206 1205 
3 1206 1149 1204 
3 1263 1206 1204 
3 1204 1207 1263 
3 1150 1207 1204 
3 1207 1150 1151 
3 1208 1207 1151 
3 1151 1209 1208 
3 1152 1209 1151 
3 1154 1210 1152 
3 1152 1210 1209 
3 1210 1154 1212 
3 1271 1210 1212 
3 1212 1273 1271 
3 1272 1273 1212 
3 1274 1338 1272 
3 1272 1338 1273 
3 1275 1340 1274 
3 1274 1340 1338 
3 1276 1341 1275 
3 1275 1341 1340 
3 1281 1342 1276 
3 1276 1342 1341 
3 1347 1348 1281 
3 1281 1348 1342 
3 1408 1470 1409 
3 1408 1409 1347 
3 1347 1409 1348 
3 1409 1470 1472 
3 1408 1407 1470 
3 1470 1471 1472 
3 1470 1407 1471 
3 1407 1469 1471 
3 1534 1604 1535 
3 1534 1535 1469 
3 1469 1535 1471 
3 1535 1604 1605 
3 1534 1603 1604 
3 1604 1603 1671 
3 1604 1671 1605 
3 1605 1671 1672 
3 1671 1677 1672 
3 1672 1677 1739 
3 1677 1744 1739 
3 1739 1744 1808 
3 1883 1884 1808 
3 1813 1883 1808 
3 1813 1808 1744 
3 1960 1935 1936 
3 1961 1960 1936 
3 1935 1889 1890 
3 1890 1936 1935 
3 1891 1936 1890 
3 1890 1818 1891 
3 1817 1818 1890 
3 1747 1748 1817 
3 1817 1748 1818 
3 1748 1747 1683 
3 1684 1748 1683 
3 1683 1621 1684 
3 1620 1621 1683 
3 1556 1623 1621 
3 1556 1621 1551 
3 1551 1621 1620 
3 1551 1553 1556 
3 1556 1555 1623 
3 1554 1622 1555 
3 1488 1554 1555 
3 1488 1555 1556 
3 1488 1556 1553 
3 1488 1552 1554 
3 1554 1559 1622 
3 1558 1627 1559 
3 1492 1558 1559 
3 1492 1559 1554 
3 1492 1554 1552 
3 1492 1557 1558 
3 1558 1625 1627 
3 1625 1558 1557 
3 1625 1557 1626 
3 1626 1557 1572 
3 1573 1572 1506 
3 1573 1643 1572 
3 1643 1626 1572 
3 1506 1507 1573 
3 1573 1574 1643 
3 1574 1573 1507 
3 1574 1507 1560 
3 1560 1507 1493 
3 1493 1494 1560 
3 1560 1494 1561 
3 1494 1495 1561 
3 1431 1495 1494 
3 1495 1431 1432 
3 1496 1495 1432 
3 1432 1433 1496 
3 1496 1433 1497 
3 1433 1434 1497 
3 1369 1434 1433 
3 1434 1369 1370 
3 1371 1434 1370 
3 1370 1314 1371 
3 1371 1314 1372 
3 1314 1315 1372 
3 1249 1315 1314 
3 1316 1373 1315 
3 1316 1315 1250 
3 1250 1315 1249 
3 1250 1313 1316 
3 1316 1320 1373 
3 1313 1320 1316 
3 1313 1256 1320 
3 1256 1321 1320 
3 1321 1256 1261 
3 1325 1321 1261 
3 1261 1262 1325 
3 1203 1262 1261 
3 1262 1203 1260 
3 1324 1262 1260 
3 1260 1323 1324 
3 1259 1323 1260 
3 1323 1259 1322 
3 1382 1323 1322 
3 1322 1328 1382 
3 1264 1328 1322 
3 1328 1264 1265 
3 1329 1328 1265 
3 1265 1266 1329 
3 1206 1266 1265 
3 1266 1206 1263 
3 1327 1266 1263 
3 1263 1267 1327 
3 1207 1267 1263 
3 1267 1207 1208 
3 1268 1267 1208 
3 1208 1269 1268 
3 1209 1269 1208 
3 1210 1270 1209 
3 1209 1270 1269 
3 1270 1210 1271 
3 1335 1270 1271 
3 1271 1337 1335 
3 1273 1337 1271 
3 1338 1339 1273 
3 1273 1339 1337 
3 1340 1399 1338 
3 1338 1399 1339 
3 1341 1401 1340 
3 1340 1401 1399 
3 1342 1402 1341 
3 1341 1402 1401 
3 1348 1403 1342 
3 1342 1403 1402 
3 1409 1410 1348 
3 1348 1410 1403 
3 1472 1536 1473 
3 1472 1473 1409 
3 1409 1473 1410 
3 1473 1536 1538 
3 1472 1471 1536 
3 1536 1537 1538 
3 1536 1471 1537 
3 1471 1535 1537 
3 1537 1535 1605 
3 1606 1537 1605 
3 1673 1672 1740 
3 1673 1606 1672 
3 1606 1605 1672 
3 1673 1740 1741 
3 1740 1739 1809 
3 1672 1739 1740 
3 1810 1741 1740 
3 1809 1810 1740 
3 1809 1808 1885 
3 1739 1808 1809 
3 1886 1810 1809 
3 1885 1886 1809 
3 1884 1931 1885 
3 1885 1808 1884 
3 1931 1932 1885 
3 1932 1933 1886 
3 1886 1885 1932 
3 1933 1934 1886 
3 1962 1961 1936 
3 1962 1936 1937 
3 1963 1962 1937 
3 1891 1819 1892 
3 1891 1892 1936 
3 1936 1892 1937 
3 1892 1819 1820 
3 1891 1818 1819 
3 1819 1749 1820 
3 1819 1818 1749 
3 1818 1748 1749 
3 1749 1748 1684 
3 1750 1749 1684 
3 1684 1685 1750 
3 1621 1685 1684 
3 1685 1621 1623 
3 1687 1685 1623 
3 1623 1624 1687 
3 1555 1624 1623 
3 1624 1555 1622 
3 1686 1624 1622 
3 1622 1628 1686 
3 1559 1628 1622 
3 1628 1559 1627 
3 1692 1628 1627 
3 1689 1627 1625 
3 1689 1693 1627 
3 1693 1692 1627 
3 1625 1626 1689 
3 1689 1690 1693 
3 1690 1689 1626 
3 1690 1626 1691 
3 1691 1626 1643 
3 1629 1643 1574 
3 1629 1695 1643 
3 1695 1691 1643 
3 1574 1560 1629 
3 1629 1630 1695 
3 1630 1629 1560 
3 1630 1560 1631 
3 1631 1560 1561 
3 1562 1561 1495 
3 1562 1632 1561 
3 1632 1631 1561 
3 1495 1496 1562 
3 1562 1563 1632 
3 1563 1562 1496 
3 1563 1496 1498 
3 1498 1496 1497 
3 1497 1435 1498 
3 1434 1435 1497 
3 1435 1434 1371 
3 1436 1435 1371 
3 1371 1372 1436 
3 1436 1372 1437 
3 1372 1374 1437 
3 1315 1374 1372 
3 1373 1380 1375 
3 1373 1375 1315 
3 1315 1375 1374 
3 1375 1380 1440 
3 1373 1320 1380 
3 1380 1381 1440 
3 1380 1320 1381 
3 1320 1321 1381 
3 1381 1321 1325 
3 1385 1381 1325 
3 1325 1326 1385 
3 1262 1326 1325 
3 1326 1262 1324 
3 1384 1326 1324 
3 1324 1383 1384 
3 1323 1383 1324 
3 1383 1323 1382 
3 1445 1383 1382 
3 1382 1388 1445 
3 1328 1388 1382 
3 1388 1328 1329 
3 1389 1388 1329 
3 1329 1330 1389 
3 1266 1330 1329 
3 1330 1266 1327 
3 1387 1330 1327 
3 1327 1331 1387 
3 1267 1331 1327 
3 1331 1267 1268 
3 1332 1331 1268 
3 1268 1333 1332 
3 1269 1333 1268 
3 1270 1334 1269 
3 1269 1334 1333 
3 1335 1396 1336 
3 1335 1336 1270 
3 1270 1336 1334 
3 1336 1396 1397 
3 1335 1337 1396 
3 1396 1398 1397 
3 1396 1337 1398 
3 1337 1339 1398 
3 1399 1400 1339 
3 1339 1400 1398 
3 1401 1463 1399 
3 1399 1463 1400 
3 1402 1465 1401 
3 1401 1465 1463 
3 1403 1466 1402 
3 1402 1466 1465 
3 1410 1467 1403 
3 1403 1467 1466 
3 1531 1532 1467 
3 1531 1467 1473 
3 1473 1467 1410 
3 1473 1538 1531 
3 1531 1602 1532 
3 1607 1669 1602 
3 1537 1607 1602 
3 1537 1602 1531 
3 1537 1531 1538 
3 1537 1606 1607 
3 1607 1674 1669 
3 1742 1738 1674 
3 1673 1742 1674 
3 1673 1674 1607 
3 1673 1607 1606 
3 1673 1741 1742 
3 1807 1738 1742 
3 1806 1738 1807 
3 1741 1810 1807 
3 1742 1741 1807 
3 1882 1806 1807 
3 1879 1806 1882 
3 1810 1886 1882 
3 1807 1810 1882 
3 1927 1879 1928 
3 1928 1879 1882 
3 1927 1929 1879 
3 1934 1930 1886 
3 1930 1928 1882 
3 1930 1882 1886 
3 2014 1991 2015 
3 2015 1991 2016 
3 2035 2015 2016 
3 2016 1991 1992 
3 2014 1990 1991 
3 1991 1965 1992 
3 1990 1964 1965 
3 1965 1991 1990 
3 1963 1937 1964 
3 1964 1937 1965 
3 1892 1938 1937 
3 1937 1938 1965 
3 1820 1821 1893 
3 1820 1893 1892 
3 1892 1893 1938 
3 1893 1821 1823 
3 1820 1749 1821 
3 1750 1751 1822 
3 1749 1750 1822 
3 1749 1822 1823 
3 1749 1823 1821 
3 1822 1751 1754 
3 1750 1685 1751 
3 1751 1685 1687 
3 1751 1687 1754 
3 1754 1687 1755 
3 1687 1688 1755 
3 1624 1688 1687 
3 1688 1624 1686 
3 1752 1688 1686 
3 1694 1686 1628 
3 1694 1753 1686 
3 1753 1752 1686 
3 1628 1692 1694 
3 1694 1759 1753 
3 1759 1694 1692 
3 1759 1692 1760 
3 1760 1692 1693 
3 1693 1757 1760 
3 1690 1757 1693 
3 1757 1690 1691 
3 1758 1757 1691 
3 1691 1695 1758 
3 1758 1695 1761 
3 1695 1696 1761 
3 1630 1696 1695 
3 1696 1630 1631 
3 1697 1696 1631 
3 1631 1632 1697 
3 1697 1632 1633 
3 1632 1564 1633 
3 1563 1564 1632 
3 1564 1563 1498 
3 1565 1564 1498 
3 1498 1499 1565 
3 1435 1499 1498 
3 1499 1435 1436 
3 1500 1499 1436 
3 1436 1437 1500 
3 1500 1437 1501 
3 1437 1438 1501 
3 1374 1438 1437 
3 1375 1439 1374 
3 1374 1439 1438 
3 1439 1375 1440 
3 1504 1439 1440 
3 1440 1444 1504 
3 1381 1444 1440 
3 1444 1381 1385 
3 1448 1444 1385 
3 1385 1386 1448 
3 1326 1386 1385 
3 1386 1326 1384 
3 1447 1386 1384 
3 1384 1446 1447 
3 1383 1446 1384 
3 1446 1383 1445 
3 1509 1446 1445 
3 1445 1451 1509 
3 1388 1451 1445 
3 1451 1388 1389 
3 1452 1451 1389 
3 1389 1390 1452 
3 1330 1390 1389 
3 1390 1330 1387 
3 1450 1390 1387 
3 1387 1391 1450 
3 1331 1391 1387 
3 1391 1331 1332 
3 1392 1391 1332 
3 1332 1393 1392 
3 1333 1393 1332 
3 1334 1394 1333 
3 1333 1394 1393 
3 1336 1395 1334 
3 1334 1395 1394 
3 1395 1336 1397 
3 1460 1395 1397 
3 1397 1461 1460 
3 1398 1461 1397 
3 1400 1462 1398 
3 1398 1462 1461 
3 1463 1464 1400 
3 1400 1464 1462 
3 1465 1526 1463 
3 1463 1526 1464 
3 1529 1595 1526 
3 1529 1526 1466 
3 1466 1526 1465 
3 1466 1467 1530 
3 1529 1466 1530 
3 1467 1532 1530 
3 1529 1599 1595 
3 1599 1600 1665 
3 1599 1529 1600 
3 1529 1530 1600 
3 1532 1602 1601 
3 1532 1601 1530 
3 1530 1601 1600 
3 1602 1669 1601 
3 1600 1667 1665 
3 1667 1668 1735 
3 1667 1600 1668 
3 1600 1601 1668 
3 1669 1674 1670 
3 1669 1670 1601 
3 1601 1670 1668 
3 1674 1738 1670 
3 1736 1735 1668 
3 1802 1735 1736 
3 1670 1737 1668 
3 1737 1736 1668 
3 1738 1806 1737 
3 1670 1738 1737 
3 1878 1802 1803 
3 1803 1802 1736 
3 1878 1875 1802 
3 1737 1804 1736 
3 1805 1803 1736 
3 1736 1804 1805 
3 1806 1879 1804 
3 1737 1806 1804 
3 1880 1805 1804 
3 1929 1881 1879 
3 1881 1880 1804 
3 1881 1804 1879 
3 2036 2035 2016 
3 2036 2016 2017 
3 2037 2036 2017 
3 1992 1966 1993 
3 1992 1993 2016 
3 2016 1993 2017 
3 1966 1967 1994 
3 1993 1966 1994 
3 1994 1967 1968 
3 1992 1965 1966 
3 1938 1966 1965 
3 1967 1966 1938 
3 1967 1939 1968 
3 1967 1938 1939 
3 1938 1893 1939 
3 1823 1827 1894 
3 1823 1894 1893 
3 1893 1894 1939 
3 1894 1827 1828 
3 1823 1822 1827 
3 1827 1822 1754 
3 1827 1754 1828 
3 1828 1754 1829 
3 1754 1755 1829 
3 1829 1755 1830 
3 1755 1756 1830 
3 1688 1756 1755 
3 1756 1688 1752 
3 1824 1756 1752 
3 1752 1753 1824 
3 1824 1753 1825 
3 1753 1826 1825 
3 1759 1826 1753 
3 1826 1759 1760 
3 1835 1826 1760 
3 1832 1760 1757 
3 1832 1836 1760 
3 1836 1835 1760 
3 1757 1758 1832 
3 1832 1833 1836 
3 1833 1832 1758 
3 1833 1758 1834 
3 1834 1758 1761 
3 1761 1762 1834 
3 1696 1762 1761 
3 1762 1696 1697 
3 1698 1762 1697 
3 1697 1633 1698 
3 1698 1633 1699 
3 1633 1634 1699 
3 1564 1634 1633 
3 1634 1564 1565 
3 1635 1634 1565 
3 1565 1566 1635 
3 1499 1566 1565 
3 1566 1499 1500 
3 1567 1566 1500 
3 1500 1501 1567 
3 1567 1501 1568 
3 1501 1502 1568 
3 1438 1502 1501 
3 1439 1503 1438 
3 1438 1503 1502 
3 1503 1439 1504 
3 1570 1503 1504 
3 1504 1508 1570 
3 1444 1508 1504 
3 1508 1444 1448 
3 1512 1508 1448 
3 1448 1449 1512 
3 1386 1449 1448 
3 1449 1386 1447 
3 1511 1449 1447 
3 1447 1510 1511 
3 1446 1510 1447 
3 1510 1446 1509 
3 1577 1510 1509 
3 1509 1514 1577 
3 1451 1514 1509 
3 1514 1451 1452 
3 1515 1514 1452 
3 1453 1452 1390 
3 1453 1516 1452 
3 1516 1515 1452 
3 1390 1450 1453 
3 1453 1455 1516 
3 1454 1517 1455 
3 1391 1454 1455 
3 1391 1455 1453 
3 1391 1453 1450 
3 1391 1392 1454 
3 1454 1456 1517 
3 1392 1456 1454 
3 1392 1393 1456 
3 1393 1457 1456 
3 1458 1521 1457 
3 1458 1457 1394 
3 1394 1457 1393 
3 1394 1395 1459 
3 1458 1394 1459 
3 1395 1460 1459 
3 1458 1522 1521 
3 1459 1522 1458 
3 1523 1522 1459 
3 1460 1523 1459 
3 1460 1461 1523 
3 1461 1524 1523 
3 1462 1525 1461 
3 1461 1525 1524 
3 1527 1594 1525 
3 1527 1525 1464 
3 1464 1525 1462 
3 1464 1526 1528 
3 1527 1464 1528 
3 1526 1595 1528 
3 1527 1596 1594 
3 1596 1597 1662 
3 1596 1527 1597 
3 1527 1528 1597 
3 1595 1599 1598 
3 1595 1598 1528 
3 1528 1598 1597 
3 1599 1665 1598 
3 1663 1662 1597 
3 1731 1662 1663 
3 1598 1664 1597 
3 1664 1663 1597 
3 1665 1667 1666 
3 1665 1666 1598 
3 1598 1666 1664 
3 1667 1735 1666 
3 1732 1731 1663 
3 1795 1731 1732 
3 1664 1733 1663 
3 1733 1732 1663 
3 1666 1734 1664 
3 1734 1733 1664 
3 1735 1802 1734 
3 1666 1735 1734 
3 1926 1925 1873 
3 1874 1926 1873 
3 1873 1795 1874 
3 1796 1874 1795 
3 1796 1795 1732 
3 1797 1796 1732 
3 1798 1799 1732 
3 1732 1733 1798 
3 1799 1797 1732 
3 1734 1800 1733 
3 1801 1798 1733 
3 1733 1800 1801 
3 1875 1876 1800 
3 1800 1802 1875 
3 1734 1802 1800 
3 1877 1801 1800 
3 1876 1877 1800 
3 2053 2038 2039 
3 2038 2037 2017 
3 2017 2039 2038 
3 1993 2018 2017 
3 2017 2018 2039 
3 1994 1995 1993 
3 1993 1995 2018 
3 1968 1940 1969 
3 1968 1969 1994 
3 1994 1969 1995 
3 1969 1940 1970 
3 1968 1939 1940 
3 1940 1939 1894 
3 1940 1894 1941 
3 1940 1941 1970 
3 1941 1894 1898 
3 1894 1828 1898 
3 1898 1899 1941 
3 1899 1898 1828 
3 1899 1828 1900 
3 1900 1828 1829 
3 1829 1830 1900 
3 1900 1830 1901 
3 1830 1831 1901 
3 1756 1831 1830 
3 1831 1756 1824 
3 1895 1831 1824 
3 1824 1825 1895 
3 1895 1825 1896 
3 1825 1897 1896 
3 1826 1897 1825 
3 1897 1826 1835 
3 1904 1897 1835 
3 1835 1836 1904 
3 1904 1836 1905 
3 1836 1903 1905 
3 1833 1903 1836 
3 1903 1833 1834 
3 1837 1903 1834 
3 1834 1763 1837 
3 1762 1763 1834 
3 1763 1762 1698 
3 1764 1763 1698 
3 1698 1699 1764 
3 1764 1699 1765 
3 1699 1700 1765 
3 1634 1700 1699 
3 1700 1634 1635 
3 1701 1700 1635 
3 1636 1635 1566 
3 1636 1702 1635 
3 1702 1701 1635 
3 1566 1567 1636 
3 1636 1637 1702 
3 1637 1636 1567 
3 1637 1567 1638 
3 1638 1567 1568 
3 1568 1569 1638 
3 1502 1569 1568 
3 1571 1639 1569 
3 1571 1569 1503 
3 1503 1569 1502 
3 1503 1570 1571 
3 1571 1575 1639 
3 1570 1575 1571 
3 1570 1508 1575 
3 1508 1576 1575 
3 1576 1508 1512 
3 1581 1576 1512 
3 1512 1513 1581 
3 1449 1513 1512 
3 1513 1449 1511 
3 1579 1513 1511 
3 1578 1511 1510 
3 1578 1580 1511 
3 1580 1579 1511 
3 1510 1577 1578 
3 1578 1584 1580 
3 1583 1650 1584 
3 1514 1583 1584 
3 1514 1584 1578 
3 1514 1578 1577 
3 1514 1515 1583 
3 1585 1650 1583 
3 1651 1650 1585 
3 1515 1516 1585 
3 1583 1515 1585 
3 1586 1651 1585 
3 1652 1651 1586 
3 1516 1455 1518 
3 1516 1518 1585 
3 1585 1518 1586 
3 1455 1517 1518 
3 1653 1652 1586 
3 1716 1652 1653 
3 1518 1587 1586 
3 1587 1653 1586 
3 1517 1456 1519 
3 1517 1519 1518 
3 1518 1519 1587 
3 1456 1457 1520 
3 1519 1456 1520 
3 1457 1521 1520 
3 1653 1718 1716 
3 1718 1654 1719 
3 1718 1653 1654 
3 1653 1587 1654 
3 1519 1588 1587 
3 1588 1654 1587 
3 1520 1589 1519 
3 1589 1588 1519 
3 1521 1522 1590 
3 1521 1590 1520 
3 1520 1590 1589 
3 1522 1523 1591 
3 1590 1522 1591 
3 1523 1524 1592 
3 1591 1523 1592 
3 1524 1525 1593 
3 1592 1524 1593 
3 1525 1594 1593 
3 1654 1720 1719 
3 1721 1786 1720 
3 1721 1720 1655 
3 1720 1654 1655 
3 1654 1588 1655 
3 1589 1656 1588 
3 1656 1655 1588 
3 1590 1657 1589 
3 1657 1656 1589 
3 1591 1658 1590 
3 1658 1657 1590 
3 1592 1659 1591 
3 1659 1658 1591 
3 1593 1660 1592 
3 1660 1659 1592 
3 1594 1596 1661 
3 1594 1661 1593 
3 1593 1661 1660 
3 1596 1662 1661 
3 1722 1721 1655 
3 1723 1722 1655 
3 1656 1724 1655 
3 1725 1723 1655 
3 1655 1724 1725 
3 1657 1726 1656 
3 1726 1724 1656 
3 1658 1727 1657 
3 1727 1726 1657 
3 1659 1728 1658 
3 1728 1727 1658 
3 1660 1729 1659 
3 1729 1728 1659 
3 1661 1730 1660 
3 1730 1729 1660 
3 1662 1731 1730 
3 1661 1662 1730 
3 1787 1725 1724 
3 1788 1789 1724 
3 1724 1726 1788 
3 1789 1787 1724 
3 1727 1790 1726 
3 1791 1788 1726 
3 1726 1790 1791 
3 1728 1792 1727 
3 1792 1790 1727 
3 1729 1793 1728 
3 1793 1792 1728 
3 1730 1794 1729 
3 1794 1793 1729 
3 1731 1795 1794 
3 1730 1731 1794 
3 1866 1791 1790 
3 1867 1868 1790 
3 1790 1792 1867 
3 1868 1866 1790 
3 1869 1870 1792 
3 1792 1793 1869 
3 1870 1867 1792 
3 1925 1872 1873 
3 1872 1871 1794 
3 1794 1873 1872 
3 1871 1869 1793 
3 1793 1794 1871 
3 1795 1873 1794 
3 2039 2040 2054 
3 2053 2039 2055 
3 2055 2039 2054 
3 2018 2020 2039 
3 2039 2020 2040 
3 1995 1997 2018 
3 2018 1997 2020 
3 1996 2019 1997 
3 1996 1997 1969 
3 1969 1997 1995 
3 1969 1970 1996 
3 2069 2055 2054 
3 1996 1998 2019 
3 1998 1996 1970 
3 1998 1970 1971 
3 1971 1970 1941 
3 1946 1941 1899 
3 1946 1972 1941 
3 1972 1971 1941 
3 1899 1900 1946 
3 1946 1947 1972 
3 1947 1946 1900 
3 1947 1900 1948 
3 1948 1900 1901 
3 1902 1901 1831 
3 1902 1949 1901 
3 1949 1948 1901 
3 1831 1895 1902 
3 1902 1942 1949 
3 1942 1902 1895 
3 1942 1895 1943 
3 1943 1895 1896 
3 1944 1896 1897 
3 1944 1945 1896 
3 1945 1943 1896 
3 1897 1904 1944 
3 1944 1950 1945 
3 1950 1944 1904 
3 1950 1904 1951 
3 1951 1904 1905 
3 1840 1905 1903 
3 1840 1907 1905 
3 1907 1951 1905 
3 1903 1837 1840 
3 1840 1839 1907 
3 1838 1906 1839 
3 1763 1838 1839 
3 1763 1839 1840 
3 1763 1840 1837 
3 1763 1764 1838 
3 1838 1841 1906 
3 1841 1838 1764 
3 1841 1764 1842 
3 1842 1764 1765 
3 1766 1765 1700 
3 1766 1843 1765 
3 1843 1842 1765 
3 1700 1701 1766 
3 1766 1767 1843 
3 1767 1766 1701 
3 1767 1701 1768 
3 1768 1701 1702 
3 1642 1702 1637 
3 1642 1704 1702 
3 1704 1768 1702 
3 1637 1638 1642 
3 1642 1641 1704 
3 1640 1703 1641 
3 1569 1640 1641 
3 1569 1641 1642 
3 1569 1642 1638 
3 1569 1639 1640 
3 1640 1645 1703 
3 1644 1706 1645 
3 1575 1644 1645 
3 1575 1645 1640 
3 1575 1640 1639 
3 1575 1576 1646 
3 1644 1575 1646 
3 1576 1581 1646 
3 1644 1707 1706 
3 1707 1649 1714 
3 1707 1644 1649 
3 1644 1646 1649 
3 1581 1513 1582 
3 1581 1582 1646 
3 1646 1582 1649 
3 1513 1579 1582 
3 1649 1709 1714 
3 1709 1647 1710 
3 1709 1649 1647 
3 1649 1582 1647 
3 1579 1580 1647 
3 1582 1579 1647 
3 1711 1776 1775 
3 1710 1711 1775 
3 1710 1647 1711 
3 1647 1712 1711 
3 1580 1584 1648 
3 1580 1648 1647 
3 1647 1648 1712 
3 1584 1650 1648 
3 1777 1776 1711 
3 1857 1776 1858 
3 1858 1776 1777 
3 1712 1778 1711 
3 1778 1777 1711 
3 1648 1713 1712 
3 1713 1778 1712 
3 1650 1651 1713 
3 1648 1650 1713 
3 1860 1858 1777 
3 1861 1860 1777 
3 1778 1779 1777 
3 1862 1861 1777 
3 1777 1779 1862 
3 1713 1715 1778 
3 1715 1779 1778 
3 1651 1652 1715 
3 1713 1651 1715 
3 1863 1862 1779 
3 1715 1717 1779 
3 1781 1863 1779 
3 1779 1717 1781 
3 1652 1716 1717 
3 1715 1652 1717 
3 1782 1781 1717 
3 1716 1718 1780 
3 1716 1780 1717 
3 1783 1782 1717 
3 1783 1717 1780 
3 1718 1719 1780 
3 1864 1783 1780 
3 1784 1785 1719 
3 1784 1719 1720 
3 1785 1865 1780 
3 1780 1719 1785 
3 1865 1864 1780 
3 1786 1784 1720 
3 2040 2056 2054 
3 2040 2020 2041 
3 2056 2040 2041 
3 2020 1997 2021 
3 2041 2020 2021 
3 1997 2019 2021 
3 2071 2070 2056 
3 2070 2069 2054 
3 2070 2054 2056 
3 2041 2042 2056 
3 2057 2071 2056 
3 2056 2042 2057 
3 2021 2022 2041 
3 2022 2042 2041 
3 2019 1998 1999 
3 2019 1999 2021 
3 2021 1999 2022 
3 1998 1971 1999 
3 2058 2042 2043 
3 2059 2060 2042 
3 2042 2058 2059 
3 2060 2057 2042 
3 2022 2043 2042 
3 2023 2043 2022 
3 1999 2023 2022 
3 2000 2023 1999 
3 2000 1999 1971 
3 2000 1971 2001 
3 2001 1971 1972 
3 2072 2059 2058 
3 1975 1972 1947 
3 1975 2002 1972 
3 2002 2001 1972 
3 1947 1948 1975 
3 1975 1976 2002 
3 1976 1975 1948 
3 1976 1948 1977 
3 1977 1948 1949 
3 1973 1949 1942 
3 1973 1978 1949 
3 1978 1977 1949 
3 1942 1943 1973 
3 1974 1978 1973 
3 2003 1978 1974 
3 1943 1945 1974 
3 1973 1943 1974 
3 1974 1980 2003 
3 1979 2007 1980 
3 1950 1979 1980 
3 1950 1980 1974 
3 1950 1974 1945 
3 1950 1951 1979 
3 1979 1981 2007 
3 1981 1979 1951 
3 1981 1951 1952 
3 1952 1951 1907 
3 1908 1907 1839 
3 1908 1953 1907 
3 1953 1952 1907 
3 1839 1906 1908 
3 1908 1910 1953 
3 1909 1913 1910 
3 1841 1909 1910 
3 1841 1910 1908 
3 1841 1908 1906 
3 1841 1842 1909 
3 1846 1913 1909 
3 1911 1913 1846 
3 1842 1843 1846 
3 1909 1842 1846 
3 1846 1845 1911 
3 1844 1847 1845 
3 1767 1844 1845 
3 1767 1845 1846 
3 1767 1846 1843 
3 1767 1768 1844 
3 1769 1847 1844 
3 1848 1847 1769 
3 1768 1704 1769 
3 1844 1768 1769 
3 1770 1848 1769 
3 1849 1848 1770 
3 1704 1641 1705 
3 1704 1705 1769 
3 1769 1705 1770 
3 1641 1703 1705 
3 1916 1917 1849 
3 1850 1916 1849 
3 1850 1849 1770 
3 1851 1850 1770 
3 1851 1770 1852 
3 1705 1771 1770 
3 1771 1852 1770 
3 1703 1645 1708 
3 1703 1708 1705 
3 1705 1708 1771 
3 1645 1706 1708 
3 1918 1851 1852 
3 1771 1853 1852 
3 1919 1918 1852 
3 1852 1853 1919 
3 1708 1773 1771 
3 1773 1853 1771 
3 1706 1707 1772 
3 1706 1772 1708 
3 1708 1772 1773 
3 1707 1714 1772 
3 1920 1919 1853 
3 1773 1855 1853 
3 1921 1920 1853 
3 1853 1855 1921 
3 1772 1854 1773 
3 1854 1855 1773 
3 1714 1709 1774 
3 1714 1774 1772 
3 1772 1774 1854 
3 1709 1710 1774 
3 1922 1921 1855 
3 1854 1856 1855 
3 1923 1922 1855 
3 1855 1856 1923 
3 1775 1776 1856 
3 1775 1856 1774 
3 1774 1856 1854 
3 1710 1775 1774 
3 1924 1923 1856 
3 1857 1859 1776 
3 1859 1924 1856 
3 1859 1856 1776 
3 2043 2061 2058 
3 2043 2023 2044 
3 2061 2043 2044 
3 2023 2000 2024 
3 2044 2023 2024 
3 2000 2001 2024 
3 2072 2058 2073 
3 2073 2058 2061 
3 2074 2073 2061 
3 2074 2061 2075 
3 2075 2061 2062 
3 2044 2045 2061 
3 2045 2062 2061 
3 2024 2025 2044 
3 2025 2045 2044 
3 2001 2002 2025 
3 2024 2001 2025 
3 2076 2075 2062 
3 2045 2046 2062 
3 2063 2076 2062 
3 2062 2046 2063 
3 2025 2026 2045 
3 2026 2046 2045 
3 2002 1976 2004 
3 2002 2004 2025 
3 2025 2004 2026 
3 1976 1977 2004 
3 2064 2063 2046 
3 2064 2046 2047 
3 2065 2064 2047 
3 2026 2027 2046 
3 2027 2047 2046 
3 2004 2005 2026 
3 2005 2027 2026 
3 1977 1978 2005 
3 2004 1977 2005 
3 2066 2065 2047 
3 2027 2028 2047 
3 2048 2066 2047 
3 2047 2028 2048 
3 2005 2006 2027 
3 2006 2028 2027 
3 1978 2003 2006 
3 2005 1978 2006 
3 2049 2048 2028 
3 2049 2028 2050 
3 2067 2049 2050 
3 2006 2029 2028 
3 2029 2050 2028 
3 2003 1980 2008 
3 2003 2008 2006 
3 2006 2008 2029 
3 1980 2007 2008 
3 2068 2067 2050 
3 2029 2030 2050 
3 2051 2068 2050 
3 2050 2030 2051 
3 2008 2009 2029 
3 2009 2030 2029 
3 2007 1981 1982 
3 2007 1982 2008 
3 2008 1982 2009 
3 1981 1952 1982 
3 2052 2051 2030 
3 2009 2010 2030 
3 2031 2052 2030 
3 2030 2010 2031 
3 1982 1983 2009 
3 1983 2010 2009 
3 1952 1953 1983 
3 1982 1952 1983 
3 2032 2031 2010 
3 2032 2010 2011 
3 2033 2032 2011 
3 1983 1984 2010 
3 1984 2011 2010 
3 1953 1910 1954 
3 1953 1954 1983 
3 1983 1954 1984 
3 1910 1913 1954 
3 2034 2033 2011 
3 1984 1985 2011 
3 2012 2034 2011 
3 2011 1985 2012 
3 1954 1955 1984 
3 1955 1985 1984 
3 1913 1911 1955 
3 1954 1913 1955 
3 2013 2012 1985 
3 1955 1956 1985 
3 1986 2013 1985 
3 1985 1956 1986 
3 1911 1845 1912 
3 1911 1912 1955 
3 1955 1912 1956 
3 1845 1847 1912 
3 1987 1986 1956 
3 1987 1956 1957 
3 1988 1987 1957 
3 1912 1914 1956 
3 1914 1957 1956 
3 1847 1848 1914 
3 1912 1847 1914 
3 1989 1988 1957 
3 1914 1915 1957 
3 1958 1989 1957 
3 1957 1915 1958 
3 1848 1849 1915 
3 1914 1848 1915 
3 1959 1958 1915 
3 1917 1959 1915 
3 1915 1849 1917 

POINT_DATA 2077
SCALARS Selection float
LOOKUP_TABLE default
-6.93889e-18 -0.114539 6.93889e-18 0 -0.106818 -0.25936 -0.34168 -0.127385 -6.93889e-18 
-6.93889e-18 0 -0.0513437 -0.298129 -0.39528 -0.313594 -0.445314 -0.540887 -0.565169 
-5.20417e-18 -0.175663 0 0 0 -0.0655111 -0.286761 -0.55938 -0.511698 
-0.420453 -0.712028 -0.700337 -0.773532 -8.67362e-18 -0.0516931 -0.20192 6.93889e-18 -6.93889e-18 
0 -0.260996 -0.499535 -0.694961 -0.877703 -0.685232 -0.59807 -0.459065 -0.882612 
-0.937565 -1.01696 -3.46945e-18 0 0 0 -0.10838 -0.299537 -1.38778e-17 
-0.482854 -0.236904 -0.689411 -0.813645 -0.919194 -1.05692 -1.14619 -0.861122 -0.740587 
-0.67278 -0.553312 -1.12305 -1.22085 -1.05083 -1.26314 0 0 -0.138898 
-0.351349 -6.93889e-18 -0.561657 -0.353153 -0.762404 -0.0892478 -0.838724 -0.960607 -1.14502 
-1.26208 -1.38147 -0.868527 -0.807248 -0.71161 -0.571995 -1.3813 -1.48677 -1.29245 
-1.05715 -1.503 0 6.93889e-18 -0.179196 -0.35957 6.93889e-18 -0.50872 -0.678234 
-0.372981 -0.216835 -0.84395 -0.999416 6.93889e-18 0 -0.0652081 -1.21735 -1.35149 
-1.48363 -1.63154 -0.954191 -0.84321 -0.782854 -0.671642 -1.65518 -1.72206 -1.51753 
-1.31502 -1.10747 -1.69654 -6.93889e-18 -0.0669727 -0.229532 -0.43662 -0.553718 -0.79752 
-0.220855 -0.942917 -1.08725 0 -1.38778e-17 -1.27269 -1.42672 -1.56685 -1.72237 
-1.7954 -1.86314 -0.957426 -0.945787 -0.921134 -0.694865 -1.82972 -1.90981 -1.68311 
-1.87485 -1.55997 -1.25304 -1.43343 -1.11568 0 -6.93889e-18 -6.93889e-18 -0.0430211 
-0.225983 -0.425861 -0.398322 -0.626155 -0.772859 -0.943275 -0.181791 -0.0591224 -6.93889e-18 
-1.10676 -1.2864 -1.47201 -1.66816 -1.75149 -1.87916 -1.9766 -2.12305 -2.02208 
-1.14277 -1.0413 -0.902324 -1.04362 -1.14832 -0.85246 -0.624784 -2.12642 -1.73445 
-2.05311 -1.86898 -1.67964 -1.29339 -1.51039 0 0 -0.0369937 -0.159979 
-0.382158 -0.380732 -0.555931 -0.751616 -0.896319 -0.224392 -0.0624991 0 0 
0 -1.09043 -1.23021 -1.43635 -1.64065 -1.8335 -1.92337 -2.03017 -2.1649 
-2.28609 -2.22101 -2.4004 -1.31306 -0.970066 -1.05198 -1.24666 -1.33151 -0.755471 
-0.904918 -0.583182 -2.32061 -2.28645 -1.99738 -2.16907 -1.87212 -1.79321 -1.45563 
-1.63065 0 0 0 -0.0212899 -0.113742 -0.332956 -0.254015 -0.521445 
-0.718633 -0.896096 0 -6.93889e-18 3.46945e-18 -1.02632 -1.1347 -1.33382 -1.5551 
-1.72949 -1.85545 -2.01091 -2.21769 -2.32724 -2.47343 -2.57097 -2.44058 -2.64133 
-1.22734 -1.04031 -1.4841 -1.40088 -0.757025 -0.890645 -0.581772 -2.48274 -2.41949 
-2.01513 -2.2411 -1.84666 -2.01516 -1.69786 -3.46945e-18 0 0 -0.0698747 
1.38778e-17 -0.453939 -0.0947733 -0.324601 -0.214521 -0.0696255 6.93889e-18 -0.538172 -0.661796 
-0.342393 -0.801286 -0.942716 -1.02945 -1.21694 -1.40752 -1.57081 -1.74458 -1.94856 
-2.1557 -2.30792 -2.46638 -2.68698 -2.87904 -2.8429 -2.62118 -1.32703 -1.13399 
-0.937877 -1.51686 -0.758423 -0.558313 -2.55254 -2.37302 -2.0538 -2.12302 -1.92165 
-1.70472 0 0 6.93889e-18 -6.93889e-18 -0.119548 -0.371335 -0.0393339 -0.0491859 
0 0 -0.625909 -0.49047 -0.773958 -0.376863 -0.171165 -0.855413 -0.912118 
-1.09679 -1.28749 -1.4741 -1.67181 -1.88185 -2.04253 -2.16866 -2.35334 -2.61088 
-2.80308 -2.95105 -3.01709 -2.61836 -2.75857 -1.38315 -1.21829 -0.973833 -0.774292 
-1.44662 -0.609903 -2.18289 -2.25978 -2.49272 -1.91434 -1.98338 -1.53107 -1.73923 
0 0 -0.106602 -0.557776 -0.314623 -6.93889e-18 3.46945e-18 0 0 
0 -0.530821 -0.7107 -0.324754 -0.178587 -0.0153726 0 -0.734905 -0.77321 
-0.964895 -1.15992 -1.36839 -1.5447 -1.66653 -1.83909 -2.05526 -2.22855 -2.34626 
-2.53578 -2.80391 -3.05715 -3.00707 -2.76278 -2.57076 -0.957322 -1.14591 -1.32146 
-0.771387 -2.37873 -2.15998 -1.74593 -1.82136 -1.96698 -1.60086 -1.40476 -3.46945e-18 
0 -0.0308685 -0.728434 -0.538957 -0.289037 -0.355703 -0.60171 -0.0272863 -1.73472e-18 
0 -0.595644 -0.809002 -1.02446 -1.21813 -1.37007 -1.55058 -1.73408 -1.86116 
-2.02424 -2.20766 -2.39676 -2.70675 -2.97342 -3.16861 -3.13226 -2.95356 -2.5526 
-2.70977 -2.45987 -1.02646 -0.804277 -1.19044 -2.31938 -2.06274 -1.60803 -1.82406 
-1.22821 -1.40082 0 3.46945e-18 -0.0721538 0 -0.539494 -0.257625 -0.167168 
-0.415947 0 0 0 -0.600458 -0.883733 -1.10781 -1.28382 -1.43968 
-1.57931 -1.76245 -1.9451 -2.07497 -2.18564 -2.57827 -2.40605 -2.20794 -2.73811 
-2.92874 -3.19142 -3.14171 -2.95354 -2.46581 -2.72335 -2.53684 -1.02169 -0.818629 
-2.16041 -2.29692 -1.95441 -1.64318 -1.48176 -1.74524 -1.29315 -1.06776 0 
3.46945e-18 -0.635327 -0.450999 -8.67362e-18 -0.233925 6.93889e-18 6.93889e-18 -0.148126 -0.346464 
-0.614968 -0.74398 -0.395277 -0.871152 -1.03304 -1.20704 -1.36468 -1.50638 -1.65706 
-1.82987 -1.9969 -2.63032 -2.17485 -2.31945 -2.52836 -2.83846 -3.13655 -3.32341 
-3.14993 -3.07484 -2.91496 -2.36113 -2.52075 -2.69253 -2.42351 -0.906546 -0.753812 
-2.17053 -1.99783 -1.75577 -1.57323 -1.38389 -1.19315 -1.00321 -0.595977 -0.441651 
1.04083e-17 -0.0544465 -0.230988 0 -6.93889e-18 -0.101547 -0.725589 -0.58405 -0.485915 
-0.2823 -0.834436 -0.979019 -1.14139 -1.31451 -1.44353 -1.56781 -1.7249 -1.86652 
-1.99239 -2.67298 -2.12046 -2.23044 -2.44972 -2.679 -3.03838 -2.88338 -3.19835 
-3.3881 -3.25618 -3.09341 -3.00651 -2.84908 -2.26561 -2.47165 -2.66199 -0.850678 
-0.670352 -2.03796 -1.84202 -1.57847 -1.65842 -1.46009 -1.30654 -1.0875 -0.869336 
-0.452962 3.46945e-18 -0.00401354 0 -0.202424 6.93889e-18 -3.46945e-18 0 -0.672171 
-0.474929 -0.354609 -0.147622 1.73472e-18 -0.893686 -1.07068 -1.23291 -1.35798 -1.4684 
-1.63394 -1.82129 -1.96658 -2.03293 -2.22186 -2.68892 -2.62148 -2.47871 -2.2773 
-3.13419 -2.80003 -3.00269 -3.29727 -3.43913 -3.46067 -3.20962 -2.95046 -2.14305 
-2.28864 -2.39645 -2.48156 -2.55732 -2.80532 -0.675363 -1.96673 -1.68712 -1.47153 
-1.25581 -0.884799 -1.08543 -0.468646 8.67362e-19 0 0 6.93889e-18 -0.288215 
-0.0145302 -0.55846 -0.793416 -0.289674 -1.38778e-17 -3.46945e-18 6.93889e-18 -0.979603 -1.16804 
-1.32064 -1.43689 -1.55858 -1.7075 -1.85548 -1.95444 -2.11444 -2.68062 -2.31031 
-2.53334 -2.09172 -3.19038 -3.32818 -2.91658 -3.08852 -3.5569 -3.4684 -3.27587 
-3.08246 -2.17178 -2.27567 -2.65079 -2.43247 -2.89512 -0.664474 -1.95997 -1.42253 
-1.73997 -1.53785 -1.16607 -1.27648 -1.01398 -0.768473 -0.496423 0 -0.243183 
0 0 0 -0.367029 -0.650378 -0.838716 1.04083e-17 -1.083 -1.29154 
-1.40449 -1.5063 -1.63285 -1.78273 -1.87738 -2.72512 -2.16443 -2.32432 -2.76222 
-2.6016 -2.38748 -1.97537 -3.23207 -3.35165 -3.09179 -3.12049 -2.97282 -3.6593 
-3.65174 -3.44933 -3.60081 -3.33565 -3.08988 -2.02573 -2.12443 -2.26711 -2.78314 
-2.47714 -2.5761 -2.34084 -2.94155 -1.85979 -1.35686 -1.67013 -1.37795 -1.18399 
-0.982587 -0.526218 -0.798334 6.93889e-18 -0.318416 -0.128507 8.67362e-19 -0.00856906 -0.527054 
-0.648968 -0.232204 -0.817236 -0.960487 -1.07908 -1.23245 -1.35897 -1.44494 -1.57411 
-1.71056 -1.79705 -2.07441 -2.23107 -2.82045 -2.42677 -2.68093 -2.21531 -1.89195 
-3.32536 -3.17796 -3.03782 -3.71511 -3.58116 -3.79227 -3.53197 -3.73011 -3.42193 
-3.24768 -3.03541 -1.90102 -2.14613 -2.88376 -2.72246 -2.35773 -2.43421 -1.61848 
-1.12736 -1.38775 -1.17113 -0.985913 -0.611095 -0.426014 -0.941794 -0.740894 6.93889e-18 
-0.250641 6.93889e-18 -0.0776888 0 0 0 0 -0.684687 -0.722104 
-0.493752 -0.822567 -0.31873 -0.0749802 0 -0.946159 -1.0113 -1.19055 -1.33714 
-1.44143 -1.53583 -1.65151 -1.73263 -2.00356 -2.86214 -2.27651 -2.33878 -2.49538 
-2.90424 -2.79342 -2.53664 -2.1357 -1.82423 -3.39392 -3.21398 -3.23986 -3.10136 
-3.64667 -3.82007 -3.59865 -3.91647 -3.4158 -3.32854 -3.12768 -2.91189 -1.87807 
-2.1448 -2.7952 -2.64121 -2.21365 -2.35469 -1.4968 -1.65728 -1.05818 -1.29774 
-1.03862 -0.538685 -0.287463 -0.802095 0 0 -0.1319 0 -0.797754 
-0.652749 -0.89005 -0.871795 -0.510228 -0.296002 -6.93889e-18 -0.178161 0 -6.93889e-18 
-0.981847 -1.12227 -1.31146 -1.42074 -1.50712 -1.60688 -1.68059 -1.92854 -2.1946 
-2.32334 -2.94123 -2.73201 -2.96283 -2.4026 -2.03409 -1.76664 -3.5481 -3.42087 
-3.26301 -3.2841 -3.1628 -3.70582 -3.83485 -3.72108 -3.50193 -3.77796 -3.75143 
-3.91435 -3.36665 -3.23821 -2.88648 -3.02477 -1.76269 -1.92838 -2.03765 -2.47663 
-2.62692 -2.80548 -2.07541 -2.26096 -1.54046 -1.34241 -1.15602 -0.902327 -0.294732 
-0.480862 -0.669532 6.93889e-18 -0.092365 -0.85082 -0.724471 -0.920513 -0.420478 -0.682203 
-0.176135 6.93889e-18 -1.01761 -1.06646 -1.22856 -1.37226 -1.45221 -1.56268 -1.6348 
-1.86171 -2.16329 -2.56935 -2.83208 -3.04527 -2.20684 -2.32544 -1.96604 -1.72082 
-3.57028 -3.60209 -3.45187 -3.2962 -3.28345 -3.79183 -3.63507 -3.54924 -3.58583 
-3.67053 -3.48108 -3.41356 -3.27745 -3.17146 -2.92552 -1.81024 -2.47722 -2.71466 
-1.87713 -1.95368 -2.20803 -1.59944 -1.3896 -1.00264 -1.16383 -0.782994 -0.370212 
-0.170803 -0.540701 0 0 -0.826153 -0.939924 -0.301215 -0.558613 -0.710718 
-0.901367 -0.0604505 -6.93889e-18 -1.13585 -1.29633 -1.38314 -1.50252 -1.60371 -1.80638 
-2.06524 -2.45917 -2.69465 -2.89432 -3.07395 -3.27586 -2.1078 -2.24556 -1.91632 
-1.68623 -3.64682 -3.60128 -3.46607 -3.59064 -3.53947 -3.38041 -3.23709 -3.26147 
-3.43893 -3.51684 -3.27836 -3.19937 -3.361 -3.03823 -2.80243 -2.96052 -2.81108 
-1.6621 -2.62014 -2.40514 -1.71255 -1.82267 -1.9975 -2.13117 -1.25836 -1.42663 
-1.0296 -0.592519 -0.790812 -0.375554 -6.93889e-18 0 -0.176498 -0.0554738 -0.157202 
-0.437541 -0.595063 -0.778835 -0.921099 -6.93889e-18 0 -1.28455 -1.26093 -1.05476 
-1.49883 -1.39706 -1.58199 -1.7317 -2.37227 -2.58264 -2.85614 -3.02698 -3.17415 
-3.27711 -3.38059 -1.96877 -2.07947 -2.1687 -1.83125 -3.47134 -3.2976 -3.14947 
-3.10636 -3.04406 -2.99975 -3.0263 -3.12009 -2.90916 -2.71602 -2.50141 -2.73156 
-2.51593 -2.82212 -2.67079 -1.53533 -2.26161 -2.43386 -1.58232 -1.85328 -2.03285 
-1.29348 -1.08342 -0.902958 -0.662516 -0.423417 0 6.93889e-18 -0.219773 0 
0 0 0 -1.38778e-17 -0.252554 -0.47164 -0.678803 -0.823282 -1.2453 
-1.22966 -0.996331 -1.52828 -1.41217 -1.63198 -1.70971 -2.4361 -2.70854 -2.96432 
-3.14312 -3.30794 -3.26316 -3.13644 -3.1007 -1.93756 -1.98688 -2.09871 -2.26288 
-1.75861 -3.05759 -2.99755 -2.94653 -2.82073 -2.85927 -2.81208 -2.8184 -2.9564 
-2.69797 -2.64011 -2.80225 -2.44751 -2.45539 -2.6596 -2.30499 -2.22626 -2.57282 
-2.27645 -2.52649 -2.53604 -2.27589 -1.34335 -1.63133 -1.46405 -1.75169 -2.06218 
-1.85914 -1.11322 -0.750394 -0.906326 -0.526121 0 -0.0250185 -0.339817 -0.123994 
6.93889e-18 -0.246003 -0.43747 -0.60235 -0.751968 -1.23687 -1.17152 -0.999126 -1.60419 
-1.34853 -1.52215 -2.40295 -2.60062 -2.83573 -3.03115 -3.07931 -3.07196 -2.91406 
-2.83082 -1.82512 -1.93337 -2.03997 -2.23398 -1.67219 -2.76714 -2.66542 -2.62081 
-2.53138 -2.48967 -2.55164 -2.38688 -2.25633 -2.42467 -2.21182 -2.09266 -1.91511 
-1.99116 -2.31475 -2.05162 -2.35304 -2.3977 -2.17247 -1.26136 -1.48804 -1.6197 
-1.94256 -1.7154 -1.01032 -0.753733 -0.537964 0 0 0 -0.417794 
-0.202073 6.93889e-18 -6.93889e-18 0 -0.285162 -0.0772693 -0.467274 -0.590945 -0.757817 
-1.25067 -0.904124 -1.13453 -1.47373 -1.61371 -2.50496 -2.74111 -2.98036 -2.99263 
-2.86366 -2.78873 -2.62982 -2.51256 -1.71787 -1.80316 -1.87284 -2.08926 -2.28813 
-2.44758 -2.38643 -2.34769 -2.32586 -2.23444 -2.27747 -2.12796 -2.02005 -2.14993 
-1.95064 -1.8371 -1.64982 -1.71365 -1.78613 -2.10218 -1.85295 -2.14118 -2.15013 
-2.04281 -1.12059 -1.28096 -1.38438 -1.49423 -1.77967 -1.57571 -0.902271 -0.641239 
-0.496729 -0.269497 1.04083e-17 -0.0483329 -1.38778e-17 -0.0377395 -0.181488 -0.433787 -0.556031 
3.46945e-18 -0.682049 -1.34797 -0.793885 -1.02006 -1.24064 -1.67617 -1.5458 -2.4197 
-2.60544 -2.79781 -2.79898 -2.81144 -2.65379 -2.53287 -2.33845 -2.29915 -2.2032 
-1.71986 -1.8176 -1.95147 -2.0662 -2.22341 -2.14456 -2.20449 -2.14566 -2.07329 
-1.97737 -2.01723 -1.87752 -1.76878 -2.00425 -1.85852 -1.6932 -1.58948 -1.4135 
-1.46327 -1.51589 -1.62407 -1.89713 -1.67237 -1.90969 -1.89176 -1.8483 -1.13347 
-1.26858 -1.38164 -1.59737 -1.66948 -1.47119 -0.920789 -0.723413 -0.566421 -0.337258 
-0.096072 1.73472e-18 0 0 0 -1.38778e-17 1.38778e-17 1.38778e-17 -0.294279 
-0.480427 -0.653022 -1.40257 -0.904738 -1.08203 -1.43772 -1.30646 -1.10905 -1.68834 
-1.59572 -2.35386 -2.57473 -2.74751 -2.77385 -2.59852 -2.50951 -2.43128 -2.12073 
-2.17854 -1.96497 -2.01258 -1.75145 -1.93292 -2.16141 -1.92484 -1.90949 -1.91126 
-1.82367 -1.73331 -1.77826 -1.64044 -1.53008 -1.75824 -1.60643 -1.46144 -1.36406 
-1.21019 -1.24676 -1.29396 -1.4604 -1.33415 -1.4846 -1.68698 -1.48801 -1.67719 
-1.64633 -1.59733 -1.0375 -1.16562 -1.30789 -1.48714 -1.4997 -1.53499 -0.789062 
-0.605852 -0.414003 -0.158044 -6.93889e-18 0 0 -0.157794 -0.409948 -0.586687 
-0.711114 -0.889525 -1.48112 -1.15119 -1.34668 -1.6439 -2.42236 -2.68294 -2.73196 
-2.53396 -2.37899 -2.23619 -1.99488 -1.84116 -1.86806 -1.65378 -1.70663 -1.83753 
-1.99021 -2.11144 -2.26514 -1.74797 -1.69554 -1.67077 -1.58978 -1.50757 -1.5439 
-1.41907 -1.32581 -1.5197 -1.37581 -1.26661 -1.14965 -1.05838 -1.06646 -1.09057 
-1.17606 -1.36328 -1.23402 -1.30782 -1.48224 -1.30487 -1.46885 -1.43356 -1.39505 
-0.93162 -1.06329 -1.38073 -1.22701 -1.3839 -1.46437 -1.38425 -0.708617 -0.518163 
-0.268084 0 0 -1.38778e-17 -1.38778e-17 -0.206716 -0.505867 -0.700001 -0.990104 
-1.50498 -1.18308 -1.51383 -1.36212 -1.18481 -1.79129 -1.67382 -2.3958 -2.5725 
-2.5071 -2.45014 -2.2727 -2.13173 -1.88194 -1.7222 -1.56495 -1.40895 -1.47604 
-1.56096 -1.94255 -2.08857 -2.26962 -1.43478 -1.4471 -1.3815 -1.30259 -1.32009 
-1.21932 -1.21051 -1.29657 -1.14317 -1.11171 -0.983983 -0.966089 -0.90069 -0.93078 
-0.95169 -1.02717 -1.10551 -1.10916 -1.16647 -1.2963 -1.10731 -1.30813 -1.22174 
-1.22933 -0.812972 -0.954573 -1.33295 -1.19678 -1.36686 -1.30612 -0.563352 -1.38778e-17 
-0.0227813 -0.397149 -0.14536 1.38778e-17 2.77556e-17 -0.289555 -0.635309 -0.769348 -0.969387 
-1.52319 -1.18586 -1.53092 -1.38005 -1.18488 -1.88026 -1.83373 -1.70826 -2.47746 
-2.4184 -2.27921 -2.11082 -2.03877 -1.80798 -1.61603 -1.46475 -1.33909 -1.23117 
-1.23437 -1.33464 -1.99989 -2.15855 -2.32398 -1.19023 -1.25712 -1.20711 -1.09566 
-1.13692 -1.04863 -1.07863 -0.964406 -0.950187 -0.856102 -0.755868 -0.671074 -0.758294 
-0.840319 -0.875743 -0.960442 -0.952286 -0.996717 -1.12634 -0.908477 -0.944225 -1.02242 
-1.0502 -1.1658 -1.07277 -0.654565 -0.790939 -0.962927 -1.28092 -1.11662 -1.22526 
0 0 0 -0.457931 -0.277326 0 -0.038508 6.93889e-18 -0.0514486 
-0.196884 -0.486209 -0.751967 -0.975848 -1.54456 -1.19354 -1.57243 -1.43219 -1.21354 
-1.94943 -1.86617 -1.75824 -2.29724 -2.14191 -2.05042 -1.88962 -1.65018 -1.49388 
-1.35483 -1.23015 -1.17734 -1.03308 -1.15056 -1.0645 -2.14416 -2.27692 -2.37449 
-0.958235 -1.03801 -1.15139 -1.05735 -0.928433 -0.901215 -1.0058 -0.887069 -0.888734 
-0.897702 -0.771374 -0.552342 -0.498177 -0.381933 -0.530851 -0.681051 -0.759032 -0.808089 
-0.84073 -0.856778 -0.962915 -0.771212 -0.721831 -0.785287 -0.888618 -0.847956 -0.877983 
-0.99977 -0.592294 -0.755473 -0.855025 -0.876833 -0.878913 -0.336836 3.46945e-18 0 
0 -0.134129 -6.93889e-18 0 -6.93889e-18 -6.93889e-18 -0.0749027 -0.366778 -0.65492 
-0.780927 -1.00001 -1.64283 -1.27744 -1.5154 -1.99962 -2.16449 -1.96342 -1.84845 
-2.1977 -2.05227 -1.96968 -1.84011 -1.52297 -1.36799 -1.19815 -1.16082 -1.07388 
-1.08642 -0.974735 -0.858779 -0.796407 -0.946367 -2.27346 -0.764111 -0.734759 -0.897942 
-0.688885 -0.720769 -0.724757 -0.730788 -0.552825 -0.363637 -0.351329 -0.243926 -0.0668727 
-0.263732 -0.41657 -0.533032 -0.605807 -0.660777 -0.715088 -0.592022 -0.434542 -0.531679 
-0.768471 -0.600533 -0.664017 -0.608921 -0.837368 -0.66978 -0.51944 -0.659564 -0.679987 
-0.703238 0 -6.93889e-18 -0.276723 6.93889e-18 3.46945e-18 -6.93889e-18 -0.247446 -0.534332 
-0.708293 -0.876216 -1.12102 -1.76435 -1.36461 -1.61769 -2.10109 -2.08303 -2.04498 
-1.92481 -1.99561 -1.8507 -1.97897 -1.81971 -1.67599 -1.38319 -1.24904 -1.12165 
-0.958033 -0.971842 -0.688316 -0.748897 -0.543932 -0.633317 -0.64229 -0.529356 -0.587741 
-0.489571 -0.383841 -0.540519 -0.542239 -0.580504 -0.347601 -0.225178 -0.13818 -0.200556 
-0.110535 -0.0673739 6.93889e-18 0 0 -0.00541557 0 -0.155803 -0.27845 
-0.373513 -0.43906 -0.503827 -0.340061 -0.124875 -0.246049 -0.350256 -0.452573 -0.293053 
-0.42097 -0.516097 -0.335739 -0.470157 -0.499108 -0.570932 0 -0.0391706 6.93889e-18 
-0.136527 -0.424724 -0.600682 -0.782015 -1.00726 -1.17423 -1.64045 -1.6361 -1.30002 
-1.52741 -1.50393 -1.87166 -1.74869 -1.72909 -1.69045 -1.71095 -1.54621 -1.24363 
-1.10026 -1.02891 -0.949905 -0.775814 -0.757831 -0.511152 -0.252355 -0.310022 -0.494615 
-0.317241 -0.431338 -0.334921 -0.161352 -0.104905 -0.344874 -0.133708 -0.0591256 -6.93889e-18 
-6.93889e-18 6.93889e-18 -3.46945e-18 0 -6.93889e-18 -8.67362e-19 0 0 -0.0179648 
-1.73472e-18 -0.120892 -0.23152 -0.233449 -0.114971 -1.38778e-17 0 6.93889e-18 1.38778e-17 
-0.0748642 0 -0.176603 6.93889e-18 -0.139113 -6.93889e-18 -0.280981 -0.401227 -0.0780942 
-0.23181 -0.316753 0 0 0 0 -3.46945e-18 -0.0391885 -0.311284 
-0.47089 -0.55171 -0.673754 -0.795921 -1.06348 -0.9427 -1.44365 -1.37604 -1.52239 
-1.14423 -1.30763 -1.39484 -1.34796 -1.29607 -1.64669 -1.51753 -1.4777 -1.41113 
-1.40791 -1.29276 -1.03994 -1.023 -1.14964 -0.906119 -0.897525 -0.873667 -0.608372 
-0.578278 -0.72175 -0.430108 -0.25967 -0.0826878 -6.93889e-18 0 -0.11168 -0.11999 
-0.315826 -0.137505 -0.189327 -3.46945e-18 0 -3.46945e-18 0 0 -6.93889e-18 
0 0 3.46945e-18 0 -1.38778e-17 0 -8.67362e-18 1.73472e-18 8.67362e-18 
-8.67362e-19 -0.00966801 0 -6.93889e-18 0 6.93889e-18 6.93889e-18 -0.0270957 0 
3.46945e-18 -0.174917 -6.93889e-18 0 -0.0585024 -0.0759799 0 3.46945e-18 0 
-0.204045 -0.362027 -0.456531 -0.755992 -1.0539 -1.20934 -1.1662 -1.28743 -1.21198 
-1.18423 -1.18715 -1.14766 -1.12942 -1.32444 -1.16058 -1.13603 -0.955847 -0.921096 
-0.870446 -0.774135 -0.734505 -0.543096 -0.397758 -0.618837 -0.229691 -0.057795 -6.93889e-18 
0 -6.93889e-18 -6.93889e-18 -6.93889e-18 0 6.93889e-18 6.93889e-18 -6.93889e-18 0 
0 0 -6.93889e-18 0 0 6.93889e-18 0 0 -6.93889e-18 
-6.93889e-18 -0.124934 -0.19405 -0.509125 -0.790402 -0.926789 -1.06558 -1.04597 -1.02957 
-1.1056 -1.01111 -1.08623 -1.02161 -0.973798 -0.957936 -0.926451 -0.899782 -0.714 
-0.708595 -0.544546 -0.397628 -0.198069 -0.0230969 0 -6.93889e-18 0 -1.38778e-17 
0 6.93889e-18 -1.38778e-17 -0.235663 -0.443709 -0.636671 -0.76367 -0.763337 -0.904451 
-0.845146 -0.927922 -0.919915 -0.851841 -0.908089 -0.818072 -0.778092 -0.732985 -0.780408 
-0.727182 -0.720174 -0.577305 -0.492755 -0.315712 -0.148005 1.38778e-17 0 3.46945e-18 
0 0 -0.074868 -0.248481 -0.371894 -0.607883 -0.569433 -0.786953 -0.619451 
-0.807687 -0.672596 -0.690192 -0.740742 -0.772506 -0.653431 -0.650351 -0.550621 -0.451146 
-0.66142 -0.526836 -0.368705 -0.227229 -0.083421 1.38778e-17 6.93889e-18 6.93889e-18 -1.38778e-17 
-0.104038 -0.165047 -0.398457 -0.712181 -0.401218 -0.550376 -0.439886 -0.531305 -0.596505 
-0.559909 -0.419746 -0.292712 -0.155483 -0.270803 -0.126502 1.38778e-17 0 0 
-6.93889e-18 0 1.38778e-17 0 6.93889e-18 -0.186177 -0.235245 -0.331404 -0.165855 
-0.304967 -0.412729 -0.300395 -0.173939 -0.0348948 0 0 -0.047414 0 
-6.93889e-18 -6.93889e-18 -0.0940461 3.46945e-18 -0.117276 0 -0.0922542 0 -1.38778e-17 
-0.148274 -0.0861332 0 3.46945e-18 0 0 6.93889e-18 0 0 
-6.93889e-18 -1.38778e-17 0 0 0 -1.38778e-17 -6.93889e-18 
METADATA
INFORMATION 0

NORMALS Normals float
0.0488594 0.232802 -0.971296 -0.0703367 0.274974 -0.958875 0.0675172 0.290584 -0.954464 
0.03579 0.0859422 -0.995657 -0.0130709 0.423821 -0.905652 -0.274164 0.302058 -0.913014 
-0.268759 0.476746 -0.836948 -0.184512 0.0908686 -0.978621 0.1331 0.378183 -0.916112 
-0.002905 0.00819657 -0.999962 0.175901 0.389786 -0.90395 0.136056 0.422116 -0.896274 
-0.104928 0.533004 -0.839581 -0.475975 0.388393 -0.789049 -0.481701 0.169546 -0.859778 
-0.291056 0.562642 -0.773771 -0.567671 0.479895 -0.668918 -0.485236 0.568947 -0.663962 
-0.0780491 -0.0998865 -0.991933 -0.380897 -0.0301328 -0.924126 0.19721 0.382356 -0.902725 
0.191966 0.384864 -0.902789 0.216783 0.371956 -0.902582 0.158659 0.413828 -0.896423 
-0.0788179 0.502232 -0.861134 -0.38111 0.584422 -0.716384 -0.666243 0.328302 -0.66958 
-0.604708 0.152748 -0.781663 -0.757992 0.447965 -0.474104 -0.668795 0.537822 -0.513284 
-0.642182 0.595969 -0.482103 -0.090342 -0.115118 -0.989235 -0.196043 -0.295249 -0.935091 
-0.377889 -0.139348 -0.915304 0.228868 0.377507 -0.897278 0.209202 0.365793 -0.906879 
0.209347 0.349853 -0.913114 0.00559294 0.460935 -0.887416 -0.220496 0.518763 -0.825994 
-0.485022 0.501909 -0.716129 -0.731787 0.500557 -0.462525 -0.741939 0.411958 -0.528978 
-0.710264 0.268455 -0.650736 -0.631138 0.0953003 -0.769794 -0.791214 0.518696 -0.323937 
-0.832852 0.487986 -0.261203 -0.808195 0.530263 -0.256206 -0.0949523 -0.161174 -0.982348 
-0.113646 -0.326377 -0.938383 -0.139697 -0.333504 -0.932341 -0.150917 -0.318111 -0.935964 
-0.185478 -0.264809 -0.946295 -0.490234 -0.0553002 -0.869835 0.213352 0.341192 -0.915461 
-0.169505 0.515606 -0.839892 0.0476629 0.408558 -0.911487 -0.340974 0.580941 -0.739083 
-0.577913 0.529114 -0.621333 -0.714571 0.568621 -0.407503 -0.808469 0.539022 -0.236292 
-0.847431 0.503036 -0.169751 -0.819579 0.480132 -0.312672 -0.809295 0.376425 -0.450939 
-0.809891 0.255374 -0.528073 -0.716003 0.181574 -0.674071 -0.864703 0.483874 -0.134736 
-0.873805 0.48324 -0.0542642 -0.860404 0.490063 -0.139798 -0.87772 0.475674 -0.0578155 
-0.0943689 -0.340037 -0.935665 -0.0846506 -0.351768 -0.932252 -0.25507 -0.271916 -0.927901 
-0.552165 -0.026475 -0.833314 0.23389 0.322283 -0.917294 -0.23651 0.528659 -0.815219 
-0.0191061 0.440135 -0.897728 -0.429217 0.630144 -0.647064 0.20613 0.319378 -0.924937 
-0.513748 0.65546 -0.553566 -0.647875 0.671318 -0.359985 -0.776822 0.606489 -0.169467 
-0.853083 0.518095 -0.0618656 -0.883517 0.467936 0.0208347 -0.866941 0.410001 -0.283394 
-0.811704 0.423821 -0.401886 -0.778748 0.323399 -0.537554 -0.729897 0.163492 -0.663717 
-0.890536 0.453932 0.0298524 -0.875788 0.474483 0.0886634 -0.861855 0.507128 0.00524736 
-0.839997 0.524599 -0.138569 -0.895325 0.436486 0.0887365 -0.106289 -0.369167 -0.923265 
-0.093215 -0.383541 -0.918808 -0.333819 -0.256514 -0.907064 -0.542386 -0.0132041 -0.840025 
0.264631 0.277253 -0.923635 -0.120787 0.576796 -0.807909 -0.289335 0.638595 -0.713079 
0.0363981 0.553391 -0.832126 0.138218 0.416234 -0.898691 -0.501634 0.644991 -0.576498 
-0.671921 0.646703 -0.360967 0.319699 0.302629 -0.897891 0.274336 0.279846 -0.920014 
0.289149 0.341495 -0.894301 -0.771164 0.626108 -0.1153 -0.834419 0.551131 0.000658285 
-0.875833 0.475122 0.0847076 -0.891325 0.427009 0.152328 -0.805983 0.542175 -0.237567 
-0.821524 0.440012 -0.362611 -0.824176 0.353498 -0.442463 -0.719428 0.318812 -0.617075 
-0.890635 0.426921 0.156551 -0.85892 0.476934 0.186519 -0.842156 0.523886 0.127735 
-0.806064 0.590635 0.0375754 -0.798905 0.59407 -0.0939763 -0.892631 0.412687 0.18138 
-0.102956 -0.389915 -0.915077 -0.154229 -0.316747 -0.935887 -0.362797 -0.0985147 -0.926646 
-0.568777 0.125582 -0.812848 -0.0991384 0.665908 -0.739417 -0.343925 0.724738 -0.597052 
0.163443 0.487321 -0.857791 -0.562801 0.710163 -0.422993 -0.678347 0.69919 -0.225784 
0.326936 0.315265 -0.89091 0.317906 0.344698 -0.883243 -0.748919 0.659835 -0.0611429 
-0.815636 0.576578 0.0479215 -0.856986 0.500638 0.122217 -0.883095 0.430302 0.187037 
-0.889575 0.402067 0.216792 -0.889124 0.393724 0.233322 -0.825937 0.512293 -0.23534 
-0.771977 0.545465 -0.326375 -0.694516 0.577727 -0.428812 -0.630808 0.34973 -0.692654 
-0.888806 0.401142 0.221606 -0.868486 0.438149 0.231859 -0.821505 0.534478 0.19865 
-0.823493 0.513657 0.240863 -0.791427 0.589529 0.16155 -0.769486 0.638639 0.00558742 
-0.743205 0.65975 0.111248 -0.781008 0.614511 -0.111366 -0.0839852 -0.375644 -0.922951 
-0.0887063 -0.357386 -0.929735 -0.0872653 -0.35972 -0.928971 -0.125315 -0.313541 -0.94127 
-0.39608 -0.119147 -0.910453 -0.553222 0.0615286 -0.830758 0.0207917 0.615707 -0.787701 
-0.154082 0.74087 -0.653736 -0.284643 0.765305 -0.57731 -0.492119 0.779607 -0.387338 
0.222699 0.517269 -0.82634 0.301519 0.382519 -0.873365 0.332809 0.343299 -0.878285 
-0.622883 0.755215 -0.204124 -0.721876 0.690276 -0.0491217 -0.800229 0.596112 0.0654507 
-0.843902 0.511858 0.160719 -0.862689 0.464045 0.20107 -0.879725 0.412113 0.237166 
-0.887226 0.385316 0.253698 -0.883284 0.386146 0.265896 -0.875128 0.407388 0.261125 
-0.717736 0.684646 -0.126944 -0.735037 0.632542 -0.244155 -0.641675 0.562138 -0.521779 
-0.674864 0.694331 -0.249926 -0.704902 0.694418 -0.144554 -0.724249 0.431745 -0.537643 
-0.629429 0.196844 -0.751712 -0.84272 0.464142 0.272754 -0.785933 0.577887 0.2199 
-0.793927 0.546691 0.266099 -0.763089 0.592296 0.258613 -0.724546 0.656087 0.211148 
-0.727062 0.68627 0.020352 -0.668643 0.731292 0.134646 -0.0831568 -0.344341 -0.935155 
-0.0837057 -0.344983 -0.934869 -0.172695 -0.334247 -0.926529 -0.375439 -0.190478 -0.907063 
-0.58001 -0.0543014 -0.812798 0.0569827 0.698134 -0.713696 -0.0161062 0.790442 -0.612326 
-0.262837 0.798828 -0.541102 -0.429564 0.798082 -0.42254 0.229174 0.636357 -0.736566 
0.369193 0.525169 -0.766743 0.395279 0.453684 -0.798702 0.360899 0.402395 -0.841326 
0.350875 0.36544 -0.862172 -0.603928 0.770432 -0.204218 -0.697596 0.71492 -0.0474372 
-0.777924 0.62454 0.0691687 -0.829187 0.539417 0.146557 -0.862332 0.461505 0.20832 
-0.864446 0.439249 0.244527 -0.877048 0.398578 0.268184 -0.883858 0.378958 0.274199 
-0.883751 0.382122 0.270125 -0.868006 0.412853 0.275895 -0.875741 0.405001 0.262777 
-0.675598 0.737234 0.00732965 -0.740279 0.568921 -0.358212 -0.765365 0.608957 -0.208299 
-0.691851 0.720206 -0.0514346 -0.672408 0.740102 0.0108194 -0.742745 0.282436 -0.607091 
-0.801023 0.470144 -0.370576 -0.721733 0.0391652 -0.691063 -0.848958 0.45011 0.276897 
-0.804231 0.52503 0.27849 -0.737863 0.622343 0.261241 -0.744151 0.614367 0.262283 
-0.698945 0.667168 0.25761 -0.641449 0.731188 0.232178 -0.639714 0.762193 0.0991392 
-0.614132 0.768196 0.180876 -0.127846 -0.358905 -0.924577 -0.141521 -0.354103 -0.924436 
-0.187327 -0.325252 -0.926887 -0.247841 -0.317073 -0.915445 -0.4622 -0.229442 -0.856579 
-0.70035 -0.152572 -0.697303 0.212022 0.728564 -0.651338 0.0211231 0.827569 -0.560967 
-0.185006 0.860976 -0.473807 -0.435463 0.830119 -0.348244 0.407417 0.483394 -0.774817 
0.382419 0.567339 -0.729303 0.395057 0.524306 -0.754343 -0.564558 0.804326 -0.185296 
-0.663716 0.74662 -0.0451617 -0.759958 0.647271 0.0591931 -0.818267 0.553587 0.154856 
-0.840105 0.50159 0.206474 -0.859992 0.447065 0.246064 -0.87248 0.414461 0.258845 
-0.876789 0.394337 0.275207 -0.882401 0.380895 0.276202 -0.881281 0.388406 0.269231 
-0.876882 0.404045 0.260435 -0.847278 0.459523 0.26638 -0.859206 0.447245 0.24847 
-0.747276 0.663613 -0.0345759 -0.824659 0.551046 -0.127617 -0.640106 0.761076 0.105009 
-0.671693 0.738671 0.0565194 -0.857005 0.203262 -0.473527 -0.896261 0.366953 -0.249122 
-0.855504 0.0159846 -0.51755 -0.816245 0.51358 0.264538 -0.751141 0.598031 0.279545 
-0.679647 0.68699 0.257146 -0.671447 0.690893 0.268002 -0.587582 0.774074 0.235705 
-0.615647 0.743623 0.260774 -0.59885 0.777387 0.192477 -0.217254 -0.332952 -0.917575 
-0.232174 -0.33179 -0.914336 -0.399214 -0.32853 -0.855977 -0.590394 -0.295618 -0.75103 
-0.319999 -0.322859 -0.890709 -0.850753 -0.116637 -0.51246 -0.718615 -0.321868 -0.616436 
-0.859715 -0.206462 -0.467186 0.231032 0.807781 -0.542323 0.317002 0.680966 -0.660148 
0.373743 0.600334 -0.707046 0.0581296 0.873951 -0.482525 -0.186575 0.870515 -0.455405 
0.266577 0.837365 -0.477239 -0.346388 0.861259 -0.371818 -0.531219 0.830284 -0.168626 
-0.597783 0.801016 -0.0320716 -0.718197 0.694129 0.0487661 -0.798006 0.58981 0.123736 
-0.842237 0.505307 0.187888 -0.850465 0.469857 0.236523 -0.863618 0.423069 0.274183 
-0.87225 0.398734 0.28318 -0.875868 0.390324 0.28373 -0.878818 0.389941 0.275 
-0.876901 0.403353 0.261439 -0.867229 0.431644 0.248189 -0.841497 0.483584 0.240891 
-0.812366 0.523904 0.256099 -0.731409 0.677364 0.0788639 -0.835252 0.54951 0.0197975 
-0.92249 0.377985 -0.078356 -0.625422 0.76464 0.155476 -0.950023 0.160869 -0.267541 
-0.954235 -0.0144146 -0.298711 -0.754683 0.600183 0.265017 -0.690493 0.667564 0.278527 
-0.601409 0.753934 0.264367 -0.609594 0.744962 0.270974 -0.573397 0.77717 0.259272 
-0.567034 0.793154 0.222213 -0.47388 -0.343655 -0.810764 -0.551854 -0.361566 -0.751483 
-0.624104 -0.39368 -0.674915 -0.70969 -0.365438 -0.602325 -0.853156 -0.268348 -0.447342 
-0.957118 -0.121045 -0.263198 0.388119 0.758334 -0.52373 0.438396 0.801293 -0.407111 
0.386923 0.656356 -0.647678 0.418128 0.723721 -0.548996 -0.0969149 0.953325 -0.28597 
0.1334 0.932423 -0.335844 -0.354458 0.898672 -0.258355 0.25309 0.916183 -0.310732 
0.403581 0.845135 -0.350526 -0.431716 0.896415 -0.100307 -0.466822 0.883943 -0.0268688 
-0.64434 0.763958 0.0345451 -0.76346 0.637074 0.106138 -0.833719 0.524643 0.172229 
-0.867506 0.438388 0.235052 -0.86441 0.417836 0.279658 -0.864944 0.406858 0.293833 
-0.864783 0.400417 0.303012 -0.865804 0.403508 0.295914 -0.869562 0.41242 0.27161 
-0.871296 0.419476 0.254721 -0.864939 0.439173 0.242915 -0.854867 0.460884 0.238305 
-0.781648 0.5716 0.2496 -0.817045 0.518529 0.252121 -0.699085 0.698559 0.152627 
-0.787071 0.609764 0.093313 -0.909266 0.416168 0.00634256 -0.970068 0.208136 -0.125093 
-0.642293 0.745913 0.176275 -0.985246 0.054122 -0.162359 -0.611729 0.739394 0.281218 
-0.631048 0.718735 0.291888 -0.733088 0.618618 0.282656 -0.55561 0.792178 0.252489 
-0.535025 0.800924 0.268831 -0.55976 0.807774 0.18485 -0.514182 0.827379 0.225966 
-0.788355 -0.344354 -0.50982 -0.83612 -0.352905 -0.419953 -0.927841 -0.244949 -0.281266 
-0.991479 0.0457195 -0.121982 -0.978651 -0.0917337 -0.18392 0.476584 0.773083 -0.418581 
0.434885 0.746938 -0.50295 0.482683 0.775903 -0.406192 0.484573 0.782963 -0.390073 
0.511316 0.78201 -0.356395 0.0445248 0.98518 -0.165643 -0.211286 0.965313 -0.153394 
0.264329 0.93835 -0.222778 0.392909 0.893739 -0.216455 0.521069 0.806023 -0.280738 
0.527752 0.797475 -0.292422 -0.228973 0.969398 -0.088534 -0.276443 0.95922 -0.058966 
-0.515878 0.856651 -0.00447944 -0.705889 0.706053 0.0566546 -0.827102 0.543934 0.141555 
-0.858326 0.466387 0.213917 -0.880062 0.39864 0.258026 -0.875673 0.382533 0.294728 
-0.859881 0.401363 0.315456 -0.85708 0.404956 0.318473 -0.847454 0.421349 0.322934 
-0.845365 0.441693 0.300442 -0.857258 0.443801 0.261056 -0.859337 0.45224 0.238787 
-0.850573 0.467155 0.241438 -0.815232 0.519281 0.256405 -0.762537 0.582276 0.281943 
-0.895388 0.445279 -0.00282267 -0.780877 0.62268 0.050011 -0.66046 0.740779 0.122636 
-0.96879 0.241811 -0.0545282 -0.665672 0.68152 0.303992 -0.565934 0.77035 0.293735 
-0.482489 0.844481 0.2325 -0.466001 0.845366 0.261151 -0.486067 0.828822 0.277115 
-0.508214 0.836997 0.202865 -0.564132 0.813035 0.143977 -0.855687 -0.346539 -0.384332 
-0.891418 -0.325305 -0.315518 -0.93851 -0.23762 -0.250471 -0.971728 0.23078 -0.0498548 
-0.989267 0.0979079 -0.108464 -0.981013 -0.0433664 -0.189032 0.222725 0.959792 -0.17086 
-0.0342286 0.992302 -0.11902 0.493 0.839272 -0.22929 0.53084 0.799541 -0.280969 
0.513151 0.825279 -0.235778 -0.0466823 0.989453 -0.137124 -0.321875 0.943423 -0.0796851 
-0.58597 0.810152 -0.0170979 -0.766978 0.639158 0.056762 -0.864028 0.485894 0.131766 
-0.887614 0.397419 0.232806 -0.875382 0.372456 0.308194 -0.872833 0.35618 0.333615 
-0.854892 0.383372 0.34955 -0.845493 0.412503 0.339092 -0.81545 0.459952 0.351404 
-0.817948 0.491336 0.299249 -0.841468 0.474584 0.258266 -0.854172 0.460108 0.242262 
-0.854611 0.457827 0.245018 -0.842502 0.475882 0.252441 -0.741212 0.614634 0.26987 
-0.790236 0.546276 0.277687 -0.698328 0.658507 0.280548 -0.845162 0.534104 0.0208276 
-0.93514 0.349858 -0.0557865 -0.714246 0.695357 0.0795638 -0.614576 0.728083 0.303631 
-0.497792 0.815488 0.295265 -0.45354 0.868312 0.20084 -0.424836 0.867575 0.258512 
-0.646228 0.75997 0.0695338 -0.513766 0.848093 0.129544 -0.923569 -0.272154 -0.270099 
-0.930095 -0.259115 -0.26035 -0.958927 -0.169916 -0.22713 -0.934191 -0.254224 -0.250314 
-0.965716 0.18211 -0.185009 -0.975039 -0.0323454 -0.219667 0.379412 0.893026 -0.241975 
0.16316 0.966034 -0.200394 0.505422 0.824851 -0.253317 0.510791 0.826384 -0.237029 
0.512702 0.826059 -0.234016 -0.0508713 0.973886 -0.221265 -0.440212 0.885752 -0.147166 
-0.682125 0.731219 -0.00492987 -0.823023 0.558206 0.105066 -0.892828 0.40557 0.195884 
-0.911775 0.310547 0.268752 -0.884041 0.3218 0.338994 -0.858099 0.351677 0.374151 
-0.839672 0.386301 0.381736 -0.828685 0.417635 0.372643 -0.777681 0.525621 0.34487 
-0.767094 0.506297 0.393992 -0.813935 0.423424 0.39777 -0.775788 0.541445 0.324021 
-0.803539 0.51998 0.289734 -0.840664 0.476707 0.256971 -0.852957 0.455675 0.254608 
-0.836611 0.473235 0.275917 -0.693687 0.652183 0.305705 -0.778508 0.552203 0.298325 
-0.715744 0.626614 0.308327 -0.807801 0.58945 -0.00241817 -0.866156 0.478931 -0.142828 
-0.509396 0.796811 0.324973 -0.584038 0.745538 0.32105 -0.421125 0.854751 0.303406 
-0.393775 0.891154 0.225358 -0.447537 0.876054 0.179554 -0.376132 0.886409 0.269822 
-0.567856 0.816094 0.107377 -0.711859 0.702289 -0.00682098 -0.946474 -0.222304 -0.234027 
-0.948941 -0.201832 -0.242437 -0.932136 0.292097 -0.214015 -0.971732 0.0915833 -0.217599 
-0.949033 -0.199677 -0.243855 -0.972998 -0.049847 -0.225366 0.511467 0.816952 -0.266443 
0.507831 0.820566 -0.26226 0.409292 0.874373 -0.260677 0.229176 0.945171 -0.23266 
0.0197481 0.956435 -0.291277 -0.2348 0.938824 -0.251951 0.245696 0.920177 -0.304809 
-0.402868 0.902125 -0.154492 -0.623431 0.779837 -0.0564682 -0.778613 0.622855 0.0762441 
-0.872022 0.454164 0.182519 -0.908499 0.318782 0.2702 -0.902867 0.255182 0.345996 
-0.87363 0.264804 0.408228 -0.841107 0.352835 0.409934 -0.740332 0.567506 0.360341 
-0.795638 0.417892 0.43855 -0.760371 0.487106 0.429609 -0.724366 0.570081 0.387686 
-0.739679 0.588795 0.325876 -0.80351 0.531807 0.267493 -0.844964 0.464565 0.26498 
-0.852449 0.446254 0.272375 -0.848543 0.445809 0.285007 -0.817378 0.489917 0.303108 
-0.609816 0.724053 0.322291 -0.683395 0.659549 0.312996 -0.747697 0.579171 0.324825 
-0.635752 0.708637 0.306028 -0.801199 0.591808 -0.088561 -0.913217 0.38519 -0.132904 
-0.49423 0.806855 0.323606 -0.419097 0.839992 0.344632 -0.357159 0.879365 0.314889 
-0.378042 0.89384 0.241112 -0.478928 0.85972 0.177507 -0.611539 0.78347 0.110431 
-0.751786 0.657674 0.0477709 -0.96826 0.197167 -0.153613 -0.984493 0.072648 -0.159677 
-0.948981 -0.199756 -0.243993 -0.958622 -0.159071 -0.236094 -0.980454 -0.045899 -0.191322 
0.512888 0.812473 -0.277189 0.520261 0.802239 -0.292817 0.462265 0.832231 -0.306107 
-0.139546 0.967741 -0.209773 0.0868768 0.958607 -0.271154 0.199277 0.934419 -0.29521 
0.368631 0.857036 -0.360002 -0.276605 0.951796 -0.132571 -0.517712 0.853461 -0.0598273 
-0.721712 0.69109 0.0390736 -0.857259 0.486425 0.168815 -0.896754 0.35254 0.267484 
-0.907464 0.243496 0.342372 -0.891383 0.20836 0.40252 -0.867107 0.236425 0.438438 
-0.834517 0.317489 0.450313 -0.715713 0.594406 0.366656 -0.808433 0.377067 0.451947 
-0.784425 0.431893 0.445136 -0.727736 0.549663 0.410208 -0.70361 0.610929 0.362904 
-0.735252 0.611521 0.292311 -0.68137 0.651391 0.333803 -0.778308 0.561459 0.281069 
-0.834979 0.474168 0.27924 -0.851562 0.43858 0.287211 -0.84481 0.445054 0.297025 
-0.828566 0.472691 0.30007 -0.788213 0.528914 0.314594 -0.540406 0.763371 0.353873 
-0.650808 0.669445 0.358179 -0.719887 0.596997 0.354057 -0.884475 0.46615 -0.0202076 
-0.963699 0.258476 -0.0668888 -0.427402 0.815447 0.390351 -0.363768 0.854065 0.371814 
-0.354548 0.884077 0.304472 -0.344406 0.867803 0.358194 -0.419826 0.870015 0.258496 
-0.518933 0.826773 0.21715 -0.688533 0.71352 0.129661 -0.87171 0.487643 0.0482257 
-0.985342 0.110255 -0.130172 -0.949369 -0.198728 -0.243324 -0.955833 -0.18479 -0.22855 
-0.950537 -0.194812 -0.241924 -0.981066 -0.0359036 -0.190319 0.534206 0.78625 -0.31054 
0.533454 0.763256 -0.36451 0.53522 0.75785 -0.3731 -0.0276617 0.976119 -0.215468 
0.203239 0.925111 -0.320725 0.320278 0.877443 -0.357094 0.461395 0.788365 -0.406935 
0.536209 0.755259 -0.376913 -0.33239 0.936039 -0.115531 -0.594344 0.804198 -0.00459361 
-0.782076 0.615469 0.0977447 -0.886431 0.418765 0.197171 -0.913529 0.282797 0.292387 
-0.904655 0.183902 0.384421 -0.88107 0.189681 0.433285 -0.851623 0.269901 0.449324 
-0.839276 0.283266 0.464087 -0.784918 0.421288 0.454334 -0.678361 0.632686 0.373543 
-0.684721 0.620568 0.382167 -0.734201 0.549004 0.399429 -0.791733 0.433927 0.429961 
-0.710128 0.626999 0.320297 -0.658465 0.665369 0.351723 -0.658324 0.674238 0.334684 
-0.779781 0.544344 0.309244 -0.809423 0.485557 0.330257 -0.836706 0.446681 0.316859 
-0.841067 0.446314 0.30563 -0.803992 0.5031 0.316998 -0.458672 0.79416 0.39866 
-0.547441 0.744807 0.381539 -0.598003 0.703111 0.384743 -0.630532 0.672233 0.387986 
-0.672096 0.630284 0.388625 -0.766989 0.536959 0.351288 -0.947546 0.317618 -0.0357167 
-0.389648 0.829775 0.399559 -0.341744 0.851343 0.398029 -0.391115 0.860931 0.325311 
-0.487791 0.841029 0.233945 -0.847473 0.523899 0.0855519 -0.689638 0.705989 0.161182 
-0.98093 0.160793 -0.109187 -0.955109 -0.1876 -0.229289 -0.955167 -0.1873 -0.229292 
-0.955428 -0.185753 -0.229461 -0.958675 -0.165565 -0.231368 -0.98623 0.0530806 -0.156629 
-0.963969 -0.126967 -0.233759 0.118083 0.933142 -0.339562 -0.168502 0.962448 -0.212838 
0.363422 0.838715 -0.405563 0.553109 0.722246 -0.415249 0.500978 0.716709 -0.485128 
0.495818 0.715469 -0.492207 -0.440651 0.8925 -0.0962856 -0.68538 0.726336 0.051879 
-0.840633 0.510926 0.179695 -0.912288 0.298523 0.280382 -0.918411 0.16973 0.357369 
-0.897794 0.131321 0.420382 -0.875668 0.165326 0.453731 -0.870478 0.184807 0.456195 
-0.834607 0.314494 0.452244 -0.685326 0.630147 0.365025 -0.794522 0.424623 0.434084 
-0.743603 0.550505 0.379472 -0.855055 0.25784 0.449889 -0.689364 0.633385 0.35157 
-0.746051 0.5659 0.350949 -0.646934 0.67315 0.358253 -0.654172 0.66732 0.35601 
-0.781092 0.511471 0.358181 -0.82962 0.453464 0.325732 -0.837489 0.445982 0.315771 
-0.822503 0.467716 0.323621 -0.468446 0.789246 0.397051 -0.527798 0.729927 0.434322 
-0.720914 0.591696 0.360804 -0.627854 0.656857 0.417538 -0.789487 0.510887 0.340155 
-0.93978 0.341652 0.00935321 -0.395457 0.80797 0.436805 -0.355489 0.863164 0.358573 
-0.339021 0.828763 0.445216 -0.33318 0.835253 0.437429 -0.606974 0.740721 0.287949 
-0.450782 0.820171 0.3523 -0.758326 0.608033 0.235026 -0.878256 0.465188 0.11075 
-0.969628 0.241069 -0.0413099 -0.96135 -0.142667 -0.235485 -0.975072 0.108302 -0.193663 
-0.96175 -0.137174 -0.237109 -0.961921 -0.136005 -0.237088 -0.960878 -0.129678 -0.244737 
0.308489 0.810438 -0.498021 0.0398587 0.889364 -0.45546 -0.249208 0.918877 -0.305878 
0.494228 0.710748 -0.500576 -0.599135 0.794436 -0.0995465 -0.812606 0.569181 0.125317 
-0.888342 0.374324 0.26595 -0.917662 0.196111 0.345597 -0.909753 0.107472 0.400998 
-0.89279 0.108266 0.43727 -0.8877 0.116983 0.445313 -0.685535 0.631806 0.361751 
-0.850744 0.265516 0.453581 -0.809348 0.42023 0.410321 -0.696201 0.615109 0.370061 
-0.766618 0.520465 0.376049 -0.827082 0.424111 0.36887 -0.882784 0.129752 0.451505 
-0.671856 0.628742 0.391527 -0.720608 0.578653 0.381949 -0.642205 0.666041 0.379423 
-0.645162 0.655103 0.393201 -0.663244 0.640523 0.387088 -0.796896 0.49526 0.34594 
-0.736314 0.55962 0.380351 -0.708741 0.583379 0.39668 -0.799052 0.479843 0.362308 
-0.828215 0.460227 0.319768 -0.83086 0.464526 0.306409 -0.416175 0.786303 0.456647 
-0.433493 0.785785 0.441164 -0.512179 0.743861 0.429352 -0.742802 0.585365 0.324951 
-0.642686 0.681443 0.350129 -0.664696 0.679237 0.311153 -0.543348 0.749727 0.377732 
-0.804204 0.507996 0.308537 -0.356016 0.818188 0.451466 -0.401669 0.80585 0.43505 
-0.337454 0.826759 0.450106 -0.387766 0.806672 0.446001 -0.559769 0.731294 0.389703 
-0.710409 0.656924 0.252527 -0.919446 0.392311 -0.0266644 -0.804455 0.565201 0.18276 
-0.956598 -0.0814188 -0.279807 -0.952991 0.263142 -0.150217 -0.968762 0.0508338 -0.242725 
0.462268 0.713137 -0.527014 0.448547 0.716162 -0.534713 0.274686 0.831002 -0.483719 
0.0824108 0.863142 -0.498192 0.397342 0.773708 -0.493453 -0.164343 0.904062 -0.394543 
-0.433997 0.859981 -0.268475 -0.579424 0.810284 -0.0877917 -0.738577 0.673366 0.0328967 
-0.865058 0.475278 0.160576 -0.91585 0.291372 0.276264 -0.91797 0.121023 0.377735 
-0.903657 0.0710147 0.422328 -0.898795 0.0557349 0.434811 -0.893411 0.151426 0.422951 
-0.868182 0.295348 0.398786 -0.716426 0.576514 0.392893 -0.842908 0.377561 0.383346 
-0.789548 0.471339 0.393005 -0.888811 0.235745 0.392987 -0.901012 0.0614316 0.429422 
-0.665198 0.62309 0.411424 -0.654204 0.636417 0.408645 -0.677366 0.607099 0.415458 
-0.767999 0.51428 0.381698 -0.688637 0.599299 0.408191 -0.737529 0.545303 0.398366 
-0.801204 0.491325 0.341573 -0.757881 0.534477 0.374101 -0.81115 0.488175 0.322057 
-0.826039 0.482661 0.291028 -0.825823 0.496762 0.266915 -0.365385 0.824758 0.431588 
-0.434973 0.812801 0.387496 -0.774747 0.565651 0.2825 -0.695263 0.656491 0.292623 
-0.544133 0.77356 0.324845 -0.582529 0.753084 0.305818 -0.341494 0.831111 0.438903 
-0.510952 0.777902 0.365782 -0.361518 0.825293 0.433815 -0.458551 0.773344 0.437802 
-0.675273 0.670958 0.306304 -0.860568 0.498573 0.104158 -0.929124 0.369261 0.0193683 
-0.654297 0.661272 0.366898 -0.769584 0.589536 0.245332 -0.956688 -0.0688102 -0.282865 
-0.975703 0.197616 -0.0946154 -0.960696 -0.0592979 -0.271196 -0.987677 0.0551265 -0.146473 
0.452027 0.712093 -0.537211 0.451317 0.712922 -0.536708 0.449741 0.715882 -0.534084 
0.44255 0.735786 -0.512609 0.0825505 0.889351 -0.449712 0.103303 0.91233 -0.39621 
0.325425 0.853807 -0.40634 -0.163187 0.920453 -0.355157 0.384665 0.840071 -0.382511 
0.437083 0.791349 -0.427465 0.449097 0.765167 -0.461336 -0.364457 0.900943 -0.235527 
-0.482539 0.867816 -0.11854 -0.658765 0.748077 0.080057 -0.798087 0.572566 0.187683 
-0.902083 0.327667 0.280857 -0.923092 0.145312 0.35607 -0.910909 0.0578447 0.408533 
-0.904255 0.0333354 0.42569 -0.907915 0.0935602 0.40858 -0.7261 0.550442 0.412059 
-0.889552 0.247074 0.384255 -0.894306 0.251521 0.370073 -0.851921 0.373354 0.367202 
-0.735448 0.526686 0.426284 -0.802412 0.426945 0.416957 -0.867474 0.329437 0.372773 
-0.909019 0.132472 0.395141 -0.906127 0.0371188 0.421373 -0.653299 0.627633 0.423411 
-0.65389 0.624844 0.426613 -0.65568 0.614407 0.438849 -0.699037 0.563566 0.44016 
-0.66453 0.622957 0.412704 -0.704378 0.588144 0.397415 -0.780138 0.528844 0.334229 
-0.714404 0.596363 0.366031 -0.809265 0.502907 0.303603 -0.810535 0.510757 0.286636 
-0.808526 0.530316 0.255052 -0.781359 0.569219 0.255867 -0.379948 0.827296 0.41379 
-0.46785 0.807091 0.360168 -0.720452 0.64379 0.257845 -0.64662 0.710715 0.277067 
-0.491662 0.812585 0.313009 -0.526305 0.799718 0.288884 -0.333715 0.843445 0.420992 
-0.333422 0.845608 0.416865 -0.562822 0.714226 0.416068 -0.377135 0.834624 0.401463 
-0.510145 0.775234 0.372512 -0.847011 0.509627 0.151172 -0.956955 0.290223 0.00276465 
-0.678866 0.670835 0.298532 -0.972814 -0.0399316 -0.228121 -0.982324 -0.0206626 -0.186046 
-0.984573 0.162574 -0.06469 -0.988659 0.00548368 -0.150078 0.0988158 0.968989 -0.226487 
0.274025 0.912622 -0.303368 -0.254048 0.916485 -0.309056 -0.140044 0.954925 -0.261735 
0.333853 0.919239 -0.208665 0.374842 0.882693 -0.283454 0.45322 0.775588 -0.43938 
0.365417 0.880531 -0.301886 0.412101 0.82837 -0.379442 0.429852 0.803466 -0.41191 
-0.436577 0.895954 -0.0816472 -0.59499 0.793052 0.130594 -0.7333 0.63059 0.25422 
-0.843816 0.430364 0.320565 -0.896915 0.216313 0.385683 -0.907032 0.0817049 0.413058 
-0.901397 0.0571416 0.429207 -0.910744 0.0570709 0.409008 -0.913601 0.146854 0.379165 
-0.909007 0.20874 0.360742 -0.751681 0.504194 0.425164 -0.841081 0.333046 0.426219 
-0.774975 0.464125 0.428955 -0.89645 0.20576 0.39248 -0.915374 0.0790139 0.394775 
-0.90493 0.0499504 0.422618 -0.641828 0.638419 0.424827 -0.639342 0.633226 0.436196 
-0.65739 0.60391 0.450702 -0.664714 0.59483 0.452033 -0.724106 0.522799 0.449835 
-0.643082 0.64173 0.417886 -0.673514 0.618661 0.404521 -0.754899 0.572398 0.320136 
-0.79454 0.527682 0.300429 -0.713672 0.61403 0.337104 -0.671375 0.65209 0.352186 
-0.658305 0.646122 0.386213 -0.800312 0.5334 0.273835 -0.792085 0.557343 0.248937 
-0.754498 0.612192 0.236545 -0.772902 0.588987 0.236046 -0.339137 0.860304 0.38061 
-0.38828 0.843132 0.371976 -0.411954 0.850683 0.326545 -0.548344 0.790511 0.272784 
-0.61547 0.74744 0.250059 -0.707843 0.663352 0.242739 -0.412094 0.865594 0.284475 
-0.44787 0.855129 0.261087 -0.320361 0.871908 0.370331 -0.34645 0.864832 0.363371 
-0.406407 0.849183 0.337226 -0.546298 0.78252 0.298699 -0.930847 0.364137 0.0304752 
-0.821184 0.556655 0.125667 -0.695358 0.684694 0.218339 -0.992361 0.0354892 -0.118151 
-0.986253 0.157642 -0.0495353 0.0432597 0.99889 0.0186358 0.255834 0.963633 -0.0772061 
-0.196605 0.98005 -0.029115 0.244629 0.961148 -0.127871 0.208674 0.97604 0.061656 
0.318461 0.907097 -0.275241 0.401979 0.835874 -0.373802 -0.422691 0.894357 0.146482 
-0.384942 0.878091 0.28421 -0.589166 0.766179 0.256618 -0.764377 0.540466 0.351604 
-0.83983 0.374995 0.392511 -0.885852 0.167083 0.432839 -0.89249 0.129067 0.432207 
-0.909032 0.0559413 0.412954 -0.918044 0.12036 0.377768 -0.871553 0.217045 0.439645 
-0.828805 0.309705 0.466011 -0.775846 0.439492 0.45267 -0.910231 0.127582 0.393956 
-0.898061 0.141819 0.416381 -0.912526 0.0762599 0.401846 -0.898607 0.0964417 0.428023 
-0.633808 0.641642 0.431953 -0.628548 0.64964 0.427662 -0.650212 0.627772 0.427933 
-0.683142 0.584015 0.438456 -0.71299 0.554352 0.429347 -0.624996 0.673623 0.394477 
-0.733527 0.597526 0.323883 -0.770437 0.567519 0.290429 -0.690749 0.641406 0.333863 
-0.635772 0.680838 0.363667 -0.649055 0.683856 0.333269 -0.7913 0.553642 0.25947 
-0.785764 0.568806 0.24297 -0.769378 0.599486 0.220622 -0.72211 0.657249 0.215827 
-0.338898 0.8828 0.325289 -0.508045 0.830655 0.227823 -0.630363 0.74462 0.219507 
-0.346185 0.892584 0.288877 -0.353168 0.899446 0.257428 -0.403871 0.887043 0.223703 
-0.313375 0.890859 0.328885 -0.323166 0.891418 0.317708 -0.461951 0.839799 0.285199 
-0.371172 0.879678 0.297318 -0.580761 0.780136 0.232604 -0.879469 0.465132 0.100933 
-0.958993 0.283055 0.0145517 -0.750532 0.636956 0.176037 -0.993345 0.052135 -0.1027 
-0.99358 0.0851735 -0.0744606 0.111354 0.97988 0.165639 -0.165554 0.959907 0.226208 
0.176261 0.965983 -0.189235 0.0883477 0.99576 -0.0256309 0.0724591 0.994208 0.0793711 
-0.0623811 0.96597 0.251021 0.324678 0.888209 -0.325068 0.379725 0.849145 -0.3671 
-0.340018 0.897073 0.282221 -0.60917 0.726958 0.31693 -0.709445 0.549493 0.4413 
-0.845779 0.31587 0.429981 -0.870798 0.217889 0.440721 -0.899511 0.0919601 0.427111 
-0.912895 0.0942731 0.397159 -0.886951 0.152361 0.436009 -0.869164 0.213986 0.445829 
-0.842384 0.291769 0.453056 -0.785836 0.411621 0.461551 -0.728948 0.531159 0.431862 
-0.905969 0.103361 0.410533 -0.895177 0.115798 0.430405 -0.904541 0.10313 0.413726 
-0.879339 0.168978 0.445207 -0.623431 0.664536 0.411978 -0.640081 0.656493 0.399141 
-0.680141 0.611116 0.404902 -0.618203 0.693317 0.370321 -0.620286 0.699077 0.355721 
-0.716859 0.627703 0.303482 -0.751352 0.601798 0.270756 -0.779165 0.572238 0.255824 
-0.680542 0.657241 0.323879 -0.627028 0.696527 0.348835 -0.672046 0.674757 0.305054 
-0.636207 0.712444 0.29608 -0.622997 0.711847 0.324266 -0.771699 0.594028 0.227179 
-0.741876 0.646227 0.178918 -0.715697 0.672079 0.189968 -0.631437 0.752984 0.185208 
-0.306602 0.907645 0.286664 -0.539475 0.820535 0.188917 -0.431943 0.883649 0.180528 
-0.296487 0.921181 0.252033 -0.295287 0.92931 0.221783 -0.331104 0.919677 0.211105 
-0.332878 0.92724 0.171519 -0.337413 0.898985 0.279247 -0.298894 0.912602 0.278963 
-0.412009 0.879247 0.239108 -0.690912 0.707158 0.150226 -0.537015 0.82372 0.181936 
-0.851923 0.51414 0.0994368 -0.993041 0.0968093 -0.0670662 -0.984757 0.156392 -0.0761213 
-0.927126 0.37456 -0.0119302 0.289182 0.894156 -0.341845 0.184203 0.932397 -0.310975 
0.0309926 0.985773 -0.165203 0.00347211 0.998745 -0.0499605 -0.0515088 0.994191 0.0945047 
-0.112084 0.973246 0.200575 0.351744 0.865851 -0.355779 0.323531 0.872256 -0.366738 
-0.526391 0.757974 0.385211 -0.475314 0.784146 0.398987 -0.27157 0.935183 0.227336 
-0.796315 0.394929 0.458163 -0.66725 0.60779 0.430545 -0.832154 0.33546 0.441572 
-0.883446 0.179077 0.432961 -0.889239 0.127423 0.439338 -0.883409 0.167999 0.437452 
-0.873399 0.251755 0.416887 -0.845928 0.338744 0.411896 -0.803971 0.447627 0.391484 
-0.744231 0.527617 0.40956 -0.697504 0.616056 0.36601 -0.896587 0.116815 0.427183 
-0.893703 0.1117 0.434531 -0.886394 0.119853 0.447147 -0.884969 0.158102 0.437988 
-0.644216 0.672709 0.363935 -0.617588 0.718431 0.320065 -0.726318 0.629154 0.276816 
-0.693368 0.663886 0.280172 -0.742725 0.614197 0.266688 -0.758467 0.60199 0.24967 
-0.659383 0.700338 0.273388 -0.617269 0.73272 0.286532 -0.632801 0.736037 0.240443 
-0.748205 0.630276 0.207224 -0.703302 0.694591 0.15136 -0.685262 0.715643 0.135167 
-0.669033 0.735538 0.106671 -0.622818 0.7674 0.152301 -0.507077 0.850963 0.136876 
-0.285971 0.92372 0.254877 -0.332285 0.933825 0.132506 -0.39372 0.911941 0.115535 
-0.266497 0.941753 0.205137 -0.273311 0.947932 0.163482 -0.260012 0.959956 0.1043 
-0.302948 0.924885 0.229804 -0.357393 0.911473 0.203683 -0.450881 0.876601 0.168158 
-0.614797 0.778622 0.125588 -0.789031 0.610602 0.0677871 -0.980692 0.176997 -0.0831595 
-0.960429 0.247442 -0.127858 -0.851628 0.518245 -0.078427 0.288093 0.885811 -0.363787 
0.31026 0.879378 -0.361156 0.279873 0.885211 -0.371581 0.249687 0.871062 -0.422975 
0.243197 0.86587 -0.437178 0.0955318 0.931322 -0.351445 -0.0540051 0.967994 -0.245095 
-0.12012 0.990886 -0.0609611 -0.134533 0.989192 0.0583038 -0.467273 0.806081 0.363165 
-0.483593 0.819524 0.307438 -0.32265 0.941166 0.100514 -0.771062 0.477399 0.421371 
-0.666761 0.650818 0.363134 -0.841387 0.316661 0.437942 -0.855647 0.250457 0.452924 
-0.88137 0.136914 0.452152 -0.875467 0.197057 0.441278 -0.855477 0.304244 0.41904 
-0.841407 0.399624 0.363778 -0.771286 0.538425 0.339436 -0.643413 0.691273 0.328877 
-0.674404 0.676014 0.296959 -0.725423 0.623009 0.292613 -0.882403 0.151463 0.445447 
-0.877802 0.153941 0.453614 -0.872589 0.13747 0.468712 -0.876615 0.124642 0.46477 
-0.859085 0.246248 0.448704 -0.630616 0.730268 0.262739 -0.625672 0.737263 0.254906 
-0.721 0.641714 0.261462 -0.688455 0.684943 0.238502 -0.74601 0.619751 0.243675 
-0.749957 0.618569 0.234387 -0.657909 0.717362 0.229234 -0.619975 0.744515 0.247647 
-0.654325 0.730301 0.196262 -0.639705 0.749153 0.171894 -0.628213 0.751662 0.200878 
-0.732454 0.662298 0.157708 -0.748185 0.644512 0.157553 -0.748153 0.631328 0.204187 
-0.689469 0.716092 0.108839 -0.633276 0.770844 0.0690022 -0.581164 0.808834 0.0896497 
-0.57155 0.81954 0.0410588 -0.371748 0.925502 0.0724507 -0.464127 0.882644 0.0743319 
-0.2845 0.956956 0.0574013 -0.270628 0.944242 0.187529 -0.248775 0.956608 0.151695 
-0.250382 0.954517 0.161883 -0.237764 0.966188 0.0997478 -0.225657 0.97376 0.0295035 
-0.211459 0.97678 0.0344362 -0.333768 0.926326 0.174699 -0.538219 0.835466 0.110983 
-0.423493 0.894819 0.141256 -0.678968 0.733312 0.0354327 -0.94996 0.27405 -0.149907 
-0.918869 0.345483 -0.190582 -0.76186 0.645517 -0.0536432 -0.880234 0.461757 -0.109398 
0.243913 0.866673 -0.435183 0.104539 0.935098 -0.338621 -0.024719 0.959569 -0.280385 
-0.180046 0.961271 -0.208668 -0.242925 0.964415 -0.104357 -0.51906 0.823012 0.230712 
-0.48952 0.854585 0.173365 -0.406237 0.912312 0.0515637 -0.799322 0.41275 0.436717 
-0.620372 0.728734 0.289974 -0.749704 0.545613 0.3745 -0.876224 0.13426 0.462824 
-0.877352 0.16721 0.449771 -0.87595 0.230958 0.423522 -0.857113 0.324426 0.400131 
-0.813744 0.453009 0.364147 -0.782238 0.542935 0.305491 -0.673487 0.703439 0.22713 
-0.724963 0.650444 0.22661 -0.865967 0.226394 0.445922 -0.861017 0.188118 0.472506 
-0.857662 0.167322 0.486229 -0.867159 0.139455 0.478109 -0.831929 0.362346 0.420238 
-0.636932 0.747227 0.189655 -0.726602 0.654144 0.210107 -0.671757 0.71722 0.185306 
-0.705021 0.685992 0.179889 -0.660127 0.737731 0.141373 -0.634299 0.7605 0.138939 
-0.645244 0.756955 0.10334 -0.727469 0.679003 0.0987131 -0.740776 0.653947 0.153637 
-0.738885 0.66618 0.101256 -0.66961 0.740767 0.0537265 -0.595237 0.803259 0.0216491 
-0.53948 0.841981 0.00535554 -0.473119 0.880729 0.0217978 -0.454756 0.89051 -0.013759 
-0.351268 0.936169 0.0141108 -0.261181 0.965262 0.00735677 -0.209533 0.977682 -0.015313 
-0.273238 0.952082 0.13741 -0.234417 0.966802 0.101703 -0.212599 0.97653 0.0345067 
-0.181401 0.982873 -0.0324688 -0.192377 0.9806 -0.0376148 -0.360049 0.924983 0.121534 
-0.5026 0.861104 0.0767719 -0.63176 0.775121 0.00820766 -0.934271 0.304977 -0.184735 
-0.927346 0.317048 -0.198772 -0.929646 0.319339 -0.183793 -0.719631 0.694036 -0.0210946 
-0.850123 0.522138 -0.0682888 -0.933957 0.324498 -0.14975 -0.934858 0.334342 -0.119401 
0.24095 0.87252 -0.425031 0.0922201 0.965175 -0.244813 0.191549 0.907084 -0.374844 
-0.0234579 0.978842 -0.203271 -0.147029 0.974406 -0.170048 -0.28845 0.953684 -0.0853419 
-0.570269 0.795596 0.204499 -0.361958 0.93218 0.0051816 -0.511075 0.85111 0.120059 
-0.713113 0.611009 0.343712 -0.780913 0.46729 0.414507 -0.873514 0.165695 0.457732 
-0.884664 0.20495 0.418767 -0.888693 0.284758 0.359358 -0.860321 0.380875 0.338795 
-0.817812 0.494108 0.295028 -0.761961 0.593035 0.260239 -0.668407 0.725519 0.163874 
-0.706808 0.689842 0.156652 -0.830853 0.334417 0.444801 -0.837406 0.273138 0.473441 
-0.847652 0.242211 0.472037 -0.858236 0.165517 0.485835 -0.862124 0.1521 0.483329 
-0.636194 0.762958 0.114681 -0.717674 0.679859 0.150784 -0.694093 0.709749 0.120381 
-0.714114 0.687826 0.130144 -0.668212 0.740264 0.0741812 -0.632711 0.771168 0.0705431 
-0.647297 0.76119 0.0399486 -0.708966 0.703014 0.0560221 -0.728039 0.678965 0.0946919 
-0.726209 0.684886 0.0595948 -0.651392 0.75818 0.0292018 -0.574144 0.818563 0.0176919 
-0.50346 0.863992 -0.00681421 -0.427957 0.903327 -0.0292126 -0.345342 0.938156 -0.0245285 
-0.3339 0.941709 -0.0411699 -0.244717 0.969132 -0.0299514 -0.181811 0.982434 -0.0420472 
-0.153409 0.986146 -0.0631007 -0.302138 0.949257 0.0873182 -0.255214 0.96324 0.0838667 
-0.23219 0.972174 0.0310824 -0.205827 0.977996 -0.0340337 -0.159642 0.982613 -0.0947986 
-0.186778 0.977692 -0.0960829 -0.397997 0.916107 0.0484427 -0.560788 0.827719 0.0199505 
-0.673344 0.738559 -0.0337486 -0.820644 0.568285 -0.0599709 -0.935805 0.332762 -0.116351 
-0.922545 0.373152 -0.0983274 0.237594 0.884879 -0.400672 0.242075 0.919498 -0.309716 
0.162916 0.958724 -0.233039 0.0261874 0.988688 -0.147682 -0.0814613 0.988511 -0.12732 
0.258931 0.904235 -0.339578 -0.198501 0.976432 -0.0847248 -0.656078 0.717371 0.234393 
-0.251721 0.967686 -0.0148329 -0.417231 0.906116 0.0698007 -0.558388 0.80287 0.208812 
-0.801767 0.404678 0.439778 -0.768499 0.530161 0.358244 -0.870503 0.167143 0.462912 
-0.874797 0.200102 0.441236 -0.880154 0.250165 0.403418 -0.87834 0.360222 0.31426 
-0.876354 0.400783 0.267164 -0.820847 0.529197 0.214848 -0.753685 0.633689 0.17435 
-0.655879 0.747907 0.102264 -0.739839 0.667194 0.086544 -0.694547 0.715555 0.074734 
-0.830341 0.360961 0.424548 -0.831292 0.282001 0.478988 -0.847741 0.206478 0.488571 
-0.847169 0.181814 0.499248 -0.858369 0.161061 0.487096 -0.622745 0.78118 0.0441177 
-0.717458 0.689186 0.101376 -0.717986 0.69179 0.0769655 -0.698692 0.713513 0.0522277 
-0.674483 0.737959 0.0221067 -0.628108 0.777998 0.0141126 -0.650111 0.759839 0.000641842 
-0.694657 0.718188 0.0407103 -0.723701 0.687648 0.0582879 -0.729924 0.681485 0.0528064 
-0.720016 0.692237 0.048836 -0.639141 0.768057 0.0398337 -0.564145 0.823369 0.0616788 
-0.4823 0.875469 0.030668 -0.38944 0.921043 -0.00410033 -0.32128 0.94634 -0.0349136 
-0.238465 0.970113 -0.0448917 -0.240965 0.969848 -0.0364929 -0.167149 0.984735 -0.0485602 
-0.129275 0.989829 -0.059393 -0.118574 0.989736 -0.0797678 -0.288629 0.957123 0.0246738 
-0.244892 0.968724 -0.0400212 -0.211096 0.972306 -0.100295 -0.16812 0.976159 -0.137294 
-0.129851 0.984512 -0.117792 -0.188358 0.971965 -0.140729 -0.383291 0.923587 -0.00868857 
-0.51003 0.85992 -0.0201634 -0.633157 0.770029 -0.0785272 -0.784619 0.613397 -0.0900948 
-0.897773 0.425069 -0.11541 -0.936716 0.330907 -0.114299 -0.938421 0.32677 -0.112197 
-0.934506 0.336562 -0.115861 0.258085 0.909721 -0.32527 0.249538 0.914862 -0.317423 
0.192398 0.931269 -0.309387 0.174001 0.934934 -0.309227 0.0528399 0.982065 -0.180986 
0.00261652 0.995456 -0.0951922 -0.130066 0.990553 -0.0434584 -0.680112 0.676512 0.282452 
-0.279124 0.957435 0.0735452 -0.429296 0.892099 0.140942 -0.675926 0.653818 0.340069 
-0.558676 0.776041 0.292647 -0.410243 0.889955 0.199203 -0.803699 0.400078 0.44046 
-0.754875 0.490783 0.435082 -0.869612 0.180696 0.459482 -0.889185 0.207647 0.407717 
-0.890142 0.243142 0.385395 -0.888368 0.314272 0.334716 -0.873621 0.406585 0.267349 
-0.847672 0.492647 0.196855 -0.806073 0.578061 0.126857 -0.642546 0.76482 0.046758 
-0.783184 0.615654 0.0871347 -0.715917 0.697484 0.0312775 -0.670272 0.741854 0.019703 
-0.793712 0.346556 0.499921 -0.826448 0.241056 0.508798 -0.84918 0.200045 0.488749 
-0.622668 0.782485 0.00112074 -0.616357 0.787467 -0.000459212 -0.721016 0.691975 0.0361389 
-0.705603 0.708417 0.0164385 -0.682446 0.730932 0.00237934 -0.626652 0.779262 -0.00763818 
-0.65529 0.755375 0.00209247 -0.689501 0.721919 0.0584838 -0.733758 0.678312 0.0386134 
-0.735046 0.675786 0.0549682 -0.718643 0.690985 0.0780489 -0.636785 0.764979 0.096495 
-0.563927 0.809753 0.162129 -0.477999 0.86941 0.125075 -0.382886 0.919857 0.0852141 
-0.30516 0.952278 -0.00659298 -0.309253 0.949455 0.0538286 -0.258186 0.966082 -0.00505425 
-0.169128 0.985106 -0.0310241 -0.189414 0.981767 0.0159764 -0.122248 0.992105 -0.027989 
-0.104292 0.994057 -0.0311973 -0.0990544 0.99442 -0.0362891 -0.335005 0.940642 -0.0544547 
-0.289223 0.950238 -0.115752 -0.245711 0.953416 -0.174997 -0.172951 0.970251 -0.169413 
-0.156503 0.976648 -0.147195 -0.110715 0.992589 -0.0501007 -0.474704 0.876948 -0.0749504 
-0.614502 0.779387 -0.122246 -0.742975 0.655579 -0.134924 -0.861591 0.484058 -0.152802 
-0.928041 0.346499 -0.136666 -0.917069 0.369604 -0.149593 0.157914 0.936606 -0.312781 
0.0597784 0.965987 -0.251585 -0.0544593 0.993159 -0.103289 -0.0838196 0.996328 -0.0174542 
-0.143473 0.989366 0.0239023 -0.247796 0.962051 0.114262 -0.679985 0.614935 0.399344 
-0.422807 0.878588 0.222076 -0.559345 0.743271 0.366991 -0.74781 0.439071 0.497993 
-0.87554 0.222607 0.428807 -0.896179 0.27055 0.351663 -0.906116 0.273784 0.322485 
-0.901259 0.355345 0.247917 -0.869934 0.45683 0.185799 -0.821645 0.553991 0.134139 
-0.802159 0.59267 0.072687 -0.749631 0.659976 0.0498493 -0.660797 0.750561 -0.0023858 
-0.698375 0.714975 0.0329045 -0.660757 0.750567 0.00700676 -0.798667 0.314389 0.513118 
-0.824715 0.244895 0.509776 -0.837354 0.244986 0.488692 -0.857492 0.2275 0.461466 
-0.629422 0.777009 -0.00916732 -0.61572 0.787953 -0.00430975 -0.732716 0.680003 0.0268876 
-0.718297 0.695435 0.0204589 -0.692638 0.720582 0.0318444 -0.628456 0.777677 0.0161465 
-0.665457 0.744216 0.0575281 -0.696611 0.708543 0.112695 -0.748606 0.660227 0.0607307 
-0.740181 0.66275 0.113554 -0.707581 0.688162 0.160506 -0.640344 0.73023 0.238168 
-0.558193 0.766335 0.318043 -0.470389 0.829526 0.301034 -0.36363 0.892482 0.266925 
-0.30168 0.935054 0.186183 -0.275169 0.960722 0.0359879 -0.279491 0.949007 0.145844 
-0.230532 0.967237 0.106334 -0.138224 0.989713 0.0368987 -0.18541 0.973342 0.135017 
-0.109141 0.992795 0.049465 -0.116614 0.990947 0.0665174 -0.110707 0.988765 0.100441 
-0.406739 0.904898 -0.125391 -0.372266 0.910111 -0.181976 -0.226791 0.951561 -0.207599 
-0.352026 0.905706 -0.236166 -0.240183 0.950763 -0.195863 -0.198324 0.976423 -0.0852434 
-0.149174 0.986213 0.0716318 -0.557296 0.818867 -0.137394 -0.691983 0.705821 -0.151577 
-0.80229 0.560358 -0.205739 -0.908198 0.380073 -0.175273 -0.883338 0.418667 -0.210788 
0.100585 0.935692 -0.338175 0.0690871 0.938797 -0.337473 -0.0405611 0.974769 -0.219498 
-0.149316 0.987728 -0.0458016 -0.176291 0.983647 0.0368693 -0.301443 0.939261 0.164078 
-0.672065 0.58635 0.452241 -0.430562 0.860877 0.271123 -0.659487 0.576699 0.482177 
-0.563928 0.719572 0.405218 -0.431298 0.84919 0.304725 -0.769094 0.364265 0.525172 
-0.726969 0.45109 0.51772 -0.876324 0.250823 0.411271 -0.892156 0.272693 0.360133 
-0.901551 0.315091 0.29652 -0.90527 0.343666 0.249759 -0.894708 0.41288 0.170377 
-0.85495 0.506082 0.113761 -0.838266 0.540997 0.0680585 -0.789379 0.611532 0.0539438 
-0.739508 0.671039 0.0532399 -0.69434 0.716244 0.0699059 -0.651593 0.7573 0.0438494 
-0.626582 0.779219 0.0145511 -0.803627 0.293837 0.517536 -0.819756 0.314543 0.478606 
-0.861069 0.265779 0.4335 -0.616975 0.785548 0.0475028 -0.753233 0.654897 0.0612378 
-0.731274 0.677677 0.0774092 -0.702961 0.698436 0.134285 -0.633559 0.768375 0.0905737 
-0.690885 0.701314 0.175604 -0.69104 0.698467 0.186032 -0.769792 0.621732 0.144461 
-0.738802 0.621021 0.261733 -0.68645 0.662552 0.299686 -0.562122 0.717463 0.41142 
-0.613489 0.647853 0.451572 -0.464649 0.70472 0.536164 -0.344369 0.788992 0.508824 
-0.303876 0.812016 0.498287 -0.291308 0.863412 0.411897 -0.275347 0.905916 0.321715 
-0.23995 0.913177 0.32944 -0.217385 0.941657 0.256954 -0.1419 0.973082 0.18159 
-0.22267 0.905108 0.362213 -0.138349 0.974683 0.175652 -0.180151 0.946411 0.268052 
-0.215967 0.936007 0.277938 -0.514839 0.837265 -0.184196 -0.498377 0.839284 -0.217306 
-0.338246 0.917886 -0.207543 -0.512728 0.833248 -0.206899 -0.35537 0.926631 -0.12275 
-0.282044 0.955097 0.0907805 -0.661692 0.722523 -0.20031 -0.873946 0.426458 -0.233137 
-0.877421 0.422839 -0.226582 -0.759164 0.603826 -0.24303 -0.869933 0.439537 -0.223659 
-0.0800497 0.921979 -0.378876 -0.127047 0.914454 -0.384231 -0.219306 0.959689 -0.175791 
-0.25525 0.966685 0.0191512 -0.229617 0.969877 0.0813328 -0.342499 0.923463 0.172946 
-0.654684 0.573892 0.491973 -0.443082 0.842376 0.306726 -0.662665 0.57541 0.479353 
-0.619292 0.698392 0.358784 -0.48117 0.825987 0.293633 -0.776071 0.359349 0.518248 
-0.763172 0.407565 0.501457 -0.73888 0.488117 0.464542 -0.888288 0.290585 0.355675 
-0.904932 0.32052 0.279938 -0.903236 0.368307 0.22026 -0.893123 0.422345 0.15478 
-0.877483 0.467742 0.106024 -0.865634 0.492341 0.0909844 -0.824223 0.561574 0.0727415 
-0.777479 0.624092 0.0776887 -0.732041 0.674675 0.0944908 -0.701159 0.699298 0.139132 
-0.646544 0.75181 0.12947 -0.626143 0.775422 0.0816442 -0.797345 0.370784 0.476193 
-0.82184 0.359509 0.441964 -0.850348 0.343047 0.399032 -0.606896 0.776773 0.168229 
-0.780191 0.609135 0.142327 -0.72455 0.655059 0.214303 -0.715576 0.607875 0.34415 
-0.648952 0.729176 0.217172 -0.702149 0.607427 0.371511 -0.772053 0.538183 0.338074 
-0.73069 0.515848 0.447207 -0.678828 0.567361 0.466148 -0.523202 0.617273 0.587566 
-0.542681 0.490919 0.681539 -0.38444 0.47367 0.792365 -0.281478 0.587075 0.759021 
-0.254398 0.664643 0.702518 -0.248655 0.682366 0.68742 -0.221667 0.772012 0.595702 
-0.1983 0.773234 0.602318 -0.243672 0.836567 0.490692 -0.184058 0.905472 0.382417 
-0.334415 0.719792 0.60833 -0.249459 0.71866 0.649075 -0.293918 0.826654 0.479849 
-0.310589 0.809965 0.497485 -0.466139 0.842062 0.27138 -0.389408 0.801364 0.454067 
-0.644774 0.729373 -0.228651 -0.643637 0.736392 -0.208464 -0.637327 0.758231 -0.137477 
-0.511064 0.853823 -0.0989965 -0.680864 0.732396 0.00449684 -0.528693 0.841429 0.111723 
-0.880688 0.414324 -0.229619 -0.884141 0.408692 -0.22642 -0.89032 0.398687 -0.219951 
-0.78838 0.575852 -0.216452 -0.863161 0.453088 -0.222855 -0.915342 0.348059 -0.202493 
-0.945365 0.272018 -0.179699 -0.202426 0.906354 -0.370872 -0.260747 0.908735 -0.325901 
-0.310047 0.934625 -0.174204 -0.322446 0.94517 -0.0517895 -0.33844 0.939151 0.0587702 
-0.454261 0.880391 0.136231 -0.683533 0.581947 0.440592 -0.528966 0.809445 0.25494 
-0.72431 0.577062 0.377325 -0.705376 0.656709 0.266791 -0.592566 0.780633 0.198691 
-0.783873 0.433745 0.444307 -0.789095 0.456219 0.411331 -0.780659 0.500921 0.373697 
-0.880666 0.376182 0.287948 -0.904389 0.376616 0.200601 -0.898906 0.407743 0.160358 
-0.882371 0.455114 0.119554 -0.86998 0.480888 0.109006 -0.843193 0.52647 0.108877 
-0.802031 0.585285 0.119114 -0.756283 0.637178 0.148458 -0.729272 0.665462 0.159131 
-0.660789 0.691207 0.292561 -0.634859 0.748007 0.193493 -0.641653 0.731175 0.231657 
-0.821049 0.398449 0.408798 -0.842644 0.377441 0.384043 -0.853 0.389903 0.34694 
-0.601207 0.693447 0.397091 -0.58669 0.738872 0.331457 -0.769011 0.580529 0.267597 
-0.723845 0.548113 0.419072 -0.683213 0.474943 0.554662 -0.668097 0.460038 0.584818 
-0.64406 0.639596 0.419647 -0.646264 0.481701 0.591867 -0.702425 0.460554 0.542668 
-0.694527 0.445234 0.565154 -0.633925 0.407498 0.657331 -0.481803 0.301519 0.822771 
-0.398238 0.305447 0.864933 -0.255064 0.228637 0.939504 -0.202005 0.332929 0.92106 
-0.175176 0.43762 0.881931 -0.152365 0.494033 0.855989 -0.140723 0.535944 0.832443 
-0.192717 0.591809 0.782702 -0.266589 0.634374 0.725603 -0.226398 0.738203 0.635453 
-0.356462 0.4576 0.814578 -0.352903 0.389414 0.850774 -0.26671 0.433188 0.860938 
-0.330926 0.638727 0.694634 -0.453966 0.590248 0.667475 -0.467039 0.594332 0.654709 
-0.582264 0.739256 0.338333 -0.789671 0.58181 -0.194724 -0.77615 0.614434 -0.141642 
-0.797914 0.595263 -0.0948461 -0.806359 0.59055 -0.0321767 -0.742183 0.646169 0.177849 
-0.897986 0.404607 -0.172956 -0.944944 0.272658 -0.18094 -0.951869 0.250447 -0.176698 
-0.954292 0.241088 -0.176644 -0.957839 0.236309 -0.163408 -0.236478 0.900381 -0.365229 
-0.253692 0.910684 -0.326028 -0.261968 0.921212 -0.287647 -0.288748 0.920063 -0.264782 
-0.335376 0.921457 -0.196063 -0.376089 0.922714 -0.0845975 -0.398688 0.917053 0.00781234 
-0.463322 0.886108 0.0120841 -0.569414 0.820805 0.0452419 -0.783188 0.55127 0.287608 
-0.691032 0.713646 0.114825 -0.78579 0.593151 0.175231 -0.799364 0.458114 0.388778 
-0.812367 0.459963 0.358461 -0.818299 0.471421 0.328861 -0.822156 0.493886 0.283083 
-0.869321 0.409244 0.277128 -0.870394 0.432125 0.235969 -0.88306 0.424424 0.200172 
-0.888353 0.436798 0.14155 -0.864565 0.482337 0.140993 -0.854239 0.499851 0.142914 
-0.824158 0.531204 0.196434 -0.774641 0.596687 0.209516 -0.742445 0.618975 0.256214 
-0.721656 0.649154 0.240442 -0.608704 0.70247 0.368803 -0.575615 0.645328 0.502215 
-0.606835 0.581969 0.541354 -0.70213 0.595932 0.389715 -0.850669 0.416745 0.320446 
-0.541725 0.56796 0.619641 -0.51694 0.572971 0.635985 -0.577993 0.606967 0.545449 
-0.584269 0.289706 0.75809 -0.591352 0.323118 0.738849 -0.586142 0.41415 0.696361 
-0.61238 0.334289 0.716409 -0.508879 0.242145 0.82608 -0.374761 0.162784 0.912719 
-0.366776 0.193819 0.909895 -0.302624 0.134446 0.94358 -0.143101 -0.0245041 0.989405 
-0.12698 0.12047 0.984562 -0.11235 0.193668 0.974613 -0.0975287 0.240427 0.965755 
-0.113991 0.272122 0.955487 -0.158781 0.29673 0.941669 -0.23461 0.336882 0.911849 
-0.325816 0.176763 0.928762 -0.325997 0.0671199 0.942985 -0.30762 0.145632 0.940298 
-0.378573 0.409254 0.830177 -0.336861 0.185576 0.923085 -0.466578 0.303935 0.830619 
-0.499542 0.293506 0.815054 -0.621175 0.590566 0.515145 -0.564685 0.370109 0.737665 
-0.896761 0.418525 -0.143724 -0.903713 0.410073 -0.123055 -0.867698 0.493478 0.0598307 
-0.750653 0.488109 0.445275 -0.972142 0.170234 -0.161123 -0.977313 0.127844 -0.168863 
-0.957148 0.233251 -0.171644 -0.314277 0.916304 -0.248227 -0.342619 0.918308 -0.1983 
-0.355061 0.915945 -0.187019 -0.400337 0.909151 -0.114783 -0.437773 0.897779 -0.0484512 
-0.506344 0.860633 -0.0540973 -0.590356 0.802799 -0.0836289 -0.679552 0.733377 -0.0191567 
-0.840677 0.502983 0.200674 -0.784458 0.61924 0.0341681 -0.846631 0.519966 0.11336 
-0.819132 0.473738 0.323411 -0.823432 0.487702 0.290012 -0.837629 0.472384 0.274283 
-0.834937 0.489457 0.251617 -0.835677 0.481597 0.264025 -0.847308 0.482352 0.222273 
-0.863744 0.444575 0.237273 -0.870261 0.452941 0.193624 -0.870839 0.463406 0.163997 
-0.852671 0.490778 0.179133 -0.847208 0.497656 0.18595 -0.847227 0.481402 0.22463 
-0.822531 0.454819 0.341442 -0.758766 0.548055 0.352007 -0.514824 0.535629 0.669371 
-0.668334 0.48581 0.563311 -0.494107 0.39382 0.77509 -0.430973 0.459414 0.776661 
-0.478821 0.40375 0.779561 -0.389053 0.375179 0.841355 -0.518244 0.222225 0.825857 
-0.47438 0.110352 0.873376 -0.402188 0.0559982 0.913843 -0.470819 0.185851 0.862432 
-0.493361 0.195193 0.84764 -0.455711 0.260179 0.851255 -0.377675 0.101726 0.920333 
-0.279397 0.095807 0.955384 -0.235376 0.00729955 0.971877 -0.270515 0.0936775 0.958147 
-0.221435 0.0269332 0.974803 -0.206436 -0.00907834 0.978418 -0.133139 -0.0939202 0.986637 
-0.11042 -0.0856333 0.990189 -0.0959151 -0.0783801 0.992299 -0.0495446 -0.0794556 0.995606 
-0.0473848 -0.0836073 0.995372 -0.072684 0.00520931 0.997341 -0.0797025 0.0445108 0.995824 
-0.0966068 0.0717775 0.992731 -0.157534 0.0886455 0.983527 -0.224334 0.101044 0.96926 
-0.284044 -0.0149978 0.958694 -0.280683 -0.138472 0.949759 -0.297553 -0.0561237 0.953054 
-0.333132 0.0129895 0.942791 -0.428314 0.0996094 0.898123 -0.461934 0.0390465 0.886054 
-0.540767 0.138486 0.829694 -0.685748 0.239855 0.687182 -0.963021 0.210672 -0.167955 
-0.952999 0.298096 -0.0541477 -0.941228 0.29183 0.170075 -0.844031 0.368499 0.389641 
-0.980485 0.0945588 -0.172357 -0.97967 0.0202125 -0.199597 -0.352718 0.917883 -0.181883 
-0.370396 0.920294 -0.125959 -0.448951 0.888333 -0.0964778 -0.500873 0.855931 -0.128488 
-0.578349 0.793663 -0.18871 -0.658701 0.744877 -0.106165 -0.729516 0.680487 -0.0688795 
-0.871028 0.468737 0.146956 -0.86901 0.4612 0.179211 -0.799794 0.598343 -0.0481126 
-0.859652 0.508398 0.0502992 -0.883326 0.45374 0.117711 -0.838049 0.489568 0.240824 
-0.845896 0.485779 0.22018 -0.851998 0.480998 0.206736 -0.845226 0.486284 0.221633 
-0.858829 0.471668 0.199854 -0.858275 0.478989 0.18421 -0.835336 0.500963 0.226386 
-0.834375 0.485811 0.260396 -0.82752 0.483069 0.286102 -0.834272 0.431317 0.343448 
-0.775199 0.370276 0.511822 -0.753014 0.402868 0.520257 -0.600183 0.271563 0.752352 
-0.341254 0.0942696 0.935232 -0.302015 0.181364 0.935892 -0.332803 0.243307 0.911067 
-0.246792 0.138503 0.95912 -0.344284 0.0974479 0.933795 -0.326857 0.00552172 0.945058 
-0.242663 -0.0815954 0.966673 -0.217447 -0.0872591 0.972164 -0.360592 0.0632939 0.930574 
-0.243041 -0.0317778 0.969495 -0.165683 -0.028527 0.985766 -0.154856 -0.0933019 0.983521 
-0.148377 -0.0828546 0.985454 -0.135345 -0.0725935 0.988136 -0.144994 -0.078502 0.986313 
-0.139924 -0.0803005 0.986901 -0.164791 -0.0866344 0.982516 -0.0475817 -0.0838552 0.995341 
-0.0416178 -0.10832 0.993245 -0.0480906 -0.0847369 0.995242 -0.074212 -0.12258 0.98968 
-0.0659699 -0.131229 0.989155 -0.093917 -0.104994 0.990028 -0.139551 -0.0592583 0.98844 
-0.202737 -0.0712126 0.97664 -0.260419 -0.162204 0.951773 -0.250867 -0.237735 0.938375 
-0.257438 -0.224262 0.939911 -0.272364 -0.210859 0.938806 -0.270615 -0.212592 0.938921 
-0.299005 -0.145986 0.943019 -0.280571 -0.202866 0.93815 -0.379816 -0.0611041 0.923042 
-0.404044 -0.136015 0.904571 -0.523592 -0.034374 0.851275 -0.424642 -0.132077 0.895676 
-0.678761 0.0443259 0.73302 -0.853037 0.132619 0.504718 -0.97885 0.0271317 -0.202772 
-0.991757 0.12591 -0.0237444 -0.971243 0.111976 0.210115 -0.981035 0.0257591 -0.192114 
-0.980173 -0.00346759 -0.198115 -0.979026 -0.02323 -0.202408 -0.30712 0.941858 -0.136314 
-0.247987 0.959717 -0.132085 -0.249986 0.959738 -0.128103 -0.401335 0.906154 -0.133476 
-0.440759 0.879302 -0.180443 -0.454075 0.862911 -0.221812 -0.475769 0.847156 -0.23658 
-0.566502 0.798145 -0.205036 -0.701923 0.699138 -0.13605 -0.646199 0.745783 -0.161972 
-0.886258 0.433008 0.164472 -0.877289 0.436667 0.199211 -0.862193 0.464916 0.201185 
-0.740159 0.663737 -0.10779 -0.830022 0.557017 -0.0282155 -0.866374 0.497439 0.044166 
-0.891529 0.435931 0.123047 -0.893219 0.411925 0.180218 -0.840252 0.49491 0.221451 
-0.836935 0.502146 0.217693 -0.845343 0.493704 0.204088 -0.854056 0.466516 0.230112 
-0.835346 0.494465 0.240212 -0.827898 0.507583 0.238629 -0.824972 0.486425 0.287771 
-0.767829 0.544125 0.338182 -0.800118 0.518897 0.300927 -0.782464 0.444161 0.43643 
-0.793491 0.448244 0.411643 -0.795922 0.424392 0.431741 -0.691025 0.298631 0.658258 
-0.638865 0.271867 0.719681 -0.714172 0.353559 0.604114 -0.532148 0.171292 0.829143 
-0.399931 0.0666584 0.914118 -0.218701 -0.0998148 0.970673 -0.10367 -0.138417 0.984933 
-0.0810227 -0.129466 0.988268 -0.150042 -0.0138687 0.988582 -0.134981 -0.0257792 0.990513 
-0.245829 0.0615731 0.967356 -0.132032 -0.0511875 0.989923 -0.194621 -0.0552021 0.979324 
-0.151356 -0.170306 0.973698 -0.153154 -0.163574 0.97457 -0.118524 -0.151218 0.981369 
-0.147685 -0.14939 0.977687 -0.146294 -0.128707 0.980833 -0.148474 -0.114676 0.982245 
-0.158516 -0.106475 0.981599 -0.132275 -0.0766962 0.988241 -0.133859 -0.0820644 0.987597 
-0.0717464 -0.136294 0.988067 -0.0914654 -0.17968 0.979464 -0.0755191 -0.138028 0.987545 
-0.137794 -0.211546 0.967606 -0.134755 -0.209718 0.968431 -0.140093 -0.212028 0.96717 
-0.170206 -0.221044 0.960297 -0.205692 -0.224931 0.952416 -0.240862 -0.246058 0.938851 
-0.342458 -0.181147 0.921905 -0.314946 -0.188131 0.930277 -0.29004 -0.201769 0.935503 
-0.392797 -0.141363 0.908695 -0.677162 -0.0916512 0.730104 -0.515407 -0.117982 0.848785 
-0.649884 -0.109951 0.752038 -0.858007 -0.00904608 0.513558 -0.977116 -0.050246 -0.206689 
-0.982 -0.0551075 -0.180664 -0.999631 -0.0257361 -0.00869193 -0.969211 -0.0346358 0.243784 
-0.213086 0.968635 -0.127829 -0.181535 0.973593 -0.138425 -0.118139 0.980327 -0.158119 
-0.292608 0.942106 -0.163756 -0.341078 0.917298 -0.205501 -0.348992 0.906005 -0.239499 
-0.524551 0.824828 -0.210961 -0.692663 0.713697 -0.104186 -0.884241 0.402373 0.237093 
-0.866276 0.420061 0.270398 -0.867209 0.439661 0.233767 -0.75582 0.654777 0.00182595 
-0.843291 0.528167 0.0994956 -0.896626 0.415219 0.153805 -0.882904 0.391899 0.258643 
-0.870955 0.398144 0.287955 -0.821836 0.51418 0.245367 -0.842053 0.44912 0.298728 
-0.806687 0.498316 0.317707 -0.769971 0.499357 0.397223 -0.741752 0.494562 0.453003 
-0.70194 0.489288 0.517569 -0.715744 0.398788 0.573305 -0.644102 0.40719 0.647556 
-0.548999 0.260926 0.794052 -0.429855 0.15555 0.889398 -0.572751 0.313667 0.757344 
-0.303703 0.0409966 0.951884 -0.161814 -0.0972311 0.98202 -0.119747 -0.154518 0.980706 
-0.128532 -0.174132 0.976298 -0.0458998 -0.120086 0.991702 -0.0361587 -0.128299 0.991076 
-0.0371697 -0.128221 0.991049 -0.0309495 -0.142459 0.989317 -0.0528506 -0.137081 0.989149 
-0.0594071 -0.144425 0.987731 -0.108504 -0.149067 0.982856 -0.204174 -0.232703 0.950875 
-0.20645 -0.232875 0.950341 -0.72761 -0.109217 0.677241 -0.841787 -0.111186 0.528235 
-0.675189 -0.113849 0.728806 -0.909582 -0.0974541 0.403934 -0.995042 -0.0748767 -0.065458 
-0.995868 -0.088785 0.0191036 -0.976095 -0.106947 0.18921 -0.956038 -0.104768 0.273889 
-0.0891003 0.98113 -0.171593 -0.145029 0.968845 -0.200762 -0.129186 0.950179 -0.283672 
-0.349922 0.883091 -0.312578 -0.585561 0.774102 -0.240594 -0.6862 0.726058 -0.0443743 
-0.746591 0.643027 0.170641 -0.854085 0.383854 0.350992 -0.846159 0.387589 0.365772 
-0.857125 0.412449 0.308583 -0.832308 0.405256 0.378194 -0.816642 0.515358 0.259812 
-0.855293 0.403666 0.32485 -0.864237 0.31555 0.391819 -0.816197 0.359204 0.452543 
-0.803686 0.414214 0.427219 -0.789806 0.430711 0.436686 -0.678146 0.358849 0.641363 
-0.616309 0.410155 0.672262 -0.479201 0.28904 0.828748 -0.352192 0.175672 0.919293 
-0.185182 0.0419578 0.981808 -0.0561188 -0.0821603 0.995038 -0.102455 -0.136657 0.985306 
-0.108295 -0.157071 0.981632 -0.0265475 0.979936 -0.197537 0.00252849 0.972991 -0.230828 
0.0361251 0.963765 -0.264297 0.083089 0.953278 -0.290442 0.0976905 0.949794 -0.297235 
-0.0987293 0.94214 -0.320352 -0.193521 0.951238 -0.240198 -0.401018 0.878453 -0.259818 
-0.523056 0.843714 -0.12066 -0.458812 0.887111 0.0502487 -0.708202 0.687784 0.159384 
-0.677451 0.561963 0.474613 -0.725902 0.513623 0.457446 -0.786777 0.36685 0.496389 
-0.7553 0.378332 0.535151 -0.77017 0.378979 0.513043 -0.72828 0.273518 0.628327 
-0.719623 0.256475 0.645262 -0.661223 0.310689 0.68283 -0.734811 0.411976 0.538821 
-0.661176 0.394797 0.637951 -0.709046 0.344686 0.61518 -0.533531 0.258051 0.805453 
-0.44872 0.237726 0.861473 -0.251346 0.122319 0.960137 -0.0842226 0.00860451 0.99641 
0.0285509 -0.0699764 0.99714 -0.0101865 -0.0862799 0.996219 -0.0325311 -0.0928115 0.995152 
-0.0416586 -0.102952 0.993814 0.148057 0.950587 -0.272879 0.152975 0.956046 -0.250149 
0.00535638 0.980457 -0.196661 -0.0127555 0.998363 -0.0557469 -0.271116 0.958206 -0.091307 
-0.173675 0.982347 0.0695094 -0.463507 0.853584 0.237815 -0.159675 0.94341 0.290656 
-0.571919 0.673722 0.467982 -0.303813 0.631249 0.713598 -0.4505 0.531587 0.717263 
-0.590934 0.420051 0.688734 -0.608386 0.364669 0.7049 -0.58836 0.337019 0.735018 
-0.535379 0.236537 0.810814 -0.498928 0.202202 0.842725 -0.407495 0.218634 0.886649 
-0.605805 0.354512 0.712265 -0.454101 0.275207 0.84738 -0.308861 0.153931 0.938568 
-0.17255 0.0574502 0.983324 0.0134776 -0.0590814 0.998162 0.0601782 -0.0783312 0.995109 
0.0389331 -0.0709075 0.996723 0.228028 0.945319 -0.233185 0.285385 0.948298 -0.138878 
0.215324 0.970365 -0.109671 0.193428 0.980715 0.0279961 0.022207 0.986965 0.159396 
-0.261365 0.808915 0.526636 0.0189415 0.901963 0.431397 -0.0663527 0.775514 0.627834 
0.0107039 0.590541 0.806937 -0.14562 0.497904 0.854919 -0.345283 0.373548 0.860954 
-0.382242 0.270319 0.88364 -0.312685 0.181928 0.932272 -0.250303 0.124663 0.960108 
-0.146518 0.0801936 0.985952 -0.232272 0.130631 0.963839 -0.0852241 0.0121982 0.996287 
0.00626974 -0.0711179 0.997448 0.0421622 -0.0880905 0.99522 0.0807523 -0.110714 0.990566 
0.0808556 -0.0959463 0.992097 0.324367 0.943043 -0.0738648 0.339002 0.940613 -0.0180374 
0.350954 0.933777 0.0699386 0.358199 0.926206 0.11763 0.207232 0.942998 0.260401 
0.185393 0.808731 0.558196 0.110634 0.680253 0.72458 0.283455 0.476584 0.832178 
0.0762379 0.429369 0.899906 -0.11363 0.311989 0.943266 -0.127753 0.214984 0.968226 
-0.0832261 0.111168 0.990311 -0.00231459 0.0421236 0.99911 -0.0144412 0.0186271 0.999722 
0.016087 -0.0165214 0.999734 -0.0121464 -0.0116038 0.999859 0.00841309 -0.0531675 0.99855 
0.00941626 -0.0663464 0.997752 0.430045 0.825192 0.366222 0.383236 0.753207 0.534611 
0.449115 0.780575 0.434739 0.35468 0.566602 0.74375 0.432684 0.415216 0.800238 
0.288049 0.37098 0.882837 0.393607 0.342932 0.852919 0.430572 0.381593 0.817921 
0.112966 0.25565 0.960147 0.0905813 0.150191 0.984499 0.103095 0.0680651 0.99234 
0.058478 0.045384 0.997257 0.0297596 0.0333888 0.998999 0.0179328 0.0260823 0.999499 
0.0180918 -0.0309513 0.999357 0.0196536 -0.039896 0.999011 0.491172 0.644723 0.585732 
0.487739 0.548102 0.679482 0.446337 0.467542 0.763012 0.342939 0.283506 0.895554 
0.308935 0.242689 0.919598 0.239274 0.176801 0.95472 0.195281 0.134442 0.971489 
0.13739 0.0942384 0.986024 
