# vtk DataFile Version 4.2
3D Slicer output. SPACE=LPS
ASCII
DATASET POLYDATA
POINTS 4705 float
-42.6647 -32.632 26.7795 -42.5959 -32.476 26.8539 -42.505 -32.5931 26.8219 
-42.8386 -32.6092 26.7816 -42.7799 -32.4651 26.834 -42.5113 -32.7563 26.7853 
-42.6677 -32.8034 26.7518 -42.818 -32.7602 26.7602 -42.3996 -32.4811 26.9533 
-42.6893 -32.2445 26.9748 -42.4252 -32.6477 26.839 -42.9524 -32.5278 26.8207 
-42.9945 -32.6951 26.7973 -42.9736 -32.3503 26.8955 -42.3532 -32.7769 26.8781 
-42.4602 -32.9191 26.8016 -42.6062 -32.9426 26.7654 -42.7862 -32.9381 26.7598 
-42.9822 -32.9054 26.7895 -42.4512 -32.2304 27.0732 -42.3141 -32.3008 27.1275 
-42.2096 -32.4437 27.139 -42.2093 -32.6657 27.0378 -42.5607 -32.0101 27.1847 
-42.8208 -31.9324 27.1176 -43.0193 -32.0756 27.0105 -43.1779 -32.5585 26.8703 
-43.1924 -32.8382 26.8462 -43.2364 -32.2859 26.946 -42.3791 -33.0124 26.8624 
-42.2222 -32.9721 27.0029 -42.5374 -33.1085 26.8114 -42.7502 -33.1297 26.789 
-42.933 -33.087 26.7957 -43.1735 -33.1172 26.856 -42.3738 -32.1466 27.2056 
-42.2292 -32.2291 27.3458 -42.1124 -32.5753 27.1796 -42.1169 -32.4393 27.2834 
-42.0881 -32.7649 27.1764 -42.568 -31.7958 27.3772 -42.7272 -31.7716 27.2695 
-42.4006 -31.9884 27.3675 -42.9919 -31.8745 27.1039 -43.0071 -31.6677 27.2322 
-43.3028 -32.0515 27.0212 -43.1589 -31.8624 27.0952 -43.4481 -32.4925 26.9491 
-43.4192 -32.7639 26.9203 -43.3796 -32.998 26.9091 -43.4834 -32.243 26.9949 
-42.4186 -33.2826 26.9082 -42.0653 -33.0218 27.2082 -42.1914 -33.2848 27.0661 
-42.7037 -33.3525 26.8417 -42.9916 -33.3323 26.8456 -43.2593 -33.3795 26.9081 
-43.3344 -33.1956 26.9165 -43.2891 -33.3619 26.9164 -42.0885 -32.3891 27.4827 
-42.3044 -31.9861 27.595 -42.169 -32.1781 27.663 -42.0489 -32.5839 27.3336 
-42.0042 -32.7889 27.3814 -42.6793 -31.6745 27.3857 -42.6672 -31.5613 27.5535 
-42.4631 -31.7847 27.5684 -42.8146 -31.5786 27.3823 -42.9544 -31.4866 27.3739 
-43.1137 -31.3883 27.3793 -43.3148 -31.4819 27.2759 -43.2761 -31.705 27.166 
-43.5258 -32.0409 27.0458 -43.3964 -31.8662 27.0916 -43.6574 -32.4389 27.0148 
-43.5686 -32.6186 26.9813 -43.5183 -32.7384 26.9558 -43.4761 -32.8342 26.9439 
-43.4206 -32.9992 26.9252 -43.399 -33.0576 26.9219 -43.6798 -32.2039 27.0455 
-43.6633 -32.4269 27.0182 -42.3668 -33.6159 26.9873 -42.654 -33.6178 26.8952 
-42.0395 -33.3051 27.2686 -41.9746 -33.0226 27.4343 -42.1574 -33.5052 27.1137 
-42.9416 -33.6206 26.8806 -43.2142 -33.6057 26.9214 -43.2801 -33.3986 26.9174 
-43.258 -33.5961 26.9347 -42.0661 -32.3659 27.7587 -42.0097 -32.5751 27.565 
-42.3881 -31.7864 27.8074 -42.2602 -31.9729 27.8743 -42.1519 -32.163 27.965 
-41.9615 -32.7906 27.6296 -42.6544 -31.4299 27.7738 -42.5303 -31.5994 27.7693 
-42.7961 -31.2997 27.7139 -42.9382 -31.3308 27.5295 -43.2738 -31.2978 27.3808 
-43.2731 -31.1045 27.5159 -43.6188 -31.4311 27.2724 -43.4442 -31.2517 27.369 
-43.5424 -31.7 27.173 -43.5893 -31.9048 27.0979 -43.6849 -32.0369 27.0773 
-43.8121 -32.1467 27.099 -43.6724 -32.411 27.022 -43.7518 -32.2709 27.0654 
-42.2064 -33.7415 27.1033 -42.4115 -33.9541 27.004 -42.6453 -33.9143 26.9272 
-42.9236 -33.9026 26.9041 -41.9563 -33.2242 27.4939 -42.078 -33.5698 27.2215 
-41.9891 -33.504 27.436 -41.9345 -33.0218 27.6789 -43.2064 -33.8846 26.9393 
-43.2541 -33.6432 26.937 -43.2671 -33.8701 26.9578 -42.0665 -32.3664 28.0598 
-41.9961 -32.5726 27.8417 -42.358 -31.7842 28.0792 -42.4745 -31.604 28.0072 
-42.252 -31.9712 28.1728 -42.1594 -32.1733 28.2799 -41.9508 -32.8007 27.9036 
-42.7322 -31.251 27.9159 -42.5962 -31.4278 27.9589 -42.9218 -31.1824 27.6902 
-42.9279 -31.0341 27.8636 -43.069 -31.0625 27.6758 -43.2191 -30.9399 27.6659 
-43.3781 -30.816 27.6682 -43.5781 -30.8512 27.5594 -43.55 -31.0637 27.443 
-43.9166 -31.3738 27.287 -43.6995 -31.1939 27.3532 -43.836 -31.6534 27.2178 
-43.7928 -31.9319 27.144 -43.8175 -32.1756 27.0982 -43.829 -32.1536 27.1063 
-42.238 -34.0108 27.1289 -42.0885 -33.7839 27.2635 -42.4364 -34.2387 27.0282 
-42.6589 -34.2045 26.9424 -42.9237 -34.1877 26.9114 -43.212 -34.1757 26.9391 
-41.9301 -33.2744 27.6975 -42.0044 -33.808 27.4832 -41.9408 -33.5541 27.7088 
-41.9262 -33.0465 27.9401 -43.2763 -33.9449 26.9613 -43.3031 -34.1675 26.9683 
-42.0821 -32.3935 28.3712 -42.0035 -32.5908 28.1419 -42.3569 -31.7891 28.3722 
-42.4557 -31.6049 28.2764 -42.5585 -31.4267 28.1984 -42.2646 -31.987 28.4868 
-42.1794 -32.217 28.6241 -41.9592 -32.8327 28.1865 -42.6682 -31.2465 28.1379 
-42.7941 -31.0519 28.0915 -42.9142 -30.8703 28.069 -43.0619 -30.7474 27.9809 
-43.1988 -30.7928 27.8108 -43.5364 -30.7019 27.6685 -43.5196 -30.546 27.7957 
-43.8633 -30.7424 27.5473 -43.7035 -30.6312 27.6541 -43.8057 -30.9726 27.4363 
-43.9083 -31.145 27.3495 -44.121 -31.2168 27.3299 -44.0977 -31.4147 27.2912 
-44.0543 -31.5697 27.2691 -44.037 -31.6365 27.2528 -43.9665 -31.8103 27.2228 
-43.9226 -31.9215 27.1853 -43.8711 -32.0384 27.1588 -42.2606 -34.287 27.1692 
-42.1107 -34.0542 27.3057 -42.4499 -34.5112 27.0595 -42.6657 -34.4782 26.9567 
-42.9238 -34.4684 26.9095 -43.2097 -34.4646 26.9203 -43.3274 -34.2878 26.9599 
-43.355 -34.4604 26.9557 -41.919 -33.3089 27.9618 -42.0243 -34.0912 27.5306 
-41.9553 -33.8387 27.7399 -41.923 -33.584 27.9837 -41.9339 -33.0795 28.2099 
-42.1 -32.4367 28.6317 -42.0239 -32.6452 28.4701 -42.3714 -31.8071 28.6716 
-42.459 -31.6139 28.5693 -42.5449 -31.4291 28.4673 -42.6298 -31.2488 28.3845 
-42.2915 -32.0133 28.809 -42.2243 -32.1877 28.8574 -42.1625 -32.3968 28.9202 
-41.9715 -32.8946 28.4251 -42.7204 -31.0599 28.3205 -42.8292 -30.8301 28.2786 
-42.9831 -30.6716 28.1524 -43.1832 -30.6431 27.9405 -43.2001 -30.4639 28.0666 
-43.2968 -30.5697 27.9108 -43.4128 -30.4155 27.9453 -43.5789 -30.3175 27.9193 
-43.7811 -30.2915 27.8605 -43.846 -30.4449 27.7353 -43.9185 -30.5692 27.6326 
-44.1408 -30.6395 27.5732 -44.0664 -30.8695 27.4609 -44.0215 -31.0345 27.3842 
-44.1657 -31.217 27.3369 -44.1562 -31.153 27.3528 -44.1364 -31.3195 27.3116 
-44.1597 -31.2522 27.3286 -42.27 -34.581 27.2294 -42.1296 -34.3256 27.3593 
-42.4617 -34.7698 27.0827 -42.6588 -34.7363 26.9737 -42.9069 -34.7401 26.9073 
-43.1955 -34.7564 26.897 -43.3927 -34.6487 26.9397 -43.4114 -34.7516 26.9357 
-41.9244 -33.336 28.2379 -42.0438 -34.3784 27.5983 -41.9724 -34.1096 27.7848 
-41.9335 -33.86 28.0124 -41.9237 -33.6054 28.2635 -41.9546 -33.1062 28.4807 
-42.0755 -32.5877 28.7486 -42.0193 -32.8628 28.741 -42.3872 -31.8351 28.9125 
-42.4746 -31.6418 28.8946 -42.5499 -31.4367 28.7574 -42.6143 -31.2557 28.648 
-42.674 -31.072 28.5692 -42.3533 -31.9541 29.0432 -42.2743 -32.1582 29.071 
-42.0933 -32.6526 28.946 -42.2254 -32.369 29.2133 -42.1533 -32.6381 29.2384 
-42.7357 -30.8944 28.4957 -42.9024 -30.6094 28.3117 -42.7758 -30.6275 28.5412 
-43.0173 -30.4906 28.2283 -43.2987 -30.1523 28.1715 -43.0977 -30.2855 28.2507 
-43.4939 -30.2023 28.0404 -43.7069 -30.1694 27.9647 -44.1168 -30.2489 27.8138 
-43.9349 -30.0856 27.9558 -44.0599 -30.454 27.6791 -44.2168 -30.636 27.579 
-44.2093 -30.5422 27.6229 -44.2069 -30.7097 27.5479 -44.1783 -30.8699 27.472 
-44.1522 -30.9623 27.4241 -44.1407 -31.0357 27.3904 -42.3318 -34.8574 27.2083 
-42.1353 -34.541 27.4153 -42.1876 -34.7803 27.4028 -42.4593 -34.9592 27.0996 
-42.6474 -35.0076 26.9929 -42.8558 -34.9513 26.915 -43.1533 -35.0845 26.8678 
-43.4759 -34.9548 26.9213 -43.468 -35.0481 26.9081 -41.9403 -33.3614 28.5093 
-41.9862 -34.3257 27.8473 -42.0923 -34.6203 27.5525 -42.0324 -34.5881 27.7876 
-41.9489 -34.124 28.0469 -41.9302 -33.8768 28.2912 -41.9359 -33.6223 28.542 
-41.9758 -33.1565 28.7159 -42.0734 -32.8265 29.0463 -42.0244 -33.1165 29.0261 
-42.4446 -31.7893 29.1541 -42.5704 -31.4418 29.0554 -42.5249 -31.6 29.1612 
-42.6173 -31.2535 28.93 -42.6523 -31.0976 28.8028 -42.6823 -30.8668 28.7898 
-42.3724 -32.0053 29.2752 -42.3047 -32.2284 29.374 -42.2444 -32.4552 29.4506 
-42.0928 -32.907 29.2391 -42.2059 -32.6493 29.5259 -42.1491 -32.9035 29.5225 
-42.9272 -30.4092 28.3776 -42.8057 -30.3043 28.5562 -42.6781 -30.436 28.748 
-42.6717 -30.6375 28.803 -43.1789 -30.0722 28.2804 -43.3222 -29.9626 28.2446 
-43.5268 -29.9418 28.1723 -42.9969 -30.1201 28.4032 -43.7565 -29.9948 28.0661 
-44.177 -30.0483 27.9477 -44.2234 -30.1935 27.8502 -44.2278 -30.2613 27.8002 
-44.2083 -30.3501 27.7397 -44.2014 -30.4419 27.6782 -44.1698 -30.0216 27.9677 
-44.0607 -29.863 28.0978 -42.3837 -35.0415 27.175 -42.276 -35.0343 27.3146 
-42.102 -34.7839 27.612 -42.1586 -35.0313 27.5524 -42.5089 -35.1537 27.0813 
-42.7011 -35.3121 26.9759 -42.925 -35.2224 26.8903 -43.13 -35.2982 26.8342 
-43.2647 -35.3337 26.8272 -43.4586 -35.3572 26.8671 -43.5036 -35.0456 26.9199 
-43.5039 -35.0868 26.9151 -43.4721 -35.3548 26.8718 -41.9649 -33.3796 28.7772 
-41.9736 -34.3888 28.067 -42.0055 -34.6924 28.0898 -42.0692 -34.8725 27.8007 
-41.9436 -34.1463 28.318 -41.9379 -33.8908 28.5713 -41.9548 -33.6401 28.8128 
-41.9876 -33.4219 29.0069 -42.0767 -33.0859 29.3241 -42.0336 -33.3576 29.2866 
-42.5232 -31.6695 29.3504 -42.4672 -31.8505 29.4565 -42.632 -31.2584 29.2394 
-42.5929 -31.4744 29.364 -42.6529 -31.0349 29.0913 -42.6377 -30.7109 28.9663 
-42.644 -30.8335 29.0695 -42.395 -32.0802 29.5592 -42.3287 -32.3309 29.6714 
-42.2629 -32.5419 29.6649 -42.2304 -32.728 29.733 -42.0955 -33.1775 29.5064 
-42.202 -32.9196 29.7964 -42.1509 -33.1591 29.7696 -42.8255 -30.0308 28.5693 
-42.6732 -30.1811 28.7305 -42.5818 -30.3128 28.9007 -42.5942 -30.5207 28.9854 
-43.2086 -29.8468 28.3581 -43.4216 -29.8175 28.2714 -43.5932 -29.744 28.2554 
-43.8175 -29.7625 28.2015 -42.9869 -29.8877 28.4698 -44.1329 -29.9516 28.0235 
-44.0633 -29.8327 28.121 -44.0882 -29.8636 28.0979 -44.0783 -29.8497 28.1086 
-42.3786 -35.2314 27.2046 -42.2552 -35.2766 27.3801 -42.1566 -35.3221 27.5928 
-42.0942 -35.1292 27.7906 -42.5242 -35.4129 27.0833 -42.7181 -35.6122 26.972 
-42.9154 -35.5044 26.8882 -43.0856 -35.442 26.8335 -43.2135 -35.4292 26.8128 
-43.3473 -35.5099 26.8212 -43.4389 -35.5836 26.8456 -43.4664 -35.392 26.8673 
-43.4707 -35.3679 26.8703 -41.9626 -34.4126 28.3447 -41.9777 -34.6353 28.3848 
-42.0437 -34.9691 27.9913 -42.005 -34.9287 28.2679 -41.946 -34.1595 28.5974 
-41.9521 -33.9038 28.8497 -41.9811 -33.6507 29.0882 -42.0149 -33.69 29.4033 
-42.077 -33.4068 29.5947 -42.5696 -31.6488 29.6298 -42.492 -31.9311 29.7842 
-42.6505 -31.2897 29.5019 -42.6639 -31.0569 29.5034 -42.6371 -31.424 29.6276 
-42.636 -30.8635 29.3123 -42.5927 -30.6692 29.1933 -42.4118 -32.1572 29.7997 
-42.3822 -32.315 29.9151 -42.3158 -32.5614 29.9301 -42.257 -32.8076 29.9356 
-42.2287 -33.0113 29.9994 -42.1192 -33.4537 29.8719 -42.1925 -33.2644 30.0604 
-42.8671 -29.7775 28.5784 -42.6828 -29.9049 28.7219 -42.5207 -30.0713 28.9291 
-42.4798 -30.3211 29.1391 -42.5394 -30.5098 29.1725 -43.2568 -29.6519 28.4109 
-43.0821 -29.6709 28.4787 -43.4749 -29.6208 28.366 -43.7299 -29.6176 28.3098 
-43.9538 -29.7192 28.2208 -43.8921 -29.6646 28.2677 -42.3644 -35.4995 27.2251 
-42.2276 -35.5489 27.4119 -42.1236 -35.5712 27.6276 -42.0925 -35.3608 27.8 
-42.0502 -35.186 28.0072 -42.5152 -35.7054 27.0822 -42.7108 -35.948 26.9721 
-42.9789 -35.8208 26.8866 -43.1035 -35.6459 26.8332 -43.2272 -35.5752 26.8107 
-43.3629 -35.7097 26.8252 -43.4257 -35.688 26.842 -41.958 -34.422 28.616 
-41.9727 -34.6937 28.6016 -42.0067 -35.2887 28.2238 -41.9812 -34.9921 28.5675 
-41.9537 -34.173 28.8721 -41.9707 -33.9266 29.1235 -41.986 -33.9797 29.3489 
-42.0606 -33.6338 29.6917 -42.0212 -33.9193 29.6384 -42.6521 -31.4778 29.8727 
-42.5953 -31.7301 29.9765 -42.5339 -31.9276 30.0129 -42.4701 -32.1454 30.0704 
-42.6836 -31.2328 29.7848 -42.6385 -30.855 29.5429 -42.6563 -30.8796 29.742 
-42.6887 -31.0207 29.8166 -42.5869 -30.7041 29.473 -42.5001 -30.4957 29.3836 
-42.3962 -32.395 30.099 -42.372 -32.5657 30.1996 -42.3137 -32.8252 30.2018 
-42.2593 -33.0991 30.2116 -42.0836 -33.7271 29.919 -42.1589 -33.554 30.1678 
-42.2402 -33.319 30.3233 -42.942 -29.58 28.5797 -42.7475 -29.5998 28.7065 
-42.5309 -29.7568 28.8741 -42.376 -29.8798 29.0704 -42.395 -30.099 29.1292 
-42.3611 -30.1813 29.2779 -42.3983 -30.3055 29.3795 -43.2858 -29.4929 28.4781 
-43.0875 -29.4908 28.5407 -43.5311 -29.4138 28.4782 -43.7519 -29.5531 28.3593 
-43.6752 -29.5072 28.416 -43.8148 -29.5996 28.3183 -42.3265 -35.8454 27.2201 
-42.1659 -35.7828 27.4458 -42.0897 -35.7663 27.6 -42.0644 -35.6725 27.7369 
-42.0718 -35.5267 27.8151 -42.0505 -35.3995 27.9603 -42.4954 -35.9424 27.0697 
-42.5552 -36.1871 27.0202 -42.7801 -36.2359 26.944 -42.9808 -36.1526 26.9081 
-43.18 -35.8233 26.8365 -43.2646 -36.0719 26.8794 -43.2388 -35.7219 26.8148 
-43.3121 -35.8541 26.8345 -43.4056 -35.7791 26.845 -43.3746 -35.8801 26.8525 
-41.9598 -34.4427 28.8806 -41.9664 -34.7211 28.8758 -42.0168 -35.6051 27.9498 
-41.9574 -35.5801 28.2524 -41.9664 -35.2892 28.5563 -41.9644 -35.0061 28.8662 
-41.9647 -34.1925 29.1371 -41.9807 -34.2011 29.4058 -41.9994 -34.2257 29.683 
-42.0482 -34.0229 29.9692 -42.6725 -31.5373 30.1109 -42.7159 -31.2994 30.1335 
-42.6504 -31.6877 30.2247 -42.5787 -31.9162 30.232 -42.5268 -32.1452 30.3538 
-42.4539 -32.402 30.3699 -42.7122 -31.0544 30.0575 -42.6084 -30.746 29.6789 
-42.6057 -30.7068 29.9062 -42.6748 -30.867 29.9988 -42.5171 -30.555 29.7246 
-42.3934 -30.3437 29.6177 -42.3907 -32.6563 30.3814 -42.3731 -32.8305 30.4713 
-42.321 -33.0782 30.4612 -42.1061 -33.8096 30.1448 -42.2167 -33.5337 30.4219 
-42.1583 -33.7891 30.4138 -42.2905 -33.3876 30.6077 -42.9747 -29.3828 28.6469 
-42.7528 -29.3379 28.7649 -42.5599 -29.4726 28.8611 -42.3749 -29.5951 29.0275 
-42.2217 -29.7182 29.2567 -42.2912 -29.9935 29.2756 -42.2872 -30.1313 29.504 
-43.1909 -29.3601 28.5739 -43.4842 -29.3676 28.5152 -43.3837 -29.339 28.5521 
-43.5925 -29.4206 28.4702 -43.5549 -29.392 28.4939 -42.1661 -36.045 27.3387 
-42.3274 -36.2173 27.1468 -42.4158 -36.045 27.1035 -42.0882 -35.9202 27.5078 
-42.0147 -35.8752 27.7023 -42.4983 -36.4785 27.0303 -42.7249 -36.4572 26.9614 
-42.9588 -36.437 26.926 -43.2068 -36.3985 26.9227 -43.3232 -36.0371 26.8817 
-43.308 -36.0946 26.889 -43.2981 -36.1345 26.8928 -43.2366 -36.3938 26.9254 
-41.9647 -34.4564 29.1542 -41.9638 -34.7314 29.1598 -41.9335 -35.8599 27.9698 
-41.8737 -35.8506 28.2665 -41.9224 -35.5586 28.5645 -41.9446 -35.2832 28.8629 
-41.9551 -35.0076 29.1603 -41.9732 -34.4688 29.4309 -41.9835 -34.4903 29.6985 
-42.0115 -34.2927 29.9116 -42.0904 -33.9781 30.2337 -42.0458 -34.2529 30.2107 
-42.7231 -31.4981 30.378 -42.7476 -31.0514 30.3495 -42.7638 -31.2474 30.421 
-42.6688 -31.7678 30.4565 -42.6061 -32.0299 30.5516 -42.5354 -32.2486 30.5469 
-42.5095 -32.4157 30.6419 -42.4503 -32.6668 30.6464 -42.7016 -30.8483 30.2778 
-42.5071 -30.4884 30.0938 -42.6236 -30.674 30.1925 -42.3968 -30.3462 29.9167 
-42.2805 -30.1653 29.8132 -42.3945 -32.9305 30.6483 -42.374 -33.1553 30.7511 
-42.2339 -33.6235 30.5935 -42.1046 -34.043 30.4064 -42.2113 -33.784 30.6733 
-42.1516 -34.0109 30.6529 -42.3514 -33.3749 30.8523 -42.2898 -33.626 30.8522 
-42.9351 -29.177 28.757 -43.2107 -29.2377 28.6519 -43.1656 -29.2239 28.6802 
-42.6088 -29.2591 28.8707 -42.7465 -29.1661 28.8291 -42.4175 -29.294 29.0069 
-42.2288 -29.4301 29.1809 -42.1032 -29.4995 29.3848 -42.1065 -29.6872 29.4695 
-42.179 -29.885 29.4759 -42.1692 -29.9601 29.7331 -43.3495 -29.3137 28.5733 
-42.0269 -36.1292 27.4885 -42.1123 -36.3818 27.2815 -42.2954 -36.5512 27.1175 
-41.8945 -36.1572 27.707 -42.4665 -36.745 27.0365 -42.6823 -36.7131 26.9825 
-42.913 -36.6859 26.951 -43.1568 -36.6775 26.9591 -43.2291 -36.4234 26.9316 
-43.1774 -36.6762 26.9632 -41.9653 -34.7384 29.4422 -41.8357 -36.073 27.9809 
-41.7948 -36.0682 28.1597 -41.7867 -36.0101 28.3864 -41.8578 -35.7831 28.5993 
-41.9034 -35.5402 28.869 -41.9312 -35.2791 29.1635 -41.9514 -35.0062 29.4518 
-41.9706 -34.7458 29.7191 -41.9974 -34.5071 29.9594 -42.0087 -34.5436 30.1841 
-42.087 -34.2086 30.4997 -42.0406 -34.478 30.4687 -42.798 -31.3319 30.649 
-42.7582 -31.6281 30.7016 -42.7402 -30.7993 30.6045 -42.7964 -31.0634 30.6321 
-42.6888 -31.8615 30.6844 -42.6617 -32.0245 30.7895 -42.593 -32.265 30.8096 
-42.5283 -32.5088 30.8215 -42.5098 -32.6806 30.9099 -42.4563 -32.9232 30.897 
-42.6544 -30.6379 30.4731 -42.3933 -30.3062 30.1537 -42.435 -30.3145 30.3514 
-42.5516 -30.476 30.4005 -42.2951 -30.1651 30.0975 -42.1789 -29.9788 30.0267 
-42.4261 -33.2338 31.0347 -42.223 -33.8777 30.8529 -42.1042 -34.2847 30.7337 
-42.1819 -34.1131 30.9719 -42.3701 -33.4664 31.02 -42.3493 -33.6288 31.1139 
-42.2812 -33.8624 31.1141 -42.8556 -29.0425 28.8602 -43.1148 -29.1779 28.7146 
-43.0062 -29.098 28.7918 -42.6186 -29.0483 28.9671 -42.384 -29.0811 29.0806 
-42.2412 -29.1885 29.1692 -42.1129 -29.2715 29.3284 -42.0273 -29.3191 29.5375 
-42.0329 -29.5358 29.6104 -42.0802 -29.7472 29.6742 -42.0772 -29.7802 29.9381 
-41.9314 -36.3955 27.4597 -41.9759 -36.6678 27.3231 -42.1517 -36.672 27.1909 
-42.2961 -36.8119 27.1038 -41.7896 -36.4724 27.5994 -41.7651 -36.2932 27.8268 
-42.4443 -36.9335 27.0536 -42.6446 -36.9678 27.0165 -42.8803 -36.9245 26.9863 
-43.0781 -36.8818 26.9826 -43.1707 -36.7028 26.9673 -43.1149 -36.8949 26.9935 
-41.7532 -36.2025 28.0162 -41.7141 -36.2011 28.1948 -41.7794 -35.9604 28.671 
-41.6751 -36.1897 28.4725 -41.8463 -35.7585 28.8728 -41.8832 -35.5562 29.1723 
-41.9241 -35.2685 29.4677 -41.952 -35.0031 29.7399 -41.9786 -34.7548 29.9869 
-41.9912 -34.7545 30.2573 -42.0045 -34.7714 30.5378 -42.0579 -34.5686 30.8095 
-42.8588 -31.1349 30.8853 -42.8525 -31.4345 30.9296 -42.8076 -31.6497 30.9214 
-42.75 -31.8689 30.9444 -42.676 -30.5826 30.6985 -42.7265 -30.5933 30.8957 
-42.8227 -30.8303 30.9276 -42.6782 -32.109 30.965 -42.6535 -32.2757 31.0648 
-42.5907 -32.5249 31.0795 -42.5318 -32.7848 31.0845 -42.5106 -33.0122 31.1864 
-42.5898 -30.4433 30.6655 -42.3341 -30.1806 30.3021 -42.3462 -30.1243 30.5284 
-42.472 -30.2807 30.6171 -42.2122 -29.9587 30.371 -42.0923 -29.7799 30.2166 
-42.4872 -33.2354 31.2824 -42.4262 -33.4632 31.2564 -42.1194 -34.3576 30.9697 
-42.2359 -34.0942 31.2377 -42.1665 -34.3255 31.227 -42.3729 -33.7235 31.3383 
-42.3134 -33.9795 31.437 -42.944 -29.0269 28.8507 -42.8729 -28.9845 28.9015 
-42.6364 -28.9325 29.0337 -42.4446 -28.9081 29.1361 -42.7401 -28.9705 28.9762 
-42.2648 -28.9966 29.2045 -42.1388 -29.0757 29.3069 -42.0531 -29.1167 29.4727 
-42.001 -29.1307 29.702 -41.983 -29.3469 29.7867 -42.0094 -29.568 29.8632 
-42.0146 -29.5839 30.1341 -41.8592 -36.5707 27.4447 -41.7969 -36.7537 27.4598 
-41.9344 -36.9593 27.3298 -42.1533 -36.9447 27.2026 -42.3462 -37.0117 27.1075 
-41.6867 -36.4813 27.7598 -41.6702 -36.6723 27.6408 -41.6604 -36.3825 27.9734 
-42.5179 -37.1094 27.0725 -42.6936 -37.1688 27.0494 -42.8579 -37.1404 27.0318 
-43.0615 -37.0869 27.0329 -43.0511 -37.1243 27.0403 -43.0879 -36.9945 27.0109 
-41.6078 -36.3637 28.217 -41.7879 -35.9086 28.8999 -41.6911 -36.1008 28.8349 
-41.5633 -36.3755 28.4047 -41.5645 -36.3277 28.6474 -41.8281 -35.7813 29.0597 
-41.8274 -35.737 29.2898 -41.881 -35.505 29.5112 -41.9224 -35.252 29.7695 
-41.9561 -35.0002 30.0238 -41.9623 -35.0035 30.3048 -41.9689 -35.0186 30.5777 
-42.01 -34.8285 30.7724 -42.0974 -34.5187 31.0819 -42.0425 -34.7746 31.0579 
-42.9131 -30.96 31.1139 -42.9295 -31.2115 31.1177 -42.9237 -31.429 31.1595 
-42.8611 -31.6762 31.1418 -42.8026 -31.8964 31.1697 -42.7431 -32.1201 31.2147 
-42.6383 -30.4461 30.8559 -42.6582 -30.3848 31.0774 -42.7902 -30.5354 31.2216 
-42.8844 -30.7564 31.1831 -42.6747 -32.3674 31.2422 -42.6547 -32.5408 31.3378 
-42.5968 -32.7859 31.3327 -42.565 -33.109 31.4783 -42.522 -30.2348 30.9414 
-42.2569 -29.9055 30.7125 -42.3813 -30.0756 30.8046 -42.1015 -29.7398 30.4386 
-42.1447 -29.7356 30.6342 -42.037 -29.5878 30.3876 -42.5036 -33.3559 31.4602 
-42.4647 -33.5936 31.5597 -42.2399 -34.2027 31.4336 -42.1118 -34.5911 31.3177 
-42.1922 -34.4286 31.5515 -42.3968 -33.8154 31.5616 -42.3706 -33.9688 31.671 
-42.2968 -34.2018 31.7065 -42.5384 -28.8737 29.1159 -42.2999 -28.834 29.2995 
-42.473 -28.8317 29.187 -42.1759 -28.9361 29.3264 -42.0996 -28.9761 29.423 
-42.0642 -28.9469 29.6016 -42.0307 -28.9263 29.8711 -41.975 -29.1406 29.9768 
-41.9729 -29.3657 30.0606 -41.9892 -29.3808 30.3375 -41.795 -37.0002 27.4233 
-41.6622 -36.9494 27.5642 -41.8914 -37.1496 27.3669 -42.0926 -37.2357 27.2879 
-42.3766 -37.2358 27.1717 -41.5908 -36.6064 27.8278 -41.5697 -36.7985 27.7199 
-41.5319 -36.5565 28.0512 -42.6413 -37.2994 27.1121 -42.8115 -37.2864 27.078 
-42.9877 -37.3223 27.0991 -42.9907 -37.313 27.0962 -41.5062 -36.5038 28.2579 
-41.7648 -35.9272 29.0926 -41.5669 -36.2871 28.9536 -41.6707 -36.1007 29.1482 
-41.4597 -36.517 28.4613 -41.4195 -36.5156 28.7892 -41.8212 -35.7118 29.5758 
-41.7526 -35.9166 29.3591 -41.8774 -35.484 29.8122 -41.9227 -35.2438 30.0611 
-41.9246 -35.244 30.3465 -41.9285 -35.2494 30.6287 -41.9798 -35.0278 30.8508 
-41.9924 -35.0514 31.1334 -42.0572 -34.8651 31.4012 -42.9492 -30.8317 31.2998 
-42.9895 -31.028 31.3273 -43.0014 -31.3076 31.36 -42.9507 -31.5287 31.3042 
-42.9297 -31.6907 31.374 -42.8577 -31.9257 31.3908 -42.7979 -32.1461 31.4379 
-42.744 -32.3808 31.4961 -42.5776 -30.1934 31.2522 -42.6812 -30.3209 31.2999 
-42.7414 -30.3165 31.4963 -42.859 -30.467 31.5276 -42.9129 -30.6546 31.3856 
-42.6781 -32.6496 31.5161 -42.6548 -32.8829 31.6238 -42.6317 -33.1138 31.7279 
-42.5692 -33.3777 31.7338 -42.4011 -30.0208 31.0291 -42.4568 -30.0294 31.2229 
-42.1842 -29.6414 30.9353 -42.3037 -29.8669 30.9899 -42.0704 -29.6045 30.5702 
-42.0909 -29.531 30.7601 -42.0287 -29.4046 30.6095 -42.517 -33.6052 31.7741 
-42.4588 -33.8171 31.8128 -42.1263 -34.6624 31.557 -42.2366 -34.4144 31.769 
-42.1793 -34.634 31.8263 -42.3861 -34.0416 31.8427 -42.3578 -34.1944 31.9569 
-42.284 -34.4125 31.9811 -42.3683 -28.7951 29.2897 -42.1675 -28.8401 29.4648 
-42.3072 -28.7688 29.3721 -42.1581 -28.7315 29.7215 -42.1008 -28.7162 30.06 
-42.0083 -28.9287 30.1752 -41.9747 -29.154 30.2657 -41.9977 -29.1714 30.5446 
-41.7754 -37.1957 27.4641 -41.5069 -37.0142 27.7325 -41.6262 -37.2422 27.5993 
-41.9404 -37.3512 27.3891 -42.1102 -37.4677 27.3454 -42.334 -37.5105 27.2872 
-42.606 -37.4916 27.211 -41.4777 -36.7842 27.8979 -41.3759 -36.7405 28.1935 
-42.8475 -37.4522 27.1589 -42.9812 -37.3403 27.1077 -41.5676 -36.2676 29.2434 
-41.4753 -36.4167 29.0825 -41.661 -36.0948 29.4365 -41.3304 -36.6772 28.5116 
-41.294 -36.6836 28.7048 -41.301 -36.6625 28.8766 -41.3553 -36.5882 29.1082 
-41.8157 -35.6982 29.8678 -41.7442 -35.906 29.6449 -41.8751 -35.4748 30.1048 
-41.8747 -35.4723 30.3943 -41.8763 -35.4757 30.6824 -41.9349 -35.2613 30.91 
-41.9432 -35.2856 31.1849 -41.9977 -35.1133 31.3732 -42.1009 -34.8183 31.6655 
-42.0378 -35.0751 31.6723 -43.0087 -30.7914 31.5325 -43.0889 -31.0958 31.6077 
-43.0657 -31.3316 31.5527 -43.0189 -31.5498 31.5378 -42.9506 -31.7793 31.5319 
-42.9255 -31.9416 31.6298 -42.8541 -32.1614 31.6432 -42.8177 -32.406 31.7754 
-42.7491 -32.6617 31.7701 -42.6346 -30.1898 31.4529 -42.52 -30.0049 31.5173 
-42.6603 -30.1216 31.6976 -42.817 -30.2872 31.777 -42.9198 -30.4585 31.7125 
-42.9478 -30.5852 31.5813 -42.7136 -32.9825 31.9054 -42.6564 -33.2209 31.8993 
-42.6384 -33.3928 31.9859 -42.5712 -33.6367 32.0023 -42.3581 -29.8826 31.1844 
-42.3833 -29.8265 31.4152 -42.109 -29.4222 30.9542 -42.1609 -29.3454 31.2138 
-42.2701 -29.6501 31.2689 -42.0609 -29.3549 30.8319 -42.0354 -29.1839 30.7965 
-42.5109 -33.8484 32.0403 -42.4467 -34.0411 32.069 -42.1119 -34.8805 31.8485 
-42.2341 -34.6368 32.1073 -42.1623 -34.8617 32.1005 -42.3777 -34.2959 32.1819 
-42.3136 -34.5461 32.303 -42.2427 -28.7566 29.4719 -42.2349 -28.7034 29.6049 
-42.2036 -28.6776 29.7068 -42.1912 -28.6622 29.7903 -42.1693 -28.6312 30.0057 
-42.0721 -28.7225 30.382 -42.1675 -28.5674 30.2214 -42.0098 -28.9431 30.4735 
-42.0315 -28.9657 30.7448 -41.8308 -37.4868 27.5069 -41.436 -37.3166 27.7512 
-41.3422 -37.0401 27.928 -41.6273 -37.5169 27.6331 -42.0251 -37.5527 27.4176 
-42.2122 -37.6558 27.3838 -42.4011 -37.7243 27.3558 -42.5799 -37.7025 27.3115 
-42.8364 -37.6761 27.277 -42.8285 -37.6932 27.2857 -41.1792 -37.0527 28.1321 
-41.2111 -36.8649 28.376 -42.9283 -37.482 27.1816 -42.8544 -37.6386 27.2551 
-41.5605 -36.2694 29.5267 -41.4612 -36.4322 29.3336 -41.654 -36.0921 29.7254 
-41.2241 -36.788 28.5813 -41.1903 -36.8072 28.7895 -41.2399 -36.7414 29.0109 
-41.2354 -36.7592 29.2524 -41.3489 -36.6052 29.4327 -41.8122 -35.6911 30.1603 
-41.7385 -35.8991 29.9361 -41.8108 -35.6888 30.4528 -41.8117 -35.6922 30.7453 
-41.8807 -35.487 30.9687 -41.8888 -35.5067 31.2559 -41.958 -35.3061 31.4581 
-41.9739 -35.3315 31.6932 -42.0864 -35.0397 31.9582 -42.0212 -35.279 31.9557 
-43.0073 -30.5863 31.7681 -43.1101 -30.7986 31.8152 -43.1682 -30.9967 31.8169 
-43.1733 -31.1562 31.8044 -43.1276 -31.3821 31.7573 -43.0781 -31.5962 31.7496 
-43.0159 -31.7922 31.7526 -42.9508 -32.0517 31.8367 -42.898 -32.2826 31.9181 
-42.8548 -32.5484 32.0263 -42.7929 -32.7886 32.0211 -42.4166 -29.7706 31.7037 
-42.5417 -29.8915 31.8836 -42.7204 -30.0458 32.0568 -42.8636 -30.2328 32.0275 
-42.9438 -30.3949 31.9146 -42.7874 -32.9745 32.1392 -42.7285 -33.2439 32.1516 
-42.6641 -33.4916 32.1567 -42.641 -33.6661 32.2526 -42.5645 -33.9088 32.2865 
-42.3139 -29.5937 31.6073 -42.0852 -29.2208 31.0117 -42.1205 -29.0217 31.2492 
-42.1705 -29.0718 31.5254 -42.2282 -29.3575 31.5445 -42.0702 -28.9828 30.9956 
-42.4695 -34.2061 32.3668 -42.2388 -34.7599 32.3084 -42.1035 -35.1269 32.1989 
-42.1919 -34.9942 32.4299 -42.3977 -34.4051 32.407 -42.3709 -34.5627 32.531 
-42.2991 -34.793 32.5824 -42.1679 -28.5567 30.2888 -42.0696 -28.7415 30.6857 
-42.1578 -28.5259 30.5933 -42.0783 -28.7864 30.9244 -41.8218 -37.7668 27.5972 
-42.0841 -37.7744 27.4941 -41.4885 -37.591 27.7145 -41.2662 -37.2793 27.8839 
-41.2745 -37.5879 27.824 -41.2162 -37.1662 27.9733 -41.6281 -37.7179 27.6642 
-42.3573 -37.8555 27.4365 -42.5343 -37.8465 27.3879 -42.7285 -37.8846 27.3888 
-42.7322 -37.8777 27.385 -41.0761 -37.041 28.3298 -40.9645 -37.2553 28.2041 
-41.1119 -37.3388 27.9889 -41.0937 -36.9479 28.557 -41.5558 -36.2734 29.8176 
-41.4553 -36.4443 29.6249 -41.6498 -36.0903 30.0179 -41.0611 -36.9619 28.789 
-41.1125 -36.9085 29.0478 -41.2361 -36.7832 29.5563 -41.116 -36.9374 29.3801 
-41.3481 -36.6219 29.7359 -41.7354 -35.8948 30.2297 -41.7343 -35.894 30.5246 
-41.8153 -35.704 31.0378 -41.7351 -35.8995 30.8208 -41.8225 -35.7255 31.3282 
-41.9018 -35.5389 31.5602 -41.9479 -35.4727 31.8136 -41.9587 -35.536 32.0459 
-42.0414 -35.3974 32.2956 -43.0728 -30.5204 32.0765 -43.1693 -30.7385 32.0291 
-43.1916 -30.8864 31.9411 -43.227 -31.0573 31.9862 -43.2082 -31.255 31.9297 
-43.2 -31.4167 31.9908 -43.1339 -31.6625 31.9893 -43.0432 -31.9652 32.0263 
-42.9747 -32.169 32.0415 -42.9489 -32.3642 32.1571 -42.9251 -32.5608 32.2583 
-42.8677 -32.7843 32.2497 -42.3524 -29.5666 31.8861 -42.4311 -29.7091 31.9338 
-42.4872 -29.7121 32.1274 -42.5981 -29.8555 32.1604 -42.6744 -29.9166 32.2376 
-42.8728 -30.1404 32.2519 -42.7547 -29.9231 32.4061 -42.9565 -30.3099 32.1253 
-42.8391 -33.0818 32.3644 -42.7905 -33.2913 32.3696 -42.7388 -33.5272 32.4089 
-42.6631 -33.7763 32.4269 -42.6387 -33.9483 32.5389 -42.5715 -34.1704 32.6133 
-42.2741 -29.3515 31.8506 -42.1222 -28.7186 31.2084 -42.1495 -28.7744 31.5206 
-42.1773 -28.8083 31.8085 -42.2125 -29.0919 31.8196 -42.4596 -34.4431 32.6407 
-42.1226 -35.2212 32.4385 -42.2411 -35.0098 32.6515 -42.1839 -35.2296 32.7034 
-42.3884 -34.6576 32.706 -42.3628 -34.8177 32.823 -42.2943 -35.0475 32.8734 
-42.1777 -28.5238 30.3759 -42.1504 -28.5362 30.9483 -42.2111 -28.4558 30.5406 
-42.2232 -28.4049 30.7041 -41.7198 -37.8836 27.6651 -41.8697 -37.9821 27.6428 
-42.05 -37.9969 27.5952 -42.3357 -38.0625 27.5476 -41.5296 -37.8443 27.7281 
-41.0428 -37.5977 27.9278 -41.0729 -37.8875 27.8679 -41.3328 -37.9151 27.7918 
-42.586 -38.0106 27.4744 -42.7172 -37.9053 27.4016 -40.9511 -37.1379 28.4304 
-40.8298 -37.2976 28.354 -40.7515 -37.4872 28.2266 -40.9077 -37.5114 28.0497 
-40.9492 -37.0953 28.6629 -41.5541 -36.2754 30.1115 -41.4539 -36.4528 29.9201 
-41.6479 -36.0888 30.3126 -40.9601 -37.0856 28.9252 -40.9816 -37.0958 29.225 
-41.2415 -36.8038 29.8634 -41.1252 -36.9662 29.6922 -41.0043 -37.1177 29.5325 
-41.352 -36.6315 30.0335 -41.6476 -36.0904 30.6088 -41.7383 -35.9149 31.1205 
-41.6482 -36.0998 30.9064 -41.8318 -35.7514 31.5641 -41.7462 -35.9421 31.4416 
-41.8787 -35.6897 31.8126 -41.8913 -35.7632 32.1103 -41.966 -35.6315 32.2886 
-42.0964 -35.3851 32.5522 -42.0235 -35.633 32.5809 -43.0119 -30.2758 32.3467 
-43.1358 -30.4362 32.3985 -43.1928 -30.6475 32.237 -43.2318 -30.8502 32.12 
-43.2755 -30.9972 32.2083 -43.2701 -31.2623 32.1858 -43.2265 -31.5174 32.1585 
-43.2091 -31.6928 32.2536 -43.1431 -31.9315 32.2907 -43.041 -32.1841 32.2506 
-43.0133 -32.4472 32.4154 -42.9524 -32.6674 32.4156 -42.9337 -32.8792 32.4999 
-42.3994 -29.5752 32.092 -42.328 -29.3568 32.1645 -42.4416 -29.4984 32.3779 
-42.5597 -29.7143 32.3382 -42.6417 -29.8366 32.3221 -42.9252 -30.0656 32.529 
-42.6473 -29.7636 32.465 -42.7218 -29.7352 32.6692 -42.8529 -29.8818 32.6964 
-42.9152 -33.0927 32.5798 -42.856 -33.3171 32.5655 -42.8344 -33.6021 32.7148 
-42.7303 -33.8413 32.6663 -42.662 -34.058 32.7166 -42.6385 -34.2203 32.8372 
-42.5688 -34.4341 32.9118 -42.2486 -29.0966 32.1157 -42.1756 -28.4419 31.2652 
-42.1653 -28.4888 31.5162 -42.1696 -28.5196 31.8032 -42.179 -28.5392 32.0911 
-42.2021 -28.8247 32.097 -42.4536 -34.7018 32.9333 -42.1138 -35.4698 32.735 
-42.2377 -35.2639 32.9325 -42.1823 -35.4888 32.9872 -42.3835 -34.9188 32.9969 
-42.361 -35.0825 33.1084 -42.296 -35.3102 33.1493 -42.2392 -28.3745 30.8163 
-42.2578 -28.2633 31.1264 -41.7838 -38.1071 27.704 -41.9968 -38.1404 27.6594 
-42.2119 -38.2194 27.6398 -42.4274 -38.2776 27.6258 -42.4825 -38.2672 27.616 
-42.5442 -38.1882 27.5776 -41.5349 -38.1311 27.7614 -40.9086 -37.7141 27.9597 
-40.8498 -37.8805 27.9478 -40.8796 -38.1241 27.9106 -41.0973 -38.1874 27.8482 
-41.2953 -38.1494 27.8091 -42.6512 -38.0316 27.4858 -42.6037 -38.104 27.5215 
-40.8185 -37.2516 28.5427 -40.7026 -37.4106 28.4303 -40.6102 -37.5598 28.3499 
-40.5909 -37.7119 28.23 -40.7416 -37.7416 28.0637 -40.8221 -37.2378 28.7912 
-41.5539 -36.2763 30.4067 -41.4554 -36.4568 30.2147 -40.8387 -37.2512 29.0809 
-40.86 -37.2929 29.4161 -41.2551 -36.8067 30.1581 -41.1331 -37.0012 30.0223 
-41.0225 -37.1477 29.8207 -40.9235 -37.2687 29.6841 -41.3579 -36.635 30.3246 
-41.5543 -36.281 30.7027 -41.6489 -36.123 31.2049 -41.5545 -36.2949 30.999 
-41.7998 -35.8668 31.6877 -41.6432 -36.1744 31.4888 -41.7248 -36.0477 31.7145 
-41.8074 -35.9104 31.9171 -41.817 -35.9824 32.1949 -41.912 -35.8455 32.4132 
-41.9601 -35.8462 32.6348 -42.088 -35.6377 32.8435 -42.013 -35.8859 32.8834 
-43.0858 -30.196 32.6851 -43.1934 -30.4189 32.6004 -43.2213 -30.5682 32.4496 
-43.2754 -30.7788 32.386 -43.3271 -31.0337 32.4289 -43.3406 -31.2652 32.4659 
-43.294 -31.5432 32.4303 -43.2324 -31.7997 32.4375 -43.2072 -31.9794 32.5375 
-43.131 -32.2291 32.5531 -43.0776 -32.4576 32.6036 -43.0318 -32.6732 32.6314 
-43.0042 -32.9834 32.7464 -42.2822 -29.0837 32.4106 -42.3527 -29.276 32.4657 
-42.4063 -29.352 32.5497 -42.5833 -29.5998 32.5876 -42.4816 -29.3599 32.7399 
-42.9661 -29.987 32.7614 -42.682 -29.514 32.9481 -42.829 -29.7285 32.903 
-42.924 -29.8605 32.883 -42.9462 -33.2073 32.727 -42.9295 -33.4236 32.8173 
-42.9092 -33.6422 32.9163 -42.8432 -33.8652 32.9463 -42.7305 -34.1218 32.9417 
-42.6605 -34.3315 33.01 -42.6364 -34.493 33.1337 -42.5665 -34.7052 33.2064 
-42.2254 -28.8302 32.3865 -42.2599 -28.2559 31.1478 -42.2221 -28.2342 31.4872 
-42.1935 -28.2438 31.7885 -42.1799 -28.2535 32.0826 -42.1749 -28.2648 32.375 
-42.1897 -28.5531 32.3791 -42.4525 -34.9708 33.2193 -42.1125 -35.7339 33.0278 
-42.2437 -35.5293 33.2068 -42.1935 -35.7683 33.2779 -42.3855 -35.1884 33.2737 
-42.3677 -35.3511 33.3737 -42.3094 -35.5609 33.3981 -41.7823 -38.3831 27.7659 
-42.0765 -38.3692 27.7229 -42.3604 -38.399 27.6949 -42.3421 -38.4143 27.7041 
-42.4549 -38.3018 27.6346 -42.3992 -38.3592 27.669 -41.5145 -38.3918 27.7988 
-40.7258 -37.9765 27.9968 -40.6771 -38.1953 27.999 -40.8133 -38.3836 27.9255 
-41.0275 -38.393 27.8703 -41.2648 -38.3993 27.8301 -40.6891 -37.3898 28.6578 
-40.575 -37.5434 28.5294 -40.4996 -37.7027 28.4031 -40.4724 -37.8655 28.2933 
-40.571 -37.9791 28.1295 -40.6962 -37.4016 28.9351 -41.4574 -36.4599 30.5083 
-40.7228 -37.4268 29.2334 -40.746 -37.4616 29.4747 -40.81 -37.4463 29.7115 
-41.2661 -36.8078 30.4349 -41.1816 -36.9492 30.2861 -41.0282 -37.1854 30.0559 
-41.0814 -37.1353 30.3018 -40.9241 -37.3379 29.9568 -41.3617 -36.6412 30.6128 
-41.4585 -36.4685 30.8027 -41.5544 -36.3222 31.289 -41.4588 -36.4876 31.1005 
-41.5586 -36.3478 31.5274 -41.6189 -36.2786 31.7693 -41.7231 -36.1258 31.997 
-41.8295 -36.052 32.4289 -41.7315 -36.2172 32.3159 -41.8912 -36.0374 32.6673 
-41.9156 -36.1822 32.9649 -42.0923 -35.9068 33.1444 -42.0259 -36.1403 33.211 
-43.0355 -29.9429 32.9869 -43.1668 -30.1224 33.0044 -43.223 -30.3372 32.825 
-43.2722 -30.5627 32.6448 -43.3477 -30.7895 32.6766 -43.4062 -31.0981 32.7267 
-43.3735 -31.375 32.6233 -43.3655 -31.5703 32.6995 -43.3003 -31.8404 32.7001 
-43.2286 -32.0876 32.709 -43.2062 -32.2589 32.797 -43.142 -32.4832 32.7926 
-43.1115 -32.8008 32.9153 -43.0689 -33.0123 32.9265 -43.0283 -33.2226 32.9385 
-42.2531 -28.8313 32.6759 -42.3248 -29.0767 32.6915 -42.3835 -29.2539 32.6408 
-42.3928 -29.1828 32.7903 -42.4464 -29.1598 32.9927 -42.5689 -29.296 33.0697 
-42.6631 -29.3723 33.1504 -42.8639 -29.6163 33.1607 -42.765 -29.4108 33.3102 
-42.9335 -29.7764 33.0401 -43.004 -33.5509 33.07 -42.9357 -33.7685 33.0645 
-42.9156 -33.9364 33.1532 -42.8496 -34.1461 33.209 -42.732 -34.3999 33.2303 
-42.6597 -34.6076 33.306 -42.6367 -34.7701 33.4278 -42.569 -34.982 33.4903 
-42.2024 -28.5663 32.6645 -42.2611 -28.242 31.1772 -42.2811 -28.1166 31.458 
-42.2591 -27.9941 31.7578 -42.2117 -27.984 32.0604 -42.1854 -27.9812 32.3585 
-42.1702 -27.9925 32.6585 -42.1739 -28.2836 32.6656 -42.4591 -35.2436 33.4863 
-42.1222 -36.0173 33.3244 -42.2945 -35.8387 33.5694 -42.2016 -36.081 33.5534 
-42.3976 -35.4646 33.5309 -42.3842 -35.6726 33.648 -41.7471 -38.6386 27.8257 
-42.033 -38.6346 27.8128 -42.22 -38.5142 27.7677 -42.0808 -38.6336 27.8112 
-41.4753 -38.638 27.841 -40.6652 -38.41 27.9914 -40.5192 -38.329 28.1213 
-40.7639 -38.5551 27.9508 -40.9595 -38.6333 27.9059 -41.215 -38.6337 27.8647 
-40.5625 -37.5537 28.784 -40.4545 -37.7114 28.6257 -40.3889 -37.893 28.4716 
-40.404 -38.0945 28.3028 -40.5687 -37.5998 29.1098 -40.6411 -37.5872 29.4103 
-40.7026 -37.5701 29.6147 -40.7101 -37.6438 29.8342 -40.8081 -37.5511 30.0161 
-41.2684 -36.8243 30.7146 -41.1757 -36.9864 30.5263 -40.9834 -37.2934 30.1931 
-40.9893 -37.336 30.4295 -41.084 -37.1816 30.6171 -40.8979 -37.4607 30.235 
-41.3631 -36.6554 30.9034 -41.4596 -36.5236 31.4229 -41.364 -36.6796 31.1929 
-41.5153 -36.4578 31.6737 -41.5305 -36.4827 31.9133 -41.6313 -36.3372 32.0833 
-41.7917 -36.1998 32.5646 -41.6331 -36.4164 32.3305 -41.6893 -36.4361 32.6254 
-41.8144 -36.2805 32.7954 -41.8417 -36.3678 33.0132 -41.9086 -36.403 33.2305 
-42.1037 -36.1915 33.4399 -42.0319 -36.4056 33.501 -43.0106 -29.7535 33.2413 
-43.1463 -29.9321 33.2517 -43.2309 -30.1011 33.1945 -43.2588 -30.2486 33.0541 
-43.3319 -30.4852 32.9546 -43.4303 -30.7716 32.9716 -43.4711 -30.9877 32.9614 
-43.4724 -31.1578 32.9326 -43.4354 -31.3809 32.8556 -43.4074 -31.6939 32.9369 
-43.3566 -31.9049 32.9311 -43.3022 -32.1219 32.9495 -43.2347 -32.3688 32.959 
-43.2136 -32.5946 33.0519 -43.1942 -32.8187 33.1318 -43.1354 -33.0427 33.102 
-43.1136 -33.3374 33.1958 -42.22 -28.5783 32.9434 -42.2949 -28.8338 32.9822 
-42.3629 -29.0469 32.915 -42.3856 -28.9679 33.1424 -42.5172 -29.0951 33.3255 
-42.6418 -29.2761 33.2813 -42.959 -29.5396 33.5034 -42.6986 -29.216 33.5631 
-42.8426 -29.3686 33.5646 -43.1062 -33.6129 33.3256 -43.0083 -33.8448 33.2732 
-42.9449 -34.054 33.3087 -42.9286 -34.2177 33.4212 -42.8602 -34.4283 33.4973 
-42.7359 -34.68 33.5239 -42.6631 -34.8872 33.5957 -42.6431 -35.0513 33.7081 
-42.5784 -35.2633 33.7517 -42.1762 -28.3157 32.9442 -42.2839 -27.9991 31.6513 
-42.2887 -27.9414 31.7516 -42.2735 -27.8518 31.9115 -42.2712 -27.7891 32.0319 
-42.2303 -27.7185 32.322 -42.1978 -27.7132 32.6247 -42.1775 -27.7293 32.939 
-42.1587 -28.0252 32.961 -42.4767 -35.4993 33.7199 -42.3704 -35.876 33.7561 
-42.3138 -36.0634 33.7706 -42.1404 -36.3068 33.6192 -42.2468 -36.3639 33.8768 
-42.4642 -35.7902 33.8888 -41.6455 -38.8243 27.8784 -41.7084 -38.7941 27.8672 
-41.8445 -38.7421 27.8562 -42.0239 -38.6676 27.8241 -42.0523 -38.6543 27.8209 
-41.4209 -38.8642 27.8919 -41.6021 -38.8694 27.8892 -40.6429 -38.5968 28.0292 
-40.3208 -38.413 28.337 -40.4876 -38.6484 28.1612 -40.8148 -38.7477 27.9668 
-40.9834 -38.8467 27.9362 -41.1694 -38.8519 27.9095 -40.4398 -37.7375 28.9011 
-40.3363 -37.909 28.731 -40.2666 -38.1447 28.5496 -40.4416 -37.7787 29.1459 
-40.5053 -37.7705 29.3931 -40.6089 -37.7219 29.6484 -40.7194 -37.7192 30.0632 
-40.6093 -37.8522 29.9545 -40.7872 -37.6874 30.3033 -41.2712 -36.8448 31.0039 
-41.1777 -37.016 30.8148 -40.9949 -37.3883 30.7204 -40.8973 -37.5423 30.5224 
-41.0893 -37.2208 30.9202 -41.3596 -36.7208 31.4413 -41.4101 -36.6772 31.7384 
-41.2771 -36.8665 31.2865 -41.5472 -36.527 32.1826 -41.4618 -36.6461 32.0348 
-41.5651 -36.5894 32.4505 -41.582 -36.6568 32.6832 -41.7559 -36.4881 32.948 
-41.639 -36.6801 32.9219 -41.8148 -36.5043 33.1365 -41.8317 -36.5922 33.2963 
-41.9007 -36.639 33.5038 -42.1189 -36.4736 33.7355 -42.0265 -36.6706 33.7828 
-43.1116 -29.7481 33.4723 -43.2042 -29.8839 33.4609 -43.2435 -30.0138 33.3573 
-43.3206 -30.2124 33.2789 -43.4302 -30.4812 33.2501 -43.4843 -30.6936 33.1918 
-43.4943 -30.856 33.1046 -43.5197 -31.0391 33.1357 -43.5001 -31.2633 33.052 
-43.4911 -31.4786 33.103 -43.4753 -31.7044 33.1691 -43.4153 -31.9515 33.1479 
-43.3644 -32.1659 33.1587 -43.3175 -32.3812 33.1788 -43.2906 -32.7122 33.3037 
-43.226 -32.9436 33.2675 -43.2119 -33.1642 33.3331 -43.1995 -33.4288 33.425 
-42.1851 -28.3611 33.1665 -42.2364 -28.558 33.233 -42.3172 -28.7629 33.296 
-42.4001 -28.9003 33.3651 -42.4428 -28.9044 33.5715 -42.5676 -29.0428 33.646 
-42.9204 -29.4045 33.6743 -43.1257 -29.6331 33.7214 -43.0092 -29.4371 33.8528 
-42.654 -29.1101 33.7316 -42.8555 -29.302 33.768 -42.7316 -29.1514 33.8911 
-43.1872 -33.6469 33.5064 -43.1285 -33.8626 33.5203 -43.0279 -34.1198 33.5213 
-42.9672 -34.3365 33.5983 -42.95 -34.5043 33.7258 -42.8707 -34.7143 33.7928 
-42.7442 -34.9625 33.8089 -42.674 -35.1719 33.8684 -42.6566 -35.3435 33.9682 
-42.5858 -35.562 33.9811 -42.1479 -28.0933 33.2538 -42.2598 -27.7335 32.1602 
-42.2494 -27.6702 32.311 -42.2404 -27.6402 32.3975 -42.2337 -27.5765 32.5919 
-42.2279 -27.5148 32.8183 -42.2279 -27.4981 32.8813 -42.2188 -27.4775 33.2049 
-42.1522 -27.7726 33.2806 -42.3981 -35.9992 33.8921 -42.3708 -36.1946 33.9738 
-42.1464 -36.5945 33.9102 -42.3507 -36.3456 34.0468 -42.2297 -36.6733 34.1511 
-42.3386 -36.4846 34.15 -42.5673 -35.8574 34.1361 -42.469 -36.049 34.0667 
-41.354 -39.0657 27.9564 -41.5172 -38.9711 27.9239 -41.4313 -39.0695 27.9563 
-40.7044 -38.8885 28.067 -40.3346 -38.744 28.3087 -40.1819 -38.379 28.5326 
-40.183 -38.6003 28.4835 -40.505 -38.9254 28.1922 -40.9061 -38.9417 27.9884 
-41.1038 -39.0275 27.9704 -40.3244 -37.9382 29.052 -40.2183 -38.1034 28.8409 
-40.1333 -38.3021 28.717 -40.3908 -37.8947 29.2907 -40.41 -37.9336 29.4704 
-40.4835 -37.9215 29.6849 -40.6775 -37.8491 30.2099 -40.49 -38.039 29.9623 
-40.5637 -38.0635 30.2773 -40.6986 -37.9052 30.4541 -40.8057 -37.7596 30.6294 
-41.1839 -37.0422 31.1123 -41.0033 -37.4333 31.0158 -40.9073 -37.6031 30.8267 
-41.0963 -37.2626 31.2439 -41.2929 -36.8782 31.562 -41.3071 -36.8967 31.7994 
-41.3623 -36.8489 32.0521 -41.1988 -37.0541 31.4025 -41.4628 -36.721 32.2833 
-41.4769 -36.8115 32.5964 -41.5411 -36.7931 32.8192 -41.737 -36.6851 33.2016 
-41.553 -36.8604 32.9907 -41.6157 -36.8704 33.1843 -41.7985 -36.7347 33.4157 
-41.819 -36.8153 33.5685 -41.8897 -36.8412 33.7443 -42.1047 -36.7553 34.0179 
-41.9895 -36.9495 34.0843 -43.2039 -29.7919 33.6172 -43.297 -29.9709 33.5708 
-43.4192 -30.2154 33.5524 -43.4832 -30.4217 33.4713 -43.5004 -30.5786 33.3548 
-43.5338 -30.776 33.3198 -43.568 -30.9698 33.3697 -43.5572 -31.2383 33.299 
-43.553 -31.5655 33.3688 -43.5027 -31.8127 33.3217 -43.4877 -31.9835 33.3799 
-43.4272 -32.201 33.3494 -43.3996 -32.4954 33.4496 -43.3898 -32.7692 33.5609 
-43.3026 -32.9794 33.4557 -43.2981 -33.2508 33.5576 -43.2839 -33.5558 33.6571 
-42.1716 -28.2661 33.451 -42.258 -28.5419 33.5614 -42.3509 -28.7672 33.5045 
-42.3491 -28.7194 33.7387 -42.4794 -28.897 33.8657 -42.6094 -29.0411 33.8369 
-43.2606 -29.7668 33.8239 -43.1821 -29.5707 34.0205 -42.9073 -29.2733 34.0578 
-43.0808 -29.3975 34.1965 -42.6061 -29.0117 34.0655 -42.7691 -29.1338 34.2252 
-43.2211 -33.7687 33.6371 -43.2076 -33.9287 33.7055 -43.1478 -34.1065 33.7244 
-43.0775 -34.4072 33.8502 -42.9837 -34.6329 33.9044 -42.9569 -34.801 34.0196 
-42.8792 -34.9965 34.07 -42.7608 -35.2485 34.0802 -42.6942 -35.4799 34.134 
-42.6704 -35.7026 34.2373 -42.1178 -27.8938 33.4644 -42.1256 -28.0462 33.4843 
-42.2282 -27.468 33.0239 -42.236 -27.4357 33.1862 -42.24 -27.4268 33.2544 
-42.1933 -27.5193 33.5779 -42.1281 -27.7295 33.5282 -42.4378 -36.3092 34.1948 
-42.1244 -36.851 34.1736 -42.3331 -36.6232 34.2794 -42.1905 -36.89 34.3617 
-42.3343 -36.7559 34.46 -42.4162 -36.5426 34.3678 -42.6418 -35.9145 34.3196 
-42.5676 -36.1156 34.3114 -41.2637 -39.2443 28.0399 -41.397 -39.1135 27.9765 
-41.2931 -39.247 28.0401 -40.6939 -39.1646 28.1616 -40.9609 -39.1619 28.0645 
-40.384 -38.9791 28.3009 -40.2274 -38.9125 28.467 -40.0949 -38.4871 28.6426 
-40.0445 -38.7106 28.6984 -40.5067 -39.1112 28.2417 -40.2066 -38.1263 29.088 
-40.2844 -38.0968 29.399 -40.1126 -38.2762 28.9566 -40.0169 -38.4965 28.8455 
-40.3866 -38.0171 29.5835 -40.3646 -38.1378 29.7765 -40.4161 -38.2187 30.1142 
-40.4522 -38.274 30.3575 -40.6269 -38.0779 30.5781 -40.517 -38.2621 30.5914 
-40.7185 -37.9647 30.7326 -40.8171 -37.8288 30.9455 -41.0096 -37.4689 31.252 
-40.9215 -37.6476 31.1351 -41.1374 -37.2136 31.5066 -41.055 -37.4088 31.4941 
-41.2129 -37.0784 31.6952 -41.2635 -37.0228 31.9386 -41.2694 -37.0769 32.1805 
-41.3683 -36.936 32.3749 -41.3664 -37.0394 32.654 -41.4558 -36.9811 32.8964 
-41.7048 -36.9412 33.5133 -41.5146 -36.9967 33.1243 -41.5473 -37.0729 33.351 
-41.803 -36.9119 33.6717 -41.7993 -37.0404 33.8648 -41.8497 -37.1448 34.1349 
-42.0986 -36.9466 34.265 -41.9238 -37.181 34.3452 -42.0837 -37.0665 34.4482 
-43.3939 -29.9642 33.8617 -43.4735 -30.1696 33.7792 -43.4958 -30.3216 33.6403 
-43.5387 -30.5221 33.5714 -43.5873 -30.7611 33.5772 -43.615 -31.0192 33.5734 
-43.6238 -31.3044 33.5722 -43.627 -31.5502 33.6115 -43.5795 -31.8415 33.5669 
-43.5156 -32.0975 33.5224 -43.4981 -32.3205 33.5951 -43.4818 -32.5853 33.6862 
-43.4665 -32.8072 33.749 -43.4042 -33.0344 33.7008 -43.3911 -33.3386 33.7858 
-43.3926 -33.6062 33.8932 -43.3019 -33.8416 33.8333 -42.1249 -28.054 33.6444 
-42.1669 -28.2143 33.8016 -42.2441 -28.4964 33.9105 -42.3349 -28.6967 34.0339 
-42.4489 -28.8562 34.1905 -43.3286 -29.7274 34.1072 -43.2528 -29.5258 34.3792 
-42.9696 -29.2615 34.4024 -43.1287 -29.3763 34.4356 -42.5919 -28.9955 34.4002 
-42.7913 -29.1324 34.5405 -43.2422 -34.0548 33.8512 -43.2086 -34.2547 33.9396 
-43.1787 -34.4078 34.0107 -43.0726 -34.7368 34.1424 -43.1701 -34.5534 34.1252 
-42.9871 -34.9284 34.1877 -42.961 -35.083 34.2857 -42.887 -35.2509 34.3018 
-42.8029 -35.5518 34.3834 -42.7284 -35.8543 34.4531 -42.1057 -27.8129 33.6226 
-42.1065 -27.9371 33.5895 -42.2497 -27.3933 33.5143 -42.1284 -27.6859 33.6707 
-42.2611 -27.3832 33.6879 -42.2216 -27.4416 33.8167 -42.1599 -27.6354 33.8586 
-42.5321 -36.3854 34.4592 -42.2593 -37 34.6852 -42.3884 -36.8555 34.7129 
-42.4992 -36.6498 34.6778 -42.6663 -36.0392 34.455 -42.6404 -36.2308 34.5505 
-41.1663 -39.4198 28.1405 -41.2814 -39.2649 28.0499 -41.1932 -39.4231 28.1406 
-40.5901 -39.2665 28.2566 -40.7328 -39.3661 28.2298 -40.911 -39.3796 28.1743 
-40.4164 -39.1964 28.3679 -40.1007 -38.9918 28.6589 -40.2351 -39.1849 28.5478 
-39.9556 -38.6098 28.8166 -39.942 -38.6887 28.8619 -39.9664 -38.9648 28.9119 
-40.1305 -38.2771 29.2153 -40.1494 -38.315 29.4462 -40.2151 -38.309 29.6782 
-40.0364 -38.4279 29.0773 -39.9349 -38.5909 28.8839 -39.9411 -38.6608 29.0559 
-40.2651 -38.3843 30.0071 -40.3437 -38.4051 30.3 -40.4055 -38.4014 30.5058 
-40.6238 -38.1667 30.8426 -40.4135 -38.4657 30.7325 -40.5149 -38.349 30.8552 
-40.7251 -38.0177 30.9566 -40.8519 -37.8107 31.1608 -40.7773 -37.9681 31.1908 
-40.97 -37.5863 31.3721 -40.8837 -37.7818 31.3782 -41.1281 -37.2731 31.6891 
-40.9759 -37.6159 31.6025 -41.0663 -37.4406 31.7866 -41.171 -37.234 31.9528 
-41.2763 -37.1483 32.4662 -41.1795 -37.2977 32.2801 -41.2846 -37.205 32.6878 
-41.3384 -37.1823 32.8834 -41.4025 -37.2124 33.1911 -41.5796 -37.1527 33.5771 
-41.647 -37.1847 33.7911 -41.4692 -37.2707 33.512 -41.7145 -37.2914 34.1257 
-41.8235 -37.2475 34.2646 -41.8094 -37.3668 34.4613 -41.9884 -37.2953 34.6903 
-42.1276 -37.1664 34.7184 -43.442 -29.8794 34.1544 -43.4941 -30.0781 33.9992 
-43.5337 -30.2975 33.8267 -43.5922 -30.5058 33.8399 -43.6433 -30.765 33.8385 
-43.6847 -31.0575 33.8468 -43.6896 -31.3726 33.797 -43.6826 -31.6492 33.7978 
-43.6758 -31.9203 33.8492 -43.5894 -32.1314 33.7226 -43.581 -32.4075 33.8281 
-43.5619 -32.7111 33.9151 -43.499 -32.9368 33.8682 -43.4884 -33.1581 33.9222 
-43.4835 -33.4219 34.0009 -43.4778 -33.6369 34.067 -43.4212 -33.8324 34.049 
-43.348 -34.1308 34.091 -42.1054 -27.8934 33.7118 -42.1228 -27.976 33.8108 
-42.1419 -27.8979 34.0478 -42.1541 -28.2668 34.1816 -42.2314 -28.522 34.1578 
-42.278 -28.6675 34.3609 -42.4173 -28.8509 34.4418 -43.401 -29.7217 34.3532 
-43.1958 -29.4132 34.5462 -43.3908 -29.6321 34.5943 -43.2625 -29.4598 34.7181 
-42.9638 -29.2334 34.7195 -43.1136 -29.3368 34.6243 -42.4689 -28.9267 34.6906 
-42.6504 -29.0483 34.6724 -42.7949 -29.1375 34.8297 -43.2606 -34.4072 34.1469 
-43.1691 -34.6977 34.2545 -43.0724 -35.0319 34.417 -43.1699 -34.8415 34.3918 
-43.2641 -34.6553 34.3672 -42.9843 -35.2203 34.4431 -42.9395 -35.4238 34.5343 
-42.903 -35.6297 34.6322 -42.8389 -35.8486 34.6763 -42.7393 -36.0762 34.6412 
-42.1127 -27.7667 33.744 -42.26 -27.3725 33.8056 -42.2593 -27.3973 34.0263 
-42.1186 -27.8301 33.8374 -42.1904 -27.6062 34.1208 -42.608 -36.4312 34.6646 
-42.3701 -36.9566 34.834 -42.2006 -37.1945 34.9308 -42.3598 -37.0666 35.0274 
-42.4603 -36.8792 34.9155 -42.6402 -36.548 34.8658 -42.5806 -36.7491 34.9923 
-42.7058 -36.3211 34.7791 -41.0692 -39.5856 28.2562 -41.1831 -39.4404 28.1512 
-41.1099 -39.5911 28.2545 -40.6398 -39.4587 28.3494 -40.8508 -39.5141 28.2716 
-40.407 -39.4386 28.5053 -40.1045 -39.2061 28.7294 -40.2307 -39.3649 28.6323 
-39.9215 -38.618 28.8542 -39.9191 -38.6284 28.9029 -40.0235 -39.3138 28.9186 
-39.8863 -38.8958 29.1296 -39.8766 -39.0446 29.1302 -39.9125 -39.2253 29.1041 
-40.0332 -38.4888 29.3462 -40.1003 -38.45 29.5969 -40.1289 -38.507 29.8397 
-39.8753 -38.8379 29.2997 -39.9349 -38.6912 29.3786 -40.1566 -38.5644 30.0676 
-40.2202 -38.5599 30.263 -40.2885 -38.5793 30.5493 -40.6779 -38.1344 31.0839 
-40.5704 -38.3226 31.1168 -40.44 -38.5028 31.0033 -40.3042 -38.6733 30.8972 
-40.6822 -38.1715 31.3254 -40.7885 -37.9994 31.5012 -40.8894 -37.8229 31.6935 
-40.9849 -37.6476 31.8905 -41.0809 -37.4684 32.0814 -41.1911 -37.3612 32.5986 
-41.0882 -37.518 32.3815 -41.2512 -37.3148 32.8185 -41.2697 -37.3626 33.0331 
-41.2838 -37.4251 33.2517 -41.3429 -37.4257 33.4615 -41.5324 -37.293 33.7199 
-41.5569 -37.3851 33.9541 -41.4145 -37.4715 33.7691 -41.5861 -37.4655 34.1775 
-41.6533 -37.4918 34.3737 -41.8523 -37.4593 34.732 -41.7167 -37.6023 34.714 
-42.1008 -37.2578 34.844 -41.9258 -37.4888 34.9445 -42.0856 -37.3686 35.041 
-43.4809 -29.8555 34.3385 -43.5129 -29.9888 34.2169 -43.571 -30.213 34.1247 
-43.6476 -30.4846 34.121 -43.71 -30.7537 34.1171 -43.7436 -30.974 34.0809 
-43.7521 -31.1932 34.0175 -43.7605 -31.4621 33.9976 -43.7612 -31.7351 34.0135 
-43.7534 -31.9636 34.044 -43.6901 -32.1947 33.9817 -43.6696 -32.5014 34.0608 
-43.6631 -32.7681 34.1511 -43.5781 -32.9735 34.0461 -43.5794 -33.2412 34.1352 
-43.5764 -33.543 34.2242 -43.5185 -33.7714 34.1976 -43.4913 -33.9932 34.2546 
-43.4637 -34.2137 34.3324 -43.3949 -34.4274 34.3786 -42.1765 -27.6946 34.3567 
-42.1158 -27.9861 34.4075 -42.098 -28.1992 34.425 -42.1201 -28.3414 34.4044 
-42.1773 -28.4604 34.3203 -42.2019 -28.6442 34.6714 -42.3238 -28.7843 34.5935 
-42.1453 -28.4794 34.5206 -43.4704 -29.7781 34.4908 -43.5037 -29.7747 34.6903 
-43.419 -29.6009 34.8827 -43.1293 -29.3334 34.8943 -43.299 -29.4499 35.0561 
-42.9668 -29.2322 35.0163 -42.2956 -28.7968 34.8351 -42.4313 -28.9304 35.0119 
-42.6159 -29.042 34.919 -42.7848 -29.1403 35.1196 -43.1711 -34.9882 34.533 
-43.0634 -35.3281 34.6685 -43.1706 -35.1436 34.6799 -43.2689 -34.9393 34.6439 
-43.412 -34.7109 34.6523 -42.9943 -35.5857 34.767 -42.9336 -35.7595 34.7941 
-42.9146 -35.9257 34.8921 -42.8366 -36.1637 34.9354 -42.2731 -27.3673 33.9741 
-42.2776 -27.3669 34.0279 -42.2807 -27.3692 34.0694 -42.2603 -27.4495 34.3048 
-42.2657 -37.2932 35.2754 -42.406 -37.1521 35.301 -42.5431 -36.9619 35.2556 
-42.674 -36.6466 35.0655 -42.7461 -36.4652 35.0259 -42.6433 -36.7787 35.181 
-40.9062 -39.728 28.4126 -41.0959 -39.6174 28.2753 -41.0125 -39.7448 28.3996 
-40.6099 -39.6479 28.4897 -40.3123 -39.5625 28.6624 -40.4643 -39.6286 28.5664 
-40.1513 -39.4284 28.7675 -40.1012 -39.5257 28.9066 -39.9866 -39.5435 29.131 
-39.8433 -39.008 29.2811 -39.848 -39.1557 29.2524 -39.8609 -39.3472 29.3093 
-39.9902 -38.6705 29.6734 -40.0534 -38.6949 30.0046 -39.8838 -38.8436 29.5317 
-39.8381 -38.9759 29.4436 -40.1153 -38.6892 30.2114 -40.1455 -38.7383 30.4326 
-40.1777 -38.7961 30.71 -40.4652 -38.5274 31.2791 -40.5783 -38.3736 31.4479 
-40.3652 -38.654 31.1516 -40.188 -38.8618 30.9494 -40.2525 -38.8357 31.1881 
-40.6907 -38.2047 31.6283 -40.7976 -38.0268 31.8034 -40.8969 -37.8531 31.9907 
-40.9926 -37.6818 32.1838 -41.0848 -37.5882 32.66 -41.1711 -37.4812 32.8704 
-40.9961 -37.7239 32.4675 -41.17 -37.5758 33.1636 -41.2338 -37.5584 33.3969 
-41.256 -37.624 33.6416 -41.4555 -37.6073 34.152 -41.2964 -37.7015 33.946 
-41.5581 -37.5582 34.2943 -41.5447 -37.6767 34.4843 -41.8266 -37.5526 34.8604 
-41.5853 -37.7809 34.7567 -41.6553 -37.8389 35.0002 -41.817 -37.6733 35.0592 
-41.9924 -37.5996 35.2956 -42.1289 -37.4574 35.3163 -43.5454 -29.9618 34.4338 
-43.6352 -30.2117 34.4189 -43.7156 -30.4684 34.405 -43.76 -30.6787 34.3407 
-43.768 -30.8394 34.2383 -43.8015 -31.0138 34.2335 -43.8311 -31.2633 34.2132 
-43.8472 -31.5474 34.2074 -43.8499 -31.8628 34.2335 -43.7925 -32.105 34.1706 
-43.7734 -32.3363 34.212 -43.753 -32.5954 34.2712 -43.7408 -32.8052 34.3252 
-43.6816 -33.0262 34.2768 -43.6739 -33.3212 34.3479 -43.6788 -33.5585 34.4248 
-43.6273 -33.8391 34.4268 -43.5689 -34.1538 34.4758 -43.5117 -34.3462 34.4995 
-43.4976 -34.5088 34.6037 -42.2528 -27.5058 34.5871 -42.1457 -27.7676 34.6696 
-42.074 -28.1119 34.5536 -42.0827 -27.981 34.6341 -42.0755 -28.2809 34.6004 
-42.0854 -28.4464 34.8044 -42.1563 -28.6447 34.9574 -43.6096 -29.9716 34.7133 
-43.5608 -29.7644 34.9816 -43.4735 -29.5839 35.2104 -43.1493 -29.3308 35.205 
-43.341 -29.4365 35.3873 -42.9735 -29.232 35.3232 -42.2629 -28.7984 35.1277 
-42.4094 -28.9257 35.319 -42.5944 -29.0423 35.2154 -42.7814 -29.1375 35.4237 
-43.1667 -35.3451 34.8632 -43.11 -35.5693 34.9679 -43.2754 -35.2396 34.9528 
-43.4125 -34.9971 34.9409 -43.5339 -34.6344 34.7759 -43.5025 -34.8011 34.8858 
-43.0079 -35.8289 35.0008 -42.9427 -36.044 35.0546 -42.9237 -36.21 35.171 
-42.856 -36.426 35.2479 -42.2982 -27.3801 34.2791 -42.3052 -27.3888 34.3816 
-42.3785 -37.2487 35.4308 -42.2043 -37.4899 35.5312 -42.3645 -37.3691 35.6301 
-42.4788 -37.18 35.5174 -42.6618 -36.8429 35.3262 -42.6433 -36.9295 35.4251 
-42.6342 -37.0455 35.6154 -42.7396 -36.6721 35.268 -40.7081 -39.8676 28.6021 
-40.9475 -39.8684 28.499 -40.9159 -39.9302 28.5585 -40.987 -39.7984 28.4449 
-40.5579 -39.7275 28.5684 -40.2067 -39.5973 28.8026 -40.467 -39.7442 28.6547 
-40.3229 -39.7192 28.7678 -40.1983 -39.7437 28.9403 -40.0905 -39.8688 29.1646 
-39.8742 -39.5541 29.3728 -39.9385 -39.7679 29.352 -39.8193 -39.1729 29.452 
-39.8106 -39.4414 29.5503 -39.8933 -38.8827 29.7381 -39.941 -38.8675 29.9453 
-40.0039 -38.8991 30.2747 -39.8321 -39.0492 29.659 -40.0695 -38.9092 30.5726 
-40.0711 -39.0099 30.8488 -40.4717 -38.5753 31.5717 -40.363 -38.7162 31.3985 
-40.5838 -38.4185 31.7841 -40.1362 -38.9895 31.0968 -40.1521 -39.0363 31.3313 
-40.2593 -38.9066 31.4938 -40.7059 -38.2178 31.9232 -40.806 -38.0484 32.0927 
-40.9019 -37.8838 32.2824 -40.9998 -37.7581 32.6966 -41.0567 -37.7021 32.9268 
-40.9026 -37.9221 32.587 -41.0554 -37.7675 33.1909 -41.1173 -37.7494 33.4562 
-41.1362 -37.8465 33.8151 -41.319 -37.7844 34.1874 -41.3814 -37.8311 34.4183 
-41.205 -37.8859 34.1144 -41.472 -37.8826 34.6952 -41.5417 -37.9174 34.8961 
-41.5586 -37.9943 35.0531 -41.7497 -37.8818 35.2751 -41.6206 -38.0402 35.2513 
-41.861 -37.7756 35.3365 -42.1037 -37.5516 35.4461 -41.934 -37.8373 35.5865 
-42.0978 -37.6785 35.6488 -43.7091 -30.2012 34.7099 -43.7673 -30.3995 34.6395 
-43.7828 -30.5605 34.5159 -43.8297 -30.7693 34.4631 -43.8923 -31.0337 34.4483 
-43.9401 -31.323 34.4377 -43.9461 -31.6366 34.4078 -43.9545 -31.885 34.4398 
-43.8991 -32.1718 34.4041 -43.8409 -32.4565 34.392 -43.8367 -32.7119 34.478 
-43.776 -32.9305 34.4368 -43.7687 -33.147 34.4849 -43.7657 -33.408 34.5467 
-43.7544 -33.6739 34.5967 -43.7426 -33.8969 34.6471 -43.6868 -34.1007 34.6454 
-43.6277 -34.4089 34.7432 -42.3124 -27.4014 34.5363 -42.3168 -27.4142 34.6916 
-42.2398 -27.5473 34.9217 -42.0762 -27.9398 34.8335 -42.1326 -27.7668 34.9543 
-42.0517 -28.1124 34.7247 -42.0401 -28.2521 34.8121 -42.0267 -28.2967 35.0169 
-42.0586 -28.4823 35.1019 -42.1299 -28.6458 35.2496 -43.6925 -29.9614 35.0203 
-43.6565 -29.7433 35.3344 -43.5534 -29.551 35.5771 -43.1773 -29.3202 35.5274 
-43.3842 -29.4057 35.7058 -42.9876 -29.2194 35.6369 -42.2455 -28.7842 35.4324 
-42.4072 -28.9021 35.6306 -42.5883 -29.0314 35.5227 -42.7874 -29.1183 35.7256 
-43.2074 -35.4583 35.0446 -43.1917 -35.6236 35.1749 -43.1271 -35.8383 35.2532 
-43.4073 -35.2782 35.2371 -43.2859 -35.5268 35.2637 -43.5243 -34.9262 35.059 
-43.489 -35.0835 35.1723 -43.6216 -34.7286 35.0222 -43.0169 -36.1032 35.2751 
-42.9506 -36.3181 35.3438 -42.9257 -36.4752 35.4632 -42.8473 -36.6699 35.5296 
-42.2774 -37.6121 35.8787 -42.4102 -37.4751 35.91 -42.5465 -37.2981 35.8709 
-42.7255 -36.8528 35.5012 -42.6832 -37.1445 35.8936 -42.8141 -36.9367 35.8386 
-40.4728 -39.9361 28.8123 -40.7277 -40.0627 28.7407 -40.8811 -40.0229 28.6508 
-40.8557 -40.0814 28.7045 -40.2797 -40.0027 29.0279 -40.1755 -40.0839 29.1852 
-40.0348 -40.0595 29.3591 -39.845 -39.6689 29.5186 -39.8806 -39.9034 29.5612 
-39.7979 -39.2599 29.6684 -39.7825 -39.4197 29.7711 -39.7904 -39.6737 29.7462 
-39.8621 -39.0161 29.8698 -39.8797 -39.0755 30.0916 -39.8953 -39.1355 30.3281 
-39.9562 -39.1089 30.5806 -39.8084 -39.232 29.8962 -39.957 -39.2061 30.8553 
-40.0185 -39.2009 31.1582 -40.4741 -38.6157 31.8191 -40.3646 -38.7831 31.7154 
-40.6331 -38.3666 32.0483 -40.5287 -38.5554 32.0678 -40.1678 -39.0848 31.5945 
-40.0774 -39.1934 31.4504 -40.2562 -38.9716 31.738 -40.7175 -38.2274 32.1935 
-40.8092 -38.0734 32.3681 -40.9538 -37.8639 32.8275 -40.9576 -37.8963 33.0562 
-40.8022 -38.1083 32.5982 -40.8486 -38.0513 32.8564 -40.9746 -37.9254 33.337 
-40.9987 -37.9625 33.6329 -41.0149 -38.0079 33.8601 -41.0738 -38.0094 34.0471 
-41.2651 -37.9083 34.3119 -41.2777 -37.9733 34.4621 -41.3444 -38.0023 34.6431 
-41.1491 -38.0793 34.3795 -41.4367 -38.0993 34.9751 -41.535 -38.0806 35.1378 
-41.8204 -37.9084 35.4734 -41.7283 -38.0729 35.5324 -41.5173 -38.1865 35.2629 
-41.5942 -38.2297 35.4872 -41.8364 -37.9944 35.6405 -42.0364 -37.9003 35.8786 
-41.9093 -38.0371 35.8424 -42.1543 -37.7941 35.9364 -43.7653 -30.1392 34.9526 
-43.7883 -30.2878 34.8246 -43.8546 -30.4911 34.7624 -43.9687 -30.7676 34.7609 
-43.9999 -31.068 34.6411 -44.0365 -31.2533 34.628 -44.0425 -31.4669 34.5918 
-44.0502 -31.7416 34.5935 -44.0314 -32.0187 34.5987 -44.0097 -32.2458 34.6229 
-43.948 -32.4751 34.5962 -43.949 -32.7642 34.7026 -43.8599 -32.9675 34.6059 
-43.8649 -33.2317 34.6852 -43.8611 -33.5134 34.7452 -43.8528 -33.8183 34.8154 
-43.788 -34.0396 34.7846 -43.758 -34.2459 34.8425 -43.7316 -34.3974 34.8942 
-43.7221 -34.5334 34.9974 -42.3147 -27.4264 34.833 -42.3133 -27.4376 34.9818 
-42.2931 -27.4695 35.1789 -42.1727 -27.6906 35.2593 -42.074 -27.9231 35.091 
-42.035 -28.109 34.9465 -42.0265 -28.1298 35.2293 -42.0179 -28.3358 35.2432 
-42.0482 -28.4776 35.3789 -42.121 -28.6261 35.5351 -43.7672 -29.9092 35.2907 
-43.789 -30.0451 35.1384 -43.7142 -29.6686 35.6245 -43.8374 -29.8074 35.5889 
-43.5642 -29.4615 35.8747 -43.7334 -29.5812 35.8389 -43.2264 -29.2883 35.8724 
-43.4357 -29.3717 35.9422 -42.9892 -29.1806 35.9258 -42.2431 -28.7368 35.7548 
-42.4312 -28.8629 35.9282 -42.6017 -28.9989 35.8301 -42.8036 -29.0793 35.9978 
-43.2199 -35.7382 35.3441 -43.1993 -35.9033 35.4674 -43.1313 -36.1168 35.5406 
-43.5067 -35.201 35.344 -43.4761 -35.3543 35.4615 -43.4031 -35.5547 35.5333 
-43.2892 -35.809 35.5614 -43.5913 -35.0168 35.2915 -43.7231 -34.6708 35.1344 
-43.7351 -34.8211 35.3347 -43.0169 -36.3749 35.5615 -42.9437 -36.5786 35.6309 
-42.9102 -36.7292 35.7517 -42.3843 -37.5745 36.024 -42.254 -37.8616 36.1954 
-42.3708 -37.69 36.1615 -42.4901 -37.5389 36.148 -42.6615 -37.2532 36.0256 
-42.6598 -37.3877 36.2227 -42.7616 -37.1849 36.1104 -42.9294 -36.814 35.9089 
-42.914 -36.9145 36.0132 -42.9128 -37.0529 36.208 -40.6446 -40.1532 28.8515 
-40.4768 -40.1669 28.9705 -40.7975 -40.2127 28.8229 -40.8122 -40.1795 28.79 
-40.3174 -40.2019 29.115 -40.2066 -40.2744 29.268 -40.0807 -40.2676 29.4066 
-39.955 -40.2352 29.577 -39.7995 -40.007 29.8054 -39.7677 -39.5005 29.9774 
-39.7367 -39.7765 30.021 -39.809 -39.3293 30.2082 -39.8533 -39.2826 30.461 
-39.8625 -39.3385 30.6942 -39.8832 -39.3814 30.976 -39.9027 -39.4156 31.2186 
-39.9674 -39.3769 31.4683 -40.4211 -38.7327 31.9668 -40.3064 -38.9438 32.0309 
-40.6266 -38.4016 32.2817 -40.43 -38.7503 32.2085 -40.5306 -38.5834 32.3767 
-40.1815 -39.1269 31.8577 -40.0764 -39.2611 31.692 -40.7192 -38.2473 32.4531 
-40.8545 -38.0807 33.18 -40.7281 -38.2496 32.7206 -40.7386 -38.2489 33.0105 
-40.8664 -38.1101 33.4888 -40.8899 -38.1524 33.8278 -40.9838 -38.0822 33.9699 
-40.9641 -38.171 34.1379 -41.2538 -38.0569 34.5587 -41.2456 -38.1797 34.747 
-40.9944 -38.2508 34.3949 -41.0719 -38.2971 34.6329 -41.3055 -38.2946 35.0347 
-41.3971 -38.3518 35.2869 -41.7985 -38.1331 35.7694 -41.6793 -38.3308 35.8214 
-41.506 -38.3037 35.418 -41.5012 -38.4297 35.6134 -42.1203 -37.9419 36.0877 
-42.0188 -38.1398 36.1772 -41.8439 -38.2361 36.0041 -43.8657 -30.2244 35.0725 
-44.0094 -30.4433 35.0992 -44.1315 -30.6608 35.0963 -44.0954 -30.923 34.8709 
-44.088 -31.1228 34.7592 -44.1264 -31.3002 34.7609 -44.1672 -31.5609 34.7825 
-44.1655 -31.8929 34.7932 -44.1146 -32.1833 34.7772 -44.0607 -32.3869 34.7558 
-44.0505 -32.6009 34.8178 -44.0359 -32.8129 34.8705 -43.9753 -33.0288 34.8284 
-43.9687 -33.3329 34.8895 -43.9639 -33.6165 34.9469 -43.962 -33.857 35.0141 
-43.8921 -34.1215 35.0113 -43.8082 -34.3858 35.027 -43.8063 -34.59 35.2091 
-42.305 -27.4514 35.1507 -42.3053 -27.4558 35.1863 -42.3005 -27.4827 35.3957 
-42.3003 -27.4856 35.4173 -42.0745 -27.9243 35.3323 -42.2204 -27.6309 35.5633 
-42.1222 -27.8459 35.594 -42.0465 -28.0478 35.4825 -42.0273 -28.2643 35.5118 
-42.0585 -28.4613 35.6528 -42.1198 -28.5874 35.7554 -43.8736 -30.0169 35.3507 
-43.7917 -29.6823 35.7368 -43.9915 -29.9684 35.6066 -44.0351 -29.8199 35.8524 
-43.883 -29.6884 35.8542 -43.5591 -29.3925 36.0557 -43.7088 -29.4613 36.0593 
-43.9121 -29.5701 36.0642 -43.1699 -29.1858 36.1607 -43.4349 -29.2893 36.1469 
-42.9674 -29.1279 36.1196 -42.181 -28.5913 35.9545 -42.314 -28.7249 36.037 
-42.4499 -28.8162 36.1316 -42.64 -28.9268 36.1569 -42.8571 -29.0478 36.1877 
-43.2222 -36.0213 35.637 -43.1986 -36.1863 35.7589 -43.127 -36.3934 35.8294 
-43.5717 -35.2786 35.5669 -43.4957 -35.4682 35.6325 -43.4706 -35.6254 35.7539 
-43.4027 -35.8346 35.8302 -43.2892 -36.0938 35.8572 -43.6894 -35.0793 35.5635 
-43.7949 -34.9483 35.6101 -43.9141 -34.7075 35.5459 -43.007 -36.6308 35.8427 
-42.1519 -38.0331 36.2563 -42.3635 -37.8106 36.3088 -42.2455 -38.1032 36.4788 
-42.3666 -37.9372 36.4627 -42.4706 -37.7677 36.4178 -42.605 -37.6052 36.4297 
-42.7227 -37.515 36.5051 -42.8428 -37.3337 36.4649 -42.9954 -36.8425 36.0885 
-42.9719 -37.1844 36.4979 -43.0878 -36.9629 36.4299 -40.7556 -40.3057 28.9104 
-40.7024 -40.3457 28.9646 -40.4717 -40.3417 29.0886 -40.3401 -40.3256 29.1709 
-40.171 -40.4908 29.4282 -40.3915 -40.4715 29.2297 -39.8123 -40.3663 29.8452 
-39.9915 -40.5391 29.6391 -39.6965 -40.0875 30.0786 -39.7447 -39.5851 30.2003 
-39.6864 -39.8157 30.3078 -39.7676 -39.5187 30.4715 -39.7747 -39.5517 30.7962 
-39.7866 -39.5876 31.1132 -39.8519 -39.535 31.362 -39.8584 -39.5765 31.6022 
-39.9725 -39.4464 31.7782 -40.1927 -39.1566 32.0939 -40.3529 -38.9034 32.3282 
-40.2454 -39.0959 32.3445 -40.628 -38.4186 32.5562 -40.4368 -38.7628 32.4857 
-40.5309 -38.5974 32.6631 -40.0812 -39.3212 31.9952 -40.7421 -38.2652 33.3161 
-40.6303 -38.4251 32.841 -40.6294 -38.431 33.1363 -40.7455 -38.2925 33.624 
-40.7516 -38.3194 33.8533 -40.8104 -38.302 34.0399 -40.8616 -38.3436 34.2956 
-41.1522 -38.428 34.9897 -40.9328 -38.3747 34.5205 -40.9581 -38.474 34.7512 
-41.2816 -38.3998 35.1535 -41.2558 -38.5063 35.28 -41.3406 -38.5562 35.513 
-41.5544 -38.5293 35.8803 -41.7719 -38.4359 36.1629 -41.6326 -38.5576 36.0855 
-41.4093 -38.6656 35.8399 -41.8929 -38.3399 36.2392 -42.1314 -38.1308 36.345 
-41.9852 -38.4017 36.4705 -42.1157 -38.2502 36.4676 -44.0146 -30.1738 35.3908 
-44.1455 -30.3309 35.4056 -44.1228 -30.4792 35.2345 -44.2102 -30.8563 35.0745 
-44.3206 -30.6913 35.3213 -44.226 -30.4999 35.3517 -44.1991 -31.0899 34.9419 
-44.2384 -31.3317 34.9188 -44.2778 -31.5046 34.9434 -44.2767 -31.7093 34.9383 
-44.2834 -31.9209 34.9675 -44.2379 -32.1264 34.948 -44.1877 -32.4373 34.9712 
-44.1338 -32.7409 34.9983 -44.0828 -32.9419 34.9838 -44.0804 -33.1665 35.0346 
-44.0741 -33.4501 35.089 -44.0634 -33.7307 35.1437 -44.0303 -33.9953 35.1829 
-43.9957 -34.2052 35.2303 -43.9232 -34.4061 35.2568 -42.3001 -27.486 35.4205 
-42.3042 -27.5293 35.6599 -42.2286 -27.6841 35.8199 -42.0662 -28.0763 35.7361 
-42.1468 -27.9012 35.9236 -42.0658 -28.2918 35.8588 -42.0958 -28.4723 35.8707 
-44.1265 -30.0691 35.6659 -44.0795 -29.9477 35.7543 -44.1723 -29.9488 35.8582 
-43.9861 -29.6894 35.9759 -44.2234 -29.8475 36.0141 -44.1085 -29.691 36.0826 
-43.6373 -29.3573 36.1902 -43.8287 -29.395 36.2509 -44.1172 -29.4917 36.295 
-43.0191 -29.0805 36.2775 -43.1786 -29.1 36.3519 -43.3591 -29.1534 36.35 
-43.6324 -29.2222 36.3678 -42.1567 -28.3922 36.1048 -42.266 -28.5829 36.1666 
-42.3978 -28.7004 36.2414 -42.5166 -28.8128 36.2479 -42.5925 -28.835 36.2955 
-42.8631 -28.9581 36.3344 -42.6956 -28.8242 36.3715 -43.2189 -36.3049 35.9299 
-43.1921 -36.4668 36.0509 -43.115 -36.6634 36.1168 -43.6869 -35.3043 35.8346 
-43.5666 -35.5386 35.8536 -43.4956 -35.7411 35.927 -43.4761 -35.906 36.0548 
-43.4079 -36.1226 36.1339 -43.2864 -36.3793 36.1536 -43.7645 -35.1125 35.7592 
-43.8757 -35.0234 35.8633 -44.0017 -34.4844 35.4614 -44.0309 -34.5757 35.6076 
-44.0215 -34.6807 35.7083 -44.0313 -34.829 35.9107 -42.3692 -38.0668 36.6151 
-42.2196 -38.3466 36.7314 -42.3609 -38.201 36.7552 -42.5034 -38.0247 36.7615 
-42.6063 -37.7886 36.653 -42.6925 -37.6539 36.6316 -42.8217 -37.6094 36.7752 
-42.9548 -37.3051 36.6231 -42.9443 -37.4394 36.769 -43.0626 -37.2657 36.7565 
-43.1788 -36.7461 36.3458 -43.1995 -36.8507 36.5095 -43.1819 -36.957 36.5998 
-43.1706 -37.0879 36.7338 -40.7343 -40.3541 28.959 -40.6265 -40.5173 29.1194 
-40.7247 -40.3739 28.977 -40.6499 -40.5213 29.1136 -40.401 -40.6758 29.3413 
-40.2792 -40.7458 29.4522 -40.1357 -40.6918 29.5446 -40.558 -40.6474 29.2354 
-39.6814 -40.3724 30.0618 -39.8977 -40.6566 29.7891 -39.7488 -40.6661 29.9807 
-40.0463 -40.7816 29.6703 -39.6257 -40.0471 30.2919 -39.6071 -40.2443 30.2277 
-39.6075 -39.9686 30.4765 -39.68 -39.7535 30.612 -39.6795 -39.7523 30.8954 
-39.6741 -39.7753 31.1334 -39.7319 -39.7174 31.3948 -39.8646 -39.6185 31.8815 
-39.7398 -39.75 31.7165 -39.9669 -39.5001 32.0198 -40.138 -39.2694 32.2402 
-40.3398 -38.943 32.5737 -40.1355 -39.2902 32.485 -40.2368 -39.1269 32.6599 
-40.4307 -38.7789 32.7654 -40.5263 -38.6046 32.9521 -40.0188 -39.4509 32.2811 
-40.6238 -38.4455 33.4427 -40.5179 -38.6071 33.2443 -40.6111 -38.4873 33.8027 
-40.7145 -38.3881 33.9636 -40.6977 -38.4663 34.1518 -40.7855 -38.5193 34.5186 
-40.9785 -38.6001 35.0072 -41.1002 -38.6485 35.2745 -40.8288 -38.6259 34.8213 
-41.2334 -38.6159 35.4219 -41.2143 -38.7217 35.5892 -41.5313 -38.6291 36.0029 
-41.8509 -38.4799 36.3681 -41.7316 -38.6529 36.4324 -41.5134 -38.7328 36.171 
-41.2514 -38.8148 35.834 -41.3273 -38.8447 36.0459 -41.876 -38.5535 36.5151 
-42.1 -38.373 36.5972 -41.9541 -38.5778 36.6686 -42.0804 -38.4816 36.7114 
-44.1231 -30.1901 35.5267 -44.3322 -30.3585 35.6042 -44.2222 -30.2023 35.6354 
-44.3218 -30.9492 35.1733 -44.4303 -30.8587 35.3533 -44.3268 -30.5143 35.4612 
-44.4989 -30.7179 35.5136 -44.4373 -30.5367 35.5695 -44.3325 -31.1853 35.0911 
-44.3353 -31.3792 35.0428 -44.3731 -31.5605 35.0771 -44.3938 -31.8296 35.1161 
-44.3428 -32.0507 35.0794 -44.335 -32.2769 35.1315 -44.3206 -32.4996 35.1856 
-44.2573 -32.6926 35.1622 -44.1996 -32.9744 35.1655 -44.1916 -33.2878 35.2333 
-44.1797 -33.5798 35.2884 -44.1638 -33.8911 35.3676 -44.0914 -34.1618 35.3755 
-44.0258 -34.3318 35.3694 -42.3068 -27.5406 35.7191 -42.3198 -27.5915 35.9209 
-42.2657 -27.7428 36.107 -42.1002 -28.1074 36.0086 -42.2031 -27.9809 36.2057 
-42.1003 -28.2418 36.0793 -44.3015 -30.0802 35.8489 -44.2708 -29.9528 35.9538 
-44.3816 -29.952 36.0486 -44.3623 -29.7437 36.2168 -43.9345 -29.2499 36.4441 
-44.2224 -29.2827 36.4971 -44.4176 -29.5124 36.4162 -43.0711 -28.9835 36.4347 
-43.2559 -29.0327 36.4653 -43.453 -29.0236 36.5216 -43.7362 -29.0351 36.5697 
-42.1426 -28.2519 36.1861 -42.3027 -28.4611 36.3055 -42.2552 -28.2134 36.3247 
-42.3376 -28.588 36.2873 -42.5422 -28.737 36.3543 -42.438 -28.5862 36.3779 
-42.902 -28.8135 36.4976 -42.6598 -28.6169 36.5032 -43.2104 -36.5847 36.223 
-43.7874 -35.2145 35.9328 -43.7609 -35.3632 36.0545 -43.6899 -35.5569 36.1186 
-43.5773 -35.8094 36.1514 -43.5126 -36.0282 36.242 -43.4937 -36.2017 36.3743 
-43.4116 -36.4171 36.4387 -43.2799 -36.659 36.4464 -43.9854 -35.0806 36.1402 
-43.8673 -35.2791 36.1538 -44.1027 -34.3916 35.5671 -44.1076 -34.6072 35.7899 
-44.099 -34.9647 36.1996 -44.2239 -34.74 36.1438 -42.3464 -38.3344 36.8879 
-42.178 -38.5459 36.9306 -42.3222 -38.4564 37.0069 -42.474 -38.3153 37.0481 
-42.6575 -37.9269 36.8822 -42.6178 -38.0469 36.9515 -42.6019 -38.1693 37.062 
-42.7144 -37.7681 36.7951 -42.9365 -37.5804 36.9226 -42.7979 -37.8742 37.034 
-42.9311 -37.7294 37.0772 -43.0535 -37.5492 37.066 -43.1629 -37.2278 36.8841 
-43.161 -37.367 37.0367 -43.2711 -36.9199 36.7216 -43.2625 -37.1862 37.0021 
-40.5747 -40.6523 29.2322 -40.641 -40.5374 29.1275 -40.4201 -40.8325 29.4112 
-40.5053 -40.7559 29.3402 -40.4556 -40.8332 29.3977 -40.3489 -40.8719 29.4715 
-40.2383 -40.8847 29.5592 -40.5639 -40.6687 29.2471 -39.596 -40.5091 30.1946 
-39.9478 -40.9239 29.83 -39.778 -41.0074 30.0095 -39.6059 -40.8303 30.168 
-40.1294 -40.976 29.6903 -39.5716 -40.1418 30.3826 -39.5253 -40.3338 30.3822 
-39.5875 -39.9433 30.7222 -39.527 -40.1442 30.5559 -39.5763 -39.9299 30.9906 
-39.5859 -39.9061 31.2677 -39.6016 -39.8938 31.5577 -39.8763 -39.6332 32.1571 
-39.7448 -39.7725 32.0065 -39.6071 -39.9017 31.8492 -40.3258 -38.9637 32.8582 
-40.1329 -39.2946 32.769 -40.0178 -39.4614 32.6147 -40.223 -39.14 32.9265 
-40.4179 -38.7864 33.0566 -39.8852 -39.6298 32.4514 -40.5057 -38.6134 33.5223 
-40.4073 -38.7749 33.3477 -40.4737 -38.6498 33.7127 -40.4795 -38.6483 33.8736 
-40.5347 -38.6181 34.0698 -40.5905 -38.6469 34.3669 -40.6479 -38.7289 34.7154 
-40.8531 -38.721 35.0383 -40.9696 -38.6883 35.1461 -40.938 -38.7685 35.2476 
-41.0268 -38.8134 35.4671 -40.7576 -38.7169 34.8865 -41.1005 -38.8806 35.721 
-41.5503 -38.8244 36.4283 -41.8605 -38.6374 36.6146 -41.6406 -38.8642 36.6683 
-41.8793 -38.749 36.8235 -41.3883 -38.9044 36.305 -41.1787 -38.9172 35.9336 
-41.1967 -38.985 36.1444 -42.0429 -38.621 36.8533 -44.3197 -30.2117 35.7358 
-44.5656 -30.3961 35.8215 -44.426 -30.227 35.8299 -44.4497 -31.0622 35.2887 
-44.5625 -30.9208 35.4835 -44.6579 -30.7663 35.668 -44.5804 -30.5942 35.6861 
-44.4565 -31.3407 35.2212 -44.4963 -31.6227 35.2481 -44.5175 -31.8533 35.2905 
-44.4632 -32.1021 35.2646 -44.459 -32.4465 35.3607 -44.3671 -32.6476 35.3028 
-44.3415 -32.8656 35.3373 -44.3196 -33.1443 35.3858 -44.2994 -33.4312 35.4312 
-44.2815 -33.7032 35.4853 -44.2739 -33.9239 35.5594 -44.2144 -34.1504 35.589 
-42.3317 -27.6143 36.023 -42.3561 -27.6637 36.1992 -42.3323 -27.8003 36.356 
-42.1397 -28.1579 36.1762 -42.3207 -27.9846 36.4227 -44.4914 -30.1161 35.9925 
-44.6251 -29.9995 36.1957 -44.638 -29.7371 36.3793 -44.0295 -29.0494 36.6003 
-44.4889 -29.3139 36.5412 -44.312 -29.0772 36.6094 -44.6511 -29.5211 36.4984 
-43.1931 -28.8425 36.5914 -43.5014 -28.7952 36.6927 -43.8195 -28.8271 36.7028 
-42.4571 -28.387 36.4778 -42.4705 -28.1094 36.5732 -42.9352 -28.601 36.6514 
-42.6983 -28.3382 36.6651 -43.7947 -35.4707 36.2302 -43.7739 -35.6227 36.3399 
-43.7007 -35.7991 36.368 -43.6272 -36.1029 36.5073 -43.5274 -36.3361 36.5609 
-43.4968 -36.5102 36.6799 -43.4092 -36.7059 36.7335 -44.0692 -35.1207 36.3359 
-43.9894 -35.2745 36.3673 -43.906 -35.5379 36.4776 -44.2331 -34.4221 35.8354 
-44.1986 -35.058 36.459 -44.3261 -34.5097 36.0721 -44.3624 -34.6304 36.2463 
-44.342 -34.7491 36.3343 -44.3284 -34.8895 36.4621 -42.1169 -38.7291 37.1131 
-42.2741 -38.6105 37.1468 -42.4246 -38.553 37.2761 -42.5997 -38.3001 37.206 
-42.6108 -38.4481 37.4034 -42.7035 -38.0634 37.0961 -42.6998 -38.2491 37.2953 
-42.9193 -37.9204 37.2637 -42.8378 -38.1062 37.3417 -43.0629 -37.8481 37.3946 
-43.1637 -37.5086 37.1948 -43.1771 -37.6541 37.3616 -43.2727 -37.4583 37.3031 
-43.4068 -36.982 37.0195 -43.4115 -37.2469 37.2973 -40.3897 -40.9129 29.4803 
-40.4313 -40.8651 29.4282 -40.3603 -40.9442 29.5287 -40.2562 -41.0601 29.6528 
-40.2835 -41.0301 29.6157 -39.4626 -40.6288 30.3796 -39.9504 -41.1829 29.9225 
-40.1494 -41.1707 29.7889 -40.142 -41.1775 29.7963 -39.8245 -41.2413 30.0321 
-39.6496 -41.1903 30.1607 -39.456 -40.9888 30.3215 -40.1533 -41.1665 29.7827 
-39.4286 -40.3716 30.5845 -39.4669 -40.1492 30.8128 -39.4558 -40.086 31.1174 
-39.4525 -40.0529 31.413 -39.4607 -40.0316 31.7019 -39.7443 -39.782 32.2961 
-39.6014 -39.9115 32.1346 -39.4581 -40.0259 31.975 -40.2946 -38.9859 33.1658 
-40.1378 -39.2729 32.9861 -40.0213 -39.4362 32.9409 -39.883 -39.6201 32.7583 
-40.1914 -39.1693 33.1183 -39.7365 -39.7789 32.5967 -40.4105 -38.7454 33.5771 
-40.2985 -38.9273 33.5149 -40.3747 -38.7896 33.7842 -40.421 -38.7376 33.9984 
-40.4347 -38.7699 34.2264 -40.4704 -38.8191 34.5214 -40.5002 -38.8665 34.7413 
-40.5741 -38.8735 34.9057 -40.7095 -38.796 34.9682 -40.7895 -38.8414 35.1752 
-40.8765 -38.8739 35.3632 -40.9101 -38.9501 35.5775 -40.9973 -39.0228 35.8904 
-41.4664 -38.939 36.5287 -41.4861 -39.0175 36.7436 -41.7224 -38.9817 37.0215 
-41.9572 -38.8995 37.1805 -41.2594 -39.0641 36.4711 -41.0158 -39.1236 36.1925 
-44.7305 -30.6047 35.8422 -44.5385 -30.2369 35.9301 -44.7998 -30.441 36.0202 
-44.6584 -30.2368 36.0396 -44.594 -31.1712 35.4364 -44.735 -31.0099 35.6514 
-44.8217 -30.816 35.8228 -44.6102 -31.4496 35.4089 -44.6206 -31.7244 35.4194 
-44.6087 -31.9962 35.441 -44.5814 -32.2652 35.4714 -44.569 -32.4385 35.5079 
-44.4602 -32.7384 35.4618 -44.5733 -32.6057 35.5733 -44.4488 -33.0076 35.5311 
-44.4393 -33.3165 35.6078 -44.3819 -33.573 35.5991 -44.3837 -33.8341 35.7015 
-44.3187 -34.0482 35.6978 -44.3058 -34.2158 35.7859 -42.3803 -27.6929 36.3026 
-42.4164 -27.7313 36.4259 -42.4421 -27.8623 36.5441 -44.912 -29.9737 36.3953 
-44.9035 -30.2737 36.222 -44.8396 -29.6969 36.4893 -44.1066 -28.804 36.6951 
-44.6962 -29.3722 36.5605 -44.6136 -29.1328 36.5968 -44.3739 -28.9037 36.6439 
-44.3158 -28.8638 36.6593 -44.8121 -29.5176 36.5429 -43.2079 -28.5814 36.759 
-43.4217 -28.58 36.8018 -43.6298 -28.621 36.791 -43.8639 -28.6235 36.7788 
-42.5911 -27.9312 36.6889 -42.6497 -28.1042 36.7253 -42.9643 -28.3872 36.7778 
-42.8248 -28.18 36.7928 -43.8034 -35.751 36.4989 -43.7624 -35.9491 36.5932 
-43.7375 -36.0999 36.6749 -43.6288 -36.4433 36.814 -43.7447 -36.2475 36.8012 
-43.5275 -36.6421 36.8585 -43.4957 -36.8011 36.971 -44.0918 -35.2332 36.4915 
-44.0426 -35.4024 36.5778 -44.012 -35.533 36.6456 -43.8997 -35.8413 36.7083 
-44.0142 -35.6679 36.743 -44.3482 -34.3373 35.9529 -44.316 -35.0346 36.5985 
-44.1787 -35.3163 36.6859 -44.3048 -35.1709 36.7139 -44.467 -34.4162 36.2102 
-44.4604 -34.7332 36.4846 -44.4421 -35.0176 36.7313 -42.1571 -38.9081 37.4408 
-42.3135 -38.7395 37.3843 -42.5328 -38.7115 37.6338 -42.6931 -38.583 37.6832 
-42.8305 -38.3846 37.6373 -42.9672 -38.0416 37.4596 -42.9386 -38.195 37.5808 
-43.1905 -37.8019 37.5278 -43.0769 -38.1275 37.6954 -43.1976 -37.9475 37.6744 
-43.3357 -37.7459 37.6576 -43.4254 -37.4809 37.5389 -43.5292 -36.9239 37.1424 
-43.5 -37.0735 37.2515 -43.5411 -37.1899 37.4154 -43.513 -37.3319 37.5142 
-39.3535 -40.5835 30.5542 -39.3202 -40.8218 30.4966 -39.944 -41.3533 29.9951 
-39.9463 -41.3535 29.9941 -40.0311 -41.2799 29.9229 -39.8411 -41.4343 30.1023 
-39.8335 -41.4404 30.1116 -39.4641 -41.309 30.309 -39.6347 -41.4853 30.2282 
-39.8089 -41.4583 30.1285 -39.282 -41.1623 30.4586 -39.3275 -40.4774 30.6752 
-39.3615 -40.3425 30.7704 -39.3324 -40.2834 30.9748 -39.3011 -40.2311 31.2585 
-39.2772 -40.1858 31.5834 -39.329 -40.1224 31.8386 -39.5838 -39.9156 32.4277 
-39.4327 -40.0298 32.2512 -39.2792 -40.1306 32.0791 -40.1867 -39.1345 33.337 
-40.0996 -39.2985 33.1741 -39.8691 -39.6062 33.0508 -39.9754 -39.4553 33.2313 
-39.7335 -39.7586 32.8917 -39.5525 -39.9128 32.7523 -40.1612 -39.1243 33.6181 
-40.2562 -38.9651 33.7737 -40.3017 -38.9071 34.0396 -40.3196 -38.9431 34.37 
-40.3633 -39.0029 34.7206 -40.4759 -38.9382 34.8573 -40.4909 -39.032 35.0758 
-40.6518 -38.9025 35.091 -40.7131 -38.9781 35.3382 -40.7397 -39.1077 35.6741 
-40.8318 -39.1656 35.9772 -41.3277 -39.1382 36.7777 -41.4986 -39.1106 36.9756 
-41.8702 -38.9954 37.2374 -41.6308 -39.1381 37.2087 -41.8091 -39.0774 37.312 
-41.9856 -39.0231 37.4241 -41.0549 -39.1798 36.4182 -41.1394 -39.2098 36.6421 
-40.8553 -39.2153 36.1534 -40.9232 -39.2237 36.2992 -44.9302 -30.6746 36.0082 
-44.9785 -30.5092 36.1447 -44.7401 -31.2961 35.5902 -44.8771 -30.9913 35.8116 
-44.8684 -31.1782 35.7579 -44.9702 -30.912 35.9443 -44.7442 -31.578 35.5768 
-44.7388 -31.8659 35.5946 -44.7247 -32.1738 35.6438 -44.6591 -32.4352 35.6343 
-44.5711 -32.8638 35.6587 -44.7183 -32.713 35.8187 -44.5599 -33.1302 35.728 
-44.5598 -33.3552 35.7977 -44.5026 -33.5945 35.7932 -44.5111 -33.888 35.93 
-44.4108 -34.1224 35.9028 -42.4543 -27.7632 36.4975 -42.5167 -27.8 36.5763 
-45.0536 -29.8335 36.5145 -45.1392 -30.0435 36.4855 -45.1613 -30.2609 36.4125 
-45.1515 -30.5353 36.2842 -44.9611 -29.6233 36.5464 -44.0743 -28.7062 36.7215 
-43.9381 -28.6039 36.7687 -44.1461 -28.7466 36.6878 -44.91 -29.3954 36.5704 
-44.461 -28.9683 36.6305 -44.6105 -29.0786 36.5975 -44.6669 -29.1232 36.5897 
-43.1359 -28.3818 36.8339 -43.2887 -28.4466 36.8375 -43.4533 -28.4268 36.8449 
-43.6602 -28.4963 36.8181 -43.5833 -28.4333 36.8367 -43.7745 -28.5359 36.8034 
-43.8676 -28.5605 36.7878 -42.5924 -27.8532 36.6575 -42.6623 -27.8953 36.7121 
-42.7398 -28.0087 36.7809 -43.0116 -28.2432 36.8392 -42.9177 -28.0747 36.8174 
-42.8564 -28.0253 36.8059 -43.8346 -36.0879 36.7999 -43.7561 -36.3974 36.9405 
-43.6305 -36.7398 37.0941 -43.7572 -36.5487 37.0727 -43.9101 -36.3323 37.0709 
-44.1035 -35.5227 36.7578 -44.0294 -35.8436 36.8814 -43.9788 -36.0345 36.9442 
-44.1597 -35.7199 36.9527 -44.2959 -35.335 36.8478 -44.2373 -35.4925 36.8952 
-44.4124 -35.2602 36.9092 -44.5405 -34.1229 36.1074 -44.6049 -34.2828 36.3079 
-44.5791 -34.428 36.3759 -44.5808 -34.5703 36.4958 -44.5876 -34.7146 36.6301 
-44.5854 -34.8604 36.7569 -44.5779 -35.0106 36.8793 -44.5652 -35.1632 36.9864 
-42.1159 -39.0199 37.5673 -42.2365 -39.0328 37.7217 -42.3557 -38.8918 37.6576 
-42.6742 -38.6911 37.7904 -42.5104 -38.9397 37.904 -42.6574 -38.7951 37.8972 
-42.8045 -38.6479 37.9012 -42.9765 -38.2967 37.7386 -42.957 -38.3909 37.8116 
-42.9411 -38.4993 37.9053 -43.2004 -38.0885 37.8104 -43.0764 -38.3633 37.9232 
-43.2003 -38.2114 37.9192 -43.3346 -38.0516 37.9148 -43.5105 -37.6232 37.7569 
-43.4846 -37.7604 37.8388 -43.4755 -37.8958 37.9292 -43.55 -37.4493 37.6592 
-43.6419 -37.0062 37.359 -43.675 -37.2658 37.6226 -39.2494 -40.6592 30.6666 
-39.1523 -40.9424 30.6394 -39.9449 -41.3547 29.9955 -39.9346 -41.3626 30.0058 
-39.477 -41.569 30.3322 -39.3361 -41.4401 30.4052 -39.6278 -41.5858 30.2601 
-39.5614 -41.6307 30.3066 -39.6877 -41.5482 30.2282 -39.1251 -41.2064 30.5764 
-39.1749 -41.4342 30.5152 -39.2533 -40.4788 30.8297 -39.141 -40.466 31.0832 
-39.1165 -40.3518 31.3977 -39.0967 -40.2983 31.6299 -39.1372 -40.2299 31.8634 
-39.3993 -40.0292 32.5345 -39.2398 -40.1262 32.3602 -39.0453 -40.2262 32.1979 
-40.0626 -39.3022 33.4298 -39.8455 -39.5946 33.3119 -39.7251 -39.7325 33.1672 
-39.9292 -39.4703 33.4785 -39.6008 -39.8518 33.021 -39.3637 -40.0277 32.7693 
-39.4121 -39.9692 33.0228 -40.1533 -39.1119 33.9152 -40.008 -39.3287 33.7395 
-40.1775 -39.0936 34.2173 -40.2016 -39.1194 34.5086 -40.2115 -39.177 34.743 
-40.2869 -39.1855 34.9748 -40.55 -39.1383 35.4203 -40.3568 -39.2701 35.3286 
-40.5606 -39.2192 35.6291 -40.6345 -39.281 35.9079 -40.7655 -39.2447 36.0674 
-41.2293 -39.2407 36.8653 -41.3621 -39.197 36.9707 -41.4668 -39.2042 37.1296 
-41.5521 -39.2875 37.3871 -41.7382 -39.1864 37.4254 -41.9012 -39.1509 37.5446 
-42.075 -39.1103 37.6631 -40.9497 -39.2832 36.4993 -41.0341 -39.3702 36.8393 
-40.7589 -39.3272 36.2562 -45.0752 -30.6574 36.1563 -45.0913 -30.8424 36.0977 
-44.8734 -31.4365 35.7389 -44.9669 -31.0894 35.8859 -44.9951 -31.2966 35.8907 
-45.1006 -31.1101 36.0365 -44.8717 -31.7258 35.7506 -44.855 -32.0124 35.7794 
-44.84 -32.2308 35.8193 -44.7834 -32.4166 35.804 -44.6622 -32.9946 35.8341 
-44.8661 -32.58 35.9858 -44.8434 -32.7968 36.0354 -44.784 -33.0173 36.024 
-44.6746 -33.2557 35.9387 -44.6195 -33.4908 35.933 -44.6196 -33.7217 36.0216 
-44.6096 -33.941 36.1061 -45.1909 -29.6928 36.5629 -45.2719 -29.9903 36.5458 
-45.2848 -30.1728 36.5095 -45.358 -30.332 36.496 -45.3505 -30.5163 36.4337 
-45.1904 -30.7587 36.223 -45.359 -30.8016 36.3527 -44.9084 -29.3286 36.5679 
-44.9789 -29.3911 36.564 -43.2129 -28.2464 36.8573 -43.3138 -28.2319 36.853 
-43.4599 -28.3266 36.8456 -42.7481 -27.9369 36.7643 -42.9672 -28.0967 36.8296 
-43.7529 -36.6971 37.1999 -43.7522 -36.8248 37.3147 -43.889 -36.6531 37.3032 
-44.1068 -36.1373 37.1503 -44.1035 -36.3309 37.269 -44.0454 -36.5045 37.3348 
-44.112 -35.938 37.0348 -44.3438 -35.623 37.0867 -44.2988 -35.9323 37.2205 
-44.3595 -35.4305 36.9842 -44.5192 -35.4307 37.1313 -44.6444 -34.0874 36.2401 
-44.737 -34.1996 36.4447 -44.6701 -34.4326 36.5082 -44.7284 -34.677 36.7731 
-44.7226 -34.9825 37.0081 -44.724 -35.2508 37.2013 -42.3683 -38.9902 37.8116 
-42.2069 -39.2117 37.9358 -42.3633 -39.0792 37.9259 -42.6483 -38.8992 38.0104 
-42.4894 -39.11 38.0843 -42.6579 -38.9952 38.1176 -42.7658 -38.842 38.0665 
-42.931 -38.6143 38.0125 -42.9338 -38.7254 38.1138 -43.0437 -38.5634 38.0724 
-43.202 -38.3311 38.0245 -43.215 -38.4523 38.1236 -43.321 -38.2822 38.0797 
-43.4758 -38.0343 38.0299 -43.5008 -38.1742 38.1287 -43.6692 -37.5137 37.8195 
-43.6477 -37.7544 37.9695 -43.6144 -37.9989 38.0967 -43.7596 -36.9438 37.4309 
-43.7978 -37.045 37.5528 -43.8721 -37.1706 37.7214 -43.8772 -37.3689 37.873 
-39.1048 -40.705 30.84 -39.0052 -40.9302 30.7907 -39.0126 -41.1551 30.689 
-39.5035 -41.6674 30.3505 -39.4109 -41.7265 30.4212 -39.3279 -41.705 30.4596 
-39.0419 -41.3462 30.6157 -39.0421 -41.5128 30.6041 -39.1349 -41.6454 30.5516 
-38.9446 -40.7209 31.0227 -38.9063 -40.5578 31.2917 -38.9371 -40.4118 31.5657 
-38.9804 -40.3311 31.7608 -38.9111 -40.3161 31.9771 -39.1935 -40.1184 32.6475 
-39.0639 -40.1902 32.46 -38.8275 -40.3087 32.2004 -38.835 -40.2649 32.467 
-39.8338 -39.5811 33.4817 -39.7158 -39.697 33.4584 -39.5577 -39.8481 33.2658 
-39.8317 -39.5526 33.676 -39.2406 -40.0714 32.8894 -39.3535 -39.9622 33.3355 
-39.1909 -40.0614 33.1213 -40.0242 -39.2934 34.1087 -39.8876 -39.4666 33.9523 
-40.0861 -39.2375 34.373 -40.0814 -39.3117 34.6431 -40.1527 -39.302 34.884 
-40.1836 -39.3662 35.1217 -40.4697 -39.2392 35.5055 -40.2108 -39.4323 35.3446 
-40.2755 -39.4614 35.5587 -40.437 -39.3457 35.6696 -40.4729 -39.4219 35.9171 
-40.5521 -39.4445 36.1275 -41.2995 -39.3123 37.1154 -41.3482 -39.4596 37.4517 
-41.5967 -39.4551 37.718 -41.7983 -39.2975 37.6723 -41.9961 -39.2235 37.7558 
-40.8159 -39.415 36.5775 -40.836 -39.4946 36.7887 -41.1303 -39.474 37.1961 
-40.917 -39.5893 37.0896 -40.6186 -39.5475 36.4794 -45.243 -30.9809 36.2074 
-45.0056 -31.5799 35.9047 -45.1355 -31.4205 36.0499 -45.2709 -31.2685 36.1958 
-45.005 -31.9018 35.9539 -44.9456 -32.1843 35.9545 -44.8893 -32.3709 35.939 
-45.0122 -32.4455 36.1463 -44.9511 -32.7404 36.1749 -44.8976 -32.9374 36.1685 
-44.7946 -33.2776 36.1281 -44.8959 -33.1551 36.2404 -44.7394 -33.5366 36.1347 
-44.7363 -33.8878 36.2744 -45.1942 -29.596 36.5569 -45.2863 -29.6902 36.56 
-45.4769 -29.9649 36.5768 -45.4789 -30.245 36.5561 -45.4952 -30.4705 36.5197 
-45.5493 -30.7066 36.4918 -45.4148 -31.1256 36.3371 -45.5778 -31.001 36.4641 
-43.0551 -28.1218 36.8384 -43.2086 -28.164 36.8493 -43.8674 -36.8721 37.4699 
-44.0235 -36.6369 37.4157 -44.0237 -36.7534 37.5101 -44.2472 -36.2223 37.3397 
-44.2098 -36.4248 37.4314 -44.1378 -36.6042 37.4945 -44.5008 -35.713 37.2861 
-44.4928 -35.9192 37.3956 -44.4405 -36.1469 37.4739 -44.7406 -35.5457 37.3989 
-44.8523 -34.0363 36.5141 -44.8613 -34.2342 36.6361 -44.7987 -34.4148 36.6691 
-44.8876 -34.5489 36.8734 -44.8693 -34.6893 36.949 -44.8596 -34.8206 37.0341 
-44.8601 -34.9514 37.13 -44.8836 -35.0709 37.2327 -44.9196 -35.2745 37.3925 
-41.9982 -39.3562 37.941 -42.3644 -39.168 38.0376 -42.2249 -39.456 38.2129 
-42.4007 -39.2572 38.1597 -42.6457 -39.1934 38.2837 -42.8937 -38.9556 38.2696 
-43.1676 -38.7018 38.2688 -43.4863 -38.4557 38.2871 -43.7965 -38.2077 38.2831 
-43.811 -37.5818 37.9767 -43.8589 -37.7128 38.0862 -43.8296 -37.9057 38.1632 
-44.0045 -36.9691 37.6687 -44.0372 -37.1683 37.8491 -44.0823 -37.3075 37.9756 
-44.0524 -37.5304 38.0852 -38.9885 -40.8069 30.8846 -38.8989 -40.9133 30.905 
-38.8894 -41.1081 30.8175 -38.8987 -41.421 30.7339 -39.3714 -41.7536 30.4626 
-39.1699 -41.8408 30.5833 -39.3295 -41.7756 30.4853 -39.2054 -41.8616 30.5747 
-39.0103 -41.6985 30.6517 -38.8005 -40.7402 31.1568 -38.7535 -40.9335 31.0344 
-38.6685 -40.7272 31.3028 -38.6936 -40.5545 31.5543 -38.7872 -40.4153 31.7934 
-38.6634 -40.3921 32.0749 -38.9956 -40.1933 32.6384 -39.0312 -40.1487 32.8867 
-38.6748 -40.3417 32.3059 -38.6023 -40.3329 32.4819 -38.6218 -40.2865 32.7372 
-38.8517 -40.2234 32.7402 -39.5183 -39.8394 33.5828 -39.6773 -39.7043 33.7186 
-39.7562 -39.6185 33.9001 -39.2943 -39.9693 33.6143 -39.1384 -40.0527 33.3996 
-38.9642 -40.1328 33.1933 -39.9033 -39.4508 34.1747 -39.962 -39.4079 34.3959 
-39.7988 -39.5736 34.1149 -39.9563 -39.4836 34.6592 -40.0251 -39.5013 34.951 
-40.1005 -39.5391 35.2667 -40.1644 -39.5499 35.4669 -40.1848 -39.641 35.6838 
-40.3329 -39.5611 35.8885 -40.4397 -39.5056 36.0314 -40.4266 -39.6221 36.2244 
-41.1683 -39.5916 37.4562 -41.297 -39.5677 37.5805 -41.4244 -39.5857 37.7418 
-41.5629 -39.5663 37.8573 -41.6996 -39.5832 37.9937 -41.812 -39.4527 37.9207 
-40.738 -39.513 36.6583 -40.7121 -39.6324 36.8309 -41.0495 -39.5745 37.2729 
-40.7602 -39.7424 37.1043 -40.8616 -39.8204 37.3763 -41.0097 -39.6819 37.3869 
-40.4641 -39.718 36.4965 -40.5343 -39.7725 36.7404 -45.1435 -31.7176 36.0859 
-45.2844 -31.567 36.2201 -45.4302 -31.416 36.3438 -45.1395 -31.9517 36.1333 
-45.0745 -32.1492 36.1178 -45.1647 -32.3121 36.3 -45.1431 -32.5207 36.3625 
-45.0762 -32.7055 36.3453 -45.0165 -32.9801 36.3598 -44.8798 -33.4278 36.3079 
-45.0065 -33.2919 36.45 -44.8534 -33.7008 36.3671 -44.8428 -33.8753 36.4218 
-45.474 -29.8857 36.5705 -45.538 -29.9608 36.574 -45.7277 -30.2334 36.5876 
-45.7186 -30.5525 36.5721 -45.7681 -30.897 36.562 -45.5888 -31.2875 36.4603 
-45.7661 -31.1827 36.5577 -44.2261 -36.7391 37.674 -44.3228 -36.3234 37.4692 
-44.3088 -36.4171 37.514 -44.2933 -36.5201 37.572 -44.6203 -35.7977 37.4411 
-44.6099 -35.9792 37.531 -44.5912 -36.1171 37.5899 -44.4003 -36.3717 37.5699 
-44.5607 -36.2634 37.6466 -44.9548 -35.4397 37.5182 -44.7667 -35.8045 37.5667 
-44.9362 -35.6109 37.5951 -44.9345 -33.8671 36.5534 -45.0106 -34.1318 36.7822 
-44.9139 -34.3593 36.7834 -45.0161 -34.4268 36.953 -45.0022 -34.6736 37.0891 
-44.9749 -34.8949 37.2053 -45.1041 -35.0244 37.3986 -45.1199 -35.278 37.5529 
-41.9618 -39.509 38.1089 -42.0524 -39.6141 38.2689 -42.4885 -39.386 38.3288 
-42.2205 -39.7056 38.4053 -42.5025 -39.6046 38.4602 -42.921 -39.2195 38.4652 
-42.6939 -39.4026 38.4554 -43.18 -38.9872 38.4601 -43.4305 -38.7624 38.4437 
-43.75 -38.4406 38.3832 -43.7182 -38.6293 38.4668 -44.1042 -37.9735 38.289 
-44.1136 -38.2327 38.3703 -43.9978 -38.4834 38.4369 -44.0045 -37.7693 38.183 
-44.2301 -36.9839 37.8563 -44.1892 -37.169 37.9562 -44.2922 -37.2734 38.0775 
-44.344 -37.4876 38.2014 -44.2237 -37.7102 38.2387 -38.8157 -41.0377 30.9113 
-38.7297 -41.2289 30.9107 -38.6882 -41.5571 30.8725 -38.8413 -41.7571 30.7783 
-39.1824 -41.8748 30.5946 -39.1068 -41.901 30.6517 -39.0304 -41.92 30.7153 
-39.0015 -41.9329 30.738 -38.7067 -40.8187 31.162 -38.5883 -40.9201 31.1808 
-38.5378 -41.1682 31.0741 -38.5222 -40.6965 31.4762 -38.4232 -40.8815 31.3486 
-38.4824 -40.6201 31.6373 -38.5052 -40.5146 31.8634 -38.4745 -40.4544 32.0956 
-38.4487 -40.4099 32.3265 -38.7825 -40.2094 32.9829 -38.4447 -40.36 32.5918 
-38.5116 -40.2652 33.0828 -38.3527 -40.3444 32.8346 -39.5763 -39.7872 33.8032 
-39.4419 -39.8804 33.8733 -39.6555 -39.7189 33.8852 -39.6789 -39.6979 34.0488 
-39.1116 -40.0487 33.6251 -39.201 -40.0082 33.8598 -38.9205 -40.1185 33.5042 
-38.7333 -40.1883 33.2687 -39.8457 -39.5364 34.3023 -39.8467 -39.5817 34.5151 
-39.7168 -39.6862 34.3081 -39.8729 -39.639 34.7915 -39.9045 -39.6909 35.015 
-39.9675 -39.7111 35.2311 -40.0716 -39.6985 35.4944 -40.2021 -39.7428 35.9107 
-40.0823 -39.857 35.7982 -40.2657 -39.7935 36.1571 -40.3519 -39.8326 36.44 
-41.1178 -39.7787 37.6617 -41.2673 -39.668 37.692 -41.3829 -39.7664 37.9327 
-41.5459 -39.6704 37.9698 -41.8327 -39.5439 38.0618 -41.7013 -39.7858 38.1967 
-41.8709 -39.6496 38.1955 -40.6322 -39.8349 37.0294 -40.7145 -39.8816 37.2444 
-40.7436 -39.9749 37.4199 -40.9845 -39.79 37.513 -40.8434 -40.0568 37.6597 
-40.9746 -39.9089 37.6507 -40.4173 -39.854 36.6364 -40.4348 -39.9246 36.7931 
-40.5035 -39.9564 36.9767 -45.2921 -31.8885 36.2943 -45.4342 -31.6881 36.3833 
-45.5855 -31.5522 36.4834 -45.1905 -32.0981 36.2463 -45.297 -32.181 36.4076 
-45.2916 -32.4704 36.5279 -45.1881 -32.6658 36.4854 -45.1609 -32.8775 36.5294 
-45.1399 -33.1491 36.5922 -44.9944 -33.6022 36.5371 -45.1225 -33.4293 36.658 
-45.7266 -30.1833 36.5837 -45.7608 -30.2279 36.5846 -45.8117 -30.3176 36.5889 
-45.9133 -30.5099 36.5863 -45.9959 -30.8138 36.6093 -45.9789 -31.1167 36.6248 
-45.7526 -31.4371 36.5717 -45.9196 -31.3461 36.633 -44.4669 -36.5205 37.7241 
-44.4261 -36.7728 37.857 -44.7577 -36.0571 37.6951 -44.7085 -36.3355 37.8092 
-45.0701 -35.4632 37.6176 -44.9515 -35.8076 37.7106 -45.1527 -35.5799 37.7273 
-45.0631 -33.8333 36.7192 -45.1654 -33.9578 36.9006 -45.1536 -34.1231 36.9566 
-45.1482 -34.2817 37.0288 -45.1378 -34.5068 37.1382 -45.1324 -34.6463 37.2109 
-45.1409 -34.7736 37.2884 -45.3858 -34.7603 37.4789 -45.3133 -35.0724 37.577 
-45.2923 -35.2529 37.6528 -45.203 -35.389 37.666 -42.0095 -39.7602 38.3602 
-42.1497 -39.8884 38.4813 -42.4216 -39.9095 38.5596 -42.7621 -39.5627 38.5516 
-42.7517 -39.7891 38.6012 -43.1436 -39.2006 38.5525 -42.881 -39.4253 38.5483 
-43.044 -39.3514 38.5747 -43.4124 -38.9595 38.5389 -43.3074 -39.1126 38.5684 
-43.6183 -38.859 38.5451 -43.9168 -38.6675 38.5174 -43.8086 -38.7775 38.5481 
-44.4431 -37.8588 38.3308 -44.3552 -38.1286 38.3694 -44.3155 -38.3814 38.4061 
-44.0654 -38.6837 38.5088 -44.2759 -38.6658 38.4456 -44.4162 -36.9423 37.9596 
-44.3289 -37.084 37.9915 -44.5354 -37.0303 38.082 -44.5601 -37.2833 38.2068 
-44.5422 -37.4873 38.2707 -44.4433 -37.6348 38.2837 -38.5584 -41.4115 30.9791 
-38.653 -41.8453 30.9022 -38.4988 -41.6663 30.9872 -38.8183 -42.0075 30.8521 
-38.8817 -41.9964 30.8162 -38.4276 -41.0577 31.2058 -38.3559 -41.2279 31.1671 
-38.3736 -41.449 31.0904 -38.3125 -40.7552 31.5797 -38.1844 -40.954 31.4553 
-38.2367 -41.1401 31.2963 -38.3477 -40.6281 31.7546 -38.2824 -40.5883 31.9128 
-38.2767 -40.5153 32.1407 -38.2483 -40.4674 32.3625 -38.2186 -40.4285 32.5966 
-38.2687 -40.3274 33.0768 -38.3163 -40.281 33.3441 -38.5493 -40.2234 33.3561 
-38.0877 -40.4029 32.9414 -39.5829 -39.7805 33.9493 -39.3597 -39.9485 34.162 
-39.5571 -39.8094 34.1276 -39.0122 -40.0798 33.742 -39.0342 -40.0743 33.9174 
-39.1592 -40.0372 34.071 -38.7003 -40.1761 33.5029 -38.8074 -40.1402 33.7992 
-39.7251 -39.7558 34.6264 -39.5557 -39.8559 34.4106 -39.7752 -39.8333 34.9721 
-39.8772 -39.7772 35.1184 -39.8521 -39.8737 35.2419 -39.9386 -39.908 35.5194 
-40.1574 -39.8808 36.0354 -39.9523 -40.076 35.8346 -40.0664 -40.0616 36.0997 
-40.172 -39.9621 36.2091 -40.2355 -39.9856 36.4095 -40.3237 -40.0586 36.7435 
-41.2448 -39.7641 37.7973 -41.1074 -40.0096 37.9167 -41.2327 -39.8694 37.9058 
-41.531 -39.7746 38.0738 -41.3433 -39.9489 38.088 -41.5136 -39.8984 38.1694 
-41.8716 -39.7798 38.3058 -41.6909 -40.0313 38.3655 -41.9276 -39.9386 38.4192 
-40.6087 -40.0761 37.3326 -40.7214 -40.0724 37.5143 -40.7125 -40.2019 37.6575 
-40.9691 -40.0312 37.7917 -40.8381 -40.3159 37.9408 -40.9735 -40.1632 37.9334 
-40.4176 -40.0178 36.8996 -40.4234 -40.1564 37.1044 -45.4346 -31.8616 36.4269 
-45.4361 -32.0279 36.4897 -45.5925 -31.8292 36.5538 -45.7266 -31.6407 36.5934 
-45.435 -32.2759 36.5957 -45.4308 -32.4412 36.6694 -45.2888 -32.7484 36.6439 
-45.428 -32.6051 36.7366 -45.277 -33.0072 36.7237 -45.2733 -33.2961 36.8116 
-45.1127 -33.6444 36.7161 -45.2222 -33.5698 36.8339 -45.9916 -30.6509 36.6003 
-46.0662 -30.7955 36.6029 -46.1092 -30.9303 36.6218 -46.1674 -31.0824 36.6331 
-46.1634 -31.3849 36.6905 -45.9344 -31.6022 36.6863 -44.6503 -36.601 37.9151 
-44.5709 -36.8199 37.9882 -44.9682 -35.9666 37.8091 -44.9244 -36.1509 37.8724 
-44.9015 -36.4006 37.9824 -45.1507 -35.811 37.8484 -45.3964 -35.363 37.7536 
-45.3889 -35.6084 37.8694 -45.172 -33.761 36.8342 -45.3082 -33.7653 37.0002 
-45.2973 -34.0839 37.1082 -45.2816 -34.3597 37.2137 -45.2507 -34.5898 37.2937 
-45.435 -34.4397 37.3856 -45.6492 -34.7241 37.6227 -45.6632 -34.48 37.5542 
-45.5499 -34.9487 37.6508 -45.444 -35.1563 37.6869 -42.2026 -40.1317 38.5808 
-42.4777 -40.1663 38.6369 -42.6932 -40.0671 38.6372 -43.0161 -39.5709 38.6152 
-43.0016 -39.8059 38.6382 -42.9105 -39.9711 38.6409 -43.2833 -39.3292 38.6147 
-43.5238 -39.0957 38.5981 -43.7964 -38.9684 38.584 -43.9619 -38.8054 38.5541 
-44.6976 -37.6315 38.3306 -44.6905 -37.8728 38.3582 -44.6119 -38.0641 38.3647 
-44.5403 -38.2703 38.377 -44.545 -38.3013 38.3743 -44.4298 -38.4446 38.3838 
-44.1302 -38.8365 38.5197 -44.3314 -38.6405 38.429 -44.2765 -38.7162 38.4473 
-44.2997 -38.6882 38.4343 -44.8369 -36.7411 38.1061 -44.7731 -37.0564 38.2078 
-44.779 -37.2478 38.2717 -44.7004 -37.4029 38.29 -38.666 -42.0571 30.9508 
-38.4614 -41.9797 31.0443 -38.314 -41.7381 31.091 -38.6821 -42.0714 30.9503 
-38.8146 -42.0276 30.8641 -38.8312 -42.0214 30.8553 -38.2256 -41.3615 31.2051 
-38.1796 -41.5884 31.1821 -38.0627 -40.8762 31.6254 -38.1307 -40.7086 31.8209 
-38.0213 -41.0062 31.5133 -38.0405 -41.1352 31.4216 -38.0167 -41.429 31.3266 
-38.1338 -40.6119 32.0214 -38.0573 -40.587 32.1851 -38.0594 -40.5255 32.4042 
-37.922 -40.498 32.739 -38.1152 -40.3518 33.1965 -38.2555 -40.2669 33.6872 
-38.0568 -40.3378 33.4362 -38.5189 -40.2126 33.5945 -37.8974 -40.4589 32.967 
-37.8925 -40.4218 33.1993 -39.3923 -39.9873 34.4761 -39.2026 -40.047 34.2962 
-39.0018 -40.099 34.1079 -38.53 -40.2032 33.8913 -38.7767 -40.1633 34.136 
-39.5695 -39.9415 34.745 -39.6414 -39.9905 35.0147 -39.7295 -39.9921 35.1939 
-39.8022 -40.0134 35.3927 -39.8212 -40.1196 35.6191 -39.8437 -40.2479 35.87 
-39.9342 -40.2446 36.0718 -40.1334 -40.0997 36.338 -40.0132 -40.3044 36.3858 
-40.1693 -40.1855 36.5715 -40.2057 -40.2772 36.8089 -40.2732 -40.333 37.0487 
-41.2319 -39.9772 38.0215 -41.1385 -40.2802 38.1848 -41.2655 -40.0938 38.1489 
-41.4653 -40.1101 38.3006 -41.6625 -40.2634 38.4821 -41.9102 -40.2121 38.5359 
-40.4861 -40.2865 37.405 -40.589 -40.3716 37.6822 -40.7065 -40.3385 37.813 
-40.7069 -40.4709 37.9552 -40.9776 -40.2966 38.0718 -40.8454 -40.5794 38.1925 
-40.9817 -40.4296 38.1881 -40.3712 -40.3975 37.3445 -45.5977 -32.1155 36.6679 
-45.7847 -31.7718 36.664 -45.7798 -31.9564 36.7236 -45.5962 -32.4074 36.798 
-45.418 -32.8553 36.8272 -45.5825 -32.7014 36.9158 -45.4066 -33.1035 36.9036 
-45.4082 -33.2971 36.9684 -45.361 -33.4882 36.973 -46.2141 -31.1848 36.6563 
-46.292 -31.3698 36.6792 -46.2934 -31.5043 36.7301 -46.1662 -31.6322 36.7595 
-45.9154 -31.823 36.7482 -46.0654 -31.7759 36.784 -45.0787 -35.9989 37.9033 
-45.1553 -36.1418 38.0151 -45.1557 -36.4369 38.1497 -45.3282 -35.7943 37.9414 
-45.2211 -35.9297 37.954 -45.6827 -35.1505 37.7741 -45.6335 -35.4189 37.8682 
-45.6045 -35.598 37.9475 -45.4847 -35.7268 37.9732 -45.4864 -33.5858 37.1276 
-45.4736 -33.8623 37.2072 -45.4356 -34.0499 37.2396 -45.4327 -34.2019 37.2921 
-45.6143 -34.2152 37.44 -45.8232 -34.6042 37.6667 -45.8421 -34.8371 37.729 
-45.8949 -34.4285 37.6534 -45.8712 -34.195 37.5833 -42.1505 -40.4248 38.6468 
-42.4201 -40.3826 38.6637 -42.6766 -40.3271 38.6587 -42.9518 -40.2122 38.632 
-43.2686 -39.5544 38.6369 -43.1765 -39.7185 38.6397 -43.1768 -39.9531 38.6262 
-43.5309 -39.2919 38.6243 -43.4429 -39.4548 38.6316 -43.6976 -39.1805 38.6094 
-43.9977 -38.9542 38.562 -43.9128 -39.1599 38.5724 -44.9504 -37.3731 38.3264 
-44.9523 -37.6204 38.3463 -44.8826 -37.8127 38.3481 -44.8502 -37.9028 38.3493 
-44.7823 -37.9686 38.3525 -44.7395 -38.0251 38.3558 -44.6696 -38.1205 38.3517 
-44.5703 -38.269 38.3706 -44.1469 -38.8453 38.5123 -44.1301 -38.8697 38.5185 
-45.1191 -36.681 38.2242 -45.0211 -36.9118 38.2524 -44.9366 -37.1343 38.2864 
-38.664 -42.0769 30.9657 -38.5533 -42.1016 31.0614 -38.2605 -41.9253 31.1276 
-38.2809 -42.1036 31.1676 -38.4465 -42.1377 31.1135 -38.3715 -42.1597 31.153 
-38.1718 -41.7997 31.1667 -38.0354 -41.7564 31.2582 -37.8714 -41.033 31.6095 
-37.8395 -40.8725 31.8271 -37.9106 -40.6957 32.0813 -37.9449 -41.0945 31.4998 
-37.8513 -41.2494 31.4895 -37.7953 -41.4952 31.4383 -37.8287 -41.7448 31.3838 
-37.9048 -40.6133 32.3044 -37.8042 -40.5908 32.5287 -37.7061 -40.5727 32.7556 
-37.7181 -40.5187 32.9971 -38.0097 -40.3269 33.6712 -38.0947 -40.2977 33.9252 
-38.3322 -40.2436 33.9693 -37.8154 -40.4013 33.5378 -37.6226 -40.4972 33.3345 
-39.2559 -40.0708 34.5245 -39.3909 -40.0496 34.6954 -39.0379 -40.1316 34.4174 
-38.5308 -40.217 34.1708 -38.7705 -40.2047 34.4258 -39.4728 -40.1065 34.9909 
-39.6285 -40.0655 35.1466 -39.641 -40.1586 35.365 -39.7107 -40.2879 35.6991 
-39.7488 -40.3891 35.935 -39.8503 -40.3317 36.0216 -39.8428 -40.4147 36.1815 
-39.8779 -40.4897 36.4137 -40.0926 -40.3884 36.7286 -39.9472 -40.5185 36.6357 
-40.1598 -40.4221 36.9409 -40.1768 -40.4974 37.0997 -40.2464 -40.5289 37.2912 
-41.3395 -40.2499 38.3177 -41.1316 -40.5396 38.3593 -41.3736 -40.4683 38.4434 
-41.4826 -40.3047 38.4335 -41.6002 -40.4425 38.5357 -41.8595 -40.4947 38.6151 
-40.4542 -40.4473 37.5662 -40.4863 -40.5453 37.7438 -40.584 -40.6232 37.9668 
-40.7067 -40.5993 38.0897 -40.7088 -40.7223 38.1999 -40.9909 -40.5663 38.3008 
-40.8449 -40.8136 38.3592 -41.0243 -40.7169 38.4001 -40.3488 -40.6419 37.6455 
-45.7897 -32.1875 36.8283 -46.0374 -32.0089 36.8542 -45.8009 -32.3723 36.9281 
-45.7674 -32.5616 36.9898 -45.5595 -32.9582 36.9962 -45.7698 -32.8252 37.095 
-45.5322 -33.194 37.0538 -45.4886 -33.3846 37.0721 -46.3109 -31.6003 36.7577 
-46.2898 -31.8198 36.8304 -45.4199 -35.9223 38.0413 -45.4212 -36.1816 38.1665 
-45.3908 -36.3911 38.242 -45.2994 -36.5562 38.2588 -46.0117 -35.0577 37.8167 
-45.9154 -35.3068 37.8791 -45.8262 -35.5281 37.9604 -45.7008 -35.7512 38.0433 
-45.677 -33.3425 37.2086 -45.6339 -33.6475 37.277 -45.6286 -33.8423 37.3367 
-45.5529 -34.023 37.3332 -45.7599 -33.9421 37.4534 -46.087 -34.5744 37.7385 
-46.1084 -34.8371 37.7878 -46.0544 -34.3167 37.6859 -46.0153 -33.9112 37.5753 
-46.1369 -34.1062 37.6678 -42.1391 -40.6878 38.6879 -42.3886 -40.6397 38.6883 
-42.639 -40.5909 38.6665 -42.928 -40.3282 38.6273 -42.8112 -40.4462 38.634 
-43.0463 -40.2044 38.6153 -42.9939 -40.259 38.6144 -43.1838 -40.0595 38.6099 
-43.4311 -39.6852 38.6175 -43.2931 -39.9353 38.6059 -43.2381 -39.9997 38.6054 
-43.4261 -39.7852 38.6029 -43.689 -39.4113 38.6005 -44.0455 -38.9863 38.5438 
-43.9359 -39.1475 38.5659 -43.9232 -39.1651 38.568 -43.9139 -39.1775 38.5698 
-45.18 -37.0962 38.3261 -45.2196 -37.3259 38.3366 -45.1835 -37.4451 38.332 
-45.11 -37.5064 38.3279 -45.0733 -37.574 38.3355 -45.0101 -37.6829 38.3373 
-44.9391 -37.7936 38.342 -44.9088 -37.8427 38.3387 -45.3056 -36.7816 38.3085 
-38.1266 -41.9709 31.2155 -38.3006 -42.1774 31.1981 -38.148 -42.2146 31.2959 
-38.1206 -42.2055 31.3048 -37.9526 -41.9903 31.3222 -37.7132 -41.0262 31.7299 
-37.6681 -41.1881 31.6422 -37.5743 -41.0075 31.8697 -37.6016 -40.8386 32.1097 
-37.695 -40.6929 32.3458 -37.6534 -41.4311 31.5465 -37.6697 -41.6403 31.4845 
-37.6321 -41.8665 31.4928 -37.7708 -42.0212 31.421 -37.552 -40.6629 32.6424 
-37.5562 -40.6036 32.8805 -37.4781 -40.589 33.115 -37.8855 -40.3579 33.7851 
-38.079 -40.3127 34.1876 -37.886 -40.3602 34.0113 -38.2946 -40.2643 34.1815 
-37.637 -40.4617 33.562 -37.6847 -40.4335 33.7918 -37.4134 -40.576 33.3495 
-37.4717 -40.5272 33.5906 -39.2371 -40.1326 34.7179 -39.0098 -40.2076 34.6949 
-38.5143 -40.2558 34.4233 -38.7575 -40.2744 34.7028 -39.2225 -40.2228 34.9589 
-39.3927 -40.2672 35.2437 -39.5069 -40.3797 35.5897 -39.6512 -40.3909 35.7786 
-39.6012 -40.4726 35.8653 -39.6806 -40.5178 36.0814 -39.7403 -40.5698 36.3115 
-39.8086 -40.6019 36.5171 -40.0331 -40.6062 36.9994 -39.8166 -40.6821 36.7292 
-40.1536 -40.5882 37.1995 -40.14 -40.7095 37.388 -41.309 -40.7801 38.54 
-41.6465 -40.6933 38.6113 -41.93 -40.7505 38.6773 -40.4668 -40.6441 37.8352 
-40.4545 -40.7626 37.9574 -40.5796 -40.8665 38.2017 -40.7169 -40.8484 38.3083 
-40.7491 -40.989 38.4095 -41.0491 -41.0267 38.5483 -40.2033 -40.8265 37.6853 
-40.3101 -40.9048 37.9473 -45.9724 -32.2714 36.9564 -46.3134 -32.0387 36.9112 
-46.2153 -32.2171 36.981 -45.92 -32.4474 37.0226 -45.9845 -32.6367 37.1209 
-45.6841 -33.0714 37.1298 -45.9484 -32.8281 37.1898 -45.9129 -33.0482 37.2507 
-46.3435 -31.6815 36.7871 -46.4001 -31.7917 36.816 -46.4075 -31.8923 36.85 
-45.6569 -35.9862 38.1533 -45.6459 -36.1571 38.2361 -45.5509 -36.2991 38.2646 
-45.5462 -36.5232 38.3153 -46.2812 -34.9939 37.8227 -46.2372 -35.2617 37.8712 
-46.0971 -35.4722 37.9515 -46.0034 -35.6819 38.039 -45.9159 -35.8909 38.1399 
-45.9022 -33.2998 37.3379 -45.8208 -33.5185 37.3628 -45.7486 -33.727 37.3868 
-45.9302 -33.6937 37.4745 -46.3057 -34.3174 37.7415 -46.365 -34.5526 37.7782 
-46.3214 -34.7573 37.7943 -46.2279 -33.902 37.6494 -46.2061 -33.6752 37.573 
-46.3793 -34.0497 37.7115 -42.1311 -40.9297 38.7 -42.37 -40.8629 38.6947 
-42.3568 -40.8747 38.695 -42.6348 -40.6211 38.6664 -42.4986 -40.7471 38.6767 
-42.6778 -40.5793 38.6592 -42.6521 -40.6045 38.6624 -43.5249 -39.6679 38.5986 
-43.479 -39.7248 38.5984 -43.6853 -39.472 38.592 -43.7426 -39.3999 38.5876 
-43.7168 -39.4334 38.5886 -45.452 -36.9746 38.3441 -45.4169 -37.09 38.3399 
-45.33 -37.1668 38.3335 -45.3029 -37.2592 38.3364 -45.2778 -37.3564 38.3231 
-45.5386 -36.7641 38.3484 -38.1303 -42.2177 31.3097 -37.8937 -42.1988 31.4048 
-37.9251 -42.249 31.4215 -38.1109 -42.2216 31.3192 -37.6136 -41.0888 31.7431 
-37.5038 -41.1781 31.7648 -37.4914 -41.3778 31.6725 -37.4166 -40.9763 32.0464 
-37.3322 -41.1513 31.9255 -37.3709 -40.9015 32.2095 -37.3972 -40.794 32.4356 
-37.489 -41.6659 31.6023 -37.6356 -42.0838 31.507 -37.4583 -42.0132 31.6145 
-37.739 -42.1929 31.4739 -37.3699 -40.7304 32.6702 -37.3494 -40.6854 32.8998 
-37.2485 -40.6634 33.2354 -37.9296 -40.3629 34.2334 -38.0674 -40.3383 34.3622 
-38.2655 -40.3022 34.4179 -37.7172 -40.4387 34.154 -37.4671 -40.5216 33.9134 
-37.2897 -40.612 33.4757 -37.2637 -40.6072 33.7151 -39.0066 -40.2866 34.9259 
-38.4866 -40.3084 34.634 -38.6471 -40.351 34.859 -38.8493 -40.333 34.9359 
-39.1693 -40.3277 35.1531 -39.2893 -40.384 35.3743 -39.2677 -40.4865 35.5588 
-39.427 -40.5327 35.7902 -39.5382 -40.5687 35.9822 -39.5615 -40.632 36.1745 
-39.6214 -40.7058 36.4595 -39.819 -40.7906 36.9756 -39.9378 -40.8195 37.2458 
-39.6242 -40.823 36.7486 -40.0224 -40.9327 37.6069 -41.3615 -41.0504 38.6375 
-41.5945 -40.9793 38.6579 -41.8714 -40.9523 38.6858 -40.4439 -40.8863 38.0894 
-40.433 -41.0033 38.201 -40.5657 -41.0881 38.3695 -40.757 -41.2912 38.5699 
-41.0653 -41.3254 38.661 -41.2988 -41.2608 38.6724 -40.1734 -40.9272 37.7986 
-40.1369 -41.0298 37.9167 -40.2696 -41.1402 38.1981 -46.1151 -32.4193 37.0634 
-46.4238 -31.9993 36.8891 -46.4298 -32.1366 36.9406 -46.4247 -32.2083 36.9668 
-46.37 -32.3912 37.0686 -46.2663 -32.5913 37.157 -46.1544 -32.8317 37.2463 
-46.1571 -33.0439 37.3419 -46.062 -33.1974 37.3738 -45.8432 -36.0839 38.2339 
-45.7612 -36.2938 38.3 -45.7807 -36.4015 38.3211 -45.7235 -36.494 38.3307 
-45.6672 -36.6245 38.3342 -46.4257 -34.9582 37.8055 -46.4403 -34.8613 37.794 
-46.3814 -35.0809 37.8225 -46.3591 -35.2033 37.8449 -46.2822 -35.377 37.8998 
-46.3536 -35.3253 37.8561 -46.2257 -35.472 37.9353 -46.1923 -35.5735 37.977 
-46.1489 -35.6578 38.0128 -46.1173 -35.7946 38.0702 -46.0636 -35.8832 38.1154 
-46.021 -35.9949 38.1879 -46.0706 -33.4261 37.4501 -46.5615 -34.2285 37.7491 
-46.5626 -34.2121 37.747 -46.5296 -34.4457 37.7697 -46.5281 -34.4726 37.7735 
-46.4914 -34.6466 37.7819 -46.4835 -34.7103 37.7868 -46.43 -33.8214 37.6648 
-46.3182 -33.4461 37.5261 -46.4925 -33.5998 37.5974 -46.5689 -33.9453 37.7019 
-46.5658 -34.0032 37.7145 -42.3392 -40.89 38.6959 -42.1066 -41.0834 38.6904 
-42.2124 -40.9996 38.6907 -45.5349 -36.9375 38.3447 -45.5904 -36.8199 38.3471 
-45.5058 -37.0222 38.3319 -45.6383 -36.7211 38.3464 -37.7818 -42.2715 31.4924 
-37.853 -42.2618 31.4546 -37.3604 -41.3144 31.7883 -37.3107 -41.5246 31.7443 
-37.2036 -41.0397 32.157 -37.0958 -41.2374 32.0339 -37.1909 -41.3765 31.8805 
-37.2318 -40.9136 32.3335 -37.1685 -40.8779 32.4966 -37.1855 -40.8026 32.7153 
-37.2686 -41.8037 31.7274 -37.6192 -42.2763 31.5877 -37.2327 -42.0765 31.7574 
-37.3847 -42.2597 31.7089 -37.6608 -42.287 31.5699 -37.0787 -40.7717 33.052 
-37.0783 -40.7299 33.2716 -37.0963 -40.6961 33.4907 -37.9536 -40.4045 34.4536 
-38.1552 -40.3509 34.5169 -38.3077 -40.3399 34.6157 -37.4767 -40.5384 34.2201 
-37.7039 -40.4945 34.4568 -37.2597 -40.6098 34.013 -37.0611 -40.6926 33.8116 
-38.9888 -40.3578 35.0852 -38.4349 -40.3646 34.7709 -38.5198 -40.4431 35.0033 
-38.8162 -40.4054 35.0869 -39.062 -40.4356 35.3035 -39.0501 -40.5507 35.5269 
-39.2182 -40.598 35.7453 -39.3777 -40.637 35.9734 -39.3642 -40.7314 36.2073 
-39.3815 -40.8346 36.4895 -39.68 -40.8827 36.9667 -39.7732 -40.8888 37.1277 
-39.7926 -40.9574 37.3371 -39.4492 -40.8968 36.7137 -39.5483 -40.9124 36.8718 
-39.7892 -41.0599 37.584 -39.9482 -41.098 37.8355 -41.5554 -41.2203 38.6877 
-41.8153 -41.1947 38.6894 -42.0495 -41.1298 38.685 -40.4306 -41.1224 38.3139 
-40.4559 -41.2522 38.4224 -40.47 -41.5097 38.582 -40.7403 -41.5912 38.7074 
-40.9773 -41.5553 38.7217 -41.246 -41.5049 38.7117 -41.5071 -41.4539 38.6971 
-40.0659 -41.1563 38.0489 -40.0611 -41.2791 38.2191 -40.2484 -41.3592 38.4009 
-46.4496 -32.2856 37.0077 -46.4862 -32.3957 37.0535 -46.4833 -32.505 37.1099 
-46.4807 -32.5651 37.135 -46.4654 -32.762 37.2336 -46.3856 -32.9779 37.3435 
-46.2996 -33.2175 37.4363 -45.9832 -36.0565 38.2182 -45.9291 -36.1576 38.2615 
-45.886 -36.2485 38.2899 -45.8408 -36.3307 38.3092 -46.5784 -33.796 37.6613 
-46.5817 -33.6861 37.627 -46.548 -33.3708 37.5151 -46.5871 -33.5921 37.5863 
-46.588 -33.404 37.5227 -37.1109 -41.6236 31.8531 -36.9704 -41.1685 32.2041 
-37.0178 -41.0111 32.4022 -36.934 -41.3022 32.0972 -36.9756 -41.4454 31.9966 
-37.0103 -40.9201 32.6225 -36.9324 -40.892 32.8545 -37.0618 -41.8935 31.8595 
-37.4105 -42.2976 31.7152 -37.6109 -42.2918 31.6008 -37.6306 -42.2895 31.5917 
-37.2275 -42.2447 31.7933 -37.0371 -42.1839 31.9205 -37.2442 -42.3013 31.812 
-37.3546 -42.2998 31.7467 -36.8698 -40.8631 33.0866 -36.9126 -40.8017 33.3122 
-36.8757 -40.7848 33.6184 -37.9458 -40.4874 34.7164 -38.2155 -40.4097 34.7284 
-37.4917 -40.5722 34.4804 -37.2871 -40.6232 34.3026 -37.6927 -40.5615 34.711 
-37.0699 -40.6969 34.1191 -36.8612 -40.78 33.9184 -38.2153 -40.521 35.0047 
-38.5004 -40.5538 35.2391 -38.7934 -40.5172 35.3123 -38.8866 -40.6035 35.5388 
-39.03 -40.6328 35.6861 -39.1135 -40.7031 35.919 -39.092 -40.8216 36.2094 
-39.1769 -40.8929 36.4543 -39.3029 -40.9144 36.6171 -39.5926 -40.9621 37.0833 
-39.5884 -41.0494 37.3385 -39.3578 -40.9623 36.8272 -39.5902 -41.1317 37.5628 
-39.7428 -41.1676 37.7849 -39.8886 -41.2236 38.0157 -41.755 -41.3445 38.6877 
-41.7091 -41.3743 38.6871 -41.9902 -41.1808 38.6865 -41.8766 -41.2753 38.6775 
-40.2048 -41.5369 38.5124 -40.2816 -41.7647 38.6253 -40.6173 -41.7757 38.7177 
-40.7669 -41.7313 38.7732 -40.87 -41.6903 38.7796 -40.9891 -41.7218 38.7786 
-41.1783 -41.7724 38.7345 -41.4641 -41.5843 38.6982 -41.3918 -41.633 38.7018 
-41.6642 -41.4154 38.6901 -41.5682 -41.5114 38.6846 -39.8465 -41.3547 38.1948 
-40.0301 -41.4389 38.3768 -46.5046 -32.6495 37.1759 -46.5406 -32.7559 37.2116 
-46.5502 -32.8355 37.2628 -46.5542 -32.9542 37.3197 -46.5656 -33.1231 37.4099 
-46.5671 -33.149 37.4205 -46.5749 -33.2265 37.4543 -46.5872 -33.362 37.5073 
-36.9117 -41.7015 31.9749 -36.8014 -41.3197 32.2068 -36.7997 -41.1742 32.3805 
-36.7544 -41.0703 32.6682 -36.8642 -41.3903 32.094 -36.7819 -41.5281 32.1151 
-36.7118 -40.9773 33.0023 -36.8642 -41.9383 31.9956 -37.1556 -42.2945 31.8837 
-36.7687 -42.1043 32.1022 -36.8931 -42.2716 32.0558 -36.9009 -42.2816 32.0563 
-37.0353 -42.2856 31.9761 -36.7326 -40.9088 33.2224 -36.6966 -40.8913 33.4524 
-36.6761 -40.8724 33.7314 -37.9247 -40.5667 34.9304 -37.3509 -40.6353 34.5295 
-37.4951 -40.6104 34.6578 -37.1365 -40.7109 34.4548 -37.5897 -40.6244 34.812 
-37.7437 -40.6091 34.9108 -36.8767 -40.7868 34.2206 -36.6659 -40.8705 34.0171 
-38.0938 -40.6132 35.1574 -38.3114 -40.5965 35.2387 -38.4666 -40.6304 35.3926 
-38.6795 -40.6178 35.4676 -38.8521 -40.6779 35.6912 -38.8241 -40.7714 35.9092 
-38.7951 -40.8618 36.1254 -38.9652 -40.9096 36.3599 -39.1256 -40.9511 36.5959 
-39.3516 -41.0396 37.0853 -39.3661 -41.1216 37.3546 -39.0952 -41.018 36.8119 
-39.4442 -41.1768 37.5694 -39.5624 -41.2008 37.7189 -39.6324 -41.2819 37.9493 
-40.0014 -41.6192 38.4979 -39.9664 -41.8451 38.59 -40.2148 -42.0517 38.6669 
-40.511 -42.0183 38.7003 -40.7799 -41.8261 38.7801 -40.7893 -41.9828 38.7432 
-40.8431 -41.776 38.8001 -40.9186 -41.7735 38.8009 -41.0049 -41.8209 38.782 
-41.2395 -41.7484 38.726 -41.1533 -41.8093 38.735 -41.1832 -41.7903 38.7313 
-41.1947 -41.7821 38.7294 -39.6315 -41.4208 38.1887 -39.8152 -41.4964 38.3504 
-36.7391 -41.7774 32.0947 -36.6734 -41.3041 32.3481 -36.6452 -41.4473 32.2731 
-36.6168 -41.2508 32.5006 -36.4737 -41.2929 32.6946 -36.5105 -41.1394 32.9333 
-36.612 -41.6537 32.2343 -36.4986 -41.0473 33.2685 -36.7322 -41.9352 32.0919 
-36.6987 -42.2501 32.2344 -36.7681 -42.2621 32.1712 -36.558 -42.1395 32.3253 
-36.6072 -41.9019 32.2185 -36.869 -42.2779 32.0815 -36.5265 -40.9701 33.5714 
-36.4833 -40.9713 33.8225 -37.8747 -40.6321 35.0669 -37.3885 -40.681 34.7499 
-36.9059 -40.8097 34.5149 -37.1428 -40.7701 34.7524 -37.6568 -40.6808 35.0222 
-36.681 -40.8776 34.3096 -36.4759 -40.9679 34.1148 -37.9645 -40.7059 35.3018 
-38.2742 -40.6699 35.3872 -38.5544 -40.7104 35.6207 -38.5213 -40.8248 35.8899 
-38.6069 -40.895 36.1188 -38.7547 -40.9224 36.2744 -38.8374 -40.9781 36.5089 
-39.0743 -41.0998 37.0866 -39.1693 -41.1575 37.3357 -39.3011 -41.1824 37.492 
-38.8052 -41.0563 36.7705 -39.3656 -41.2439 37.7038 -39.3488 -41.373 37.9848 
-39.717 -41.6542 38.4455 -39.6577 -41.909 38.5684 -39.9356 -42.0934 38.6505 
-40.1578 -42.3015 38.672 -40.4507 -42.2435 38.6777 -40.4213 -42.2606 38.6734 
-40.7683 -42.0636 38.7242 -40.6323 -42.1394 38.6915 -40.8952 -41.86 38.7886 
-40.9843 -41.9277 38.7576 -40.8991 -41.9782 38.7406 -40.829 -42.027 38.731 
-41.0254 -41.9028 38.7578 -39.4691 -41.5305 38.2697 -39.6593 -41.5187 38.3248 
-36.5493 -41.3911 32.4209 -36.5207 -41.5437 32.3661 -36.5008 -41.3509 32.5344 
-36.3443 -41.2943 32.9046 -36.2506 -41.5061 32.816 -36.4056 -41.5174 32.5507 
-36.324 -41.22 33.091 -36.4579 -41.7468 32.3936 -36.2267 -41.2371 33.3088 
-36.3193 -41.1053 33.5936 -36.604 -42.2337 32.3206 -36.4809 -41.9387 32.3549 
-36.4329 -42.1904 32.4954 -36.5524 -42.2215 32.3763 -36.3966 -42.1798 32.5377 
-36.3631 -41.957 32.5174 -36.2938 -41.0845 33.9216 -37.3948 -40.7602 35.0164 
-36.9322 -40.8445 34.771 -36.7212 -40.8924 34.5929 -37.1417 -40.8341 35.012 
-37.6661 -40.7739 35.2842 -36.5001 -40.9708 34.4148 -36.2933 -41.0758 34.2212 
-37.9428 -40.8174 35.5804 -38.2473 -40.764 35.6005 -38.221 -40.8513 35.8165 
-38.3955 -40.9019 36.0433 -38.5681 -40.9497 36.2711 -38.5424 -41.0174 36.492 
-38.757 -41.1257 36.996 -38.9514 -41.1696 37.2546 -39.1312 -41.2124 37.4884 
-38.5185 -41.0887 36.7361 -39.098 -41.2922 37.698 -39.0284 -41.3895 37.9022 
-39.1867 -41.4911 38.1365 -39.4524 -41.7081 38.4311 -39.3854 -41.8674 38.5178 
-39.4399 -42.0977 38.6075 -39.7172 -42.147 38.6464 -39.9038 -42.3193 38.6729 
-40.3792 -42.285 38.6736 -40.1048 -42.4409 38.6623 -40.2182 -42.3777 38.6566 
-39.2757 -41.6058 38.3091 -36.2145 -41.3632 33.0187 -36.1229 -41.5036 33.016 
-36.0868 -41.6753 32.9655 -36.1926 -41.8154 32.7679 -36.2772 -41.6383 32.6688 
-36.3229 -41.7323 32.5718 -36.2075 -41.298 33.1437 -36.1404 -41.2589 33.5283 
-36.0623 -41.3838 33.3913 -36.1101 -41.4071 33.1799 -36.1347 -41.2274 33.7569 
-36.3367 -42.1631 32.6184 -36.2477 -42.1062 32.7284 -36.1198 -41.2112 34.0395 
-37.3986 -40.8375 35.2719 -36.7899 -40.9028 34.8179 -36.9376 -40.8792 34.9487 
-36.5725 -40.9787 34.7488 -37.0318 -40.8897 35.1085 -37.1893 -40.8755 35.2195 
-37.648 -40.8518 35.501 -36.3168 -41.0746 34.5243 -36.1192 -41.199 34.3347 
-37.8183 -40.8944 35.7336 -38.0327 -40.8831 35.8144 -38.1837 -40.9103 35.9685 
-38.2729 -40.9705 36.2011 -38.2522 -41.053 36.4734 -38.5011 -41.1498 36.9512 
-38.6849 -41.189 37.1828 -38.8747 -41.2381 37.439 -38.2527 -41.127 36.7401 
-38.8119 -41.3215 37.6508 -38.7734 -41.411 37.8552 -38.9266 -41.4922 38.0569 
-39.0521 -41.6117 38.2509 -39.2116 -41.7413 38.4101 -39.1721 -41.9331 38.5135 
-39.1202 -42.1776 38.5982 -39.3837 -42.365 38.6557 -39.6524 -42.3393 38.6644 
-39.8671 -42.5437 38.6589 -40.0572 -42.4665 38.6608 -36.0258 -41.5928 33.1389 
-35.9833 -41.784 33.1281 -36.0476 -41.8569 32.9769 -36.0855 -42.0472 32.9642 
-36.0174 -41.3827 33.6131 -35.9543 -41.5388 33.4638 -36.0042 -41.5173 33.2884 
-35.9867 -41.3743 33.8687 -36.2649 -42.1409 32.7246 -36.2411 -42.1321 32.7602 
-36.1105 -42.093 32.9565 -35.9625 -41.363 34.1563 -37.3014 -40.8932 35.3803 
-37.4638 -40.8854 35.4809 -36.8253 -40.9408 35.0438 -36.3437 -41.0864 34.8215 
-36.5738 -41.0274 35.0555 -37.0898 -40.9331 35.324 -37.599 -40.9076 35.6421 
-36.1357 -41.1911 34.6327 -35.9585 -41.3418 34.46 -37.6887 -40.9672 35.8852 
-37.9953 -40.9402 35.9674 -37.973 -41.0137 36.196 -37.9539 -41.0973 36.4772 
-38.3284 -41.1741 36.9511 -38.4642 -41.1982 37.1048 -38.5533 -41.2615 37.3523 
-38.0417 -41.1518 36.7197 -38.1741 -41.175 36.8732 -38.521 -41.369 37.6397 
-38.5982 -41.448 37.8601 -38.7272 -41.4922 37.9917 -38.7678 -41.6144 38.165 
-38.9318 -41.7914 38.3766 -38.9536 -41.9881 38.505 -38.8569 -42.1298 38.55 
-38.891 -42.3685 38.6215 -39.1607 -42.4195 38.6546 -39.332 -42.6027 38.6691 
-39.5975 -42.5822 38.6627 -39.9444 -42.5258 38.6588 -39.8622 -42.5682 38.6541 
-39.8848 -42.5566 38.6544 -35.9447 -41.6838 33.3047 -35.985 -41.9447 33.1032 
-35.9195 -41.9358 33.3306 -36.0399 -42.057 33.0547 -35.9855 -42.0282 33.1428 
-36.0819 -42.083 33.0013 -35.9058 -41.5532 33.6993 -35.8826 -41.7329 33.5252 
-35.8592 -41.5567 33.9729 -35.8107 -41.5539 34.2869 -37.3749 -40.943 35.5995 
-36.8274 -41.0041 35.3232 -36.3581 -41.1107 35.0834 -36.1664 -41.1905 34.9182 
-36.5637 -41.0836 35.3408 -37.1018 -41.003 35.5963 -35.9799 -41.3223 34.7686 
-35.8214 -41.4928 34.6081 -37.3859 -41.0213 35.8785 -37.6722 -41.0531 36.1672 
-37.6535 -41.1216 36.4006 -37.8296 -41.1609 36.6374 -38.2502 -41.2258 37.0854 
-38.2518 -41.3134 37.3535 -37.9974 -41.2009 36.8674 -38.2344 -41.4036 37.583 
-38.3986 -41.4668 37.7977 -38.5477 -41.5403 37.9906 -38.5018 -41.6746 38.1437 
-38.6669 -41.7685 38.2903 -38.6982 -41.9611 38.4356 -38.6393 -42.1983 38.539 
-38.5737 -42.4489 38.6073 -38.8282 -42.6358 38.6584 -39.0817 -42.6079 38.6676 
-39.2459 -42.7944 38.6628 -39.5532 -42.7191 38.6466 -39.4487 -42.7679 38.6439 
-39.679 -42.6583 38.6439 -35.9568 -42.0105 33.2357 -35.8469 -41.924 33.6099 
-35.9351 -42.0067 33.324 -35.9155 -41.9956 33.3967 -35.8569 -41.9634 33.6029 
-35.8235 -41.7592 33.7859 -35.7541 -41.7749 34.0701 -35.7096 -41.7373 34.2868 
-35.7122 -41.6773 34.4866 -36.8424 -41.0627 35.5957 -36.2138 -41.1867 35.1351 
-36.345 -41.1449 35.2675 -36.0344 -41.3147 35.105 -36.6324 -41.1215 35.6206 
-36.4185 -41.1622 35.4765 -37.1054 -41.07 35.8585 -35.8387 -41.4821 34.9185 
-35.7136 -41.6555 34.7539 -37.3752 -41.0997 36.1568 -37.4676 -41.1501 36.3974 
-37.619 -41.1711 36.5579 -37.7086 -41.2271 36.7935 -37.9775 -41.2733 37.0884 
-37.9624 -41.3724 37.3583 -38.0546 -41.449 37.591 -38.1981 -41.485 37.7358 
-38.2665 -41.5969 37.9466 -38.3123 -41.7287 38.137 -38.4302 -41.8494 38.2877 
-38.4229 -42.0673 38.4356 -38.4205 -42.2564 38.5285 -38.3169 -42.3897 38.5612 
-38.3447 -42.6266 38.625 -38.6124 -42.6925 38.6545 -38.791 -42.866 38.6688 
-39.0317 -42.8356 38.666 -39.3443 -42.8167 38.6509 -39.2482 -42.8598 38.6504 
-35.7971 -41.9487 33.8506 -35.826 -41.9575 33.7027 -35.7777 -41.9485 33.9315 
-35.7135 -41.9443 34.098 -35.7074 -41.9457 34.1153 -35.6868 -41.8663 34.2207 
-35.6627 -41.8501 34.3927 -35.6481 -41.8353 34.6154 -36.8508 -41.1202 35.8499 
-36.2178 -41.2286 35.3373 -36.0579 -41.3646 35.4385 -35.8489 -41.5213 35.2613 
-36.504 -41.1801 35.6869 -36.6532 -41.1588 35.8025 -36.2991 -41.2668 35.6462 
-37.0875 -41.1286 36.0749 -35.715 -41.6705 35.0389 -35.6375 -41.8496 34.8745 
-37.2554 -41.1631 36.3115 -37.4328 -41.2019 36.5519 -37.4125 -41.2779 36.7776 
-37.6881 -41.3189 37.0612 -37.6695 -41.4091 37.2892 -37.8446 -41.4723 37.5212 
-38.0154 -41.5392 37.7364 -37.9897 -41.6605 37.9116 -38.1319 -41.7319 38.0704 
-38.2149 -41.8234 38.2003 -38.1907 -41.9748 38.3157 -38.1785 -42.2051 38.4583 
-38.0998 -42.4311 38.5481 -38.0393 -42.6589 38.6176 -38.2666 -42.889 38.6639 
-38.5418 -42.8845 38.6645 -38.7601 -43.0663 38.6534 -38.9925 -42.9691 38.655 
-38.9332 -42.9939 38.6542 -39.1132 -42.917 38.6465 -35.6806 -41.9614 34.2545 
-35.6714 -41.9671 34.3191 -35.6413 -41.9797 34.4863 -35.64 -41.9816 34.5013 
-35.6214 -42.0255 34.7045 -35.6205 -42.0285 34.7195 -36.7541 -41.1728 35.9585 
-36.9087 -41.1599 36.0552 -36.0983 -41.4093 35.7302 -35.9146 -41.5263 35.5898 
-35.7093 -41.7065 35.2707 -35.7595 -41.6865 35.4937 -36.5541 -41.2321 35.9193 
-36.3069 -41.3646 35.9856 -37.0402 -41.178 36.2173 -35.628 -41.8886 35.1662 
-35.6106 -42.049 34.808 -35.5954 -42.0664 34.9727 -37.1324 -41.236 36.4636 
-37.1213 -41.3292 36.7393 -37.3917 -41.3768 37.0457 -37.482 -41.452 37.2839 
-37.6327 -41.4902 37.4449 -37.7103 -41.6028 37.6826 -37.7973 -41.767 37.9658 
-37.9842 -41.7514 38.032 -37.9979 -41.8604 38.1541 -37.9037 -42.0736 38.3131 
-37.9278 -42.276 38.4542 -37.828 -42.4502 38.5302 -37.747 -42.6679 38.619 
-37.9801 -42.902 38.6758 -38.2182 -43.1346 38.684 -38.4878 -43.1194 38.6637 
-38.7368 -43.0759 38.6524 -36.8274 -41.2229 36.1819 -35.972 -41.5341 35.8178 
-36.0987 -41.4735 35.9481 -35.8159 -41.7244 35.8262 -35.6619 -41.834 35.3967 
-35.6778 -41.8886 35.6247 -36.5822 -41.3136 36.2122 -36.3943 -41.41 36.2766 
-36.1819 -41.5168 36.2217 -35.5804 -42.1044 35.1852 -35.6012 -42.0589 35.4223 
-35.5975 -42.0843 34.9616 -35.5936 -42.0911 34.9864 -35.5808 -42.14 35.1578 
-36.8489 -41.3082 36.4643 -36.8539 -41.394 36.7249 -37.0984 -41.413 36.9565 
-37.265 -41.4705 37.194 -37.4381 -41.5371 37.4275 -37.3921 -41.6458 37.5974 
-37.5318 -41.7398 37.8147 -37.5878 -41.8472 37.9886 -37.7415 -41.9261 38.1335 
-37.6434 -42.0587 38.2406 -37.652 -42.2379 38.3875 -37.5331 -42.4525 38.5151 
-37.4422 -42.6641 38.6287 -37.6825 -42.9055 38.7031 -37.9355 -43.1622 38.7189 
-38.2054 -43.2989 38.6769 -38.466 -43.1902 38.6591 -38.3401 -43.2424 38.6647 
-38.677 -43.1018 38.6549 -38.5285 -43.1641 38.6522 -35.9818 -41.601 36.0262 
-35.6889 -41.949 35.8528 -35.8722 -41.7694 36.1489 -35.7407 -41.938 36.0717 
-35.6114 -42.1432 35.7453 -36.6023 -41.3906 36.4784 -36.322 -41.475 36.3658 
-36.422 -41.4516 36.4444 -36.0051 -41.6576 36.2338 -36.092 -41.6758 36.4495 
-36.3258 -41.5566 36.5559 -35.5787 -42.1579 35.2146 -35.5848 -42.1986 35.3359 
-35.5807 -42.2595 35.5094 -35.5818 -42.284 35.574 -36.6544 -41.4423 36.6799 
-36.762 -41.4651 36.8338 -36.9164 -41.4536 36.9313 -37.0469 -41.487 37.0945 
-37.1239 -41.5858 37.3378 -37.1941 -41.6887 37.5725 -37.3234 -41.7389 37.7215 
-37.3432 -41.8495 37.8985 -37.4988 -41.9615 38.0995 -37.4169 -42.1063 38.2358 
-37.3294 -42.2731 38.3752 -37.2256 -42.4546 38.5074 -37.125 -42.6473 38.6337 
-37.3578 -42.8998 38.7464 -37.6335 -43.1628 38.7812 -37.883 -43.4453 38.7389 
-38.1289 -43.3314 38.685 -35.6512 -42.0992 35.983 -35.9401 -41.7766 36.3578 
-35.8012 -41.9827 36.4003 -35.6706 -42.1605 36.2126 -35.5816 -42.3535 35.7544 
-35.5988 -42.341 36.0103 -35.5814 -42.3778 35.8106 -36.5084 -41.4667 36.5848 
-35.9705 -41.8453 36.5837 -36.178 -41.7554 36.79 -36.3939 -41.6446 36.8561 
-36.5753 -41.5293 36.7971 -36.8322 -41.5379 37.0445 -36.8243 -41.6461 37.2643 
-36.9825 -41.7061 37.4867 -37.128 -41.7815 37.6992 -37.0591 -41.8988 37.8647 
-37.2401 -41.992 38.0618 -37.1366 -42.1324 38.2093 -37.0297 -42.2856 38.3533 
-36.9199 -42.4522 38.4896 -36.808 -42.6409 38.6212 -37.0204 -42.835 38.7513 
-37.1927 -43.0366 38.8364 -37.4068 -43.1073 38.8268 -37.5009 -43.2512 38.846 
-37.6363 -43.3656 38.8225 -37.8642 -43.4537 38.743 -35.6836 -42.2196 36.4437 
-35.8645 -42.023 36.7267 -35.7366 -42.1978 36.6609 -35.6116 -42.4218 36.3415 
-35.5925 -42.4418 35.9494 -35.5883 -42.4999 36.0802 -35.5904 -42.5506 36.1927 
-35.9961 -41.9091 36.8094 -36.3181 -41.724 36.9477 -36.0788 -41.9312 37.0298 
-36.3149 -41.8176 37.143 -36.4176 -41.7043 37.0289 -36.5942 -41.6367 37.056 
-36.6492 -41.7048 37.256 -36.7724 -41.7326 37.4055 -36.844 -41.8241 37.6272 
-36.8134 -41.946 37.8471 -36.9758 -42.0201 38.0275 -36.8362 -42.1464 38.1624 
-36.7563 -42.2992 38.3287 -36.6095 -42.4476 38.4349 -36.4838 -42.6981 38.5937 
-36.7294 -42.8435 38.7505 -36.9288 -43.0165 38.8487 -37.1063 -43.1993 38.902 
-37.3265 -43.2228 38.8772 -37.4642 -43.4196 38.8738 -37.6592 -43.5272 38.818 
-37.8522 -43.4599 38.7495 -35.6506 -42.3675 36.5824 -35.931 -42.0313 36.9429 
-35.8037 -42.2226 36.9752 -35.6753 -42.4175 36.8218 -35.5889 -42.6265 36.3519 
-35.6062 -42.6087 36.6149 -35.5891 -42.6559 36.4121 -35.9568 -42.1139 37.1874 
-36.1486 -42.0086 37.3367 -36.3658 -41.9386 37.489 -36.5034 -41.7282 37.1713 
-36.5716 -41.805 37.3942 -36.586 -41.93 37.6824 -36.6519 -42.0005 37.8762 
-36.7752 -42.0343 37.9885 -36.6161 -42.0915 38.0093 -36.5934 -42.2126 38.1778 
-36.5878 -42.3088 38.3038 -36.4241 -42.319 38.2387 -36.3447 -42.5004 38.3896 
-36.2153 -42.6899 38.4645 -36.2477 -42.9552 38.6374 -36.504 -42.914 38.7476 
-36.6739 -43.0458 38.8491 -36.8653 -43.2155 38.9169 -37.0566 -43.3947 38.9395 
-37.2526 -43.3631 38.913 -37.5323 -43.6157 38.8492 -37.2764 -43.6012 38.9063 
-37.8029 -43.4905 38.7673 -37.6706 -43.5632 38.8057 -35.7034 -42.4834 37.1224 
-35.8285 -42.3515 37.3492 -35.6246 -42.6638 36.9381 -35.6042 -42.724 36.5469 
-35.6018 -42.8159 36.7235 -35.6038 -42.8437 36.7769 -36.0083 -42.1935 37.4961 
-36.2227 -42.1095 37.692 -36.3985 -42.0084 37.7017 -36.4931 -42.0364 37.8444 
-36.3839 -42.1685 37.9856 -36.2853 -42.2844 38.1098 -36.2302 -42.3918 38.209 
-36.1695 -42.5367 38.3162 -36.036 -42.6888 38.2848 -36.0847 -42.8482 38.4607 
-36.0415 -43.0322 38.499 -36.2543 -43.2104 38.7575 -36.4376 -43.108 38.8147 
-36.0715 -43.2632 38.6013 -36.6212 -43.2651 38.9085 -36.8177 -43.4349 38.9519 
-37.0021 -43.5851 38.9486 -37.5675 -43.6397 38.83 -37.516 -43.6571 38.8452 
-37.3811 -43.6852 38.8688 -37.2935 -43.7254 38.8803 -37.0526 -43.8199 38.902 
-35.7157 -42.5607 37.3651 -35.6437 -42.7317 37.2384 -35.9106 -42.3764 37.6609 
-35.7747 -42.5792 37.5986 -35.6017 -42.8798 36.8417 -35.604 -42.8976 37.0236 
-36.0436 -42.2616 37.7414 -36.3658 -42.0713 37.8062 -36.1435 -42.3042 37.977 
-36.0794 -42.4807 38.1598 -35.9637 -42.5881 38.0922 -35.8734 -42.8224 38.0625 
-35.953 -42.9478 38.3201 -35.9286 -43.2135 38.3758 -36.1947 -43.4472 38.763 
-36.3956 -43.3464 38.8631 -36.0293 -43.572 38.6159 -35.9258 -43.4897 38.4243 
-36.5816 -43.5086 38.932 -36.7905 -43.6762 38.9459 -37.1025 -43.8228 38.8933 
-36.8034 -43.9207 38.8904 -37.0711 -43.8384 38.8918 -37.0453 -43.8481 38.8912 
-35.6856 -42.703 37.4636 -35.6149 -42.9547 37.2291 -35.6477 -42.9039 37.444 
-35.9863 -42.3789 37.8604 -35.886 -42.5587 37.8787 -35.7026 -42.7809 37.6036 
-35.769 -42.7924 37.7867 -35.6075 -42.9506 36.9702 -35.61 -42.9896 37.0424 
-35.6166 -43.0436 37.1391 -36.0008 -42.4502 38.0044 -35.752 -43.0995 37.8372 
-35.8395 -43.1525 38.128 -35.8414 -43.4501 38.1812 -36.1574 -43.7387 38.7445 
-36.3586 -43.6042 38.8684 -36.0105 -43.78 38.6035 -35.9336 -43.741 38.4581 
-35.871 -43.7112 38.2433 -35.8777 -43.7269 38.2665 -36.5488 -43.7585 38.9182 
-36.7467 -43.9371 38.8892 -35.6266 -43.1346 37.2527 -35.6293 -43.1411 37.3113 
-35.6504 -43.0869 37.5115 -35.6898 -42.9659 37.6501 -35.6825 -43.1646 37.6259 
-35.7249 -43.3482 37.6538 -35.748 -43.4144 37.7601 -35.7768 -43.4209 37.9057 
-35.8276 -43.6002 38.0543 -35.8656 -43.7019 38.2284 -36.0672 -43.9385 38.6254 
-36.2132 -43.9795 38.7468 -36.348 -43.8511 38.8516 -35.98 -43.871 38.5292 
-36.0356 -43.9272 38.5859 -35.9573 -43.8497 38.4879 -35.9317 -43.8216 38.4046 
-36.5077 -43.9542 38.8786 -36.7401 -43.9391 38.8885 -35.632 -43.1606 37.2891 
-35.6326 -43.1699 37.3074 -35.6572 -43.2289 37.4697 -35.6415 -43.1941 37.3707 
-35.6649 -43.2456 37.498 -35.7062 -43.3248 37.6154 -35.7783 -43.4762 37.8595 
-35.7904 -43.5176 37.9243 -36.061 -43.9525 38.6074 -36.0772 -43.9605 38.6223 
-36.2075 -43.9938 38.7326 -36.2207 -43.9983 38.7445 -36.3665 -44.0134 38.8205 
-36.2689 -44.0033 38.7707 -36.4277 -44.0079 38.8411 -36.7167 -43.9454 38.8866 
-36.5192 -43.9954 38.8596 
POLYGONS 8880 35520
3 0 1 2 
3 0 3 4 
3 1 0 4 
3 4 3 11 
3 5 10 14 
3 2 10 5 
3 2 5 0 
3 0 5 6 
3 3 0 7 
3 7 0 6 
3 12 11 3 
3 7 12 3 
3 15 5 14 
3 29 15 14 
3 6 5 16 
3 16 5 15 
3 7 6 17 
3 17 6 16 
3 18 12 7 
3 17 18 7 
3 15 29 31 
3 16 15 31 
3 32 16 31 
3 17 16 32 
3 33 17 32 
3 18 17 33 
3 371 320 370 
3 320 371 321 
3 419 371 370 
3 418 419 370 
3 372 321 371 
3 419 372 371 
3 473 419 418 
3 471 473 418 
3 420 372 419 
3 473 420 419 
3 473 471 474 
3 420 473 474 
3 25 43 24 
3 25 45 46 
3 43 25 46 
3 45 72 73 
3 46 45 73 
3 73 72 106 
3 19 35 20 
3 19 9 23 
3 35 19 23 
3 24 23 9 
3 24 9 25 
3 25 9 13 
3 45 25 28 
3 28 25 13 
3 72 45 50 
3 50 45 28 
3 107 106 72 
3 107 72 80 
3 80 72 50 
3 107 80 108 
3 8 19 20 
3 21 8 20 
3 1 8 2 
3 1 9 8 
3 9 19 8 
3 4 9 1 
3 13 9 4 
3 11 13 4 
3 11 26 13 
3 26 28 13 
3 50 28 47 
3 47 28 26 
3 81 109 80 
3 81 80 50 
3 81 50 74 
3 74 50 47 
3 142 108 110 
3 110 108 80 
3 109 110 80 
3 22 37 39 
3 21 37 22 
3 8 21 22 
3 8 22 14 
3 8 14 10 
3 2 8 10 
3 26 12 27 
3 11 12 26 
3 47 26 48 
3 48 26 27 
3 75 74 47 
3 75 47 76 
3 76 47 48 
3 30 22 39 
3 52 30 39 
3 14 30 29 
3 22 30 14 
3 27 18 34 
3 12 18 27 
3 48 27 49 
3 49 27 34 
3 77 76 48 
3 77 48 78 
3 78 48 49 
3 53 30 52 
3 84 53 52 
3 29 51 31 
3 29 30 51 
3 30 53 51 
3 31 54 32 
3 51 54 31 
3 32 55 33 
3 54 55 32 
3 33 34 18 
3 33 55 34 
3 55 56 34 
3 57 79 49 
3 57 49 34 
3 57 34 58 
3 58 34 56 
3 79 78 49 
3 53 84 86 
3 86 111 82 
3 86 82 53 
3 53 82 51 
3 54 51 83 
3 83 51 82 
3 55 54 87 
3 87 54 83 
3 56 55 88 
3 88 55 87 
3 89 58 56 
3 89 56 90 
3 90 56 88 
3 112 82 111 
3 144 112 111 
3 83 82 113 
3 113 82 112 
3 87 83 114 
3 114 83 113 
3 88 87 119 
3 119 87 114 
3 120 90 88 
3 120 88 121 
3 121 88 119 
3 146 112 144 
3 182 146 144 
3 113 112 147 
3 147 112 146 
3 114 113 148 
3 148 113 147 
3 119 114 149 
3 149 114 148 
3 154 121 119 
3 154 119 155 
3 155 119 149 
3 184 146 182 
3 223 184 182 
3 147 146 185 
3 185 146 184 
3 148 147 186 
3 186 147 185 
3 149 148 187 
3 187 148 186 
3 188 155 149 
3 188 149 189 
3 189 149 187 
3 225 184 223 
3 266 225 223 
3 185 184 226 
3 226 184 225 
3 186 185 227 
3 227 185 226 
3 187 186 228 
3 228 186 227 
3 229 189 187 
3 229 187 230 
3 230 187 228 
3 225 266 269 
3 269 317 270 
3 269 270 225 
3 225 270 226 
3 227 226 271 
3 271 226 270 
3 228 227 272 
3 272 227 271 
3 230 228 273 
3 273 228 274 
3 274 228 272 
3 323 273 274 
3 318 270 317 
3 367 318 317 
3 271 270 319 
3 319 270 318 
3 320 319 370 
3 320 272 319 
3 272 271 319 
3 321 272 320 
3 321 322 272 
3 322 274 272 
3 324 323 274 
3 324 274 325 
3 325 274 322 
3 368 318 367 
3 415 368 367 
3 319 318 369 
3 369 318 368 
3 370 369 418 
3 319 369 370 
3 373 374 322 
3 373 322 372 
3 321 372 322 
3 375 325 322 
3 374 375 322 
3 416 368 415 
3 467 416 415 
3 369 368 417 
3 417 368 416 
3 418 417 471 
3 369 417 418 
3 475 421 420 
3 421 373 372 
3 421 372 420 
3 468 520 519 
3 467 520 468 
3 467 468 416 
3 416 468 469 
3 417 416 470 
3 470 416 469 
3 471 472 474 
3 471 417 472 
3 417 470 472 
3 476 475 420 
3 420 474 476 
3 527 476 474 
3 527 474 472 
3 528 527 472 
3 523 468 519 
3 578 523 519 
3 469 468 524 
3 524 468 523 
3 470 469 525 
3 525 469 524 
3 472 470 526 
3 526 470 525 
3 529 528 472 
3 529 472 530 
3 530 472 526 
3 580 523 578 
3 636 580 578 
3 524 523 581 
3 581 523 580 
3 525 524 582 
3 582 524 581 
3 526 525 583 
3 583 525 582 
3 584 530 526 
3 584 526 585 
3 585 526 583 
3 639 580 636 
3 698 639 636 
3 581 580 640 
3 640 580 639 
3 582 581 641 
3 641 581 640 
3 583 582 642 
3 642 582 641 
3 643 585 583 
3 643 583 644 
3 644 583 642 
3 639 698 702 
3 640 639 702 
3 703 640 702 
3 703 770 704 
3 703 704 640 
3 640 704 641 
3 705 707 642 
3 705 642 641 
3 705 641 706 
3 706 641 704 
3 707 644 642 
3 771 772 704 
3 771 704 770 
3 772 706 704 
3 175 218 174 
3 219 220 175 
3 220 265 218 
3 220 218 175 
3 70 101 69 
3 70 103 104 
3 101 70 104 
3 103 138 139 
3 104 103 139 
3 174 139 138 
3 174 138 175 
3 176 221 175 
3 176 175 138 
3 222 219 175 
3 221 222 175 
3 44 68 67 
3 69 68 44 
3 69 44 70 
3 70 44 71 
3 103 70 105 
3 105 70 71 
3 138 103 140 
3 140 103 105 
3 177 176 138 
3 177 138 178 
3 178 138 140 
3 41 64 40 
3 67 64 41 
3 44 67 41 
3 44 41 24 
3 44 24 43 
3 46 44 43 
3 71 44 46 
3 73 71 46 
3 105 71 73 
3 106 105 73 
3 106 141 105 
3 141 140 105 
3 179 178 140 
3 179 140 180 
3 180 140 141 
3 35 42 36 
3 20 35 36 
3 40 23 41 
3 40 42 23 
3 42 35 23 
3 24 41 23 
3 106 107 141 
3 108 141 107 
3 143 181 141 
3 141 108 143 
3 181 180 141 
3 38 59 62 
3 38 36 59 
3 38 21 36 
3 21 20 36 
3 142 143 108 
3 37 38 62 
3 37 62 39 
3 39 62 63 
3 21 38 37 
3 39 63 52 
3 63 85 52 
3 52 85 84 
3 85 115 84 
3 116 86 84 
3 116 84 117 
3 117 84 115 
3 86 116 111 
3 145 116 117 
3 151 145 117 
3 111 145 144 
3 116 145 111 
3 183 145 151 
3 191 183 151 
3 144 183 182 
3 145 183 144 
3 224 183 191 
3 232 224 191 
3 182 224 223 
3 183 224 182 
3 224 232 267 
3 267 223 224 
3 267 268 223 
3 268 266 223 
3 313 269 266 
3 313 266 314 
3 314 266 268 
3 269 313 317 
3 363 313 314 
3 364 363 314 
3 317 363 367 
3 313 363 317 
3 410 363 364 
3 411 410 364 
3 367 410 415 
3 363 410 367 
3 461 410 411 
3 462 461 411 
3 415 461 467 
3 410 461 415 
3 518 521 576 
3 462 521 518 
3 461 462 518 
3 461 518 519 
3 461 519 520 
3 467 461 520 
3 577 518 576 
3 633 577 576 
3 519 577 578 
3 518 577 519 
3 634 694 695 
3 633 694 634 
3 633 634 577 
3 577 634 635 
3 578 635 636 
3 577 635 578 
3 696 634 695 
3 761 696 695 
3 635 634 697 
3 697 634 696 
3 636 697 698 
3 635 697 636 
3 696 761 763 
3 763 831 764 
3 763 764 696 
3 696 764 697 
3 698 765 702 
3 698 697 765 
3 697 764 765 
3 702 769 703 
3 765 769 702 
3 703 769 770 
3 832 764 831 
3 902 832 831 
3 765 764 833 
3 833 764 832 
3 769 765 834 
3 834 765 833 
3 838 771 770 
3 838 770 837 
3 770 769 837 
3 769 834 837 
3 910 838 837 
3 832 902 903 
3 833 832 903 
3 904 833 903 
3 904 976 905 
3 904 905 833 
3 833 905 834 
3 906 911 837 
3 906 837 834 
3 906 834 907 
3 907 834 905 
3 911 910 837 
3 977 978 905 
3 977 905 976 
3 978 907 905 
3 216 259 215 
3 260 261 216 
3 261 310 259 
3 261 259 216 
3 136 169 135 
3 136 171 172 
3 169 136 172 
3 215 172 171 
3 215 171 216 
3 216 171 217 
3 262 260 216 
3 262 216 263 
3 263 216 217 
3 102 134 133 
3 135 134 102 
3 135 102 136 
3 136 102 137 
3 171 136 173 
3 173 136 137 
3 218 173 174 
3 218 217 173 
3 217 171 173 
3 264 217 265 
3 265 217 218 
3 264 263 217 
3 100 131 99 
3 133 131 100 
3 102 133 100 
3 102 100 69 
3 102 69 101 
3 104 102 101 
3 137 102 104 
3 139 137 104 
3 173 137 139 
3 174 173 139 
3 65 97 98 
3 99 97 65 
3 100 99 65 
3 100 65 67 
3 100 67 68 
3 69 100 68 
3 66 93 60 
3 98 93 66 
3 65 98 66 
3 65 66 40 
3 65 40 64 
3 67 65 64 
3 42 66 60 
3 42 60 36 
3 36 60 61 
3 40 66 42 
3 59 91 92 
3 62 59 92 
3 61 59 36 
3 91 59 61 
3 62 92 63 
3 92 96 63 
3 63 96 85 
3 96 118 85 
3 85 118 115 
3 118 150 115 
3 115 150 117 
3 150 152 117 
3 117 152 151 
3 152 192 151 
3 151 192 191 
3 192 233 191 
3 191 233 232 
3 233 276 232 
3 277 267 232 
3 277 232 278 
3 278 232 276 
3 267 277 268 
3 277 278 315 
3 315 268 277 
3 315 316 268 
3 316 314 268 
3 314 316 364 
3 316 365 364 
3 364 365 411 
3 365 412 411 
3 463 464 522 
3 463 412 464 
3 463 462 412 
3 462 411 412 
3 521 463 522 
3 521 522 576 
3 576 522 579 
3 462 463 521 
3 637 638 699 
3 637 579 638 
3 637 633 579 
3 633 576 579 
3 700 766 767 
3 699 766 700 
3 637 699 700 
3 637 700 695 
3 637 695 694 
3 633 637 694 
3 762 700 767 
3 829 762 767 
3 695 762 761 
3 700 762 695 
3 830 762 829 
3 899 830 829 
3 761 828 763 
3 761 762 828 
3 762 830 828 
3 763 828 831 
3 901 830 899 
3 970 901 899 
3 828 830 898 
3 898 830 901 
3 831 898 902 
3 828 898 831 
3 901 970 974 
3 974 1042 968 
3 974 968 901 
3 901 968 898 
3 902 969 903 
3 902 898 969 
3 898 968 969 
3 903 975 904 
3 969 975 903 
3 904 975 976 
3 968 1042 1043 
3 1043 1121 1044 
3 1043 1044 968 
3 968 1044 969 
3 975 969 1045 
3 1045 969 1044 
3 1051 977 976 
3 1051 976 1050 
3 976 975 1050 
3 975 1045 1050 
3 1132 1051 1050 
3 1044 1121 1122 
3 1045 1044 1122 
3 1123 1045 1122 
3 1209 1124 1123 
3 1124 1125 1045 
3 1045 1123 1124 
3 1125 1133 1050 
3 1050 1045 1125 
3 1133 1132 1050 
3 213 256 212 
3 213 257 258 
3 256 213 258 
3 311 258 306 
3 306 258 257 
3 307 306 257 
3 308 307 257 
3 170 211 210 
3 212 211 170 
3 212 170 213 
3 213 170 214 
3 259 214 215 
3 259 257 214 
3 257 213 214 
3 309 257 310 
3 310 257 259 
3 309 308 257 
3 168 208 167 
3 210 208 168 
3 170 210 168 
3 170 168 135 
3 170 135 169 
3 172 170 169 
3 214 170 172 
3 215 214 172 
3 132 166 165 
3 167 166 132 
3 168 167 132 
3 168 132 133 
3 168 133 134 
3 135 168 134 
3 129 164 130 
3 165 164 129 
3 132 165 129 
3 132 129 99 
3 132 99 131 
3 133 132 131 
3 97 129 130 
3 97 130 98 
3 98 130 125 
3 99 129 97 
3 93 124 94 
3 60 93 94 
3 125 93 98 
3 124 93 125 
3 60 94 61 
3 94 95 61 
3 91 122 123 
3 92 91 123 
3 95 91 61 
3 122 91 95 
3 92 123 96 
3 123 128 96 
3 96 128 118 
3 128 153 118 
3 118 153 150 
3 153 190 150 
3 150 190 152 
3 190 193 152 
3 152 193 192 
3 193 234 192 
3 192 234 233 
3 234 279 233 
3 233 279 276 
3 279 327 276 
3 276 327 278 
3 327 328 278 
3 278 328 329 
3 315 278 329 
3 329 316 315 
3 366 316 329 
3 316 366 365 
3 366 413 365 
3 465 466 479 
3 465 413 466 
3 465 412 413 
3 412 365 413 
3 464 465 479 
3 464 479 522 
3 522 479 533 
3 412 465 464 
3 522 533 579 
3 533 587 579 
3 638 645 701 
3 699 638 701 
3 587 638 579 
3 645 638 587 
3 766 768 835 
3 767 766 835 
3 701 766 699 
3 768 766 701 
3 767 835 829 
3 835 900 829 
3 971 973 981 
3 971 900 973 
3 971 899 900 
3 899 829 900 
3 972 971 981 
3 1047 972 981 
3 899 972 970 
3 971 972 899 
3 1048 1127 1128 
3 1047 1127 1048 
3 1047 1048 972 
3 972 1048 1049 
3 970 1046 974 
3 970 972 1046 
3 972 1049 1046 
3 974 1046 1042 
3 1129 1212 1213 
3 1128 1212 1129 
3 1128 1129 1048 
3 1048 1129 1130 
3 1049 1048 1131 
3 1131 1048 1130 
3 1046 1049 1126 
3 1126 1049 1131 
3 1042 1120 1043 
3 1042 1046 1120 
3 1046 1126 1120 
3 1043 1120 1121 
3 1214 1129 1213 
3 1297 1214 1213 
3 1130 1129 1215 
3 1215 1129 1214 
3 1131 1130 1216 
3 1216 1130 1215 
3 1126 1131 1211 
3 1211 1131 1216 
3 1120 1126 1205 
3 1205 1126 1211 
3 1121 1206 1122 
3 1121 1120 1206 
3 1120 1205 1206 
3 1207 1210 1123 
3 1123 1122 1207 
3 1208 1207 1122 
3 1122 1206 1208 
3 1210 1209 1123 
3 1214 1297 1299 
3 1299 1391 1300 
3 1299 1300 1214 
3 1214 1300 1215 
3 1216 1215 1301 
3 1301 1215 1300 
3 1211 1216 1296 
3 1296 1216 1301 
3 1205 1211 1292 
3 1292 1211 1296 
3 1206 1205 1293 
3 1293 1205 1292 
3 1294 1208 1206 
3 1294 1206 1295 
3 1295 1206 1293 
3 1392 1300 1391 
3 1487 1392 1391 
3 1301 1300 1393 
3 1393 1300 1392 
3 1296 1301 1386 
3 1386 1301 1393 
3 1381 1382 1292 
3 1381 1292 1296 
3 1381 1296 1387 
3 1387 1296 1386 
3 1383 1384 1293 
3 1383 1293 1292 
3 1382 1383 1292 
3 1385 1295 1293 
3 1384 1385 1293 
3 1392 1487 1488 
3 1393 1392 1488 
3 1479 1393 1488 
3 1386 1393 1479 
3 1480 1386 1481 
3 1481 1386 1479 
3 1480 1387 1386 
3 357 407 356 
3 408 409 357 
3 409 460 407 
3 409 407 357 
3 303 355 302 
3 356 355 303 
3 356 303 357 
3 357 303 305 
3 408 357 360 
3 360 357 312 
3 312 357 305 
3 359 361 312 
3 361 362 312 
3 362 360 312 
3 253 301 254 
3 302 301 253 
3 302 253 303 
3 303 253 255 
3 256 255 212 
3 256 305 255 
3 305 303 255 
3 258 305 256 
3 312 305 258 
3 359 312 311 
3 311 312 258 
3 209 253 254 
3 252 209 254 
3 211 209 210 
3 211 255 209 
3 255 253 209 
3 212 255 211 
3 207 250 206 
3 252 250 207 
3 209 252 207 
3 209 207 167 
3 209 167 208 
3 210 209 208 
3 166 207 206 
3 166 206 165 
3 165 206 205 
3 167 207 166 
3 164 200 160 
3 130 164 160 
3 205 164 165 
3 200 164 205 
3 130 160 125 
3 160 159 125 
3 124 158 126 
3 94 124 126 
3 159 124 125 
3 158 124 159 
3 94 126 95 
3 126 127 95 
3 122 156 157 
3 123 122 157 
3 127 122 95 
3 156 122 127 
3 123 157 128 
3 157 163 128 
3 128 163 153 
3 163 194 153 
3 153 194 190 
3 194 231 190 
3 190 231 193 
3 231 235 193 
3 193 235 234 
3 235 280 234 
3 234 280 279 
3 280 330 279 
3 279 330 327 
3 330 376 327 
3 327 376 328 
3 376 377 328 
3 378 329 328 
3 378 328 379 
3 379 328 377 
3 329 378 366 
3 414 378 379 
3 424 414 379 
3 366 414 413 
3 378 414 366 
3 466 414 424 
3 466 424 479 
3 479 424 480 
3 413 414 466 
3 479 480 533 
3 480 534 533 
3 588 589 646 
3 588 534 589 
3 588 587 534 
3 587 533 534 
3 645 588 646 
3 645 646 701 
3 701 646 708 
3 587 588 645 
3 768 773 836 
3 835 768 836 
3 708 768 701 
3 773 768 708 
3 908 909 979 
3 908 836 909 
3 908 900 836 
3 900 835 836 
3 980 1052 1053 
3 979 1052 980 
3 908 979 980 
3 908 980 981 
3 908 981 973 
3 900 908 973 
3 1054 1135 1136 
3 1053 1135 1054 
3 1053 1054 980 
3 980 1054 1055 
3 981 1055 1047 
3 980 1055 981 
3 1137 1219 1220 
3 1136 1219 1137 
3 1136 1137 1054 
3 1054 1137 1138 
3 1127 1138 1128 
3 1127 1055 1138 
3 1055 1054 1138 
3 1047 1055 1127 
3 1221 1137 1220 
3 1305 1221 1220 
3 1212 1221 1213 
3 1212 1138 1221 
3 1138 1137 1221 
3 1128 1138 1212 
3 1298 1221 1305 
3 1389 1298 1305 
3 1213 1298 1297 
3 1221 1298 1213 
3 1390 1298 1389 
3 1483 1390 1389 
3 1297 1388 1299 
3 1297 1298 1388 
3 1298 1390 1388 
3 1299 1388 1391 
3 1486 1390 1483 
3 1578 1486 1483 
3 1388 1390 1482 
3 1482 1390 1486 
3 1391 1482 1487 
3 1388 1482 1391 
3 1486 1578 1582 
3 1582 1668 1576 
3 1582 1576 1486 
3 1486 1576 1482 
3 1487 1577 1488 
3 1487 1482 1577 
3 1482 1576 1577 
3 1488 1573 1479 
3 1577 1573 1488 
3 1574 1481 1479 
3 1575 1574 1479 
3 1479 1573 1575 
3 1576 1668 1669 
3 1669 1772 1670 
3 1669 1670 1576 
3 1576 1670 1577 
3 1573 1577 1665 
3 1665 1577 1670 
3 1666 1575 1573 
3 1666 1573 1667 
3 1667 1573 1665 
3 1670 1772 1768 
3 1665 1670 1768 
3 1769 1665 1770 
3 1770 1665 1768 
3 1769 1667 1665 
3 455 513 456 
3 514 515 455 
3 514 455 457 
3 515 575 513 
3 515 513 455 
3 516 517 457 
3 517 514 457 
3 405 448 399 
3 456 448 405 
3 456 405 455 
3 455 405 404 
3 457 455 406 
3 406 455 404 
3 407 406 356 
3 458 459 406 
3 406 407 458 
3 516 457 459 
3 459 457 406 
3 460 458 407 
3 358 405 399 
3 350 358 399 
3 404 405 354 
3 354 405 358 
3 355 354 302 
3 355 406 354 
3 406 404 354 
3 356 406 355 
3 304 358 350 
3 298 304 350 
3 301 304 254 
3 301 354 304 
3 354 358 304 
3 302 354 301 
3 297 304 298 
3 251 297 298 
3 254 297 252 
3 304 297 254 
3 250 297 251 
3 250 251 206 
3 206 251 249 
3 252 297 250 
3 206 249 205 
3 249 243 205 
3 200 242 199 
3 160 200 199 
3 243 200 205 
3 242 200 243 
3 160 199 159 
3 199 198 159 
3 158 197 161 
3 126 158 161 
3 198 158 159 
3 197 158 198 
3 126 161 127 
3 161 162 127 
3 156 195 196 
3 157 156 196 
3 162 156 127 
3 195 156 162 
3 157 196 163 
3 196 204 163 
3 163 204 194 
3 204 236 194 
3 194 236 231 
3 236 275 231 
3 231 275 235 
3 275 281 235 
3 235 281 280 
3 281 331 280 
3 280 331 330 
3 331 380 330 
3 330 380 376 
3 380 422 376 
3 376 422 377 
3 422 423 377 
3 377 423 379 
3 423 425 379 
3 379 425 424 
3 425 481 424 
3 424 481 480 
3 481 535 480 
3 480 535 534 
3 535 590 534 
3 589 647 648 
3 646 589 648 
3 590 589 534 
3 647 589 590 
3 711 712 777 
3 711 648 712 
3 711 708 648 
3 708 646 648 
3 773 711 777 
3 773 777 836 
3 836 777 842 
3 708 711 773 
3 909 915 982 
3 979 909 982 
3 842 909 836 
3 915 909 842 
3 1052 1056 1134 
3 1053 1052 1134 
3 982 1052 979 
3 1056 1052 982 
3 1135 1217 1218 
3 1136 1135 1218 
3 1134 1135 1053 
3 1217 1135 1134 
3 1219 1303 1304 
3 1220 1219 1304 
3 1218 1219 1136 
3 1303 1219 1218 
3 1220 1304 1305 
3 1304 1396 1305 
3 1484 1491 1580 
3 1484 1396 1491 
3 1484 1389 1396 
3 1389 1305 1396 
3 1485 1484 1580 
3 1581 1485 1580 
3 1389 1485 1483 
3 1484 1485 1389 
3 1579 1485 1581 
3 1672 1579 1581 
3 1483 1579 1578 
3 1485 1579 1483 
3 1673 1579 1672 
3 1774 1673 1672 
3 1578 1671 1582 
3 1578 1579 1671 
3 1579 1673 1671 
3 1582 1671 1668 
3 1673 1774 1775 
3 1775 1876 1773 
3 1775 1773 1673 
3 1673 1773 1671 
3 1668 1771 1669 
3 1668 1671 1771 
3 1671 1773 1771 
3 1669 1771 1772 
3 1773 1876 1877 
3 1877 1977 1875 
3 1877 1875 1773 
3 1773 1875 1771 
3 1772 1872 1768 
3 1772 1771 1872 
3 1771 1875 1872 
3 1873 1770 1768 
3 1874 1873 1768 
3 1768 1872 1874 
3 1875 1977 1973 
3 1872 1875 1973 
3 1974 1872 1975 
3 1975 1872 1973 
3 1974 1976 1872 
3 1976 1874 1872 
3 564 622 568 
3 623 624 564 
3 624 682 622 
3 624 622 564 
3 507 567 508 
3 568 567 507 
3 568 507 564 
3 564 507 506 
3 513 506 456 
3 565 566 506 
3 506 513 565 
3 623 564 566 
3 566 564 506 
3 575 565 513 
3 449 507 508 
3 450 449 508 
3 448 449 399 
3 448 506 449 
3 506 507 449 
3 456 506 448 
3 400 449 450 
3 401 400 450 
3 399 400 350 
3 449 400 399 
3 351 400 401 
3 352 351 401 
3 350 351 298 
3 400 351 350 
3 299 351 352 
3 353 299 352 
3 298 299 251 
3 351 299 298 
3 299 353 300 
3 300 251 299 
3 300 290 251 
3 290 249 251 
3 249 290 243 
3 290 289 243 
3 242 288 241 
3 199 242 241 
3 289 242 243 
3 288 242 289 
3 199 241 198 
3 241 240 198 
3 197 239 201 
3 161 197 201 
3 240 197 198 
3 239 197 240 
3 161 201 162 
3 201 202 162 
3 195 237 196 
3 195 203 237 
3 195 162 203 
3 162 202 203 
3 237 246 238 
3 237 238 196 
3 196 238 204 
3 203 246 237 
3 204 238 236 
3 238 282 236 
3 236 282 275 
3 282 326 275 
3 275 326 281 
3 326 332 281 
3 281 332 331 
3 332 381 331 
3 331 381 380 
3 381 426 380 
3 380 426 422 
3 426 477 422 
3 422 477 423 
3 477 478 423 
3 423 478 425 
3 478 482 425 
3 425 482 481 
3 482 536 481 
3 481 536 535 
3 536 591 535 
3 535 591 590 
3 591 649 590 
3 647 709 710 
3 648 647 710 
3 649 647 590 
3 709 647 649 
3 712 775 778 
3 777 712 778 
3 710 712 648 
3 775 712 710 
3 843 844 916 
3 843 778 844 
3 843 842 778 
3 842 777 778 
3 915 843 916 
3 915 916 982 
3 982 916 986 
3 842 843 915 
3 1056 1060 1139 
3 1134 1056 1139 
3 986 1056 982 
3 1060 1056 986 
3 1217 1222 1302 
3 1218 1217 1302 
3 1139 1217 1134 
3 1222 1217 1139 
3 1303 1394 1395 
3 1304 1303 1395 
3 1302 1303 1218 
3 1394 1303 1302 
3 1304 1395 1396 
3 1395 1490 1396 
3 1491 1585 1586 
3 1580 1491 1586 
3 1490 1491 1396 
3 1585 1491 1490 
3 1674 1681 1776 
3 1674 1586 1681 
3 1674 1581 1586 
3 1581 1580 1586 
3 1674 1776 1675 
3 1675 1581 1674 
3 1675 1676 1581 
3 1676 1672 1581 
3 1672 1676 1774 
3 1676 1778 1774 
3 1774 1778 1878 
3 1775 1774 1878 
3 1878 1876 1775 
3 1978 1876 1878 
3 1979 1877 1876 
3 1979 1876 1980 
3 1980 1876 1978 
3 1877 1979 1977 
3 1979 1980 2076 
3 2077 2076 2192 
3 1973 2076 2077 
3 1973 1979 2076 
3 1973 1977 1979 
3 2078 1975 1973 
3 2079 2078 1973 
3 1973 2077 2079 
3 2194 2195 2077 
3 2194 2077 2192 
3 2195 2079 2077 
3 685 752 687 
3 751 753 685 
3 753 820 752 
3 753 752 685 
3 626 685 687 
3 627 626 687 
3 751 685 684 
3 684 685 625 
3 625 685 626 
3 622 625 568 
3 683 686 625 
3 625 622 683 
3 686 684 625 
3 682 683 622 
3 569 626 627 
3 570 569 627 
3 567 569 508 
3 567 625 569 
3 625 626 569 
3 568 625 567 
3 509 569 570 
3 510 509 570 
3 508 509 450 
3 569 509 508 
3 451 509 510 
3 511 451 510 
3 450 451 401 
3 509 451 450 
3 451 511 452 
3 452 401 451 
3 452 402 401 
3 402 352 401 
3 352 402 353 
3 402 403 353 
3 341 300 353 
3 341 353 391 
3 391 353 403 
3 300 341 290 
3 341 391 342 
3 342 290 341 
3 342 340 290 
3 340 289 290 
3 288 338 286 
3 241 288 286 
3 340 288 289 
3 338 288 340 
3 241 286 240 
3 286 287 240 
3 239 244 201 
3 239 285 244 
3 239 240 285 
3 240 287 285 
3 244 291 245 
3 244 245 201 
3 201 245 202 
3 285 291 244 
3 202 245 203 
3 245 247 203 
3 246 283 238 
3 246 248 283 
3 246 203 248 
3 203 247 248 
3 283 294 284 
3 283 284 238 
3 238 284 282 
3 248 294 283 
3 282 284 326 
3 284 333 326 
3 326 333 332 
3 333 382 332 
3 332 382 381 
3 382 427 381 
3 381 427 426 
3 427 483 426 
3 426 483 477 
3 483 531 477 
3 477 531 478 
3 531 532 478 
3 478 532 482 
3 532 537 482 
3 482 537 536 
3 537 592 536 
3 536 592 591 
3 592 650 591 
3 713 714 774 
3 713 650 714 
3 713 649 650 
3 649 591 650 
3 709 713 774 
3 709 774 710 
3 710 774 776 
3 649 713 709 
3 775 839 840 
3 778 775 840 
3 776 775 710 
3 839 775 776 
3 844 917 916 
3 844 845 917 
3 844 778 845 
3 778 840 845 
3 917 918 987 
3 917 987 916 
3 916 987 986 
3 845 918 917 
3 1060 1061 1142 
3 1139 1060 1142 
3 987 1060 986 
3 1061 1060 987 
3 1222 1224 1306 
3 1302 1222 1306 
3 1142 1222 1139 
3 1224 1222 1142 
3 1394 1397 1489 
3 1395 1394 1489 
3 1306 1394 1302 
3 1397 1394 1306 
3 1395 1489 1490 
3 1489 1583 1490 
3 1585 1677 1680 
3 1586 1585 1680 
3 1583 1585 1490 
3 1677 1585 1583 
3 1681 1777 1776 
3 1681 1682 1777 
3 1681 1586 1682 
3 1586 1680 1682 
3 1777 1675 1776 
3 1785 1881 1779 
3 1779 1682 1785 
3 1779 1676 1682 
3 1777 1682 1675 
3 1675 1682 1676 
3 1779 1881 1780 
3 1780 1676 1779 
3 1780 1781 1676 
3 1781 1778 1676 
3 1879 1878 1778 
3 1879 1778 1880 
3 1880 1778 1781 
3 1878 1879 1978 
3 1981 1879 1880 
3 1982 1981 1880 
3 1978 1981 1980 
3 1879 1981 1978 
3 1981 1982 2080 
3 2193 2080 2196 
3 2076 2080 2193 
3 2076 1981 2080 
3 2076 1980 1981 
3 2076 2193 2192 
3 2308 2193 2196 
3 2309 2308 2196 
3 2306 2194 2192 
3 2306 2192 2307 
3 2192 2193 2307 
3 2193 2308 2307 
3 2428 2306 2307 
3 2308 2309 2311 
3 2311 2435 2429 
3 2311 2429 2308 
3 2308 2429 2307 
3 2430 2428 2307 
3 2430 2307 2431 
3 2431 2307 2429 
3 2556 2557 2429 
3 2556 2429 2435 
3 2557 2431 2429 
3 754 821 755 
3 754 687 752 
3 754 752 821 
3 822 889 821 
3 822 821 752 
3 820 822 752 
3 688 754 755 
3 689 688 755 
3 687 688 627 
3 754 688 687 
3 628 688 689 
3 629 628 689 
3 627 628 570 
3 688 628 627 
3 571 628 629 
3 630 571 629 
3 570 571 510 
3 628 571 570 
3 571 630 572 
3 572 510 571 
3 572 573 510 
3 573 511 510 
3 453 452 511 
3 453 511 512 
3 512 511 573 
3 452 453 402 
3 453 512 454 
3 454 402 453 
3 454 440 402 
3 440 403 402 
3 403 440 391 
3 440 439 391 
3 391 439 390 
3 342 391 390 
3 390 340 342 
3 388 340 390 
3 338 387 339 
3 286 338 339 
3 388 338 340 
3 387 338 388 
3 286 339 287 
3 339 336 287 
3 287 336 285 
3 336 337 285 
3 291 343 292 
3 245 291 292 
3 337 291 285 
3 343 291 337 
3 245 292 247 
3 292 293 247 
3 247 293 248 
3 293 295 248 
3 294 334 284 
3 294 296 334 
3 294 248 296 
3 248 295 296 
3 334 347 335 
3 334 335 284 
3 284 335 333 
3 296 347 334 
3 333 335 382 
3 335 383 382 
3 382 383 427 
3 383 428 427 
3 427 428 483 
3 428 484 483 
3 483 484 531 
3 484 538 531 
3 531 538 532 
3 538 586 532 
3 532 586 537 
3 586 593 537 
3 537 593 592 
3 593 651 592 
3 592 651 650 
3 651 715 650 
3 714 779 780 
3 774 714 780 
3 715 714 650 
3 779 714 715 
3 774 780 776 
3 780 841 776 
3 839 912 913 
3 840 839 913 
3 841 839 776 
3 912 839 841 
3 840 913 845 
3 913 919 845 
3 918 988 989 
3 987 918 989 
3 919 918 845 
3 988 918 919 
3 1061 1064 1143 
3 1142 1061 1143 
3 989 1061 987 
3 1064 1061 989 
3 1224 1225 1307 
3 1306 1224 1307 
3 1143 1224 1142 
3 1225 1224 1143 
3 1397 1492 1489 
3 1397 1398 1492 
3 1397 1306 1398 
3 1306 1307 1398 
3 1492 1493 1584 
3 1492 1584 1489 
3 1489 1584 1583 
3 1398 1493 1492 
3 1677 1678 1782 
3 1680 1677 1782 
3 1584 1677 1583 
3 1678 1677 1584 
3 1680 1782 1682 
3 1782 1786 1682 
3 1785 1886 1887 
3 1881 1785 1887 
3 1786 1785 1682 
3 1886 1785 1786 
3 1882 1780 1881 
3 1882 1881 1985 
3 1985 1881 1887 
3 1780 1882 1781 
3 1883 1882 1985 
3 1986 1883 1985 
3 1781 1883 1880 
3 1882 1883 1781 
3 1883 1986 1983 
3 1983 1880 1883 
3 1983 1984 1880 
3 1984 1982 1880 
3 2081 2080 1982 
3 2081 1982 2082 
3 2082 1982 1984 
3 2080 2081 2196 
3 2197 2081 2082 
3 2198 2197 2082 
3 2196 2197 2309 
3 2081 2197 2196 
3 2197 2198 2310 
3 2432 2310 2433 
3 2311 2310 2432 
3 2311 2197 2310 
3 2311 2309 2197 
3 2311 2432 2435 
3 2558 2432 2433 
3 2561 2558 2433 
3 2563 2556 2435 
3 2559 2563 2435 
3 2559 2435 2432 
3 2560 2559 2432 
3 2560 2432 2558 
3 2675 2676 2558 
3 2675 2558 2561 
3 2676 2560 2558 
3 821 823 756 
3 755 821 756 
3 890 891 823 
3 889 890 823 
3 889 823 821 
3 755 756 689 
3 756 690 689 
3 689 690 629 
3 690 691 629 
3 629 691 630 
3 691 692 630 
3 630 692 631 
3 572 630 631 
3 631 573 572 
3 574 573 631 
3 573 574 512 
3 574 555 512 
3 512 555 498 
3 454 512 498 
3 498 440 454 
3 497 440 498 
3 494 436 439 
3 494 439 497 
3 497 439 440 
3 494 437 436 
3 439 436 390 
3 436 388 390 
3 436 437 388 
3 437 438 388 
3 387 389 339 
3 387 435 389 
3 387 388 435 
3 388 438 435 
3 389 431 385 
3 389 385 339 
3 339 385 336 
3 435 431 389 
3 336 385 337 
3 385 386 337 
3 343 392 344 
3 292 343 344 
3 386 343 337 
3 392 343 386 
3 292 344 293 
3 344 345 293 
3 293 345 295 
3 345 346 295 
3 295 346 296 
3 346 348 296 
3 347 384 335 
3 347 349 384 
3 347 296 349 
3 296 348 349 
3 384 429 383 
3 335 384 383 
3 397 384 349 
3 429 384 397 
3 429 445 430 
3 429 430 383 
3 383 430 428 
3 397 445 429 
3 428 430 484 
3 430 485 484 
3 484 485 538 
3 485 539 538 
3 538 539 586 
3 539 594 586 
3 586 594 593 
3 594 652 593 
3 593 652 651 
3 652 716 651 
3 651 716 715 
3 716 781 715 
3 779 846 847 
3 780 779 847 
3 781 779 715 
3 846 779 781 
3 780 847 841 
3 847 914 841 
3 912 983 984 
3 913 912 984 
3 914 912 841 
3 983 912 914 
3 913 984 919 
3 984 990 919 
3 988 1062 1063 
3 989 988 1063 
3 990 988 919 
3 1062 988 990 
3 1064 1146 1147 
3 1143 1064 1147 
3 1063 1064 989 
3 1146 1064 1063 
3 1225 1308 1307 
3 1225 1226 1308 
3 1225 1143 1226 
3 1143 1147 1226 
3 1308 1309 1399 
3 1308 1399 1307 
3 1307 1399 1398 
3 1226 1309 1308 
3 1493 1587 1584 
3 1493 1494 1587 
3 1493 1398 1494 
3 1398 1399 1494 
3 1678 1783 1782 
3 1678 1679 1783 
3 1584 1679 1678 
3 1584 1588 1679 
3 1584 1587 1588 
3 1494 1588 1587 
3 1783 1784 1884 
3 1783 1884 1782 
3 1782 1884 1786 
3 1679 1784 1783 
3 1886 1987 1990 
3 1887 1886 1990 
3 1884 1886 1786 
3 1987 1886 1884 
3 1887 1990 1985 
3 1990 2085 1985 
3 1985 2085 1986 
3 2085 2086 1986 
3 2083 1983 1986 
3 2083 1986 2087 
3 2087 1986 2086 
3 1983 2083 1984 
3 2084 2083 2087 
3 2200 2084 2087 
3 1984 2084 2082 
3 2083 2084 1984 
3 2199 2084 2200 
3 2312 2199 2200 
3 2082 2199 2198 
3 2084 2199 2082 
3 2199 2312 2313 
3 2434 2313 2439 
3 2310 2313 2434 
3 2310 2199 2313 
3 2310 2198 2199 
3 2310 2434 2433 
3 2562 2434 2439 
3 2568 2562 2439 
3 2433 2562 2561 
3 2434 2562 2433 
3 2678 2679 2562 
3 2678 2562 2568 
3 2679 2677 2562 
3 2675 2561 2677 
3 2677 2561 2562 
3 823 824 757 
3 756 823 757 
3 891 892 823 
3 892 893 824 
3 892 824 823 
3 756 757 690 
3 757 758 690 
3 690 758 691 
3 758 759 691 
3 691 759 692 
3 759 693 692 
3 692 693 632 
3 631 692 632 
3 632 574 631 
3 614 574 632 
3 574 614 555 
3 614 613 555 
3 555 613 554 
3 498 555 554 
3 554 497 498 
3 552 497 554 
3 497 552 495 
3 494 497 495 
3 495 437 494 
3 496 437 495 
3 437 496 438 
3 496 493 438 
3 438 493 435 
3 493 488 435 
3 431 487 432 
3 385 431 432 
3 488 431 435 
3 487 431 488 
3 385 432 386 
3 432 433 386 
3 392 393 344 
3 392 434 393 
3 392 386 434 
3 386 433 434 
3 393 441 394 
3 393 394 344 
3 344 394 345 
3 434 441 393 
3 345 394 346 
3 394 395 346 
3 346 395 348 
3 395 396 348 
3 348 396 349 
3 396 398 349 
3 349 398 397 
3 398 446 397 
3 445 502 486 
3 430 445 486 
3 446 445 397 
3 502 445 446 
3 430 486 485 
3 486 540 485 
3 485 540 539 
3 540 595 539 
3 539 595 594 
3 595 653 594 
3 594 653 652 
3 653 717 652 
3 652 717 716 
3 717 782 716 
3 716 782 781 
3 782 848 781 
3 846 920 921 
3 847 846 921 
3 848 846 781 
3 920 846 848 
3 847 921 914 
3 921 985 914 
3 983 1057 1058 
3 984 983 1058 
3 985 983 914 
3 1057 983 985 
3 984 1058 990 
3 1058 1065 990 
3 1062 1144 1145 
3 1063 1062 1145 
3 1065 1062 990 
3 1144 1062 1065 
3 1146 1229 1231 
3 1147 1146 1231 
3 1145 1146 1063 
3 1229 1146 1145 
3 1147 1231 1226 
3 1231 1310 1226 
3 1309 1400 1401 
3 1399 1309 1401 
3 1310 1309 1226 
3 1400 1309 1310 
3 1399 1401 1494 
3 1401 1496 1494 
3 1588 1589 1683 
3 1679 1588 1683 
3 1496 1588 1494 
3 1589 1588 1496 
3 1784 1787 1885 
3 1884 1784 1885 
3 1683 1784 1679 
3 1787 1784 1683 
3 1987 2088 1990 
3 1987 1988 2088 
3 1987 1884 1988 
3 1884 1885 1988 
3 2088 2089 2092 
3 2088 2092 1990 
3 1990 2092 2085 
3 1988 2089 2088 
3 2085 2092 2086 
3 2092 2201 2086 
3 2086 2201 2087 
3 2201 2202 2087 
3 2087 2202 2200 
3 2202 2314 2200 
3 2200 2314 2312 
3 2314 2436 2312 
3 2437 2313 2312 
3 2437 2312 2438 
3 2438 2312 2436 
3 2313 2437 2439 
3 2565 2437 2438 
3 2566 2565 2438 
3 2439 2565 2568 
3 2437 2565 2439 
3 2681 2565 2566 
3 2684 2681 2566 
3 2687 2678 2568 
3 2682 2687 2568 
3 2682 2568 2565 
3 2683 2682 2565 
3 2683 2565 2681 
3 2681 2684 2798 
3 2929 2799 2798 
3 2799 2800 2681 
3 2681 2798 2799 
3 2800 2683 2681 
3 824 894 825 
3 757 824 825 
3 893 895 824 
3 895 964 894 
3 895 894 824 
3 757 825 758 
3 825 826 758 
3 758 826 759 
3 826 760 759 
3 759 760 693 
3 760 742 693 
3 693 742 674 
3 632 693 674 
3 674 614 632 
3 673 614 674 
3 670 610 613 
3 670 613 673 
3 673 613 614 
3 670 611 610 
3 613 610 554 
3 610 552 554 
3 610 611 552 
3 611 612 552 
3 552 612 553 
3 495 552 553 
3 553 496 495 
3 551 496 553 
3 496 551 493 
3 551 544 493 
3 493 544 488 
3 544 545 488 
3 487 489 432 
3 487 543 489 
3 487 488 543 
3 488 545 543 
3 489 546 490 
3 489 490 432 
3 432 490 433 
3 543 546 489 
3 433 490 434 
3 490 491 434 
3 441 442 394 
3 441 492 442 
3 441 434 492 
3 434 491 492 
3 442 499 443 
3 442 443 394 
3 394 443 395 
3 492 499 442 
3 395 443 396 
3 443 444 396 
3 396 444 398 
3 444 447 398 
3 398 447 446 
3 447 503 446 
3 502 541 486 
3 502 504 541 
3 502 446 504 
3 446 503 504 
3 541 559 542 
3 541 542 486 
3 486 542 540 
3 504 559 541 
3 540 542 595 
3 542 596 595 
3 595 596 653 
3 596 654 653 
3 653 654 717 
3 654 718 717 
3 717 718 782 
3 718 783 782 
3 782 783 848 
3 783 849 848 
3 920 922 991 
3 921 920 991 
3 849 920 848 
3 922 920 849 
3 921 991 985 
3 991 1059 985 
3 1057 1140 1141 
3 1058 1057 1141 
3 1059 1057 985 
3 1140 1057 1059 
3 1058 1141 1065 
3 1141 1148 1065 
3 1144 1227 1228 
3 1145 1144 1228 
3 1148 1144 1065 
3 1227 1144 1148 
3 1229 1313 1231 
3 1229 1230 1313 
3 1229 1145 1230 
3 1145 1228 1230 
3 1313 1314 1316 
3 1313 1316 1231 
3 1231 1316 1310 
3 1230 1314 1313 
3 1400 1495 1401 
3 1400 1402 1495 
3 1400 1310 1402 
3 1310 1316 1402 
3 1495 1498 1497 
3 1495 1497 1401 
3 1401 1497 1496 
3 1402 1498 1495 
3 1589 1590 1684 
3 1683 1589 1684 
3 1497 1589 1496 
3 1590 1589 1497 
3 1787 1888 1885 
3 1787 1788 1888 
3 1787 1683 1788 
3 1683 1684 1788 
3 1888 1889 1989 
3 1888 1989 1885 
3 1885 1989 1988 
3 1788 1889 1888 
3 2089 2090 2203 
3 2092 2089 2203 
3 1989 2089 1988 
3 2090 2089 1989 
3 2092 2203 2201 
3 2203 2315 2201 
3 2201 2315 2202 
3 2315 2316 2202 
3 2440 2442 2569 
3 2440 2316 2442 
3 2440 2314 2316 
3 2314 2202 2316 
3 2441 2440 2569 
3 2570 2441 2569 
3 2314 2441 2436 
3 2440 2441 2314 
3 2564 2441 2570 
3 2680 2564 2570 
3 2436 2564 2438 
3 2441 2564 2436 
3 2567 2564 2680 
3 2686 2567 2680 
3 2438 2567 2566 
3 2564 2567 2438 
3 2685 2567 2686 
3 2803 2685 2686 
3 2566 2685 2684 
3 2567 2685 2566 
3 2804 2685 2803 
3 2931 2804 2803 
3 2801 2930 2798 
3 2798 2684 2801 
3 2802 2801 2684 
3 2802 2684 2685 
3 2805 2802 2685 
3 2805 2685 2804 
3 2930 2929 2798 
3 2933 2804 2934 
3 2934 2804 2931 
3 3048 2934 2931 
3 2935 2805 2804 
3 2933 2935 2804 
3 1038 1040 966 
3 894 965 896 
3 825 894 896 
3 964 1038 966 
3 964 966 894 
3 965 894 966 
3 825 896 826 
3 896 827 826 
3 826 827 760 
3 827 811 760 
3 809 740 742 
3 809 742 811 
3 811 742 760 
3 809 741 740 
3 742 740 674 
3 740 673 674 
3 740 741 673 
3 741 738 673 
3 673 738 671 
3 670 673 671 
3 671 611 670 
3 672 611 671 
3 611 672 612 
3 672 669 612 
3 612 669 609 
3 553 612 609 
3 609 551 553 
3 601 551 609 
3 551 601 544 
3 601 602 544 
3 544 602 545 
3 602 599 545 
3 545 599 543 
3 599 600 543 
3 546 603 547 
3 490 546 547 
3 600 546 543 
3 603 546 600 
3 490 547 491 
3 547 548 491 
3 491 548 492 
3 548 549 492 
3 499 500 443 
3 499 550 500 
3 499 492 550 
3 492 549 550 
3 500 556 501 
3 500 501 443 
3 443 501 444 
3 550 556 500 
3 444 501 447 
3 501 505 447 
3 447 505 503 
3 505 558 503 
3 503 558 504 
3 558 560 504 
3 559 597 542 
3 559 561 597 
3 559 504 561 
3 504 560 561 
3 597 617 598 
3 597 598 542 
3 542 598 596 
3 561 617 597 
3 596 598 654 
3 598 655 654 
3 654 655 718 
3 655 719 718 
3 718 719 783 
3 719 784 783 
3 783 784 849 
3 784 850 849 
3 922 923 992 
3 991 922 992 
3 850 922 849 
3 923 922 850 
3 991 992 1059 
3 992 1066 1059 
3 1140 1149 1223 
3 1141 1140 1223 
3 1066 1140 1059 
3 1149 1140 1066 
3 1141 1223 1148 
3 1223 1232 1148 
3 1227 1311 1312 
3 1228 1227 1312 
3 1232 1227 1148 
3 1311 1227 1232 
3 1228 1312 1230 
3 1312 1315 1230 
3 1314 1405 1406 
3 1316 1314 1406 
3 1315 1314 1230 
3 1405 1314 1315 
3 1316 1406 1402 
3 1406 1499 1402 
3 1498 1593 1591 
3 1497 1498 1591 
3 1499 1498 1402 
3 1593 1498 1499 
3 1590 1685 1684 
3 1590 1592 1685 
3 1590 1497 1592 
3 1497 1591 1592 
3 1685 1687 1789 
3 1685 1789 1684 
3 1684 1789 1788 
3 1592 1687 1685 
3 1889 1890 1991 
3 1989 1889 1991 
3 1789 1889 1788 
3 1890 1889 1789 
3 2090 2204 2203 
3 2090 2091 2204 
3 2090 1989 2091 
3 1989 1991 2091 
3 2204 2205 2317 
3 2204 2317 2203 
3 2203 2317 2315 
3 2091 2205 2204 
3 2315 2317 2316 
3 2317 2443 2316 
3 2442 2571 2572 
3 2569 2442 2572 
3 2443 2442 2316 
3 2571 2442 2443 
3 2569 2572 2570 
3 2572 2688 2570 
3 2796 2807 2927 
3 2796 2688 2807 
3 2796 2680 2688 
3 2680 2570 2688 
3 2797 2796 2927 
3 2928 2797 2927 
3 2680 2797 2686 
3 2796 2797 2680 
3 2806 2797 2928 
3 2936 2806 2928 
3 2686 2806 2803 
3 2797 2806 2686 
3 2937 3051 3052 
3 2936 3051 2937 
3 2936 2937 2806 
3 2806 2937 2932 
3 2803 2932 2931 
3 2806 2932 2803 
3 2937 3052 3053 
3 3053 3156 3050 
3 3053 3050 2937 
3 2937 3050 2932 
3 3049 3048 2931 
3 3049 2931 3050 
3 2932 3050 2931 
3 3157 3050 3158 
3 3158 3050 3156 
3 3267 3158 3156 
3 3155 3049 3050 
3 3157 3155 3050 
3 1040 1041 966 
3 1118 1039 1041 
3 1041 1039 966 
3 965 967 897 
3 896 965 897 
3 1039 965 966 
3 967 965 1039 
3 896 897 827 
3 897 881 827 
3 827 881 811 
3 881 880 811 
3 811 880 810 
3 809 811 810 
3 810 741 809 
3 807 741 810 
3 741 807 738 
3 807 808 738 
3 738 808 739 
3 671 738 739 
3 739 672 671 
3 737 672 739 
3 729 661 669 
3 729 669 737 
3 737 669 672 
3 729 662 661 
3 669 661 609 
3 661 601 609 
3 661 662 601 
3 662 663 601 
3 601 663 602 
3 663 657 602 
3 602 657 599 
3 657 658 599 
3 599 658 600 
3 658 659 600 
3 603 604 547 
3 603 660 604 
3 603 600 660 
3 600 659 660 
3 604 664 605 
3 604 605 547 
3 547 605 548 
3 660 664 604 
3 548 605 549 
3 605 606 549 
3 549 606 550 
3 606 607 550 
3 556 557 501 
3 556 608 557 
3 556 550 608 
3 550 607 608 
3 557 562 505 
3 501 557 505 
3 615 557 608 
3 562 557 615 
3 562 619 563 
3 562 563 505 
3 505 563 558 
3 615 619 562 
3 558 563 560 
3 563 616 560 
3 560 616 561 
3 616 618 561 
3 617 677 656 
3 598 617 656 
3 618 617 561 
3 677 617 618 
3 598 656 655 
3 656 720 655 
3 655 720 719 
3 720 785 719 
3 719 785 784 
3 785 851 784 
3 784 851 850 
3 851 924 850 
3 923 993 994 
3 992 923 994 
3 924 923 850 
3 993 923 924 
3 992 994 1066 
3 994 1068 1066 
3 1149 1151 1233 
3 1223 1149 1233 
3 1068 1149 1066 
3 1151 1149 1068 
3 1223 1233 1232 
3 1233 1317 1232 
3 1311 1403 1404 
3 1312 1311 1404 
3 1317 1311 1232 
3 1403 1311 1317 
3 1312 1404 1315 
3 1404 1407 1315 
3 1405 1501 1502 
3 1406 1405 1502 
3 1407 1405 1315 
3 1501 1405 1407 
3 1406 1502 1499 
3 1502 1594 1499 
3 1593 1689 1686 
3 1591 1593 1686 
3 1594 1593 1499 
3 1689 1593 1594 
3 1591 1686 1592 
3 1686 1688 1592 
3 1687 1792 1793 
3 1789 1687 1793 
3 1688 1687 1592 
3 1792 1687 1688 
3 1890 1894 1992 
3 1991 1890 1992 
3 1793 1890 1789 
3 1894 1890 1793 
3 1991 1992 2091 
3 1992 2093 2091 
3 2205 2206 2318 
3 2317 2205 2318 
3 2093 2205 2091 
3 2206 2205 2093 
3 2317 2318 2443 
3 2318 2444 2443 
3 2571 2573 2689 
3 2572 2571 2689 
3 2444 2571 2443 
3 2573 2571 2444 
3 2808 2809 2938 
3 2808 2689 2809 
3 2808 2688 2689 
3 2688 2572 2689 
3 2807 2808 2938 
3 2807 2938 2927 
3 2927 2938 3045 
3 2688 2808 2807 
3 3046 3151 3152 
3 3046 3045 3151 
3 3046 2928 3045 
3 2928 2927 3045 
3 3153 3263 3264 
3 3152 3263 3153 
3 3152 3153 3046 
3 3046 3153 3047 
3 2928 3047 2936 
3 3046 3047 2928 
3 3154 3153 3264 
3 3265 3154 3264 
3 3051 3154 3052 
3 3051 3047 3154 
3 3047 3153 3154 
3 2936 3047 3051 
3 3266 3154 3265 
3 3381 3266 3265 
3 3052 3159 3053 
3 3052 3154 3159 
3 3154 3266 3159 
3 3053 3159 3156 
3 3383 3266 3381 
3 3497 3383 3381 
3 3270 3269 3159 
3 3270 3159 3266 
3 3270 3266 3384 
3 3384 3266 3383 
3 3268 3267 3156 
3 3269 3268 3156 
3 3156 3159 3269 
3 3500 3501 3383 
3 3500 3383 3497 
3 3501 3502 3383 
3 3502 3384 3383 
3 1118 1119 1039 
3 1192 1106 1119 
3 1119 1106 1039 
3 967 956 897 
3 967 1027 956 
3 967 1039 1027 
3 1039 1106 1027 
3 956 952 881 
3 897 956 881 
3 953 956 1027 
3 952 956 953 
3 952 877 880 
3 881 952 880 
3 878 952 953 
3 877 952 878 
3 880 877 810 
3 877 807 810 
3 877 878 807 
3 878 879 807 
3 875 805 808 
3 875 808 879 
3 879 808 807 
3 875 806 805 
3 808 805 739 
3 805 737 739 
3 805 806 737 
3 806 796 737 
3 737 796 730 
3 729 737 730 
3 730 662 729 
3 731 662 730 
3 732 723 663 
3 732 663 731 
3 731 663 662 
3 732 788 723 
3 723 724 657 
3 663 723 657 
3 789 723 788 
3 724 723 789 
3 724 725 658 
3 657 724 658 
3 790 724 789 
3 725 724 790 
3 725 791 726 
3 725 726 658 
3 658 726 659 
3 790 791 725 
3 659 726 660 
3 726 727 660 
3 664 665 605 
3 664 728 665 
3 664 660 728 
3 660 727 728 
3 665 733 666 
3 665 666 605 
3 605 666 606 
3 728 733 665 
3 606 666 607 
3 666 667 607 
3 607 667 608 
3 667 668 608 
3 608 668 615 
3 668 675 615 
3 619 620 563 
3 619 676 620 
3 619 615 676 
3 615 675 676 
3 620 680 621 
3 620 621 563 
3 563 621 616 
3 676 680 620 
3 616 621 618 
3 621 678 618 
3 677 721 656 
3 677 679 721 
3 677 618 679 
3 618 678 679 
3 721 746 722 
3 721 722 656 
3 656 722 720 
3 679 746 721 
3 720 722 785 
3 722 786 785 
3 785 786 851 
3 786 852 851 
3 851 852 924 
3 852 925 924 
3 993 995 1067 
3 994 993 1067 
3 925 993 924 
3 995 993 925 
3 994 1067 1068 
3 1067 1150 1068 
3 1151 1234 1235 
3 1233 1151 1235 
3 1150 1151 1068 
3 1234 1151 1150 
3 1233 1235 1317 
3 1235 1319 1317 
3 1403 1410 1500 
3 1404 1403 1500 
3 1319 1403 1317 
3 1410 1403 1319 
3 1404 1500 1407 
3 1500 1503 1407 
3 1501 1595 1596 
3 1502 1501 1596 
3 1503 1501 1407 
3 1595 1501 1503 
3 1502 1596 1594 
3 1596 1690 1594 
3 1689 1790 1686 
3 1689 1691 1790 
3 1689 1594 1691 
3 1594 1690 1691 
3 1790 1794 1791 
3 1790 1791 1686 
3 1686 1791 1688 
3 1691 1794 1790 
3 1792 1891 1893 
3 1793 1792 1893 
3 1791 1792 1688 
3 1891 1792 1791 
3 1894 1996 1992 
3 1894 1895 1996 
3 1894 1793 1895 
3 1793 1893 1895 
3 1996 1997 2094 
3 1996 2094 1992 
3 1992 2094 2093 
3 1895 1997 1996 
3 2206 2207 2319 
3 2318 2206 2319 
3 2094 2206 2093 
3 2207 2206 2094 
3 2318 2319 2444 
3 2319 2445 2444 
3 2573 2574 2690 
3 2689 2573 2690 
3 2445 2573 2444 
3 2574 2573 2445 
3 2809 2810 2939 
3 2938 2809 2939 
3 2690 2809 2689 
3 2810 2809 2690 
3 3054 3055 3160 
3 3054 2939 3055 
3 3054 3045 2939 
3 3045 2938 2939 
3 3161 3271 3272 
3 3160 3271 3161 
3 3054 3160 3161 
3 3054 3161 3152 
3 3054 3152 3151 
3 3045 3054 3151 
3 3273 3385 3386 
3 3272 3385 3273 
3 3161 3272 3273 
3 3161 3273 3264 
3 3161 3264 3263 
3 3152 3161 3263 
3 3387 3503 3504 
3 3386 3503 3387 
3 3386 3387 3273 
3 3273 3387 3380 
3 3264 3380 3265 
3 3273 3380 3264 
3 3499 3387 3504 
3 3615 3499 3504 
3 3380 3387 3382 
3 3382 3387 3499 
3 3265 3382 3381 
3 3380 3382 3265 
3 3499 3615 3611 
3 3611 3612 3498 
3 3611 3498 3499 
3 3499 3498 3382 
3 3381 3498 3497 
3 3382 3498 3381 
3 3613 3498 3614 
3 3614 3498 3612 
3 3721 3614 3612 
3 3609 3500 3497 
3 3610 3609 3497 
3 3610 3497 3498 
3 3613 3610 3498 
3 1279 1280 1193 
3 1279 1193 1192 
3 1192 1193 1106 
3 1193 1107 1106 
3 1106 1107 1027 
3 1107 1028 1027 
3 1027 1028 953 
3 1028 954 953 
3 953 954 878 
3 954 955 878 
3 878 955 879 
3 955 951 879 
3 879 951 876 
3 875 879 876 
3 876 806 875 
3 866 806 876 
3 865 797 796 
3 865 796 866 
3 866 796 806 
3 865 798 797 
3 796 797 730 
3 797 731 730 
3 797 798 731 
3 798 799 731 
3 731 799 800 
3 732 731 800 
3 800 788 732 
3 856 788 800 
3 788 856 789 
3 856 857 789 
3 789 857 790 
3 857 858 790 
3 791 792 726 
3 791 859 792 
3 791 790 859 
3 790 858 859 
3 792 860 793 
3 792 793 726 
3 726 793 727 
3 859 860 792 
3 727 793 728 
3 793 794 728 
3 733 734 666 
3 733 795 734 
3 733 728 795 
3 728 794 795 
3 734 801 735 
3 734 735 666 
3 666 735 667 
3 795 801 734 
3 667 735 668 
3 735 736 668 
3 668 736 675 
3 736 743 675 
3 675 743 676 
3 743 744 676 
3 680 748 681 
3 621 680 681 
3 744 680 676 
3 748 680 744 
3 621 681 678 
3 681 745 678 
3 678 745 679 
3 745 747 679 
3 746 814 787 
3 722 746 787 
3 747 746 679 
3 814 746 747 
3 722 787 786 
3 787 853 786 
3 786 853 852 
3 853 926 852 
3 852 926 925 
3 926 996 925 
3 995 1069 1070 
3 1067 995 1070 
3 996 995 925 
3 1069 995 996 
3 1067 1070 1150 
3 1070 1153 1150 
3 1234 1236 1318 
3 1235 1234 1318 
3 1153 1234 1150 
3 1236 1234 1153 
3 1235 1318 1319 
3 1318 1408 1319 
3 1410 1504 1507 
3 1500 1410 1507 
3 1408 1410 1319 
3 1504 1410 1408 
3 1500 1507 1503 
3 1507 1597 1503 
3 1595 1692 1596 
3 1595 1598 1692 
3 1595 1503 1598 
3 1503 1597 1598 
3 1692 1695 1693 
3 1692 1693 1596 
3 1596 1693 1690 
3 1598 1695 1692 
3 1690 1693 1691 
3 1693 1795 1691 
3 1794 1896 1892 
3 1791 1794 1892 
3 1795 1794 1691 
3 1896 1794 1795 
3 1891 1993 1994 
3 1893 1891 1994 
3 1892 1891 1791 
3 1993 1891 1892 
3 1893 1994 1895 
3 1994 1998 1895 
3 1997 2099 2100 
3 2094 1997 2100 
3 1998 1997 1895 
3 2099 1997 1998 
3 2207 2320 2319 
3 2207 2208 2320 
3 2207 2094 2208 
3 2094 2100 2208 
3 2320 2321 2446 
3 2320 2446 2319 
3 2319 2446 2445 
3 2208 2321 2320 
3 2574 2575 2691 
3 2690 2574 2691 
3 2446 2574 2445 
3 2575 2574 2446 
3 2810 2811 2940 
3 2939 2810 2940 
3 2691 2810 2690 
3 2811 2810 2691 
3 3162 3163 3274 
3 3162 3160 3055 
3 3162 3055 3163 
3 3163 3055 3056 
3 2940 3055 2939 
3 3056 3055 2940 
3 3389 3505 3507 
3 3389 3275 3388 
3 3505 3389 3388 
3 3274 3388 3275 
3 3162 3274 3275 
3 3162 3275 3272 
3 3162 3272 3271 
3 3160 3162 3271 
3 3508 3620 3621 
3 3507 3620 3508 
3 3507 3508 3389 
3 3389 3508 3390 
3 3385 3390 3386 
3 3385 3275 3390 
3 3275 3389 3390 
3 3272 3275 3385 
3 3509 3508 3621 
3 3622 3509 3621 
3 3503 3509 3504 
3 3503 3390 3509 
3 3390 3508 3509 
3 3386 3390 3503 
3 3623 3731 3732 
3 3622 3731 3623 
3 3622 3623 3509 
3 3509 3623 3616 
3 3504 3616 3615 
3 3509 3616 3504 
3 3733 3623 3732 
3 3832 3733 3732 
3 3616 3623 3724 
3 3724 3623 3733 
3 3615 3720 3611 
3 3615 3616 3720 
3 3616 3724 3720 
3 3611 3720 3612 
3 3733 3832 3834 
3 3917 3918 3821 
3 3821 3834 3917 
3 3834 3821 3733 
3 3733 3821 3724 
3 3720 3724 3723 
3 3723 3724 3821 
3 3722 3721 3612 
3 3722 3612 3723 
3 3720 3723 3612 
3 3918 3822 3821 
3 3822 3823 3723 
3 3822 3723 3821 
3 3823 3820 3723 
3 3820 3722 3723 
3 1367 1368 1281 
3 1367 1281 1280 
3 1280 1281 1193 
3 1281 1194 1193 
3 1193 1194 1107 
3 1194 1108 1107 
3 1107 1108 1028 
3 1108 1029 1028 
3 1028 1029 954 
3 1029 1030 954 
3 954 1030 955 
3 1030 1026 955 
3 955 1026 951 
3 1026 1012 951 
3 951 1012 941 
3 876 951 941 
3 941 866 876 
3 942 866 941 
3 866 942 867 
3 865 866 867 
3 867 798 865 
3 868 798 867 
3 869 870 799 
3 869 799 868 
3 868 799 798 
3 869 930 870 
3 799 870 800 
3 870 856 800 
3 870 930 856 
3 930 931 856 
3 932 933 857 
3 932 857 931 
3 931 857 856 
3 932 1003 933 
3 933 1004 934 
3 933 934 857 
3 857 934 858 
3 1003 1004 933 
3 858 934 859 
3 934 935 859 
3 860 861 793 
3 860 936 861 
3 860 859 936 
3 859 935 936 
3 861 937 862 
3 861 862 793 
3 793 862 794 
3 936 937 861 
3 794 862 795 
3 862 863 795 
3 801 802 735 
3 801 864 802 
3 801 795 864 
3 795 863 864 
3 802 803 736 
3 735 802 736 
3 871 802 864 
3 803 802 871 
3 803 872 804 
3 803 804 736 
3 736 804 743 
3 871 872 803 
3 743 804 744 
3 804 812 744 
3 748 749 681 
3 748 813 749 
3 748 744 813 
3 744 812 813 
3 749 817 750 
3 749 750 681 
3 681 750 745 
3 813 817 749 
3 745 750 747 
3 750 815 747 
3 814 854 787 
3 814 816 854 
3 814 747 816 
3 747 815 816 
3 854 884 855 
3 854 855 787 
3 787 855 853 
3 816 884 854 
3 853 855 926 
3 855 927 926 
3 926 927 996 
3 927 997 996 
3 1069 1152 1070 
3 1069 1071 1152 
3 1069 996 1071 
3 996 997 1071 
3 1152 1155 1154 
3 1152 1154 1070 
3 1070 1154 1153 
3 1071 1155 1152 
3 1236 1320 1318 
3 1236 1237 1320 
3 1236 1153 1237 
3 1153 1154 1237 
3 1320 1321 1409 
3 1320 1409 1318 
3 1318 1409 1408 
3 1237 1321 1320 
3 1504 1505 1599 
3 1507 1504 1599 
3 1409 1504 1408 
3 1505 1504 1409 
3 1507 1599 1597 
3 1599 1694 1597 
3 1597 1694 1598 
3 1694 1696 1598 
3 1695 1797 1796 
3 1693 1695 1796 
3 1696 1695 1598 
3 1797 1695 1696 
3 1693 1796 1795 
3 1796 1897 1795 
3 1896 1999 1995 
3 1892 1896 1995 
3 1897 1896 1795 
3 1999 1896 1897 
3 1993 2095 2096 
3 1994 1993 2096 
3 1995 1993 1892 
3 2095 1993 1995 
3 1994 2096 1998 
3 2096 2101 1998 
3 2099 2214 2215 
3 2100 2099 2215 
3 2101 2099 1998 
3 2214 2099 2101 
3 2100 2215 2208 
3 2215 2322 2208 
3 2321 2447 2448 
3 2446 2321 2448 
3 2322 2321 2208 
3 2447 2321 2322 
3 2575 2578 2692 
3 2691 2575 2692 
3 2448 2575 2446 
3 2578 2575 2448 
3 2941 2942 3057 
3 2941 2940 2811 
3 2941 2811 2942 
3 2942 2811 2812 
3 2692 2811 2691 
3 2812 2811 2692 
3 3276 3277 3391 
3 3276 3274 3163 
3 3276 3163 3277 
3 3277 3163 3164 
3 3057 3056 2941 
3 3057 3164 3056 
3 3164 3163 3056 
3 2940 2941 3056 
3 3617 3618 3725 
3 3617 3507 3505 
3 3617 3505 3618 
3 3618 3505 3506 
3 3391 3388 3276 
3 3391 3506 3388 
3 3506 3505 3388 
3 3274 3276 3388 
3 3726 3824 3825 
3 3725 3824 3726 
3 3617 3725 3726 
3 3617 3726 3621 
3 3617 3621 3620 
3 3507 3617 3620 
3 3826 3919 3920 
3 3825 3919 3826 
3 3825 3826 3726 
3 3726 3826 3730 
3 3621 3730 3622 
3 3726 3730 3621 
3 3831 3826 3920 
3 3927 3831 3920 
3 3731 3831 3732 
3 3731 3730 3831 
3 3730 3826 3831 
3 3622 3730 3731 
3 3833 3831 3927 
3 3929 3833 3927 
3 3732 3833 3832 
3 3831 3833 3732 
3 3930 3833 3929 
3 3999 3930 3929 
3 3832 3928 3834 
3 3832 3833 3928 
3 3833 3930 3928 
3 3931 3917 3834 
3 3931 3834 3928 
3 4001 4002 3930 
3 4001 3930 3999 
3 4002 3996 3930 
3 3996 3997 3928 
3 3928 3930 3996 
3 3998 3931 3928 
3 3997 3998 3928 
3 1368 1369 1281 
3 1370 1282 1369 
3 1369 1282 1281 
3 1281 1282 1194 
3 1282 1195 1194 
3 1194 1195 1108 
3 1195 1109 1108 
3 1108 1109 1029 
3 1109 1110 1029 
3 1029 1110 1030 
3 1110 1105 1030 
3 1030 1105 1026 
3 1105 1090 1026 
3 1089 1013 1012 
3 1089 1012 1090 
3 1090 1012 1026 
3 1089 1014 1013 
3 1012 1013 941 
3 1013 942 941 
3 1013 1014 942 
3 1014 1015 942 
3 942 1015 943 
3 867 942 943 
3 943 868 867 
3 944 868 943 
3 868 944 945 
3 869 868 945 
3 945 930 869 
3 1000 930 945 
3 1001 1002 931 
3 1001 931 1000 
3 1000 931 930 
3 1001 1079 1002 
3 931 1002 932 
3 1002 1003 932 
3 1002 1079 1003 
3 1079 1080 1003 
3 1004 1005 934 
3 1004 1081 1005 
3 1004 1003 1081 
3 1003 1080 1081 
3 1005 1082 1006 
3 1005 1006 934 
3 934 1006 935 
3 1081 1082 1005 
3 935 1006 936 
3 1006 1007 936 
3 937 1008 938 
3 862 937 938 
3 1007 937 936 
3 1008 937 1007 
3 862 938 863 
3 938 939 863 
3 863 939 864 
3 939 940 864 
3 864 940 871 
3 940 946 871 
3 872 873 804 
3 872 947 873 
3 872 871 947 
3 871 946 947 
3 873 948 874 
3 873 874 804 
3 804 874 812 
3 947 948 873 
3 812 874 813 
3 874 882 813 
3 817 818 750 
3 817 883 818 
3 817 813 883 
3 813 882 883 
3 818 887 819 
3 818 819 750 
3 750 819 815 
3 883 887 818 
3 815 819 816 
3 819 885 816 
3 884 928 855 
3 884 886 928 
3 884 816 886 
3 816 885 886 
3 928 959 929 
3 928 929 855 
3 855 929 927 
3 886 959 928 
3 927 929 997 
3 929 998 997 
3 997 998 1071 
3 998 1072 1071 
3 1155 1156 1238 
3 1154 1155 1238 
3 1072 1155 1071 
3 1156 1155 1072 
3 1154 1238 1237 
3 1238 1322 1237 
3 1321 1411 1412 
3 1409 1321 1412 
3 1322 1321 1237 
3 1411 1321 1322 
3 1505 1600 1599 
3 1505 1506 1600 
3 1505 1409 1506 
3 1409 1412 1506 
3 1600 1601 1697 
3 1600 1697 1599 
3 1599 1697 1694 
3 1506 1601 1600 
3 1694 1697 1696 
3 1697 1798 1696 
3 1797 1899 1898 
3 1796 1797 1898 
3 1798 1797 1696 
3 1899 1797 1798 
3 1796 1898 1897 
3 1898 2000 1897 
3 1999 2102 2097 
3 1995 1999 2097 
3 2000 1999 1897 
3 2102 1999 2000 
3 2095 2209 2096 
3 2095 2098 2209 
3 2095 1995 2098 
3 1995 2097 2098 
3 2209 2212 2210 
3 2209 2210 2096 
3 2096 2210 2101 
3 2098 2212 2209 
3 2214 2323 2329 
3 2215 2214 2329 
3 2210 2214 2101 
3 2323 2214 2210 
3 2215 2329 2322 
3 2329 2449 2322 
3 2447 2576 2577 
3 2448 2447 2577 
3 2449 2447 2322 
3 2576 2447 2449 
3 2578 2694 2695 
3 2692 2578 2695 
3 2577 2578 2448 
3 2694 2578 2577 
3 2942 2945 3058 
3 3057 2942 3058 
3 2812 2815 2942 
3 2942 2815 2945 
3 2695 2812 2692 
3 2815 2812 2695 
3 3392 3393 3510 
3 3392 3391 3277 
3 3392 3277 3393 
3 3393 3277 3278 
3 3164 3165 3277 
3 3277 3165 3278 
3 3058 3164 3057 
3 3165 3164 3058 
3 3727 3728 3827 
3 3727 3725 3618 
3 3727 3618 3728 
3 3728 3618 3619 
3 3510 3506 3392 
3 3510 3619 3506 
3 3619 3618 3506 
3 3391 3392 3506 
3 3922 3989 3991 
3 3922 3828 3921 
3 3989 3922 3921 
3 3827 3921 3828 
3 3727 3827 3828 
3 3727 3828 3825 
3 3727 3825 3824 
3 3725 3727 3824 
3 3992 4057 4058 
3 3991 4057 3992 
3 3991 3992 3922 
3 3922 3992 3923 
3 3919 3923 3920 
3 3919 3828 3923 
3 3828 3922 3923 
3 3825 3828 3919 
3 4053 3992 4058 
3 4107 4053 4058 
3 3923 3992 3988 
3 3988 3992 4053 
3 3920 3988 3927 
3 3923 3988 3920 
3 4060 4053 4107 
3 4115 4060 4107 
3 3988 4053 3995 
3 3995 4053 4060 
3 3927 3995 3929 
3 3988 3995 3927 
3 4060 4115 4062 
3 4062 4063 4000 
3 4062 4000 4060 
3 4060 4000 3995 
3 3929 4000 3999 
3 3995 4000 3929 
3 4064 4065 4000 
3 4064 4000 4063 
3 4065 4061 4000 
3 4001 3999 4061 
3 4061 3999 4000 
3 1463 1464 1371 
3 1463 1371 1370 
3 1370 1371 1282 
3 1371 1283 1282 
3 1282 1283 1195 
3 1283 1196 1195 
3 1195 1196 1109 
3 1196 1197 1109 
3 1109 1197 1110 
3 1197 1191 1110 
3 1110 1191 1105 
3 1191 1174 1105 
3 1105 1174 1090 
3 1174 1175 1090 
3 1090 1175 1091 
3 1089 1090 1091 
3 1091 1014 1089 
3 1092 1014 1091 
3 1093 1016 1015 
3 1093 1015 1092 
3 1092 1015 1014 
3 1093 1018 1016 
3 1015 1016 943 
3 944 1017 1019 
3 943 1017 944 
3 943 1018 1017 
3 943 1016 1018 
3 1017 1076 1019 
3 944 1019 945 
3 1019 1000 945 
3 1019 1076 1000 
3 1076 1077 1000 
3 1000 1077 1078 
3 1001 1000 1078 
3 1078 1079 1001 
3 1164 1079 1078 
3 1079 1164 1080 
3 1164 1165 1080 
3 1080 1165 1081 
3 1165 1166 1081 
3 1082 1083 1006 
3 1082 1167 1083 
3 1082 1081 1167 
3 1081 1166 1167 
3 1083 1168 1084 
3 1083 1084 1006 
3 1006 1084 1007 
3 1167 1168 1083 
3 1008 1009 938 
3 1008 1085 1009 
3 1008 1007 1085 
3 1007 1084 1085 
3 1009 1010 939 
3 938 1009 939 
3 1086 1009 1085 
3 1010 1009 1086 
3 1010 1087 1011 
3 1010 1011 939 
3 939 1011 940 
3 1086 1087 1010 
3 940 1011 946 
3 1011 1020 946 
3 946 1020 947 
3 1020 1021 947 
3 948 949 874 
3 948 1022 949 
3 948 947 1022 
3 947 1021 1022 
3 949 1023 950 
3 949 950 874 
3 874 950 882 
3 1022 1023 949 
3 882 950 883 
3 950 957 883 
3 887 961 888 
3 819 887 888 
3 957 887 883 
3 961 887 957 
3 819 888 885 
3 888 958 885 
3 885 958 886 
3 958 960 886 
3 959 1032 999 
3 929 959 999 
3 960 959 886 
3 1032 959 960 
3 929 999 998 
3 999 1073 998 
3 998 1073 1072 
3 1073 1157 1072 
3 1156 1239 1240 
3 1238 1156 1240 
3 1157 1156 1072 
3 1239 1156 1157 
3 1238 1240 1322 
3 1240 1324 1322 
3 1411 1413 1508 
3 1412 1411 1508 
3 1324 1411 1322 
3 1413 1411 1324 
3 1412 1508 1506 
3 1508 1602 1506 
3 1601 1698 1699 
3 1697 1601 1699 
3 1602 1601 1506 
3 1698 1601 1602 
3 1697 1699 1798 
3 1699 1800 1798 
3 1899 1902 2001 
3 1898 1899 2001 
3 1800 1899 1798 
3 1902 1899 1800 
3 1898 2001 2000 
3 2001 2103 2000 
3 2102 2216 2211 
3 2097 2102 2211 
3 2103 2102 2000 
3 2216 2102 2103 
3 2097 2211 2098 
3 2211 2213 2098 
3 2212 2327 2324 
3 2210 2212 2324 
3 2213 2212 2098 
3 2327 2212 2213 
3 2323 2450 2329 
3 2323 2325 2450 
3 2323 2210 2325 
3 2210 2324 2325 
3 2450 2452 2456 
3 2450 2456 2329 
3 2329 2456 2449 
3 2325 2452 2450 
3 2576 2584 2693 
3 2577 2576 2693 
3 2456 2576 2449 
3 2584 2576 2456 
3 2694 2813 2814 
3 2695 2694 2814 
3 2693 2694 2577 
3 2813 2694 2693 
3 3061 3062 3168 
3 3061 3058 2945 
3 3061 2945 3062 
3 3062 2945 3060 
3 2815 2944 2945 
3 2945 2944 3060 
3 2814 2815 2695 
3 2944 2815 2814 
3 3511 3512 3624 
3 3511 3510 3393 
3 3511 3393 3512 
3 3512 3393 3394 
3 3278 3279 3393 
3 3393 3279 3394 
3 3168 3165 3061 
3 3168 3279 3165 
3 3279 3278 3165 
3 3058 3061 3165 
3 3829 3830 3924 
3 3829 3827 3728 
3 3829 3728 3830 
3 3830 3728 3729 
3 3624 3619 3511 
3 3624 3729 3619 
3 3729 3728 3619 
3 3510 3511 3619 
3 4054 4055 4108 
3 4054 3991 3989 
3 4054 3989 4055 
3 4055 3989 3990 
3 3924 3921 3829 
3 3924 3990 3921 
3 3990 3989 3921 
3 3827 3829 3921 
3 4109 4158 4159 
3 4108 4158 4109 
3 4054 4108 4109 
3 4054 4109 4058 
3 4054 4058 4057 
3 3991 4054 4057 
3 4113 4109 4159 
3 4165 4113 4159 
3 4058 4113 4107 
3 4109 4113 4058 
3 4119 4113 4165 
3 4169 4119 4165 
3 4107 4119 4115 
3 4113 4119 4107 
3 4119 4169 4118 
3 4168 4116 4118 
3 4116 4117 4062 
3 4116 4062 4118 
3 4062 4119 4118 
3 4062 4115 4119 
3 4117 4120 4063 
3 4063 4062 4117 
3 4120 4064 4063 
3 1464 1465 1371 
3 1466 1372 1465 
3 1465 1372 1371 
3 1371 1372 1283 
3 1372 1284 1283 
3 1283 1284 1196 
3 1284 1285 1196 
3 1196 1285 1197 
3 1285 1278 1197 
3 1197 1278 1191 
3 1278 1260 1191 
3 1191 1260 1174 
3 1260 1261 1174 
3 1262 1176 1175 
3 1262 1175 1261 
3 1261 1175 1174 
3 1262 1178 1176 
3 1175 1176 1091 
3 1092 1177 1095 
3 1091 1177 1092 
3 1091 1178 1177 
3 1091 1176 1178 
3 1177 1096 1095 
3 1092 1095 1093 
3 1095 1018 1093 
3 1095 1096 1018 
3 1096 1097 1018 
3 1018 1097 1094 
3 1017 1018 1094 
3 1094 1076 1017 
3 1161 1076 1094 
3 1162 1163 1077 
3 1162 1077 1161 
3 1161 1077 1076 
3 1162 1248 1163 
3 1077 1163 1078 
3 1163 1164 1078 
3 1163 1248 1164 
3 1248 1249 1164 
3 1164 1249 1165 
3 1249 1250 1165 
3 1165 1250 1166 
3 1250 1251 1166 
3 1166 1251 1167 
3 1251 1252 1167 
3 1168 1169 1084 
3 1168 1253 1169 
3 1168 1167 1253 
3 1167 1252 1253 
3 1169 1254 1170 
3 1169 1170 1084 
3 1084 1170 1085 
3 1253 1254 1169 
3 1085 1170 1086 
3 1170 1171 1086 
3 1087 1088 1011 
3 1087 1172 1088 
3 1087 1086 1172 
3 1086 1171 1172 
3 1088 1098 1020 
3 1011 1088 1020 
3 1173 1088 1172 
3 1098 1088 1173 
3 1098 1183 1099 
3 1098 1099 1020 
3 1020 1099 1021 
3 1173 1183 1098 
3 1021 1099 1022 
3 1099 1100 1022 
3 1023 1024 950 
3 1023 1101 1024 
3 1023 1022 1101 
3 1022 1100 1101 
3 1024 1102 1025 
3 1024 1025 950 
3 950 1025 957 
3 1101 1102 1024 
3 961 962 888 
3 961 1031 962 
3 961 957 1031 
3 957 1025 1031 
3 962 1035 963 
3 962 963 888 
3 888 963 958 
3 1031 1035 962 
3 958 963 960 
3 963 1033 960 
3 1032 1074 999 
3 1032 1034 1074 
3 1032 960 1034 
3 960 1033 1034 
3 1074 1112 1075 
3 1074 1075 999 
3 999 1075 1073 
3 1034 1112 1074 
3 1073 1075 1157 
3 1075 1158 1157 
3 1239 1323 1240 
3 1239 1241 1323 
3 1239 1157 1241 
3 1157 1158 1241 
3 1323 1326 1325 
3 1323 1325 1240 
3 1240 1325 1324 
3 1241 1326 1323 
3 1413 1414 1509 
3 1508 1413 1509 
3 1325 1413 1324 
3 1414 1413 1325 
3 1508 1509 1602 
3 1509 1603 1602 
3 1698 1700 1799 
3 1699 1698 1799 
3 1603 1698 1602 
3 1700 1698 1603 
3 1699 1799 1800 
3 1799 1900 1800 
3 1902 2002 2004 
3 2001 1902 2004 
3 1900 1902 1800 
3 2002 1902 1900 
3 2001 2004 2103 
3 2004 2106 2103 
3 2216 2218 2326 
3 2211 2216 2326 
3 2106 2216 2103 
3 2218 2216 2106 
3 2211 2326 2213 
3 2326 2328 2213 
3 2327 2454 2451 
3 2324 2327 2451 
3 2328 2327 2213 
3 2454 2327 2328 
3 2324 2451 2325 
3 2451 2453 2325 
3 2452 2580 2581 
3 2456 2452 2581 
3 2453 2452 2325 
3 2580 2452 2453 
3 2584 2699 2701 
3 2693 2584 2701 
3 2581 2584 2456 
3 2699 2584 2581 
3 2813 2821 2943 
3 2814 2813 2943 
3 2701 2813 2693 
3 2821 2813 2701 
3 3169 3170 3281 
3 3169 3168 3062 
3 3169 3062 3170 
3 3170 3062 3171 
3 3060 3166 3062 
3 3062 3166 3171 
3 2944 3059 3060 
3 3060 3059 3166 
3 2943 2944 2814 
3 3059 2944 2943 
3 3512 3513 3625 
3 3624 3512 3625 
3 3394 3395 3512 
3 3512 3395 3513 
3 3281 3279 3169 
3 3281 3395 3279 
3 3395 3394 3279 
3 3168 3169 3279 
3 3925 3926 3993 
3 3925 3924 3830 
3 3925 3830 3926 
3 3926 3830 3835 
3 3729 3734 3830 
3 3830 3734 3835 
3 3625 3729 3624 
3 3734 3729 3625 
3 4055 4056 4110 
3 4108 4055 4110 
3 3993 3990 3925 
3 3993 4056 3990 
3 4056 4055 3990 
3 3924 3925 3990 
3 4158 4160 4163 
3 4159 4158 4163 
3 4110 4158 4108 
3 4160 4158 4110 
3 4209 4208 4207 
3 4209 4163 4208 
3 4209 4165 4163 
3 4165 4159 4163 
3 4173 4209 4207 
3 4216 4173 4207 
3 4165 4173 4169 
3 4209 4173 4165 
3 4215 4172 4173 
3 4215 4173 4216 
3 4170 4171 4118 
3 4172 4170 4118 
3 4172 4118 4173 
3 4118 4169 4173 
3 4171 4168 4118 
3 1466 1467 1372 
3 1468 1373 1467 
3 1467 1373 1372 
3 1372 1373 1284 
3 1373 1374 1284 
3 1284 1374 1285 
3 1374 1366 1285 
3 1285 1366 1278 
3 1366 1348 1278 
3 1278 1348 1260 
3 1348 1349 1260 
3 1350 1263 1261 
3 1350 1261 1349 
3 1349 1261 1260 
3 1350 1264 1263 
3 1261 1263 1262 
3 1263 1178 1262 
3 1263 1264 1178 
3 1264 1265 1178 
3 1178 1265 1180 
3 1177 1178 1180 
3 1180 1096 1177 
3 1181 1096 1180 
3 1182 1179 1097 
3 1182 1097 1181 
3 1181 1097 1096 
3 1182 1245 1179 
3 1097 1179 1094 
3 1179 1161 1094 
3 1179 1245 1161 
3 1245 1246 1161 
3 1161 1246 1247 
3 1162 1161 1247 
3 1247 1248 1162 
3 1335 1248 1247 
3 1248 1335 1249 
3 1335 1336 1249 
3 1337 1338 1250 
3 1337 1250 1336 
3 1336 1250 1249 
3 1337 1429 1338 
3 1338 1430 1339 
3 1338 1339 1250 
3 1250 1339 1251 
3 1429 1430 1338 
3 1251 1339 1252 
3 1339 1340 1252 
3 1252 1340 1253 
3 1340 1341 1253 
3 1254 1255 1170 
3 1254 1342 1255 
3 1254 1253 1342 
3 1253 1341 1342 
3 1255 1343 1256 
3 1255 1256 1170 
3 1170 1256 1171 
3 1342 1343 1255 
3 1171 1256 1172 
3 1256 1257 1172 
3 1172 1257 1173 
3 1257 1258 1173 
3 1183 1184 1099 
3 1183 1259 1184 
3 1183 1173 1259 
3 1173 1258 1259 
3 1184 1185 1100 
3 1099 1184 1100 
3 1270 1184 1259 
3 1185 1184 1270 
3 1185 1271 1186 
3 1185 1186 1100 
3 1100 1186 1101 
3 1270 1271 1185 
3 1102 1103 1025 
3 1102 1187 1103 
3 1102 1101 1187 
3 1101 1186 1187 
3 1103 1188 1104 
3 1103 1104 1025 
3 1025 1104 1031 
3 1187 1188 1103 
3 1035 1036 963 
3 1035 1111 1036 
3 1035 1031 1111 
3 1031 1104 1111 
3 1036 1115 1037 
3 1036 1037 963 
3 963 1037 1033 
3 1111 1115 1036 
3 1033 1037 1034 
3 1037 1113 1034 
3 1112 1159 1075 
3 1112 1114 1159 
3 1112 1034 1114 
3 1034 1113 1114 
3 1159 1199 1160 
3 1159 1160 1075 
3 1075 1160 1158 
3 1114 1199 1159 
3 1158 1160 1241 
3 1160 1242 1241 
3 1326 1327 1415 
3 1325 1326 1415 
3 1242 1326 1241 
3 1327 1326 1242 
3 1414 1510 1509 
3 1414 1416 1510 
3 1414 1325 1416 
3 1325 1415 1416 
3 1510 1512 1604 
3 1510 1604 1509 
3 1509 1604 1603 
3 1416 1512 1510 
3 1700 1801 1799 
3 1700 1701 1801 
3 1700 1603 1701 
3 1603 1604 1701 
3 1801 1802 1901 
3 1801 1901 1799 
3 1799 1901 1900 
3 1701 1802 1801 
3 2002 2104 2004 
3 2002 2003 2104 
3 2002 1900 2003 
3 1900 1901 2003 
3 2104 2105 2107 
3 2104 2107 2004 
3 2004 2107 2106 
3 2003 2105 2104 
3 2218 2219 2331 
3 2326 2218 2331 
3 2107 2218 2106 
3 2219 2218 2107 
3 2326 2331 2328 
3 2331 2455 2328 
3 2454 2583 2579 
3 2451 2454 2579 
3 2455 2454 2328 
3 2583 2454 2455 
3 2451 2579 2453 
3 2579 2582 2453 
3 2580 2697 2698 
3 2581 2580 2698 
3 2582 2580 2453 
3 2697 2580 2582 
3 2699 2818 2820 
3 2701 2699 2820 
3 2698 2699 2581 
3 2818 2699 2698 
3 2951 2952 3067 
3 2951 2943 2821 
3 2951 2821 2952 
3 2952 2821 2950 
3 2820 2821 2701 
3 2950 2821 2820 
3 3170 3282 3283 
3 3281 3170 3283 
3 3171 3280 3170 
3 3170 3280 3282 
3 3166 3167 3171 
3 3171 3167 3280 
3 3067 3059 2951 
3 3067 3167 3059 
3 3167 3166 3059 
3 2943 2951 3059 
3 3626 3627 3735 
3 3626 3625 3513 
3 3626 3513 3627 
3 3627 3513 3518 
3 3395 3399 3513 
3 3513 3399 3518 
3 3283 3395 3281 
3 3399 3395 3283 
3 3926 3932 3994 
3 3993 3926 3994 
3 3835 3836 3926 
3 3926 3836 3932 
3 3735 3734 3626 
3 3735 3836 3734 
3 3836 3835 3734 
3 3625 3626 3734 
3 4111 4112 4161 
3 4111 4110 4056 
3 4111 4056 4112 
3 4112 4056 4059 
3 3994 4056 3993 
3 4059 4056 3994 
3 4162 4204 4205 
3 4161 4204 4162 
3 4111 4161 4162 
3 4111 4162 4163 
3 4111 4163 4160 
3 4110 4111 4160 
3 4206 4247 4248 
3 4205 4247 4206 
3 4162 4205 4206 
3 4162 4206 4207 
3 4162 4207 4208 
3 4163 4162 4208 
3 4206 4248 4249 
3 4249 4207 4206 
3 4249 4250 4207 
3 4250 4216 4207 
3 4255 4215 4216 
3 4256 4255 4216 
3 4256 4216 4257 
3 4257 4216 4250 
3 1560 1561 1469 
3 1560 1469 1468 
3 1468 1469 1373 
3 1469 1470 1373 
3 1373 1470 1374 
3 1470 1462 1374 
3 1374 1462 1366 
3 1462 1440 1366 
3 1366 1440 1348 
3 1440 1441 1348 
3 1348 1441 1349 
3 1441 1442 1349 
3 1349 1442 1351 
3 1350 1349 1351 
3 1351 1264 1350 
3 1352 1264 1351 
3 1353 1266 1265 
3 1353 1265 1352 
3 1352 1265 1264 
3 1353 1268 1266 
3 1265 1266 1180 
3 1181 1267 1269 
3 1180 1267 1181 
3 1180 1268 1267 
3 1180 1266 1268 
3 1267 1331 1269 
3 1181 1269 1182 
3 1269 1245 1182 
3 1269 1331 1245 
3 1331 1332 1245 
3 1333 1334 1246 
3 1333 1246 1332 
3 1332 1246 1245 
3 1333 1425 1334 
3 1246 1334 1247 
3 1334 1335 1247 
3 1334 1425 1335 
3 1425 1426 1335 
3 1427 1428 1336 
3 1427 1336 1426 
3 1426 1336 1335 
3 1427 1524 1428 
3 1336 1428 1337 
3 1428 1429 1337 
3 1428 1524 1429 
3 1524 1525 1429 
3 1430 1431 1339 
3 1430 1526 1431 
3 1430 1429 1526 
3 1429 1525 1526 
3 1431 1432 1340 
3 1339 1431 1340 
3 1527 1431 1526 
3 1432 1431 1527 
3 1432 1528 1433 
3 1432 1433 1340 
3 1340 1433 1341 
3 1527 1528 1432 
3 1341 1433 1342 
3 1433 1434 1342 
3 1343 1344 1256 
3 1343 1435 1344 
3 1343 1342 1435 
3 1342 1434 1435 
3 1344 1345 1257 
3 1256 1344 1257 
3 1436 1344 1435 
3 1345 1344 1436 
3 1345 1437 1346 
3 1345 1346 1257 
3 1257 1346 1258 
3 1436 1437 1345 
3 1258 1346 1259 
3 1346 1347 1259 
3 1259 1347 1270 
3 1347 1357 1270 
3 1271 1272 1186 
3 1271 1358 1272 
3 1271 1270 1358 
3 1270 1357 1358 
3 1272 1359 1273 
3 1272 1273 1186 
3 1186 1273 1187 
3 1358 1359 1272 
3 1188 1189 1104 
3 1188 1274 1189 
3 1188 1187 1274 
3 1187 1273 1274 
3 1189 1275 1190 
3 1189 1190 1104 
3 1104 1190 1111 
3 1274 1275 1189 
3 1115 1116 1037 
3 1115 1198 1116 
3 1115 1111 1198 
3 1111 1190 1198 
3 1116 1202 1117 
3 1116 1117 1037 
3 1037 1117 1113 
3 1198 1202 1116 
3 1113 1117 1114 
3 1117 1200 1114 
3 1199 1243 1160 
3 1199 1201 1243 
3 1199 1114 1201 
3 1114 1200 1201 
3 1243 1287 1244 
3 1243 1244 1160 
3 1160 1244 1242 
3 1201 1287 1243 
3 1327 1417 1415 
3 1327 1328 1417 
3 1327 1242 1328 
3 1242 1244 1328 
3 1417 1418 1511 
3 1417 1511 1415 
3 1415 1511 1416 
3 1328 1418 1417 
3 1512 1606 1604 
3 1512 1513 1606 
3 1512 1416 1513 
3 1416 1511 1513 
3 1606 1607 1702 
3 1606 1702 1604 
3 1604 1702 1701 
3 1513 1607 1606 
3 1802 1803 1903 
3 1901 1802 1903 
3 1702 1802 1701 
3 1803 1802 1702 
3 1901 1903 2003 
3 1903 2005 2003 
3 2105 2108 2217 
3 2107 2105 2217 
3 2005 2105 2003 
3 2108 2105 2005 
3 2219 2330 2332 
3 2331 2219 2332 
3 2217 2219 2107 
3 2330 2219 2217 
3 2331 2332 2455 
3 2332 2458 2455 
3 2583 2586 2696 
3 2579 2583 2696 
3 2458 2583 2455 
3 2586 2583 2458 
3 2700 2816 2817 
3 2700 2696 2816 
3 2700 2582 2696 
3 2582 2579 2696 
3 2697 2700 2817 
3 2697 2817 2698 
3 2698 2817 2819 
3 2582 2700 2697 
3 2818 2947 2948 
3 2820 2818 2948 
3 2819 2818 2698 
3 2947 2818 2819 
3 2952 3068 3069 
3 3067 2952 3069 
3 2950 3065 2952 
3 2952 3065 3068 
3 2948 2950 2820 
3 3065 2950 2948 
3 3396 3397 3514 
3 3396 3283 3282 
3 3396 3282 3397 
3 3397 3282 3398 
3 3280 3291 3282 
3 3282 3291 3398 
3 3167 3177 3280 
3 3280 3177 3291 
3 3069 3167 3067 
3 3177 3167 3069 
3 3627 3632 3736 
3 3735 3627 3736 
3 3518 3519 3627 
3 3627 3519 3632 
3 3514 3399 3396 
3 3514 3519 3399 
3 3519 3518 3399 
3 3283 3396 3399 
3 4003 4004 4066 
3 4003 3994 3932 
3 4003 3932 4004 
3 4004 3932 3933 
3 3836 3837 3932 
3 3932 3837 3933 
3 3736 3836 3735 
3 3837 3836 3736 
3 4112 4114 4164 
3 4161 4112 4164 
3 4066 4059 4003 
3 4066 4114 4059 
3 4114 4112 4059 
3 3994 4003 4059 
3 4204 4210 4213 
3 4205 4204 4213 
3 4164 4204 4161 
3 4210 4204 4164 
3 4247 4253 4291 
3 4248 4247 4291 
3 4213 4247 4205 
3 4253 4247 4213 
3 4292 4249 4248 
3 4292 4248 4293 
3 4293 4248 4291 
3 4249 4292 4250 
3 4330 4295 4292 
3 4330 4292 4293 
3 4294 4250 4295 
3 4295 4250 4292 
3 4294 4296 4250 
3 4296 4257 4250 
3 1561 1562 1469 
3 1654 1563 1562 
3 1562 1563 1469 
3 1564 1655 1652 
3 1564 1563 1655 
3 1564 1470 1563 
3 1470 1469 1563 
3 1558 1564 1652 
3 1653 1558 1652 
3 1470 1558 1462 
3 1564 1558 1470 
3 1558 1653 1559 
3 1559 1462 1558 
3 1559 1536 1462 
3 1536 1440 1462 
3 1440 1536 1441 
3 1536 1537 1441 
3 1538 1443 1442 
3 1538 1442 1537 
3 1537 1442 1441 
3 1538 1444 1443 
3 1442 1443 1351 
3 1443 1352 1351 
3 1443 1444 1352 
3 1444 1445 1352 
3 1352 1445 1355 
3 1353 1352 1355 
3 1355 1268 1353 
3 1356 1268 1355 
3 1268 1356 1354 
3 1267 1268 1354 
3 1354 1331 1267 
3 1422 1331 1354 
3 1423 1424 1332 
3 1423 1332 1422 
3 1422 1332 1331 
3 1423 1520 1424 
3 1332 1424 1333 
3 1424 1425 1333 
3 1424 1520 1425 
3 1520 1521 1425 
3 1522 1523 1426 
3 1522 1426 1521 
3 1521 1426 1425 
3 1522 1617 1523 
3 1426 1523 1427 
3 1523 1524 1427 
3 1523 1617 1524 
3 1617 1618 1524 
3 1524 1618 1525 
3 1618 1619 1525 
3 1525 1619 1526 
3 1619 1620 1526 
3 1526 1620 1527 
3 1620 1621 1527 
3 1528 1529 1433 
3 1528 1622 1529 
3 1528 1527 1622 
3 1527 1621 1622 
3 1529 1623 1530 
3 1529 1530 1433 
3 1433 1530 1434 
3 1622 1623 1529 
3 1434 1530 1435 
3 1530 1531 1435 
3 1435 1531 1436 
3 1531 1532 1436 
3 1437 1438 1346 
3 1437 1533 1438 
3 1437 1436 1533 
3 1436 1532 1533 
3 1438 1439 1347 
3 1346 1438 1347 
3 1534 1438 1533 
3 1439 1438 1534 
3 1439 1452 1357 
3 1347 1439 1357 
3 1535 1439 1534 
3 1452 1439 1535 
3 1452 1548 1453 
3 1452 1453 1357 
3 1357 1453 1358 
3 1535 1548 1452 
3 1359 1360 1273 
3 1359 1454 1360 
3 1359 1358 1454 
3 1358 1453 1454 
3 1360 1455 1361 
3 1360 1361 1273 
3 1273 1361 1274 
3 1454 1455 1360 
3 1275 1276 1190 
3 1275 1362 1276 
3 1275 1274 1362 
3 1274 1361 1362 
3 1276 1363 1277 
3 1276 1277 1190 
3 1190 1277 1198 
3 1362 1363 1276 
3 1202 1203 1117 
3 1202 1286 1203 
3 1202 1198 1286 
3 1198 1277 1286 
3 1203 1290 1204 
3 1203 1204 1117 
3 1117 1204 1200 
3 1286 1290 1203 
3 1200 1204 1201 
3 1204 1288 1201 
3 1287 1329 1244 
3 1287 1289 1329 
3 1287 1201 1289 
3 1201 1288 1289 
3 1329 1378 1330 
3 1329 1330 1244 
3 1244 1330 1328 
3 1289 1378 1329 
3 1418 1514 1511 
3 1418 1419 1514 
3 1418 1328 1419 
3 1328 1330 1419 
3 1514 1515 1605 
3 1514 1605 1511 
3 1511 1605 1513 
3 1419 1515 1514 
3 1607 1703 1705 
3 1702 1607 1705 
3 1605 1607 1513 
3 1703 1607 1605 
3 1803 1904 1903 
3 1803 1804 1904 
3 1803 1702 1804 
3 1702 1705 1804 
3 1904 1905 2006 
3 1904 2006 1903 
3 1903 2006 2005 
3 1804 1905 1904 
3 2108 2109 2220 
3 2217 2108 2220 
3 2006 2108 2005 
3 2109 2108 2006 
3 2330 2333 2457 
3 2332 2330 2457 
3 2220 2330 2217 
3 2333 2330 2220 
3 2332 2457 2458 
3 2457 2585 2458 
3 2586 2702 2703 
3 2696 2586 2703 
3 2585 2586 2458 
3 2702 2586 2585 
3 2816 2822 2946 
3 2817 2816 2946 
3 2703 2816 2696 
3 2822 2816 2703 
3 2817 2946 2819 
3 2946 2949 2819 
3 2947 3063 3064 
3 2948 2947 3064 
3 2949 2947 2819 
3 3063 2947 2949 
3 3068 3175 3176 
3 3069 3068 3176 
3 3065 3172 3068 
3 3068 3172 3175 
3 3064 3065 2948 
3 3172 3065 3064 
3 3397 3515 3516 
3 3514 3397 3516 
3 3398 3517 3397 
3 3397 3517 3515 
3 3291 3406 3398 
3 3398 3406 3517 
3 3177 3290 3291 
3 3291 3290 3406 
3 3176 3177 3069 
3 3290 3177 3176 
3 3743 3744 3843 
3 3743 3736 3632 
3 3743 3632 3744 
3 3744 3632 3741 
3 3519 3631 3632 
3 3632 3631 3741 
3 3516 3519 3514 
3 3631 3519 3516 
3 4004 4005 4067 
3 4066 4004 4067 
3 3933 3934 4004 
3 4004 3934 4005 
3 3843 3837 3743 
3 3843 3934 3837 
3 3934 3933 3837 
3 3736 3743 3837 
3 4166 4167 4211 
3 4166 4164 4114 
3 4166 4114 4167 
3 4167 4114 4121 
3 4067 4114 4066 
3 4121 4114 4067 
3 4212 4251 4252 
3 4211 4251 4212 
3 4166 4211 4212 
3 4166 4212 4213 
3 4166 4213 4210 
3 4164 4166 4210 
3 4253 4212 4252 
3 4253 4252 4291 
3 4291 4252 4298 
3 4213 4212 4253 
3 4291 4298 4293 
3 4298 4331 4293 
3 4332 4330 4293 
3 4333 4332 4293 
3 4333 4293 4334 
3 4334 4293 4331 
3 1654 1656 1563 
3 1756 1657 1656 
3 1656 1657 1563 
3 1655 1755 1652 
3 1655 1658 1755 
3 1655 1563 1658 
3 1563 1657 1658 
3 1755 1758 1729 
3 1755 1729 1652 
3 1652 1729 1653 
3 1658 1758 1755 
3 1653 1729 1631 
3 1559 1653 1631 
3 1631 1536 1559 
3 1632 1536 1631 
3 1536 1632 1537 
3 1632 1633 1537 
3 1537 1633 1539 
3 1538 1537 1539 
3 1539 1444 1538 
3 1540 1444 1539 
3 1541 1449 1445 
3 1541 1445 1540 
3 1540 1445 1444 
3 1541 1451 1449 
3 1445 1449 1355 
3 1356 1450 1446 
3 1355 1450 1356 
3 1355 1451 1450 
3 1355 1449 1451 
3 1450 1448 1446 
3 1356 1446 1354 
3 1422 1447 1519 
3 1354 1447 1422 
3 1354 1448 1447 
3 1354 1446 1448 
3 1447 1542 1519 
3 1422 1519 1423 
3 1519 1520 1423 
3 1519 1542 1520 
3 1542 1614 1520 
3 1615 1616 1521 
3 1615 1521 1614 
3 1614 1521 1520 
3 1615 1713 1616 
3 1521 1616 1522 
3 1616 1617 1522 
3 1616 1713 1617 
3 1713 1714 1617 
3 1617 1714 1618 
3 1714 1715 1618 
3 1618 1715 1619 
3 1715 1716 1619 
3 1619 1716 1620 
3 1716 1717 1620 
3 1620 1717 1621 
3 1717 1718 1621 
3 1621 1718 1622 
3 1718 1719 1622 
3 1623 1624 1530 
3 1623 1720 1624 
3 1623 1622 1720 
3 1622 1719 1720 
3 1624 1625 1531 
3 1530 1624 1531 
3 1721 1624 1720 
3 1625 1624 1721 
3 1625 1626 1532 
3 1531 1625 1532 
3 1722 1625 1721 
3 1626 1625 1722 
3 1626 1723 1627 
3 1626 1627 1532 
3 1532 1627 1533 
3 1722 1723 1626 
3 1533 1627 1534 
3 1627 1628 1534 
3 1534 1628 1535 
3 1628 1629 1535 
3 1548 1549 1453 
3 1548 1630 1549 
3 1548 1535 1630 
3 1535 1629 1630 
3 1549 1642 1550 
3 1549 1550 1453 
3 1453 1550 1454 
3 1630 1642 1549 
3 1455 1456 1361 
3 1455 1551 1456 
3 1455 1454 1551 
3 1454 1550 1551 
3 1456 1552 1457 
3 1456 1457 1361 
3 1361 1457 1362 
3 1551 1552 1456 
3 1363 1364 1277 
3 1363 1458 1364 
3 1363 1362 1458 
3 1362 1457 1458 
3 1364 1459 1365 
3 1364 1365 1277 
3 1277 1365 1286 
3 1458 1459 1364 
3 1290 1291 1204 
3 1290 1375 1291 
3 1290 1286 1375 
3 1286 1365 1375 
3 1291 1376 1288 
3 1204 1291 1288 
3 1380 1291 1375 
3 1376 1291 1380 
3 1376 1471 1377 
3 1376 1377 1288 
3 1288 1377 1289 
3 1380 1471 1376 
3 1378 1420 1330 
3 1378 1379 1420 
3 1378 1289 1379 
3 1289 1377 1379 
3 1420 1473 1421 
3 1420 1421 1330 
3 1330 1421 1419 
3 1379 1473 1420 
3 1515 1608 1605 
3 1515 1516 1608 
3 1515 1419 1516 
3 1419 1421 1516 
3 1703 1805 1705 
3 1703 1704 1805 
3 1605 1704 1703 
3 1605 1609 1704 
3 1605 1608 1609 
3 1516 1609 1608 
3 1805 1806 1807 
3 1805 1807 1705 
3 1705 1807 1804 
3 1704 1806 1805 
3 1905 1907 2007 
3 2006 1905 2007 
3 1807 1905 1804 
3 1907 1905 1807 
3 2109 2110 2221 
3 2220 2109 2221 
3 2007 2109 2006 
3 2110 2109 2007 
3 2333 2334 2459 
3 2457 2333 2459 
3 2221 2333 2220 
3 2334 2333 2221 
3 2587 2588 2704 
3 2587 2459 2588 
3 2587 2585 2459 
3 2585 2457 2459 
3 2702 2587 2704 
3 2702 2704 2703 
3 2703 2704 2823 
3 2585 2587 2702 
3 2822 2953 2954 
3 2946 2822 2954 
3 2823 2822 2703 
3 2953 2822 2823 
3 3066 3071 3174 
3 3066 2954 3071 
3 3066 2949 2954 
3 2949 2946 2954 
3 3173 3286 3284 
3 3174 3286 3173 
3 3066 3174 3173 
3 3066 3173 3064 
3 3066 3064 3063 
3 2949 3066 3063 
3 3288 3289 3403 
3 3288 3176 3175 
3 3288 3175 3289 
3 3289 3175 3285 
3 3284 3172 3173 
3 3284 3285 3172 
3 3285 3175 3172 
3 3064 3173 3172 
3 3628 3629 3737 
3 3628 3516 3515 
3 3628 3515 3629 
3 3629 3515 3630 
3 3517 3523 3515 
3 3515 3523 3630 
3 3406 3407 3517 
3 3517 3407 3523 
3 3403 3290 3288 
3 3403 3407 3290 
3 3407 3406 3290 
3 3176 3288 3290 
3 3744 3842 3844 
3 3843 3744 3844 
3 3741 3742 3744 
3 3744 3742 3842 
3 3737 3631 3628 
3 3737 3742 3631 
3 3742 3741 3631 
3 3516 3628 3631 
3 4005 4012 4068 
3 4067 4005 4068 
3 3934 3941 4005 
3 4005 3941 4012 
3 3844 3934 3843 
3 3941 3934 3844 
3 4167 4174 4214 
3 4211 4167 4214 
3 4121 4122 4167 
3 4167 4122 4174 
3 4068 4121 4067 
3 4122 4121 4068 
3 4251 4254 4297 
3 4252 4251 4297 
3 4214 4251 4211 
3 4254 4251 4214 
3 4252 4297 4298 
3 4297 4335 4298 
3 4298 4335 4331 
3 4368 4369 4331 
3 4331 4335 4368 
3 4369 4334 4331 
3 1863 1864 1757 
3 1862 1863 1757 
3 1862 1757 1756 
3 1756 1757 1657 
3 1657 1757 1658 
3 1757 1759 1658 
3 1758 1730 1729 
3 1758 1731 1730 
3 1758 1658 1731 
3 1658 1759 1731 
3 1729 1730 1631 
3 1730 1632 1631 
3 1730 1731 1632 
3 1731 1732 1632 
3 1632 1732 1633 
3 1732 1733 1633 
3 1633 1733 1634 
3 1539 1633 1634 
3 1634 1540 1539 
3 1635 1540 1634 
3 1540 1635 1546 
3 1541 1540 1546 
3 1546 1451 1541 
3 1547 1451 1546 
3 1451 1547 1544 
3 1450 1451 1544 
3 1544 1448 1450 
3 1545 1448 1544 
3 1448 1545 1543 
3 1447 1448 1543 
3 1543 1542 1447 
3 1636 1542 1543 
3 1542 1636 1614 
3 1636 1711 1614 
3 1614 1711 1712 
3 1615 1614 1712 
3 1712 1713 1615 
3 1817 1713 1712 
3 1713 1817 1714 
3 1817 1818 1714 
3 1714 1818 1715 
3 1818 1819 1715 
3 1820 1821 1716 
3 1820 1716 1819 
3 1819 1716 1715 
3 1820 1921 1821 
3 1821 1822 1717 
3 1716 1821 1717 
3 1922 1821 1921 
3 1822 1821 1922 
3 1822 1823 1718 
3 1717 1822 1718 
3 1923 1822 1922 
3 1823 1822 1923 
3 1823 1824 1719 
3 1718 1823 1719 
3 1924 1823 1923 
3 1824 1823 1924 
3 1824 1925 1825 
3 1824 1825 1719 
3 1719 1825 1720 
3 1924 1925 1824 
3 1720 1825 1721 
3 1825 1826 1721 
3 1721 1826 1722 
3 1826 1827 1722 
3 1723 1724 1627 
3 1723 1828 1724 
3 1723 1722 1828 
3 1722 1827 1828 
3 1724 1725 1628 
3 1627 1724 1628 
3 1829 1724 1828 
3 1725 1724 1829 
3 1725 1726 1629 
3 1628 1725 1629 
3 1830 1725 1829 
3 1726 1725 1830 
3 1726 1831 1727 
3 1726 1727 1629 
3 1629 1727 1630 
3 1830 1831 1726 
3 1642 1643 1550 
3 1642 1728 1643 
3 1642 1630 1728 
3 1630 1727 1728 
3 1643 1644 1551 
3 1550 1643 1551 
3 1745 1643 1728 
3 1644 1643 1745 
3 1552 1553 1457 
3 1552 1645 1553 
3 1551 1645 1552 
3 1551 1646 1645 
3 1551 1644 1646 
3 1745 1646 1644 
3 1553 1647 1554 
3 1553 1554 1457 
3 1457 1554 1458 
3 1645 1647 1553 
3 1459 1460 1365 
3 1459 1555 1460 
3 1459 1458 1555 
3 1458 1554 1555 
3 1460 1556 1461 
3 1460 1461 1365 
3 1365 1461 1375 
3 1555 1556 1460 
3 1375 1461 1380 
3 1461 1477 1380 
3 1471 1472 1377 
3 1471 1478 1472 
3 1471 1380 1478 
3 1380 1477 1478 
3 1472 1474 1379 
3 1377 1472 1379 
3 1565 1472 1478 
3 1474 1472 1565 
3 1473 1517 1421 
3 1473 1475 1517 
3 1379 1475 1473 
3 1379 1476 1475 
3 1379 1474 1476 
3 1565 1476 1474 
3 1517 1566 1518 
3 1517 1518 1421 
3 1421 1518 1516 
3 1475 1566 1517 
3 1609 1610 1706 
3 1704 1609 1706 
3 1518 1609 1516 
3 1610 1609 1518 
3 1806 1808 1906 
3 1807 1806 1906 
3 1706 1806 1704 
3 1808 1806 1706 
3 1907 2008 2010 
3 2007 1907 2010 
3 1906 1907 1807 
3 2008 1907 1906 
3 2110 2222 2221 
3 2110 2111 2222 
3 2110 2007 2111 
3 2007 2010 2111 
3 2334 2460 2459 
3 2334 2335 2460 
3 2221 2335 2334 
3 2221 2223 2335 
3 2221 2222 2223 
3 2111 2223 2222 
3 2588 2705 2704 
3 2588 2589 2705 
3 2459 2589 2588 
3 2459 2461 2589 
3 2459 2460 2461 
3 2335 2461 2460 
3 2705 2706 2824 
3 2705 2824 2704 
3 2704 2824 2823 
3 2589 2706 2705 
3 2953 2955 3070 
3 2954 2953 3070 
3 2824 2953 2823 
3 2955 2953 2824 
3 3071 3178 3180 
3 3174 3071 3180 
3 3070 3071 2954 
3 3178 3071 3070 
3 3286 3400 3284 
3 3286 3287 3400 
3 3286 3174 3287 
3 3174 3180 3287 
3 3289 3404 3403 
3 3405 3404 3289 
3 3405 3289 3401 
3 3401 3289 3285 
3 3400 3285 3284 
3 3400 3402 3285 
3 3402 3401 3285 
3 3287 3402 3400 
3 3629 3738 3739 
3 3737 3629 3739 
3 3630 3740 3629 
3 3629 3740 3738 
3 3523 3636 3630 
3 3630 3636 3740 
3 3407 3524 3523 
3 3523 3524 3636 
3 3404 3407 3403 
3 3404 3522 3407 
3 3522 3524 3407 
3 3405 3522 3404 
3 3842 3938 3940 
3 3844 3842 3940 
3 3742 3841 3842 
3 3842 3841 3938 
3 3739 3742 3737 
3 3841 3742 3739 
3 4012 4075 4076 
3 4068 4012 4076 
3 3941 4011 4012 
3 4012 4011 4075 
3 3940 3941 3844 
3 4011 3941 3940 
3 4174 4181 4217 
3 4214 4174 4217 
3 4122 4129 4174 
3 4174 4129 4181 
3 4076 4122 4068 
3 4129 4122 4076 
3 4254 4258 4299 
3 4297 4254 4299 
3 4217 4254 4214 
3 4258 4254 4217 
3 4297 4299 4335 
3 4299 4336 4335 
3 4406 4372 4373 
3 4371 4336 4372 
3 4372 4336 4373 
3 4371 4370 4336 
3 4368 4335 4370 
3 4370 4335 4336 
3 1963 1964 1865 
3 1864 1963 1865 
3 1865 1757 1864 
3 1757 1865 1759 
3 1865 1835 1759 
3 1759 1835 1731 
3 1835 1836 1731 
3 1837 1938 1940 
3 1837 1836 1938 
3 1837 1732 1836 
3 1732 1731 1836 
3 1837 1940 1838 
3 1838 1732 1837 
3 1838 1839 1732 
3 1839 1733 1732 
3 1733 1839 1734 
3 1634 1733 1734 
3 1734 1635 1634 
3 1735 1635 1734 
3 1635 1735 1640 
3 1546 1635 1640 
3 1640 1547 1546 
3 1641 1547 1640 
3 1547 1641 1638 
3 1544 1547 1638 
3 1638 1545 1544 
3 1639 1545 1638 
3 1545 1639 1637 
3 1543 1545 1637 
3 1637 1636 1543 
3 1736 1636 1637 
3 1815 1816 1711 
3 1815 1711 1736 
3 1736 1711 1636 
3 1815 1916 1816 
3 1711 1816 1712 
3 1816 1817 1712 
3 1816 1916 1817 
3 1916 1917 1817 
3 1817 1917 1818 
3 1917 1918 1818 
3 1919 1920 1819 
3 1919 1819 1918 
3 1918 1819 1818 
3 1919 2023 1920 
3 1819 1920 1820 
3 1920 1921 1820 
3 1920 2023 1921 
3 2023 2024 1921 
3 1921 2024 1922 
3 2024 2025 1922 
3 1922 2025 1923 
3 2025 2026 1923 
3 1923 2026 1924 
3 2026 2027 1924 
3 1925 1926 1825 
3 1925 2028 1926 
3 1925 1924 2028 
3 1924 2027 2028 
3 1926 1927 1826 
3 1825 1926 1826 
3 2029 1926 2028 
3 1927 1926 2029 
3 1927 1928 1827 
3 1826 1927 1827 
3 2030 1927 2029 
3 1928 1927 2030 
3 1928 2031 1929 
3 1928 1929 1827 
3 1827 1929 1828 
3 2030 2031 1928 
3 1828 1929 1829 
3 1929 1930 1829 
3 1829 1930 1830 
3 1930 1931 1830 
3 1831 1832 1727 
3 1831 1932 1832 
3 1831 1830 1932 
3 1830 1931 1932 
3 1832 1833 1728 
3 1727 1832 1728 
3 1933 1832 1932 
3 1833 1832 1933 
3 1833 1934 1834 
3 1833 1834 1728 
3 1728 1834 1745 
3 1933 1934 1833 
3 1646 1746 1645 
3 1646 1749 1746 
3 1646 1745 1749 
3 1745 1834 1749 
3 1647 1648 1554 
3 1647 1747 1648 
3 1645 1747 1647 
3 1645 1748 1747 
3 1645 1746 1748 
3 1749 1748 1746 
3 1648 1750 1649 
3 1648 1649 1554 
3 1554 1649 1555 
3 1747 1750 1648 
3 1556 1557 1461 
3 1556 1650 1557 
3 1556 1555 1650 
3 1555 1649 1650 
3 1557 1571 1477 
3 1461 1557 1477 
3 1651 1557 1650 
3 1571 1557 1651 
3 1571 1663 1572 
3 1571 1572 1477 
3 1477 1572 1478 
3 1651 1663 1571 
3 1478 1572 1565 
3 1572 1659 1565 
3 1476 1567 1475 
3 1476 1570 1567 
3 1476 1565 1570 
3 1565 1659 1570 
3 1566 1611 1518 
3 1566 1568 1611 
3 1475 1568 1566 
3 1475 1569 1568 
3 1475 1567 1569 
3 1570 1569 1567 
3 1610 1707 1706 
3 1610 1612 1707 
3 1518 1612 1610 
3 1518 1613 1612 
3 1518 1611 1613 
3 1568 1613 1611 
3 1808 1908 1906 
3 1808 1809 1908 
3 1706 1809 1808 
3 1706 1708 1809 
3 1706 1707 1708 
3 1612 1708 1707 
3 2008 2112 2010 
3 2008 2009 2112 
3 1906 2009 2008 
3 1906 1909 2009 
3 1906 1908 1909 
3 1809 1909 1908 
3 2112 2113 2115 
3 2112 2115 2010 
3 2010 2115 2111 
3 2009 2113 2112 
3 2223 2226 2336 
3 2335 2223 2336 
3 2115 2223 2111 
3 2226 2223 2115 
3 2461 2462 2590 
3 2589 2461 2590 
3 2336 2461 2335 
3 2462 2461 2336 
3 2706 2707 2825 
3 2824 2706 2825 
3 2590 2706 2589 
3 2707 2706 2590 
3 2955 2956 3072 
3 3070 2955 3072 
3 2825 2955 2824 
3 2956 2955 2825 
3 3178 3292 3180 
3 3178 3179 3292 
3 3178 3070 3179 
3 3070 3072 3179 
3 3292 3293 3294 
3 3292 3294 3180 
3 3180 3294 3287 
3 3179 3293 3292 
3 3401 3520 3521 
3 3405 3401 3521 
3 3402 3409 3401 
3 3401 3409 3520 
3 3294 3402 3287 
3 3409 3402 3294 
3 3738 3838 3739 
3 3839 3838 3738 
3 3839 3738 3840 
3 3840 3738 3740 
3 3636 3747 3740 
3 3740 3747 3840 
3 3524 3637 3636 
3 3636 3637 3747 
3 3522 3635 3524 
3 3524 3635 3637 
3 3521 3522 3405 
3 3635 3522 3521 
3 3938 4008 4009 
3 3940 3938 4009 
3 3841 3939 3938 
3 3938 3939 4008 
3 3838 3841 3739 
3 3838 3935 3841 
3 3935 3939 3841 
3 3839 3935 3838 
3 4075 4125 4128 
3 4076 4075 4128 
3 4011 4072 4075 
3 4075 4072 4125 
3 4009 4011 3940 
3 4072 4011 4009 
3 4181 4225 4226 
3 4217 4181 4226 
3 4129 4180 4181 
3 4181 4180 4225 
3 4128 4129 4076 
3 4180 4129 4128 
3 4258 4267 4300 
3 4299 4258 4300 
3 4226 4258 4217 
3 4267 4258 4226 
3 4337 4338 4374 
3 4337 4300 4338 
3 4337 4336 4300 
3 4336 4299 4300 
3 4373 4337 4374 
3 4407 4406 4373 
3 4407 4373 4374 
3 4408 4407 4374 
3 4336 4337 4373 
3 2038 2039 1936 
3 1964 2038 1936 
3 1936 1865 1964 
3 1865 1936 1835 
3 1936 1937 1835 
3 1939 2041 2043 
3 1939 1937 2041 
3 1939 1836 1937 
3 1836 1835 1937 
3 1938 1939 2043 
3 1938 2043 1940 
3 1940 2043 2044 
3 1836 1939 1938 
3 1842 1838 1940 
3 1842 1940 1941 
3 1941 1940 2044 
3 1838 1842 1839 
3 1842 1941 1840 
3 1841 1840 1849 
3 1734 1840 1841 
3 1734 1842 1840 
3 1734 1839 1842 
3 1734 1841 1735 
3 1841 1849 1742 
3 1735 1841 1742 
3 1735 1742 1640 
3 1640 1742 1743 
3 1743 1641 1640 
3 1744 1641 1743 
3 1641 1744 1740 
3 1638 1641 1740 
3 1639 1741 1737 
3 1639 1638 1741 
3 1638 1740 1741 
3 1741 1739 1737 
3 1639 1737 1637 
3 1736 1738 1843 
3 1637 1738 1736 
3 1637 1739 1738 
3 1637 1737 1739 
3 1738 1844 1843 
3 1736 1843 1815 
3 1843 1916 1815 
3 1843 1844 1916 
3 1844 1943 1916 
3 1916 1943 1917 
3 1943 2020 1917 
3 2021 2022 1918 
3 2021 1918 2020 
3 2020 1918 1917 
3 2021 2128 2022 
3 1918 2022 1919 
3 2022 2023 1919 
3 2022 2128 2023 
3 2128 2129 2023 
3 2023 2129 2024 
3 2129 2130 2024 
3 2131 2132 2025 
3 2131 2025 2130 
3 2130 2025 2024 
3 2131 2242 2132 
3 2132 2133 2026 
3 2025 2132 2026 
3 2243 2132 2242 
3 2133 2132 2243 
3 2133 2134 2027 
3 2026 2133 2027 
3 2244 2133 2243 
3 2134 2133 2244 
3 2134 2135 2028 
3 2027 2134 2028 
3 2245 2134 2244 
3 2135 2134 2245 
3 2135 2246 2136 
3 2135 2136 2028 
3 2028 2136 2029 
3 2245 2246 2135 
3 2029 2136 2030 
3 2136 2137 2030 
3 2031 2032 1929 
3 2031 2138 2032 
3 2031 2030 2138 
3 2030 2137 2138 
3 2032 2033 1930 
3 1929 2032 1930 
3 2139 2032 2138 
3 2033 2032 2139 
3 2033 2034 1931 
3 1930 2033 1931 
3 2140 2033 2139 
3 2034 2033 2140 
3 2034 2035 1932 
3 1931 2034 1932 
3 2141 2034 2140 
3 2035 2034 2141 
3 2035 2142 2036 
3 2035 2036 1932 
3 1932 2036 1933 
3 2141 2142 2035 
3 1934 1935 1834 
3 1934 2037 1935 
3 1934 1933 2037 
3 1933 2036 2037 
3 1935 1957 1857 
3 1935 1857 1834 
3 1834 1857 1749 
3 2037 1957 1935 
3 1748 1853 1747 
3 1748 1856 1853 
3 1748 1749 1856 
3 1749 1857 1856 
3 1750 1751 1649 
3 1750 1854 1751 
3 1747 1854 1750 
3 1747 1855 1854 
3 1747 1853 1855 
3 1856 1855 1853 
3 1751 1752 1650 
3 1649 1751 1650 
3 1858 1751 1854 
3 1752 1751 1858 
3 1752 1859 1753 
3 1752 1753 1650 
3 1650 1753 1651 
3 1858 1859 1752 
3 1663 1664 1572 
3 1663 1754 1664 
3 1663 1651 1754 
3 1651 1753 1754 
3 1664 1760 1659 
3 1572 1664 1659 
3 1767 1664 1754 
3 1760 1664 1767 
3 1760 1765 1662 
3 1760 1662 1659 
3 1659 1662 1570 
3 1767 1765 1760 
3 1569 1661 1660 
3 1568 1569 1660 
3 1662 1569 1570 
3 1661 1569 1662 
3 1613 1710 1709 
3 1612 1613 1709 
3 1660 1613 1568 
3 1710 1613 1660 
3 1708 1810 1811 
3 1809 1708 1811 
3 1709 1708 1612 
3 1810 1708 1709 
3 1909 1911 2011 
3 2009 1909 2011 
3 1811 1909 1809 
3 1911 1909 1811 
3 2113 2224 2115 
3 2113 2114 2224 
3 2113 2009 2114 
3 2009 2011 2114 
3 2226 2338 2336 
3 2226 2227 2338 
3 2115 2227 2226 
3 2115 2225 2227 
3 2115 2224 2225 
3 2114 2225 2224 
3 2462 2465 2591 
3 2590 2462 2591 
3 2338 2462 2336 
3 2338 2339 2462 
3 2339 2465 2462 
3 2227 2339 2338 
3 2707 2708 2826 
3 2825 2707 2826 
3 2591 2707 2590 
3 2708 2707 2591 
3 2956 2957 3073 
3 3072 2956 3073 
3 2826 2956 2825 
3 2957 2956 2826 
3 3072 3073 3179 
3 3073 3181 3179 
3 3293 3295 3408 
3 3294 3293 3408 
3 3181 3293 3179 
3 3295 3293 3181 
3 3520 3633 3521 
3 3634 3633 3520 
3 3634 3520 3525 
3 3525 3520 3409 
3 3408 3409 3294 
3 3525 3409 3408 
3 3840 3936 3839 
3 3937 3936 3840 
3 3937 3840 3846 
3 3846 3840 3747 
3 3637 3748 3747 
3 3747 3748 3846 
3 3635 3746 3637 
3 3637 3746 3748 
3 3633 3635 3521 
3 3633 3745 3635 
3 3745 3746 3635 
3 3634 3745 3633 
3 4008 4070 4009 
3 4071 4070 4008 
3 4071 4008 4010 
3 4010 4008 3939 
3 3935 4006 3939 
3 3939 4006 4010 
3 3936 3935 3839 
3 3936 4007 3935 
3 4007 4006 3935 
3 3937 4007 3936 
3 4125 4176 4177 
3 4128 4125 4177 
3 4072 4126 4125 
3 4125 4126 4176 
3 4070 4072 4009 
3 4070 4124 4072 
3 4124 4126 4072 
3 4071 4124 4070 
3 4225 4262 4266 
3 4226 4225 4266 
3 4180 4221 4225 
3 4225 4221 4262 
3 4177 4180 4128 
3 4221 4180 4177 
3 4267 4307 4308 
3 4300 4267 4308 
3 4266 4267 4226 
3 4307 4267 4266 
3 4338 4347 4375 
3 4374 4338 4375 
3 4308 4338 4300 
3 4347 4338 4308 
3 4409 4408 4374 
3 4409 4374 4375 
3 4410 4409 4375 
3 2146 2147 2040 
3 2039 2146 2040 
3 2040 1936 2039 
3 1936 2040 1937 
3 2040 2042 1937 
3 2041 2150 2151 
3 2043 2041 2151 
3 2042 2041 1937 
3 2150 2041 2042 
3 2043 2151 2044 
3 2151 2045 2044 
3 2044 2045 1941 
3 2045 2046 1941 
3 1941 2046 1942 
3 1840 1941 1942 
3 1942 1849 1840 
3 1949 1849 1942 
3 1849 1949 1850 
3 1742 1849 1850 
3 1743 1742 1851 
3 1742 1850 1851 
3 1851 1744 1743 
3 1852 1744 1851 
3 1744 1852 1848 
3 1740 1744 1848 
3 1741 1740 1846 
3 1740 1848 1846 
3 1846 1739 1741 
3 1847 1739 1846 
3 1739 1847 1845 
3 1738 1739 1845 
3 1845 1844 1738 
3 1944 1844 1845 
3 1844 1944 1943 
3 1944 2048 1943 
3 2126 2127 2020 
3 2126 2020 2048 
3 2048 2020 1943 
3 2126 2237 2127 
3 2020 2127 2021 
3 2127 2128 2021 
3 2127 2237 2128 
3 2237 2238 2128 
3 2239 2240 2129 
3 2239 2129 2238 
3 2238 2129 2128 
3 2239 2354 2240 
3 2240 2241 2130 
3 2129 2240 2130 
3 2357 2240 2354 
3 2241 2240 2357 
3 2130 2241 2131 
3 2241 2242 2131 
3 2241 2357 2242 
3 2357 2358 2242 
3 2359 2360 2243 
3 2359 2243 2358 
3 2358 2243 2242 
3 2359 2488 2360 
3 2360 2361 2244 
3 2243 2360 2244 
3 2489 2360 2488 
3 2361 2360 2489 
3 2361 2490 2362 
3 2361 2362 2244 
3 2244 2362 2245 
3 2489 2490 2361 
3 2246 2247 2136 
3 2246 2363 2247 
3 2246 2245 2363 
3 2245 2362 2363 
3 2247 2248 2137 
3 2136 2247 2137 
3 2364 2247 2363 
3 2248 2247 2364 
3 2248 2365 2249 
3 2248 2249 2137 
3 2137 2249 2138 
3 2364 2365 2248 
3 2138 2249 2139 
3 2249 2250 2139 
3 2139 2250 2140 
3 2250 2251 2140 
3 2140 2251 2141 
3 2251 2252 2141 
3 2142 2143 2036 
3 2142 2253 2143 
3 2142 2141 2253 
3 2141 2252 2253 
3 2143 2144 2037 
3 2036 2143 2037 
3 2254 2143 2253 
3 2144 2143 2254 
3 1957 1958 1857 
3 1957 2065 1958 
3 2037 2065 1957 
3 2037 2145 2065 
3 2037 2144 2145 
3 2254 2145 2144 
3 1958 2063 1956 
3 1958 1956 1857 
3 1857 1956 1856 
3 2065 2063 1958 
3 1855 1953 1854 
3 1855 1955 1953 
3 1855 1856 1955 
3 1856 1956 1955 
3 1953 2058 1954 
3 1953 1954 1854 
3 1854 1954 1858 
3 1955 2058 1953 
3 1859 1860 1753 
3 1859 1959 1860 
3 1859 1858 1959 
3 1858 1954 1959 
3 1860 1960 1861 
3 1860 1861 1753 
3 1753 1861 1754 
3 1959 1960 1860 
3 1754 1861 1767 
3 1861 1870 1767 
3 1765 1869 1766 
3 1662 1765 1766 
3 1870 1765 1767 
3 1869 1765 1870 
3 1661 1761 1660 
3 1661 1764 1761 
3 1661 1662 1764 
3 1662 1766 1764 
3 1710 1812 1709 
3 1710 1762 1812 
3 1660 1762 1710 
3 1660 1763 1762 
3 1660 1761 1763 
3 1764 1763 1761 
3 1810 1910 1811 
3 1810 1813 1910 
3 1709 1813 1810 
3 1709 1814 1813 
3 1709 1812 1814 
3 1762 1814 1812 
3 1911 2012 2011 
3 1911 1912 2012 
3 1811 1912 1911 
3 1811 1913 1912 
3 1811 1910 1913 
3 1813 1913 1910 
3 2012 2013 2116 
3 2012 2116 2011 
3 2011 2116 2114 
3 1912 2013 2012 
3 2225 2228 2337 
3 2227 2225 2337 
3 2116 2225 2114 
3 2228 2225 2116 
3 2465 2596 2591 
3 2592 2596 2465 
3 2592 2465 2463 
3 2463 2465 2339 
3 2337 2339 2227 
3 2463 2339 2337 
3 2708 2827 2826 
3 2708 2709 2827 
3 2591 2709 2708 
3 2591 2710 2709 
3 2591 2596 2710 
3 2592 2710 2596 
3 2957 3074 3073 
3 2957 2958 3074 
3 2826 2958 2957 
3 2826 2828 2958 
3 2826 2827 2828 
3 2709 2828 2827 
3 3074 3075 3182 
3 3074 3182 3073 
3 3073 3182 3181 
3 2958 3075 3074 
3 3295 3296 3410 
3 3408 3295 3410 
3 3182 3295 3181 
3 3296 3295 3182 
3 3525 3526 3638 
3 3634 3525 3638 
3 3410 3525 3408 
3 3526 3525 3410 
3 3846 3943 3937 
3 3846 3748 3847 
3 3943 3846 3847 
3 3848 3847 3748 
3 3848 3748 3845 
3 3845 3748 3746 
3 3745 3749 3746 
3 3746 3749 3845 
3 3638 3745 3634 
3 3749 3745 3638 
3 4010 4073 4071 
3 4074 4073 4010 
3 4074 4010 4069 
3 4069 4010 4006 
3 4007 4013 4006 
3 4006 4013 4069 
3 3943 4007 3937 
3 3943 3944 4007 
3 3944 4013 4007 
3 3847 3944 3943 
3 3945 3944 3847 
3 3848 3945 3847 
3 4176 4219 4177 
3 4220 4219 4176 
3 4220 4176 4178 
3 4178 4176 4126 
3 4124 4175 4126 
3 4126 4175 4178 
3 4073 4124 4071 
3 4073 4127 4124 
3 4127 4175 4124 
3 4074 4127 4073 
3 4262 4303 4304 
3 4266 4262 4304 
3 4221 4263 4262 
3 4262 4263 4303 
3 4219 4221 4177 
3 4219 4261 4221 
3 4261 4263 4221 
3 4220 4261 4219 
3 4307 4342 4346 
3 4308 4307 4346 
3 4304 4307 4266 
3 4342 4307 4304 
3 4347 4384 4385 
3 4375 4347 4385 
3 4346 4347 4308 
3 4384 4347 4346 
3 4411 4410 4375 
3 4411 4375 4385 
3 4422 4411 4385 
3 4422 4385 4423 
3 4452 4422 4423 
3 4453 4452 4423 
3 2256 2148 2147 
3 2147 2148 2040 
3 2256 2257 2148 
3 2258 2259 2149 
3 2149 2148 2258 
3 2148 2149 2040 
3 2040 2149 2042 
3 2257 2258 2148 
3 2150 2260 2152 
3 2151 2150 2152 
3 2149 2150 2042 
3 2260 2150 2149 
3 2151 2152 2045 
3 2152 2153 2045 
3 2045 2153 2046 
3 2153 2154 2046 
3 2046 2154 2047 
3 1942 2046 2047 
3 2047 1949 1942 
3 2054 1949 2047 
3 1949 2054 1950 
3 1850 1949 1950 
3 1851 1850 1951 
3 1850 1950 1951 
3 1951 1852 1851 
3 1952 1852 1951 
3 1852 1952 1948 
3 1848 1852 1948 
3 1846 1848 1946 
3 1848 1948 1946 
3 1946 1847 1846 
3 1947 1847 1946 
3 1847 1947 1945 
3 1845 1847 1945 
3 1945 1944 1845 
3 2049 1944 1945 
3 2156 2157 2048 
3 2156 2048 2049 
3 2049 2048 1944 
3 2156 2267 2157 
3 2048 2157 2126 
3 2157 2237 2126 
3 2157 2267 2237 
3 2267 2351 2237 
3 2352 2353 2238 
3 2352 2238 2351 
3 2351 2238 2237 
3 2352 2356 2353 
3 2238 2353 2239 
3 2354 2355 2481 
3 2239 2355 2354 
3 2239 2356 2355 
3 2239 2353 2356 
3 2355 2482 2481 
3 2481 2486 2357 
3 2354 2481 2357 
3 2609 2481 2482 
3 2486 2481 2609 
3 2486 2487 2358 
3 2357 2486 2358 
3 2613 2486 2609 
3 2487 2486 2613 
3 2358 2487 2359 
3 2487 2488 2359 
3 2487 2613 2488 
3 2613 2614 2488 
3 2488 2614 2489 
3 2614 2615 2489 
3 2490 2491 2362 
3 2490 2616 2491 
3 2490 2489 2616 
3 2489 2615 2616 
3 2491 2492 2363 
3 2362 2491 2363 
3 2617 2491 2616 
3 2492 2491 2617 
3 2492 2618 2493 
3 2492 2493 2363 
3 2363 2493 2364 
3 2617 2618 2492 
3 2365 2366 2249 
3 2365 2494 2366 
3 2365 2364 2494 
3 2364 2493 2494 
3 2366 2367 2250 
3 2249 2366 2250 
3 2495 2366 2494 
3 2367 2366 2495 
3 2367 2368 2251 
3 2250 2367 2251 
3 2496 2367 2495 
3 2368 2367 2496 
3 2368 2369 2252 
3 2251 2368 2252 
3 2497 2368 2496 
3 2369 2368 2497 
3 2369 2370 2253 
3 2252 2369 2253 
3 2498 2369 2497 
3 2370 2369 2498 
3 2370 2499 2371 
3 2370 2371 2253 
3 2253 2371 2254 
3 2498 2499 2370 
3 2145 2177 2065 
3 2145 2255 2177 
3 2145 2254 2255 
3 2254 2371 2255 
3 2063 2064 1956 
3 2063 2176 2064 
3 2065 2176 2063 
3 2065 2178 2176 
3 2065 2177 2178 
3 2255 2178 2177 
3 2064 2172 2061 
3 2064 2061 1956 
3 1956 2061 1955 
3 2176 2172 2064 
3 2058 2059 1954 
3 2058 2062 2059 
3 2058 1955 2062 
3 1955 2061 2062 
3 2059 2169 2060 
3 2059 2060 1954 
3 1954 2060 1959 
3 2062 2169 2059 
3 1960 1961 1861 
3 1960 2066 1961 
3 1960 1959 2066 
3 1959 2060 2066 
3 1961 2067 1962 
3 1961 1962 1861 
3 1861 1962 1870 
3 2066 2067 1961 
3 1869 1871 1766 
3 1869 1972 1871 
3 1869 1870 1972 
3 1870 1962 1972 
3 1871 1969 1868 
3 1871 1868 1766 
3 1766 1868 1764 
3 1972 1969 1871 
3 1763 1867 1866 
3 1762 1763 1866 
3 1868 1763 1764 
3 1867 1763 1868 
3 1814 1915 1914 
3 1813 1814 1914 
3 1866 1814 1762 
3 1915 1814 1866 
3 1913 2016 2014 
3 1912 1913 2014 
3 1914 1913 1813 
3 2016 1913 1914 
3 2013 2117 2116 
3 2013 2015 2117 
3 2013 1912 2015 
3 1912 2014 2015 
3 2228 2340 2337 
3 2228 2229 2340 
3 2116 2229 2228 
3 2116 2120 2229 
3 2116 2117 2120 
3 2015 2120 2117 
3 2463 2593 2592 
3 2463 2464 2593 
3 2337 2464 2463 
3 2337 2341 2464 
3 2337 2340 2341 
3 2229 2341 2340 
3 2710 2829 2709 
3 2710 2711 2829 
3 2592 2711 2710 
3 2592 2594 2711 
3 2592 2593 2594 
3 2464 2594 2593 
3 2828 2959 2960 
3 2958 2828 2960 
3 2829 2828 2709 
3 2829 2830 2828 
3 2830 2959 2828 
3 2711 2830 2829 
3 3075 3077 3183 
3 3182 3075 3183 
3 2960 3075 2958 
3 3077 3075 2960 
3 3296 3411 3410 
3 3296 3297 3411 
3 3296 3182 3297 
3 3182 3183 3297 
3 3526 3639 3638 
3 3526 3527 3639 
3 3410 3527 3526 
3 3410 3412 3527 
3 3410 3411 3412 
3 3297 3412 3411 
3 3845 3942 3848 
3 3845 3749 3849 
3 3942 3845 3849 
3 3749 3750 3849 
3 3638 3750 3749 
3 3638 3640 3750 
3 3638 3639 3640 
3 3527 3640 3639 
3 4069 4123 4074 
3 4069 4013 4077 
3 4123 4069 4077 
3 4078 4077 4013 
3 4078 4013 4014 
3 4014 4013 3944 
3 3945 4015 3944 
3 3944 4015 4014 
3 3942 3945 3848 
3 3942 3946 3945 
3 3946 4015 3945 
3 3849 3946 3942 
3 3850 3946 3849 
3 3750 3850 3849 
3 4178 4222 4220 
3 4223 4222 4178 
3 4223 4178 4218 
3 4218 4178 4175 
3 4127 4179 4175 
3 4175 4179 4218 
3 4123 4127 4074 
3 4123 4130 4127 
3 4130 4179 4127 
3 4077 4130 4123 
3 4131 4130 4077 
3 4078 4131 4077 
3 4303 4340 4304 
3 4341 4340 4303 
3 4341 4303 4305 
3 4305 4303 4263 
3 4261 4302 4263 
3 4263 4302 4305 
3 4222 4261 4220 
3 4222 4264 4261 
3 4264 4302 4261 
3 4223 4264 4222 
3 4342 4378 4379 
3 4346 4342 4379 
3 4340 4342 4304 
3 4340 4377 4342 
3 4377 4378 4342 
3 4341 4377 4340 
3 4384 4416 4421 
3 4385 4384 4421 
3 4379 4384 4346 
3 4416 4384 4379 
3 4385 4421 4423 
3 4421 4450 4423 
3 4454 4453 4423 
3 4454 4423 4450 
3 4486 4454 4450 
3 2372 2373 2261 
3 2259 2372 2261 
3 2261 2149 2259 
3 2260 2263 2152 
3 2260 2262 2263 
3 2260 2149 2262 
3 2149 2261 2262 
3 2263 2375 2264 
3 2263 2264 2152 
3 2152 2264 2153 
3 2262 2375 2263 
3 2153 2264 2154 
3 2264 2265 2154 
3 2154 2265 2155 
3 2047 2154 2155 
3 2155 2054 2047 
3 2165 2054 2155 
3 2054 2165 2055 
3 1950 2054 2055 
3 1951 1950 2056 
3 1950 2055 2056 
3 2056 1952 1951 
3 2057 1952 2056 
3 1952 2057 2053 
3 1948 1952 2053 
3 1946 1948 2051 
3 1948 2053 2051 
3 2051 1947 1946 
3 2052 1947 2051 
3 1947 2052 2050 
3 1945 1947 2050 
3 2050 2049 1945 
3 2158 2049 2050 
3 2049 2158 2159 
3 2156 2049 2159 
3 2159 2267 2156 
3 2269 2267 2159 
3 2379 2478 2351 
3 2379 2351 2269 
3 2269 2351 2267 
3 2379 2480 2478 
3 2351 2478 2352 
3 2356 2479 2483 
3 2352 2479 2356 
3 2352 2480 2479 
3 2352 2478 2480 
3 2479 2485 2483 
3 2356 2483 2355 
3 2482 2484 2610 
3 2355 2484 2482 
3 2355 2485 2484 
3 2355 2483 2485 
3 2484 2611 2610 
3 2610 2725 2609 
3 2482 2610 2609 
3 2726 2610 2611 
3 2725 2610 2726 
3 2725 2728 2613 
3 2609 2725 2613 
3 2845 2725 2726 
3 2728 2725 2845 
3 2728 2729 2614 
3 2613 2728 2614 
3 2849 2728 2845 
3 2729 2728 2849 
3 2729 2730 2615 
3 2614 2729 2615 
3 2850 2729 2849 
3 2730 2729 2850 
3 2730 2731 2616 
3 2615 2730 2616 
3 2851 2730 2850 
3 2731 2730 2851 
3 2731 2732 2617 
3 2616 2731 2617 
3 2852 2731 2851 
3 2732 2731 2852 
3 2618 2619 2493 
3 2618 2733 2619 
3 2617 2733 2618 
3 2617 2734 2733 
3 2617 2732 2734 
3 2852 2734 2732 
3 2619 2620 2494 
3 2493 2619 2494 
3 2735 2619 2733 
3 2620 2619 2735 
3 2620 2621 2495 
3 2494 2620 2495 
3 2736 2620 2735 
3 2621 2620 2736 
3 2621 2622 2496 
3 2495 2621 2496 
3 2737 2621 2736 
3 2622 2621 2737 
3 2622 2623 2497 
3 2496 2622 2497 
3 2738 2622 2737 
3 2623 2622 2738 
3 2623 2739 2624 
3 2623 2624 2497 
3 2497 2624 2498 
3 2738 2739 2623 
3 2499 2410 2371 
3 2499 2536 2410 
3 2499 2498 2536 
3 2498 2624 2536 
3 2410 2411 2293 
3 2410 2293 2371 
3 2371 2293 2255 
3 2536 2411 2410 
3 2178 2292 2291 
3 2176 2178 2291 
3 2293 2178 2255 
3 2292 2178 2293 
3 2172 2173 2061 
3 2172 2286 2173 
3 2172 2176 2286 
3 2176 2291 2286 
3 2173 2287 2174 
3 2173 2174 2061 
3 2061 2174 2062 
3 2286 2287 2173 
3 2169 2170 2060 
3 2169 2175 2170 
3 2169 2062 2175 
3 2062 2174 2175 
3 2170 2283 2171 
3 2170 2171 2060 
3 2060 2171 2066 
3 2175 2283 2170 
3 2067 2068 1962 
3 2067 2179 2068 
3 2067 2066 2179 
3 2066 2171 2179 
3 2068 2180 2069 
3 2068 2069 1962 
3 1962 2069 1972 
3 2179 2180 2068 
3 1969 1970 1868 
3 1969 2073 1970 
3 1969 1972 2073 
3 1972 2069 2073 
3 1867 1965 1866 
3 1867 1968 1965 
3 1868 1968 1867 
3 1868 1971 1968 
3 1868 1970 1971 
3 2073 1971 1970 
3 1915 2017 1914 
3 1915 1966 2017 
3 1866 1966 1915 
3 1866 1967 1966 
3 1866 1965 1967 
3 1968 1967 1965 
3 2016 2118 2014 
3 2016 2018 2118 
3 1914 2018 2016 
3 1914 2019 2018 
3 1914 2017 2019 
3 1966 2019 2017 
3 2118 2122 2119 
3 2118 2119 2014 
3 2014 2119 2015 
3 2018 2122 2118 
3 2120 2232 2229 
3 2120 2121 2232 
3 2120 2015 2121 
3 2015 2119 2121 
3 2341 2466 2464 
3 2341 2342 2466 
3 2229 2342 2341 
3 2229 2233 2342 
3 2229 2232 2233 
3 2121 2233 2232 
3 2594 2712 2711 
3 2594 2595 2712 
3 2464 2595 2594 
3 2464 2467 2595 
3 2464 2466 2467 
3 2342 2467 2466 
3 2959 3076 2960 
3 2961 3076 2959 
3 2961 2959 2831 
3 2831 2959 2830 
3 2712 2830 2711 
3 2712 2713 2830 
3 2713 2831 2830 
3 2595 2713 2712 
3 3077 3184 3183 
3 3077 3078 3184 
3 2960 3078 3077 
3 2960 3079 3078 
3 2960 3076 3079 
3 2961 3079 3076 
3 3184 3185 3298 
3 3184 3298 3183 
3 3183 3298 3297 
3 3078 3185 3184 
3 3412 3528 3527 
3 3412 3413 3528 
3 3412 3297 3413 
3 3297 3298 3413 
3 3640 3641 3751 
3 3750 3640 3751 
3 3528 3640 3527 
3 3528 3529 3640 
3 3529 3641 3640 
3 3413 3529 3528 
3 4014 4079 4078 
3 4014 4015 4080 
3 4079 4014 4080 
3 4016 4080 4015 
3 4016 4015 3947 
3 3947 4015 3946 
3 3850 3851 3946 
3 3946 3851 3947 
3 3751 3850 3750 
3 3851 3850 3751 
3 4218 4259 4223 
3 4260 4259 4218 
3 4260 4218 4224 
3 4224 4218 4179 
3 4130 4182 4179 
3 4179 4182 4224 
3 4131 4183 4130 
3 4130 4183 4182 
3 4079 4131 4078 
3 4079 4132 4131 
3 4132 4183 4131 
3 4080 4132 4079 
3 4081 4132 4080 
3 4016 4081 4080 
3 4305 4343 4344 
3 4341 4305 4344 
3 4302 4339 4305 
3 4305 4339 4343 
3 4264 4306 4302 
3 4302 4306 4339 
3 4259 4264 4223 
3 4259 4301 4264 
3 4301 4306 4264 
3 4260 4301 4259 
3 4378 4414 4415 
3 4379 4378 4415 
3 4377 4382 4378 
3 4378 4382 4414 
3 4344 4377 4341 
3 4382 4377 4344 
3 4416 4445 4421 
3 4416 4417 4445 
3 4416 4379 4417 
3 4379 4415 4417 
3 4445 4446 4451 
3 4445 4451 4421 
3 4421 4451 4450 
3 4417 4446 4445 
3 4487 4486 4450 
3 4487 4450 4451 
3 4488 4487 4451 
3 2500 2501 2374 
3 2373 2500 2374 
3 2374 2261 2373 
3 2261 2374 2262 
3 2374 2376 2262 
3 2375 2503 2377 
3 2264 2375 2377 
3 2376 2375 2262 
3 2503 2375 2376 
3 2378 2266 2265 
3 2378 2265 2377 
3 2377 2265 2264 
3 2378 2278 2266 
3 2265 2266 2155 
3 2266 2165 2155 
3 2266 2278 2165 
3 2278 2279 2165 
3 2165 2279 2166 
3 2055 2165 2166 
3 2056 2055 2167 
3 2055 2166 2167 
3 2167 2057 2056 
3 2168 2057 2167 
3 2057 2168 2164 
3 2053 2057 2164 
3 2051 2053 2162 
3 2053 2164 2162 
3 2162 2052 2051 
3 2163 2052 2162 
3 2052 2163 2160 
3 2050 2052 2160 
3 2158 2161 2268 
3 2158 2050 2161 
3 2050 2160 2161 
3 2161 2271 2268 
3 2158 2268 2159 
3 2269 2270 2380 
3 2159 2270 2269 
3 2159 2271 2270 
3 2159 2268 2271 
3 2270 2381 2380 
3 2269 2380 2379 
3 2480 2506 2606 
3 2379 2506 2480 
3 2379 2381 2506 
3 2379 2380 2381 
3 2506 2608 2606 
3 2480 2606 2479 
3 2485 2607 2612 
3 2479 2607 2485 
3 2479 2608 2607 
3 2479 2606 2608 
3 2607 2721 2612 
3 2485 2612 2484 
3 2612 2611 2484 
3 2612 2721 2611 
3 2721 2727 2611 
3 2846 2847 2726 
3 2846 2726 2727 
3 2727 2726 2611 
3 2846 2977 2847 
3 2847 2976 2845 
3 2726 2847 2845 
3 2978 2847 2977 
3 2976 2847 2978 
3 2976 2980 2849 
3 2845 2976 2849 
3 3093 2976 2978 
3 2980 2976 3093 
3 2980 2981 2850 
3 2849 2980 2850 
3 3096 2980 3093 
3 2981 2980 3096 
3 2981 2982 2851 
3 2850 2981 2851 
3 3097 2981 3096 
3 2982 2981 3097 
3 2982 3098 2983 
3 2982 2983 2851 
3 2851 2983 2852 
3 3097 3098 2982 
3 2734 2853 2733 
3 2734 2854 2853 
3 2734 2852 2854 
3 2852 2983 2854 
3 2853 2855 2735 
3 2733 2853 2735 
3 2984 2853 2854 
3 2855 2853 2984 
3 2855 2856 2736 
3 2735 2855 2736 
3 2988 2855 2984 
3 2856 2855 2988 
3 2856 2989 2857 
3 2856 2857 2736 
3 2736 2857 2737 
3 2988 2989 2856 
3 2737 2857 2738 
3 2857 2858 2738 
3 2739 2740 2624 
3 2739 2859 2740 
3 2739 2738 2859 
3 2738 2858 2859 
3 2740 2773 2654 
3 2740 2654 2624 
3 2624 2654 2536 
3 2859 2773 2740 
3 2411 2412 2293 
3 2411 2537 2412 
3 2411 2536 2537 
3 2536 2654 2537 
3 2292 2408 2291 
3 2292 2409 2408 
3 2293 2409 2292 
3 2293 2413 2409 
3 2293 2412 2413 
3 2537 2413 2412 
3 2408 2526 2402 
3 2408 2402 2291 
3 2291 2402 2286 
3 2409 2526 2408 
3 2287 2288 2174 
3 2287 2403 2288 
3 2287 2286 2403 
3 2286 2402 2403 
3 2288 2404 2289 
3 2288 2289 2174 
3 2174 2289 2175 
3 2403 2404 2288 
3 2283 2284 2171 
3 2283 2290 2284 
3 2283 2175 2290 
3 2175 2289 2290 
3 2284 2399 2285 
3 2284 2285 2171 
3 2171 2285 2179 
3 2290 2399 2284 
3 2180 2181 2069 
3 2180 2294 2181 
3 2180 2179 2294 
3 2179 2285 2294 
3 2181 2189 2075 
3 2181 2075 2069 
3 2069 2075 2073 
3 2294 2189 2181 
3 1971 2074 2072 
3 1968 1971 2072 
3 2075 1971 2073 
3 2074 1971 2075 
3 1967 2071 2070 
3 1966 1967 2070 
3 2072 1967 1968 
3 2071 1967 2072 
3 2019 2125 2123 
3 2018 2019 2123 
3 2070 2019 1966 
3 2125 2019 2070 
3 2122 2230 2119 
3 2122 2124 2230 
3 2122 2018 2124 
3 2018 2123 2124 
3 2230 2236 2231 
3 2230 2231 2119 
3 2119 2231 2121 
3 2124 2236 2230 
3 2233 2343 2346 
3 2342 2233 2346 
3 2231 2233 2121 
3 2343 2233 2231 
3 2467 2472 2597 
3 2595 2467 2597 
3 2346 2467 2342 
3 2472 2467 2346 
3 2831 2832 2962 
3 2961 2831 2962 
3 2713 2714 2831 
3 2831 2714 2832 
3 2597 2713 2595 
3 2714 2713 2597 
3 3079 3080 3186 
3 3078 3079 3186 
3 2962 3079 2961 
3 3080 3079 2962 
3 3185 3299 3300 
3 3298 3185 3300 
3 3186 3185 3078 
3 3299 3185 3186 
3 3298 3300 3413 
3 3300 3415 3413 
3 3641 3752 3751 
3 3642 3752 3641 
3 3642 3641 3530 
3 3530 3641 3529 
3 3415 3529 3413 
3 3530 3529 3415 
3 3947 4017 4016 
3 3947 3851 3948 
3 4017 3947 3948 
3 3851 3852 3948 
3 3751 3852 3851 
3 3751 3753 3852 
3 3751 3752 3753 
3 3642 3753 3752 
3 4224 4265 4260 
3 4224 4182 4227 
3 4265 4224 4227 
3 4228 4227 4182 
3 4228 4182 4184 
3 4184 4182 4183 
3 4132 4133 4183 
3 4183 4133 4184 
3 4081 4082 4132 
3 4132 4082 4133 
3 4017 4081 4016 
3 4017 4018 4081 
3 4018 4082 4081 
3 3948 4018 4017 
3 3949 4018 3948 
3 3852 3949 3948 
3 4343 4380 4344 
3 4381 4380 4343 
3 4381 4343 4376 
3 4376 4343 4339 
3 4306 4345 4339 
3 4339 4345 4376 
3 4301 4309 4306 
3 4306 4309 4345 
3 4265 4301 4260 
3 4265 4268 4301 
3 4268 4309 4301 
3 4227 4268 4265 
3 4269 4268 4227 
3 4228 4269 4227 
3 4414 4442 4415 
3 4443 4442 4414 
3 4443 4414 4419 
3 4419 4414 4382 
3 4380 4382 4344 
3 4380 4418 4382 
3 4418 4419 4382 
3 4381 4418 4380 
3 4442 4475 4444 
3 4442 4444 4415 
3 4415 4444 4417 
3 4443 4475 4442 
3 4446 4476 4479 
3 4451 4446 4479 
3 4444 4446 4417 
3 4476 4446 4444 
3 4489 4488 4451 
3 4489 4451 4479 
3 4511 4489 4479 
3 2625 2626 2502 
3 2501 2625 2502 
3 2502 2374 2501 
3 2374 2502 2376 
3 2502 2504 2376 
3 2503 2628 2505 
3 2377 2503 2505 
3 2504 2503 2376 
3 2628 2503 2504 
3 2377 2505 2392 
3 2378 2377 2392 
3 2392 2278 2378 
3 2393 2278 2392 
3 2394 2280 2279 
3 2394 2279 2393 
3 2393 2279 2278 
3 2394 2395 2280 
3 2279 2280 2166 
3 2280 2395 2281 
3 2280 2281 2166 
3 2166 2281 2167 
3 2281 2168 2167 
3 2282 2168 2281 
3 2168 2282 2277 
3 2164 2168 2277 
3 2162 2164 2275 
3 2164 2277 2275 
3 2163 2276 2272 
3 2163 2162 2276 
3 2162 2275 2276 
3 2276 2385 2272 
3 2163 2272 2160 
3 2272 2385 2273 
3 2272 2273 2160 
3 2160 2273 2161 
3 2271 2274 2382 
3 2271 2161 2274 
3 2161 2273 2274 
3 2274 2384 2382 
3 2271 2382 2270 
3 2381 2383 2507 
3 2270 2383 2381 
3 2270 2384 2383 
3 2270 2382 2384 
3 2383 2508 2507 
3 2381 2507 2506 
3 2608 2630 2722 
3 2506 2630 2608 
3 2506 2508 2630 
3 2506 2507 2508 
3 2630 2724 2722 
3 2608 2722 2607 
3 2721 2723 2843 
3 2607 2723 2721 
3 2607 2724 2723 
3 2607 2722 2724 
3 2723 2844 2843 
3 2843 2848 2727 
3 2721 2843 2727 
3 2974 2843 2844 
3 2974 2975 2843 
3 2975 2848 2843 
3 2974 2997 2975 
3 2727 2848 2846 
3 2977 2846 2848 
3 2977 2848 2979 
3 2979 2848 2975 
3 3092 2975 2997 
3 2979 2975 3092 
3 2979 3094 2978 
3 2977 2979 2978 
3 3095 2979 3092 
3 3094 2979 3095 
3 3094 3203 3093 
3 2978 3094 3093 
3 3204 3094 3095 
3 3203 3094 3204 
3 3203 3206 3096 
3 3093 3203 3096 
3 3319 3203 3204 
3 3206 3203 3319 
3 3206 3322 3207 
3 3206 3207 3096 
3 3096 3207 3097 
3 3319 3322 3206 
3 3098 2985 2983 
3 3098 3099 2985 
3 3098 3097 3099 
3 3097 3207 3099 
3 2985 2986 2854 
3 2983 2985 2854 
3 3100 2985 3099 
3 2986 2985 3100 
3 2986 3101 2987 
3 2986 2987 2854 
3 2854 2987 2984 
3 3100 3101 2986 
3 2984 2987 2988 
3 2987 3102 2988 
3 2989 2990 2857 
3 2989 3104 2990 
3 2989 2988 3104 
3 2988 3102 3104 
3 2990 2991 2858 
3 2857 2990 2858 
3 3105 2990 3104 
3 2991 2990 3105 
3 2991 3017 2899 
3 2991 2899 2858 
3 2858 2899 2859 
3 3105 3017 2991 
3 2773 2656 2654 
3 2773 2777 2656 
3 2773 2859 2777 
3 2859 2899 2777 
3 2656 2657 2539 
3 2656 2539 2654 
3 2654 2539 2537 
3 2777 2657 2656 
3 2413 2538 2534 
3 2409 2413 2534 
3 2539 2413 2537 
3 2538 2413 2539 
3 2526 2527 2402 
3 2526 2535 2527 
3 2526 2409 2535 
3 2409 2534 2535 
3 2527 2644 2528 
3 2527 2528 2402 
3 2402 2528 2403 
3 2535 2644 2527 
3 2404 2405 2289 
3 2404 2529 2405 
3 2404 2403 2529 
3 2403 2528 2529 
3 2405 2530 2406 
3 2405 2406 2289 
3 2289 2406 2290 
3 2529 2530 2405 
3 2399 2400 2285 
3 2399 2407 2400 
3 2399 2290 2407 
3 2290 2406 2407 
3 2400 2525 2401 
3 2400 2401 2285 
3 2285 2401 2294 
3 2407 2525 2400 
3 2189 2190 2075 
3 2189 2303 2190 
3 2189 2294 2303 
3 2294 2401 2303 
3 2074 2186 2072 
3 2074 2188 2186 
3 2075 2188 2074 
3 2075 2191 2188 
3 2075 2190 2191 
3 2303 2191 2190 
3 2071 2182 2070 
3 2071 2185 2182 
3 2072 2185 2071 
3 2072 2187 2185 
3 2072 2186 2187 
3 2188 2187 2186 
3 2125 2234 2123 
3 2125 2183 2234 
3 2070 2183 2125 
3 2070 2184 2183 
3 2070 2182 2184 
3 2185 2184 2182 
3 2234 2295 2235 
3 2234 2235 2123 
3 2123 2235 2124 
3 2183 2295 2234 
3 2236 2347 2344 
3 2231 2236 2344 
3 2235 2236 2124 
3 2347 2236 2235 
3 2343 2468 2346 
3 2343 2345 2468 
3 2343 2231 2345 
3 2231 2344 2345 
3 2472 2603 2597 
3 2472 2473 2603 
3 2346 2473 2472 
3 2346 2471 2473 
3 2346 2468 2471 
3 2345 2471 2468 
3 2832 2963 2962 
3 2841 2963 2832 
3 2841 2832 2720 
3 2720 2832 2714 
3 2603 2714 2597 
3 2603 2604 2714 
3 2604 2720 2714 
3 2473 2604 2603 
3 3080 3187 3186 
3 3080 3081 3187 
3 2962 3081 3080 
3 2962 2973 3081 
3 2962 2963 2973 
3 2841 2973 2963 
3 3299 3414 3300 
3 3299 3301 3414 
3 3186 3301 3299 
3 3186 3188 3301 
3 3186 3187 3188 
3 3081 3188 3187 
3 3414 3417 3416 
3 3414 3416 3300 
3 3300 3416 3415 
3 3301 3417 3414 
3 3530 3643 3642 
3 3530 3531 3643 
3 3530 3415 3531 
3 3415 3416 3531 
3 3753 3853 3852 
3 3753 3754 3853 
3 3642 3754 3753 
3 3642 3644 3754 
3 3642 3643 3644 
3 3531 3644 3643 
3 4184 4229 4228 
3 4184 4133 4185 
3 4229 4184 4185 
3 4134 4185 4133 
3 4134 4133 4083 
3 4083 4133 4082 
3 4018 4019 4082 
3 4082 4019 4083 
3 3949 3950 4018 
3 4018 3950 4019 
3 3853 3949 3852 
3 3853 3854 3949 
3 3854 3950 3949 
3 3754 3854 3853 
3 4376 4412 4381 
3 4413 4412 4376 
3 4413 4376 4383 
3 4383 4376 4345 
3 4309 4348 4345 
3 4345 4348 4383 
3 4268 4310 4309 
3 4309 4310 4348 
3 4269 4270 4268 
3 4268 4270 4310 
3 4229 4269 4228 
3 4229 4230 4269 
3 4230 4270 4269 
3 4185 4230 4229 
3 4186 4230 4185 
3 4134 4186 4185 
3 4419 4448 4449 
3 4443 4419 4449 
3 4418 4447 4419 
3 4419 4447 4448 
3 4412 4418 4381 
3 4412 4441 4418 
3 4441 4447 4418 
3 4413 4441 4412 
3 4475 4483 4477 
3 4444 4475 4477 
3 4449 4475 4443 
3 4483 4475 4449 
3 4476 4507 4479 
3 4476 4478 4507 
3 4476 4444 4478 
3 4444 4477 4478 
3 4507 4510 4512 
3 4507 4512 4479 
3 4513 4511 4479 
3 4513 4479 4512 
3 4478 4510 4507 
3 4539 4513 4512 
3 4540 4539 4512 
3 2741 2742 2627 
3 2626 2741 2627 
3 2627 2502 2626 
3 2502 2627 2504 
3 2627 2629 2504 
3 2628 2517 2505 
3 2628 2519 2517 
3 2628 2504 2519 
3 2504 2629 2519 
3 2505 2517 2392 
3 2393 2518 2520 
3 2392 2518 2393 
3 2392 2519 2518 
3 2392 2517 2519 
3 2518 2522 2520 
3 2393 2520 2394 
3 2395 2521 2396 
3 2394 2521 2395 
3 2394 2522 2521 
3 2394 2520 2522 
3 2521 2398 2396 
3 2395 2396 2281 
3 2282 2397 2388 
3 2281 2397 2282 
3 2281 2398 2397 
3 2281 2396 2398 
3 2388 2513 2389 
3 2397 2513 2388 
3 2513 2514 2389 
3 2282 2388 2277 
3 2275 2277 2388 
3 2389 2275 2388 
3 2389 2514 2390 
3 2389 2390 2275 
3 2275 2390 2276 
3 2385 2391 2386 
3 2385 2276 2391 
3 2276 2390 2391 
3 2386 2510 2387 
3 2391 2510 2386 
3 2387 2511 2512 
3 2510 2511 2387 
3 2512 2634 2636 
3 2511 2634 2512 
3 2634 2748 2636 
3 2385 2386 2273 
3 2274 2273 2386 
3 2387 2274 2386 
3 2384 2274 2387 
3 2384 2387 2509 
3 2509 2387 2512 
3 2636 2632 2512 
3 2632 2509 2512 
3 2752 2636 2748 
3 2752 2746 2636 
3 2746 2632 2636 
3 2752 2866 2746 
3 2384 2509 2383 
3 2508 2383 2509 
3 2508 2509 2631 
3 2631 2509 2632 
3 2746 2744 2632 
3 2744 2631 2632 
3 2862 2746 2866 
3 2744 2746 2862 
3 2508 2631 2630 
3 2724 2630 2631 
3 2724 2631 2745 
3 2745 2631 2744 
3 2863 2744 2862 
3 2863 2864 2744 
3 2864 2745 2744 
3 2863 2994 2864 
3 2724 2745 2723 
3 2844 2723 2745 
3 2844 2745 2865 
3 2865 2745 2864 
3 2995 2864 2994 
3 2995 2996 2864 
3 2996 2865 2864 
3 2995 3110 2996 
3 2844 2865 2974 
3 2997 2974 2865 
3 2997 2865 2998 
3 2998 2865 2996 
3 3111 2996 3110 
3 2998 2996 3111 
3 2998 3112 3092 
3 2997 2998 3092 
3 3113 2998 3111 
3 3112 2998 3113 
3 3112 3205 3095 
3 3092 3112 3095 
3 3221 3112 3113 
3 3205 3112 3221 
3 3205 3320 3204 
3 3095 3205 3204 
3 3321 3205 3221 
3 3320 3205 3321 
3 3320 3437 3319 
3 3204 3320 3319 
3 3439 3320 3321 
3 3437 3320 3439 
3 3322 3208 3207 
3 3322 3323 3208 
3 3319 3323 3322 
3 3319 3438 3323 
3 3319 3437 3438 
3 3439 3438 3437 
3 3208 3209 3099 
3 3207 3208 3099 
3 3324 3208 3323 
3 3209 3208 3324 
3 3209 3325 3210 
3 3209 3210 3099 
3 3099 3210 3100 
3 3324 3325 3209 
3 3101 3103 2987 
3 3101 3211 3103 
3 3101 3100 3211 
3 3100 3210 3211 
3 3103 3212 3102 
3 2987 3103 3102 
3 3213 3103 3211 
3 3212 3103 3213 
3 3212 3214 3104 
3 3102 3212 3104 
3 3328 3212 3213 
3 3214 3212 3328 
3 3214 3215 3105 
3 3104 3214 3105 
3 3235 3214 3328 
3 3215 3214 3235 
3 3017 2900 2899 
3 3017 3018 2900 
3 3105 3018 3017 
3 3105 3126 3018 
3 3105 3215 3126 
3 3235 3126 3215 
3 2900 2901 2777 
3 2899 2900 2777 
3 3019 2900 3018 
3 2901 2900 3019 
3 2657 2658 2539 
3 2657 2778 2658 
3 2777 2778 2657 
3 2777 2902 2778 
3 2777 2901 2902 
3 3019 2902 2901 
3 2538 2651 2534 
3 2538 2655 2651 
3 2539 2655 2538 
3 2539 2659 2655 
3 2539 2658 2659 
3 2778 2659 2658 
3 2651 2768 2652 
3 2651 2652 2534 
3 2534 2652 2535 
3 2655 2768 2651 
3 2644 2645 2528 
3 2644 2653 2645 
3 2644 2535 2653 
3 2535 2652 2653 
3 2645 2761 2646 
3 2645 2646 2528 
3 2528 2646 2529 
3 2653 2761 2645 
3 2530 2531 2406 
3 2530 2647 2531 
3 2530 2529 2647 
3 2529 2646 2647 
3 2531 2648 2532 
3 2531 2532 2406 
3 2406 2532 2407 
3 2647 2648 2531 
3 2525 2424 2401 
3 2525 2533 2424 
3 2525 2407 2533 
3 2407 2532 2533 
3 2424 2425 2305 
3 2424 2305 2401 
3 2401 2305 2303 
3 2533 2425 2424 
3 2191 2304 2302 
3 2188 2191 2302 
3 2305 2191 2303 
3 2304 2191 2305 
3 2187 2301 2300 
3 2185 2187 2300 
3 2302 2187 2188 
3 2301 2187 2302 
3 2184 2296 2183 
3 2184 2299 2296 
3 2184 2185 2299 
3 2185 2300 2299 
3 2295 2348 2235 
3 2295 2297 2348 
3 2183 2297 2295 
3 2183 2298 2297 
3 2183 2296 2298 
3 2299 2298 2296 
3 2347 2469 2344 
3 2347 2349 2469 
3 2235 2349 2347 
3 2235 2350 2349 
3 2235 2348 2350 
3 2297 2350 2348 
3 2469 2474 2470 
3 2469 2470 2344 
3 2344 2470 2345 
3 2349 2474 2469 
3 2471 2598 2602 
3 2473 2471 2602 
3 2470 2471 2345 
3 2598 2471 2470 
3 2720 2842 2841 
3 2839 2842 2720 
3 2839 2720 2719 
3 2719 2720 2604 
3 2602 2604 2473 
3 2719 2604 2602 
3 2973 3087 3091 
3 3081 2973 3091 
3 2842 2973 2841 
3 2842 2971 2973 
3 2971 3087 2973 
3 2839 2971 2842 
3 3188 3201 3302 
3 3301 3188 3302 
3 3091 3188 3081 
3 3201 3188 3091 
3 3417 3532 3416 
3 3417 3418 3532 
3 3417 3301 3418 
3 3301 3302 3418 
3 3532 3534 3533 
3 3532 3533 3416 
3 3416 3533 3531 
3 3418 3534 3532 
3 3644 3645 3755 
3 3754 3644 3755 
3 3533 3644 3531 
3 3645 3644 3533 
3 4083 4135 4134 
3 4083 4019 4084 
3 4135 4083 4084 
3 4020 4084 4019 
3 4020 4019 3951 
3 3951 4019 3950 
3 3854 3855 3950 
3 3950 3855 3951 
3 3755 3854 3754 
3 3855 3854 3755 
3 4383 4420 4413 
3 4383 4348 4386 
3 4420 4383 4386 
3 4349 4386 4348 
3 4349 4348 4311 
3 4311 4348 4310 
3 4270 4271 4310 
3 4310 4271 4311 
3 4230 4231 4270 
3 4270 4231 4271 
3 4186 4187 4230 
3 4230 4187 4231 
3 4135 4186 4134 
3 4135 4136 4186 
3 4136 4187 4186 
3 4084 4136 4135 
3 4085 4136 4084 
3 4020 4085 4084 
3 4448 4481 4449 
3 4482 4481 4448 
3 4482 4448 4480 
3 4480 4448 4447 
3 4441 4455 4447 
3 4447 4455 4480 
3 4420 4441 4413 
3 4420 4424 4441 
3 4424 4455 4441 
3 4386 4424 4420 
3 4387 4424 4386 
3 4349 4387 4386 
3 4483 4508 4477 
3 4483 4484 4508 
3 4449 4484 4483 
3 4449 4485 4484 
3 4449 4481 4485 
3 4482 4485 4481 
3 4508 4515 4509 
3 4508 4509 4477 
3 4477 4509 4478 
3 4484 4515 4508 
3 4510 4535 4538 
3 4512 4510 4538 
3 4509 4510 4478 
3 4535 4510 4509 
3 4541 4540 4512 
3 4541 4512 4538 
3 4568 4541 4538 
3 2860 2743 2742 
3 2742 2743 2627 
3 2860 2861 2743 
3 2743 2641 2629 
3 2627 2743 2629 
3 2861 2881 2757 
3 2861 2757 2743 
3 2641 2743 2757 
3 2641 2640 2519 
3 2629 2641 2519 
3 2758 2641 2757 
3 2758 2643 2641 
3 2643 2640 2641 
3 2643 2760 2759 
3 2758 2760 2643 
3 2760 2884 2759 
3 2519 2640 2518 
3 2522 2518 2640 
3 2522 2640 2524 
3 2524 2640 2643 
3 2759 2642 2643 
3 2642 2524 2643 
3 2874 2759 2884 
3 2874 2753 2759 
3 2753 2642 2759 
3 2874 2875 2753 
3 2522 2524 2521 
3 2398 2521 2524 
3 2398 2524 2523 
3 2523 2524 2642 
3 2753 2637 2642 
3 2637 2523 2642 
3 2754 2753 2875 
3 2754 2638 2753 
3 2638 2637 2753 
3 2638 2755 2639 
3 2754 2755 2638 
3 2639 2756 2747 
3 2755 2756 2639 
3 2867 2747 2868 
3 2868 2747 2756 
3 2867 2869 2747 
3 2869 2751 2747 
3 2398 2523 2397 
3 2513 2397 2523 
3 2637 2513 2523 
3 2514 2513 2637 
3 2514 2637 2515 
3 2515 2637 2638 
3 2639 2516 2638 
3 2516 2515 2638 
3 2747 2633 2639 
3 2633 2516 2639 
3 2750 2635 2751 
3 2751 2635 2747 
3 2635 2633 2747 
3 2871 2872 2749 
3 2750 2871 2749 
3 2750 2749 2635 
3 2872 2873 2749 
3 2514 2515 2390 
3 2391 2390 2515 
3 2516 2391 2515 
3 2510 2391 2516 
3 2633 2510 2516 
3 2511 2510 2633 
3 2635 2511 2633 
3 2634 2511 2635 
3 2749 2634 2635 
3 2748 2634 2749 
3 2748 2749 2870 
3 2873 2999 2870 
3 2873 2870 2749 
3 2999 3000 2870 
3 2748 2870 2752 
3 2866 2752 2870 
3 2866 2870 2992 
3 3000 3106 2992 
3 3000 2992 2870 
3 3106 3107 2992 
3 2992 2993 2862 
3 2866 2992 2862 
3 3216 3108 3107 
3 3107 3108 2992 
3 3108 2993 2992 
3 3216 3217 3108 
3 2862 2993 2863 
3 2994 2863 2993 
3 2994 2993 3109 
3 3109 2993 3108 
3 3330 3218 3217 
3 3217 3218 3108 
3 3218 3109 3108 
3 3330 3331 3218 
3 2994 3109 2995 
3 3110 2995 3109 
3 3110 3109 3219 
3 3219 3109 3218 
3 3331 3332 3218 
3 3333 3219 3332 
3 3332 3219 3218 
3 3219 3220 3111 
3 3110 3219 3111 
3 3449 3334 3333 
3 3333 3334 3219 
3 3334 3220 3219 
3 3449 3450 3334 
3 3220 3222 3113 
3 3111 3220 3113 
3 3334 3335 3220 
3 3335 3222 3220 
3 3450 3451 3334 
3 3452 3335 3451 
3 3451 3335 3334 
3 3222 3336 3221 
3 3113 3222 3221 
3 3335 3337 3222 
3 3337 3336 3222 
3 3560 3453 3452 
3 3452 3453 3335 
3 3453 3337 3335 
3 3560 3561 3453 
3 3336 3440 3321 
3 3221 3336 3321 
3 3337 3454 3336 
3 3454 3440 3336 
3 3562 3674 3563 
3 3562 3563 3453 
3 3563 3454 3453 
3 3454 3337 3453 
3 3561 3562 3453 
3 3440 3552 3439 
3 3321 3440 3439 
3 3564 3454 3565 
3 3564 3552 3454 
3 3552 3440 3454 
3 3563 3565 3454 
3 3438 3441 3323 
3 3438 3551 3441 
3 3439 3551 3438 
3 3439 3553 3551 
3 3439 3552 3553 
3 3564 3553 3552 
3 3441 3442 3324 
3 3323 3441 3324 
3 3554 3441 3551 
3 3442 3441 3554 
3 3325 3326 3210 
3 3325 3443 3326 
3 3324 3443 3325 
3 3324 3444 3443 
3 3324 3442 3444 
3 3554 3444 3442 
3 3326 3327 3211 
3 3210 3326 3211 
3 3445 3326 3443 
3 3327 3326 3445 
3 3327 3329 3213 
3 3211 3327 3213 
3 3446 3327 3445 
3 3329 3327 3446 
3 3329 3447 3328 
3 3213 3329 3328 
3 3448 3329 3446 
3 3447 3329 3448 
3 3447 3463 3345 
3 3447 3345 3328 
3 3328 3345 3235 
3 3448 3463 3447 
3 3126 3127 3018 
3 3126 3236 3127 
3 3126 3235 3236 
3 3235 3345 3236 
3 3127 3237 3128 
3 3127 3128 3018 
3 3018 3128 3019 
3 3236 3237 3127 
3 2902 2903 2778 
3 2902 3020 2903 
3 2902 3019 3020 
3 3019 3128 3020 
3 2659 2774 2655 
3 2659 2779 2774 
3 2778 2779 2659 
3 2778 2904 2779 
3 2778 2903 2904 
3 3020 2904 2903 
3 2768 2769 2652 
3 2768 2775 2769 
3 2655 2775 2768 
3 2655 2776 2775 
3 2655 2774 2776 
3 2779 2776 2774 
3 2769 2770 2653 
3 2652 2769 2653 
3 2892 2769 2775 
3 2770 2769 2892 
3 2761 2762 2646 
3 2761 2771 2762 
3 2653 2771 2761 
3 2653 2772 2771 
3 2653 2770 2772 
3 2892 2772 2770 
3 2762 2763 2647 
3 2646 2762 2647 
3 2887 2762 2771 
3 2763 2762 2887 
3 2648 2649 2532 
3 2648 2764 2649 
3 2647 2764 2648 
3 2647 2765 2764 
3 2647 2763 2765 
3 2887 2765 2763 
3 2649 2766 2650 
3 2649 2650 2532 
3 2532 2650 2533 
3 2764 2766 2649 
3 2425 2426 2305 
3 2425 2554 2426 
3 2425 2533 2554 
3 2533 2650 2554 
3 2304 2421 2302 
3 2304 2423 2421 
3 2305 2423 2304 
3 2305 2427 2423 
3 2305 2426 2427 
3 2554 2427 2426 
3 2301 2419 2300 
3 2301 2420 2419 
3 2302 2420 2301 
3 2302 2422 2420 
3 2302 2421 2422 
3 2423 2422 2421 
3 2419 2547 2418 
3 2419 2418 2300 
3 2300 2418 2299 
3 2420 2547 2419 
3 2298 2414 2297 
3 2298 2417 2414 
3 2298 2299 2417 
3 2299 2418 2417 
3 2350 2475 2349 
3 2350 2415 2475 
3 2297 2415 2350 
3 2297 2416 2415 
3 2297 2414 2416 
3 2417 2416 2414 
3 2474 2599 2470 
3 2474 2476 2599 
3 2349 2476 2474 
3 2349 2477 2476 
3 2349 2475 2477 
3 2415 2477 2475 
3 2598 2715 2602 
3 2598 2600 2715 
3 2470 2600 2598 
3 2470 2601 2600 
3 2470 2599 2601 
3 2476 2601 2599 
3 2719 2833 2840 
3 2839 2719 2840 
3 2715 2719 2602 
3 2715 2716 2719 
3 2716 2833 2719 
3 2600 2716 2715 
3 3087 3195 3091 
3 3088 3195 3087 
3 3088 3087 2972 
3 2972 3087 2971 
3 2840 2971 2839 
3 2972 2971 2840 
3 3201 3316 3302 
3 3201 3202 3316 
3 3091 3202 3201 
3 3091 3196 3202 
3 3091 3195 3196 
3 3088 3196 3195 
3 3316 3317 3419 
3 3316 3419 3302 
3 3302 3419 3418 
3 3202 3317 3316 
3 3534 3535 3646 
3 3533 3534 3646 
3 3419 3534 3418 
3 3535 3534 3419 
3 3645 3756 3755 
3 3645 3647 3756 
3 3645 3533 3647 
3 3533 3646 3647 
3 3951 4021 4020 
3 3955 4021 3951 
3 3955 3951 3858 
3 3858 3951 3855 
3 3756 3855 3755 
3 3756 3758 3855 
3 3758 3858 3855 
3 3647 3758 3756 
3 4311 4350 4349 
3 4311 4271 4312 
3 4350 4311 4312 
3 4275 4312 4271 
3 4275 4271 4235 
3 4235 4271 4231 
3 4187 4191 4231 
3 4231 4191 4235 
3 4136 4140 4187 
3 4187 4140 4191 
3 4085 4088 4136 
3 4136 4088 4140 
3 4021 4085 4020 
3 4021 4024 4085 
3 4024 4088 4085 
3 3955 4024 4021 
3 4480 4514 4482 
3 4490 4514 4480 
3 4490 4480 4456 
3 4456 4480 4455 
3 4424 4425 4455 
3 4455 4425 4456 
3 4387 4388 4424 
3 4424 4388 4425 
3 4350 4387 4349 
3 4350 4351 4387 
3 4351 4388 4387 
3 4312 4351 4350 
3 4315 4351 4312 
3 4275 4315 4312 
3 4485 4517 4516 
3 4484 4485 4516 
3 4514 4485 4482 
3 4514 4518 4485 
3 4518 4517 4485 
3 4490 4518 4514 
3 4515 4542 4536 
3 4509 4515 4536 
3 4516 4515 4484 
3 4542 4515 4516 
3 4535 4564 4538 
3 4535 4537 4564 
3 4535 4509 4537 
3 4509 4536 4537 
3 4564 4567 4569 
3 4564 4569 4538 
3 4570 4568 4538 
3 4570 4538 4569 
3 4537 4567 4564 
3 4598 4570 4569 
3 4599 4598 4569 
3 3004 2883 2882 
3 2882 2883 2757 
3 2881 2882 2757 
3 3004 2886 2883 
3 2757 2883 2758 
3 2760 2758 2883 
3 2885 2760 2886 
3 2886 2760 2883 
3 2885 3005 2884 
3 2885 2884 2760 
3 3005 3114 3001 
3 3001 2884 3005 
3 3114 3115 3001 
3 3115 3002 3001 
3 2884 3001 2874 
3 2875 2874 3001 
3 2875 3001 2876 
3 3002 3003 2876 
3 3002 2876 3001 
3 3003 2878 2876 
3 2875 2876 2754 
3 2755 2754 2876 
3 2877 2755 2878 
3 2878 2755 2876 
3 2877 2879 2756 
3 2877 2756 2755 
3 2879 2880 2756 
3 2880 2868 2756 
3 3780 3675 3674 
3 3674 3675 3563 
3 3780 3781 3675 
3 3565 3667 3564 
3 3565 3563 3675 
3 3565 3675 3667 
3 3667 3675 3773 
3 3781 3782 3675 
3 3873 3773 3782 
3 3782 3773 3675 
3 3553 3666 3551 
3 3553 3564 3667 
3 3553 3667 3666 
3 3666 3667 3772 
3 3773 3774 3667 
3 3774 3772 3667 
3 3873 3874 3773 
3 3875 3774 3874 
3 3874 3774 3773 
3 3666 3668 3554 
3 3551 3666 3554 
3 3775 3772 3872 
3 3775 3668 3772 
3 3668 3666 3772 
3 3774 3872 3772 
3 3876 3872 3774 
3 3972 3876 3875 
3 3875 3876 3774 
3 3972 3973 3876 
3 3444 3555 3443 
3 3444 3556 3555 
3 3554 3556 3444 
3 3554 3669 3556 
3 3554 3668 3669 
3 3775 3669 3668 
3 3555 3557 3445 
3 3443 3555 3445 
3 3670 3555 3556 
3 3557 3555 3670 
3 3557 3558 3446 
3 3445 3557 3446 
3 3672 3557 3670 
3 3558 3557 3672 
3 3558 3673 3559 
3 3558 3559 3446 
3 3446 3559 3448 
3 3672 3673 3558 
3 3463 3346 3345 
3 3463 3464 3346 
3 3463 3448 3464 
3 3448 3559 3464 
3 3346 3347 3236 
3 3345 3346 3236 
3 3465 3346 3464 
3 3347 3346 3465 
3 3237 3129 3128 
3 3237 3238 3129 
3 3236 3238 3237 
3 3236 3348 3238 
3 3236 3347 3348 
3 3465 3348 3347 
3 3129 3130 3020 
3 3128 3129 3020 
3 3239 3129 3238 
3 3130 3129 3239 
3 2904 2905 2779 
3 2904 3021 2905 
3 3020 3021 2904 
3 3020 3131 3021 
3 3020 3130 3131 
3 3239 3131 3130 
3 2776 2896 2775 
3 2776 2898 2896 
3 2779 2898 2776 
3 2779 2906 2898 
3 2779 2905 2906 
3 3021 2906 2905 
3 2896 3015 2897 
3 2896 2897 2775 
3 2775 2897 2892 
3 2898 3015 2896 
3 2772 2893 2771 
3 2772 2895 2893 
3 2772 2892 2895 
3 2892 2897 2895 
3 2893 3012 2894 
3 2893 2894 2771 
3 2771 2894 2887 
3 2895 3012 2893 
3 2765 2888 2764 
3 2765 2891 2888 
3 2765 2887 2891 
3 2887 2894 2891 
3 2766 2767 2650 
3 2766 2889 2767 
3 2764 2889 2766 
3 2764 2890 2889 
3 2764 2888 2890 
3 2891 2890 2888 
3 2767 2792 2673 
3 2767 2673 2650 
3 2650 2673 2554 
3 2889 2792 2767 
3 2427 2552 2423 
3 2427 2555 2552 
3 2427 2554 2555 
3 2554 2673 2555 
3 2422 2548 2420 
3 2422 2551 2548 
3 2423 2551 2422 
3 2423 2553 2551 
3 2423 2552 2553 
3 2555 2553 2552 
3 2547 2544 2418 
3 2547 2549 2544 
3 2420 2549 2547 
3 2420 2550 2549 
3 2420 2548 2550 
3 2551 2550 2548 
3 2544 2545 2417 
3 2418 2544 2417 
3 2665 2544 2549 
3 2545 2544 2665 
3 2416 2540 2415 
3 2416 2543 2540 
3 2417 2543 2416 
3 2417 2546 2543 
3 2417 2545 2546 
3 2665 2546 2545 
3 2477 2605 2476 
3 2477 2541 2605 
3 2415 2541 2477 
3 2415 2542 2541 
3 2415 2540 2542 
3 2543 2542 2540 
3 2601 2718 2717 
3 2600 2601 2717 
3 2605 2601 2476 
3 2605 2660 2601 
3 2660 2718 2601 
3 2541 2660 2605 
3 2833 2964 2840 
3 2965 2964 2833 
3 2965 2833 2834 
3 2834 2833 2716 
3 2717 2716 2600 
3 2834 2716 2717 
3 2972 3089 3090 
3 3088 2972 3090 
3 2964 2972 2840 
3 2964 3082 2972 
3 3082 3089 2972 
3 2965 3082 2964 
3 3196 3198 3310 
3 3202 3196 3310 
3 3090 3196 3088 
3 3198 3196 3090 
3 3317 3435 3419 
3 3317 3318 3435 
3 3317 3202 3318 
3 3202 3310 3318 
3 3535 3648 3646 
3 3535 3536 3648 
3 3419 3536 3535 
3 3419 3436 3536 
3 3419 3435 3436 
3 3318 3436 3435 
3 3648 3649 3757 
3 3648 3757 3646 
3 3646 3757 3647 
3 3536 3649 3648 
3 3858 3956 3955 
3 3952 3956 3858 
3 3952 3858 3856 
3 3856 3858 3758 
3 3757 3758 3647 
3 3856 3758 3757 
3 4235 4276 4275 
3 4272 4276 4235 
3 4272 4235 4232 
3 4232 4235 4191 
3 4140 4188 4191 
3 4191 4188 4232 
3 4088 4137 4140 
3 4140 4137 4188 
3 4024 4086 4088 
3 4088 4086 4137 
3 3956 4024 3955 
3 3956 4022 4024 
3 4022 4086 4024 
3 3952 4022 3956 
3 4456 4491 4490 
3 4492 4491 4456 
3 4492 4456 4457 
3 4457 4456 4425 
3 4388 4426 4425 
3 4425 4426 4457 
3 4351 4389 4388 
3 4388 4389 4426 
3 4315 4352 4351 
3 4351 4352 4389 
3 4276 4315 4275 
3 4276 4313 4315 
3 4313 4352 4315 
3 4272 4313 4276 
3 4517 4543 4516 
3 4546 4543 4517 
3 4546 4517 4547 
3 4547 4517 4518 
3 4491 4518 4490 
3 4491 4519 4518 
3 4519 4547 4518 
3 4492 4519 4491 
3 4542 4565 4536 
3 4542 4544 4565 
3 4516 4544 4542 
3 4516 4545 4544 
3 4516 4543 4545 
3 4546 4545 4543 
3 4565 4571 4566 
3 4565 4566 4536 
3 4536 4566 4537 
3 4544 4571 4565 
3 4567 4595 4597 
3 4569 4567 4597 
3 4566 4567 4537 
3 4595 4567 4566 
3 4600 4599 4569 
3 4600 4569 4597 
3 4627 4600 4597 
3 4627 4597 4628 
3 4654 4627 4628 
3 4655 4654 4628 
3 3872 3776 3775 
3 3872 3876 3877 
3 3776 3872 3877 
3 3973 3974 3876 
3 3974 3975 3877 
3 3974 3877 3876 
3 3669 3671 3556 
3 3669 3775 3776 
3 3669 3776 3671 
3 3671 3776 3778 
3 3877 3878 3776 
3 3878 3778 3776 
3 4045 3976 3975 
3 3975 3976 3877 
3 3976 3878 3877 
3 4045 4046 3976 
3 3671 3777 3670 
3 3556 3671 3670 
3 3778 3779 3671 
3 3779 3777 3671 
3 3879 3878 3977 
3 3879 3779 3878 
3 3779 3778 3878 
3 3976 3977 3878 
3 4048 3977 4047 
3 4047 3977 3976 
3 4046 4047 3976 
3 3777 3684 3672 
3 3670 3777 3672 
3 3792 3779 3880 
3 3792 3684 3779 
3 3684 3777 3779 
3 3879 3880 3779 
3 3673 3575 3559 
3 3673 3672 3684 
3 3673 3684 3575 
3 3575 3684 3685 
3 3793 3684 3792 
3 3685 3684 3793 
3 3575 3576 3464 
3 3559 3575 3464 
3 3686 3685 3794 
3 3686 3576 3685 
3 3576 3575 3685 
3 3793 3794 3685 
3 3576 3577 3465 
3 3464 3576 3465 
3 3687 3576 3686 
3 3577 3576 3687 
3 3348 3349 3238 
3 3348 3466 3349 
3 3465 3466 3348 
3 3465 3578 3466 
3 3465 3577 3578 
3 3687 3578 3577 
3 3349 3350 3239 
3 3238 3349 3239 
3 3467 3349 3466 
3 3350 3349 3467 
3 3131 3132 3021 
3 3131 3240 3132 
3 3239 3240 3131 
3 3239 3351 3240 
3 3239 3350 3351 
3 3467 3351 3350 
3 2906 3016 2898 
3 2906 3022 3016 
3 3021 3022 2906 
3 3021 3133 3022 
3 3021 3132 3133 
3 3240 3133 3132 
3 3015 3013 2897 
3 3015 2898 3016 
3 3015 3016 3013 
3 3013 3016 3122 
3 3125 3016 3022 
3 3122 3016 3125 
3 3013 3014 2895 
3 2897 3013 2895 
3 3123 3122 3227 
3 3123 3014 3122 
3 3014 3013 3122 
3 3125 3227 3122 
3 3012 3009 2894 
3 3012 2895 3014 
3 3012 3014 3009 
3 3009 3014 3119 
3 3124 3014 3123 
3 3119 3014 3124 
3 3009 3010 2891 
3 2894 3009 2891 
3 3120 3119 3224 
3 3120 3010 3119 
3 3010 3009 3119 
3 3124 3224 3119 
3 2890 3006 2889 
3 2890 3008 3006 
3 2891 3008 2890 
3 2891 3011 3008 
3 2891 3010 3011 
3 3120 3011 3010 
3 2792 2793 2673 
3 2792 2925 2793 
3 2889 2925 2792 
3 2889 3007 2925 
3 2889 3006 3007 
3 3008 3007 3006 
3 2793 2794 2674 
3 2793 2674 2673 
3 2673 2674 2555 
3 2925 2794 2793 
3 2553 2670 2551 
3 2553 2672 2670 
3 2553 2555 2672 
3 2555 2674 2672 
3 2550 2667 2549 
3 2550 2669 2667 
3 2551 2669 2550 
3 2551 2671 2669 
3 2551 2670 2671 
3 2672 2671 2670 
3 2667 2785 2668 
3 2667 2668 2549 
3 2549 2668 2665 
3 2669 2785 2667 
3 2546 2663 2543 
3 2546 2666 2663 
3 2546 2665 2666 
3 2665 2668 2666 
3 2542 2661 2541 
3 2542 2662 2661 
3 2543 2662 2542 
3 2543 2664 2662 
3 2543 2663 2664 
3 2666 2664 2663 
3 2718 2835 2717 
3 2838 2835 2718 
3 2838 2718 2780 
3 2780 2718 2660 
3 2661 2660 2541 
3 2661 2781 2660 
3 2781 2780 2660 
3 2662 2781 2661 
3 2834 2966 2965 
3 2834 2836 2966 
3 2717 2836 2834 
3 2717 2837 2836 
3 2717 2835 2837 
3 2838 2837 2835 
3 3089 3197 3090 
3 3189 3197 3089 
3 3189 3089 3083 
3 3083 3089 3082 
3 2966 3082 2965 
3 2966 2967 3082 
3 2967 3083 3082 
3 2836 2967 2966 
3 3198 3311 3310 
3 3198 3199 3311 
3 3090 3199 3198 
3 3090 3200 3199 
3 3090 3197 3200 
3 3189 3200 3197 
3 3311 3312 3429 
3 3311 3429 3310 
3 3310 3429 3318 
3 3199 3312 3311 
3 3436 3543 3550 
3 3536 3436 3550 
3 3429 3436 3318 
3 3543 3436 3429 
3 3649 3759 3757 
3 3649 3650 3759 
3 3649 3536 3650 
3 3536 3550 3650 
3 3856 3953 3952 
3 3856 3857 3953 
3 3757 3857 3856 
3 3757 3760 3857 
3 3757 3759 3760 
3 3650 3760 3759 
3 4232 4273 4272 
3 4232 4188 4233 
3 4273 4232 4233 
3 4188 4137 4189 
3 4233 4188 4189 
3 4138 4189 4137 
3 4138 4137 4087 
3 4087 4137 4086 
3 4022 4023 4086 
3 4086 4023 4087 
3 3953 4022 3952 
3 3953 3954 4022 
3 3954 4023 4022 
3 3857 3954 3953 
3 4457 4493 4492 
3 4457 4426 4458 
3 4493 4457 4458 
3 4427 4458 4426 
3 4427 4426 4390 
3 4390 4426 4389 
3 4352 4353 4389 
3 4389 4353 4390 
3 4313 4314 4352 
3 4352 4314 4353 
3 4273 4313 4272 
3 4273 4274 4313 
3 4274 4314 4313 
3 4233 4274 4273 
3 4234 4274 4233 
3 4189 4234 4233 
3 4190 4234 4189 
3 4138 4190 4189 
3 4547 4574 4546 
3 4548 4574 4547 
3 4548 4547 4520 
3 4520 4547 4519 
3 4493 4519 4492 
3 4493 4494 4519 
3 4494 4520 4519 
3 4458 4494 4493 
3 4459 4494 4458 
3 4427 4459 4458 
3 4545 4573 4572 
3 4544 4545 4572 
3 4574 4545 4546 
3 4574 4575 4545 
3 4575 4573 4545 
3 4548 4575 4574 
3 4571 4601 4596 
3 4566 4571 4596 
3 4572 4571 4544 
3 4601 4571 4572 
3 4595 4623 4624 
3 4597 4595 4624 
3 4596 4595 4566 
3 4623 4595 4596 
3 4597 4624 4628 
3 4624 4648 4628 
3 4656 4655 4628 
3 4656 4628 4648 
3 4669 4656 4648 
3 4669 4648 4670 
3 4689 4688 4670 
3 4688 4669 4670 
3 3977 3978 3879 
3 4048 4049 3977 
3 4049 4050 3978 
3 4049 3978 3977 
3 3880 3898 3792 
3 3880 3879 3978 
3 3880 3978 3898 
3 3898 3978 3906 
3 4051 3985 4050 
3 4050 3985 3978 
3 3985 3906 3978 
3 4051 4052 3985 
3 3898 3795 3793 
3 3792 3898 3793 
3 3906 3800 3898 
3 3800 3795 3898 
3 3985 3907 3906 
3 3907 3800 3906 
3 4052 3987 3985 
3 3986 3907 3987 
3 3987 3907 3985 
3 3794 3688 3686 
3 3794 3793 3795 
3 3794 3795 3688 
3 3688 3795 3692 
3 3799 3800 3905 
3 3799 3692 3800 
3 3692 3795 3800 
3 3907 3905 3800 
3 3983 3905 3984 
3 3984 3905 3907 
3 3986 3984 3907 
3 3688 3579 3687 
3 3686 3688 3687 
3 3692 3583 3688 
3 3583 3579 3688 
3 3693 3692 3799 
3 3583 3692 3693 
3 3578 3468 3466 
3 3578 3687 3579 
3 3578 3579 3468 
3 3468 3579 3470 
3 3582 3583 3691 
3 3582 3470 3583 
3 3470 3579 3583 
3 3693 3691 3583 
3 3468 3352 3467 
3 3466 3468 3467 
3 3469 3470 3580 
3 3469 3352 3470 
3 3352 3468 3470 
3 3582 3580 3470 
3 3351 3241 3240 
3 3351 3467 3352 
3 3351 3352 3241 
3 3241 3352 3353 
3 3471 3352 3469 
3 3353 3352 3471 
3 3133 3134 3022 
3 3133 3240 3241 
3 3133 3241 3134 
3 3134 3241 3242 
3 3354 3353 3472 
3 3354 3242 3353 
3 3242 3241 3353 
3 3471 3472 3353 
3 3134 3232 3125 
3 3022 3134 3125 
3 3342 3242 3355 
3 3342 3232 3242 
3 3232 3134 3242 
3 3354 3355 3242 
3 3227 3228 3123 
3 3227 3233 3228 
3 3125 3233 3227 
3 3125 3234 3233 
3 3125 3232 3234 
3 3342 3234 3232 
3 3228 3229 3124 
3 3123 3228 3124 
3 3340 3228 3233 
3 3229 3228 3340 
3 3224 3225 3120 
3 3224 3230 3225 
3 3124 3230 3224 
3 3124 3231 3230 
3 3124 3229 3231 
3 3340 3231 3229 
3 3011 3117 3008 
3 3011 3121 3117 
3 3120 3121 3011 
3 3120 3226 3121 
3 3120 3225 3226 
3 3230 3226 3225 
3 3007 3041 2925 
3 3007 3116 3041 
3 3008 3116 3007 
3 3008 3118 3116 
3 3008 3117 3118 
3 3121 3118 3117 
3 2794 2795 2674 
3 2794 2926 2795 
3 2925 2926 2794 
3 2925 3042 2926 
3 2925 3041 3042 
3 3116 3042 3041 
3 2795 2924 2791 
3 2795 2791 2674 
3 2674 2791 2672 
3 2926 2924 2795 
3 2671 2787 2669 
3 2671 2790 2787 
3 2671 2672 2790 
3 2672 2791 2790 
3 2785 2786 2668 
3 2785 2788 2786 
3 2669 2788 2785 
3 2669 2789 2788 
3 2669 2787 2789 
3 2790 2789 2787 
3 2786 2914 2784 
3 2786 2784 2668 
3 2668 2784 2666 
3 2788 2914 2786 
3 2664 2783 2782 
3 2662 2664 2782 
3 2784 2664 2666 
3 2783 2664 2784 
3 2780 2907 2838 
3 2908 2907 2780 
3 2908 2780 2909 
3 2909 2780 2781 
3 2782 2781 2662 
3 2909 2781 2782 
3 2837 2968 2836 
3 2837 2969 2968 
3 2838 2969 2837 
3 2838 2970 2969 
3 2838 2907 2970 
3 2908 2970 2907 
3 3083 3190 3189 
3 3191 3190 3083 
3 3191 3083 3084 
3 3084 3083 2967 
3 2968 2967 2836 
3 2968 3085 2967 
3 3085 3084 2967 
3 2969 3085 2968 
3 3200 3313 3199 
3 3200 3303 3313 
3 3189 3303 3200 
3 3189 3304 3303 
3 3189 3190 3304 
3 3191 3304 3190 
3 3312 3430 3429 
3 3312 3314 3430 
3 3199 3314 3312 
3 3199 3315 3314 
3 3199 3313 3315 
3 3303 3315 3313 
3 3543 3657 3550 
3 3543 3544 3657 
3 3429 3544 3543 
3 3429 3431 3544 
3 3429 3430 3431 
3 3314 3431 3430 
3 3657 3658 3665 
3 3657 3665 3550 
3 3550 3665 3650 
3 3544 3658 3657 
3 3760 3770 3859 
3 3857 3760 3859 
3 3665 3760 3650 
3 3770 3760 3665 
3 4087 4139 4138 
3 4089 4139 4087 
3 4089 4087 4025 
3 4025 4087 4023 
3 3954 3957 4023 
3 4023 3957 4025 
3 3859 3954 3857 
3 3957 3954 3859 
3 4390 4428 4427 
3 4390 4353 4391 
3 4428 4390 4391 
3 4354 4391 4353 
3 4354 4353 4316 
3 4316 4353 4314 
3 4274 4277 4314 
3 4314 4277 4316 
3 4234 4236 4274 
3 4274 4236 4277 
3 4190 4192 4234 
3 4234 4192 4236 
3 4139 4190 4138 
3 4139 4141 4190 
3 4141 4192 4190 
3 4089 4141 4139 
3 4520 4549 4548 
3 4520 4494 4521 
3 4549 4520 4521 
3 4495 4521 4494 
3 4495 4494 4460 
3 4460 4494 4459 
3 4428 4459 4427 
3 4428 4429 4459 
3 4429 4460 4459 
3 4391 4429 4428 
3 4392 4429 4391 
3 4354 4392 4391 
3 4573 4603 4602 
3 4572 4573 4602 
3 4575 4576 4573 
3 4573 4576 4603 
3 4549 4575 4548 
3 4549 4550 4575 
3 4550 4576 4575 
3 4521 4550 4549 
3 4522 4550 4521 
3 4495 4522 4521 
3 4601 4629 4625 
3 4596 4601 4625 
3 4602 4601 4572 
3 4629 4601 4602 
3 4623 4647 4624 
3 4623 4626 4647 
3 4623 4596 4626 
3 4596 4625 4626 
3 4647 4652 4649 
3 4647 4649 4624 
3 4624 4649 4648 
3 4626 4652 4647 
3 4648 4649 4670 
3 4649 4671 4670 
3 4690 4691 4670 
3 4690 4670 4671 
3 4691 4689 4670 
3 3905 3801 3799 
3 3983 3908 3905 
3 3908 3909 3801 
3 3908 3801 3905 
3 3801 3796 3693 
3 3799 3801 3693 
3 3909 3900 3801 
3 3899 3796 3900 
3 3900 3796 3801 
3 3691 3689 3582 
3 3691 3693 3796 
3 3691 3796 3689 
3 3689 3796 3797 
3 3899 3901 3796 
3 3902 3797 3901 
3 3901 3797 3796 
3 3580 3581 3469 
3 3580 3582 3689 
3 3580 3689 3581 
3 3581 3689 3690 
3 3797 3798 3689 
3 3798 3690 3689 
3 3902 3903 3797 
3 3904 3798 3903 
3 3903 3798 3797 
3 3581 3571 3471 
3 3469 3581 3471 
3 3690 3680 3581 
3 3680 3571 3581 
3 3798 3787 3690 
3 3787 3680 3690 
3 3904 3887 3798 
3 3886 3787 3887 
3 3887 3787 3798 
3 3472 3461 3354 
3 3472 3471 3571 
3 3472 3571 3461 
3 3461 3571 3572 
3 3680 3681 3571 
3 3681 3572 3571 
3 3787 3788 3680 
3 3788 3681 3680 
3 3886 3888 3787 
3 3889 3788 3888 
3 3888 3788 3787 
3 3355 3344 3342 
3 3355 3354 3461 
3 3355 3461 3344 
3 3344 3461 3462 
3 3573 3572 3682 
3 3573 3462 3572 
3 3462 3461 3572 
3 3681 3682 3572 
3 3789 3682 3681 
3 3788 3789 3681 
3 3892 3789 3890 
3 3890 3789 3788 
3 3891 3890 3788 
3 3889 3891 3788 
3 3234 3343 3233 
3 3234 3342 3344 
3 3234 3344 3343 
3 3343 3344 3460 
3 3569 3462 3574 
3 3569 3460 3462 
3 3460 3344 3462 
3 3573 3574 3462 
3 3343 3457 3340 
3 3233 3343 3340 
3 3566 3460 3570 
3 3566 3457 3460 
3 3457 3343 3460 
3 3569 3570 3460 
3 3231 3338 3230 
3 3231 3341 3338 
3 3340 3341 3231 
3 3340 3458 3341 
3 3340 3457 3458 
3 3566 3458 3457 
3 3226 3223 3121 
3 3226 3230 3338 
3 3226 3338 3223 
3 3223 3338 3339 
3 3455 3338 3341 
3 3339 3338 3455 
3 3118 3147 3116 
3 3118 3121 3223 
3 3118 3223 3147 
3 3147 3223 3258 
3 3374 3339 3456 
3 3374 3258 3339 
3 3258 3223 3339 
3 3455 3456 3339 
3 3042 3043 2926 
3 3042 3116 3147 
3 3042 3147 3043 
3 3043 3147 3148 
3 3259 3258 3375 
3 3259 3148 3258 
3 3148 3147 3258 
3 3374 3375 3258 
3 2924 2921 2791 
3 2924 3038 2921 
3 2926 3038 2924 
3 2926 3044 3038 
3 2926 3043 3044 
3 3148 3044 3043 
3 3149 3044 3148 
3 3259 3149 3148 
3 2921 2922 2790 
3 2791 2921 2790 
3 3039 2921 3038 
3 2922 2921 3039 
3 2789 2917 2788 
3 2789 2920 2917 
3 2790 2920 2789 
3 2790 2923 2920 
3 2790 2922 2923 
3 3039 2923 2922 
3 2914 2915 2784 
3 2914 2918 2915 
3 2788 2918 2914 
3 2788 2919 2918 
3 2788 2917 2919 
3 2920 2919 2917 
3 2783 2910 2782 
3 2783 2913 2910 
3 2784 2913 2783 
3 2784 2916 2913 
3 2784 2915 2916 
3 2918 2916 2915 
3 2909 3023 2908 
3 2909 2911 3023 
3 2782 2911 2909 
3 2782 2912 2911 
3 2782 2910 2912 
3 2913 2912 2910 
3 2970 3086 2969 
3 2970 3024 3086 
3 2908 3024 2970 
3 2908 3025 3024 
3 2908 3023 3025 
3 2911 3025 3023 
3 3084 3192 3191 
3 3193 3192 3084 
3 3193 3084 3194 
3 3194 3084 3085 
3 3086 3085 2969 
3 3086 3135 3085 
3 3135 3194 3085 
3 3024 3135 3086 
3 3304 3420 3303 
3 3304 3305 3420 
3 3191 3305 3304 
3 3191 3306 3305 
3 3191 3192 3306 
3 3193 3306 3192 
3 3315 3432 3314 
3 3315 3421 3432 
3 3303 3421 3315 
3 3303 3422 3421 
3 3303 3420 3422 
3 3305 3422 3420 
3 3431 3545 3544 
3 3431 3433 3545 
3 3314 3433 3431 
3 3314 3434 3433 
3 3314 3432 3434 
3 3421 3434 3432 
3 3658 3764 3665 
3 3658 3659 3764 
3 3544 3659 3658 
3 3544 3546 3659 
3 3544 3545 3546 
3 3433 3546 3545 
3 3770 3869 3859 
3 3770 3771 3869 
3 3665 3771 3770 
3 3665 3765 3771 
3 3665 3764 3765 
3 3659 3765 3764 
3 4025 4090 4089 
3 4025 3957 4026 
3 4090 4025 4026 
3 3957 3958 4026 
3 3859 3958 3957 
3 3859 3870 3958 
3 3859 3869 3870 
3 3771 3870 3869 
3 4316 4355 4354 
3 4316 4277 4317 
3 4355 4316 4317 
3 4278 4317 4277 
3 4278 4277 4237 
3 4237 4277 4236 
3 4192 4193 4236 
3 4236 4193 4237 
3 4141 4142 4192 
3 4192 4142 4193 
3 4090 4141 4089 
3 4090 4091 4141 
3 4091 4142 4141 
3 4026 4091 4090 
3 4027 4091 4026 
3 3958 4027 4026 
3 4460 4496 4495 
3 4460 4429 4461 
3 4496 4460 4461 
3 4430 4461 4429 
3 4430 4429 4393 
3 4393 4429 4392 
3 4355 4392 4354 
3 4355 4356 4392 
3 4356 4393 4392 
3 4317 4356 4355 
3 4318 4356 4317 
3 4278 4318 4317 
3 4603 4630 4602 
3 4603 4576 4604 
3 4630 4603 4604 
3 4577 4604 4576 
3 4577 4576 4551 
3 4551 4576 4550 
3 4522 4523 4550 
3 4550 4523 4551 
3 4496 4522 4495 
3 4496 4497 4522 
3 4497 4523 4522 
3 4461 4497 4496 
3 4462 4497 4461 
3 4430 4462 4461 
3 4629 4650 4625 
3 4629 4631 4650 
3 4602 4631 4629 
3 4602 4605 4631 
3 4602 4630 4605 
3 4604 4605 4630 
3 4579 4605 4604 
3 4577 4579 4604 
3 4650 4657 4651 
3 4650 4651 4625 
3 4625 4651 4626 
3 4631 4657 4650 
3 4652 4672 4649 
3 4652 4653 4672 
3 4652 4626 4653 
3 4626 4651 4653 
3 4672 4673 4671 
3 4649 4672 4671 
3 4658 4672 4653 
3 4673 4672 4658 
3 4692 4690 4671 
3 4692 4671 4673 
3 4693 4692 4673 
3 4674 4693 4673 
3 4674 4673 4658 
3 4675 4674 4658 
3 4675 4658 4676 
3 4694 4675 4676 
3 4695 4694 4676 
3 3682 3683 3573 
3 3682 3789 3790 
3 3683 3682 3790 
3 3892 3893 3789 
3 3893 3894 3790 
3 3893 3790 3789 
3 3574 3676 3569 
3 3574 3573 3683 
3 3574 3683 3676 
3 3676 3683 3783 
3 3790 3791 3683 
3 3791 3783 3683 
3 3894 3895 3790 
3 3896 3791 3895 
3 3895 3791 3790 
3 3570 3567 3566 
3 3570 3569 3676 
3 3570 3676 3567 
3 3567 3676 3677 
3 3784 3783 3881 
3 3784 3677 3783 
3 3677 3676 3783 
3 3791 3881 3783 
3 3979 3881 3897 
3 3897 3881 3791 
3 3896 3897 3791 
3 3458 3459 3341 
3 3458 3566 3567 
3 3458 3567 3459 
3 3459 3567 3568 
3 3678 3677 3785 
3 3678 3568 3677 
3 3568 3567 3677 
3 3784 3785 3677 
3 3459 3493 3455 
3 3341 3459 3455 
3 3606 3568 3679 
3 3606 3493 3568 
3 3493 3459 3568 
3 3678 3679 3568 
3 3456 3376 3374 
3 3456 3455 3493 
3 3456 3493 3376 
3 3376 3493 3494 
3 3607 3493 3606 
3 3494 3493 3607 
3 3375 3260 3259 
3 3375 3374 3376 
3 3375 3376 3260 
3 3260 3376 3377 
3 3495 3494 3608 
3 3495 3377 3494 
3 3377 3376 3494 
3 3607 3608 3494 
3 3044 3144 3038 
3 3044 3149 3150 
3 3144 3044 3150 
3 3149 3259 3260 
3 3149 3260 3150 
3 3150 3260 3261 
3 3378 3377 3496 
3 3378 3261 3377 
3 3261 3260 3377 
3 3495 3496 3377 
3 3144 3145 3039 
3 3038 3144 3039 
3 3257 3150 3262 
3 3257 3145 3150 
3 3145 3144 3150 
3 3261 3262 3150 
3 3379 3262 3261 
3 3378 3379 3261 
3 2923 3036 2920 
3 2923 3040 3036 
3 3039 3040 2923 
3 3039 3146 3040 
3 3039 3145 3146 
3 3257 3146 3145 
3 2919 3033 2918 
3 2919 3035 3033 
3 2920 3035 2919 
3 2920 3037 3035 
3 2920 3036 3037 
3 3040 3037 3036 
3 2916 3030 2913 
3 2916 3032 3030 
3 2918 3032 2916 
3 2918 3034 3032 
3 2918 3033 3034 
3 3035 3034 3033 
3 2912 3026 2911 
3 2912 3029 3026 
3 2913 3029 2912 
3 2913 3031 3029 
3 2913 3030 3031 
3 3032 3031 3030 
3 3025 3136 3024 
3 3025 3027 3136 
3 2911 3027 3025 
3 2911 3028 3027 
3 2911 3026 3028 
3 3029 3028 3026 
3 3194 3307 3193 
3 3194 3135 3243 
3 3307 3194 3243 
3 3135 3137 3243 
3 3024 3137 3135 
3 3024 3138 3137 
3 3024 3136 3138 
3 3027 3138 3136 
3 3306 3423 3305 
3 3306 3308 3423 
3 3193 3308 3306 
3 3193 3309 3308 
3 3193 3307 3309 
3 3243 3309 3307 
3 3244 3309 3243 
3 3137 3244 3243 
3 3422 3537 3421 
3 3422 3424 3537 
3 3305 3424 3422 
3 3305 3425 3424 
3 3305 3423 3425 
3 3308 3425 3423 
3 3434 3547 3433 
3 3434 3538 3547 
3 3421 3538 3434 
3 3421 3539 3538 
3 3421 3537 3539 
3 3424 3539 3537 
3 3546 3660 3659 
3 3546 3548 3660 
3 3433 3548 3546 
3 3433 3549 3548 
3 3433 3547 3549 
3 3538 3549 3547 
3 3765 3863 3771 
3 3765 3766 3863 
3 3659 3766 3765 
3 3659 3661 3766 
3 3659 3660 3661 
3 3548 3661 3660 
3 3870 3969 3958 
3 3870 3871 3969 
3 3771 3871 3870 
3 3771 3864 3871 
3 3771 3863 3864 
3 3766 3864 3863 
3 4237 4279 4278 
3 4237 4193 4238 
3 4279 4237 4238 
3 4193 4142 4194 
3 4238 4193 4194 
3 4156 4194 4142 
3 4156 4142 4105 
3 4105 4142 4091 
3 4027 4043 4091 
3 4091 4043 4105 
3 3969 4027 3958 
3 3969 3970 4027 
3 3970 4043 4027 
3 3871 3970 3969 
3 4393 4431 4430 
3 4393 4356 4394 
3 4431 4393 4394 
3 4357 4394 4356 
3 4357 4356 4319 
3 4319 4356 4318 
3 4279 4318 4278 
3 4279 4280 4318 
3 4280 4319 4318 
3 4238 4280 4279 
3 4239 4280 4238 
3 4194 4239 4238 
3 4203 4239 4194 
3 4156 4203 4194 
3 4551 4578 4577 
3 4551 4523 4552 
3 4578 4551 4552 
3 4523 4497 4524 
3 4552 4523 4524 
3 4497 4462 4498 
3 4524 4497 4498 
3 4462 4463 4498 
3 4430 4463 4462 
3 4430 4432 4463 
3 4430 4431 4432 
3 4394 4432 4431 
3 4395 4432 4394 
3 4357 4395 4394 
3 4605 4606 4631 
3 4582 4606 4605 
3 4582 4605 4580 
3 4580 4605 4579 
3 4578 4579 4577 
3 4578 4553 4579 
3 4553 4580 4579 
3 4552 4553 4578 
3 4525 4553 4552 
3 4524 4525 4552 
3 4499 4525 4524 
3 4498 4499 4524 
3 4464 4499 4498 
3 4463 4464 4498 
3 4657 4633 4651 
3 4657 4632 4633 
3 4631 4632 4657 
3 4631 4607 4632 
3 4631 4606 4607 
3 4582 4607 4606 
3 4633 4609 4634 
3 4633 4634 4651 
3 4651 4634 4653 
3 4632 4609 4633 
3 4653 4634 4658 
3 4634 4659 4658 
3 4658 4659 4676 
3 4659 4660 4676 
3 4677 4695 4676 
3 4677 4676 4660 
3 4678 4677 4660 
3 3881 3882 3784 
3 3979 3980 3881 
3 3980 3981 3882 
3 3980 3882 3881 
3 3785 3786 3678 
3 3785 3784 3882 
3 3785 3882 3786 
3 3883 3884 3786 
3 3883 3786 3882 
3 3981 3982 3882 
3 3982 3883 3882 
3 3679 3719 3606 
3 3679 3678 3786 
3 3679 3786 3719 
3 3719 3786 3819 
3 3884 3885 3786 
3 3916 3819 3885 
3 3885 3819 3786 
3 3719 3711 3607 
3 3606 3719 3607 
3 3819 3814 3719 
3 3814 3711 3719 
3 3916 3914 3819 
3 3913 3814 3914 
3 3914 3814 3819 
3 3608 3596 3495 
3 3608 3607 3711 
3 3608 3711 3596 
3 3596 3711 3712 
3 3815 3816 3711 
3 3711 3814 3815 
3 3817 3712 3816 
3 3816 3712 3711 
3 3913 3915 3814 
3 3915 3815 3814 
3 3496 3483 3378 
3 3496 3495 3596 
3 3496 3596 3483 
3 3483 3596 3597 
3 3713 3714 3596 
3 3596 3712 3713 
3 3715 3597 3714 
3 3714 3597 3596 
3 3817 3818 3712 
3 3818 3713 3712 
3 3262 3254 3257 
3 3262 3379 3369 
3 3254 3262 3369 
3 3379 3378 3483 
3 3379 3483 3369 
3 3369 3483 3484 
3 3597 3598 3483 
3 3598 3484 3483 
3 3715 3716 3597 
3 3717 3598 3716 
3 3716 3598 3597 
3 3146 3143 3040 
3 3146 3257 3254 
3 3146 3254 3143 
3 3143 3254 3255 
3 3369 3370 3254 
3 3370 3255 3254 
3 3484 3485 3369 
3 3485 3370 3369 
3 3599 3600 3484 
3 3484 3598 3599 
3 3601 3485 3600 
3 3600 3485 3484 
3 3717 3718 3598 
3 3718 3599 3598 
3 3037 3142 3035 
3 3037 3040 3143 
3 3037 3143 3142 
3 3142 3143 3252 
3 3255 3256 3143 
3 3256 3252 3143 
3 3370 3371 3255 
3 3371 3256 3255 
3 3485 3486 3370 
3 3486 3371 3370 
3 3601 3602 3485 
3 3603 3486 3602 
3 3602 3486 3485 
3 3034 3141 3032 
3 3034 3035 3142 
3 3034 3142 3141 
3 3141 3142 3251 
3 3252 3253 3142 
3 3253 3251 3142 
3 3367 3256 3372 
3 3367 3253 3256 
3 3253 3252 3256 
3 3372 3373 3489 
3 3372 3256 3373 
3 3256 3371 3373 
3 3487 3488 3371 
3 3371 3486 3487 
3 3490 3373 3488 
3 3488 3373 3371 
3 3603 3487 3486 
3 3031 3140 3029 
3 3031 3032 3141 
3 3031 3141 3140 
3 3140 3141 3250 
3 3364 3251 3366 
3 3364 3250 3251 
3 3250 3141 3251 
3 3253 3366 3251 
3 3368 3366 3253 
3 3367 3368 3253 
3 3604 3489 3491 
3 3491 3489 3373 
3 3604 3605 3489 
3 3490 3492 3373 
3 3492 3491 3373 
3 3028 3139 3027 
3 3028 3029 3140 
3 3028 3140 3139 
3 3139 3140 3248 
3 3361 3250 3365 
3 3361 3248 3250 
3 3248 3140 3250 
3 3364 3365 3250 
3 3138 3245 3137 
3 3138 3027 3139 
3 3138 3139 3245 
3 3245 3139 3249 
3 3362 3248 3363 
3 3362 3249 3248 
3 3249 3139 3248 
3 3361 3363 3248 
3 3309 3426 3308 
3 3309 3244 3356 
3 3426 3309 3356 
3 3244 3246 3356 
3 3137 3246 3244 
3 3137 3247 3246 
3 3137 3245 3247 
3 3249 3247 3245 
3 3359 3247 3249 
3 3362 3359 3249 
3 3425 3540 3424 
3 3425 3427 3540 
3 3308 3427 3425 
3 3308 3428 3427 
3 3308 3426 3428 
3 3356 3428 3426 
3 3357 3428 3356 
3 3246 3357 3356 
3 3539 3651 3538 
3 3539 3424 3540 
3 3539 3540 3651 
3 3651 3540 3654 
3 3541 3540 3427 
3 3654 3540 3541 
3 3549 3662 3548 
3 3549 3652 3662 
3 3538 3652 3549 
3 3538 3653 3652 
3 3538 3651 3653 
3 3654 3653 3651 
3 3655 3653 3654 
3 3541 3655 3654 
3 3661 3767 3766 
3 3661 3663 3767 
3 3548 3663 3661 
3 3548 3664 3663 
3 3548 3662 3664 
3 3652 3664 3662 
3 3864 3962 3871 
3 3864 3865 3962 
3 3766 3865 3864 
3 3766 3768 3865 
3 3766 3767 3768 
3 3663 3768 3767 
3 4105 4157 4156 
3 4105 4043 4106 
3 4157 4105 4106 
3 4043 3970 4044 
3 4106 4043 4044 
3 3970 3971 4044 
3 3871 3971 3970 
3 3871 3963 3971 
3 3871 3962 3963 
3 3865 3963 3962 
3 4319 4358 4357 
3 4319 4280 4320 
3 4358 4319 4320 
3 4280 4239 4281 
3 4320 4280 4281 
3 4239 4203 4240 
3 4281 4239 4240 
3 4203 4195 4240 
3 4156 4195 4203 
3 4156 4143 4195 
3 4156 4157 4143 
3 4106 4143 4157 
3 4092 4143 4106 
3 4044 4092 4106 
3 4032 4092 4044 
3 3971 4032 4044 
3 4432 4433 4463 
3 4432 4395 4396 
3 4433 4432 4396 
3 4395 4357 4358 
3 4395 4358 4396 
3 4396 4358 4359 
3 4320 4321 4358 
3 4321 4359 4358 
3 4282 4281 4241 
3 4282 4321 4281 
3 4321 4320 4281 
3 4240 4241 4281 
3 4196 4241 4240 
3 4195 4196 4240 
3 4580 4581 4582 
3 4580 4553 4554 
3 4581 4580 4554 
3 4553 4525 4526 
3 4554 4553 4526 
3 4525 4499 4500 
3 4526 4525 4500 
3 4499 4464 4465 
3 4500 4499 4465 
3 4464 4463 4433 
3 4464 4433 4465 
3 4465 4433 4434 
3 4396 4397 4433 
3 4397 4434 4433 
3 4360 4359 4322 
3 4360 4397 4359 
3 4397 4396 4359 
3 4321 4322 4359 
3 4283 4322 4321 
3 4282 4283 4321 
3 4607 4608 4632 
3 4607 4583 4608 
3 4582 4583 4607 
3 4582 4555 4583 
3 4582 4581 4555 
3 4554 4555 4581 
3 4527 4555 4554 
3 4526 4527 4554 
3 4501 4527 4526 
3 4500 4501 4526 
3 4466 4501 4500 
3 4465 4466 4500 
3 4435 4466 4465 
3 4434 4435 4465 
3 4398 4435 4434 
3 4397 4398 4434 
3 4361 4398 4397 
3 4360 4361 4397 
3 4609 4610 4635 
3 4634 4609 4635 
3 4608 4609 4632 
3 4608 4584 4609 
3 4584 4610 4609 
3 4583 4584 4608 
3 4634 4635 4659 
3 4635 4636 4659 
3 4659 4636 4660 
3 4636 4640 4660 
3 4665 4678 4660 
3 4665 4660 4640 
3 4666 4665 4640 
3 4666 4640 4664 
3 4684 4685 4664 
3 4685 4666 4664 
3 4696 4683 4679 
3 4697 4696 4679 
3 3372 3482 3367 
3 3372 3489 3482 
3 3366 3480 3364 
3 3366 3368 3481 
3 3480 3366 3481 
3 3368 3367 3482 
3 3368 3482 3481 
3 3481 3482 3594 
3 3605 3707 3594 
3 3594 3489 3605 
3 3482 3489 3594 
3 3365 3479 3361 
3 3365 3364 3480 
3 3365 3480 3479 
3 3479 3480 3591 
3 3481 3593 3480 
3 3593 3591 3480 
3 3594 3595 3481 
3 3595 3593 3481 
3 3708 3709 3595 
3 3707 3708 3595 
3 3595 3594 3707 
3 3363 3476 3362 
3 3363 3361 3479 
3 3363 3479 3476 
3 3476 3479 3588 
3 3591 3592 3479 
3 3592 3588 3479 
3 3593 3706 3591 
3 3706 3592 3591 
3 3812 3813 3706 
3 3812 3706 3710 
3 3710 3706 3595 
3 3595 3706 3593 
3 3709 3710 3595 
3 3247 3358 3246 
3 3247 3359 3360 
3 3358 3247 3360 
3 3359 3362 3476 
3 3359 3476 3360 
3 3360 3476 3477 
3 3588 3589 3476 
3 3589 3477 3476 
3 3592 3702 3588 
3 3702 3589 3588 
3 3809 3810 3702 
3 3809 3702 3811 
3 3811 3702 3706 
3 3706 3702 3592 
3 3813 3811 3706 
3 3428 3542 3427 
3 3428 3357 3473 
3 3542 3428 3473 
3 3357 3246 3358 
3 3357 3358 3473 
3 3473 3358 3474 
3 3360 3475 3358 
3 3475 3474 3358 
3 3477 3478 3360 
3 3478 3475 3360 
3 3589 3590 3477 
3 3590 3478 3477 
3 3703 3704 3590 
3 3703 3590 3705 
3 3705 3590 3702 
3 3702 3590 3589 
3 3810 3705 3702 
3 3542 3656 3541 
3 3427 3542 3541 
3 3473 3584 3542 
3 3584 3656 3542 
3 3474 3585 3473 
3 3585 3584 3473 
3 3475 3586 3474 
3 3586 3585 3474 
3 3478 3587 3475 
3 3587 3586 3475 
3 3699 3700 3587 
3 3699 3587 3701 
3 3701 3587 3590 
3 3590 3587 3478 
3 3704 3701 3590 
3 3653 3761 3652 
3 3653 3655 3762 
3 3761 3653 3762 
3 3655 3541 3656 
3 3655 3656 3762 
3 3762 3656 3763 
3 3584 3694 3656 
3 3694 3763 3656 
3 3585 3695 3584 
3 3695 3694 3584 
3 3586 3696 3585 
3 3696 3695 3585 
3 3697 3698 3586 
3 3586 3587 3697 
3 3807 3696 3698 
3 3698 3696 3586 
3 3700 3697 3587 
3 3664 3769 3663 
3 3664 3652 3761 
3 3664 3761 3769 
3 3769 3761 3860 
3 3762 3861 3761 
3 3861 3860 3761 
3 3763 3862 3762 
3 3862 3861 3762 
3 3694 3802 3763 
3 3802 3862 3763 
3 3803 3804 3694 
3 3694 3695 3803 
3 3910 3802 3804 
3 3804 3802 3694 
3 3805 3806 3695 
3 3695 3696 3805 
3 3806 3803 3695 
3 3807 3808 3696 
3 3808 3805 3696 
3 3768 3866 3865 
3 3768 3663 3769 
3 3768 3769 3866 
3 3866 3769 3867 
3 3860 3868 3769 
3 3868 3867 3769 
3 3861 3959 3860 
3 3959 3868 3860 
3 3862 3960 3861 
3 3960 3959 3861 
3 3911 3961 3862 
3 3862 3802 3911 
3 4030 3960 3961 
3 3961 3960 3862 
3 3910 3912 3802 
3 3912 3911 3802 
3 3963 3964 3971 
3 3963 3865 3866 
3 3963 3866 3964 
3 3964 3866 3965 
3 3867 3966 3866 
3 3966 3965 3866 
3 3868 3967 3867 
3 3967 3966 3867 
3 3959 3968 3868 
3 3968 3967 3868 
3 4028 4029 3959 
3 3959 3960 4028 
3 4041 3968 4029 
3 4029 3968 3959 
3 4030 4031 3960 
3 4031 4028 3960 
3 4143 4144 4195 
3 4143 4092 4093 
3 4144 4143 4093 
3 4092 4032 4033 
3 4093 4092 4033 
3 4032 3971 3964 
3 4032 3964 4033 
3 4033 3964 4034 
3 4035 3965 4036 
3 4035 4034 3965 
3 4034 3964 3965 
3 3966 4036 3965 
3 4037 4036 3966 
3 4037 4038 4100 
3 4037 3966 4038 
3 3966 3967 4038 
3 4039 4040 3967 
3 3967 3968 4039 
3 4101 4038 4040 
3 4040 4038 3967 
3 4041 4042 3968 
3 4042 4039 3968 
3 4241 4242 4282 
3 4241 4196 4197 
3 4242 4241 4197 
3 4196 4195 4144 
3 4196 4144 4197 
3 4197 4144 4198 
3 4093 4145 4144 
3 4145 4198 4144 
3 4033 4094 4093 
3 4094 4145 4093 
3 4034 4095 4033 
3 4095 4094 4033 
3 4096 4034 4035 
3 4096 4097 4034 
3 4097 4095 4034 
3 4152 4153 4097 
3 4152 4097 4151 
3 4096 4151 4097 
3 4155 4152 4151 
3 4151 4100 4155 
3 4102 4155 4100 
3 4102 4100 4038 
3 4103 4102 4038 
3 4101 4104 4038 
3 4104 4103 4038 
3 4322 4323 4360 
3 4322 4283 4284 
3 4323 4322 4284 
3 4283 4282 4242 
3 4283 4242 4284 
3 4284 4242 4285 
3 4197 4243 4242 
3 4243 4285 4242 
3 4198 4244 4197 
3 4244 4243 4197 
3 4145 4199 4198 
3 4199 4244 4198 
3 4094 4146 4145 
3 4146 4199 4145 
3 4147 4148 4094 
3 4094 4095 4147 
3 4200 4146 4148 
3 4148 4146 4094 
3 4149 4150 4095 
3 4095 4097 4149 
3 4150 4147 4095 
3 4153 4154 4097 
3 4154 4149 4097 
3 4555 4556 4583 
3 4555 4527 4528 
3 4556 4555 4528 
3 4527 4501 4502 
3 4528 4527 4502 
3 4501 4466 4467 
3 4502 4501 4467 
3 4466 4435 4436 
3 4467 4466 4436 
3 4435 4398 4399 
3 4436 4435 4399 
3 4398 4361 4362 
3 4399 4398 4362 
3 4361 4360 4323 
3 4361 4323 4362 
3 4362 4323 4363 
3 4284 4324 4323 
3 4324 4363 4323 
3 4285 4325 4284 
3 4325 4324 4284 
3 4243 4286 4285 
3 4286 4325 4285 
3 4244 4287 4243 
3 4287 4286 4243 
3 4199 4245 4244 
3 4245 4287 4244 
3 4201 4246 4199 
3 4199 4146 4201 
3 4288 4245 4246 
3 4246 4245 4199 
3 4200 4202 4146 
3 4202 4201 4146 
3 4610 4611 4635 
3 4610 4584 4585 
3 4611 4610 4585 
3 4584 4583 4556 
3 4584 4556 4585 
3 4585 4556 4586 
3 4528 4557 4556 
3 4557 4586 4556 
3 4502 4529 4528 
3 4529 4557 4528 
3 4467 4503 4502 
3 4503 4529 4502 
3 4436 4468 4467 
3 4468 4503 4467 
3 4399 4437 4436 
3 4437 4468 4436 
3 4362 4400 4399 
3 4400 4437 4399 
3 4363 4401 4362 
3 4401 4400 4362 
3 4324 4364 4363 
3 4364 4401 4363 
3 4325 4365 4324 
3 4365 4364 4324 
3 4286 4326 4325 
3 4326 4365 4325 
3 4327 4328 4286 
3 4286 4287 4327 
3 4366 4326 4328 
3 4328 4326 4286 
3 4289 4329 4287 
3 4287 4245 4289 
3 4329 4327 4287 
3 4288 4290 4245 
3 4290 4289 4245 
3 4611 4614 4636 
3 4635 4611 4636 
3 4612 4585 4613 
3 4612 4614 4585 
3 4614 4611 4585 
3 4586 4613 4585 
3 4587 4613 4586 
3 4557 4587 4586 
3 4558 4587 4557 
3 4529 4558 4557 
3 4530 4558 4529 
3 4503 4530 4529 
3 4531 4530 4503 
3 4531 4504 4532 
3 4531 4503 4504 
3 4503 4468 4504 
3 4437 4469 4468 
3 4469 4504 4468 
3 4400 4438 4437 
3 4438 4469 4437 
3 4401 4439 4400 
3 4439 4438 4400 
3 4402 4440 4401 
3 4401 4364 4402 
3 4473 4439 4440 
3 4440 4439 4401 
3 4403 4404 4364 
3 4364 4365 4403 
3 4404 4402 4364 
3 4367 4405 4365 
3 4365 4326 4367 
3 4405 4403 4365 
3 4366 4367 4326 
3 4614 4639 4640 
3 4636 4614 4640 
3 4637 4614 4612 
3 4639 4614 4637 
3 4504 4533 4532 
3 4563 4593 4562 
3 4562 4533 4563 
3 4534 4563 4533 
3 4534 4533 4504 
3 4505 4534 4504 
3 4505 4504 4469 
3 4470 4506 4469 
3 4469 4438 4470 
3 4506 4505 4469 
3 4471 4472 4438 
3 4438 4439 4471 
3 4472 4470 4438 
3 4473 4474 4439 
3 4474 4471 4439 
3 4639 4663 4664 
3 4640 4639 4664 
3 4661 4639 4637 
3 4663 4639 4661 
3 4618 4619 4591 
3 4594 4618 4591 
3 4591 4562 4594 
3 4593 4594 4562 
3 4682 4684 4664 
3 4682 4664 4663 
3 4683 4682 4663 
3 4683 4663 4679 
3 4663 4661 4679 
3 4661 4680 4679 
3 4699 4698 4680 
3 4698 4697 4679 
3 4679 4680 4698 
3 4036 4098 4035 
3 4036 4037 4099 
3 4098 4036 4099 
3 4037 4100 4099 
3 4035 4098 4096 
3 4151 4096 4098 
3 4099 4151 4098 
3 4100 4151 4099 
3 4613 4638 4612 
3 4613 4587 4615 
3 4638 4613 4615 
3 4587 4558 4588 
3 4615 4587 4588 
3 4558 4530 4559 
3 4588 4558 4559 
3 4530 4531 4560 
3 4559 4530 4560 
3 4531 4532 4560 
3 4638 4662 4637 
3 4612 4638 4637 
3 4615 4641 4638 
3 4641 4662 4638 
3 4588 4616 4615 
3 4616 4641 4615 
3 4559 4589 4588 
3 4589 4616 4588 
3 4560 4590 4559 
3 4590 4589 4559 
3 4532 4533 4561 
3 4532 4561 4560 
3 4560 4561 4590 
3 4533 4562 4561 
3 4662 4681 4661 
3 4637 4662 4661 
3 4641 4667 4662 
3 4667 4681 4662 
3 4616 4642 4641 
3 4642 4667 4641 
3 4589 4617 4616 
3 4617 4642 4616 
3 4590 4592 4589 
3 4592 4617 4589 
3 4619 4620 4592 
3 4592 4591 4619 
3 4591 4592 4561 
3 4561 4592 4590 
3 4562 4591 4561 
3 4700 4701 4680 
3 4680 4681 4700 
3 4661 4681 4680 
3 4667 4686 4681 
3 4702 4700 4681 
3 4681 4686 4702 
3 4668 4687 4667 
3 4667 4642 4668 
3 4703 4686 4687 
3 4687 4686 4667 
3 4617 4622 4642 
3 4644 4668 4642 
3 4642 4622 4644 
3 4643 4645 4622 
3 4643 4622 4621 
3 4621 4622 4592 
3 4592 4622 4617 
3 4620 4621 4592 
3 4701 4699 4680 
3 4704 4702 4686 
3 4703 4704 4686 
3 4646 4644 4622 
3 4645 4646 4622 

POINT_DATA 4705
SCALARS Selection float
LOOKUP_TABLE default
0.83107 0.942446 0.983756 0.685479 0.785128 0.925726 0.773329 0.652017 1.11432 
0.949414 1.03606 0.609838 0.511341 0.65542 1.05752 0.920401 0.78259 0.62037 
0.446513 1.17204 1.27306 1.3163 1.2302 1.1841 0.983795 0.737322 0.389175 
0.270107 0.451055 0.966902 1.12951 0.795528 0.591434 0.432297 0.187685 1.29345 
1.41925 1.36809 1.42909 1.33371 1.31299 1.16159 1.37162 0.86055 0.955226 
0.502123 0.719401 0.17127 0.0872512 0.0448533 0.253938 0.870177 1.29919 1.10568 
0.581608 0.304285 0.0257668 0 6.93889e-18 1.52824 1.52898 1.59884 1.45744 
1.45548 1.27186 1.37715 1.46665 1.19225 1.09845 0.976227 0.746952 0.69087 
0.312267 0.508116 0 -1.38778e-17 6.93889e-18 -6.93889e-18 0 -6.93889e-18 0.0987261 
0 0.891357 0.599376 1.29336 1.44943 1.1235 0.312097 0.0479584 -6.93889e-18 
6.93889e-18 1.66731 1.57138 1.62811 1.69563 1.76612 1.58624 1.50977 1.56325 
1.36933 1.18338 0.836148 0.871947 0.465484 0.674156 0.450576 0.318976 0.173487 
0.0211399 0 6.93889e-18 1.06594 0.858158 0.61439 0.335531 1.45731 1.22111 
1.3798 1.5873 0.078159 6.93889e-18 6.93889e-18 1.82842 1.71023 1.79588 1.72347 
1.8719 1.9498 1.73028 1.49424 1.63712 1.24564 1.28362 1.10076 0.953133 
0.79939 0.588572 0.594447 0.18733 0.43019 0.195321 0.127454 -6.93889e-18 -1.04083e-17 
1.05779 1.22185 0.878837 0.643747 0.379275 0.114829 1.56742 1.38255 1.54597 
1.73009 -6.93889e-18 -1.38778e-17 2.01234 1.87409 1.97891 1.89384 1.77853 2.06844 
2.17016 1.89118 1.63889 1.48747 1.35325 1.17855 1.00215 0.647633 0.690541 
0.31722 0.486354 0.352051 0.235009 0.0541713 0 0 0 1.38778e-17 
-1.38778e-17 1.38778e-17 1.08773 1.23549 0.931178 0.699532 0.443451 0.171954 0 
0 1.72152 1.40955 1.55336 1.71953 1.89188 2.18201 2.07447 2.17685 
2.07941 1.92831 1.78717 2.28687 2.32994 2.37976 2.03969 1.65155 1.51007 
1.3073 1.04841 1.06609 0.931563 0.828115 0.655425 0.44755 0.368839 0.28228 
0.0870152 0.123968 0.147606 -6.93889e-18 0 3.46945e-18 -1.38778e-17 1.16025 1.27873 
0.98802 0.772435 0.526403 0.248968 0 0 1.89749 1.46925 1.58764 
1.73583 1.90827 2.06962 2.26304 2.25551 2.34654 2.27782 2.09337 1.94264 
1.81755 2.4503 2.48164 2.40372 2.59583 2.62233 1.67143 1.34692 1.4211 
1.19265 0.766583 0.980379 0.683074 0.493663 0.114807 0.252955 0.162785 0 
0 0 0 6.93889e-18 6.93889e-18 1.16261 1.34018 1.34355 1.03581 
0.84169 0.619353 0.333743 -6.93889e-18 0.0429111 2.08517 1.64332 1.45529 1.62042 
1.76944 1.93159 2.10919 2.23594 2.48006 2.46822 2.50689 2.27031 2.41301 
2.08483 1.91111 1.69034 2.62621 2.71457 2.78369 2.63009 2.85081 2.8561 
1.16391 1.12716 1.30327 1.49002 0.761874 0.598374 0.464837 0.885284 0.350093 
0 1.38778e-17 1.38778e-17 0 0 0 0.0241375 1.14022 1.28346 
1.51203 1.48558 1.0003 0.776222 0.558268 0.348642 0.21318 0.0140147 1.38778e-17 
6.93889e-18 3.46945e-18 2.28244 1.80108 1.84774 1.65773 1.96491 2.14003 2.3162 
2.46138 2.7028 2.68233 2.56627 2.72752 2.15216 2.3955 1.90515 1.59153 
1.72032 2.85305 2.9568 2.96036 3.02333 2.85468 3.08412 3.0732 0.883426 
1.07885 1.24293 1.43692 0.556236 0.42409 0.266277 0.135136 0.693463 0 
0 1.38778e-17 1.04083e-17 1.14933 1.31632 1.48751 1.66986 0.947552 0.696536 
0.522843 0.370311 0.252121 0.111502 -6.93889e-18 6.93889e-18 -1.21431e-17 2.00701 2.06306 
1.80926 2.013 2.17785 2.35827 2.53563 2.79816 2.94024 2.64574 2.97389 
2.25641 2.04298 2.42557 1.8116 1.61439 3.05401 3.15875 3.18134 3.19656 
3.26082 3.17995 3.32909 0.651231 0.833893 1.05167 1.31935 1.48007 0.37034 
0.469178 0.226206 0.0752368 0 1.38778e-17 1.11578 1.29505 1.47789 1.64177 
1.82721 0.886502 0.619514 0.386291 0.311002 0.212931 0.0662985 0 2.21773 
2.23968 1.98494 2.2567 2.39765 2.58273 2.77663 3.03936 3.01811 2.56748 
2.84573 3.04843 3.27899 2.30713 1.88086 1.97943 2.13224 1.73007 1.53217 
3.31871 3.41289 3.42629 3.4499 3.24404 3.44644 3.56358 0.455039 0.547846 
0.767927 0.945195 1.14354 1.25506 1.38241 0.222162 0.318321 0.0402874 0 
1.38778e-17 1.38778e-17 1.06382 1.30654 1.44631 1.55996 1.63103 1.76097 0.842893 
0.718019 0.480473 0.303164 0.196174 0.0484215 0.170865 0.0728575 1.38778e-17 -6.93889e-18 
2.4331 2.46562 1.73594 1.98199 2.24998 2.50108 2.6185 2.84707 3.09018 
3.31893 2.72289 2.52157 2.91047 3.12444 3.38851 3.55302 2.27303 1.84159 
1.90792 2.08585 1.7038 1.49271 3.57581 3.66397 3.66907 3.45133 3.66989 
3.689 3.82358 0.272826 0.330115 0.514827 0.690913 0.871925 1.10358 1.28356 
0.161075 6.93889e-18 0 -3.46945e-18 6.93889e-18 1.20147 0.953027 0.900586 1.3682 
1.53496 0.705156 0.484189 0.259759 0.0287632 -6.93889e-18 -6.93889e-18 6.93889e-18 3.46945e-18 
2.66262 2.70464 1.75477 1.99297 2.2346 2.50106 2.74703 2.90079 3.13742 
3.30029 3.54923 3.562 2.81548 2.42302 2.62544 3.09071 3.37008 3.56628 
3.76021 3.81125 2.21527 1.81755 2.02417 1.61522 1.42153 3.82757 3.93505 
3.8329 3.71217 3.9226 3.93148 4.04449 4.06853 0.133235 0 -6.93889e-18 
0.322381 0.200619 0.418051 0.606694 0.728438 0.912366 1.07607 1.2211 -6.93889e-18 
1.36374 1.14938 0.894501 1.57071 0.669163 0.465615 0.247575 0.0214431 1.38778e-17 
1.04083e-17 2.94795 1.78814 1.93045 2.10144 2.25717 2.48564 2.7537 2.99633 
3.19117 3.37071 3.57717 3.81761 3.82553 2.82352 3.09772 2.36664 2.59697 
3.28712 3.48246 3.70278 3.92492 4.04921 4.05205 2.15381 1.69328 1.80391 
1.97314 1.54382 1.34972 4.20025 4.0976 4.04083 4.23648 4.20664 4.3097 
4.33618 0.0970135 -6.93889e-18 0 0.147029 0.258834 0.397857 0.516837 0.608682 
0.821337 1.02262 1.1397 1.36894 1.20513 1.01066 0.819993 1.52474 1.70251 
0.63893 0.436501 0.220957 0.0407573 -1.38778e-17 -6.93889e-18 1.84045 1.97852 2.32421 
2.19266 2.48089 2.74137 3.01595 3.24751 3.43027 3.6731 3.9305 4.15021 
2.77034 3.06377 3.24052 3.43321 2.16916 2.22164 2.47674 3.64651 3.84156 
4.06391 4.21415 4.32308 2.01169 1.65677 1.64149 1.82518 1.44298 1.23203 
4.42939 4.42559 4.26806 4.47992 4.50131 4.52866 4.65087 0 -1.38778e-17 
0 0.105331 0 0.232105 0.340394 0.408633 0.472571 0.700065 0.924991 
1.02186 1.37648 1.37255 1.13888 0.924076 0.711048 1.67721 1.57136 1.83603 
0.516231 0.33166 0.18383 6.93889e-18 0 -3.46945e-18 2.01952 2.5073 2.47031 
2.15806 2.32711 2.63774 2.83714 3.0387 3.28173 3.49912 3.75246 4.00266 
4.15378 4.39443 4.40875 2.6578 2.90116 3.11489 3.33475 3.54196 3.75824 
2.05403 2.04425 2.25057 2.47319 3.99529 4.18053 4.41299 4.6014 1.84568 
1.44937 1.64387 1.23417 1.26612 1.07796 4.6058 4.72228 4.67643 4.62276 
4.81705 4.74799 4.86866 4.93108 1.38778e-17 0.0765797 0 0.208427 0.265559 
0.262586 0.317654 0.557413 0.795233 0.870409 1.26068 1.42669 1.09917 0.873927 
0.607985 1.73585 1.62034 1.90216 0.337729 0.18275 0 0 2.04696 
2.67122 2.53563 2.72689 2.16788 2.3567 3.08907 2.90048 3.3069 3.54228 
3.80025 4.05756 4.25392 4.51689 4.73915 2.5877 2.78848 3.06138 3.24548 
3.41056 3.62535 3.8382 4.07018 1.89101 2.04431 2.10965 2.28701 2.43498 
4.32699 4.57516 4.82087 4.86484 1.643 1.7091 1.24389 1.47705 1.12831 
1.09905 0.948712 4.9253 4.98456 4.85525 5.01813 5.10148 5.03879 5.16494 
5.2158 1.38778e-17 0.112535 0 0.104195 0.163064 0.395769 0.638017 0.717115 
1.1882 1.5531 1.30288 0.961382 0.755028 0.536296 0.297857 1.75541 1.95712 
0.0900411 0 2.72821 2.56411 2.93584 2.1559 2.25603 2.35094 2.50562 
3.34975 3.15042 3.57065 3.8341 4.09816 4.31555 4.56827 4.74317 4.9778 
5.01677 2.62714 2.95013 3.14741 3.33569 3.53641 3.70973 3.91054 4.17235 
4.40736 1.95609 1.78451 1.97807 2.19221 2.35296 2.43532 4.74637 4.96867 
5.10395 5.14428 1.54842 1.5677 1.04516 1.04635 1.34863 0.953798 0.788457 
5.20282 5.25181 5.15595 5.36361 5.38684 5.38903 5.53423 6.93889e-18 6.93889e-18 
0 0 0 0.238503 0 0.483679 0.574948 0.98849 1.41986 
1.70151 1.13731 0.787522 0.574611 0.378012 0.2307 -3.46945e-18 3.46945e-18 1.8373 
2.03304 0 0 2.91175 2.70966 3.13671 2.15998 2.2508 2.38831 
2.51286 2.69015 3.61394 3.38849 3.88071 4.10496 4.36174 4.60383 4.82022 
5.03695 5.27705 5.28086 2.51133 2.74833 2.94463 3.08628 3.26623 3.44927 
3.61944 3.8739 4.10593 4.38196 4.60093 1.62015 1.81572 2.05767 2.2469 
2.37114 4.81071 5.06488 5.27557 5.38458 5.44263 1.41329 0.875787 0.761853 
0.9034 1.17034 0.654232 5.55205 5.56681 5.5053 5.70741 5.61393 5.74943 
5.82513 -6.93889e-18 0.346677 0.100002 0.453882 0.828303 0.618007 1.18192 1.56783 
1.29603 1.69792 0.99842 0.34702 0.200923 0 0 1.94549 1.78633 
1.60489 2.08785 3.1067 2.89036 3.34426 2.18775 2.33653 2.68755 2.51093 
2.87967 3.60483 3.82473 4.3235 4.0477 4.53988 4.82624 5.06555 5.22124 
5.49936 2.57964 2.78469 2.89271 3.07078 3.22466 3.3878 3.59442 3.86589 
4.04768 4.26139 4.47323 4.67287 1.50127 1.65661 1.75022 1.9084 2.01106 
2.25935 2.11139 2.37884 4.98531 5.17937 5.41006 5.56182 5.68647 5.78075 
1.28907 0.472122 0.635225 0.791071 1.04358 5.83738 5.71047 5.91378 5.92607 
5.92409 6.05148 6.12126 0 0.217513 0 -6.93889e-18 0.81344 0.644266 
0.506688 0.245554 0.946901 1.41049 1.14555 0.983465 0.0690757 -1.73472e-18 1.95384 
1.85611 1.70652 1.56905 2.07597 3.3146 3.08819 3.56009 2.20152 2.3544 
2.88613 2.69868 2.53113 3.08521 3.78321 4.27484 4.01002 4.7158 4.51882 
4.95038 5.16 5.3747 5.71975 5.62126 2.45597 2.6537 2.78904 2.93507 
3.10956 3.33383 3.54023 3.72621 3.94026 4.13894 4.43202 4.62717 4.84984 
1.60343 1.44105 1.67871 1.86094 1.9734 2.33363 1.98036 2.07327 2.24098 
5.07319 5.27169 5.58548 5.78614 5.86705 5.99828 6.0909 1.18958 0.233088 
0.378844 0.540989 0.702657 0.94801 6.14035 5.83242 6.10237 6.03965 6.22312 
6.3113 6.24878 6.93889e-18 -1.73472e-18 0.592024 0.441284 0.236912 0.0376548 3.46945e-18 
0 0.695717 1.3876 1.28409 1.07143 0.884674 0.803439 -6.93889e-18 0 
1.9624 1.85173 1.75748 1.61776 1.47373 2.07763 3.53343 3.30064 2.21332 
2.38613 3.10051 2.91861 2.71376 2.56955 3.30183 3.76053 4.23829 3.9903 
4.75768 4.44758 4.69389 4.92738 5.12986 5.37836 5.56914 5.84474 5.76894 
2.5637 2.74495 2.81534 2.98721 3.2401 3.45905 3.67685 3.89245 4.08421 
4.3004 4.51721 4.71737 5.03991 1.32902 1.52544 1.63717 1.89098 1.74041 
2.3914 1.99437 2.20342 2.33319 5.23325 5.4633 5.61995 5.72624 5.89432 
5.9644 5.94736 6.00771 1.09602 0 0.133755 0.297124 0.451426 0.582225 
0.846056 6.14642 5.96178 6.15928 6.05325 6.14209 6.01808 5.96095 0.353551 
0.208637 -3.46945e-18 0 -3.46945e-18 3.46945e-18 0.481188 1.28968 1.15902 0.924645 
0.769161 0.614587 1.96054 1.84795 1.72545 1.58889 1.40636 2.08109 3.52334 
2.22403 2.34824 2.50515 3.31431 3.14037 2.87098 3.08058 2.73036 3.52558 
3.75343 4.21584 3.98892 4.40468 4.63825 4.89717 5.30064 5.13408 5.51457 
5.71988 5.9911 5.95676 2.48229 2.68222 2.79059 2.91107 3.13986 3.44039 
3.62552 3.82299 4.04289 4.24994 4.43226 4.62048 4.94962 5.14039 5.33246 
1.21354 1.4489 1.59289 1.58848 1.64068 1.81092 1.92486 2.20288 2.02891 
2.32696 5.42027 5.55092 5.56532 5.6433 5.78901 5.84872 5.82658 5.87966 
0.96223 0 0 0.0591195 0.199159 0.314067 0.421743 0.69812 5.91599 
5.97775 5.74356 5.7316 5.83985 5.68605 0.152787 0.0310392 0 6.93889e-18 
0.298825 1.01652 1.19164 0.844686 0.646649 0.465085 1.95342 1.82291 1.67132 
1.46953 2.0867 2.25199 2.38127 2.4815 2.65552 3.53356 3.31727 2.92856 
3.08238 3.31741 2.86411 3.75653 4.24455 3.98935 4.48438 4.6814 4.88486 
5.35866 5.07062 5.32438 5.53229 5.69583 5.8803 5.84313 5.77156 2.39551 
2.60327 2.76254 2.83992 3.00959 3.28467 3.47157 3.60037 3.74374 4.03797 
4.20531 4.39068 4.59895 4.83356 4.96065 5.11063 5.18154 1.05861 1.31524 
1.50149 1.49474 1.68001 1.86569 2.24939 1.88009 2.06457 5.20691 5.39123 
5.48214 5.47096 5.53074 5.66929 5.72167 5.6848 5.63659 0.808303 -6.93889e-18 
0 -3.46945e-18 -6.93889e-18 0.0527906 0.145303 0.243998 0.535011 5.63692 5.54239 
5.50289 5.64542 5.3644 5.41448 0 0 -1.38778e-17 -6.93889e-18 1.73472e-17 
0.159381 0 0.913021 1.31751 1.01239 0.682968 0.490418 0.344211 1.93392 
1.78679 1.59424 2.0321 2.15846 2.32479 2.59134 2.4444 2.77765 3.76699 
3.54491 3.27062 3.02617 3.52819 4.18596 4.45905 4.00074 4.90086 4.72995 
5.1171 5.28344 5.59563 5.46303 5.76099 5.83799 5.77747 5.51615 5.47461 
2.48562 2.63872 2.74155 2.92018 3.18005 3.34421 3.43762 3.60968 3.74987 
3.95008 4.16533 4.35138 4.52964 4.67098 4.73954 4.90115 4.95717 5.00962 
0.905859 1.11151 1.32807 1.48378 1.52867 1.69416 2.1369 2.4259 2.20876 
1.78632 2.02738 1.85276 5.04623 5.15292 5.3057 5.36264 5.33758 5.40277 
5.53131 5.52413 5.39806 5.35219 0.666201 0 6.93889e-18 6.93889e-18 0 
6.93889e-18 0 0.0478329 0.358843 5.38054 5.27008 5.32733 5.17774 5.06664 
5.06131 5.14219 5.18818 0.0678836 -1.38778e-17 0 0.689426 1.09341 1.48735 
1.33126 0.837992 0.49457 0.284419 1.92165 1.76219 1.62975 2.05292 2.12514 
2.24549 2.61545 2.34755 2.53567 2.75202 2.96911 3.78871 3.46649 3.21482 
3.75098 4.23634 4.41986 4.65027 4.0078 4.91849 5.10846 5.30079 5.69238 
5.39367 5.54616 5.83835 5.72501 5.53696 5.22009 5.18032 2.58787 2.77673 
3.03842 3.2237 3.32885 3.48878 3.68057 3.86113 4.06633 4.22842 4.26381 
4.41089 4.48182 4.52897 4.74193 4.7878 4.84894 0.866783 1.15343 1.3735 
1.3526 1.55095 1.71506 2.60703 2.39531 2.01882 2.18757 1.68653 1.83626 
4.98076 4.99913 5.0847 5.13911 5.22836 5.20742 5.25723 5.28659 5.20226 
5.05897 0.510813 0.660331 3.46945e-18 -6.93889e-18 -6.93889e-18 0.144862 0.358735 5.02327 
5.05918 4.9211 4.86102 4.73859 4.8279 4.9391 4.92033 0.0265734 0 
-1.38778e-17 0.550151 0.325322 0.917099 1.10519 1.50948 1.42019 0.73933 1.86579 
2.01666 1.7537 1.62298 2.14462 2.18991 2.34458 2.46834 2.73451 2.63293 
2.91579 3.1595 3.62386 3.41906 3.98547 3.8488 4.21993 4.4464 4.60034 
4.84774 4.99892 5.23289 5.76944 5.40616 5.53622 5.62674 5.44148 5.17119 
4.97515 4.95191 4.80653 2.84213 3.05803 3.18331 3.36137 3.57288 3.65986 
3.76838 3.83676 4.01716 4.19334 4.24807 4.30986 4.3722 4.53792 4.61165 
4.63955 4.82152 0.686213 0.851474 1.13415 1.33836 1.50292 2.59303 2.35711 
2.00455 2.16563 1.64801 1.81346 4.91978 4.94493 4.96207 5.02921 4.92991 
5.09091 5.05197 5.04492 4.92528 4.80803 0.45428 0.570045 0 0.3312 
1.38778e-17 0.0806345 0.285815 4.73856 4.53507 4.47946 4.50383 4.77869 4.65573 
0.0262126 6.93889e-18 3.46945e-18 0.590411 0.419488 0.258992 0.779872 1.19833 0.959919 
1.58251 1.55708 1.38498 1.86352 1.94981 2.06088 1.74783 1.63105 1.64453 
2.19877 2.36026 2.49363 2.86922 2.60809 2.76431 3.04693 3.33285 3.25318 
3.6394 3.51618 4.08792 3.79627 4.05326 4.31838 4.77644 4.53018 4.9112 
5.08106 5.30387 5.66263 5.554 5.51884 5.22205 5.05819 4.88203 4.61313 
4.54162 2.77492 2.98552 3.20202 3.25915 3.3346 3.42433 3.59019 3.71048 
3.79451 4.0245 4.07739 4.16221 4.32735 4.38843 4.44136 4.47892 4.59508 
4.71148 0.539273 0.622445 0.549455 0.910088 1.15961 1.29441 1.47737 2.59856 
2.21447 2.3905 2.26493 1.94233 2.1035 1.53268 1.68363 1.78615 4.81404 
4.87689 4.8783 4.80813 4.72456 4.89187 4.77847 4.65173 4.57658 4.58109 
0.418451 -6.93889e-18 0.0367089 0.483026 0.254515 4.52045 4.36596 4.32472 4.18982 
4.2718 4.30805 4.18123 4.41127 0.0423753 -3.46945e-18 1.38778e-17 0.45745 0.248546 
0.678307 1.08917 0.881523 1.61358 1.62466 1.13822 1.55927 1.47368 1.32908 
1.83492 1.96299 2.05475 1.67232 1.7687 2.14727 2.25858 2.42216 3.06582 
2.96793 2.77121 2.59152 3.21936 3.46479 3.72773 3.99502 4.26179 4.73337 
4.45797 4.93634 5.06926 5.19401 5.35967 5.65341 5.43 5.57333 5.21591 
5.01428 4.62137 4.6819 4.43533 4.40428 4.26305 2.65298 2.79033 2.92356 
2.99482 3.07614 3.1792 3.31579 3.44167 3.54919 3.63341 3.8152 3.90937 
3.96851 4.17583 4.22269 4.27707 4.41114 4.46274 4.49583 4.57116 0.338267 
0.632607 0.842738 0.979164 1.09479 1.24742 1.39178 1.10366 2.49947 2.31523 
2.12201 2.07499 1.96428 1.90623 1.37715 1.49329 1.64075 1.74964 4.72429 
4.6394 4.62069 4.57365 4.43681 4.51365 4.46517 4.34218 4.26973 6.93889e-18 
6.93889e-18 -6.93889e-18 0.0823213 3.99278 3.92676 3.93491 4.10238 4.15007 3.98951 
0.104641 -1.38778e-17 1.38778e-17 0.401744 0.716219 0.543084 0.93765 0.955313 1.0933 
1.5763 1.46928 1.36206 1.90542 2.05396 1.7702 1.6687 2.16525 2.26449 
2.39733 2.94708 3.17185 2.77354 2.50361 2.67375 3.4193 3.67124 3.93102 
4.19458 4.62054 4.85755 4.37878 5.01301 5.20729 5.35051 5.27971 5.49312 
5.11789 4.94213 4.51382 4.66492 4.41403 4.33456 4.06532 4.00222 2.58297 
2.65119 2.72918 2.84635 2.9895 3.05105 3.15962 3.28097 3.40278 3.58735 
3.67407 3.76094 3.82224 3.98081 4.05225 4.08254 4.20806 4.31067 4.38768 
4.36811 0.123371 0.399124 0.756098 0.62307 0.914837 1.05421 1.21974 2.32745 
2.04644 1.82318 1.84659 1.67211 1.76706 1.34193 1.44547 1.59859 1.70285 
4.42689 4.3024 4.32913 4.26687 4.2526 4.22573 4.2419 4.16084 4.02459 
3.9298 -6.93889e-18 0 3.81772 3.7843 3.64294 3.70991 3.84693 3.75547 
3.58107 3.90015 0.221836 -6.93889e-18 0 1.38778e-17 0.416016 0.809495 0.493956 
0.643771 0.765521 0.831883 1.24512 1.05765 1.55622 1.426 1.84355 1.94495 
2.09191 1.72355 2.2494 2.34559 3.11758 2.89778 3.38039 2.50904 2.6239 
2.82467 3.62469 3.86956 4.12691 4.52539 4.73901 4.32429 4.88971 5.1071 
5.31428 5.25331 5.01802 5.32886 4.73154 4.52339 4.36049 4.13297 4.15536 
4.06449 3.89468 3.80965 3.71203 2.38 2.49242 2.64972 2.75763 2.85378 
2.96623 3.12609 3.21252 3.39855 3.56803 3.62445 3.7789 3.83677 3.89333 
3.95746 4.00221 4.10174 4.15979 0 6.93889e-18 0.138765 0.570324 0.378628 
0.749619 0.877174 0.901062 1.05957 1.18577 2.04118 1.71716 1.49005 1.57301 
1.39762 1.51039 1.28567 1.37471 1.54398 1.46053 4.22823 4.08118 3.98138 
4.02503 3.99545 4.10199 4.04898 4.03808 3.93104 3.8405 3.70988 3.63916 
3.44699 3.37762 3.37054 3.67271 3.31436 3.34007 0.414363 0.125641 0 
0 0.57612 0.644185 0.803542 1.23993 1.0698 1.60522 1.54852 1.35191 
1.83684 1.90597 1.98634 2.13217 1.72548 2.21781 2.39744 3.26148 3.06595 
3.60711 3.48163 2.76007 2.58513 2.94127 3.81354 4.05314 4.54504 4.69102 
4.19519 4.42662 4.88014 5.0783 5.22124 5.37244 5.13052 4.97785 4.78891 
5.06576 4.44128 4.27154 3.93133 3.86868 4.13993 3.90879 3.76064 3.50778 
3.55119 3.42994 2.13832 2.29135 2.39698 2.46626 2.67363 2.74803 2.86794 
2.98841 3.12253 3.22216 3.37815 3.43114 3.63102 3.67576 3.73639 3.79262 
3.92242 3.96158 3.98313 3.95022 0 0 0.0190574 0.259731 0.529446 
0.73043 0.7195 0.912067 1.01982 1.12627 1.77639 1.94337 1.43998 1.47623 
1.22847 1.23652 1.2849 1.19334 1.28375 1.18577 1.26079 1.37391 1.24526 
3.89751 3.75717 3.66277 3.90122 3.79418 3.71814 3.67142 3.89497 3.88116 
3.75478 3.61905 3.53799 3.4161 3.28318 3.15764 3.15965 3.13592 3.19838 
3.01737 3.09512 3.2598 3.15912 2.97323 0.165441 0.316084 0 -6.93889e-18 
0.450562 0.520818 0.644476 0.789764 1.118 1.58667 1.4064 1.80727 1.95933 
2.04007 2.16244 2.27754 2.45961 3.27827 3.16451 3.74856 3.43553 3.68059 
2.90616 2.69235 3.98674 4.64339 4.17869 4.39026 4.85233 5.08059 5.25008 
5.3168 4.87935 4.68488 5.06286 4.81584 4.38221 4.11552 3.62604 3.56666 
3.97748 3.77736 3.28863 3.20003 3.3821 2.03866 2.05041 2.09246 2.39316 
2.56811 2.62804 2.71113 2.85806 3.0307 3.16758 3.22596 3.28818 3.43716 
3.51061 3.56912 3.59927 3.72383 3.83808 3.75869 3.46945e-18 3.46945e-18 2.1684e-19 
0 0.50098 0.145646 0.374574 0.60299 0.804483 0.960368 1.05236 1.7326 
1.33122 1.46963 1.2057 1.21063 1.07572 1.04034 0.997078 1.0658 1.01804 
1.13846 1.00759 1.10181 1.09969 1.10446 1.0902 3.57528 3.43793 3.35094 
3.67911 3.6204 3.49301 3.40116 3.34937 3.63332 3.53104 3.473 3.32577 
3.11146 3.02299 2.86872 2.87065 2.88977 2.84212 2.7396 2.74555 3.07969 
2.68815 2.73898 3.46945e-18 0.0324024 0.243318 0.370567 0.433544 0.251923 0.842932 
0.557068 1.1972 1.62965 1.5133 1.80362 1.94356 2.09004 2.27513 2.39376 
2.60865 3.04725 3.40485 3.27026 3.93311 3.6234 3.87531 2.85252 4.60265 
4.13361 4.34339 4.81201 4.96614 5.12868 5.1735 4.44202 4.94488 4.71024 
4.25921 4.13123 3.88664 3.50462 3.21719 3.29701 3.5554 3.13744 3.01871 
2.89228 2.88848 1.7107 1.71061 1.91347 2.15827 1.8507 1.78814 2.36559 
2.4724 2.51387 2.61286 2.68691 2.82003 2.97261 3.11528 3.2354 3.28591 
3.3499 3.40825 3.48108 3.52893 3.60889 0 0 0.151117 0.583372 
0.363443 0.763001 0.9246 1.41221 1.31499 1.19993 1.08097 1.02078 0.95289 
0.937089 0.828745 0.710662 0.997186 0.902917 0.855968 0.758529 0.786214 0.928221 
0.965395 1.01358 0.979539 0.945876 0.894444 3.25762 3.12556 3.05133 3.40558 
3.39449 3.31231 3.17149 3.07228 3.03028 3.44156 3.29937 3.43281 3.33056 
3.28491 3.15705 2.71358 2.60074 2.56562 2.54447 2.63074 2.63001 2.46051 
2.57307 2.43752 2.42645 2.82056 2.65584 2.56579 2.43481 1.38778e-17 0.0225187 
-6.93889e-18 -1.04083e-17 0.131341 0.188001 0.336337 0.0167853 0.965312 0.553472 0.668656 
0.347129 1.33859 1.1578 1.48584 1.7059 1.8509 1.9632 2.15794 2.54461 
2.33321 2.73127 3.06379 3.54998 3.22154 3.472 3.81166 4.07795 2.95165 
4.55707 4.2874 4.79391 4.99757 5.08656 4.96507 4.4489 4.15881 4.66122 
3.98881 3.82683 3.3828 3.00511 2.94757 3.22302 3.58218 3.36937 2.8529 
2.75107 2.68991 2.63291 1.56941 1.49131 1.45061 2.07372 1.8493 1.66675 
1.6368 1.54544 2.23481 2.35632 2.39655 2.4832 2.63777 2.70933 2.77876 
2.91253 3.05511 3.12553 3.19008 3.24011 3.35609 3.44566 -6.93889e-18 0 
0.144038 0.554422 0.365755 0.665315 1.20674 1.08997 0.972039 0.768564 0.58161 
0.419917 0.494461 0.82812 0.766757 0.640537 0.485369 0.639584 0.757867 0.538189 
0.86723 0.892581 0.795003 0.744706 0.685321 2.94804 3.28957 3.18638 3.12547 
3.0804 2.97219 2.82405 2.74333 2.72264 3.02989 3.06858 3.27399 3.16036 
2.91871 2.86055 2.42453 2.39665 2.30262 2.24854 2.39619 2.33381 2.22266 
2.46865 2.29495 2.21937 2.14923 2.13371 2.28999 2.14316 2.4419 2.16444 
1.73472e-18 -6.93889e-18 0.0303624 0 0 0.0588661 0.131879 8.67362e-18 0.929006 
0.321572 0.378301 0.64474 0.151147 1.31417 1.16747 1.62415 1.39598 1.7718 
1.94182 2.12185 2.72122 2.50644 2.29835 3.73842 3.42154 3.18002 3.65351 
4.01531 2.92943 4.48519 4.23378 4.59632 4.71801 4.89522 5.11456 4.79652 
4.44095 4.31016 4.21536 3.98149 4.61017 3.72064 2.97533 2.75318 2.73675 
2.54625 3.11923 3.50293 3.30686 2.49197 1.33763 1.24191 1.22762 1.97857 
1.71885 1.4704 1.41834 2.15102 2.24189 2.30773 2.46888 2.55788 2.73466 
2.81281 2.89461 2.97159 3.03005 3.04852 3.12828 0 0 0.12658 
0.555926 0.28218 1.03331 0.777217 0.522759 0.325655 0.267727 0.1805 0.326726 
0.601073 0.384825 0.244567 0.579187 0.300105 0.503157 0.380302 3.01044 2.8981 
2.86062 2.69335 2.62373 2.49261 2.43206 2.83526 2.84165 2.74917 3.01209 
2.67001 2.80681 2.68447 2.65291 2.58463 2.22381 2.16582 2.01938 2.07376 
1.87393 2.17554 1.97507 1.97378 1.91252 1.81992 1.9921 1.82968 1.87038 
2.1392 1.86133 6.93889e-18 6.93889e-18 0 0 6.93889e-18 0.935986 0.126464 
0 0 0.163789 0.315769 0.609652 0 1.24191 1.52019 1.72565 
1.91452 2.10173 2.69621 2.47781 2.27667 3.9422 3.59421 3.43277 3.15415 
3.76848 2.90731 4.4224 4.23751 4.54036 4.74252 4.89691 5.00585 4.79527 
4.62524 4.53898 4.31837 4.11478 3.90092 3.58672 2.89968 2.70294 2.39569 
2.19257 3.00029 3.30796 1.23982 1.10839 1.01011 0.974815 1.85114 1.55449 
1.30263 1.99078 2.10496 2.22076 2.33495 2.39169 2.6089 2.41436 2.66981 
2.72861 2.85059 2.85736 2.95994 2.95124 6.93889e-18 0 0.099072 0.491073 
0.74875 0.328225 0.0699978 0.175064 0.0422142 3.46945e-18 0 0.208745 0.339151 
0.236857 0.171547 0.0718841 0.0680386 0.187984 0.284266 0.171268 2.72648 2.61437 
2.51603 2.35156 2.36921 2.3035 2.18656 2.69699 2.6332 2.57016 2.4939 
2.46011 2.83841 2.49759 2.49067 2.4129 2.6027 2.46992 2.32241 1.90534 
1.92818 1.65679 1.59002 1.62128 1.77653 1.66423 1.66931 1.5303 1.52708 
1.51556 1.62105 2.00836 1.90005 1.72918 1.63425 1.07005 0.853733 0.00163821 
-4.33681e-19 -6.93889e-18 1.73472e-18 0 0.325409 0.0819893 -1.73472e-18 0.557174 1.21396 
1.36021 1.50747 1.69517 1.91011 2.11094 2.67167 2.45163 2.25085 3.95086 
3.70798 3.3727 3.62399 3.13099 2.89524 4.16004 4.39661 4.64142 4.87298 
4.82236 4.68573 4.46651 4.42908 4.17441 3.84683 3.54495 2.71421 2.49615 
2.1622 2.25481 2.11271 1.96343 3.09764 2.87965 3.37922 3.23332 1.05736 
0.867603 1.72659 1.36129 1.48929 1.18718 1.86408 1.98663 2.09849 2.254 
2.45807 2.20766 2.51232 2.53868 2.65072 2.63734 2.78155 6.93889e-18 6.93889e-18 
0.269316 0.352236 0.489991 0.700871 0.183372 0 -6.93889e-18 1.38778e-17 0.0501986 
1.73472e-18 6.93889e-18 -6.93889e-18 0.205041 0.192181 0.114869 0 0 0 
6.93889e-18 -6.93889e-18 0 0.0733602 0.147796 0 6.93889e-18 2.37938 2.21087 
2.04995 2.06377 2.05964 2.43887 2.29797 2.21728 2.21115 2.29977 2.26833 
2.19384 2.55964 2.41854 2.41812 2.36032 2.28363 2.20956 2.13006 2.05196 
1.79992 1.6307 1.66334 1.48885 1.4076 1.39057 1.36676 1.50528 1.43625 
1.34646 1.39649 1.30821 1.28952 1.26148 1.38811 1.30964 1.21631 1.48245 
1.77178 1.49204 1.07337 0.842401 -6.72205e-18 2.1684e-19 0.101592 0.282033 -6.93889e-18 
0 1.38778e-17 0.600543 0.368687 1.29155 1.43135 1.68122 1.84828 2.03529 
2.63839 2.4305 2.23252 3.88652 3.56671 3.34639 3.78709 3.13684 2.79522 
3.02239 4.38742 4.08789 4.6315 4.84372 4.79408 4.57078 4.12172 4.21997 
3.91793 3.64118 3.47474 2.6624 2.5375 2.37009 2.11874 2.03349 1.88097 
1.7255 3.04762 2.7244 3.29917 0.876653 0.990792 1.6196 1.30933 1.38764 
1.14883 1.74577 1.8643 1.94123 2.06173 2.33311 1.96044 2.02286 2.14232 
2.3427 2.45287 2.46114 2.47007 0.0718524 0.212925 0.32289 0.36557 0.49186 
0.819282 0.664987 -1.38778e-17 6.93889e-18 0.0877526 -6.93889e-18 -1.38778e-17 6.93889e-18 6.93889e-18 
1.92561 1.80315 1.79539 1.96488 1.81503 1.73968 2.11144 2.03358 1.8741 
2.14393 1.93758 2.39445 2.22316 2.27008 2.08885 1.94528 1.78637 1.52056 
1.44563 1.41891 1.28655 1.24555 1.18025 1.21217 1.2434 1.13778 1.16295 
1.18424 1.07242 1.09393 1.11084 0.986726 1.2897 1.13101 0.992865 1.6801 
1.54244 1.34753 1.17999 1.13111 0.939413 0.707916 0 6.93889e-18 0.0655531 
0.512304 0.362155 0.204408 1.21765 1.47541 1.72608 1.89376 2.02368 2.61988 
2.42584 2.15146 2.34465 3.69818 3.58094 3.30767 3.85992 2.82599 3.2383 
2.98429 4.39053 4.13329 4.64018 4.80279 4.64581 4.41107 4.0459 4.19019 
3.98073 3.8825 3.63949 3.43415 2.42349 2.11284 1.81631 1.79873 1.6671 
2.99614 2.79807 2.3853 2.50511 3.09273 0.901817 1.50336 1.26376 1.02426 
1.61668 1.77315 1.89354 1.71943 1.84905 1.95364 2.15132 1.97877 2.25828 
2.26354 0 -6.93889e-18 0.0535918 0.213402 0.333817 0.42306 0.787475 0.553478 
-6.93889e-18 -6.93889e-18 1.61802 1.64924 1.54451 1.72342 1.60975 1.54358 1.77197 
1.64071 1.54478 1.58333 2.06604 2.02173 2.07466 1.9003 1.8777 1.83578 
1.77148 1.67895 1.5219 1.50182 1.31813 1.17744 1.1922 1.01367 0.978756 
0.920767 0.802559 0.683059 1.08462 0.943378 0.844775 1.37528 1.17195 1.01757 
0.886319 1.08365 1.01559 0.816969 0.511077 -6.93889e-18 0.0415429 0 6.93889e-18 
0.211671 1.27529 1.06864 1.36001 1.61224 1.84158 2.00361 2.52875 2.73101 
2.17175 2.27073 2.46089 2.54902 3.53619 3.76018 3.96841 3.42162 3.17463 
2.93639 4.31472 4.52421 4.16851 4.68202 4.54596 4.24345 4.05363 3.82932 
3.65133 3.52525 3.32605 2.14145 2.00995 1.83663 1.70414 1.54357 1.57946 
2.92708 2.75613 2.32702 2.48847 2.22053 2.21808 3.05872 2.82378 1.37022 
1.13558 0.903054 1.44554 1.57913 1.47967 1.53665 1.65523 1.77441 2.0265 
1.81823 2.07968 2.09471 0 0 0.0344213 0.189045 0.31896 0.674465 
0.448997 1.32718 1.55552 1.4999 1.43382 1.56682 1.45788 1.38589 1.42611 
1.31805 1.38385 1.38647 1.30634 1.94852 1.80883 1.91344 1.74585 1.69464 
1.64439 1.42053 1.27648 1.36567 1.18147 0.996684 0.966144 0.817223 0.750435 
0.807134 0.6959 0.636843 0.573485 0.479563 0.554926 0.391167 0.337866 0.769656 
1.12117 1.01697 0.842723 0.651901 0.613588 0.924576 0.770239 0.470786 0.227244 
6.93889e-18 0 0 0 1.22255 1.15645 0.908331 1.4681 1.26715 
1.60164 1.79085 1.9518 2.10463 2.70325 2.28919 2.66734 2.42272 3.74668 
3.70658 3.87019 4.01224 3.33193 3.55239 3.15099 2.89577 4.34576 4.48325 
4.22685 4.66507 4.44454 4.23636 3.99313 3.5936 3.66782 3.35304 3.08537 
1.94346 1.90835 1.65862 1.59992 1.45061 1.33384 1.30828 2.54587 2.33938 
2.1595 2.09334 1.91766 1.94743 2.90327 2.74473 2.56945 1.22649 0.995884 
0.778244 1.40808 1.27955 1.32623 1.48812 1.54912 1.60596 1.85537 1.65338 
6.93889e-18 0 -6.93889e-18 0 0.0745957 0.219023 0.560523 0.361263 1.23443 
1.08365 1.23202 1.09881 1.23417 1.16906 1.07772 1.75176 1.59687 1.60093 
1.58638 1.55519 1.5253 1.47481 1.1768 1.15004 1.09194 1.12359 1.08988 
0.877716 0.657988 0.641052 0.496771 0.582639 0.641339 0.563481 0.521869 0.509425 
0.41843 0.292003 0.314561 0.339474 0.251381 0.138502 0.162176 0.0406056 0.964765 
0.944556 0.787742 0.598752 0.485548 0.475458 0.657703 0.216252 0.435058 0.0195909 
3.46945e-18 1.0641 0.908966 0.683311 1.46823 1.25716 1.03761 1.64587 1.74513 
1.90827 2.05182 2.1982 2.55309 2.75594 2.88 2.36634 3.86195 3.85949 
3.97213 3.36943 3.50596 3.67906 3.05225 3.31082 4.4361 4.1613 4.45224 
4.3266 4.1859 3.91463 3.44232 3.57132 3.3304 3.26013 3.07133 2.7502 
1.80842 1.67104 1.69566 1.49918 1.49575 1.39125 1.18738 1.12004 1.01104 
2.2161 2.05306 1.8912 1.79641 1.59955 1.63473 2.62413 2.39967 1.04415 
1.07734 0.850665 0.65328 1.11857 1.14365 1.35863 1.16547 1.39956 1.42912 
1.67757 1.5164 6.93889e-18 -1.38778e-17 0 0 0.15237 0.42765 0.976567 
0.901221 1.04998 0.982453 0.848364 0.944254 0.928699 0.809315 1.59244 1.40178 
1.40363 1.39117 1.38576 1.18495 0.886449 0.913451 0.934668 0.970471 0.655915 
0.434148 0.350154 0.444582 0.303918 0.25988 0.394923 0.350955 0.212297 0.175677 
0.274866 0.136458 0.0814982 0.0248424 6.93889e-18 0 0.0202542 6.93889e-18 -6.93889e-18 
1.38778e-17 0.697723 0.559194 0.439107 0.409419 0.0203958 0.150458 0.42288 6.93889e-18 
6.93889e-18 3.46945e-18 0.812853 0.601986 1.38416 1.59942 1.2365 1.09251 0.797336 
1.76259 1.8452 1.99493 2.14038 2.54497 2.88419 2.62836 3.02913 2.26501 
2.38668 4.08756 3.85538 3.6193 3.18224 3.46083 4.37659 4.3786 4.20409 
4.00816 3.76415 3.48839 3.30025 3.10178 2.99605 2.86493 2.62433 2.3943 
1.57215 1.34906 1.4194 1.22988 0.943026 0.805635 2.0953 1.82535 1.71756 
1.55272 1.47609 1.29368 1.32971 2.11455 0.901535 0.625943 0.67213 0.943836 
1.20195 0.990366 1.23723 1.24912 1.32282 -6.93889e-18 0 0 0.211707 
0.500717 0.339935 0.907504 0.742807 0.571686 0.76493 0.797419 0.725846 0.660575 
0.597788 0.645112 1.16734 1.18404 1.22388 1.21679 0.997338 0.720377 0.656973 
0.667061 0.712239 0.474324 0.319833 0.181052 0.0652354 0.268052 0.233111 0.0808976 
0.229227 0.198479 0.166008 0.0601836 0.0125714 0.23239 0.0959735 0.0433246 3.46945e-18 
0 0 -1.38778e-17 6.93889e-18 -3.46945e-18 -3.46945e-18 0.472215 0.432455 0.377882 
-3.46945e-18 0 0.259706 0.0811196 6.93889e-18 0 0.400943 0.471965 1.23979 
1.44364 1.69233 1.15549 1.01105 0.770623 0.519317 1.85014 1.93893 2.01175 
2.14931 2.66201 2.79731 3.02298 2.44465 2.20379 3.99787 4.16234 3.75943 
3.24053 3.50089 4.27314 4.23515 4.00422 3.64511 3.39021 3.3208 3.1512 
2.91665 2.66125 2.70707 2.46175 2.29736 2.11914 1.20262 1.10042 0.983696 
1.03966 0.839409 0.619573 1.90643 1.72193 1.50104 1.3971 1.25775 1.18126 
1.05503 1.01525 1.77639 0.700233 0.415611 0.710985 0.76914 1.03954 0.792366 
1.08952 1.15467 0 0.146799 0.601025 0.45504 0.374785 0.375604 0.432796 
0.440569 0.424334 0.425496 0.931689 0.989975 0.995545 1.08073 0.844861 0.450926 
0.388 0.509934 0.570066 0.437596 0.284549 0.153962 0.0193 0 0 
0 -1.38778e-17 6.93889e-18 0.0671912 6.93889e-18 -6.93889e-18 6.93889e-18 0.0387604 -6.93889e-18 
0 1.04083e-17 0 0.207802 0.0777576 0 6.93889e-18 -6.93889e-18 0 
6.93889e-18 -6.93889e-18 0.262047 0.245814 6.93889e-18 -5.20417e-18 0.0163803 0.259173 1.2725 
1.10115 1.31179 1.53073 1.75458 0.853126 0.643126 0.423918 0.256706 1.83842 
1.9651 1.99795 2.57379 2.82895 2.61621 3.02656 2.28289 2.3779 2.01213 
2.12717 3.99717 3.76199 3.26119 3.51636 3.99661 4.11246 3.74105 3.54332 
3.44316 3.22286 2.99424 2.79499 2.35619 2.58389 2.18126 1.98199 0.762067 
0.607255 0.374417 1.61199 1.46898 1.21566 1.11559 0.954581 0.719455 1.68962 
1.43894 0.519435 0.160091 0.27132 0.594181 0.549193 0.905881 0.602936 0.657203 
6.93889e-18 -1.38778e-17 1.38778e-17 0.336358 0.256492 0.274781 0.18023 0.203172 0.194917 
0.220481 0.19894 0.15618 0.68176 0.777107 0.858751 0.66184 0.253645 0.174063 
0.196643 0.352244 0.376961 0.196477 0.106774 1.73472e-18 0 6.93889e-18 1.38778e-17 
6.93889e-18 -6.93889e-18 -6.93889e-18 -6.93889e-18 -3.46945e-18 3.46945e-18 6.93889e-18 0.0864 0 
-6.93889e-18 0 0 0.103324 8.67362e-18 0.0609348 0 3.46945e-18 1.21312 
1.12621 0.920651 1.35871 1.16078 1.45335 1.61125 0.632716 0.209178 0.28979 
0.0896961 1.71784 1.80208 1.82346 2.69141 2.84017 3.03132 2.46595 2.18224 
1.92474 1.94688 3.77298 3.25595 3.4185 3.61743 3.94503 3.96887 3.76859 
3.51675 3.31361 3.11846 2.83565 2.33487 2.08368 2.54442 1.73855 0.500422 
0.412232 0.257134 1.31851 1.18523 0.986912 0.66485 0.44904 0.364915 1.56523 
1.44103 1.15978 0.393411 1.38778e-17 0 1.38778e-17 0.145102 0.261505 0.394083 
0.405784 0.510568 0.113894 0.0974595 6.93889e-18 0 1.38778e-17 -1.38778e-17 0 
0 1.38778e-17 0 1.38778e-17 0 1.38778e-17 0 0 0 
-6.93889e-18 0.511126 0 0 0 3.46945e-18 0 0 0.155527 
0.262448 0.0967415 6.93889e-18 0 -1.73472e-18 6.93889e-18 0 -6.93889e-18 -6.93889e-18 
6.93889e-18 -6.93889e-18 0 0 0.989943 0.778815 1.27863 1.05793 0.924427 
1.43198 1.47404 1.58729 0.502302 0.0171268 0.231591 0.0432087 3.46945e-18 1.61217 
1.67313 1.73829 2.73023 2.93545 3.08695 2.23372 2.48098 1.99046 1.76211 
3.75913 3.21293 3.29548 3.5872 3.83465 3.81138 3.56883 3.32429 3.08832 
2.80367 2.32925 2.17919 1.98259 2.57698 2.42062 1.75297 1.51481 0.242996 
0.106092 0 1.0485 0.894779 0.634404 0.407087 0.305501 0.194242 0.0870023 
1.3089 1.13806 0.918034 0 0 -6.93889e-18 6.93889e-18 0.0839953 0.172785 
0.27249 0 -6.93889e-18 -6.93889e-18 0 0 0 0.041154 -1.38778e-17 
6.93889e-18 0.675828 1.11266 1.28945 0.974659 0.839954 1.39654 1.41324 0.407731 
-6.93889e-18 1.04083e-17 -3.46945e-18 0.0618294 0.113392 -6.93889e-18 -6.93889e-18 1.42741 1.52259 
1.54698 2.73136 2.99747 2.27401 2.0533 2.48443 1.8142 1.58102 2.99793 
3.27543 3.56363 3.65433 3.6424 3.39626 3.10431 2.85086 2.67998 2.22208 
1.98931 2.47801 1.78709 1.57298 1.34941 0 0 6.93889e-18 1.38778e-17 
0.760439 0.507352 0.31824 0.28138 0.260641 0.171595 0.0181316 0 0 
-3.46945e-18 1.38778e-17 1.18267 0.964178 0 -1.38778e-17 -6.93889e-18 -1.38778e-17 3.46945e-18 
3.46945e-18 0 0 0.584629 0.936275 1.07463 1.16593 0.880251 0.73505 
1.24517 0.34901 -6.93889e-18 0.170008 0.0108636 -1.04083e-17 0 1.32693 1.3392 
1.36994 2.7155 2.13701 2.28886 1.91384 2.3867 2.53988 1.6347 1.40234 
2.88034 3.09153 3.24194 3.44997 3.62156 3.43581 3.22124 2.96853 2.72177 
2.2446 2.00245 2.52861 1.8019 1.65381 1.44152 0.792321 0.5967 0.28871 
0.167124 0.200258 0.0612268 0.213856 0.178 0.0946907 0 -5.20417e-18 -3.46945e-18 
0 1.22329 1.02299 0.490677 0.92354 0.785339 0.954727 0.866429 1.01282 
0.585159 1.09357 0.337996 3.46945e-18 0 0.0928116 0.345833 1.73472e-18 1.19036 
1.18947 2.66775 2.1822 1.69271 1.93942 2.4528 1.45347 1.22564 2.75415 
3.05485 3.32876 3.30102 3.25462 3.08082 2.84775 2.28763 2.05341 1.8941 
2.61595 1.70172 1.46357 0.906104 0.686841 0.387722 0.0981685 3.46945e-18 -3.46945e-18 
6.93889e-18 0 0.122117 0 0 0 0 1.17094 1.08131 
0.811745 0.665846 0.830458 0.814316 0.599004 0.650657 0.867032 0.458419 0.810456 
0.972448 6.93889e-18 0.281553 0 -6.93889e-18 -3.46945e-18 0.225794 1.00503 2.19573 
1.73893 1.52171 1.95281 2.4651 1.28676 1.0511 2.73777 3.03059 3.00998 
3.18421 3.11558 2.9158 2.42691 2.16625 1.93173 2.70112 1.76369 1.60981 
1.3667 0.979575 0.851381 0.611322 0.441706 0.202835 0 -3.46945e-18 1.38778e-17 
1.1752 0.705331 0.553005 0.391569 0.301442 0.498626 0.429993 0.755176 0.75799 
0.619412 0.624025 0.792305 0 0.0339827 0.825242 2.20892 1.60741 1.75726 
1.39128 1.8553 2.00934 2.4546 1.11611 0.87569 2.62494 2.83083 2.97978 
3.07471 2.98804 2.51747 2.28213 2.02767 2.75111 1.8665 1.70755 1.49741 
1.27841 1.05747 0.883785 0.674904 0.393152 0.299369 0.0202243 -3.46945e-18 0.436806 
0.253359 0.216733 0.0466468 0.60222 0.441953 0.487394 0.608748 -3.46945e-18 -3.46945e-18 
1.38778e-17 0.63727 2.12273 2.28021 1.65537 1.18164 1.42289 1.92051 2.41442 
0.943141 0.699013 2.51001 2.80172 2.79254 2.79148 2.55351 2.39448 2.16724 
2.81239 2.65222 1.9361 1.73862 1.59836 1.41467 1.13464 0.924919 0.829198 
0.591885 0.436403 0.20036 0.106025 1.73472e-18 -6.93889e-18 3.46945e-18 0.316897 0.114073 
0.0711236 3.46945e-18 -6.93889e-18 -1.38778e-17 0.409863 0.23773 0.404185 0.425254 2.20196 
1.67844 1.23004 1.01957 1.44341 1.94958 0.784106 0.536914 2.22922 2.5114 
2.51 2.687 2.45477 2.22757 2.69373 2.03812 1.82366 1.62496 1.47097 
1.28075 1.06262 0.854011 0.643599 0.370697 0.296764 0.062191 6.93889e-18 0 
-1.38778e-17 -3.46945e-18 0.0388209 6.93889e-18 0 6.93889e-18 0.192794 0.176242 0.226889 
0.31239 1.71616 1.09917 1.2407 0.893618 1.53392 1.32663 1.97364 0.618478 
0.382835 2.23968 2.34125 2.48946 2.58511 2.50755 2.27922 2.0618 1.91005 
1.69933 1.49834 1.3013 1.07439 0.88819 0.803081 0.569089 0.402499 0.173943 
0.108697 6.93889e-18 -1.38778e-17 -6.93889e-18 0 -6.93889e-18 -1.73472e-18 1.73472e-18 0.0929241 
0.124706 0.171217 1.74825 1.11978 0.953016 0.675986 1.42417 1.56998 1.22131 
1.97669 0.436258 0.209518 2.14418 2.31978 2.31368 2.57826 2.39481 2.15566 
1.93252 1.7643 1.58766 1.43264 1.27557 1.04169 0.853604 0.662422 0.357237 
0.253098 -3.46945e-18 0 0 -1.38778e-17 6.93889e-18 0 0 1.73472e-18 
0 0 1.67222 1.8177 1.02281 0.795669 0.46551 0.566528 1.48396 
1.25118 1.94587 0.246951 0 0.0201029 2.04283 2.04826 2.30525 2.39071 
2.26036 2.02133 1.72729 1.64193 1.49961 1.30271 1.07933 0.949853 0.774067 
0.460131 0.150911 0.0588169 3.46945e-18 1.7511 0.886616 1.03961 0.662907 0.374548 
0.40376 1.52839 1.35873 1.13794 0.0420173 0.162371 -1.04083e-17 6.93889e-18 0 
1.78744 1.80753 2.03664 2.18939 2.30787 2.1534 1.91939 1.7348 1.55194 
1.44279 1.24185 1.07358 0.904091 0.577615 0.238957 6.93889e-18 -6.93889e-18 -1.38778e-17 
0 1.38778e-17 0.904772 0.432788 0.75955 0.538543 0.199678 1.56606 1.29538 
1.39736 0.940447 1.04313 1.29821 -6.93889e-18 0 0 0 1.62486 
1.72776 1.87137 1.98986 2.0511 2.10277 2.0471 1.87016 1.63311 1.49779 
1.3502 1.20426 1.05384 0.715849 0.3622 0 0 0.337029 0.857546 
0.645168 0.376531 0 0.119455 -3.46945e-18 1.4841 0.897572 1.14481 1.37212 
1.54843 1.78955 1.77735 1.91384 2.03034 1.95117 1.72982 1.60335 1.4744 
1.34269 1.19859 0.916833 0.659508 0.507195 0.341275 0.182196 0 0.42081 
0.761848 0.543731 0.183634 1.38778e-17 -6.93889e-18 0 0.941882 1.30031 1.04569 
1.29646 1.40016 1.56657 1.61792 1.72682 1.78137 1.74547 1.83248 1.71703 
1.58907 1.44351 1.23339 1.0325 0.787121 0.551366 0.439776 0.211028 0.0418585 
0 0.341176 0.866549 0.674285 0.406329 0 0.134487 3.46945e-18 0.907567 
1.13512 1.35752 1.48209 1.54305 1.55912 1.61364 1.70314 1.57075 1.52525 
1.49268 1.37466 1.2505 1.07246 0.932223 1.05735 0.862983 0.633319 0.39937 
0.348593 0.0472657 0.131254 0 6.93889e-18 0.489249 0.734455 0.235223 1.38778e-17 
0 -3.46945e-18 0.990336 1.22969 1.40042 1.48321 1.3762 1.28599 1.21616 
1.11891 0.934289 0.894298 0.743694 0.754832 0.889592 0.597701 0.678227 0.453564 
0.250806 -1.38778e-17 0 -6.93889e-18 -6.93889e-18 0.028008 0.53713 0.320178 0.876579 
0.641981 0 0.0729254 1.05193 1.37411 1.15552 1.06571 0.910258 0.676131 
0.710648 0.506483 0.524772 0.664977 0.324112 0.292806 0.462777 0.240249 6.93889e-18 
0 1.04083e-17 -6.93889e-18 0.45771 0.124546 0.273104 0.987043 0.815724 0.460866 
0.548837 0 6.93889e-18 -6.93889e-18 0.996617 0.30891 0.421166 0.195045 0.240706 
0.413454 0.136643 0.0983376 0 0 0.232145 0 -3.46945e-18 0.0312595 
0.152272 0.324525 0.142902 0 6.93889e-18 0.0716769 1.38778e-17 0 0.0231314 
0.018725 0.166987 0 3.46945e-18 -6.93889e-18 -1.38778e-17 0.0473731 -8.67362e-19 0 
-3.46945e-18 0 -3.46945e-18 0 6.93889e-18 6.93889e-18 -6.93889e-18 -1.04083e-17 1.38778e-17 
6.93889e-18 -3.46945e-18 0 1.73472e-18 -3.46945e-18 8.67362e-19 -6.93889e-18 
METADATA
INFORMATION 0

NORMALS Normals float
0.0965302 0.251424 -0.963051 0.240356 0.468648 -0.850058 0.317081 0.353951 -0.879874 
-0.0773326 0.229179 -0.970308 0.0318989 0.415882 -0.908859 0.314473 0.0914561 -0.944851 
0.0673521 0.0442134 -0.996749 -0.0962717 0.068505 -0.992995 0.532468 0.416205 -0.737056 
0.222541 0.497683 -0.838324 0.541819 0.241597 -0.805023 -0.162699 0.296571 -0.94105 
-0.226201 0.106459 -0.968246 -0.0637861 0.382344 -0.921816 0.638484 0.0958831 -0.763639 
0.411574 -0.0667555 -0.908928 0.150147 -0.105212 -0.98305 -0.0656344 -0.0844431 -0.994264 
-0.212674 -0.0341555 -0.976526 0.435155 0.518965 -0.735742 0.633482 0.484488 -0.603301 
0.695766 0.411785 -0.588508 0.707017 0.186915 -0.682048 0.453559 0.567441 -0.687237 
0.269251 0.495912 -0.825576 0.0613627 0.388136 -0.919557 -0.241389 0.182254 -0.95316 
-0.284693 0.0171786 -0.958465 -0.126452 0.259956 -0.957305 0.562521 -0.13794 -0.815195 
0.71964 -0.0452508 -0.692872 0.272895 -0.220624 -0.936405 0.0153777 -0.192072 -0.98126 
-0.154259 -0.132362 -0.979124 -0.261867 -0.0942707 -0.960489 0.609288 0.570984 -0.550223 
0.771121 0.526521 -0.357977 0.823337 0.253153 -0.507967 0.829993 0.423714 -0.362738 
0.862769 0.0713364 -0.50054 0.611915 0.586251 -0.530915 0.412471 0.564152 -0.715263 
0.680981 0.58579 -0.439449 0.152315 0.466163 -0.871488 0.236086 0.523368 -0.818749 
-0.0558479 0.30625 -0.950311 0.0525236 0.430713 -0.900959 -0.255903 0.114305 -0.959921 
-0.315224 0.029541 -0.948557 -0.324839 -0.0529247 -0.944287 -0.184874 0.180897 -0.96597 
0.447091 -0.184921 -0.875165 0.868657 -0.00546146 -0.495385 0.687126 -0.0706183 -0.723098 
0.11244 -0.202893 -0.972724 -0.132236 -0.151292 -0.979604 -0.273295 -0.106612 -0.956004 
-0.318648 -0.100615 -0.942518 -0.286592 -0.106507 -0.952114 0.890607 0.416592 -0.182403 
0.802699 0.545091 -0.24197 0.86149 0.485516 -0.148694 0.932475 0.232156 -0.276756 
0.957057 0.102468 -0.271187 0.532152 0.615142 -0.581734 0.645025 0.617307 -0.450416 
0.737113 0.589826 -0.329804 0.445387 0.605015 -0.65999 0.373964 0.572611 -0.729567 
0.305512 0.543797 -0.781631 0.129533 0.442263 -0.887482 0.0544476 0.448224 -0.892261 
-0.142755 0.252141 -0.957103 -0.0479213 0.366916 -0.929019 -0.311086 0.071458 -0.947692 
-0.320761 0.0441725 -0.94613 -0.335902 0.0152966 -0.941773 -0.341029 0.00101385 -0.940052 
-0.338403 -0.0556179 -0.939356 -0.333838 -0.0649586 -0.94039 -0.26998 0.138383 -0.95287 
-0.309288 0.0734936 -0.948124 0.445605 -0.107178 -0.888791 0.17549 -0.131928 -0.975602 
0.885794 -0.028275 -0.463217 0.963638 0.038844 -0.264374 0.701407 -0.0644652 -0.70984 
-0.0592117 -0.116514 -0.991422 -0.240369 -0.0954638 -0.965976 -0.285503 -0.105521 -0.952551 
-0.267402 -0.095729 -0.958818 0.925287 0.375182 -0.0555224 0.960079 0.253164 -0.118976 
0.819148 0.547944 -0.16957 0.858361 0.505116 -0.0898594 0.898877 0.437879 -0.016807 
0.984957 0.139239 -0.102332 0.748431 0.575606 -0.329438 0.77879 0.569656 -0.262637 
0.666732 0.588921 -0.456772 0.496227 0.599439 -0.628038 0.233639 0.501709 -0.832887 
0.349127 0.53785 -0.767351 0.035496 0.339179 -0.940052 0.175957 0.454041 -0.873434 
-0.0743254 0.365237 -0.927943 -0.176376 0.333938 -0.925947 -0.254706 0.235058 -0.938015 
-0.379101 0.161299 -0.911189 -0.31016 0.0759039 -0.947649 -0.330636 0.104472 -0.937958 
0.663241 -0.129529 -0.737112 0.43165 -0.106151 -0.895774 0.197201 -0.0723243 -0.977692 
-0.023144 -0.054062 -0.998269 0.974624 -0.0185762 -0.223078 0.849612 -0.0979133 -0.518239 
0.957761 -0.0772532 -0.276993 0.994251 0.0585454 -0.0896515 -0.218976 -0.0378761 -0.974995 
-0.266636 -0.0852951 -0.960016 -0.263013 -0.0371592 -0.964077 0.939028 0.341673 0.0385445 
0.967998 0.250811 -0.00862103 0.86155 0.505663 -0.0451361 0.841929 0.526373 -0.118687 
0.885313 0.464674 0.0173091 0.913969 0.399954 0.068544 0.988886 0.14853 0.00663547 
0.769799 0.556176 -0.313173 0.818448 0.538164 -0.201301 0.593514 0.592277 -0.544931 
0.675837 0.559769 -0.479482 0.522006 0.579119 -0.626204 0.458844 0.553175 -0.695312 
0.402315 0.546552 -0.734455 0.270475 0.496362 -0.824905 0.220545 0.465126 -0.857332 
-0.0250421 0.229244 -0.973047 0.111699 0.36738 -0.923339 -0.134188 0.218727 -0.966515 
-0.288411 0.242232 -0.92636 -0.383862 0.147471 -0.911538 -0.385876 0.153068 -0.909764 
0.68035 -0.149124 -0.717555 0.860844 -0.137491 -0.489942 0.479171 -0.116596 -0.869943 
0.235216 -0.0564698 -0.970301 0.0139986 -0.00515832 -0.999889 -0.192026 0.039406 -0.980598 
0.995215 -0.0204306 -0.095552 0.953682 -0.102928 -0.282658 0.990737 -0.0523363 -0.125306 
0.998007 0.0629767 0.0039138 -0.265352 -0.0114607 -0.964084 -0.261543 0.0514578 -0.963819 
0.944079 0.314935 0.0976247 0.968862 0.238542 0.0663629 0.883564 0.466695 0.0388711 
0.876789 0.480556 -0.0175092 0.872341 0.480359 -0.0909732 0.899682 0.428202 0.084948 
0.922857 0.365276 0.1221 0.986544 0.148904 0.0675125 0.855612 0.480383 -0.19277 
0.814367 0.474802 -0.33372 0.757429 0.475147 -0.447814 0.657853 0.498007 -0.564994 
0.527169 0.545967 -0.651162 0.336824 0.534397 -0.775222 0.378511 0.539145 -0.752365 
0.156113 0.470861 -0.868285 0.26665 0.53036 -0.804746 0.140882 0.437626 -0.888052 
0.0570263 0.321992 -0.945023 -0.0825944 0.244362 -0.96616 -0.116465 0.149597 -0.981864 
-0.157682 0.128929 -0.979037 -0.18393 0.125144 -0.97494 -0.244622 0.135735 -0.960071 
-0.301877 0.16156 -0.939558 -0.351123 0.179238 -0.919014 0.708062 -0.155544 -0.688806 
0.86031 -0.147661 -0.487917 0.539094 -0.111642 -0.834813 0.302575 -0.0542818 -0.951579 
0.0728667 0.0108906 -0.997282 -0.135071 0.0682306 -0.988484 -0.246954 0.0718919 -0.966357 
-0.232363 0.0946251 -0.968015 0.999907 0.00352813 -0.0131817 0.949814 -0.121236 -0.288368 
0.987267 -0.0751817 -0.140183 0.99902 -0.0289465 -0.0334866 0.995756 0.0722046 0.0570701 
0.945399 0.296562 0.135174 0.968775 0.220044 0.114262 0.896224 0.434139 0.0911331 
0.897559 0.43798 0.0506166 0.907215 0.420586 -0.00832823 0.913636 0.395869 -0.0925045 
0.907209 0.400845 0.127651 0.922196 0.356682 0.149438 0.938628 0.301969 0.16671 
0.984577 0.139053 0.106175 0.901579 0.378508 -0.20949 0.848567 0.364826 -0.383192 
0.732777 0.421138 -0.534491 0.56977 0.50591 -0.647624 0.574342 0.45907 -0.67778 
0.483652 0.521761 -0.702742 0.458992 0.510152 -0.727373 0.358203 0.515172 -0.778645 
0.251558 0.531172 -0.809058 0.236785 0.556528 -0.796373 0.165729 0.502904 -0.848305 
0.01723 0.44269 -0.896509 0.00649268 0.436998 -0.899439 0.0164894 0.370907 -0.928524 
-0.120087 0.235274 -0.964482 -0.0978397 0.280026 -0.954994 -0.112754 0.1865 -0.975963 
-0.121192 0.217531 -0.9685 0.750907 -0.138527 -0.645716 0.86862 -0.148446 -0.472719 
0.578619 -0.0766011 -0.811993 0.372869 -0.0456978 -0.926758 0.154 0.0157751 -0.987945 
-0.0730446 0.0749285 -0.99451 -0.223534 0.101674 -0.969379 -0.217663 0.107804 -0.970052 
0.998844 0.0244337 0.0413994 0.953242 -0.128301 -0.273622 0.984502 -0.0946217 -0.147656 
0.997419 -0.0528554 -0.0486057 0.99971 -0.00824923 0.022609 0.991248 0.0881652 0.0982607 
0.958994 0.239508 0.15155 0.976703 0.163161 0.139388 0.901532 0.414393 0.124574 
0.911512 0.398756 0.100692 0.930277 0.363917 0.0463616 0.948125 0.317388 -0.0179857 
0.956496 0.267461 -0.116531 0.908266 0.391371 0.147927 0.920352 0.355008 0.164076 
0.958293 0.230982 0.16829 0.936939 0.302215 0.175534 0.952983 0.241875 0.18254 
0.939046 0.252165 -0.233679 0.797686 0.31963 -0.511404 0.899947 0.137316 -0.413811 
0.703366 0.34703 -0.62036 0.460191 0.389676 -0.797732 0.621134 0.327428 -0.712028 
0.396694 0.488769 -0.777006 0.294654 0.535601 -0.791398 0.0996018 0.566592 -0.817957 
0.176053 0.560649 -0.809122 0.112728 0.528937 -0.841141 -0.0244512 0.425691 -0.904538 
0.0044385 0.469586 -0.882875 -0.0506546 0.419715 -0.906241 -0.0751148 0.409484 -0.90922 
-0.0669849 0.386646 -0.919792 -0.0685283 0.355747 -0.932067 0.743818 -0.0913247 -0.662114 
0.882914 -0.146563 -0.446075 0.871677 -0.14644 -0.46769 0.603818 -0.0653971 -0.794435 
0.434726 -0.0382072 -0.899752 0.247733 0.00580837 -0.968811 0.00944588 0.118322 -0.99293 
-0.237661 0.113277 -0.96472 -0.222308 0.11034 -0.968713 0.996051 0.0440492 0.0770785 
0.983802 -0.117407 -0.135462 0.936209 -0.155661 -0.31509 0.974737 -0.135723 -0.177388 
0.995373 -0.0777738 -0.0564306 0.999369 -0.0348353 0.00698944 0.998209 0.012677 0.0584582 
0.987794 0.0998675 0.11954 0.967884 0.187463 0.167508 0.980691 0.130703 0.145471 
0.909632 0.391758 0.138187 0.946802 0.310323 0.0852347 0.927105 0.356291 0.11633 
0.970398 0.24026 0.0245623 0.98086 0.190875 -0.0384695 0.984389 0.0528923 -0.167871 
0.914227 0.371142 0.162614 0.926466 0.331549 0.178145 0.941075 0.282937 0.185268 
0.966833 0.184923 0.176174 0.952726 0.236731 0.19045 0.961889 0.19545 0.191231 
0.757864 0.243641 -0.605212 0.778562 0.0926759 -0.620688 0.88904 -0.0598836 -0.453897 
0.944435 -0.0761536 -0.319755 0.528272 0.335939 -0.779791 0.405043 0.379971 -0.831602 
0.29834 0.444123 -0.844836 0.628145 0.232472 -0.742557 0.239847 0.535533 -0.809739 
0.0465667 0.597601 -0.80044 0.0393832 0.578335 -0.814848 0.0332598 0.567311 -0.822832 
0.0401882 0.530864 -0.846504 0.0358058 0.510898 -0.858895 0.0474138 0.599849 -0.798707 
0.0653981 0.601476 -0.79621 0.714502 -0.088018 -0.694075 0.834135 -0.0941325 -0.543469 
0.944938 -0.149266 -0.291226 0.929308 -0.0926869 -0.357486 0.583652 -0.0609506 -0.809713 
0.438862 -0.0159314 -0.898413 0.2796 0.0476157 -0.958935 0.125269 0.124354 -0.984299 
-0.107441 0.158322 -0.981525 -0.258581 0.119549 -0.958564 -0.246045 0.111052 -0.962876 
-0.249572 0.105192 -0.962626 -0.266484 0.117175 -0.95669 0.992161 0.0674063 0.105225 
0.991628 -0.106994 -0.0722976 0.989492 -0.0948388 -0.109143 0.971735 -0.112601 -0.207489 
0.998048 -0.0616478 -0.00997294 0.999148 -0.014839 0.038507 0.995989 0.0342368 0.0826641 
0.989165 0.0833011 0.120887 0.972664 0.156263 0.171776 0.982245 0.114511 0.1486 
0.926677 0.352977 0.129137 0.919756 0.362913 0.149474 0.9828 0.172208 0.0666956 
0.954086 0.278831 0.109422 0.99872 0.0469697 -0.0187794 0.970707 -0.151992 -0.186081 
0.985095 -0.138896 -0.101471 0.923225 0.344426 0.170369 0.934807 0.301233 0.188133 
0.943808 0.262782 0.20043 0.953046 0.223647 0.204172 0.971169 0.156191 0.180099 
0.958716 0.196789 0.205277 0.964971 0.174542 0.195872 0.67927 0.104451 -0.726417 
0.800838 -0.025371 -0.598344 0.879344 -0.161125 -0.448099 0.928284 -0.223572 -0.297159 
0.426152 0.337757 -0.839235 0.335335 0.444867 -0.830448 0.215468 0.488678 -0.845439 
0.132949 0.546931 -0.826554 0.538517 0.2084 -0.816437 0.0498265 0.601948 -0.796979 
0.0531701 0.610011 -0.790607 0.0495853 0.609474 -0.791254 0.0494602 0.609225 -0.791453 
0.737034 -0.0556458 -0.673561 0.86074 -0.0217604 -0.508579 0.934817 0.0169483 -0.354726 
0.969519 -0.0419534 -0.241396 0.58628 -0.0134558 -0.809997 0.422851 -0.0100833 -0.906143 
0.340372 -0.0206997 -0.940063 0.224236 0.0188248 -0.974353 0.0292654 0.0642053 -0.997508 
-0.177868 0.0492555 -0.982821 -0.25282 0.0125294 -0.967432 -0.26636 0.103049 -0.958349 
-0.267003 0.113991 -0.95693 0.996542 -0.0757133 -0.0342348 0.996322 -0.0680945 -0.0520106 
0.984325 -0.0679177 -0.162761 0.993778 -0.0375066 -0.104871 0.999196 -0.0366113 0.0163167 
0.998099 0.00975305 0.0608485 0.992462 0.0601901 0.106751 0.988237 0.0941412 0.120523 
0.976345 0.139927 0.164837 0.939903 0.315111 0.131481 0.927357 0.33622 0.164211 
0.984604 0.145934 0.0962176 0.997233 -0.0404841 0.0623519 0.968965 0.223829 0.104912 
0.982315 -0.186549 -0.0160281 0.950647 -0.282487 -0.128344 0.928688 0.324584 0.179397 
0.937719 0.290669 0.190249 0.94686 0.248925 0.203697 0.952737 0.214938 0.214695 
0.957687 0.192816 0.213678 0.969841 0.163133 0.181097 0.960609 0.185682 0.206767 
0.58013 0.171511 -0.796262 0.710741 0.0432565 -0.702123 0.809203 -0.149133 -0.568286 
0.882591 -0.333674 -0.331201 0.922345 -0.33074 -0.199725 0.304608 0.36833 -0.878377 
0.417872 0.29629 -0.858834 0.21742 0.487178 -0.845805 0.122914 0.585469 -0.801323 
0.058682 0.604191 -0.794676 0.0603186 0.596659 -0.800225 0.738735 0.0319379 -0.673239 
0.858827 0.0859829 -0.504998 0.922516 0.150328 -0.355479 0.96525 0.0543249 -0.255621 
0.981378 0.00384703 -0.192046 0.554509 0.0514851 -0.830584 0.344166 0.0263221 -0.93854 
0.262062 -0.0883296 -0.961 0.229989 -0.0601803 -0.971331 0.0389585 -0.0113241 -0.999177 
-0.173766 -0.0609157 -0.982901 -0.231672 -0.0461601 -0.971698 0.998802 -0.0484303 -0.00694905 
0.998505 -0.0416505 -0.0353941 0.983557 0.0835451 -0.16011 0.997506 0.012437 -0.0694801 
0.99933 -0.0110331 0.0348991 0.996351 0.0387354 0.0760566 0.994616 0.0560047 0.0871914 
0.980385 0.129099 0.148926 0.98902 0.0940216 0.114013 0.967063 0.221734 0.124992 
0.941513 0.298494 0.156379 0.932228 0.319505 0.169902 0.932385 0.30953 0.186679 
0.991661 0.0852862 0.0966215 0.969466 -0.242224 0.0382554 0.966102 -0.248328 0.0705704 
0.991119 -0.102 0.0853129 0.936022 -0.351695 -0.0131491 0.901217 -0.418014 -0.114335 
0.940242 0.274902 0.200935 0.949042 0.237287 0.2074 0.954546 0.207536 0.21394 
0.956483 0.194136 0.217833 0.976822 0.148101 0.154548 0.963752 0.187354 0.189948 
0.956957 0.196024 0.214026 0.487908 0.284568 -0.825207 0.574315 0.17174 -0.800417 
0.705772 -0.0196413 -0.708167 0.808271 -0.158153 -0.567174 0.839575 -0.283094 -0.46365 
0.877542 -0.382453 -0.289223 0.868031 -0.46254 -0.180498 0.234827 0.44552 -0.863926 
0.348072 0.377633 -0.858044 0.0907408 0.54586 -0.832948 0.0857312 0.605057 -0.791553 
0.0934507 0.586426 -0.804594 0.0745242 0.607011 -0.791191 0.69947 0.14115 -0.700584 
0.833022 0.21047 -0.511642 0.886403 0.244543 -0.39305 0.922266 0.233268 -0.308239 
0.948641 0.153816 -0.276444 0.96652 0.105652 -0.233829 0.503555 0.105121 -0.857544 
0.39897 0.0420796 -0.915998 0.227733 -0.00433758 -0.973714 0.130549 -0.0524351 -0.990054 
0.157292 -0.167097 -0.973313 -0.0164879 -0.16351 -0.986404 0.0449711 -0.0876248 -0.995138 
-0.0755462 -0.168805 -0.98275 -0.20774 -0.087148 -0.974294 -0.14469 -0.16146 -0.976215 
0.999667 -0.0239843 0.00953987 0.999798 -0.0089858 -0.0179604 0.942092 0.217228 -0.25549 
0.961987 0.219369 -0.162662 0.989761 0.108062 -0.0932484 0.998284 0.0405023 -0.042282 
0.998708 0.0123354 0.049287 0.996881 0.0404863 0.0677497 0.994368 0.0742131 0.0756554 
0.98456 0.129208 0.118099 0.963018 0.224147 0.149517 0.986659 0.0932065 0.133478 
0.949036 0.27098 0.160937 0.934722 0.307747 0.177724 0.935885 0.295766 0.191421 
0.942914 0.261843 0.205793 0.991656 -0.0785949 0.102181 0.930201 -0.364917 0.0395198 
0.912971 -0.400753 0.0766892 0.960083 -0.264027 0.0923646 0.881347 -0.472042 0.020093 
0.864401 -0.500326 -0.0498526 0.950018 0.224675 0.216763 0.954295 0.201179 0.221014 
0.955516 0.195156 0.221139 0.972539 0.170667 0.15824 0.955773 0.208642 0.207283 
0.96151 0.206676 0.181064 0.952925 0.210073 0.218638 0.378903 0.394799 -0.836998 
0.443804 0.261122 -0.857236 0.611942 0.106194 -0.783741 0.738377 -0.033403 -0.673561 
0.845502 -0.200104 -0.49506 0.881206 -0.298803 -0.366322 0.885733 -0.437723 -0.15452 
0.246791 0.501581 -0.829163 0.095833 0.556296 -0.82544 0.133006 0.546093 -0.827099 
0.074393 0.568152 -0.819554 0.0720544 0.560807 -0.824805 0.74575 0.223698 -0.627548 
0.573432 0.123113 -0.80995 0.550157 0.110877 -0.827667 0.842805 0.263345 -0.469393 
0.886341 0.29798 -0.354412 0.35974 0.0354862 -0.932378 0.220497 -0.0294485 -0.974943 
0.067776 -0.0775595 -0.994681 -0.0636607 -0.144135 -0.987508 -0.0829466 -0.159818 -0.983655 
-0.061836 -0.164951 -0.984361 -0.0573575 -0.169967 -0.983779 -0.0836903 -0.150887 -0.985002 
0.999689 0.00319757 0.0247243 0.999841 0.0178021 -0.00105725 0.909003 0.334628 -0.248472 
0.923279 0.351087 -0.155862 0.972126 0.214558 -0.0945322 0.991482 0.117267 -0.0566771 
0.997958 0.0601894 -0.0213846 0.998793 0.0320761 0.0372071 0.997187 0.0571396 0.0485119 
0.992264 0.0920257 0.083332 0.975135 0.167424 0.145196 0.985461 0.132471 0.10639 
0.96757 0.189321 0.167231 0.984741 -0.0932685 0.146922 0.985417 0.0447538 0.164169 
0.943394 0.274067 0.186805 0.933286 0.295841 0.203604 0.936686 0.281341 0.208487 
0.943623 0.249993 0.216976 0.950524 0.216842 0.22245 0.955691 -0.263209 0.13182 
0.849008 -0.51707 0.108736 0.900757 -0.414892 0.128462 0.84338 -0.535116 0.0485889 
0.862759 -0.50554 -0.00875443 0.953664 0.196242 0.228065 0.95326 0.19759 0.228592 
0.953363 0.222138 0.204338 0.972678 0.181755 0.144439 0.952009 0.237357 0.193236 
0.961354 0.219525 0.166154 0.949339 0.217046 0.227259 0.946667 0.242754 0.211876 
0.262367 0.446623 -0.85539 0.186888 0.542598 -0.818939 0.208169 0.527889 -0.823407 
0.533563 0.27531 -0.799697 0.387717 0.399387 -0.830762 0.620301 0.148377 -0.770202 
0.772077 -0.0510342 -0.633476 0.893513 -0.131771 -0.429268 0.909645 -0.26445 -0.32033 
0.893836 -0.36265 -0.263707 0.892755 -0.444354 -0.0744193 0.144204 0.553942 -0.819972 
0.796037 0.301807 -0.524631 0.650704 0.210757 -0.729497 0.478308 0.0907286 -0.873493 
0.827942 0.397038 -0.396073 0.301855 -0.0207239 -0.953129 0.186012 -0.0712194 -0.979963 
0.0508138 -0.107986 -0.992853 -0.118633 -0.154236 -0.980886 -0.0844192 -0.15354 -0.98453 
-0.130483 -0.160582 -0.97836 0.999054 0.0413266 0.0135063 0.860795 0.441466 -0.253258 
0.873461 0.452255 -0.180367 0.891245 0.435861 -0.125329 0.942546 0.3224 -0.0875487 
0.976121 0.208564 -0.0607434 0.991023 0.128716 -0.0361393 0.996926 0.0781929 -0.00493117 
0.997563 0.0641916 0.0273339 0.994436 0.0838271 0.063796 0.991892 0.106327 0.0696049 
0.975766 0.175926 0.130122 0.985299 0.143489 0.0927168 0.975432 0.0873049 0.202265 
0.950116 0.224867 0.216137 0.942312 -0.280063 0.183337 0.97758 -0.0868898 0.191799 
0.935109 0.28353 0.212561 0.930624 0.291719 0.220996 0.934619 0.273062 0.227868 
0.942992 0.238504 0.232126 0.948338 0.211857 0.23616 0.95224 0.19713 0.233192 
0.894284 -0.413731 0.170538 0.827285 -0.549805 0.115385 0.817979 -0.551277 0.164328 
0.845311 -0.507929 0.165702 0.849184 -0.520822 0.0873553 0.876461 -0.478557 0.0528995 
0.950525 0.207778 0.230934 0.949453 0.251152 0.188312 0.971175 0.199818 0.129972 
0.953295 0.253029 0.16494 0.946995 0.231193 0.223046 0.941287 0.260018 0.215334 
0.940707 0.274776 0.19892 0.274221 0.548721 -0.789752 0.196844 0.520578 -0.830814 
0.206608 0.517932 -0.830096 0.416322 0.445627 -0.792523 0.529814 0.291397 -0.796483 
0.701984 0.108411 -0.703894 0.863586 -0.00748318 -0.504146 0.959909 -0.0351918 -0.278095 
0.961775 -0.176757 -0.209156 0.932507 -0.334973 -0.134994 0.925502 -0.37874 -0.00170741 
0.714396 0.33126 -0.616364 0.607856 0.135025 -0.782483 0.559308 0.0624594 -0.826604 
0.44285 -0.0408743 -0.895663 0.773104 0.369426 -0.515592 0.814626 0.465745 -0.345638 
0.297774 -0.131081 -0.945594 0.156809 -0.150302 -0.976125 0.0344009 -0.174343 -0.984084 
-0.10166 -0.187422 -0.977005 -0.134981 -0.161387 -0.977617 -0.133062 -0.194993 -0.971737 
0.846567 0.479796 -0.230478 0.852843 0.492689 -0.172961 0.903272 0.422046 -0.0773105 
0.849986 0.513528 -0.117528 0.948992 0.310108 -0.0569886 0.973695 0.222912 -0.0472149 
0.98992 0.140342 -0.0190262 0.995282 0.0966694 0.00825951 0.995385 0.0876632 0.0390451 
0.99205 0.114768 0.0516328 0.987584 0.14554 0.0591223 0.978954 0.180833 0.0945992 
0.963874 -0.038857 0.26351 0.955049 0.138347 0.262186 0.941747 0.230018 0.245364 
0.927891 0.283895 0.241707 0.881759 -0.427625 0.199092 0.885078 -0.411343 0.217794 
0.929238 -0.2604 0.262124 0.927117 0.288875 0.23876 0.931472 0.270256 0.243561 
0.940665 0.235912 0.243915 0.947521 0.205978 0.244495 0.949352 0.200456 0.241968 
0.839633 -0.506155 0.197037 0.832643 -0.533362 0.149096 0.828328 -0.528174 0.186831 
0.818129 -0.541864 0.192477 0.855738 -0.494468 0.15236 0.908447 -0.409018 0.0861859 
0.947111 0.215243 0.238015 0.943713 0.241027 0.22652 0.965838 0.223586 0.131019 
0.941566 0.284323 0.180592 0.953432 0.258269 0.155768 0.93534 0.280105 0.216057 
0.930643 0.304029 0.203643 0.22324 0.569084 -0.791396 0.249479 0.575821 -0.778583 
0.356287 0.525712 -0.772455 0.439424 0.513001 -0.737385 0.327675 0.528203 -0.783346 
0.606416 0.361141 -0.708405 0.806762 0.17348 -0.564836 0.939955 0.12039 -0.319359 
0.979223 0.133504 -0.152642 0.992731 -0.0537043 -0.107707 0.972659 -0.225983 -0.0535406 
0.964578 -0.259954 0.0448756 0.703037 0.265547 -0.659715 0.699929 0.171466 -0.693324 
0.528164 -0.00495585 -0.849128 0.502832 -0.115148 -0.85668 0.413701 -0.218975 -0.883686 
0.805083 0.428215 -0.410456 0.776501 0.297254 -0.555596 0.832559 0.485236 -0.267191 
0.267895 -0.2751 -0.923338 0.143292 -0.279245 -0.949468 0.00658474 -0.249426 -0.968372 
-0.104985 -0.252952 -0.961766 -0.105754 -0.26499 -0.958434 -0.116747 -0.225883 -0.967133 
0.826493 0.530335 -0.188823 0.911881 0.406007 -0.0602647 0.866235 0.494848 -0.0690091 
0.824952 0.548514 -0.136335 0.829785 0.550732 -0.0902784 0.941804 0.330292 -0.0625452 
0.946305 0.318534 -0.0551722 0.974286 0.22299 -0.0322877 0.988025 0.1541 -0.00771537 
0.99286 0.117692 0.0194105 0.989534 0.1414 0.0287744 0.985679 0.164138 0.0386706 
0.983622 0.167914 0.0655129 0.968802 0.215873 0.121741 0.976537 0.19511 0.0911448 
0.938445 -0.150601 0.310869 0.953919 0.0183398 0.299504 0.942842 0.148776 0.298187 
0.928398 0.248707 0.276082 0.922046 0.28766 0.259002 0.921171 0.290949 0.258441 
0.843468 -0.495623 0.207171 0.825515 -0.516167 0.228248 0.841149 -0.463112 0.279276 
0.889516 -0.328551 0.317514 0.930043 0.263718 0.255877 0.936659 0.236516 0.258322 
0.944483 0.211301 0.251601 0.945024 0.212934 0.24817 0.814017 -0.541694 0.209627 
0.85427 -0.476675 0.207375 0.829202 -0.521417 0.201367 0.895691 -0.417158 0.154004 
0.8742 -0.432302 0.221111 0.953203 -0.280087 0.113819 0.942847 0.23318 0.238047 
0.933682 0.271225 0.233828 0.938273 0.293804 0.182546 0.963047 0.236333 0.129177 
0.944747 0.283244 0.165003 0.927188 0.301222 0.222684 0.92137 0.321233 0.218832 
0.925784 0.319143 0.202663 0.378079 0.549878 -0.744775 0.542791 0.594799 -0.592951 
0.419782 0.569832 -0.706452 0.704568 0.448638 -0.549825 0.865447 0.338546 -0.369308 
0.909673 0.362916 -0.201959 0.937684 0.328707 -0.112697 0.993317 0.105531 -0.046736 
0.99601 -0.0891084 0.004869 0.9882 -0.125298 0.0880994 0.642374 0.00541432 -0.766372 
0.735152 0.089033 -0.67203 0.516494 -0.132244 -0.846017 0.392387 -0.206971 -0.896212 
0.344458 -0.318512 -0.883119 0.827087 0.402367 -0.392463 0.804731 0.26176 -0.532812 
0.831575 0.479642 -0.280048 0.20568 -0.397923 -0.894065 0.0564018 -0.376567 -0.924671 
-0.0712053 -0.38748 -0.919124 -0.0744543 -0.379491 -0.922195 0.82752 0.528697 -0.188918 
0.905161 0.420204 -0.0641259 0.838787 0.542375 -0.047605 0.872477 0.486368 -0.0472331 
0.817653 0.557988 -0.141748 0.803114 0.592253 -0.0651436 0.948533 0.314299 -0.0387527 
0.912501 0.406176 -0.0486056 0.972716 0.231134 -0.0200061 0.985353 0.170508 0.00261293 
0.982151 0.18765 0.0129134 0.978451 0.204941 0.0251576 0.98094 0.186884 0.0532081 
0.975152 0.210088 0.0702976 0.968439 0.225876 0.105383 0.923733 -0.241637 0.297201 
0.949895 -0.0924343 0.298589 0.948063 0.0807762 0.307655 0.935031 0.19873 0.293639 
0.919004 0.271424 0.285937 0.913148 0.300789 0.275114 0.918726 0.29146 0.266447 
0.926142 0.264863 0.268529 0.799836 -0.555348 0.227711 0.804488 -0.541095 0.244981 
0.785063 -0.559724 0.265303 0.804963 -0.516745 0.291562 0.870724 -0.390213 0.299288 
0.936161 0.229314 0.266493 0.940082 0.214384 0.265112 0.938405 0.220049 0.266412 
0.934931 0.244029 0.257594 0.832926 -0.514023 0.204976 0.820702 -0.528752 0.216493 
0.894623 -0.375234 0.242588 0.866482 -0.454165 0.207226 0.927803 -0.32216 0.188136 
0.924238 -0.305837 0.228576 0.972285 -0.17161 0.158784 0.92726 0.278672 0.25006 
0.918377 0.313304 0.24171 0.956541 0.255718 0.140136 0.933234 0.306017 0.188222 
0.94281 0.284758 0.173269 0.915332 0.331583 0.228518 0.912461 0.339781 0.227956 
0.921727 0.324499 0.212415 0.494908 0.615784 -0.613087 0.738375 0.569876 -0.360616 
0.573704 0.610854 -0.545638 0.810264 0.538281 -0.231788 0.8795 0.460719 -0.11924 
0.966122 0.256435 -0.0291545 0.997872 0.0512446 0.0403068 0.993496 -0.00774434 0.113605 
0.634138 -0.143042 -0.759874 0.759413 0.166249 -0.62901 0.635111 -0.0549955 -0.77046 
0.481946 -0.254277 -0.838493 0.354515 -0.303264 -0.884506 0.264699 -0.339871 -0.902453 
0.177024 -0.410743 -0.894401 0.831469 0.360785 -0.422485 0.797423 0.523087 -0.300825 
0.0350211 -0.456276 -0.889149 -0.0659422 -0.396727 -0.915565 0.851764 0.523264 -0.0263184 
0.829505 0.557936 -0.0250807 0.88359 0.467166 -0.0320253 0.767975 0.619042 -0.164321 
0.775653 0.625987 -0.0806431 0.788685 0.614372 -0.0228711 0.811371 0.584528 -0.00199782 
0.949301 0.313428 -0.0243115 0.918654 0.393682 -0.0330027 0.970653 0.240346 -0.008169 
0.968162 0.250299 0.00348552 0.965266 0.260675 0.017602 0.974163 0.222064 0.0411586 
0.969435 0.23774 0.0606321 0.969917 0.227933 0.0854874 0.958155 0.251641 0.136439 
0.962933 0.243075 0.116938 0.918598 -0.264491 0.293635 0.933123 -0.0640893 0.3538 
0.942699 0.0997237 0.318392 0.926877 0.221923 0.302736 0.913924 0.291223 0.282722 
0.907632 0.312672 0.280071 0.914431 0.297305 0.274638 0.924565 0.264355 0.2744 
0.933254 0.232524 0.273806 0.785911 -0.569352 0.241209 0.805603 -0.549343 0.22187 
0.771224 -0.586516 0.247412 0.768188 -0.581137 0.268639 0.814356 -0.51245 0.272431 
0.860986 -0.418985 0.288366 0.935552 0.216688 0.278906 0.933121 0.227586 0.278369 
0.92564 0.253511 0.280932 0.917036 0.290492 0.273238 0.86068 -0.464462 0.208576 
0.862752 -0.464455 0.19985 0.930515 -0.258803 0.259157 0.948611 -0.2264 0.22109 
0.909664 -0.364259 0.199568 0.960371 -0.179473 0.213255 0.98348 -0.0525291 0.173228 
0.908189 0.324007 0.264976 0.902395 0.346602 0.256027 0.953442 0.260363 0.152184 
0.928634 0.310653 0.202814 0.941517 0.282082 0.184322 0.902776 0.352792 0.246035 
0.910492 0.338249 0.23789 0.679655 0.602607 -0.41825 0.726222 0.590411 -0.352161 
0.773009 0.578499 -0.260376 0.787744 0.573686 -0.224374 0.82432 0.543524 -0.158361 
0.926704 0.374623 -0.0296131 0.836826 0.534743 -0.117359 0.982909 0.176756 0.0514584 
0.987995 0.0985925 0.118937 0.505315 -0.259968 -0.822845 0.595372 0.0938721 -0.797947 
0.708606 0.371172 -0.60009 0.487372 -0.12228 -0.86459 0.426128 -0.355909 -0.831711 
0.314072 -0.39211 -0.864643 0.223752 -0.407062 -0.885571 0.136066 -0.413835 -0.900126 
0.0208833 -0.448595 -0.893491 0.0202964 -0.447921 -0.893843 0.708815 0.529568 -0.465982 
0.74426 0.617687 -0.254047 -0.0297532 -0.459917 -0.887463 0.0134797 -0.452474 -0.891676 
0.864 0.503344 -0.0121639 0.839576 0.543231 -0.00349968 0.892651 0.450317 -0.0197012 
0.765051 0.631369 -0.126769 0.780295 0.624501 -0.0337289 0.796932 0.603997 0.0093697 
0.810825 0.584074 0.0377017 0.833355 0.552292 0.0221822 0.949126 0.314674 -0.0118162 
0.922657 0.385096 -0.0201368 0.948213 0.317634 0.000623571 0.946565 0.322101 0.0163161 
0.961786 0.271408 0.0361308 0.95761 0.282008 0.0587791 0.964053 0.252534 0.0826356 
0.959156 0.262135 0.106323 0.953415 0.260551 0.152031 0.953793 0.267519 0.136791 
0.866629 -0.415297 0.276555 0.883448 -0.312172 0.349383 0.919187 -0.148698 0.364671 
0.937331 0.0219758 0.347748 0.932506 0.1549 0.32625 0.92149 0.249292 0.297842 
0.907801 0.301441 0.2916 0.905713 0.314816 0.283857 0.914801 0.287458 0.283737 
0.92512 0.24746 0.287954 0.931329 0.222669 0.288175 0.856568 -0.48047 0.188255 
0.790207 -0.569443 0.226512 0.742158 -0.615013 0.266385 0.759497 -0.589885 0.274225 
0.803532 -0.531766 0.26751 0.929419 0.214338 0.3004 0.925507 0.2325 0.298966 
0.917018 0.266886 0.296396 0.903894 0.303295 0.301643 0.892524 0.34031 0.295956 
0.916367 -0.363023 0.168776 0.965285 -0.119515 0.232251 0.982384 -0.0589481 0.177334 
0.981578 -0.127178 0.142586 0.955433 -0.247639 0.160694 0.984295 0.0236446 0.174942 
0.884374 0.370326 0.284149 0.925002 0.309188 0.22085 0.944883 0.276479 0.175371 
0.930183 0.297302 0.21534 0.889984 0.367111 0.270477 0.892394 0.35882 0.273645 
0.908579 0.329448 0.256802 0.843566 0.527209 -0.102206 0.958647 0.281054 0.0447679 
0.880143 0.472831 -0.0421734 0.97747 0.182271 0.106441 0.357069 -0.249988 -0.900004 
0.347299 -0.380217 -0.857215 0.460687 -0.0660749 -0.8851 0.588265 0.245232 -0.770588 
0.443423 0.0916347 -0.891616 0.674304 0.393264 -0.625026 0.388877 -0.161083 -0.907098 
0.246906 -0.454575 -0.855803 0.152809 -0.464416 -0.872334 0.0530305 -0.487756 -0.871368 
0.0514611 -0.48542 -0.872765 0.715702 0.624364 -0.312955 0.664531 0.562048 -0.492443 
0.60275 0.35889 -0.712664 0.747795 0.65027 -0.133982 0.874848 0.484381 -0.00388027 
0.853549 0.520943 0.0085468 0.899208 0.437389 -0.0107781 0.761301 0.648186 -0.0166266 
0.78619 0.616818 0.0379498 0.831469 0.553331 0.0498355 0.810598 0.581365 0.0703209 
0.849678 0.526522 0.0286712 0.924855 0.38021 -0.00913443 0.925577 0.378547 0.00310288 
0.943939 0.328062 0.0368074 0.924981 0.379498 0.0197984 0.940072 0.335316 0.0618694 
0.952574 0.291658 0.0868294 0.952311 0.283827 0.112012 0.94448 0.298914 0.136412 
0.942314 0.287562 0.171328 0.835542 -0.467672 0.28836 0.88122 -0.366755 0.298232 
0.923615 -0.229635 0.306926 0.963997 -0.0584412 0.259413 0.954634 0.0915874 0.283346 
0.941412 0.187123 0.280585 0.916999 0.269093 0.29445 0.901066 0.316697 0.296281 
0.903233 0.310269 0.296486 0.910497 0.281835 0.302596 0.918409 0.247729 0.308474 
0.92535 0.219376 0.309194 0.908857 -0.380167 0.171618 0.848628 -0.488324 0.203398 
0.817219 -0.519842 0.248831 0.771062 -0.583134 0.25577 0.725606 -0.626265 0.285112 
0.750718 -0.595027 0.286992 0.721605 -0.614145 0.319551 0.786348 -0.553787 0.27382 
0.921176 0.215389 0.324103 0.91546 0.237751 0.324664 0.904875 0.274902 0.325007 
0.891675 0.318898 0.321277 0.875147 0.354781 0.329011 0.865049 0.380005 0.327546 
0.951335 -0.27044 0.14773 0.988699 0.120497 0.0891869 0.99568 -0.00509315 0.0927079 
0.993818 -0.0725615 0.0840244 0.978313 -0.168978 0.119791 0.869186 0.384699 0.31068 
0.93514 0.290607 0.202633 0.917127 0.311019 0.24929 0.921899 0.299541 0.245717 
0.882065 0.365165 0.297684 0.887595 0.351038 0.29824 0.902963 0.320315 0.286454 
0.843121 0.529734 -0.0923544 0.939356 0.342891 0.00598965 0.830034 0.552007 -0.0795724 
0.840457 0.53595 -0.079933 0.334119 -0.233921 -0.913042 0.276084 -0.272785 -0.921611 
0.260205 -0.328106 -0.908097 0.19375 -0.407508 -0.892411 0.342255 -0.127729 -0.930885 
0.43639 0.2586 -0.861794 0.307251 0.0867822 -0.947663 0.268403 -0.0203184 -0.963092 
0.105631 -0.486371 -0.867344 0.0557531 -0.488713 -0.870661 0.715012 0.657659 -0.237156 
0.703798 0.6304 -0.327513 0.672434 0.523798 -0.522942 0.573013 0.412169 -0.708359 
0.745684 0.664012 -0.0551609 0.882874 0.469611 0.000151893 0.865452 0.500858 0.0116068 
0.903145 0.429326 -0.00280043 0.766704 0.640527 0.0434746 0.788641 0.608166 0.0904391 
0.850823 0.523147 0.0491592 0.833736 0.54668 0.077623 0.814668 0.570114 0.106239 
0.863203 0.504167 0.0263686 0.904928 0.425476 0.00866508 0.922812 0.382944 0.0420965 
0.904669 0.425346 0.0255747 0.93618 0.340836 0.0860154 0.918535 0.388624 0.0725625 
0.938911 0.327046 0.107179 0.929165 0.342033 0.140233 0.934358 0.316143 0.164406 
0.931628 0.296166 0.210606 0.925997 0.312411 0.211964 0.782937 -0.549043 0.29251 
0.829445 -0.480126 0.28548 0.887714 -0.378644 0.261902 0.943613 -0.22792 0.240099 
0.971385 -0.0927153 0.218667 0.969174 0.0693719 0.23641 0.942839 0.200871 0.265904 
0.924813 0.261534 0.276264 0.905658 0.302283 0.297337 0.899868 0.306752 0.310066 
0.907293 0.268615 0.323522 0.915475 0.231088 0.329399 0.917382 0.211109 0.337407 
0.878497 -0.424038 0.220077 0.928024 -0.330146 0.172554 0.845182 -0.470921 0.252784 
0.791588 -0.535639 0.294073 0.747994 -0.589952 0.304075 0.74867 -0.583418 0.314828 
0.745994 -0.575497 0.335106 0.736175 -0.581691 0.345952 0.734616 -0.58718 0.33994 
0.913915 0.211467 0.346469 0.907426 0.234766 0.348516 0.885753 0.282033 0.368645 
0.874035 0.333515 0.353315 0.859906 0.37157 0.349996 0.847027 0.394316 0.356454 
0.848144 0.396997 0.350778 0.96996 -0.212766 0.117933 0.963345 0.266572 -0.0300992 
0.990616 0.13639 0.00877442 0.999194 0.0301145 0.0265305 0.998739 -0.0381571 0.0326289 
0.989629 -0.121156 0.0771756 0.859367 0.383781 0.337936 0.921078 0.301889 0.245923 
0.909211 0.304269 0.284175 0.908301 0.299809 0.291727 0.875996 0.355322 0.326154 
0.88327 0.333838 0.329221 0.895723 0.304616 0.323865 0.84716 0.525371 -0.0794088 
0.874089 0.466509 -0.135418 0.240636 -0.240641 -0.940312 0.232019 -0.319888 -0.918607 
0.185185 -0.369537 -0.910576 0.12225 -0.410551 -0.903606 0.0987713 -0.419074 -0.902564 
0.0819362 -0.432075 -0.898108 0.195938 -0.124559 -0.972673 0.45472 0.257711 -0.852534 
0.433482 0.178381 -0.883331 0.342105 0.0527629 -0.938179 0.219371 -0.00586521 -0.975624 
0.194866 -0.045812 -0.979759 0.0605968 -0.495355 -0.866575 0.0772912 -0.468076 -0.880302 
0.738872 0.663707 -0.116453 0.742261 0.627222 -0.235885 0.756861 0.547744 -0.356565 
0.722568 0.403254 -0.5615 0.602483 0.327189 -0.727985 0.757712 0.652125 0.024598 
0.888059 0.4597 0.00521591 0.8746 0.484712 0.0113733 0.77247 0.627211 0.099483 
0.795874 0.589252 0.139166 0.866629 0.497254 0.0411322 0.858313 0.507929 0.0728434 
0.841005 0.530503 0.106195 0.823889 0.550555 0.134518 0.873665 0.48598 0.0230932 
0.890704 0.454315 0.0156472 0.90207 0.428891 0.0481976 0.891121 0.452601 0.0324886 
0.924893 0.368781 0.0925917 0.896709 0.436247 0.074847 0.906281 0.411564 0.0962844 
0.918839 0.377186 0.116039 0.909222 0.388601 0.149349 0.917392 0.354126 0.18162 
0.910795 0.346745 0.224097 0.914426 0.309751 0.260536 0.899743 0.340023 0.273582 
0.789786 -0.52976 0.309181 0.850047 -0.451927 0.270523 0.886581 -0.383739 0.2583 
0.943341 -0.242784 0.226195 0.969406 -0.0830078 0.231002 0.966768 0.0502081 0.250678 
0.94736 0.182164 0.263297 0.922408 0.267414 0.278665 0.912126 0.288565 0.291131 
0.904801 0.287367 0.314254 0.905874 0.260541 0.333931 0.911174 0.226984 0.343861 
0.911675 0.205723 0.355706 0.95666 -0.259528 0.132085 0.911068 -0.369992 0.181826 
0.852395 -0.460609 0.247513 0.777095 -0.538859 0.325199 0.798801 -0.520581 0.301516 
0.748293 -0.571702 0.336474 0.747136 -0.572523 0.337647 0.733237 -0.581796 0.351963 
0.738999 -0.576849 0.348031 0.907902 0.213537 0.360716 0.89613 0.239327 0.373729 
0.876349 0.280082 0.391875 0.853922 0.33467 0.398514 0.840155 0.385188 0.381799 
0.832509 0.406557 0.37635 0.828274 0.412205 0.379537 0.841496 0.392696 0.371045 
0.982127 -0.169063 0.0827358 0.875808 0.462361 -0.138499 0.945886 0.305972 -0.108077 
0.984631 0.162068 -0.0650795 0.997876 0.0583321 -0.0290073 0.999928 -0.00709762 -0.00966622 
0.995374 -0.0890834 0.0359713 0.854911 0.367036 0.366622 0.898875 0.313787 0.305879 
0.896974 0.293713 0.330409 0.88563 0.304446 0.350673 0.871467 0.332934 0.360139 
0.878285 0.306685 0.366823 0.884415 0.287543 0.367599 0.12114 -0.216457 -0.968747 
0.142266 -0.329428 -0.933401 0.110572 -0.432561 -0.894799 0.106537 -0.426977 -0.897965 
0.108064 -0.424326 -0.899038 0.110472 -0.427331 -0.897321 0.118505 -0.141436 -0.982829 
0.535692 0.166642 -0.827807 0.540886 0.0857237 -0.836716 0.332246 -0.00742573 -0.943164 
0.212873 -0.0552579 -0.975516 0.142096 -0.0937685 -0.985402 0.769054 0.638657 -0.0259391 
0.803296 0.583896 -0.117393 0.835097 0.465751 -0.292727 0.815414 0.314078 -0.486267 
0.698948 0.205202 -0.685101 0.776684 0.624126 0.0850224 0.880946 0.472996 0.0144352 
0.785768 0.601789 0.142895 0.796627 0.578776 0.174366 0.819345 0.547059 0.171464 
0.87858 0.476228 0.0361101 0.874541 0.481984 0.053577 0.859154 0.501866 0.0999217 
0.877324 0.473453 0.0783866 0.848157 0.512443 0.134283 0.88134 0.471818 0.0250535 
0.884797 0.465349 0.0241752 0.889753 0.453126 0.0549161 0.88669 0.460462 0.041898 
0.88667 0.455906 0.0772411 0.88776 0.448745 0.102519 0.898651 0.419885 0.126979 
0.898586 0.396952 0.187008 0.888635 0.426567 0.168429 0.893067 0.386169 0.230879 
0.867378 0.400605 0.295247 0.886703 0.327852 0.325992 0.861596 0.370947 0.346484 
0.757353 -0.556596 0.341493 0.801834 -0.500981 0.325701 0.84783 -0.44356 0.290582 
0.904092 -0.347387 0.248879 0.944822 -0.215546 0.24668 0.95991 -0.0562291 0.274609 
0.961569 0.0912119 0.258969 0.947729 0.177205 0.265344 0.924759 0.249138 0.287666 
0.909037 0.281518 0.307246 0.90842 0.266106 0.32243 0.908066 0.243908 0.340479 
0.909328 0.208728 0.359938 0.907985 0.199391 0.368519 0.903603 0.2071 0.374981 
0.96718 -0.229979 0.108042 0.926162 -0.330226 0.182139 0.872942 -0.420288 0.247648 
0.862918 -0.436414 0.254785 0.825034 -0.493216 0.275784 0.762764 -0.567983 0.30917 
0.7426 -0.58541 0.32533 0.732665 -0.58753 0.343526 0.727226 -0.606367 0.321655 
0.737808 -0.576497 0.351127 0.884765 0.24604 0.395797 0.864793 0.296212 0.405452 
0.841679 0.342689 0.417301 0.817916 0.389401 0.423532 0.809721 0.420619 0.409185 
0.814812 0.419178 0.400464 0.821369 0.405398 0.401254 0.843469 0.366917 0.392342 
0.988574 -0.143499 0.046147 0.877804 0.457515 -0.141915 0.879968 0.43817 -0.183475 
0.91952 0.340369 -0.196549 0.974033 0.190489 -0.122365 0.993085 0.0969879 -0.066147 
0.998378 0.0420582 -0.0383856 0.998405 -0.0564115 -0.0021704 0.854585 0.335043 0.396776 
0.866564 0.334694 0.370199 0.870667 0.290993 0.396563 0.854436 0.330288 0.40106 
0.867829 0.298317 0.397342 0.868171 0.282339 0.408123 0.046851 -0.236598 -0.970477 
0.0329017 -0.316317 -0.948083 0.0665972 -0.382544 -0.921534 0.0287792 -0.333458 -0.942326 
0.0723827 -0.182235 -0.980587 0.537929 -0.0157286 -0.842843 0.700667 0.0464129 -0.711978 
0.389118 -0.111165 -0.914456 0.216228 -0.12622 -0.96815 0.124539 -0.147614 -0.981173 
0.802568 0.595392 0.0373078 0.854572 0.513431 -0.0780759 0.888028 0.370941 -0.27168 
0.825416 0.198071 -0.528636 0.793423 0.59357 0.134738 0.799547 0.571816 0.183713 
0.809302 0.55259 0.199186 0.824568 0.527487 0.20456 0.848088 0.501714 0.170381 
0.888102 0.458045 0.0383287 0.886357 0.459996 0.0526724 0.869734 0.480965 0.110617 
0.885157 0.454199 0.100998 0.895489 0.439111 0.0726778 0.87046 0.474055 0.132559 
0.886863 0.460737 0.0345649 0.8873 0.456205 0.06764 0.890068 0.452981 0.0508597 
0.885664 0.455429 0.0904664 0.881104 0.458495 0.11592 0.880921 0.452873 0.137421 
0.884644 0.417044 0.208516 0.871898 0.458296 0.172507 0.862909 0.454924 0.220073 
0.867552 0.424891 0.258497 0.84622 0.437358 0.304352 0.829305 0.436988 0.348273 
0.845686 0.363582 0.39067 0.813128 0.42257 0.400321 0.744515 -0.573191 0.342273 
0.776597 -0.531682 0.337952 0.818826 -0.476724 0.319777 0.845756 -0.436188 0.307307 
0.892738 -0.349991 0.283771 0.921378 -0.235522 0.30918 0.949289 -0.116267 0.292117 
0.961714 0.000837163 0.274054 0.957857 0.0965488 0.270534 0.941392 0.188275 0.279882 
0.925437 0.236087 0.296361 0.911737 0.256439 0.320898 0.90571 0.24648 0.344872 
0.906409 0.219349 0.360984 0.905742 0.197727 0.374882 0.904275 0.190274 0.382207 
0.892491 0.204543 0.402022 0.974938 -0.212849 0.06474 0.934341 -0.323378 0.149779 
0.887028 -0.400841 0.229147 0.867411 -0.448189 0.21616 0.787286 -0.565946 0.244718 
0.743752 -0.596886 0.300931 0.736937 -0.597537 0.316027 0.720266 -0.647605 0.248646 
0.707095 -0.641681 0.29709 0.872818 0.241294 0.424224 0.856151 0.30137 0.41974 
0.82941 0.357912 0.428926 0.806737 0.395729 0.438833 0.789685 0.425105 0.442361 
0.791 0.431033 0.434199 0.809802 0.404917 0.424574 0.825149 0.372778 0.424459 
0.848462 0.327464 0.415789 0.993394 -0.11471 0.00321923 0.886005 0.410957 -0.214731 
0.882649 0.401885 -0.243762 0.906009 0.353886 -0.232189 0.912994 0.33364 -0.234791 
0.95877 0.240348 -0.151635 0.982965 0.166706 -0.0773895 0.98929 0.137292 -0.0495524 
0.99933 0.000829302 -0.0366004 0.856712 0.299892 0.419653 0.860982 0.284622 0.421544 
0.849288 0.310491 0.426972 0.826919 0.377596 0.416685 0.8155 0.382241 0.434571 
0.858606 0.281769 0.428254 0.0120683 -0.269412 -0.962949 0.0133778 -0.273175 -0.961871 
0.00896187 -0.293077 -0.956047 0.0229546 -0.322844 -0.946174 0.0234639 -0.327421 -0.944587 
0.0516235 -0.24745 -0.967524 0.0144565 -0.277185 -0.960708 0.570831 -0.141814 -0.808728 
0.772895 0.114376 -0.624141 0.642246 -0.0823448 -0.762063 0.377445 -0.212812 -0.901247 
0.219981 -0.234689 -0.946852 0.117316 -0.22642 -0.966939 0.83085 0.553784 0.0548756 
0.878848 0.470152 -0.0811342 0.868663 0.351884 -0.348715 0.809315 0.570085 0.141466 
0.794936 0.571828 0.202707 0.808123 0.547227 0.217898 0.842852 0.501769 0.194495 
0.820917 0.525095 0.224432 0.867093 0.47132 0.16127 0.895789 0.441989 0.0469912 
0.898497 0.435569 0.0546105 0.900963 0.423997 0.0921548 0.88781 0.44371 0.122128 
0.907423 0.414103 0.0714303 0.89157 0.447175 0.0716771 0.888285 0.449214 0.0956928 
0.90022 0.431153 0.0609269 0.874694 0.461465 0.148188 0.882776 0.452864 0.124984 
0.865588 0.466219 0.18275 0.851178 0.476306 0.220521 0.845098 0.454569 0.281384 
0.8305 0.487845 0.268843 0.82815 0.458393 0.322558 0.807873 0.471137 0.354078 
0.78754 0.482844 0.38294 0.797288 0.428837 0.424771 0.760347 0.496384 0.418898 
0.754623 -0.56865 0.327385 0.792311 -0.520114 0.318945 0.818027 -0.480424 0.316267 
0.854581 -0.422305 0.302241 0.886137 -0.344975 0.309439 0.92505 -0.249656 0.286276 
0.950412 -0.158872 0.267352 0.971983 -0.052195 0.229184 0.969231 0.0514735 0.240712 
0.958887 0.118162 0.258019 0.94417 0.167993 0.28341 0.924855 0.217945 0.311677 
0.914229 0.231939 0.33225 0.907521 0.226569 0.353656 0.902206 0.198283 0.383025 
0.901376 0.183176 0.392388 0.897118 0.1802 0.40337 0.884838 0.198598 0.421451 
0.982847 -0.182833 0.0241519 0.956543 -0.280679 0.0790246 0.906051 -0.399515 0.139495 
0.853202 -0.491909 0.173414 0.822227 -0.550069 0.146177 0.73686 -0.651 0.182305 
0.725287 -0.631647 0.273827 0.752564 -0.592295 0.287808 0.7233 -0.645815 0.24446 
0.718838 -0.670136 0.184904 0.69174 -0.686032 0.225511 0.683911 -0.713382 0.152814 
0.867762 0.232636 0.439169 0.843611 0.290807 0.451388 0.820807 0.358864 0.444401 
0.793411 0.408261 0.451466 0.777811 0.432274 0.456233 0.77782 0.433267 0.455276 
0.790057 0.410876 0.454963 0.817444 0.364549 0.44597 0.834937 0.326148 0.443291 
0.852491 0.293494 0.432574 0.995405 -0.0788249 -0.0543573 0.927495 0.308781 -0.21073 
0.942477 0.280953 -0.181113 0.952428 0.266612 -0.147647 0.960525 0.254849 -0.11155 
0.961411 0.267934 -0.0624587 0.96018 0.273488 -0.0570789 0.954351 0.297284 -0.0289153 
0.986614 0.136728 -0.0888672 0.854579 0.289464 0.431168 0.841674 0.317122 0.437056 
0.784226 0.452123 0.42494 0.827544 0.356122 0.433991 0.771372 0.482337 0.415135 
0.807538 0.40831 0.425636 0.854805 0.285543 0.433328 0.854805 0.29464 0.427195 
0.0592978 -0.344478 -0.93692 0.013327 -0.30901 -0.950965 0.034171 -0.352126 -0.935329 
0.463697 -0.259936 -0.847006 0.714412 -0.0654282 -0.69666 0.832176 0.247572 -0.496177 
0.809154 0.0279891 -0.58693 0.554981 -0.180363 -0.812074 0.32453 -0.32606 -0.887899 
0.16799 -0.344387 -0.923676 0.84315 0.531502 0.0812592 0.864905 0.494669 -0.0850989 
0.880105 0.399845 -0.256007 0.818216 0.547763 0.174583 0.803463 0.552073 0.222851 
0.80093 0.548527 0.24006 0.845131 0.497058 0.196689 0.808925 0.535859 0.241857 
0.829279 0.5161 0.21433 0.860687 0.478148 0.174909 0.885566 0.443408 0.13843 
0.906967 0.41683 0.0605348 0.911739 0.401685 0.0859099 0.901676 0.418802 0.10763 
0.915678 0.395316 0.072521 0.899657 0.429236 0.0798384 0.896622 0.431808 0.098033 
0.888981 0.441192 0.122731 0.90995 0.408723 0.0702585 0.877128 0.454801 0.154282 
0.864275 0.465794 0.189906 0.844285 0.482717 0.232739 0.812522 0.486024 0.321853 
0.827975 0.493795 0.265751 0.805908 0.509222 0.302002 0.785006 0.502749 0.361952 
0.767897 0.517223 0.377908 0.754078 0.532668 0.384227 0.739764 0.520502 0.426411 
0.705794 0.588393 0.394523 0.787609 -0.539079 0.298438 0.82947 -0.474856 0.294094 
0.860306 -0.413276 0.298458 0.90166 -0.332356 0.276674 0.928252 -0.264199 0.261815 
0.961462 -0.158861 0.224399 0.974176 -0.0738516 0.213373 0.973377 0.0227568 0.228078 
0.956339 0.0996439 0.274748 0.937258 0.170391 0.304163 0.926172 0.194537 0.323048 
0.913381 0.21265 0.347153 0.905191 0.199547 0.375248 0.900964 0.177494 0.395928 
0.898462 0.174781 0.402762 0.891803 0.173321 0.417909 0.878086 0.199791 0.434797 
0.974369 -0.224564 0.0132441 0.936513 -0.345589 0.0592618 0.881439 -0.456233 0.122135 
0.873338 -0.48439 0.0514553 0.77062 -0.633284 0.0713855 0.707884 -0.694538 0.128517 
0.797275 -0.53724 0.275183 0.751224 -0.612345 0.246364 0.661264 -0.731383 0.166761 
0.683453 -0.701588 0.201661 0.682512 -0.728973 0.0526921 0.613644 -0.785772 0.0774812 
0.859776 0.245169 0.44797 0.839354 0.292018 0.458486 0.811809 0.347487 0.469274 
0.7789 0.411245 0.47349 0.76829 0.438172 0.466621 0.767354 0.438542 0.467814 
0.78546 0.412784 0.461153 0.806667 0.36761 0.462764 0.834316 0.316323 0.451504 
0.849093 0.292454 0.439899 0.992948 0.0228908 -0.116322 0.988903 -0.137779 -0.0555715 
0.954045 0.29629 -0.0448451 0.944088 0.328434 -0.0288026 0.940167 0.340291 -0.0169612 
0.933346 0.357526 -0.0322543 0.970965 0.212254 -0.110339 0.845322 0.341672 0.41072 
0.736509 0.543989 0.402034 0.791315 0.463666 0.39854 0.744449 0.558798 0.365431 
0.771531 0.515533 0.372781 0.824915 0.416294 0.38238 0.85444 0.290371 0.430834 
0.851245 0.312303 0.421721 0.10014 -0.427024 -0.898678 0.0384123 -0.374117 -0.926586 
0.0862567 -0.431698 -0.897884 0.389145 -0.316733 -0.865012 0.266386 -0.382353 -0.884785 
0.684576 -0.213186 -0.697071 0.773129 -0.157657 -0.614342 0.884422 0.191258 -0.425696 
0.836637 0.00557955 -0.547729 0.555264 -0.2959 -0.777255 0.844888 0.529255 0.0777985 
0.820126 0.539731 0.189959 0.880797 0.472683 -0.0277051 0.863882 0.448321 -0.229602 
0.809493 0.537234 0.236857 0.800769 0.546537 0.245086 0.802104 0.544328 0.245634 
0.813067 0.53753 0.223568 0.849546 0.497207 0.176231 0.831146 0.524907 0.183492 
0.874037 0.463446 0.145868 0.895334 0.430076 0.115804 0.916735 0.391239 0.0808081 
0.910552 0.403003 0.092106 0.916612 0.392524 0.0758135 0.918994 0.386907 0.0758481 
0.909517 0.406615 0.0862767 0.902129 0.418035 0.106821 0.896719 0.4256 0.121492 
0.880525 0.449554 0.150258 0.866926 0.465823 0.177335 0.846228 0.482675 0.22566 
0.768505 0.539106 0.344622 0.819359 0.504233 0.272762 0.792887 0.532366 0.296508 
0.753871 0.544434 0.367791 0.726431 0.583587 0.362938 0.703041 0.614034 0.358743 
0.703721 0.602456 0.376594 0.694387 0.628292 0.350821 0.690076 0.630477 0.355378 
0.838067 -0.469081 0.278581 0.8817 -0.393134 0.260865 0.906491 -0.336422 0.255136 
0.94588 -0.238797 0.219744 0.967061 -0.150597 0.205215 0.972639 -0.0709622 0.221218 
0.96513 0.00250716 0.261758 0.95216 0.061494 0.299349 0.933695 0.140727 0.329255 
0.917728 0.185219 0.351382 0.907145 0.190486 0.375238 0.899306 0.182463 0.397437 
0.896757 0.166976 0.409812 0.895563 0.159423 0.415393 0.885546 0.164931 0.434288 
0.870719 0.191685 0.452886 0.857053 0.248153 0.451532 0.983778 -0.177274 0.0274595 
0.976506 -0.214423 0.0214006 0.931936 -0.360452 -0.0396239 0.85064 -0.523434 -0.0492858 
0.73671 -0.675376 -0.03356 0.7919 -0.554728 0.255287 0.747839 -0.633647 0.198062 
0.589463 -0.800432 0.108825 0.650545 -0.740841 0.167169 0.615071 -0.788026 -0.0264959 
0.544578 -0.838581 0.0147181 0.829471 0.31296 0.462638 0.800575 0.363976 0.476027 
0.780575 0.399595 0.480652 0.753553 0.446938 0.482083 0.764442 0.429222 0.481037 
0.764526 0.437309 0.473562 0.779027 0.414692 0.470263 0.803257 0.378561 0.459858 
0.831527 0.331574 0.44567 0.856033 0.299498 0.421318 0.994817 0.0921419 -0.0429979 
0.996881 -0.0704612 -0.03556 0.907648 0.419698 -0.00534965 0.962703 0.270512 -0.00506569 
0.886551 0.4626 0.00535035 0.91527 0.401799 0.028955 0.95847 0.267907 0.0977807 
0.838018 0.374352 0.396971 0.716101 0.604543 0.348893 0.764193 0.535515 0.359489 
0.807488 0.461183 0.367794 0.858244 0.304433 0.413203 0.852781 0.337747 0.398361 
0.12894 -0.468464 -0.874023 0.0874605 -0.43577 -0.895799 0.113659 -0.473159 -0.873614 
0.511847 -0.407389 -0.756338 0.381101 -0.444159 -0.810854 0.251918 -0.433814 -0.865068 
0.64939 -0.349444 -0.675412 0.831043 -0.153469 -0.534616 0.725583 -0.258461 -0.637752 
0.749704 0.279338 -0.599928 0.921854 -0.23649 -0.307015 0.915893 -0.089712 -0.391269 
0.856179 0.504086 0.113384 0.834442 0.521217 0.178997 0.80463 0.547543 0.229711 
0.904412 0.42564 0.0294933 0.80341 0.594031 -0.0407328 0.962212 0.271712 0.0178887 
0.792412 0.557422 0.247717 0.790779 0.56387 0.23816 0.805086 0.556247 0.205976 
0.853447 0.50134 0.14243 0.813465 0.554875 0.174322 0.835424 0.529213 0.148327 
0.878081 0.463152 0.120265 0.901721 0.42221 0.0929434 0.888237 0.450598 0.0894197 
0.914752 0.396363 0.0782692 0.904986 0.418662 0.0756519 0.917009 0.389969 0.083778 
0.913262 0.400628 0.0738267 0.915875 0.393257 0.0807581 0.910537 0.401856 0.0971317 
0.886002 0.442198 0.139503 0.901023 0.419534 0.110223 0.873628 0.458774 0.162173 
0.853813 0.481331 0.198302 0.820612 0.517008 0.243513 0.768072 0.559888 0.31079 
0.740997 0.583632 0.332111 0.781252 0.557058 0.281661 0.707757 0.619412 0.33972 
0.694846 0.631041 0.34493 0.693735 0.637342 0.335449 0.680607 0.651828 0.334505 
0.690319 0.640885 0.335746 0.842196 -0.474922 0.255254 0.892192 -0.383469 0.238633 
0.929222 -0.30062 0.214883 0.953311 -0.224604 0.201868 0.962231 -0.161792 0.218939 
0.957621 -0.103619 0.268749 0.952164 -0.0152142 0.305207 0.938368 0.0588693 0.340587 
0.919802 0.118271 0.374135 0.910799 0.168472 0.376911 0.899323 0.176115 0.400253 
0.893325 0.166556 0.417409 0.893214 0.154194 0.422367 0.89031 0.147473 0.430812 
0.881574 0.155654 0.445645 0.869617 0.181506 0.459153 0.851343 0.232144 0.470452 
0.820122 0.3133 0.478793 0.997438 -0.0423447 0.0576505 0.987495 -0.122553 0.0991662 
0.998033 0.0437568 0.0449004 0.975647 -0.163296 -0.146452 0.915385 -0.382704 -0.124932 
0.828541 -0.543059 -0.136406 0.698904 -0.707898 -0.102047 0.80103 -0.557668 0.217616 
0.695965 -0.706412 0.128896 0.7845 -0.599581 0.158312 0.705036 -0.701661 0.102936 
0.525747 -0.850118 0.0298102 0.602694 -0.794641 0.0728442 0.612026 -0.786878 -0.0790414 
0.534045 -0.844526 -0.0396526 0.489577 -0.871785 -0.0174545 0.789426 0.38711 0.476395 
0.754612 0.446001 0.481294 0.761675 0.438098 0.477411 0.755778 0.449729 0.475966 
0.764741 0.432799 0.477343 0.785333 0.402883 0.47004 0.81072 0.370286 0.453455 
0.829282 0.346692 0.438288 0.847795 0.328102 0.416644 0.862756 0.31791 0.393174 
0.986498 0.143753 0.0784697 0.887023 0.460543 0.033015 0.897707 0.433472 0.078896 
0.988998 0.0621058 0.134264 0.962159 0.26521 0.0625668 0.83662 0.391956 0.382672 
0.738418 0.586687 0.332471 0.697153 0.64104 0.321006 0.719683 0.617748 0.316929 
0.773437 0.541501 0.329504 0.83006 0.424017 0.362229 0.790716 0.503243 0.348591 
0.856694 0.359028 0.370371 0.178044 -0.549968 -0.815987 0.1181 -0.47872 -0.869988 
0.153981 -0.553013 -0.81882 0.474148 -0.493544 -0.729107 0.318867 -0.535142 -0.78227 
0.585607 -0.384433 -0.713636 0.820586 -0.217488 -0.528525 0.708983 -0.317644 -0.62964 
0.928402 0.164987 -0.33294 0.996774 0.0566629 0.0568425 0.856722 -0.227717 -0.462787 
0.961658 0.121994 -0.245626 0.948756 -0.024771 -0.315037 0.905203 -0.175165 -0.387202 
0.882941 0.455766 0.112659 0.839273 0.508277 0.193068 0.817327 0.530255 0.225401 
0.962543 0.268517 -0.0375557 0.908853 0.411023 0.0710353 0.802846 0.54645 0.238391 
0.793771 0.559512 0.238483 0.797663 0.565966 0.208368 0.866797 0.487257 0.106035 
0.849735 0.514995 0.112826 0.8285 0.542286 0.139693 0.814723 0.554325 0.170147 
0.871164 0.483513 0.0853719 0.889701 0.450619 0.0733158 0.902136 0.425846 0.0693303 
0.909016 0.410283 0.0731932 0.908886 0.407878 0.0869579 0.886715 0.443785 0.129579 
0.897814 0.429788 0.0959776 0.86853 0.467063 0.165855 0.846574 0.497044 0.190418 
0.824514 0.525235 0.210487 0.795972 0.552911 0.246411 0.756279 0.578454 0.305668 
0.735286 0.600963 0.313365 0.760587 0.584947 0.281682 0.717426 0.61896 0.319669 
0.706052 0.625037 0.332895 0.694714 0.641146 0.326044 0.713176 0.616375 0.333858 
0.680893 0.656736 0.324165 0.692577 0.640199 0.332388 0.687336 0.651261 0.321602 
0.867569 -0.453457 0.204206 0.901677 -0.376157 0.213271 0.932238 -0.300872 0.201018 
0.943657 -0.245826 0.221544 0.938769 -0.210551 0.272728 0.938227 -0.164206 0.304577 
0.942644 -0.0933406 0.320485 0.935863 -0.0176465 0.351922 0.92205 0.0542968 0.383243 
0.907872 0.11087 0.404322 0.900358 0.153603 0.407138 0.891847 0.167729 0.420091 
0.890625 0.156735 0.426874 0.891032 0.147942 0.429157 0.887452 0.139372 0.439323 
0.878125 0.153413 0.453168 0.862558 0.198179 0.46553 0.840207 0.251266 0.480538 
0.809391 0.316439 0.494725 0.776276 0.390521 0.494863 0.963269 0.268461 0.00649694 
0.982474 0.131461 -0.132145 0.979502 -0.0349038 -0.198389 0.956176 -0.227445 -0.184383 
0.914996 -0.357266 -0.187465 0.837367 -0.527595 -0.143036 0.729768 -0.67121 -0.130061 
0.913843 -0.371762 -0.163351 0.853247 -0.494035 0.167032 0.849061 -0.501584 0.165861 
0.760931 -0.63228 0.145623 0.575934 -0.816221 0.0456399 0.642027 -0.760065 0.100515 
0.485625 -0.874121 0.00900349 0.715798 -0.690723 -0.102638 0.590832 -0.804882 -0.0555248 
0.512635 -0.857372 -0.0460391 0.459445 -0.888133 -0.0113993 0.75792 0.449289 0.472966 
0.790031 0.406626 0.45881 0.771545 0.437237 0.462107 0.76068 0.451685 0.466205 
0.756653 0.447539 0.476639 0.818306 0.370108 0.439767 0.836687 0.346211 0.424373 
0.841799 0.348545 0.412179 0.85162 0.356598 0.384162 0.885051 0.460146 0.0703566 
0.880361 0.467549 0.0797661 0.87731 0.471669 0.0886343 0.90175 0.425325 0.0771075 
0.693925 0.642981 0.324104 0.714284 0.622521 0.31979 0.748255 0.576511 0.328253 
0.8246 0.450587 0.342062 0.850744 0.393424 0.3485 0.792549 0.510493 0.33356 
0.276799 -0.569041 -0.774322 0.161926 -0.562728 -0.810627 0.213069 -0.589638 -0.779056 
0.414718 -0.487641 -0.768255 0.646213 -0.419845 -0.63729 0.539073 -0.454898 -0.70885 
0.769695 -0.317746 -0.553721 0.801968 -0.352911 -0.481976 0.850951 -0.277648 -0.445864 
0.985758 0.0922012 -0.140645 0.967945 -0.0807015 -0.237843 0.944421 -0.14875 -0.293159 
0.866903 0.469863 0.166457 0.832974 0.509041 0.216867 0.931081 0.354401 0.0865316 
0.981054 0.193732 -0.000388967 0.814213 0.531383 0.233858 0.812532 0.540929 0.217227 
0.81509 0.545423 0.195301 0.843394 0.525119 0.113738 0.859405 0.5033 0.0900711 
0.829063 0.541804 0.138218 0.823831 0.539506 0.173885 0.831297 0.534945 0.150931 
0.875596 0.477563 0.0725574 0.889262 0.452801 0.0646882 0.898144 0.43492 0.0646731 
0.901491 0.426293 0.0747568 0.883432 0.456415 0.105983 0.86796 0.474629 0.146195 
0.889906 0.449158 0.0795221 0.840207 0.516025 0.166645 0.811273 0.546263 0.208406 
0.781837 0.577264 0.23558 0.729519 0.611035 0.307309 0.747161 0.607584 0.26943 
0.719633 0.614026 0.324192 0.718207 0.61047 0.333925 0.704461 0.627461 0.331705 
0.721104 0.600108 0.346236 0.731169 0.585806 0.349605 0.720455 0.605794 0.337576 
0.70946 0.618932 0.33703 0.692945 0.643137 0.325886 0.907224 -0.380558 0.17922 
0.919539 -0.324382 0.221865 0.91454 -0.296382 0.275271 0.913539 -0.26724 0.306641 
0.927639 -0.210396 0.308577 0.927107 -0.169349 0.334356 0.921886 -0.102964 0.373531 
0.913753 -0.0172654 0.405903 0.900028 0.0702796 0.430128 0.895892 0.12847 0.425292 
0.886734 0.16174 0.433063 0.883602 0.166482 0.437643 0.884446 0.154739 0.44024 
0.888335 0.137426 0.438149 0.882169 0.130302 0.452548 0.872693 0.142596 0.466983 
0.8552 0.195422 0.480045 0.831644 0.276433 0.481615 0.80227 0.345864 0.48656 
0.776562 0.406333 0.481502 0.892911 0.448539 0.0390259 0.941343 0.333332 -0.0525597 
0.986249 0.053617 -0.156326 0.969273 0.216598 -0.116599 0.977794 -0.144685 -0.151609 
0.938628 -0.317483 -0.134839 0.83906 -0.533211 -0.108005 0.880406 -0.421237 0.217817 
0.809469 -0.548266 0.210152 0.700259 -0.690691 0.180507 0.522116 -0.850958 0.057144 
0.570294 -0.810572 0.133182 0.44761 -0.893578 0.0341201 0.7101 -0.70246 -0.0480345 
0.591717 -0.806056 0.0120661 0.500555 -0.865655 -0.00926969 0.44483 -0.894896 0.0358854 
0.789385 0.42025 0.447506 0.8104 0.39587 0.431902 0.782735 0.440223 0.43992 
0.76395 0.467698 0.444567 0.7803 0.425512 0.458335 0.764295 0.460579 0.451353 
0.835925 0.363634 0.411097 0.847335 0.358802 0.391516 0.842402 0.381592 0.380456 
0.836665 0.410444 0.362668 0.862979 0.496208 0.0951027 0.854869 0.511475 0.0871325 
0.705096 0.629928 0.325623 0.689136 0.634291 0.350381 0.701679 0.625183 0.34175 
0.717219 0.614107 0.329349 0.788268 0.520226 0.328631 0.76778 0.555079 0.320003 
0.745939 0.579654 0.327988 0.827381 0.454951 0.329332 0.37814 -0.575478 -0.725145 
0.250007 -0.579126 -0.775957 0.265297 -0.583772 -0.767351 0.210372 -0.584971 -0.783296 
0.451765 -0.543721 -0.707302 0.71522 -0.416076 -0.561552 0.539229 -0.541444 -0.645035 
0.629214 -0.499551 -0.595431 0.714607 -0.433661 -0.548886 0.762635 -0.334303 -0.553742 
0.920077 -0.17894 -0.348481 0.862987 -0.259096 -0.433732 0.994657 0.0254377 -0.100054 
0.979575 -0.0599121 -0.191945 0.91572 0.379365 0.132438 0.880081 0.435066 0.190199 
0.85501 0.477453 0.202475 0.973401 0.2235 0.0503802 0.832901 0.516498 0.198758 
0.837407 0.516076 0.180042 0.854783 0.509838 0.0970173 0.84131 0.526734 0.121444 
0.867464 0.491896 0.074468 0.833817 0.525939 0.167743 0.841182 0.519133 0.151375 
0.846356 0.516131 0.131491 0.878754 0.473282 0.0616098 0.887222 0.457834 0.0567859 
0.891463 0.44886 0.061796 0.877921 0.470701 0.0877239 0.862105 0.493682 0.114247 
0.879541 0.471686 0.0626125 0.837694 0.529625 0.133287 0.806922 0.562808 0.179234 
0.758781 0.611055 0.225529 0.725243 0.620261 0.298831 0.711872 0.617772 0.334059 
0.735773 0.617627 0.277804 0.720102 0.597825 0.35222 0.729644 0.583545 0.356503 
0.733701 0.573124 0.364982 0.745982 0.570494 0.343581 0.747308 0.559677 0.358179 
0.725495 0.595121 0.345672 0.702455 0.623036 0.344068 0.719731 0.58931 0.367017 
0.70985 0.601552 0.366399 0.880044 -0.381796 0.282409 0.878023 -0.356502 0.319347 
0.896837 -0.304213 0.321152 0.89826 -0.262048 0.352789 0.891631 -0.199021 0.406674 
0.881946 -0.116795 0.456652 0.882146 -0.00832747 0.470903 0.87424 0.0698973 0.480436 
0.874056 0.136836 0.466157 0.875177 0.165723 0.454533 0.8719 0.163537 0.46157 
0.879623 0.143031 0.453659 0.879174 0.126088 0.459517 0.87379 0.123195 0.47044 
0.863975 0.14345 0.482669 0.849622 0.189304 0.492247 0.825686 0.261314 0.499958 
0.79486 0.366036 0.483958 0.837154 0.542358 0.0708603 0.828042 0.558216 0.0523696 
0.874382 0.485094 0.0118054 0.964051 0.259773 -0.0558874 0.923614 0.382995 -0.0158992 
0.990881 0.0812866 -0.107459 0.990686 -0.0815106 -0.109075 0.993293 -0.0918669 -0.0702114 
0.941132 -0.329142 -0.0770513 0.841076 -0.540132 -0.0291218 0.824111 -0.485692 0.291451 
0.722979 -0.627712 0.28858 0.596373 -0.762182 0.251828 0.467678 -0.877466 0.106448 
0.49204 -0.848602 0.194349 0.413092 -0.905766 0.094571 0.710184 -0.702755 0.0421259 
0.59991 -0.793072 0.105567 0.506309 -0.85988 0.0652429 0.446341 -0.887771 0.112436 
0.801886 0.416332 0.42854 0.813316 0.405043 0.417681 0.827175 0.390957 0.40365 
0.791903 0.452079 0.410506 0.81018 0.418888 0.410049 0.774177 0.470336 0.423596 
0.777912 0.471762 0.415082 0.77342 0.455615 0.440722 0.844467 0.377118 0.380339 
0.842708 0.394414 0.366443 0.828115 0.428352 0.36158 0.811169 0.468623 0.349853 
0.707151 0.597027 0.37881 0.69643 0.614847 0.370065 0.712631 0.601232 0.361493 
0.793762 0.515437 0.322904 0.731856 0.580893 0.3563 0.765626 0.533874 0.358879 
0.533488 -0.512965 -0.672501 0.377072 -0.547349 -0.747145 0.270254 -0.601515 -0.75176 
0.291575 -0.584141 -0.757472 0.636231 -0.411262 -0.652743 0.700985 -0.369383 -0.610062 
0.79268 -0.301152 -0.530063 0.938876 -0.1704 -0.299126 0.902983 -0.202161 -0.379147 
0.995129 0.0895887 -0.0411272 0.996898 0.0469714 -0.0631553 0.977942 -0.0588523 -0.200414 
0.937617 0.319499 0.137095 0.920942 0.356446 0.157517 0.905809 0.39602 0.150595 
0.872151 0.458102 0.171739 0.977535 0.201263 0.0626061 0.864804 0.47574 0.160581 
0.847845 0.5062 0.157864 0.863475 0.497517 0.0829948 0.855419 0.507442 0.103733 
0.873669 0.483156 0.057117 0.871116 0.487312 0.0606954 0.848538 0.511684 0.134765 
0.843146 0.516862 0.148184 0.856083 0.503923 0.114821 0.879055 0.474195 0.048999 
0.881968 0.468695 0.0495776 0.867407 0.491084 0.0802641 0.851175 0.516269 0.0946946 
0.874802 0.482416 0.0446764 0.863132 0.50167 0.0577163 0.822847 0.555271 0.120819 
0.785776 0.597266 0.160713 0.751568 0.626617 0.206147 0.727273 0.634783 0.261007 
0.721158 0.618563 0.311947 0.710192 0.61492 0.342784 0.705611 0.609278 0.361792 
0.710049 0.626348 0.321744 0.71949 0.58507 0.374201 0.738631 0.563278 0.370327 
0.742107 0.569519 0.353447 0.756309 0.549078 0.355682 0.73608 0.565434 0.372115 
0.749865 0.556497 0.357791 0.739587 0.562048 0.370288 0.719643 0.573954 0.390757 
0.725738 0.565917 0.391205 0.702492 0.589195 0.399191 0.830067 -0.447372 0.332937 
0.854106 -0.395883 0.337313 0.84961 -0.367851 0.377954 0.830338 -0.318747 0.457098 
0.841094 -0.228075 0.490452 0.845908 -0.159927 0.508786 0.857948 -0.0695748 0.509004 
0.860254 0.0251336 0.509246 0.856484 0.105097 0.505361 0.851447 0.156543 0.500532 
0.857069 0.172345 0.48552 0.859468 0.163436 0.484359 0.869239 0.140566 0.473989 
0.867328 0.12079 0.482858 0.862816 0.124598 0.489922 0.856703 0.166445 0.488218 
0.846245 0.222569 0.484078 0.823393 0.291163 0.48708 0.802492 0.358399 0.477029 
0.783467 0.42097 0.457125 0.815322 0.577497 0.041813 0.809578 0.586161 0.0316045 
0.823545 0.565095 0.0494042 0.897474 0.43972 0.0344429 0.956082 0.293056 -0.00499616 
0.991726 0.119774 -0.0461908 0.992037 0.125946 0.000750606 0.994891 -0.100609 -0.00837672 
0.955252 -0.295134 0.0197299 0.84764 -0.52747 0.0572783 0.760487 -0.547594 0.349 
0.798717 -0.488836 0.350841 0.636079 -0.695715 0.333742 0.666874 -0.633406 0.392525 
0.469573 -0.832537 0.293911 0.543775 -0.752892 0.370758 0.406009 -0.889131 0.211193 
0.444131 -0.849461 0.284894 0.382104 -0.906814 0.178003 0.717226 -0.679283 0.155441 
0.592823 -0.779647 0.201773 0.517625 -0.838717 0.169168 0.465256 -0.858617 0.215207 
0.822569 0.402593 0.40162 0.827397 0.399534 0.394698 0.831736 0.400155 0.384827 
0.789225 0.467366 0.398364 0.801656 0.450163 0.393321 0.817149 0.424092 0.390402 
0.826497 0.404606 0.391404 0.782906 0.473661 0.403366 0.77892 0.459795 0.426464 
0.77771 0.481077 0.404638 0.837069 0.409133 0.363215 0.82186 0.444781 0.355973 
0.797275 0.485463 0.358718 0.702009 0.592991 0.394392 0.699419 0.568162 0.433596 
0.703481 0.572694 0.420876 0.693114 0.592076 0.411143 0.72261 0.580435 0.375407 
0.711883 0.577007 0.400357 0.725665 0.570682 0.38436 0.787979 0.493856 0.367688 
0.775739 0.512561 0.368118 0.75386 0.533998 0.382806 0.4197 -0.53457 -0.733544 
0.504875 -0.484589 -0.714335 0.323127 -0.569198 -0.756044 0.316714 -0.570153 -0.758035 
0.592727 -0.420065 -0.687183 0.668734 -0.386887 -0.634912 0.750081 -0.327908 -0.57433 
0.822612 -0.231607 -0.519296 0.928547 -0.0792946 -0.362648 0.991675 0.120449 -0.0455231 
0.980455 0.076562 -0.181235 0.955926 0.284408 0.0729233 0.917471 0.377373 0.125846 
0.89934 0.41933 0.123897 0.871152 0.4727 0.132851 0.852653 0.504654 0.135301 
0.840311 0.524388 0.13746 0.865887 0.493981 0.0788893 0.865724 0.493489 0.0836126 
0.87439 0.483327 0.0428682 0.872575 0.485184 0.0566591 0.875311 0.482109 0.0374521 
0.855004 0.506226 0.112711 0.84396 0.520559 0.129421 0.875564 0.481568 0.0384643 
0.838462 0.539997 0.0733802 0.868287 0.49503 0.031988 0.853329 0.520224 0.0345941 
0.806857 0.581382 0.10477 0.762691 0.62465 0.167675 0.748713 0.622932 0.226682 
0.717605 0.647051 0.257622 0.71416 0.603428 0.354754 0.69443 0.615901 0.372065 
0.681634 0.660371 0.315095 0.663067 0.654953 0.362462 0.688797 0.608016 0.39481 
0.705494 0.598056 0.380273 0.74501 0.551058 0.375893 0.740664 0.562959 0.366734 
0.731534 0.574936 0.366477 0.719263 0.593164 0.361687 0.7071 0.569468 0.419186 
0.707728 0.564382 0.424964 0.726328 0.56399 0.392891 0.7943 -0.464062 0.392089 
0.76093 -0.444425 0.472728 0.748149 -0.397887 0.530998 0.800902 -0.292664 0.522403 
0.826131 -0.214454 0.521073 0.835063 -0.137165 0.532781 0.831148 -0.0370077 0.554818 
0.832383 0.0749654 0.549107 0.837445 0.14672 0.526459 0.839658 0.176463 0.51365 
0.83803 0.186735 0.512675 0.843361 0.165218 0.511317 0.856243 0.132276 0.49935 
0.854203 0.118281 0.506308 0.851722 0.133595 0.506677 0.844479 0.18122 0.503998 
0.836824 0.258323 0.482696 0.827138 0.344727 0.443854 0.802797 0.425043 0.418157 
0.813252 0.57989 0.0484693 0.811921 0.581412 0.0523858 0.808463 0.583561 0.0764506 
0.807607 0.584412 0.0789522 0.949963 0.311141 0.0275943 0.863684 0.49524 0.0937436 
0.925214 0.367227 0.0955149 0.976208 0.206649 0.0656832 0.99745 -0.00635071 0.0710821 
0.963683 -0.249108 0.0962289 0.856643 -0.490536 0.159806 0.739101 -0.541394 0.400777 
0.6032 -0.700854 0.380727 0.669973 -0.582358 0.460429 0.587601 -0.634654 0.501935 
0.568187 -0.695607 0.439653 0.407094 -0.836766 0.366192 0.407691 -0.810054 0.421427 
0.463816 -0.723468 0.511341 0.312657 -0.888178 0.336727 0.362178 -0.838331 0.407466 
0.376781 -0.880823 0.286682 0.81538 -0.500805 0.29043 0.709762 -0.644917 0.283409 
0.602581 -0.736793 0.306648 0.475984 -0.807878 0.347524 0.449308 -0.809364 0.378224 
0.830371 0.401008 0.386882 0.82728 0.409332 0.38478 0.822118 0.424639 0.379214 
0.794589 0.462718 0.393091 0.80613 0.442701 0.392646 0.816454 0.42294 0.393096 
0.825184 0.406731 0.391971 0.827449 0.406064 0.387865 0.785679 0.480915 0.389139 
0.777232 0.492128 0.392073 0.772005 0.477726 0.41927 0.813641 0.453598 0.363644 
0.693655 0.563001 0.449303 0.699968 0.556976 0.447015 0.682855 0.559756 0.469448 
0.695931 0.546109 0.46631 0.697644 0.555877 0.451988 0.708589 0.557425 0.432641 
0.70333 0.562886 0.43415 0.722858 0.550216 0.418017 0.787027 0.491678 0.372615 
0.738947 0.533558 0.411428 0.76904 0.496516 0.402554 0.333971 -0.561635 -0.756987 
0.35903 -0.550887 -0.753407 0.474186 -0.481061 -0.737379 0.57409 -0.44714 -0.68592 
0.658083 -0.332575 -0.675516 0.524491 -0.456632 -0.718608 0.847479 -0.0829657 -0.524306 
0.745671 -0.217061 -0.629968 0.92569 0.0997959 -0.364882 0.978161 0.204813 -0.0353826 
0.957344 0.249003 -0.146592 0.944405 0.325996 0.0427373 0.900349 0.42951 0.0699461 
0.85903 0.503922 0.090165 0.835697 0.536493 0.117414 0.814229 0.56993 0.110502 
0.827567 0.549048 0.116957 0.860268 0.50284 0.084207 0.872213 0.486652 0.0491298 
0.866454 0.497228 0.0449733 0.873037 0.486894 0.027213 0.876484 0.480698 0.0265483 
0.873565 0.486556 0.0121177 0.840729 0.533073 0.0949148 0.827995 0.558598 0.0489036 
0.865163 0.50131 0.0134659 0.848294 0.529449 0.00905321 0.79176 0.605542 0.0802208 
0.758733 0.638127 0.130836 0.725073 0.656211 0.208942 0.697748 0.660242 0.277898 
0.646916 0.650906 0.397266 0.665609 0.66698 0.334816 0.636875 0.676972 0.368917 
0.677343 0.619028 0.397505 0.660085 0.639431 0.394228 0.682788 0.632635 0.365477 
0.713813 0.598082 0.364375 0.713522 0.585186 0.385284 0.712492 0.603926 0.357251 
0.668019 0.654625 0.35386 0.702121 0.58019 0.412802 0.694242 0.557927 0.454693 
0.667588 0.597813 0.443786 0.677422 0.572151 0.462323 0.707188 -0.531946 0.465745 
0.681445 -0.517868 0.51715 0.721631 -0.457758 0.519333 0.763642 -0.322516 0.559315 
0.713379 -0.390682 0.581771 0.69196 -0.466934 0.550604 0.799271 -0.229708 0.555338 
0.807328 -0.134146 0.574653 0.814601 -0.0570075 0.577213 0.819645 0.0210485 0.572486 
0.818174 0.0910573 0.567715 0.815096 0.144533 0.561007 0.817492 0.184487 0.545592 
0.819396 0.180904 0.543934 0.832513 0.147281 0.534069 0.837597 0.126838 0.531359 
0.842266 0.126782 0.523942 0.846093 0.157982 0.509085 0.841977 0.218527 0.493275 
0.820098 0.301282 0.486486 0.800381 0.38385 0.460488 0.807651 0.584279 0.079488 
0.787789 0.597767 0.148536 0.85472 0.490979 0.168503 0.974805 0.18817 0.119776 
0.917232 0.348154 0.193581 0.983619 -0.0673635 0.167198 0.925701 -0.289846 0.243039 
0.632035 -0.58441 0.508918 0.623917 -0.601855 0.498497 0.58306 -0.601624 0.545976 
0.52201 -0.686592 0.50606 0.535183 -0.598931 0.595702 0.481879 -0.655072 0.581956 
0.353816 -0.793609 0.494974 0.326913 -0.746422 0.57964 0.355768 -0.639901 0.681143 
0.359727 -0.808247 0.46619 0.286716 -0.800017 0.527036 0.23477 -0.804998 0.54485 
0.257309 -0.735054 0.627286 0.860064 -0.307263 0.407284 0.793985 -0.450273 0.408464 
0.651718 -0.589566 0.477154 0.555671 -0.701702 0.445919 0.429619 -0.732569 0.527988 
0.422332 -0.714116 0.558279 0.39692 -0.663244 0.634478 0.824152 0.415718 0.384646 
0.813806 0.434381 0.386048 0.801858 0.458276 0.383416 0.799752 0.456833 0.389487 
0.803787 0.437261 0.403397 0.810949 0.419848 0.407542 0.812356 0.411034 0.413676 
0.812912 0.413117 0.410499 0.814161 0.425373 0.395222 0.782205 0.487519 0.387918 
0.766551 0.499251 0.403916 0.78676 0.428198 0.444583 0.788823 0.445924 0.422977 
0.772034 0.48503 0.410744 0.75702 0.506175 0.413168 0.689355 0.544671 0.477622 
0.656184 0.586006 0.475414 0.681012 0.551767 0.481432 0.696623 0.535317 0.477653 
0.712523 0.528995 0.46095 0.707802 0.542185 0.452827 0.709278 0.536068 0.457773 
0.730533 0.533224 0.426608 0.7223 0.530689 0.443454 0.737734 0.516728 0.434444 
0.789783 0.468009 0.396497 0.779079 0.474408 0.409846 0.771068 0.484252 0.413465 
0.755241 0.498782 0.425238 0.340604 -0.560387 -0.754954 0.367509 -0.519342 -0.771505 
0.339089 -0.557041 -0.758106 0.352376 -0.526928 -0.773419 0.468326 -0.420102 -0.777293 
0.536912 -0.366332 -0.759952 0.642893 -0.315347 -0.698029 0.384557 -0.497104 -0.77782 
0.862484 0.0317487 -0.505088 0.758686 -0.190077 -0.62311 0.784229 -0.0930884 -0.613449 
0.665672 -0.296775 -0.684693 0.923638 0.246941 -0.293109 0.905345 0.146447 -0.398626 
0.927176 0.336672 -0.164306 0.922237 0.38454 -0.0400943 0.881053 0.472832 0.0132689 
0.842464 0.537757 0.0327422 0.809284 0.582708 0.0742303 0.788206 0.609314 0.0864162 
0.762293 0.643158 0.0724994 0.81553 0.573473 0.077713 0.846307 0.52944 0.058806 
0.872849 0.487795 0.013773 0.841188 0.540393 0.0194338 0.862751 0.505629 0.000872282 
0.873296 0.487136 -0.0072295 0.864079 0.503252 -0.0102552 0.815101 0.57801 0.0389164 
0.821377 0.56992 0.0230457 0.845138 0.53411 -0.0216518 0.775522 0.626194 0.0802965 
0.763882 0.624112 0.164221 0.725058 0.65548 0.211275 0.659879 0.686382 0.305679 
0.605272 0.69137 0.39453 0.605341 0.691957 0.393393 0.603954 0.710595 0.360964 
0.639442 0.66806 0.380539 0.619438 0.695568 0.36398 0.692309 0.632213 0.347872 
0.681839 0.603806 0.412934 0.661807 0.6432 0.385104 0.654894 0.676309 0.337224 
0.614419 0.71107 0.341861 0.616774 0.720138 0.317791 0.663687 0.615815 0.424608 
0.65763 0.592147 0.465708 0.637714 0.634289 0.437034 0.639986 0.615974 0.45934 
0.665798 -0.550201 0.503976 0.639087 -0.523329 0.563644 0.630136 -0.560568 0.537301 
0.759869 -0.284695 0.584421 0.733032 -0.309826 0.605534 0.673465 -0.465916 0.573905 
0.704333 -0.366674 0.607837 0.665638 -0.454034 0.592266 0.792751 -0.188232 0.579754 
0.811577 -0.107705 0.574231 0.82033 -0.0267315 0.571265 0.817686 0.0623909 0.572274 
0.816167 0.127229 0.563635 0.807342 0.172185 0.564404 0.802635 0.194089 0.56401 
0.807074 0.185614 0.560517 0.816212 0.155376 0.556467 0.82675 0.1367 0.545708 
0.833857 0.152838 0.530399 0.836842 0.213334 0.504167 0.840916 0.28126 0.462334 
0.818104 0.352713 0.454202 0.784641 0.597328 0.165946 0.772462 0.597744 0.214485 
0.841817 0.467089 0.270502 0.95783 0.194925 0.211107 0.881435 0.25217 0.399353 
0.959952 -0.0756699 0.269754 0.577105 -0.583821 0.571055 0.54479 -0.598417 0.587453 
0.51938 -0.580808 0.626822 0.449209 -0.573049 0.685438 0.223433 -0.629601 0.744097 
0.206667 -0.511244 0.834217 0.323278 -0.501495 0.802492 0.335243 -0.670706 0.661639 
0.230823 -0.687057 0.688966 0.177192 -0.648244 0.740528 0.143314 -0.585807 0.797679 
0.843206 -0.172415 0.509192 0.748486 -0.262886 0.608819 0.765226 -0.108351 0.634578 
0.701845 -0.429508 0.568275 0.50926 -0.559032 0.654322 0.577036 -0.410413 0.70611 
0.365537 -0.573826 0.732875 0.446606 -0.454628 0.770621 0.805545 0.444863 0.3914 
0.777841 0.483373 0.401639 0.791226 0.453578 0.410156 0.805778 0.421997 0.415499 
0.80093 0.416514 0.430149 0.795864 0.417994 0.438043 0.787337 0.428958 0.442828 
0.787921 0.439212 0.431595 0.790641 0.454918 0.4098 0.758964 0.499148 0.418121 
0.767761 0.47476 0.430285 0.819576 0.376508 0.4319 0.787475 0.452871 0.418081 
0.732653 0.521155 0.437741 0.739841 0.492542 0.458299 0.665559 0.572916 0.478329 
0.623919 0.629343 0.463306 0.64674 0.601729 0.468668 0.673539 0.565898 0.475505 
0.710495 0.516162 0.478304 0.705932 0.519142 0.481821 0.694617 0.534669 0.481286 
0.708004 0.52526 0.472051 0.715518 0.524002 0.462013 0.710391 0.517061 0.477485 
0.713674 0.514222 0.475653 0.721544 0.51082 0.467372 0.74249 0.504097 0.44113 
0.732311 0.504005 0.45793 0.766035 0.479358 0.42826 0.740111 0.494915 0.455297 
0.37267 -0.503535 -0.779467 0.353636 -0.525204 -0.774017 0.391054 -0.452201 -0.801618 
0.377957 -0.482916 -0.789899 0.371299 -0.46933 -0.801166 0.458287 -0.481118 -0.747328 
0.535078 -0.426636 -0.729159 0.373271 -0.50227 -0.779996 0.850438 0.0643467 -0.522125 
0.661102 -0.272235 -0.699165 0.667652 -0.161728 -0.726695 0.757619 -0.0161643 -0.652497 
0.577106 -0.390659 -0.717171 0.92559 0.255725 -0.279084 0.901364 0.209769 -0.378867 
0.897595 0.431165 -0.0917625 0.912211 0.342414 -0.224998 0.84888 0.526618 -0.0455591 
0.793183 0.608936 -0.00759197 0.739605 0.672597 0.0244477 0.771984 0.634462 0.0386983 
0.727478 0.684864 0.0416854 0.687179 0.726145 0.0223112 0.870312 0.491725 -0.0276406 
0.832529 0.553568 -0.0213954 0.799629 0.600384 -0.0114962 0.85968 0.509084 -0.042243 
0.862753 0.504224 -0.0376176 0.758018 0.652215 -0.00499688 0.81317 0.581782 -0.0168554 
0.844338 0.533077 -0.054057 0.796512 0.604621 -0.00129124 0.77949 0.62351 0.0602606 
0.733583 0.663194 0.148424 0.688592 0.686279 0.234229 0.623419 0.71899 0.30725 
0.571389 0.723473 0.387429 0.584849 0.707868 0.396073 0.568216 0.72731 0.384904 
0.571573 0.732545 0.369707 0.589321 0.723717 0.359073 0.561544 0.75086 0.347675 
0.621276 0.705929 0.340119 0.651707 0.635678 0.413752 0.593092 0.719113 0.362104 
0.599913 0.683994 0.415039 0.592737 0.740732 0.316194 0.566463 0.760881 0.31651 
0.554948 0.776515 0.298426 0.613785 0.648634 0.450047 0.605986 -0.562011 0.562961 
0.624391 -0.489289 0.608878 0.590447 -0.549566 0.591058 0.767548 -0.21862 0.602557 
0.739312 -0.267326 0.618025 0.706086 -0.328627 0.627253 0.675125 -0.416918 0.608593 
0.800322 -0.109649 0.589459 0.807124 -0.00498878 0.59036 0.806366 0.0756517 0.586558 
0.805431 0.138588 0.576258 0.795751 0.188561 0.575521 0.798675 0.191996 0.570312 
0.804361 0.174402 0.567968 0.814377 0.153531 0.559659 0.824061 0.152675 0.545541 
0.830647 0.183278 0.52577 0.825587 0.241874 0.509807 0.817488 0.313845 0.482923 
0.769413 0.587421 0.250879 0.756867 0.571736 0.316654 0.81501 0.377062 0.439981 
0.883832 0.128719 0.449748 0.807759 0.0903477 0.582548 0.556605 -0.548666 0.623824 
0.503476 -0.511607 0.696254 0.397265 -0.466603 0.790229 0.0873967 -0.468104 0.879341 
0.175822 -0.355095 0.918147 0.040344 -0.321064 0.946198 0.278698 -0.377004 0.883287 
0.249863 -0.555297 0.79323 0.128464 -0.513075 0.848676 0.0187313 -0.428755 0.903226 
0.606468 -0.276805 0.745369 0.671304 -0.128095 0.730029 0.352572 -0.471444 0.808352 
0.488 -0.347254 0.800794 0.778584 0.445369 0.4421 0.787269 0.41669 0.454507 
0.794071 0.402398 0.455551 0.771154 0.420645 0.477891 0.765698 0.442556 0.466744 
0.752277 0.463611 0.468127 0.760467 0.468546 0.449615 0.734171 0.507991 0.450486 
0.765247 0.463247 0.446988 0.770188 0.42081 0.479301 0.786832 0.413092 0.458531 
0.700846 0.517374 0.49106 0.756393 0.451016 0.473766 0.736148 0.469958 0.487058 
0.716351 0.498876 0.487815 0.690065 0.522363 0.500947 0.588014 0.674111 0.447006 
0.61732 0.638521 0.459572 0.642345 0.610513 0.463321 0.683257 0.555877 0.473456 
0.663316 0.58137 0.47119 0.708858 0.518421 0.478289 0.696644 0.538615 0.4739 
0.707299 0.514227 0.485075 0.703795 0.520958 0.482987 0.703485 0.507646 0.497397 
0.7229 0.499822 0.477069 0.706709 0.500763 0.4998 0.715866 0.493718 0.49374 
0.736621 0.486788 0.469496 0.712855 0.491623 0.500144 0.414388 -0.501151 -0.759691 
0.377009 -0.469669 -0.798295 0.42696 -0.488332 -0.761077 0.469329 -0.453298 -0.757794 
0.460334 -0.460899 -0.758726 0.808374 0.177956 -0.561127 0.534341 -0.305275 -0.788218 
0.491438 -0.440787 -0.751129 0.489916 -0.436441 -0.754653 0.583821 -0.26986 -0.765721 
0.617332 -0.13997 -0.774151 0.692388 0.0597183 -0.71905 0.491528 -0.442119 -0.750287 
0.841702 0.370052 -0.393191 0.847079 0.492845 -0.198901 0.782288 0.612464 -0.113638 
0.712422 0.698971 -0.0624079 0.646874 0.762169 -0.0255178 0.699494 0.71463 -0.00350301 
0.641249 0.767291 -0.00800972 0.58782 0.808349 -0.0322486 0.858877 0.50762 -0.0682125 
0.828664 0.556268 -0.0623053 0.789331 0.610849 -0.0618056 0.742877 0.667766 -0.0471353 
0.846862 0.524974 -0.0850182 0.674773 0.73674 -0.0435337 0.829368 0.557285 -0.0397838 
0.84063 0.537766 -0.064415 0.823274 0.567643 0.00102531 0.787672 0.609495 0.0899421 
0.749996 0.641261 0.162143 0.697264 0.680147 0.226325 0.658195 0.701331 0.273705 
0.606999 0.719489 0.337473 0.577222 0.732145 0.361633 0.553723 0.741187 0.379516 
0.547575 0.750455 0.370106 0.538426 0.768739 0.345164 0.530481 0.78759 0.313515 
0.576867 0.748446 0.32719 0.544535 0.767821 0.337538 0.534966 0.749287 0.39036 
0.54397 0.721007 0.429239 0.540134 0.784068 0.305766 0.52864 0.796351 0.293878 
0.666788 -0.396418 0.631068 0.579965 -0.532041 0.616907 0.622133 -0.431018 0.653585 
0.575122 -0.506009 0.642798 0.768879 -0.15869 0.619389 0.732409 -0.211898 0.647053 
0.699561 -0.299699 0.648687 0.790875 -0.0533425 0.609648 0.802732 0.0396376 0.595021 
0.803509 0.116631 0.583755 0.798306 0.167567 0.578471 0.796461 0.190803 0.573799 
0.797279 0.189072 0.573235 0.798018 0.198648 0.568952 0.805732 0.172415 0.56663 
0.817192 0.166171 0.551891 0.826692 0.178768 0.5335 0.830468 0.228183 0.508189 
0.825838 0.281708 0.4885 0.803013 0.352819 0.480301 0.753299 0.529336 0.390311 
0.71571 0.478714 0.50852 0.706584 0.223359 0.671453 0.4414 -0.38981 0.808216 
0.563338 -0.426774 0.707471 0.310646 -0.349022 0.884128 -0.124878 -0.23644 0.963588 
0.141031 -0.236955 0.96123 -0.0368494 -0.118184 0.992308 -0.122232 -0.106385 0.986783 
-0.137787 -0.117437 0.983475 0.184549 -0.248213 0.950964 0.226672 -0.46126 0.857822 
0.0815746 -0.385902 0.918926 -0.00355437 -0.33386 0.942616 -0.105246 -0.240825 0.964845 
0.562394 0.144784 0.814095 0.536443 -0.166547 0.827339 0.337304 -0.370959 0.865226 
0.348697 -0.189877 0.9178 0.76938 0.405236 0.4938 0.762786 0.401225 0.507126 
0.754341 0.404779 0.516841 0.718206 0.468727 0.514272 0.722222 0.434538 0.53812 
0.728304 0.480853 0.488215 0.720231 0.493817 0.48725 0.721137 0.489476 0.490281 
0.739797 0.44877 0.501304 0.754641 0.403141 0.517682 0.744561 0.395591 0.537714 
0.742214 0.382926 0.549987 0.790688 0.387511 0.473971 0.672314 0.523514 0.52338 
0.696822 0.472071 0.539989 0.668009 0.502858 0.548541 0.754871 0.414271 0.508477 
0.697098 0.489094 0.524253 0.651615 0.509716 0.561771 0.548072 0.701963 0.454824 
0.597589 0.658619 0.457284 0.619515 0.6221 0.478742 0.64237 0.589999 0.489145 
0.672338 0.550051 0.495384 0.696555 0.517253 0.497253 0.684509 0.530409 0.500114 
0.690398 0.50419 0.51879 0.670866 0.519707 0.529002 0.665065 0.51023 0.545301 
0.670425 0.48853 0.558452 0.688792 0.482076 0.54145 0.693388 0.506201 0.512809 
0.690916 0.507088 0.515264 0.655457 0.514382 0.55298 0.656293 0.509346 0.556639 
0.787233 0.311876 -0.531976 0.744264 0.207213 -0.634928 0.465275 -0.381187 -0.798884 
0.464002 -0.382449 -0.799021 0.451698 -0.393134 -0.800884 0.468287 -0.36511 -0.804613 
0.465051 -0.363354 -0.80728 0.580726 -0.0507997 -0.812513 0.454529 -0.218499 -0.863517 
0.456999 -0.349287 -0.818016 0.639376 0.104077 -0.761817 0.809724 0.406043 -0.423646 
0.805337 0.494096 -0.327569 0.778196 0.579998 -0.24086 0.701425 0.689205 -0.181656 
0.595538 0.792828 -0.129452 0.546773 0.834126 -0.0726205 0.603074 0.796402 -0.0452327 
0.534797 0.843421 -0.0513204 0.479861 0.873794 -0.0788464 0.838022 0.536856 -0.0974923 
0.814388 0.572053 -0.0976082 0.732817 0.675419 -0.0823935 0.778277 0.620324 -0.0973787 
0.664133 0.744144 -0.0719575 0.56976 0.818279 -0.0761075 0.828729 0.554953 -0.072358 
0.828359 0.55967 -0.0243138 0.805297 0.589396 0.0641041 0.75777 0.633397 0.156825 
0.713869 0.65583 0.245515 0.672392 0.67318 0.307762 0.638614 0.695445 0.329436 
0.581305 0.726334 0.366774 0.558157 0.750578 0.353687 0.546575 0.771686 0.325202 
0.539337 0.787315 0.298749 0.524166 0.787361 0.324519 0.512966 0.78047 0.357397 
0.520533 0.744455 0.41813 0.502295 0.766128 0.400934 0.500471 0.757935 0.418405 
0.513205 0.735523 0.442297 0.531292 0.792433 0.29963 0.536206 0.782124 0.317436 
0.542756 0.784131 0.300922 0.544144 0.783792 0.299293 0.666771 -0.338356 0.664027 
0.623052 -0.386111 0.680239 0.767095 -0.0921163 0.634886 0.723476 -0.208846 0.658001 
0.744863 -0.114245 0.657363 0.72141 -0.237249 0.6506 0.788798 0.00757673 0.614606 
0.797884 0.0923944 0.595688 0.7987 0.160375 0.579964 0.801693 0.190789 0.56647 
0.804496 0.18655 0.563902 0.807944 0.198515 0.554813 0.812833 0.174744 0.555668 
0.817125 0.178036 0.548279 0.820126 0.198411 0.536681 0.810458 0.260254 0.524809 
0.813593 0.314666 0.488929 0.684784 0.408592 0.603426 0.604676 0.353233 0.713858 
0.288753 -0.254182 0.923046 0.389094 -0.28205 0.876957 0.486984 -0.328791 0.809162 
0.598737 -0.328285 0.730577 0.176066 -0.208649 0.962012 -0.193409 -0.171556 0.966003 
-0.18358 -0.173196 0.967627 -0.185753 -0.141816 0.972309 0.00711793 -0.0662364 0.997779 
-0.105751 -0.0930047 0.990034 -0.0768058 -0.0757438 0.994165 -0.0699285 -0.0702382 0.995076 
0.18633 -0.277322 0.942536 0.0990731 -0.268358 0.958211 -0.0187063 -0.149991 0.98851 
-0.0629475 -0.169647 0.983492 -0.0607582 -0.115233 0.991479 -0.0984129 -0.170512 0.980429 
-0.146557 -0.15502 0.97698 0.537612 0.28122 0.794914 0.450015 0.236409 0.86116 
0.354063 0.0639079 0.933035 0.209534 -0.135284 0.968397 0.197467 0.0425526 0.979386 
0.23773 0.0964458 0.966531 0.729735 0.406733 0.549595 0.690321 0.468511 0.551321 
0.676122 0.505541 0.535992 0.6646 0.491402 0.562878 0.668097 0.445654 0.595852 
0.71016 0.41801 0.566517 0.714095 0.384646 0.584907 0.704248 0.39413 0.590505 
0.686372 0.386401 0.616107 0.663648 0.465647 0.585444 0.682137 0.414332 0.602509 
0.622865 0.487021 0.61225 0.784569 0.3305 0.524616 0.763741 0.365338 0.532192 
0.743719 0.408649 0.529045 0.711277 0.452983 0.537487 0.687601 0.479618 0.545134 
0.662387 0.493121 0.563982 0.642923 0.489293 0.589272 0.628256 0.470854 0.619348 
0.51974 0.718823 0.461696 0.537258 0.692696 0.481171 0.570352 0.671025 0.473735 
0.62649 0.603274 0.49353 0.570812 0.638011 0.516832 0.600339 0.613934 0.512521 
0.622836 0.575767 0.529686 0.663316 0.536421 0.52179 0.653587 0.545708 0.52443 
0.626488 0.559024 0.543144 0.637754 0.519675 0.568514 0.621124 0.529502 0.577782 
0.606354 0.522193 0.599707 0.596049 0.495018 0.632205 0.621883 0.482291 0.616974 
0.613621 0.476525 0.629598 0.577822 0.479888 0.660174 0.623673 0.501257 0.599811 
0.639151 0.518462 0.568052 0.587589 0.521353 0.618813 0.780141 0.347909 -0.519941 
0.685623 0.283635 -0.670427 0.464241 -0.382519 -0.798849 0.464457 -0.380511 -0.799682 
0.49573 -0.193782 -0.846582 0.568933 -0.0647005 -0.819835 0.41027 -0.28164 -0.867386 
0.423736 -0.278056 -0.862051 0.403044 -0.286778 -0.869088 0.617541 0.168893 -0.768191 
0.553416 0.00288757 -0.8329 0.787828 0.485087 -0.379498 0.689327 0.627904 -0.361338 
0.583986 0.767881 -0.263286 0.511452 0.834406 -0.205388 0.466994 0.873494 -0.137569 
0.494729 0.865998 -0.0727398 0.429442 0.899387 -0.0817435 0.378845 0.9178 -0.118827 
0.810313 0.577083 -0.10182 0.724374 0.681834 -0.101901 0.656787 0.746962 -0.103334 
0.770003 0.629566 -0.103647 0.58309 0.80666 -0.0964613 0.466176 0.879691 -0.0939353 
0.483206 0.868633 -0.109493 0.818188 0.574916 -0.00639314 0.796749 0.601233 -0.0609101 
0.793725 0.603152 0.0787895 0.762991 0.625994 0.161171 0.743513 0.631665 0.219519 
0.700877 0.657067 0.277551 0.592547 0.740228 0.317726 0.672709 0.677266 0.297948 
0.590077 0.739325 0.324357 0.589934 0.745531 0.310098 0.558637 0.773499 0.299374 
0.53873 0.768932 0.344258 0.521684 0.774998 0.356683 0.510278 0.766534 0.389925 
0.500986 0.752368 0.427733 0.494034 0.753047 0.434569 0.489043 0.745433 0.452954 
0.499126 0.724537 0.475309 0.551665 0.772313 0.314958 0.555917 0.75292 0.352232 
0.586026 0.748047 0.311446 0.65032 -0.315224 0.691172 0.686048 -0.237901 0.687562 
0.771993 -0.017459 0.635391 0.746088 -0.145569 0.64974 0.760605 -0.0484403 0.647406 
0.732643 -0.12181 0.669624 0.788466 0.0698915 0.611095 0.796793 0.139123 0.588018 
0.800422 0.181469 0.571308 0.801239 0.19899 0.564287 0.813171 0.184834 0.551896 
0.807387 0.21196 0.550635 0.81443 0.201559 0.544131 0.818891 0.186839 0.542687 
0.819975 0.180598 0.543163 0.821108 0.190987 0.537871 0.81666 0.222855 0.532355 
0.802364 0.274542 0.529942 0.0656951 -0.0495843 0.996607 0.242973 -0.15959 0.956815 
0.36698 -0.24909 0.896259 0.397703 -0.244312 0.884389 0.489999 -0.264188 0.830726 
0.654011 -0.260695 0.710146 0.584257 -0.202982 0.785775 -0.0399194 -0.0217212 0.998967 
-0.0390441 -0.012546 0.999159 0.0373618 -0.0194642 0.999112 -0.0190245 0.0304237 0.999356 
-0.0590226 -0.031978 0.997744 0.325526 0.193698 0.92548 0.162376 0.0488026 0.985521 
0.63765 0.514385 0.57342 0.621983 0.525796 0.580238 0.605102 0.508937 0.612238 
0.658726 0.397468 0.638826 0.634073 0.426126 0.645266 0.604758 0.474452 0.639659 
0.678349 0.384169 0.626305 0.644894 0.392836 0.655585 0.644116 0.384048 0.66153 
0.634948 0.434874 0.638534 0.610978 0.433022 0.66272 0.791528 0.309767 0.526809 
0.770138 0.332875 0.544134 0.744817 0.396136 0.536958 0.693968 0.442385 0.56807 
0.641799 0.462028 0.612065 0.614064 0.437377 0.656983 0.554041 0.674461 0.487997 
0.507114 0.669894 0.542289 0.538171 0.665566 0.517101 0.578256 0.602635 0.549955 
0.515771 0.62634 0.584532 0.541425 0.586303 0.602584 0.560711 0.585169 0.585816 
0.603029 0.55067 0.577164 0.558765 0.541913 0.627783 0.557733 0.541176 0.629335 
0.574563 0.508516 0.641318 0.521503 0.501638 0.690213 0.509794 0.502568 0.698238 
0.540991 0.45646 0.70638 0.472866 0.448303 0.758566 0.558897 0.498373 0.662766 
0.52699 0.459642 0.71485 0.456853 0.44282 0.77149 0.604886 0.523355 0.600177 
0.582631 0.521428 0.623421 0.550469 0.51371 0.658093 0.51676 0.493447 0.69962 
0.697332 0.467529 -0.543272 0.644984 0.362969 -0.672495 0.65899 0.225678 -0.717497 
0.454219 -0.300593 -0.838647 0.443968 -0.311858 -0.840022 0.464952 -0.251838 -0.848762 
0.625885 0.11227 -0.771792 0.61407 -0.0207416 -0.788979 0.523503 -0.133947 -0.841429 
0.6322 0.564326 -0.530904 0.551409 0.718674 -0.423622 0.487182 0.822996 -0.292116 
0.445369 0.869127 -0.215094 0.388654 0.903678 -0.179759 0.386596 0.916853 -0.0996211 
0.348788 0.931595 -0.10236 0.336709 0.928027 -0.159351 0.30023 0.944453 -0.133683 
0.721392 0.684343 -0.106151 0.660055 0.744627 -0.0992905 0.566157 0.817328 -0.106962 
0.736298 0.672293 -0.0767232 0.39381 0.911926 -0.115346 0.461983 0.882026 -0.092751 
0.37789 0.919247 -0.110378 0.796989 0.603269 0.0295698 0.769016 0.639073 -0.0141319 
0.793373 0.598791 0.10958 0.783916 0.593696 0.18166 0.759374 0.604786 0.239969 
0.740777 0.61514 0.269912 0.626809 0.715177 0.309244 0.731204 0.619534 0.285514 
0.714455 0.627472 0.30957 0.657075 0.6846 0.315555 0.658098 0.689149 0.303282 
0.638578 0.697969 0.324126 0.530376 0.754346 0.386863 0.508134 0.748437 0.426194 
0.476714 0.740314 0.474004 0.477816 0.7395 0.474165 0.479337 0.72556 0.493759 
0.588555 0.74378 0.31685 0.592535 0.719097 0.363046 0.547746 0.741807 0.386906 
0.606988 0.693614 0.387898 0.662013 0.676715 0.322173 0.676609 -0.157212 0.719365 
0.770614 0.047923 0.635497 0.745692 0.00626325 0.666261 0.698363 -0.0348502 0.714895 
0.779723 0.139633 0.610356 0.799417 0.185407 0.571451 0.804913 0.203957 0.557241 
0.797415 0.222464 0.560928 0.809871 0.21008 0.5477 0.815788 0.194371 0.544711 
0.820012 0.184831 0.54168 0.817543 0.184604 0.545477 0.818585 0.20019 0.53837 
0.801855 0.255912 0.539942 -0.0119636 0.0153675 0.99981 -0.00387503 0.0245385 0.999691 
0.0484997 -0.000301208 0.998823 0.231588 -0.138667 0.96288 0.35795 -0.201518 0.911736 
0.424461 -0.162576 0.890731 0.625559 -0.0742152 0.776639 0.5029 -0.0772715 0.860884 
0.100468 0.0651914 0.992802 0.0215939 0.0586143 0.998047 0.574214 0.531214 0.622968 
0.587106 0.499913 0.636705 0.570331 0.516859 0.638419 0.627896 0.402813 0.665949 
0.603143 0.442921 0.663354 0.584793 0.487186 0.648589 0.618918 0.396284 0.678159 
0.620631 0.381366 0.685111 0.61693 0.389836 0.683685 0.595547 0.405634 0.693386 
0.781496 0.285165 0.554928 0.758599 0.334375 0.559215 0.734977 0.381311 0.560724 
0.709658 0.392378 0.585172 0.68741 0.421137 0.591702 0.662699 0.440709 0.60548 
0.642371 0.437263 0.629413 0.621549 0.42677 0.656921 0.589511 0.415739 0.692559 
0.442397 0.712183 0.54505 0.524794 0.635085 0.566797 0.413624 0.609786 0.676074 
0.500665 0.5964 0.627409 0.471235 0.548952 0.690355 0.48676 0.531735 0.693053 
0.462543 0.505724 0.728215 0.387351 0.465672 0.795681 0.300709 0.389668 0.870478 
0.490006 0.479531 0.727973 0.447246 0.422297 0.78844 0.401669 0.383718 0.831518 
0.544951 0.521697 0.6564 0.514595 0.503077 0.694338 0.481394 0.461276 0.745309 
0.417646 0.429007 0.800952 0.657057 0.461653 -0.595947 0.64232 0.418025 -0.642402 
0.634796 0.274189 -0.722395 0.636385 0.0832909 -0.766862 0.433341 -0.313265 -0.845033 
0.483128 -0.317892 -0.815802 0.43083 -0.313194 -0.846342 0.454485 -0.347092 -0.820348 
0.59177 -0.160229 -0.790022 0.547138 0.614162 -0.568721 0.595705 0.452268 -0.663769 
0.519092 0.666668 -0.534881 0.443314 0.803028 -0.398269 0.408366 0.873843 -0.263885 
0.339471 0.915748 -0.214861 0.316756 0.941077 -0.118486 0.316556 0.940925 -0.120221 
0.303599 0.937285 -0.171246 0.285856 0.944183 -0.16372 0.263651 0.953953 -0.143045 
0.276652 0.952121 -0.130112 0.569795 0.819768 -0.057564 0.670003 0.741246 -0.0406204 
0.723608 0.690038 -0.0154535 0.447582 0.893139 -0.0444078 0.363973 0.92815 -0.0778563 
0.2979 0.949192 -0.101441 0.774676 0.630331 0.0505995 0.782694 0.611166 0.117757 
0.752488 0.657527 0.0376867 0.779162 0.597416 0.189738 0.77728 0.580687 0.242152 
0.776883 0.56892 0.269782 0.76193 0.575735 0.296636 0.766032 0.563576 0.309155 
0.729006 0.611412 0.307777 0.68835 0.653169 0.315508 0.717366 0.618128 0.321409 
0.560291 0.703149 0.437784 0.523674 0.721089 0.453648 0.507563 0.7069 0.492619 
0.478783 0.709863 0.516587 0.471677 0.67358 0.569044 0.450644 0.726519 0.518739 
0.63402 0.69822 0.332428 0.659921 0.656176 0.365975 0.580863 0.706578 0.404159 
0.648534 0.648038 0.399313 0.640742 0.62993 0.438906 0.60787 0.664906 0.434043 
0.718536 0.614165 0.326354 0.703194 0.616509 0.354167 0.754584 0.105674 0.647638 
0.710402 0.081909 0.699014 0.648418 0.0453312 0.759934 0.75872 0.18157 0.625601 
0.775128 0.209275 0.596138 0.765277 0.246954 0.594445 0.777009 0.249774 0.577815 
0.799174 0.219684 0.559518 0.808069 0.195186 0.555812 0.815774 0.189201 0.546549 
0.807861 0.186572 0.559063 0.8072 0.213806 0.550195 0.799339 0.243649 0.549265 
-0.00351807 0.046454 0.998914 0.00151275 0.041543 0.999136 0.0195397 0.0136961 0.999715 
0.200547 -0.0754429 0.976775 0.323143 -0.0368223 0.945633 0.552532 0.0258202 0.833092 
0.408968 0.0354088 0.911862 0.5598 0.492096 0.666682 0.613345 0.408932 0.675709 
0.605819 0.43686 0.664933 0.590877 0.464717 0.659472 0.601403 0.390873 0.696802 
0.599578 0.381669 0.703445 0.598726 0.388571 0.700386 0.609995 0.421711 0.67087 
0.593964 0.405273 0.694954 0.568611 0.401177 0.718149 0.578084 0.390743 0.716337 
0.554382 0.387102 0.736759 0.798016 0.237554 0.55384 0.759754 0.292166 0.580873 
0.742518 0.3517 0.570065 0.718785 0.352559 0.599208 0.677797 0.392069 0.621991 
0.631798 0.42058 0.65111 0.580111 0.402043 0.708401 0.532078 0.404808 0.743656 
0.398981 0.691574 0.602113 0.357828 0.607387 0.709254 0.452966 0.50743 0.733032 
0.296698 0.503741 0.811304 0.36266 0.397608 0.842844 0.392607 0.44764 0.803416 
0.403706 0.432561 0.806172 0.376237 0.453232 0.808101 0.322826 0.4571 0.82876 
0.228536 0.424328 0.876195 0.211164 0.426 0.879735 0.244442 0.293018 0.924331 
0.126549 0.267045 0.955339 0.0274715 0.351273 0.93587 0.352851 0.367448 0.860511 
0.513596 0.49336 0.702008 0.479447 0.474481 0.73824 0.426766 0.418988 0.801448 
0.34925 0.340774 0.872867 0.300023 0.311772 0.901546 0.644477 0.340744 -0.684503 
0.601509 0.250819 -0.75847 0.548498 0.0618874 -0.833859 0.523008 -0.125277 -0.843071 
0.468245 -0.363503 -0.805365 0.465521 -0.36604 -0.805795 0.474101 -0.374772 -0.796727 
0.460697 -0.371472 -0.806081 0.548458 0.570827 -0.611024 0.544466 0.514799 -0.662222 
0.536419 0.339292 -0.772745 0.456362 0.725654 -0.514937 0.503508 0.590169 -0.631015 
0.418724 0.802004 -0.425982 0.365585 0.87588 -0.314931 0.33192 0.910676 -0.245964 
0.305529 0.931426 -0.197731 0.262882 0.956851 -0.12381 0.279656 0.945081 -0.169159 
0.243058 0.961518 -0.128087 0.267312 0.950212 -0.160127 0.618622 0.785498 -0.0173141 
0.538994 0.842279 0.00721007 0.670876 0.74151 -0.00938301 0.689664 0.723598 0.0277275 
0.355468 0.933943 -0.0373297 0.401613 0.915668 0.0160842 0.289244 0.955501 -0.0579332 
0.246717 0.964048 -0.0986985 0.766198 0.63525 0.0969458 0.763443 0.624196 0.165932 
0.715747 0.689138 0.113112 0.76359 0.604811 0.226126 0.763475 0.587253 0.268774 
0.777502 0.56183 0.282556 0.787264 0.541414 0.295105 0.774049 0.552278 0.309576 
0.791886 0.527837 0.307091 0.770787 0.554844 0.313107 0.768419 0.557201 0.314736 
0.595786 0.636793 0.489422 0.547888 0.678226 0.489722 0.519058 0.640295 0.566217 
0.482648 0.661617 0.573859 0.4465 0.679722 0.581907 0.448364 0.567419 0.690656 
0.430845 0.611517 0.663641 0.69716 0.604788 0.384967 0.679421 0.604858 0.415372 
0.666291 0.597389 0.446299 0.6191 0.6346 0.462599 0.642377 0.586512 0.493311 
0.620034 0.609365 0.494198 0.754426 0.567157 0.330415 0.749114 0.561999 0.350692 
0.724947 0.571203 0.384941 0.717996 0.194693 0.668263 0.659876 0.147554 0.736744 
0.57915 0.131993 0.804464 0.756779 0.227542 0.612789 0.723369 0.26014 0.639581 
0.731188 0.274627 0.624455 0.77046 0.242239 0.589671 0.784314 0.210048 0.583722 
0.789902 0.190888 0.582766 0.801571 0.202146 0.562691 0.788632 0.190981 0.584454 
-0.00853696 0.0407132 0.999134 -0.00994409 0.0325197 0.999422 -0.0105675 0.0332761 0.99939 
0.00210333 0.0331746 0.999447 0.0706529 0.0545221 0.99601 0.20152 0.0839544 0.97588 
0.466019 0.116182 0.877113 0.309282 0.126786 0.942481 0.572697 0.441756 0.690558 
0.528016 0.464158 0.711166 0.57411 0.390343 0.719743 0.558277 0.402348 0.725563 
0.525574 0.387072 0.757593 0.539408 0.397477 0.742328 0.478707 0.391155 0.786026 
0.778891 0.231129 0.583016 0.752168 0.246433 0.611158 0.740525 0.28121 0.610364 
0.719412 0.316527 0.61827 0.68229 0.351569 0.640999 0.66124 0.362051 0.657024 
0.62543 0.3761 0.683656 0.537296 0.332285 0.775178 0.486863 0.381568 0.785729 
0.456974 0.381082 0.803711 0.470647 0.384936 0.793924 0.349992 0.514277 0.782959 
0.281833 0.393265 0.875165 0.210878 0.311827 0.926442 0.313456 0.275445 0.908777 
0.197398 0.187045 0.962314 0.288951 0.342176 0.894105 0.311794 0.321238 0.894198 
0.261682 0.290549 0.920382 0.247532 0.369428 0.895684 0.234236 0.313225 0.920339 
0.168817 0.327104 0.929787 0.0207027 0.354237 0.934926 0.0854956 0.287065 0.954088 
0.152755 0.174395 0.972755 0.054381 0.165012 0.984791 -0.0790333 0.118762 0.989772 
-0.182799 0.279913 0.942461 -0.292346 0.111012 0.949847 0.490085 0.457685 0.74185 
0.47249 0.460762 0.7513 0.43708 0.407008 0.802063 0.34389 0.331521 0.878541 
0.260294 0.258653 0.93024 0.246866 0.242327 0.938262 0.544379 0.177623 -0.819818 
0.506063 -0.132487 -0.85226 0.522584 0.0148191 -0.852459 0.40862 -0.342077 -0.846175 
0.419393 -0.365182 -0.831115 0.524482 0.451862 -0.721623 0.523993 0.324434 -0.787511 
0.514788 0.179561 -0.838303 0.450828 0.720447 -0.526982 0.450458 0.580861 -0.678003 
0.520493 0.414496 -0.746512 0.407471 0.815876 -0.410261 0.383695 0.856557 -0.345091 
0.340565 0.902586 -0.263352 0.317712 0.923074 -0.216778 0.301581 0.934932 -0.186952 
0.256643 0.955739 -0.143865 0.240217 0.965317 -0.102267 0.232749 0.968175 -0.0920028 
0.290659 0.941596 -0.170043 0.627339 0.778689 0.00944307 0.49813 0.861016 0.102561 
0.622564 0.779604 0.0680558 0.320608 0.947066 -0.0166077 0.33217 0.942261 0.0425123 
0.383124 0.920329 0.0788059 0.235537 0.96992 -0.0614669 0.257866 0.966171 0.00429007 
0.709302 0.673401 0.208381 0.620638 0.765352 0.170425 0.71928 0.633067 0.286116 
0.761488 0.579386 0.290601 0.7465 0.591308 0.305111 0.768738 0.557631 0.313191 
0.792793 0.525295 0.309102 0.774816 0.541159 0.326814 0.796133 0.521102 0.307611 
0.794318 0.521824 0.311061 0.789663 0.525935 0.315949 0.784382 0.52316 0.333239 
0.560171 0.646576 0.517831 0.598803 0.570314 0.562296 0.569999 0.610658 0.549725 
0.481064 0.616768 0.623037 0.502153 0.586144 0.635828 0.467806 0.564618 0.679973 
0.431674 0.501628 0.749685 0.371082 0.485846 0.791361 0.361423 0.411428 0.83672 
0.71311 0.563042 0.417681 0.680864 0.573317 0.455776 0.666659 0.572332 0.477494 
0.616506 0.586835 0.524924 0.612488 0.563451 0.55442 0.590239 0.573791 0.567787 
0.765691 0.531128 0.362795 0.752657 0.537922 0.379668 0.662876 0.220574 0.715502 
0.662075 0.27359 0.697714 0.586035 0.236541 0.774991 0.493193 0.196911 0.847341 
0.664363 0.305889 0.681948 0.667764 0.304559 0.679217 0.73802 0.247137 0.627893 
0.673145 0.287127 0.681494 0.752046 0.213832 0.62346 0.757919 0.196972 0.621901 
0.783289 0.204669 0.587001 0.764951 0.198663 0.612686 -0.00270826 0.0646457 0.997905 
-0.00526888 0.0863953 0.996247 0.00751985 0.103298 0.994622 0.0100417 0.139469 0.990176 
0.0993694 0.215811 0.971366 0.343181 0.240985 0.907829 0.52222 0.420649 0.74185 
0.48897 0.436137 0.755443 0.537224 0.398415 0.743408 0.531767 0.381141 0.756277 
0.503832 0.38367 0.773919 0.479064 0.419912 0.770825 0.38399 0.376455 0.843109 
0.377197 0.429792 0.820367 0.765943 0.21549 0.605719 0.729309 0.221798 0.647236 
0.711497 0.268002 0.649575 0.67099 0.308808 0.674099 0.632787 0.338282 0.696524 
0.593713 0.292855 0.749493 0.421107 0.265286 0.867348 0.473744 0.259704 0.841499 
0.402475 0.324808 0.85587 0.392493 0.362199 0.845436 0.208543 0.275488 0.938412 
0.102322 0.179067 0.978502 0.0608613 0.116894 0.991278 0.158933 0.153671 0.975257 
0.05239 0.0457406 0.997579 0.0218382 0.0319448 0.999251 0.119611 0.165107 0.978996 
0.0849847 0.202762 0.975533 -0.0299643 0.124003 0.991829 -0.107207 0.18002 0.977803 
0.118842 0.137734 0.983314 0.0137676 0.061418 0.998017 -0.0437492 0.0260357 0.998703 
-0.128848 0.0126106 0.991584 -0.151335 -0.00188491 0.988481 -0.182414 0.0210063 0.982997 
-0.311289 0.0691831 0.947794 -0.297066 0.071277 0.952193 -0.325929 0.0748568 0.942426 
-0.3161 0.0805367 0.945301 0.442284 0.366066 0.818768 0.350133 0.321434 0.879822 
0.258745 0.241086 0.935376 0.226076 0.224962 0.947777 0.468704 -0.373839 -0.800351 
0.441493 -0.24262 -0.86384 0.469159 0.0113313 -0.883041 0.453552 -0.399065 -0.796892 
0.401633 -0.370538 -0.837492 0.397662 -0.367226 -0.840839 0.538288 0.263106 -0.800638 
0.528082 0.129982 -0.839186 0.456604 0.692477 -0.558559 0.4319 0.790578 -0.434107 
0.460056 0.570337 -0.680488 0.467087 0.405834 -0.785575 0.52006 0.230253 -0.822509 
0.389044 0.856529 -0.33912 0.37203 0.881937 -0.28945 0.338087 0.912767 -0.229245 
0.324541 0.924429 -0.20026 0.274638 0.95175 -0.136919 0.22474 0.973097 -0.0507388 
0.269657 0.956883 -0.107983 0.225215 0.972905 -0.052297 0.318672 0.931589 -0.1749 
0.313858 0.938485 -0.144011 0.503493 0.840123 0.201712 0.39918 0.904477 0.150258 
0.31751 0.943799 0.0918192 0.207051 0.978246 0.0128683 0.231925 0.968615 0.0894236 
0.608588 0.749706 0.259925 0.62896 0.706039 0.325452 0.680138 0.658276 0.322621 
0.708106 0.624447 0.329624 0.712555 0.602891 0.35887 0.722171 0.590448 0.360333 
0.772218 0.555359 0.308636 0.793406 0.523024 0.311372 0.7659 0.563995 0.308718 
0.785373 0.530183 0.319523 0.774261 0.537998 0.333283 0.760269 0.544095 0.354898 
0.571459 0.564087 0.596021 0.518768 0.517367 0.680596 0.544727 0.521886 0.656435 
0.431016 0.515791 0.740395 0.300184 0.409429 0.861544 0.253985 0.349547 0.901836 
0.721203 0.55783 0.410722 0.686562 0.561989 0.461304 0.650261 0.569379 0.502959 
0.621998 0.567019 0.540008 0.562159 0.561597 0.607113 0.540204 0.523615 0.658792 
0.526035 0.533579 0.662254 0.742078 0.548208 0.385731 0.577722 0.316297 0.752458 
0.4775 0.263177 0.838291 0.464563 0.303539 0.831892 0.583872 0.334522 0.739722 
0.68666 0.257263 0.679937 0.596431 0.302048 0.743665 0.702016 0.228748 0.674424 
0.705165 0.209223 0.677472 0.721612 0.197037 0.663666 -0.00617834 0.181376 0.983395 
-0.0209238 0.245313 0.969218 0.0147158 0.275256 0.961258 0.152144 0.288598 0.945285 
0.379562 0.280001 0.881778 0.229432 0.297732 0.92667 0.498988 0.387697 0.77505 
0.450622 0.373846 0.810666 0.425076 0.348224 0.835494 0.397833 0.421192 0.815062 
0.433384 0.392568 0.811215 0.275623 0.323275 0.905276 0.256352 0.399415 0.8802 
0.253037 0.430455 0.866418 0.302748 0.420872 0.855109 0.663677 0.222929 0.714028 
0.665914 0.246318 0.704192 0.668893 0.254993 0.698255 0.642794 0.267221 0.717919 
0.54705 0.252569 0.798089 0.353787 0.226725 0.907431 0.281447 0.232912 0.930881 
0.35699 0.207746 0.910714 0.416761 0.232165 0.878869 0.123676 0.200662 0.971823 
0.0464566 0.124913 0.99108 -0.0561872 0.0424103 0.997519 -0.129825 -0.0694437 0.989102 
0.0102147 0.034554 0.999351 -0.0114409 0.00404965 0.999926 -0.12869 -0.0943853 0.987183 
-0.0281565 0.0534688 0.998173 -0.0516449 0.00273373 0.998662 -0.0908827 0.0417489 0.994986 
-0.215329 0.0144014 0.976435 -0.241655 -0.0637013 0.968269 0.0996128 0.106227 0.98934 
-0.0312063 0.0226723 0.999256 -0.0911722 -0.0232485 0.995564 -0.118214 -0.042709 0.992069 
-0.106383 -0.0316794 0.99382 -0.109636 -0.0308575 0.993493 -0.116757 -0.0250543 0.992844 
-0.147243 -0.00533945 0.989086 -0.327593 0.0537168 0.943291 -0.325597 0.0408682 0.944625 
0.368848 0.273108 0.888461 0.307975 0.252555 0.917261 0.237559 0.215834 0.947091 
0.455072 -0.402708 -0.794189 0.39749 -0.431676 -0.809727 0.456688 -0.141176 -0.878354 
0.430247 -0.336721 -0.83756 0.363023 -0.411203 -0.836138 0.373083 -0.417475 -0.828567 
0.518382 -0.0134473 -0.855044 0.542346 0.0307417 -0.839593 0.507034 0.571949 -0.644818 
0.445738 0.740159 -0.503471 0.41423 0.832147 -0.368706 0.519842 0.455022 -0.722993 
0.517327 0.351034 -0.780479 0.496544 0.205398 -0.84336 0.49216 0.0528756 -0.868898 
0.37715 0.881797 -0.283183 0.358265 0.902121 -0.240467 0.348932 0.913616 -0.208693 
0.342343 0.923382 -0.173689 0.26616 0.96168 -0.065806 0.245791 0.969274 0.00969986 
0.206955 0.978062 0.0237587 0.320694 0.942254 -0.0964991 0.349289 0.927379 -0.134038 
0.41146 0.884303 0.220701 0.482156 0.837074 0.258518 0.311554 0.932397 0.183219 
0.193071 0.97661 0.0946431 0.222058 0.957846 0.182267 0.506024 0.797774 0.327866 
0.605089 0.717777 0.344475 0.600745 0.711771 0.363989 0.630885 0.663968 0.401411 
0.637781 0.68164 0.358611 0.720229 0.612003 0.326685 0.693971 0.650356 0.308936 
0.690715 0.652672 0.311341 0.754461 0.571626 0.322542 0.699823 0.644252 0.308524 
0.746073 0.571939 0.34097 0.732362 0.577401 0.360907 0.728579 0.577013 0.369091 
0.500951 0.446587 0.741356 0.406508 0.462719 0.787809 0.419301 0.350714 0.837368 
0.395317 0.412869 0.820527 0.311339 0.295349 0.903237 0.190445 0.248303 0.949777 
0.71286 0.560691 0.421256 0.684958 0.565316 0.45962 0.647034 0.555725 0.522032 
0.594496 0.557103 0.579837 0.554173 0.535448 0.637329 0.488875 0.470386 0.734669 
0.423928 0.47774 0.769447 0.419457 0.413334 0.808214 0.695632 0.580341 0.423438 
0.455011 0.378978 0.805817 0.260385 0.351487 0.899253 0.460257 0.383517 0.800673 
0.483959 0.329881 0.810532 0.612758 0.272088 0.741954 0.486048 0.31562 0.814949 
0.631938 0.234998 0.738533 0.654821 0.207822 0.72665 0.0212137 0.306756 0.951552 
0.0489438 0.310695 0.949249 0.335876 0.401425 0.852083 0.353834 0.389673 0.850269 
0.328948 0.298118 0.896057 0.319971 0.253462 0.912894 0.12449 0.226664 0.965984 
0.111418 0.344028 0.932325 0.123921 0.403103 0.906726 0.177438 0.424562 0.887842 
0.560582 0.253352 0.788391 0.597885 0.254803 0.760006 0.591184 0.23749 0.770779 
0.605947 0.246439 0.75637 0.499272 0.233773 0.834313 0.210167 0.162893 0.964 
0.131704 0.169194 0.976743 0.288195 0.189813 0.938571 0.373633 0.245645 0.894459 
0.282454 0.195942 0.939056 0.058506 0.109075 0.99231 -0.0275029 0.0634325 0.997607 
-0.137723 -0.00432885 0.990461 -0.178004 -0.0790412 0.98085 -0.183058 -0.0442182 0.982107 
-0.181709 -0.120172 0.975982 -0.18221 -0.103772 0.977768 -0.187818 -0.140728 0.97207 
-0.161318 -0.108108 0.980963 -0.200027 -0.150296 0.968194 -0.196286 -0.144631 0.969821 
-0.211482 -0.152544 0.965404 -0.199392 -0.0975204 0.975055 -0.282136 -0.0300382 0.958904 
-0.258288 -0.0684609 0.963639 -0.253935 -0.0721058 0.96453 -0.251765 -0.0749509 0.964882 
0.125697 0.0987172 0.987145 -0.0426182 -0.0427138 0.998178 -0.0995684 -0.0589856 0.993281 
-0.0938459 -0.0339801 0.995007 -0.100452 -0.0343689 0.994348 -0.119049 -0.0423622 0.991984 
-0.127132 -0.0494882 0.99065 -0.130523 -0.0503202 0.990167 0.225049 0.155241 0.961901 
0.51376 -0.180816 -0.838664 0.401368 -0.433598 -0.806781 0.405033 -0.439979 -0.801478 
0.411844 -0.421842 -0.807734 0.473758 -0.148061 -0.86812 0.459059 0.626282 -0.630108 
0.500544 0.432141 -0.75014 0.487592 0.676211 -0.552262 0.413852 0.805661 -0.423837 
0.392185 0.866629 -0.308456 0.531739 0.261133 -0.805645 0.525199 0.12831 -0.841251 
0.529926 -0.00148591 -0.848042 0.464301 -0.117627 -0.877832 0.371992 0.895794 -0.243259 
0.364683 0.910165 -0.196484 0.366761 0.915433 -0.165737 0.312253 0.949556 -0.0290112 
0.249787 0.964276 0.0881887 0.326196 0.944311 0.0432742 0.205109 0.974329 0.0928112 
0.354582 0.931422 -0.0820057 0.362029 0.93212 -0.00936473 0.371249 0.919923 -0.126158 
0.375873 0.924354 -0.0654871 0.386663 0.883009 0.266059 0.282359 0.921073 0.268137 
0.186671 0.966054 0.178589 0.21332 0.936697 0.277657 0.366296 0.86618 0.33994 
0.442887 0.808389 0.387761 0.479559 0.768703 0.423224 0.570199 0.711629 0.410434 
0.515913 0.76312 0.389207 0.570965 0.749949 0.334029 0.584408 0.746967 0.317029 
0.609153 0.731889 0.305404 0.681047 0.646855 0.343152 0.592766 0.73975 0.318431 
0.712415 0.60367 0.357838 0.66084 0.651846 0.372005 0.288868 0.323713 0.90098 
0.239515 0.206789 0.948615 0.12662 0.120717 0.984578 0.681813 0.561307 0.469111 
0.635866 0.585546 0.502802 0.562665 0.542844 0.62348 0.511575 0.482875 0.71072 
0.429473 0.44782 0.784226 0.284729 0.352986 0.891252 0.621146 0.65779 0.426016 
0.605589 0.633254 0.481925 0.295487 0.420114 0.858016 0.0249653 0.361533 0.932025 
0.080632 0.417535 0.905076 0.3454 0.373994 0.860713 0.298723 0.364116 0.882148 
0.535124 0.268331 0.801025 0.342224 0.338283 0.876611 0.402523 0.316965 0.858783 
-0.00481876 0.312738 0.949827 -0.0479058 0.31074 0.949287 -0.0601551 0.319355 0.945724 
0.214437 0.442372 0.870818 0.212074 0.380247 0.900243 0.248193 0.298424 0.921598 
0.168667 0.174549 0.970095 -0.0195768 0.140186 0.989932 -0.090131 0.241298 0.966257 
-0.0371248 0.352353 0.93513 -0.0213469 0.392608 0.919458 0.0124917 0.453713 0.89106 
0.443061 0.286823 0.84937 0.481961 0.271122 0.83319 0.518876 0.251423 0.81704 
0.408502 0.261115 0.874612 0.138823 0.142785 0.97997 0.0621842 0.0980328 0.993239 
0.0287387 0.105577 0.993996 0.246243 0.24382 0.938038 0.253633 0.29019 0.922746 
0.132422 0.18093 0.97454 0.0125368 -0.00899133 0.999881 -0.0648316 -0.0178938 0.997736 
-0.0621557 -0.0190615 0.997884 -0.144506 -0.0102641 0.989451 -0.114289 0.00259622 0.993444 
-0.156094 -0.0182635 0.987573 -0.150681 -0.0117106 0.988513 -0.2183 -0.150866 0.96415 
-0.216893 -0.153314 0.964081 -0.228552 -0.129695 0.964854 -0.235304 -0.119322 0.96457 
-0.232353 -0.125817 0.96446 0.0196458 -0.024147 0.999515 -0.0298311 -0.0535035 0.998122 
-0.0200222 -0.0315218 0.999303 -0.0583507 -0.0612306 0.996417 -0.106773 -0.0982388 0.989418 
0.073573 0.0608426 0.995432 0.404999 -0.438196 -0.802471 0.38469 -0.339795 -0.858227 
0.364115 -0.410653 -0.835933 0.402314 -0.437893 -0.803986 0.507718 0.559433 -0.655177 
0.536417 0.483418 -0.691783 0.52704 0.303736 -0.793709 0.460565 0.718162 -0.521655 
0.519639 0.564551 -0.641294 0.429012 0.796675 -0.425744 0.392165 0.863589 -0.316891 
0.545815 0.119894 -0.829284 0.53189 -0.173844 -0.828777 0.529489 -0.10043 -0.842351 
0.454709 -0.301611 -0.838016 0.387533 0.888166 -0.246939 0.385285 0.901452 -0.197332 
0.388726 0.909285 -0.148638 0.341067 0.929606 0.13966 0.28276 0.94103 0.185766 
0.205018 0.961901 0.180872 0.364148 0.924919 0.10918 0.372143 0.927924 0.0216248 
0.391944 0.915125 -0.0944777 0.391753 0.919503 -0.0323039 0.273034 0.898331 0.344171 
0.188554 0.945547 0.265307 0.208258 0.914392 0.347153 0.231713 0.906032 0.35414 
0.331163 0.859998 0.388245 0.373544 0.831934 0.410305 0.355659 0.833575 0.422681 
0.399996 0.820085 0.409224 0.451093 0.816473 0.360398 0.451049 0.833043 0.320305 
0.477075 0.818152 0.320977 0.572234 0.747095 0.338227 0.585238 0.733646 0.345341 
0.471154 0.812038 0.344395 0.538572 0.743158 0.39706 0.177865 0.231434 0.956453 
0.133252 0.166116 0.977062 0.0871348 0.0563094 0.994604 0.592424 0.598102 0.539729 
0.535219 0.598353 0.59625 0.428749 0.528529 0.732688 0.284944 0.417304 0.862939 
0.144299 0.290588 0.945905 0.104028 0.192853 0.975698 0.582415 0.686117 0.435932 
0.512632 0.724773 0.460339 0.479202 0.649647 0.59019 0.163199 0.404297 0.89995 
-0.0762099 0.343517 0.936049 -0.0956545 0.380861 0.919671 -0.103967 0.40148 0.909948 
-0.0374008 0.429032 0.902515 0.0635141 0.400249 0.914203 0.17765 0.389275 0.903828 
0.224556 0.380824 0.896966 0.308521 0.322476 0.894888 0.0648495 0.39797 0.915104 
0.0902426 0.252899 0.963275 0.0363735 0.156193 0.987057 0.0457588 0.10944 0.99294 
0.0140747 0.0620253 0.997975 -0.111723 0.0862328 0.989991 -0.0906827 0.072766 0.993218 
-0.121752 0.118857 0.985418 -0.152594 0.166244 0.974206 -0.165448 0.280818 0.945393 
-0.216753 0.207622 0.953893 -0.147409 0.330364 0.932272 -0.145651 0.324332 0.934663 
-0.134707 0.343101 0.929589 -0.176388 0.381708 0.907296 -0.144565 0.414116 0.898671 
-0.0983853 0.424481 0.900076 0.323127 0.291517 0.900337 -0.0167248 0.112945 0.993461 
-0.0148267 0.115951 0.993144 -0.0345441 0.0847965 0.995799 -0.0375886 0.0810417 0.996002 
-0.0549971 0.0483945 0.997313 -0.069232 0.0486573 0.996413 0.107347 0.273617 0.95583 
0.16108 0.327143 0.931145 0.0432728 0.328607 0.943475 0.00886284 0.212235 0.977179 
0.00866836 0.187915 0.982147 -0.0585334 -0.0237044 0.998004 -0.0212852 -0.0664688 0.997561 
-0.0289942 -0.0604457 0.99775 -0.034145 -0.052384 0.998043 -0.010705 -0.00941698 0.999898 
-0.0564557 -0.0793365 0.995248 -0.000267813 0.0295271 0.999564 0.41459 -0.423535 -0.80544 
0.385279 -0.422714 -0.820288 0.541415 0.387878 -0.745936 0.538814 0.221568 -0.812765 
0.487162 0.701382 -0.520323 0.498715 0.538718 -0.679019 0.536568 0.36859 -0.759102 
0.448725 0.800979 -0.396332 0.441835 0.83903 -0.317508 0.416734 0.87573 -0.243783 
0.534098 0.0523061 -0.843803 0.467016 -0.390972 -0.793118 0.536763 -0.111117 -0.836384 
0.464119 -0.301524 -0.832873 0.449521 -0.416032 -0.790474 0.410819 0.891633 -0.190312 
0.404156 0.903966 -0.139656 0.405091 0.910106 -0.0872291 0.337022 0.9081 0.248537 
0.278934 0.920472 0.273729 0.227355 0.930077 0.288561 0.355488 0.928571 0.106698 
0.319449 0.92651 0.198827 0.384579 0.922158 0.0415105 0.401538 0.915713 -0.0154053 
0.261561 0.885623 0.383742 0.222513 0.910127 0.34951 0.227234 0.892211 0.390287 
0.235154 0.889177 0.392513 0.285383 0.864779 0.413175 0.277366 0.86235 0.423582 
0.313465 0.864074 0.393848 0.347997 0.867699 0.354959 0.344082 0.877697 0.33355 
0.357141 0.865756 0.350596 0.466079 0.825301 0.318824 0.497215 0.808939 0.31368 
0.456561 0.827191 0.327578 0.356918 0.87614 0.324018 0.374418 0.874833 0.307373 
0.402054 0.841042 0.361941 0.42613 0.799207 0.423889 0.0457456 0.0893714 0.994947 
-0.00494075 -0.003123 0.999983 -0.016059 -0.0696219 0.997444 0.482312 0.557351 0.675822 
0.399924 0.51879 0.755591 0.295446 0.416386 0.859846 0.247911 0.383847 0.889495 
0.0108876 0.323418 0.946194 -0.0185561 0.120017 0.992598 -0.0485118 0.00845939 0.998787 
0.42217 0.762394 0.490436 0.363227 0.724195 0.586181 0.331599 0.602044 0.726351 
-0.11765 0.408534 0.905129 -0.148732 0.444471 0.88336 -0.121943 0.419918 0.899333 
-0.115354 0.413371 0.903226 -0.0696147 0.444348 0.893146 0.0388034 0.427515 0.903175 
0.138573 0.356711 0.92388 -0.0677118 0.407663 0.910618 -0.0270573 0.321306 0.946589 
-0.00931615 0.259584 0.965676 0.00132244 0.192139 0.981367 -0.00187057 0.293857 0.955848 
-0.0137009 0.317992 0.947994 -0.0166865 0.358113 0.933529 -0.0361819 0.336193 0.941098 
-0.0481539 0.356946 0.932883 0.547943 0.171884 -0.818666 0.51619 0.662241 -0.543125 
0.5027 0.766721 -0.399289 0.521159 0.512781 -0.682238 0.534641 0.310141 -0.786112 
0.483703 0.823711 -0.295859 0.468711 0.847548 -0.248944 0.560487 -0.0104326 -0.828098 
0.446051 -0.345945 -0.825446 0.458226 -0.402982 -0.792234 0.458032 -0.408076 -0.789734 
0.535298 -0.284203 -0.795415 0.573985 -0.251607 -0.779253 0.526216 -0.344333 -0.777517 
0.476604 -0.343909 -0.809058 0.453326 0.868867 -0.198912 0.431713 0.89207 -0.133547 
0.422584 0.903635 -0.0697599 0.275413 0.91433 0.296899 0.273167 0.897603 0.345962 
0.330004 0.926903 0.178742 0.375906 0.918827 0.120218 0.282135 0.923441 0.260108 
0.393002 0.917129 0.0665082 0.410088 0.912042 0.00252678 0.229111 0.902419 0.364895 
0.208974 0.892735 0.399192 0.230164 0.878762 0.418093 0.223794 0.883682 0.411123 
0.251471 0.88671 0.387954 0.262267 0.897655 0.354162 0.256479 0.901151 0.349494 
0.257813 0.906461 0.334456 0.279773 0.907856 0.31229 0.361062 0.886368 0.289804 
0.327248 0.89013 0.31714 0.265207 0.924277 0.274548 0.298164 0.890383 0.34397 
0.334968 0.858418 0.388479 0.352787 0.808185 0.47157 -0.0493116 -0.0454395 0.997749 
-0.0502692 -0.0403314 0.997921 -0.0276616 -0.0641619 0.997556 -0.0450696 -0.057848 0.997308 
0.266734 0.485064 0.832806 0.212829 0.266847 0.939945 0.317204 0.110927 0.941848 
0.297487 0.209471 0.931463 0.0570895 0.336313 0.940018 -0.197036 0.221698 0.955001 
-0.206534 -0.00743897 0.978411 -0.102833 -0.0384988 0.993953 -0.111621 -0.0261784 0.993406 
-0.0601828 -0.0395678 0.997403 -0.0785915 -0.0438999 0.99594 0.294278 0.77022 0.565828 
0.2914 0.640538 0.710491 -0.120397 0.428402 0.895531 -0.138168 0.453746 0.880355 
-0.10953 0.466267 0.877837 -0.0829979 0.470514 0.878481 -0.0458607 0.416272 0.908083 
-0.0418143 0.410485 0.910908 -0.0425716 0.39409 0.918085 -0.044869 0.359654 0.932006 
0.577076 0.126438 -0.806844 0.60567 0.509757 -0.610993 0.546622 0.703641 -0.453975 
0.549365 0.771126 -0.321812 0.598361 0.368962 -0.711218 0.631942 0.246841 -0.734656 
0.519004 0.818547 -0.246201 0.579316 -0.0576803 -0.81306 0.542246 -0.353403 -0.762283 
0.648209 -0.218658 -0.729393 0.580299 -0.359661 -0.730683 0.579155 -0.368995 -0.726927 
0.571192 -0.358279 -0.738495 0.49033 0.85428 -0.172576 0.474019 0.871797 -0.123599 
0.452361 0.889981 -0.0574788 0.242584 0.912967 0.328091 0.370474 0.906574 0.202172 
0.32882 0.912399 0.243733 0.37173 0.91426 0.161074 0.314671 0.898622 0.305713 
0.270435 0.907056 0.322666 0.387938 0.918551 0.0759463 0.434413 0.900653 0.0105175 
0.220664 0.901247 0.372908 0.205427 0.898623 0.387656 0.195877 0.897246 0.395705 
0.198921 0.89374 0.402068 0.206099 0.903688 0.375327 0.204869 0.910569 0.359017 
0.194352 0.918976 0.34309 0.198719 0.927982 0.315214 0.203843 0.937463 0.282154 
0.246586 0.926547 0.284088 0.230925 0.922029 0.310702 0.188455 0.944882 0.267737 
0.235016 0.914021 0.330655 0.261909 0.895106 0.360818 0.266636 0.858468 0.438108 
0.231339 0.486392 0.842559 0.157229 0.322916 0.933276 0.0929463 0.0974038 0.990895 
0.13376 -0.0249214 0.9907 0.275596 -0.12977 0.952474 0.104811 -0.220643 0.969707 
0.133042 0.0384604 0.990364 -0.0888391 0.0603975 0.994213 -0.217081 -0.095281 0.971492 
-0.190561 -0.0222786 0.981423 -0.198326 -0.0535506 0.978672 -0.207887 -0.0249478 0.977835 
-0.208554 -0.0214185 0.977776 0.236997 0.794681 0.558851 0.235841 0.674062 0.700014 
0.643776 0.088238 -0.76011 0.621823 0.566397 -0.540861 0.667693 0.35104 -0.656474 
0.625725 0.66926 -0.400699 0.691089 0.619584 -0.372171 0.576569 0.756404 -0.308904 
0.704372 0.152801 -0.69319 0.548323 0.813972 -0.191811 0.656595 -0.0726251 -0.750739 
0.658575 -0.364896 -0.658127 0.632017 -0.379366 -0.675748 0.719045 -0.246737 -0.649688 
0.721711 -0.0463478 -0.690642 0.589306 -0.371701 -0.717326 0.514319 0.849419 -0.118171 
0.506286 0.860574 -0.0555639 0.250734 0.897843 0.361953 0.344754 0.899192 0.26944 
0.353935 0.924987 0.138308 0.317217 0.924308 0.212199 0.285707 0.896514 0.338576 
0.405915 0.91087 0.0744891 0.47862 0.877955 0.0108606 0.223741 0.904154 0.363931 
0.201279 0.900542 0.385371 0.18771 0.906658 0.377804 0.172831 0.919963 0.351849 
0.15707 0.932595 0.324955 0.164835 0.938339 0.303892 0.158438 0.948428 0.274559 
0.176216 0.944457 0.277397 0.178105 0.938414 0.296071 0.192872 0.928944 0.316011 
0.150155 0.952406 0.265285 0.203145 0.912205 0.355828 0.189672 0.865957 0.462756 
0.197685 0.540758 0.817619 0.113796 0.371142 0.921577 0.0691167 0.171616 0.982736 
-0.00867294 -0.0369825 0.999278 0.0251079 -0.122512 0.992149 0.0147224 -0.118135 0.992888 
0.066888 -0.227896 0.971385 0.0512909 -0.149306 0.98746 -0.0038978 -0.23306 0.972455 
-0.0965345 -0.247514 0.964063 -0.00862233 -0.237928 0.971245 0.0556994 -0.238869 0.969453 
-0.185118 -0.182925 0.965541 0.192988 0.736206 0.648657 0.227612 0.685439 0.69164 
0.716891 0.454169 -0.528959 0.7574 0.252114 -0.602315 0.743056 0.529741 -0.408954 
0.664549 0.630189 -0.401543 0.77961 0.401781 -0.480396 0.79334 0.344514 -0.501918 
0.60721 0.740062 -0.289146 0.778288 0.099284 -0.620008 0.654133 0.731549 -0.192214 
0.581662 0.803096 -0.129253 0.68651 -0.354193 -0.63502 0.764034 -0.0785131 -0.640381 
0.762421 -0.285257 -0.580813 0.702654 -0.354361 -0.617014 0.77776 -0.275695 -0.564874 
0.809337 -0.0911177 -0.580234 0.570246 0.81947 -0.0573483 0.279185 0.918368 0.280458 
0.314937 0.932029 0.179268 0.372853 0.9188 0.129567 0.27009 0.933815 0.234607 
0.233079 0.918032 0.320768 0.442762 0.893407 0.07607 0.540394 0.841389 0.00614753 
0.187995 0.924118 0.332662 0.18508 0.913794 0.361559 0.164867 0.927958 0.334235 
0.147972 0.936691 0.317356 0.139973 0.946972 0.289226 0.137716 0.95258 0.271341 
0.143899 0.952868 0.267088 0.152668 0.946658 0.283782 0.164786 0.936339 0.310024 
0.136084 0.955014 0.263493 0.159091 0.919967 0.358262 0.154709 0.889761 0.429407 
0.165365 0.817998 0.550939 0.136365 0.580366 0.802858 0.12922 0.439405 0.888946 
0.0977906 0.260928 0.960392 0.0747136 0.185758 0.979751 0.0156129 0.0193634 0.999691 
0.00379792 -0.116274 0.99321 -0.0426376 -0.120598 0.991785 -0.0372693 -0.109345 0.993305 
0.167235 0.704304 0.689919 0.713208 0.575129 -0.400701 0.801486 0.418114 -0.427553 
0.837862 0.232278 -0.493999 0.843526 0.0529932 -0.534467 0.836103 0.241432 -0.492588 
0.807797 0.117206 -0.577691 0.694891 0.665471 -0.272534 0.688859 0.708656 -0.152578 
0.781522 0.590998 -0.199862 0.785808 0.547904 -0.286893 0.679575 0.726814 -0.0995968 
0.795969 -0.271257 -0.541159 0.826464 -0.237369 -0.510503 0.664657 0.745077 -0.0555964 
0.233053 0.931738 0.27848 0.346723 0.920161 0.181899 0.299362 0.930519 0.21099 
0.386321 0.91204 0.137619 0.282555 0.926859 0.247173 0.248127 0.933826 0.257687 
0.201348 0.931204 0.303839 0.488211 0.870771 0.0583818 0.626038 0.779726 -0.0101539 
0.176491 0.934349 0.309584 0.162088 0.933808 0.318953 0.151444 0.937895 0.312117 
0.14032 0.946892 0.289318 0.136724 0.952862 0.270852 0.134856 0.954813 0.26485 
0.141754 0.949451 0.280086 0.150957 0.939521 0.307428 0.136229 0.955099 0.263111 
0.155726 0.923711 0.350012 0.162245 0.892091 0.421723 0.172517 0.82597 0.536667 
0.199124 0.716135 0.668955 0.179229 0.575924 0.797614 0.147979 0.426511 0.892295 
0.0974238 0.279496 0.955191 0.0362532 0.118838 0.992252 0.0423233 0.0598393 0.99731 
-0.0338517 -0.132561 0.990597 -0.0444919 -0.1257 0.99107 0.874049 0.326736 -0.359557 
0.924863 0.127627 -0.358245 0.862228 0.0210903 -0.506081 0.832493 -0.242609 -0.498093 
0.803233 0.579776 -0.136664 0.897781 0.39982 -0.184752 0.868971 0.423089 -0.25668 
0.79427 0.598471 -0.104725 0.819624 -0.283774 -0.497683 0.822687 -0.280047 -0.494732 
0.825719 -0.296688 -0.479754 0.766404 0.637852 -0.0759624 0.23572 0.930279 0.281099 
0.209963 0.934026 0.288983 0.31539 0.924311 0.214891 0.431778 0.897064 0.0940396 
0.327551 0.931111 0.160446 0.256706 0.931109 0.259112 0.19507 0.933596 0.300577 
0.575737 0.816846 0.0359267 0.721047 0.692216 -0.0304703 0.173115 0.941349 0.289643 
0.155709 0.940586 0.301748 0.147197 0.948524 0.28042 0.142672 0.952827 0.267891 
0.140313 0.952443 0.270491 0.141623 0.949222 0.280929 0.153932 0.938303 0.309664 
0.143015 0.952894 0.267468 0.144065 0.951566 0.271603 0.177613 0.913284 0.366559 
0.204423 0.869577 0.449497 0.191959 0.828703 0.525741 0.204075 0.735432 0.646137 
0.191539 0.588861 0.785211 0.152595 0.438099 0.88588 0.148443 0.350404 0.92476 
0.0987326 0.208019 0.973129 0.0531546 0.135227 0.989388 -0.0206853 -0.00864321 0.999749 
-0.0285672 -0.0716816 0.997018 -0.0414555 -0.139355 0.989374 -0.0420278 -0.147553 0.988161 
-0.0399034 -0.147251 0.988294 0.942841 0.210125 -0.258647 0.916807 -0.081563 -0.390912 
0.965867 -0.0594304 -0.252129 0.8641 -0.257346 -0.432555 0.906248 -0.21138 -0.366105 
0.83004 -0.295592 -0.472926 0.902266 0.402713 -0.154075 0.959127 0.184214 -0.214806 
0.884463 0.443455 -0.145163 0.842449 0.523623 -0.126882 0.211226 0.935611 0.282871 
0.263391 0.940454 0.214873 0.387463 0.913287 0.125616 0.536209 0.839928 0.0836749 
0.296182 0.936963 0.185409 0.215742 0.944677 0.247063 0.677183 0.734459 0.0446462 
0.796993 0.603444 -0.0256499 0.180761 0.947147 0.265026 0.156422 0.949779 0.271019 
0.149416 0.952505 0.265346 0.14877 0.950593 0.272473 0.153348 0.944 0.292145 
0.170704 0.928975 0.328429 0.153745 0.946988 0.282093 0.195979 0.900685 0.387761 
0.220454 0.861465 0.457469 0.231644 0.801267 0.551646 0.229964 0.7253 0.648889 
0.207628 0.640376 0.739466 0.192144 0.49992 0.844489 0.146402 0.358377 0.922026 
0.0952904 0.236287 0.967 0.0437015 0.096795 0.994344 0.0309489 0.0486239 0.998338 
-0.0484784 -0.0981584 0.993989 -0.0710583 -0.138882 0.987756 -0.0814577 -0.137936 0.987086 
-0.060745 -0.149462 0.9869 0.933197 -0.180919 -0.310501 0.970665 -0.0333465 -0.238112 
0.952747 -0.162167 -0.256855 0.95749 -0.137933 -0.253351 0.96647 -0.0867437 -0.241686 
0.960119 0.196498 -0.198896 0.929024 0.270166 -0.252833 0.915518 0.362388 -0.174648 
0.901718 0.426078 -0.0732263 0.23068 0.948166 0.218557 0.504539 0.85201 0.139712 
0.395379 0.900809 0.179494 0.637542 0.759859 0.127098 0.276126 0.937606 0.211303 
0.377402 0.900327 0.216745 0.190204 0.951153 0.243169 0.768598 0.636756 0.0616311 
0.887226 0.461336 0.000411618 0.164342 0.951833 0.258853 0.160351 0.94968 0.269063 
0.156122 0.948129 0.276908 0.166584 0.941161 0.294051 0.169653 0.935276 0.310608 
0.197505 0.911846 0.3599 0.228314 0.877338 0.422078 0.22851 0.854278 0.466896 
0.243432 0.797423 0.552139 0.230547 0.721861 0.652506 0.215464 0.618193 0.755918 
0.186366 0.489913 0.851618 0.146424 0.369342 0.917686 0.127962 0.315999 0.940091 
0.0680138 0.196037 0.978235 0.0541395 0.111041 0.99234 0.000925724 -0.0150424 0.999886 
-0.0300748 -0.0595442 0.997773 -0.0724958 -0.137994 0.987776 -0.0681021 -0.140663 0.987713 
0.962849 -0.0155421 -0.269592 0.964752 -0.0548268 -0.257388 0.958452 0.0114096 -0.285024 
0.959233 0.049295 -0.278285 0.961414 0.0466923 -0.271115 0.966848 0.145452 -0.209877 
0.977231 0.17551 -0.11923 0.971816 0.230295 -0.0503816 0.219384 0.94729 0.23348 
0.511363 0.834944 0.20341 0.601944 0.77696 0.184382 0.743841 0.657092 0.122187 
0.361362 0.898988 0.247463 0.290507 0.923447 0.2507 0.46027 0.853562 0.244097 
0.183475 0.950066 0.252412 0.872154 0.486926 0.04744 0.963993 0.265515 -0.0147739 
0.178915 0.944488 0.275556 0.177438 0.940623 0.289384 0.192505 0.930977 0.310198 
0.186944 0.926239 0.327313 0.209073 0.900964 0.380201 0.234428 0.869918 0.433919 
0.252479 0.832892 0.49249 0.261705 0.790957 0.55308 0.253194 0.741483 0.621366 
0.243787 0.663821 0.707043 0.221545 0.579602 0.784207 0.169988 0.460341 0.871315 
0.0995308 0.353528 0.930114 0.026727 0.269795 0.962547 -0.0154225 0.112154 0.993571 
0.0135605 0.0334206 0.999349 -0.0475815 -0.122608 0.991314 -0.0584627 -0.127541 0.990109 
-0.0553727 -0.126819 0.990379 -0.0658084 -0.136483 0.988454 0.981034 0.00492525 -0.193773 
0.98715 -0.00146032 -0.159792 0.993152 0.00814734 -0.116543 0.993618 0.00770751 -0.112538 
0.995315 0.030666 -0.0916879 0.995458 0.0301674 -0.0902964 0.276905 0.92047 0.275787 
0.225037 0.936602 0.268581 0.558071 0.800313 0.219216 0.701523 0.688441 0.18416 
0.864977 0.494182 0.0871771 0.820198 0.546655 0.168655 0.358505 0.889489 0.283343 
0.444921 0.855582 0.264624 0.212073 0.934222 0.286801 0.95567 0.293221 0.0267509 
0.995324 0.0430972 -0.0864434 0.993493 0.0875776 -0.0728124 0.214096 0.929653 0.299847 
0.222834 0.921959 0.31676 0.212608 0.912619 0.349176 0.232868 0.884358 0.404577 
0.234872 0.865044 0.443322 0.251096 0.826767 0.503395 0.252143 0.765645 0.591786 
0.268942 0.740035 0.616456 0.253487 0.679772 0.688225 0.181495 0.605937 0.774532 
0.13167 0.485216 0.864424 0.0712285 0.421723 0.903923 -0.0152334 0.352153 0.935818 
-0.0576054 0.190387 0.980018 -0.0896534 0.0157329 0.995849 -0.0695853 -0.0573128 0.995928 
-0.0484316 -0.122693 0.991262 0.272993 0.91469 0.298021 0.672447 0.705023 0.225295 
0.5613 0.784077 0.26489 0.798262 0.56662 0.204255 0.919795 0.374818 0.116145 
0.908751 0.388377 0.152755 0.336003 0.899079 0.280639 0.41439 0.870018 0.267113 
0.543937 0.787564 0.289613 0.993752 0.111591 -0.00197002 0.977815 0.196075 0.0737023 
0.994304 0.0697004 -0.0806308 0.99483 0.0682417 -0.0752124 0.997227 0.0705357 -0.0237155 
0.263914 0.916935 0.299299 0.26874 0.907107 0.323937 0.237219 0.903455 0.357065 
0.245805 0.879923 0.40659 0.251944 0.853889 0.455409 0.243852 0.8403 0.484182 
0.23097 0.811534 0.536718 0.219892 0.771011 0.597653 0.206101 0.714197 0.668913 
0.169789 0.672056 0.720772 0.119431 0.57496 0.809418 0.0341537 0.503264 0.863457 
-0.0417349 0.44184 0.896123 -0.110683 0.285882 0.951851 -0.154227 0.0929697 0.983652 
-0.146712 -0.0826276 0.985722 -0.0915558 -0.0936986 0.991382 -0.114349 -0.087122 0.989613 
-0.0588734 -0.114089 0.991725 -0.0854766 -0.0989399 0.991416 0.671604 0.694028 0.259371 
0.900632 0.406296 0.154227 0.762814 0.600189 0.2406 0.8622 0.464468 0.202188 
0.970311 0.224242 0.0906252 0.327043 0.896367 0.299281 0.488033 0.81938 0.300733 
0.413435 0.852025 0.321131 0.651158 0.704819 0.281466 0.599728 0.735568 0.315065 
0.496848 0.795379 0.347153 0.997436 0.0711984 -0.00726945 0.998103 0.0595464 0.0156675 
0.997258 0.0679494 0.0293135 0.997233 0.0677465 0.0306003 0.337327 0.876561 0.343294 
0.326372 0.867262 0.37595 0.281022 0.882486 0.377154 0.272495 0.8696 0.411755 
0.267478 0.856867 0.44072 0.24807 0.845928 0.472088 0.235483 0.826842 0.510765 
0.215544 0.80285 0.555853 0.192316 0.745548 0.638101 0.14351 0.698367 0.701205 
0.0855229 0.638167 0.765133 0.0290065 0.57501 0.817632 -0.0164372 0.52416 0.851461 
-0.136029 0.408335 0.90264 -0.255476 0.23404 0.93806 -0.287198 -0.0445276 0.956836 
-0.172792 -0.0774498 0.981909 0.938035 0.313444 0.147793 0.712299 0.641164 0.28555 
0.822442 0.523641 0.222236 0.926178 0.342852 0.156992 0.997153 0.0636659 0.0404174 
0.985722 0.147446 0.0813091 0.997226 0.0609649 0.0427151 0.401973 0.845783 0.350813 
0.688639 0.669228 0.279125 0.561245 0.763692 0.319029 0.446297 0.827188 0.341437 
0.391935 0.838818 0.377852 0.319815 0.853863 0.410654 0.296662 0.8613 0.412496 
0.265366 0.852889 0.449624 0.240082 0.835269 0.494658 0.202664 0.834372 0.512592 
0.169815 0.781243 0.600685 0.129436 0.740465 0.659514 0.0897472 0.690197 0.718035 
0.0755685 0.623325 0.778303 0.0883669 0.57556 0.812971 -0.0376441 0.492513 0.869491 
-0.116735 0.375667 0.919373 -0.211745 0.332507 0.919023 -0.248854 0.194624 0.948785 
-0.31658 0.104298 0.942815 -0.297073 -0.0405428 0.953994 0.914987 0.375959 0.14647 
0.771868 0.588852 0.239737 0.87293 0.445819 0.198085 0.977395 0.193691 0.0847514 
0.99797 0.051538 0.0374234 0.997809 0.0549782 0.0368087 0.998075 0.053971 0.0305682 
0.659751 0.697004 0.280918 0.495754 0.79891 0.340544 0.601486 0.733136 0.317374 
0.484182 0.795722 0.36386 0.423429 0.827352 0.369049 0.359329 0.852652 0.379297 
0.335215 0.851885 0.402396 0.30273 0.849741 0.431619 0.262091 0.854393 0.448689 
0.207089 0.8608 0.464905 0.162431 0.813617 0.55825 0.156785 0.777569 0.608937 
0.128049 0.719537 0.682547 0.199539 0.635916 0.745516 0.27361 0.552867 0.787068 
0.0997842 0.514488 0.851672 -0.0133026 0.394578 0.918766 -0.0888178 0.247435 0.964825 
-0.172619 0.219676 0.96018 -0.229045 0.0402685 0.972583 -0.322156 -0.0780989 0.94346 
-0.301137 -0.0397824 0.952751 0.946744 0.289671 0.140594 0.719086 0.635669 0.280786 
0.829668 0.50766 0.232233 0.932181 0.324457 0.160521 0.998589 0.032309 0.0421396 
0.990245 0.113264 0.0811611 0.998752 0.0239664 0.04382 0.704887 0.648079 0.28832 
0.563815 0.759246 0.325051 0.42919 0.832201 0.351051 0.398781 0.827749 0.394722 
0.357437 0.842194 0.403668 0.295767 0.870221 0.394002 0.245326 0.854687 0.457521 
0.193711 0.827213 0.527442 0.257499 0.809328 0.527904 0.23258 0.789262 0.568307 
0.221206 0.718491 0.659423 0.311005 0.729749 0.608886 0.340005 0.623918 0.70365 
0.491199 0.491746 0.718965 0.51191 0.383978 0.768446 0.282108 0.472103 0.835185 
0.130938 0.372483 0.918756 0.0138814 0.239044 0.97091 -0.0863358 0.0858282 0.992562 
-0.153988 0.0908328 0.983889 -0.278371 -0.135894 0.950811 -0.174833 -0.0955845 0.979947 
-0.306896 -0.0642891 0.949569 -0.326076 -0.11736 0.93803 0.913269 0.371202 0.167774 
0.812979 0.528971 0.243423 0.979574 0.178983 0.0916528 0.999164 0.000344958 0.0408864 
0.999882 -0.00651853 0.0139459 0.999915 -0.0097005 0.00867463 0.670588 0.683329 0.288743 
0.521631 0.77473 0.357345 0.396062 0.844439 0.360635 0.320104 0.83696 0.443881 
0.384632 0.791598 0.474796 0.415609 0.765021 0.491948 0.464063 0.685145 0.561446 
0.543594 0.55692 0.62797 0.742027 0.401054 0.53717 0.676172 0.37058 0.636759 
0.743827 0.23724 0.624851 0.547828 0.253581 0.797233 0.33722 0.330857 0.881372 
0.743194 0.181323 0.644037 0.16879 0.207697 0.963521 0.032967 0.0723096 0.996837 
-0.0809548 -0.0665297 0.994495 -0.2899 -0.168974 0.942022 -0.279233 -0.178265 0.943531 
-0.231139 -0.195297 0.953118 -0.199637 -0.215409 0.9559 -0.112151 -0.269721 0.956385 
0.902308 0.383292 0.197301 0.97151 0.20215 0.123712 0.781631 0.556925 0.28087 
0.871521 0.395199 0.29029 0.999789 -0.0176087 0.0106076 0.998881 0.0247275 0.0403189 
0.635875 0.700903 0.323106 0.437561 0.798003 0.414405 0.550763 0.724294 0.414799 
0.646027 0.574878 0.50216 0.808185 0.396395 0.435555 0.895243 0.233169 0.379699 
0.856868 0.245034 0.45358 0.886882 0.119476 0.446279 0.600391 0.101069 0.793294 
0.370253 0.153652 0.916135 0.78898 0.0705867 0.61035 0.906207 0.055428 0.419186 
0.185159 0.0390295 0.981933 0.0191971 -0.115235 0.993153 -0.13311 -0.279515 0.95087 
-0.0383908 -0.31523 0.948239 -0.123174 -0.296713 0.94699 -0.117825 -0.301376 0.946198 
0.940637 0.265408 0.211569 0.995823 0.02422 0.0880285 0.980748 0.0940822 0.171122 
0.721951 0.60072 0.343398 0.851511 0.401129 0.337676 0.932905 0.219374 0.285591 
0.907917 0.219873 0.356852 0.999332 -0.0340945 0.0131672 0.998871 -0.0433997 0.0193293 
0.997307 -0.0650258 0.0339102 0.724038 0.561267 0.400934 0.948137 0.0248708 0.316887 
0.942722 0.0944239 0.319938 0.961629 -0.00422225 0.274319 0.615056 -0.0519269 0.786772 
0.399091 0.00937841 0.916863 0.796308 -0.0691928 0.600921 0.927026 -0.0453869 0.372241 
0.965685 -0.0982484 0.240416 0.962942 -0.0980673 0.251249 0.165268 -0.109348 0.980168 
-0.0201426 -0.320119 0.947163 0.994421 -0.0907948 0.0537022 0.994343 -0.0766055 0.0735718 
0.982646 -0.0199837 0.18441 0.952142 0.0762127 0.296003 0.957603 -0.0849242 0.27529 
0.965931 -0.14583 0.213802 0.972376 -0.126126 0.196412 0.976618 -0.0678067 0.204008 
0.975325 -0.0965948 0.198523 0.967411 -0.0988111 0.233137 0.718934 -0.27159 0.639822 
0.587244 -0.255222 0.768119 0.394962 -0.130723 0.90935 0.861599 -0.179336 0.474853 
0.776491 -0.256156 0.575713 0.897819 -0.160908 0.409914 0.938942 -0.127505 0.319579 
0.144598 -0.286536 0.947095 -0.0161253 -0.319923 0.947306 0.994046 -0.0923396 0.0578405 
0.993122 -0.0948509 0.0686426 0.978084 -0.129371 0.163142 0.987943 -0.111459 0.107446 
0.972116 -0.14348 0.185485 0.964058 -0.151723 0.218109 0.978616 -0.100514 0.179467 
0.977972 -0.0998783 0.183288 0.731833 -0.289197 0.617078 0.713113 -0.303836 0.631786 
0.595868 -0.284007 0.751186 0.578215 -0.287853 0.763419 0.324558 -0.32655 0.887709 
0.494137 -0.297565 0.816874 0.241035 -0.333563 0.911393 -0.00115875 -0.32126 0.94699 
0.127621 -0.358081 0.924928 
