# vtk DataFile Version 4.2
3D Slicer output. SPACE=LPS
ASCII
DATASET POLYDATA
POINTS 3892 float
-38.2437 -38.3499 27.4422 -38.2308 -38.3195 27.4777 -38.2155 -38.3763 27.4686 
-38.2918 -38.3349 27.4755 -38.2764 -38.3916 27.4664 -38.1327 -38.3325 27.5655 
-38.3193 -38.2375 27.5792 -38.2446 -38.5118 27.5358 -38.4258 -38.4096 27.5564 
-38.1661 -38.1527 27.6594 -37.9786 -38.1601 27.7382 -37.9295 -38.4239 27.6752 
-38.0658 -38.5223 27.5907 -38.3078 -38.0601 27.7424 -38.5433 -38.2502 27.6393 
-38.4926 -38.1201 27.7158 -38.4363 -38.6109 27.5945 -38.1242 -38.7099 27.6281 
-38.3358 -38.7531 27.6298 -38.6724 -38.3911 27.6934 -38.6259 -38.5925 27.6829 
-38.1365 -38.0275 27.7807 -38.0055 -37.9213 27.9166 -37.8043 -38.0355 27.8901 
-37.7637 -38.2874 27.8219 -37.9565 -38.6335 27.6679 -37.7655 -38.6182 27.7958 
-38.2652 -37.9085 27.9388 -38.4855 -37.9991 27.8929 -38.6293 -38.1652 27.7189 
-38.6872 -38.2483 27.7112 -38.6474 -38.0974 27.8382 -38.5457 -38.7864 27.6991 
-37.96 -38.8778 27.755 -38.2303 -38.9376 27.7268 -38.441 -38.9376 27.741 
-38.8038 -38.313 27.8216 -38.8871 -38.5776 27.8906 -38.7397 -38.7836 27.8148 
-37.9482 -37.7424 28.1269 -37.8192 -37.8743 27.9936 -38.1433 -37.7954 28.063 
-37.7167 -37.9388 27.9852 -37.62 -38.0914 27.9922 -37.5741 -38.4201 27.9497 
-37.5535 -38.7369 27.9568 -37.7192 -38.9254 27.8696 -38.3009 -37.7897 28.1269 
-38.4875 -37.8744 28.1417 -38.6839 -38.0294 28.0608 -38.7276 -38.1862 27.7887 
-38.8014 -38.1789 27.9438 -38.6606 -39.0131 27.8787 -37.8671 -39.1263 27.8796 
-38.1191 -39.1414 27.8497 -38.4136 -39.1598 27.8812 -38.9531 -38.355 28.0177 
-39.0332 -38.5121 28.0267 -39.0394 -38.6027 28.023 -38.9198 -38.9245 28.0391 
-39.0458 -38.7276 28.087 -37.6703 -37.8001 28.1323 -37.8191 -37.6393 28.2432 
-38.2068 -37.6925 28.2666 -38.001 -37.579 28.3711 -37.4715 -37.9713 28.1605 
-37.4309 -38.2398 28.115 -37.399 -38.5478 28.1067 -37.5523 -38.8805 27.975 
-37.4672 -38.8031 28.0433 -37.3963 -38.7482 28.1126 -37.6365 -38.9689 27.9298 
-37.6885 -39.1253 27.9362 -38.3914 -37.7558 28.2673 -38.5276 -37.7979 28.3687 
-38.7136 -37.9443 28.3826 -38.8986 -38.168 28.2179 -38.6738 -39.2815 28.059 
-38.8199 -39.1524 28.0618 -37.7605 -39.291 27.9931 -37.9974 -39.3301 27.9715 
-38.256 -39.3535 27.9871 -38.4783 -39.3797 28.0519 -39.0392 -38.3354 28.2019 
-39.072 -38.4442 28.126 -39.1082 -38.5856 28.1652 -39.0614 -38.8654 28.1722 
-38.9498 -39.2072 28.2749 -39.0651 -38.9941 28.289 -39.1393 -38.776 28.3449 
-37.6873 -37.6128 28.2871 -37.5421 -37.6568 28.3048 -37.4802 -37.7949 28.2356 
-37.8016 -37.5411 28.3732 -38.237 -37.5915 28.5123 -38.4056 -37.6963 28.4567 
-37.8807 -37.4478 28.5781 -38.0984 -37.5023 28.5779 -37.3713 -37.8813 28.2856 
-37.3191 -38.0771 28.2789 -37.2772 -38.3533 28.2739 -37.2607 -38.6503 28.2768 
-37.2454 -38.6392 28.2969 -37.6682 -39.1088 27.9444 -37.6736 -39.1387 27.95 
-38.5956 -37.7837 28.6016 -38.9285 -38.1082 28.5555 -38.7895 -37.9272 28.7382 
-39.0514 -38.2903 28.4087 -38.8268 -39.2714 28.1461 -38.6304 -39.5162 28.2534 
-38.809 -39.3857 28.251 -37.6766 -39.2503 28.0086 -37.6622 -39.3533 28.0773 
-37.8643 -39.4823 28.1027 -38.1285 -39.5153 28.1069 -38.3767 -39.5258 28.1499 
-39.1167 -38.4444 28.2883 -39.1588 -38.576 28.3685 -39.0711 -39.124 28.4244 
-38.9053 -39.444 28.4905 -39.061 -39.2428 28.6142 -39.1433 -38.9921 28.5711 
-39.1831 -38.6172 28.5767 -39.1905 -38.7853 28.6343 -37.6222 -37.5075 28.4592 
-37.441 -37.588 28.44 -37.3874 -37.73 28.3605 -38.2418 -37.5223 28.6986 
-38.4279 -37.6311 28.7376 -37.6316 -37.35 28.7123 -37.893 -37.3235 28.8663 
-38.1001 -37.4357 28.7713 -37.2435 -37.8868 28.4466 -37.1816 -38.1696 28.4464 
-37.1542 -38.4305 28.4462 -37.2285 -38.6263 28.3225 -38.6467 -37.7654 28.9112 
-38.9562 -38.0912 28.8811 -39.0687 -38.2719 28.6933 -38.8238 -37.9171 29.064 
-39.1419 -38.4418 28.5163 -38.4632 -39.6492 28.305 -38.7899 -39.5019 28.3595 
-38.6002 -39.6964 28.4552 -38.7641 -39.5989 28.4839 -37.6508 -39.4153 28.1294 
-37.7239 -39.6262 28.2521 -38.0012 -39.6631 28.2426 -38.2598 -39.6687 28.267 
-39.0002 -39.4392 28.7601 -38.8698 -39.6186 28.7575 -39.0957 -39.3032 28.9532 
-39.1591 -39.0809 28.891 -39.1981 -38.8543 28.8686 -39.1552 -38.452 28.7852 
-39.1979 -38.6455 28.844 -37.3928 -37.4716 28.6206 -37.2922 -37.6526 28.5212 
-38.3029 -37.5039 28.9164 -38.5006 -37.6185 29.0641 -37.5519 -37.2494 28.8598 
-37.6945 -37.2514 28.8821 -37.4037 -37.316 28.8155 -37.7947 -37.2203 29.033 
-37.9836 -37.2725 29.123 -38.1418 -37.3837 29.0327 -37.1322 -37.7526 28.6485 
-37.0808 -38.0111 28.6408 -37.0646 -38.2857 28.6246 -37.1379 -38.5551 28.4659 
-37.0828 -38.5103 28.5711 -37.076 -38.4943 28.5851 -38.6824 -37.7561 29.2271 
-38.9682 -38.0856 29.1967 -39.0785 -38.2696 28.9958 -38.838 -37.9105 29.3778 
-38.4013 -39.778 28.4483 -38.5614 -39.8325 28.6522 -38.7162 -39.7248 28.6364 
-37.6254 -39.4538 28.1652 -37.5366 -39.5822 28.3013 -37.6074 -39.7805 28.4012 
-37.874 -39.8088 28.3887 -38.1512 -39.8133 28.4157 -39.0059 -39.5064 29.0197 
-38.729 -39.807 28.8649 -38.8861 -39.7019 29.0892 -39.1033 -39.3413 29.2601 
-39.1671 -39.1232 29.2055 -39.2006 -38.8968 29.1639 -39.1993 -38.674 29.1276 
-39.159 -38.464 29.0761 -37.2053 -37.5696 28.6748 -37.2047 -37.4317 28.8149 
-38.351 -37.4823 29.2043 -38.5381 -37.6083 29.3673 -37.6069 -37.1961 29.0025 
-37.4465 -37.2231 28.9585 -37.2426 -37.2758 29.0142 -37.7091 -37.1676 29.1861 
-37.8717 -37.2011 29.1961 -37.9925 -37.2357 29.3052 -38.175 -37.3422 29.3391 
-37.0533 -37.6095 28.8221 -36.974 -37.8495 28.8299 -36.9322 -38.1606 28.8729 
-37.0055 -38.4378 28.7464 -36.9866 -38.4259 28.7822 -37.0753 -38.5035 28.587 
-37.0584 -38.4881 28.6249 -38.6964 -37.7458 29.534 -38.9695 -38.0828 29.504 
-39.0792 -38.2712 29.3002 -38.8392 -37.9041 29.6858 -38.3206 -39.9408 28.6474 
-38.5401 -39.9755 28.9007 -37.4989 -39.641 28.3554 -37.4656 -39.7668 28.4403 
-37.4965 -39.9154 28.54 -37.7444 -39.9505 28.5339 -38.024 -39.9597 28.5651 
-39.0124 -39.5471 29.3257 -38.736 -39.9098 29.1831 -38.9012 -39.7441 29.4083 
-39.1034 -39.3575 29.5644 -39.1666 -39.1414 29.5108 -39.1986 -38.9165 29.467 
-39.1955 -38.6907 29.4254 -39.1556 -38.4736 29.3738 -36.9967 -37.4414 29.0197 
-38.3954 -37.4753 29.5 -38.556 -37.5979 29.646 -37.4643 -37.1695 29.1706 
-37.0508 -37.2834 29.1567 -37.2109 -37.1875 29.2624 -37.6579 -37.1368 29.4014 
-37.8594 -37.1777 29.3649 -38.0427 -37.2428 29.5187 -38.2634 -37.3626 29.6951 
-36.8752 -37.6843 29.001 -36.8215 -37.9237 29.0232 -36.7513 -38.1357 29.1498 
-36.8206 -38.3489 29.1047 -36.8865 -38.3662 29.0063 -38.6847 -37.7218 29.8579 
-38.967 -38.0838 29.804 -39.0748 -38.273 29.6007 -38.842 -37.9094 29.9885 
-38.1562 -40.0887 28.7637 -38.3564 -40.0674 28.8442 -38.4404 -40.1107 28.9936 
-38.565 -40.0851 29.1585 -37.4388 -39.8068 28.4793 -37.3765 -39.8649 28.5566 
-37.3383 -40.0135 28.6974 -37.604 -40.0805 28.6815 -37.884 -40.1009 28.7082 
-39.0157 -39.5626 29.6331 -38.6698 -40.0522 29.3691 -38.7911 -39.9258 29.5171 
-38.9129 -39.7567 29.721 -39.0998 -39.3595 29.8632 -39.162 -39.1463 29.8082 
-39.1935 -38.9244 29.7647 -39.1896 -38.6992 29.723 -39.1495 -38.4796 29.6714 
-36.8915 -37.3581 29.2141 -36.7571 -37.5439 29.2029 -38.4419 -37.4893 29.7316 
-38.5395 -37.5696 29.8563 -37.4181 -37.1236 29.449 -36.9854 -37.2373 29.3458 
-37.1712 -37.1415 29.5172 -37.6385 -37.114 29.6675 -37.8587 -37.1639 29.606 
-38.0642 -37.238 29.8038 -38.2477 -37.3366 30.0115 -38.4179 -37.4629 29.9423 
-36.7176 -37.789 29.1547 -36.7189 -37.9472 29.1492 -36.7041 -38.3086 29.293 
-36.722 -38.3089 29.2702 -36.6033 -38.1736 29.358 -36.6085 -37.9487 29.2795 
-38.565 -37.5957 30.084 -38.7167 -37.7593 30.1742 -38.9653 -38.0926 30.0975 
-39.0695 -38.2778 29.8961 -38.8489 -37.9279 30.2755 -38.0377 -40.2368 28.9214 
-38.2804 -40.1741 28.9527 -38.4092 -40.2038 29.1422 -38.5309 -40.1995 29.3881 
-37.3318 -39.9162 28.6205 -37.2857 -39.9478 28.6946 -37.2538 -40.0036 28.7479 
-37.2332 -40.1602 28.869 -37.4617 -40.2077 28.8384 -37.738 -40.2354 28.8557 
-39.0145 -39.5631 29.9354 -38.6769 -40.0956 29.6132 -38.8001 -39.9454 29.8229 
-38.9136 -39.7581 30.0273 -39.0941 -39.3552 30.1568 -39.1556 -39.1457 30.0975 
-39.1872 -38.9293 30.0529 -39.1834 -38.7074 30.0145 -39.1431 -38.4872 29.9654 
-36.7462 -37.3561 29.417 -36.5895 -37.5332 29.3847 -36.5823 -37.7141 29.3101 
-37.396 -37.0964 29.7269 -36.9264 -37.1959 29.5926 -37.145 -37.1116 29.7926 
-37.6312 -37.1024 29.9529 -37.859 -37.1538 29.8845 -38.0612 -37.2294 30.0896 
-38.2185 -37.3177 30.2588 -38.4026 -37.4543 30.2541 -36.6142 -38.3036 29.4175 
-36.4768 -38.0386 29.4348 -36.4361 -38.2345 29.5555 -36.5568 -38.3108 29.4779 
-36.4474 -37.8493 29.4268 -38.5915 -37.6328 30.3989 -38.7401 -37.7969 30.4192 
-38.9622 -38.1076 30.3909 -39.0649 -38.2893 30.1884 -38.8389 -37.9355 30.5572 
-37.8689 -40.3647 29.0474 -38.0749 -40.3495 29.0967 -38.2313 -40.2845 29.0984 
-38.3455 -40.3159 29.2966 -38.4257 -40.3307 29.497 -38.5521 -40.2551 29.6633 
-37.2027 -40.0989 28.8477 -37.1758 -40.1378 28.8986 -37.1449 -40.2548 29.0066 
-37.3237 -40.3246 28.9995 -37.5877 -40.3657 29.0151 -39.0102 -39.5574 30.2332 
-38.6666 -40.1517 29.9302 -38.8023 -39.9509 30.1416 -38.9123 -39.7509 30.3294 
-39.0883 -39.3493 30.4485 -39.1487 -39.1415 30.3828 -39.1808 -38.935 30.3273 
-39.1782 -38.7228 30.2948 -39.1381 -38.5021 30.2579 -36.4908 -37.4471 29.5891 
-36.6876 -37.268 29.6886 -36.4425 -37.6495 29.4689 -37.386 -37.0829 30.0155 
-36.8926 -37.1541 29.8695 -37.1324 -37.093 30.0838 -37.6246 -37.1016 30.2449 
-37.856 -37.1524 30.1742 -38.06 -37.2379 30.3741 -38.2673 -37.3694 30.5395 
-38.4506 -37.5045 30.5214 -36.3044 -37.9805 29.5722 -36.2123 -38.1762 29.6961 
-36.2475 -38.3471 29.7675 -36.3267 -38.3401 29.7017 -36.4809 -38.3271 29.5712 
-36.3222 -37.7732 29.5442 -38.5419 -37.598 30.6482 -38.6826 -37.7528 30.6799 
-38.9581 -38.1288 30.7144 -39.0618 -38.3088 30.48 -38.8142 -37.9287 30.8468 
-37.7485 -40.504 29.2311 -38.0188 -40.4416 29.2355 -38.188 -40.3766 29.2295 
-38.2282 -40.4497 29.4604 -38.4209 -40.3938 29.6949 -38.5369 -40.3175 29.8666 
-37.1278 -40.221 28.9962 -37.1125 -40.2501 29.0373 -37.1673 -40.3901 29.1567 
-37.4174 -40.4944 29.201 -39.0062 -39.5506 30.5277 -38.5667 -40.3159 30.1043 
-38.6874 -40.1473 30.3053 -38.8121 -39.9322 30.4478 -38.912 -39.7413 30.6226 
-39.0843 -39.3448 30.7415 -39.1428 -39.1353 30.6724 -39.1726 -38.9246 30.6042 
-39.1758 -38.7545 30.5244 -39.1357 -38.5301 30.5673 -36.2992 -37.6153 29.6294 
-36.2743 -37.4576 29.8285 -36.4927 -37.3227 29.8023 -36.6516 -37.2123 29.9423 
-37.3813 -37.0797 30.3052 -36.8621 -37.1277 30.1783 -37.1411 -37.0833 30.3724 
-37.6076 -37.1077 30.531 -37.8439 -37.1605 30.4712 -38.0446 -37.2537 30.6752 
-38.4093 -37.4928 30.7574 -38.2127 -37.3708 30.9074 -36.172 -37.7864 29.6769 
-36.1095 -37.9993 29.722 -36.0644 -38.155 29.7826 -36.1213 -38.2582 29.7869 
-36.2136 -38.3563 29.7901 -38.5435 -37.6273 30.8829 -38.6747 -37.778 31.0033 
-38.9057 -38.0659 30.9845 -39.0639 -38.3303 30.7237 -39.0175 -38.2577 30.9873 
-38.797 -37.9331 31.1323 -37.5852 -40.6233 29.3829 -37.7941 -40.6154 29.4152 
-37.9727 -40.5514 29.4077 -38.0985 -40.5963 29.6185 -38.2871 -40.5246 29.7538 
-38.4381 -40.4422 29.942 -37.0894 -40.312 29.1437 -37.0592 -40.3989 29.2798 
-37.198 -40.5444 29.336 -37.3727 -40.6248 29.3834 -39.0037 -39.5458 30.8205 
-38.4565 -40.4814 30.2325 -38.5782 -40.3288 30.3446 -38.7344 -40.0727 30.5771 
-38.6315 -40.2601 30.5932 -38.8174 -39.9188 30.7274 -38.9108 -39.7369 30.911 
-39.0827 -39.3418 31.0373 -39.1398 -39.1316 30.9687 -39.1658 -38.912 30.9014 
-39.1553 -38.6742 30.8122 -39.1048 -38.4493 30.8399 -36.1708 -37.6197 29.7442 
-36.1003 -37.5804 29.8565 -36.0751 -37.4905 30.0483 -36.2431 -37.3783 30.0276 
-36.418 -37.2886 30.0272 -36.612 -37.1881 30.1561 -37.374 -37.0837 30.5805 
-36.6914 -37.1467 30.4178 -36.9473 -37.0991 30.4561 -37.1462 -37.0837 30.6433 
-37.5657 -37.1125 30.765 -37.8063 -37.1715 30.7898 -38.0082 -37.259 30.9323 
-38.3914 -37.5135 31.0385 -38.0501 -37.3148 31.1981 -38.2483 -37.4284 31.187 
-36.0713 -37.6963 29.792 -36.005 -37.8447 29.8127 -35.9504 -38.0439 29.8492 
-35.9636 -38.2728 29.9012 -36.1693 -38.3648 29.825 -38.525 -37.6487 31.1746 
-38.6565 -37.795 31.3056 -38.9126 -38.0979 31.2278 -39.0191 -38.2841 31.3047 
-39.1024 -38.4714 31.0819 -38.7866 -37.9498 31.4194 -37.4627 -40.7332 29.5759 
-37.7394 -40.7025 29.5688 -37.9189 -40.646 29.5445 -37.9686 -40.717 29.7618 
-38.1716 -40.6358 29.8249 -38.3098 -40.5842 30.001 -37.0447 -40.4402 29.3511 
-37.2464 -40.6684 29.4904 -37.0701 -40.6055 29.5125 -39.0026 -39.5423 31.1151 
-38.301 -40.663 30.2486 -38.5287 -40.4228 30.4788 -38.4243 -40.5767 30.4979 
-38.7229 -40.097 30.8182 -38.5305 -40.4483 30.7133 -38.6269 -40.2862 30.9074 
-38.814 -39.9226 31.0075 -38.9088 -39.7346 31.2039 -39.0824 -39.3376 31.3352 
-39.1392 -39.1297 31.2685 -39.164 -38.913 31.2065 -39.152 -38.6912 31.1411 
-35.9703 -37.6825 29.9279 -35.9505 -37.4357 30.3699 -35.8151 -37.6497 30.1485 
-36.2445 -37.32 30.2479 -36.4724 -37.2206 30.2606 -37.3715 -37.0966 30.8502 
-36.6439 -37.1432 30.7332 -36.4301 -37.2107 30.4954 -36.904 -37.1033 30.6871 
-37.1284 -37.0917 30.9131 -37.628 -37.1489 31.0466 -37.8714 -37.2173 31.0595 
-38.3654 -37.5335 31.3204 -37.8117 -37.2248 31.2968 -37.9519 -37.3091 31.5098 
-38.1799 -37.4267 31.4612 -35.8264 -37.8775 29.974 -35.7946 -38.1034 29.9642 
-35.7599 -38.2527 30.0081 -35.7653 -38.4145 30.0929 -36.0109 -38.4059 29.9581 
-35.8542 -38.4417 30.0627 -38.4853 -37.6604 31.5034 -38.6408 -37.8145 31.6017 
-38.9076 -38.1148 31.5197 -39.0157 -38.295 31.6047 -39.1017 -38.4853 31.3805 
-38.7678 -37.9603 31.719 -37.188 -40.7722 29.7103 -37.4462 -40.8441 29.782 
-37.7043 -40.8197 29.7999 -37.9565 -40.8379 30.0189 -38.1505 -40.7156 30.0109 
-37.0223 -40.4825 29.417 -36.9869 -40.5549 29.5457 -36.9716 -40.653 29.6849 
-39.0015 -39.5353 31.4135 -38.1432 -40.8055 30.2314 -38.2691 -40.7733 30.5159 
-38.4196 -40.6387 30.7827 -38.7178 -40.1101 31.1054 -38.5307 -40.4805 31.0037 
-38.6247 -40.3022 31.2056 -38.8108 -39.9229 31.3008 -38.9063 -39.7257 31.5037 
-39.0813 -39.3294 31.6312 -39.1379 -39.1266 31.5674 -39.1625 -38.9119 31.5106 
-39.1506 -38.6957 31.4482 -35.7048 -37.5714 30.3692 -35.7229 -37.4558 30.6164 
-35.9679 -37.3467 30.643 -36.1782 -37.2867 30.5626 -35.6525 -37.8424 30.1365 
-35.6009 -37.7103 30.2749 -37.3541 -37.1109 31.1305 -36.6023 -37.1399 31.0605 
-36.3832 -37.1982 30.7868 -36.8754 -37.1059 30.973 -37.1085 -37.0978 31.1873 
-37.5561 -37.161 31.3913 -38.3239 -37.5381 31.557 -37.7577 -37.2309 31.5375 
-37.8106 -37.2856 31.7935 -38.0521 -37.3956 31.7401 -38.217 -37.4867 31.6986 
-35.6808 -37.999 30.053 -35.6555 -38.1582 30.0638 -35.6738 -38.2814 30.073 
-35.584 -38.488 30.2508 -35.7475 -38.4639 30.1373 -35.5668 -38.4758 30.2526 
-35.56 -38.2718 30.1731 -35.7938 -38.4543 30.109 -38.3438 -37.5935 31.7964 
-38.5064 -37.7154 31.7678 -38.6103 -37.8239 31.8864 -38.8935 -38.1231 31.8195 
-39.006 -38.2992 31.8949 -39.0976 -38.4877 31.6799 -38.7245 -37.9615 32.0468 
-37.1219 -40.8871 29.921 -36.9513 -40.7742 29.8839 -37.3272 -40.9181 29.9249 
-37.5761 -40.9256 29.9564 -37.7749 -40.9103 30.0062 -37.8897 -40.934 30.1448 
-38.0161 -40.9004 30.2226 -36.9547 -40.6106 29.6519 -36.945 -40.6338 29.7043 
-38.9993 -39.518 31.7174 -38.1087 -40.8916 30.3841 -38.1267 -40.9458 30.6061 
-38.2938 -40.8359 30.8529 -38.4297 -40.6797 31.0936 -38.7148 -40.1115 31.4033 
-38.5345 -40.4978 31.3046 -38.6235 -40.3033 31.507 -38.8074 -39.9123 31.601 
-38.9009 -39.7064 31.8072 -39.0786 -39.3132 31.9131 -39.1334 -39.1269 31.8531 
-39.1558 -38.9114 31.8139 -39.1441 -38.6919 31.7558 -35.4789 -37.6601 30.4703 
-35.4231 -37.5233 30.7617 -35.6927 -37.3854 30.9145 -35.8891 -37.3387 30.824 
-36.128 -37.2596 30.8646 -35.5259 -37.8361 30.2448 -35.5389 -38.0185 30.1801 
-35.4916 -37.7631 30.3269 -37.3033 -37.1157 31.3695 -36.3462 -37.1901 31.027 
-36.4355 -37.1624 31.3048 -36.684 -37.1202 31.3494 -36.8744 -37.1046 31.2624 
-37.1073 -37.1046 31.4639 -37.6182 -37.1996 31.6637 -37.3702 -37.1423 31.6536 
-37.5609 -37.2077 31.9104 -37.7269 -37.2958 32.1209 -37.9578 -37.3926 32.0255 
-38.1579 -37.4894 31.9248 -35.5702 -38.4897 30.2604 -35.4173 -38.3633 30.3159 
-35.4125 -38.4903 30.3932 -35.542 -38.4903 30.2822 -35.3818 -38.1473 30.3121 
-38.2574 -37.5815 32.0648 -38.4284 -37.7 32.0396 -38.5611 -37.8182 32.1175 
-38.8805 -38.1415 32.1005 -38.9865 -38.3047 32.1593 -39.0837 -38.4809 31.971 
-38.5725 -37.8775 32.3138 -38.734 -38.032 32.3246 -37.0104 -40.9131 30.0256 
-37.1946 -41.0012 30.1127 -36.9274 -40.7335 29.8695 -36.9179 -40.7613 29.9154 
-36.8956 -40.8484 30.0382 -37.4819 -41.0162 30.1329 -37.7288 -40.9873 30.1546 
-37.9373 -40.9877 30.3554 -38.9937 -39.4766 32.0477 -37.9427 -41.0942 30.6282 
-38.145 -41.0334 30.907 -38.3159 -40.8919 31.198 -38.4463 -40.6902 31.4004 
-38.7123 -40.096 31.71 -38.5368 -40.4974 31.6038 -38.6203 -40.288 31.8135 
-38.8029 -39.8883 31.8956 -38.8823 -39.6956 32.0871 -39.0788 -39.2781 32.129 
-39.1242 -39.1371 32.0954 -39.144 -38.9375 32.0927 -39.1222 -38.6807 32.0918 
-35.2908 -37.6627 30.6104 -35.2665 -37.7961 30.5104 -35.4037 -37.8855 30.349 
-35.1442 -37.6584 30.7381 -35.194 -37.4985 31.0087 -35.4892 -37.4185 31.0185 
-35.7039 -37.3398 31.1925 -35.9596 -37.2846 31.1007 -36.2061 -37.2177 31.1316 
-36.4091 -37.1651 31.6185 -36.1848 -37.2159 31.3734 -36.646 -37.1246 31.5828 
-36.8775 -37.1041 31.5395 -37.1004 -37.1118 31.7544 -37.3108 -37.1495 31.9843 
-37.4915 -37.2145 32.2018 -37.6319 -37.3012 32.4027 -37.877 -37.4095 32.3377 
-38.0929 -37.5018 32.1924 -35.2201 -38.3117 30.4579 -35.3522 -38.4905 30.4458 
-35.2192 -38.0218 30.4602 -38.2486 -37.6396 32.3391 -38.4459 -37.758 32.2652 
-38.8731 -38.1771 32.313 -38.9389 -38.3238 32.4193 -39.0524 -38.4584 32.2126 
-38.4046 -37.7863 32.4693 -38.5378 -37.955 32.5998 -38.768 -38.1345 32.5148 
-36.8923 -40.8656 30.0653 -36.9708 -40.981 30.1913 -37.128 -41.1029 30.338 
-37.3886 -41.1137 30.3271 -37.69 -41.0919 30.3825 -39.0376 -39.2952 32.3099 
-38.9294 -39.5123 32.358 -37.7641 -41.1755 30.5972 -37.8735 -41.1935 30.7376 
-37.9957 -41.1567 30.8432 -38.0644 -41.1668 31.0471 -38.1952 -41.0669 31.1734 
-38.3751 -40.8438 31.496 -38.2608 -41.0275 31.442 -38.4536 -40.6864 31.6885 
-38.7129 -40.0503 32.0471 -38.5322 -40.4857 31.899 -38.6086 -40.2722 32.114 
-38.8037 -39.849 32.1263 -38.847 -39.7244 32.2801 -39.1023 -39.1633 32.261 
-39.1241 -39.0048 32.3017 -39.1071 -38.779 32.3718 -39.0504 -38.5433 32.3855 
-35.1858 -37.735 30.6094 -35.0795 -37.8669 30.612 -34.9812 -37.6266 30.8673 
-34.9194 -37.7754 30.7574 -34.9087 -37.5678 30.9953 -34.9598 -37.4717 31.2207 
-35.2474 -37.4158 31.2903 -35.4608 -37.387 31.2437 -35.7021 -37.322 31.4769 
-35.9437 -37.2718 31.4229 -36.4018 -37.1706 31.9115 -36.1783 -37.216 31.6711 
-36.6263 -37.1299 31.8649 -36.8586 -37.1081 31.8163 -37.0644 -37.1174 32.0444 
-37.2476 -37.1596 32.3013 -37.4375 -37.2261 32.4346 -37.4883 -37.3054 32.6586 
-37.7454 -37.4074 32.5935 -38.0426 -37.5208 32.4103 -37.9229 -37.4863 32.5418 
-35.0258 -38.1376 30.5782 -34.9987 -38.3833 30.6133 -35.1606 -38.495 30.553 
-35.1337 -38.496 30.5694 -38.0659 -37.5929 32.5817 -38.2412 -37.7194 32.6048 
-38.9544 -38.4449 32.5816 -38.7896 -38.2734 32.6988 -38.3708 -37.8144 32.6185 
-38.6787 -38.1082 32.6632 -38.5907 -38.1105 32.7868 -38.3893 -37.9838 32.8472 
-38.2974 -37.8306 32.7423 -36.8914 -40.8716 30.0771 -36.8872 -40.93 30.2135 
-36.8946 -41.0572 30.4262 -37.0794 -41.1849 30.5174 -37.2985 -41.2085 30.5187 
-37.5596 -41.198 30.5388 -39.0767 -39.1046 32.4393 -38.9768 -39.2337 32.5883 
-38.8349 -39.6808 32.497 -38.8841 -39.4697 32.6584 -37.7206 -41.2467 30.7357 
-37.8956 -41.2383 30.9117 -37.9517 -41.2775 31.188 -38.1311 -41.1595 31.2657 
-38.3611 -40.8799 31.7343 -38.1235 -41.2033 31.4755 -38.2507 -41.0765 31.7328 
-38.4453 -40.6824 31.982 -38.7711 -39.873 32.3172 -38.6778 -40.0669 32.3526 
-38.5239 -40.4626 32.1868 -38.5894 -40.2656 32.3838 -39.0919 -38.9236 32.5062 
-39.0255 -38.6233 32.5816 -39.0661 -38.781 32.5829 -34.8642 -37.9938 30.6943 
-34.7902 -37.6919 30.8865 -34.7192 -37.8709 30.8067 -34.6709 -37.6076 31.0481 
-34.6538 -37.4793 31.2712 -34.9099 -37.404 31.4989 -35.1951 -37.3919 31.5066 
-35.4577 -37.3618 31.5088 -35.7115 -37.3164 31.7765 -35.9526 -37.2685 31.7322 
-36.3978 -37.1808 32.1798 -36.1928 -37.2191 31.9653 -36.6124 -37.141 32.1507 
-36.8356 -37.1155 32.0936 -37.0141 -37.1253 32.2802 -37.3036 -37.2052 32.5516 
-37.0763 -37.1626 32.5469 -37.2467 -37.2398 32.7556 -37.3729 -37.384 32.9577 
-37.6634 -37.4593 32.8205 -37.882 -37.5331 32.7182 -34.8285 -38.2378 30.6937 
-34.9996 -38.5 30.6631 -34.8681 -38.5039 30.7414 -34.8093 -38.4764 30.7638 
-38.0629 -37.6974 32.794 -38.8912 -38.5072 32.7667 -38.7683 -38.3757 32.8612 
-38.6412 -38.259 32.8947 -38.4756 -38.1372 32.9346 -38.1856 -37.8642 32.9009 
-38.2419 -38.054 33.032 -36.8729 -41.0171 30.3849 -36.8714 -41.0373 30.4304 
-36.9473 -41.1975 30.6347 -36.8671 -41.0608 30.4732 -37.1808 -41.2954 30.7288 
-37.4846 -41.2884 30.7286 -39.0356 -39.0181 32.6154 -38.9144 -38.9637 32.8228 
-38.8701 -39.2743 32.8468 -38.7432 -39.8561 32.5853 -38.804 -39.6413 32.7501 
-38.8321 -39.47 32.8569 -37.7072 -41.3206 30.9479 -37.7167 -41.4129 31.2058 
-37.9497 -41.3663 31.4835 -38.3395 -40.9149 32.0477 -38.1294 -41.2504 31.738 
-38.2331 -41.1287 31.9462 -38.4446 -40.6357 32.3255 -38.6403 -40.0775 32.66 
-38.5242 -40.4201 32.4142 -38.5639 -40.2902 32.5724 -39.0353 -38.8791 32.6642 
-38.9787 -38.7312 32.733 -34.6704 -38.0902 30.7795 -34.6107 -37.7675 30.9122 
-34.5253 -37.9442 30.8779 -34.4488 -37.5847 31.1376 -34.4092 -37.7667 31.0044 
-34.3785 -37.4784 31.2974 -34.6199 -37.3909 31.5078 -34.8961 -37.3584 31.7724 
-35.1764 -37.368 31.779 -35.4494 -37.3524 31.7855 -35.7159 -37.3211 32.0806 
-35.9963 -37.2684 32.0771 -36.2308 -37.2193 32.2002 -36.3626 -37.198 32.3662 
-36.5789 -37.1653 32.447 -36.8272 -37.134 32.3722 -36.8274 -37.1668 32.6603 
-37.039 -37.2098 32.8243 -37.1835 -37.2666 32.9102 -37.4553 -37.5731 33.1595 
-37.2233 -37.4601 33.1797 -37.069 -37.3032 33.0423 -37.6573 -37.5868 33.019 
-37.8395 -37.6046 32.8885 -34.6506 -38.3124 30.7984 -34.8177 -38.5016 30.7794 
-34.654 -38.4979 30.8589 -34.7801 -38.5027 30.7942 -34.6341 -38.4713 30.8545 
-37.9448 -37.7934 33.0162 -38.7828 -38.4886 32.917 -38.8373 -38.6669 32.9031 
-38.6821 -38.3885 32.9616 -38.4966 -38.3141 33.0433 -37.9613 -38.0279 33.1963 
-38.2381 -38.2972 33.1958 -36.8588 -41.1448 30.655 -36.9011 -41.3041 30.8845 
-37.1672 -41.4043 30.9413 -37.4382 -41.3957 30.9652 -38.6967 -38.8007 33.076 
-38.7605 -39.1192 33.0574 -38.7729 -39.3844 33.0297 -38.7078 -39.7921 32.9089 
-38.7727 -39.5725 32.9472 -37.5126 -41.4826 31.1716 -37.6345 -41.5071 31.3177 
-37.7774 -41.4746 31.4193 -37.8656 -41.4779 31.5955 -38.008 -41.4009 31.7804 
-38.2555 -41.0899 32.1975 -38.3465 -40.8678 32.4016 -38.1463 -41.2707 32.0051 
-38.5018 -40.4438 32.6032 -38.4228 -40.6419 32.6389 -38.5631 -40.2477 32.7991 
-38.6182 -40.0271 33.0009 -34.4883 -38.1753 30.8737 -34.3191 -38.0152 30.9649 
-34.1982 -37.6474 31.1434 -34.1825 -37.8553 31.0464 -34.1085 -37.4851 31.3043 
-34.3131 -37.3544 31.5187 -34.6162 -37.3222 31.7717 -34.9014 -37.3284 32.0637 
-35.1764 -37.3535 32.069 -35.4481 -37.3502 32.0774 -35.713 -37.3324 32.3767 
-35.9664 -37.2899 32.3745 -36.1945 -37.2389 32.3803 -36.3953 -37.2085 32.5787 
-36.6069 -37.1928 32.7498 -36.8131 -37.2236 32.9433 -37.3326 -37.6087 33.2706 
-37.483 -37.7072 33.2668 -37.6858 -37.7754 33.1883 -36.9834 -37.4087 33.2375 
-37.1418 -37.5845 33.3293 -36.8642 -37.2984 33.1357 -34.5123 -38.3727 30.8941 
-34.6053 -38.4935 30.8914 -34.5145 -38.4821 30.9584 -38.6738 -38.533 33.0249 
-38.4823 -38.5555 33.1716 -37.7448 -37.9579 33.2822 -37.8613 -38.1177 33.3089 
-38.0272 -38.2335 33.2836 -38.1421 -38.3961 33.3051 -38.2966 -38.5051 33.2724 
-36.8451 -41.2225 30.8113 -36.8393 -41.2617 30.8904 -36.8326 -41.2987 30.9572 
-36.85 -41.4301 31.1038 -37.0507 -41.4745 31.0853 -37.3028 -41.493 31.1126 
-38.5252 -38.7717 33.2317 -38.591 -38.9883 33.2386 -38.6297 -39.2897 33.2614 
-38.6903 -39.5664 33.1441 -38.6267 -39.8002 33.231 -37.4607 -41.558 31.3114 
-37.678 -41.5646 31.5259 -37.8632 -41.5391 31.7901 -38.0257 -41.4464 32.0774 
-38.1669 -41.2579 32.2845 -38.2602 -41.0601 32.4893 -38.3382 -40.8435 32.7049 
-38.4895 -40.4322 32.8682 -38.41 -40.6273 32.9291 -38.5489 -40.2264 33.0828 
-38.579 -40.0272 33.3003 -34.3003 -38.2917 30.9993 -34.0731 -38.0617 31.0686 
-33.979 -37.6233 31.2035 -33.9791 -37.8109 31.1272 -33.8454 -37.5273 31.3194 
-34.0112 -37.362 31.4529 -34.1376 -37.2639 31.6364 -34.376 -37.2649 31.7773 
-34.6156 -37.2725 32.0656 -34.9239 -37.3153 32.3754 -35.1857 -37.3475 32.3696 
-35.4511 -37.3533 32.3735 -35.7105 -37.3475 32.6634 -35.9609 -37.3112 32.6543 
-36.1926 -37.26 32.6301 -36.4087 -37.2364 32.8263 -36.5921 -37.2304 32.9567 
-36.6727 -37.2835 33.1221 -37.3818 -37.7919 33.3623 -37.5845 -37.8478 33.303 
-36.778 -37.3684 33.2516 -36.832 -37.5482 33.399 -37.1187 -37.7839 33.459 
-34.4475 -38.4762 31.0036 -38.3912 -38.6584 33.2841 -37.6506 -38.0523 33.375 
-37.9326 -38.3321 33.3755 -38.2001 -38.6027 33.3653 -36.8112 -41.3962 31.1058 
-36.7979 -41.4433 31.1738 -36.9339 -41.5622 31.2808 -37.2097 -41.5827 31.2822 
-38.407 -38.8339 33.3392 -38.443 -39.0853 33.4081 -38.4908 -39.3068 33.4544 
-38.5516 -39.5462 33.4345 -38.5376 -39.841 33.5582 -37.4195 -41.6654 31.5277 
-37.6764 -41.6721 31.7739 -37.8616 -41.6211 32.0101 -38.0912 -41.3975 32.3677 
-37.9671 -41.578 32.3093 -38.1747 -41.2399 32.5633 -38.2539 -41.0353 32.7774 
-38.3272 -40.8221 32.9907 -38.4772 -40.4193 33.1523 -38.3962 -40.6175 33.2173 
-38.5289 -40.2224 33.3629 -38.5438 -40.06 33.5369 -34.0417 -38.3064 31.1309 
-34.1752 -38.4695 31.1455 -34.212 -38.4701 31.1281 -33.8814 -37.9791 31.1425 
-33.8797 -38.1646 31.1703 -33.8356 -37.7039 31.2129 -33.8013 -37.8481 31.1895 
-33.7883 -37.3655 31.469 -33.639 -37.4946 31.4095 -33.6438 -37.7559 31.3137 
-33.9289 -37.2749 31.5811 -34.006 -37.2047 31.7812 -34.2198 -37.215 31.8109 
-34.372 -37.2215 31.9504 -34.4351 -37.2147 32.1778 -34.6876 -37.2657 32.4126 
-34.949 -37.3147 32.6904 -35.196 -37.3488 32.6722 -35.453 -37.3607 32.6664 
-35.6992 -37.3678 32.933 -35.9506 -37.3422 32.9215 -36.1961 -37.2945 32.8921 
-36.4372 -37.2882 33.0589 -36.5355 -37.3937 33.2851 -37.3924 -38.0378 33.4753 
-36.5346 -37.5356 33.4651 -36.6776 -37.6908 33.5512 -36.8994 -37.7456 33.5185 
-37.0263 -37.8853 33.5475 -37.1817 -37.9777 33.532 -37.6763 -38.3183 33.4797 
-37.9614 -38.6007 33.4783 -38.222 -38.8599 33.4636 -36.7917 -41.4796 31.2477 
-36.7807 -41.5567 31.3996 -36.9104 -41.6725 31.4699 -37.1234 -41.6844 31.4637 
-38.2866 -39.0635 33.5238 -38.3716 -39.2055 33.5302 -38.3759 -39.3769 33.6043 
-38.3968 -39.62 33.7383 -38.4538 -39.8256 33.824 -38.4968 -40.0139 33.7945 
-37.284 -41.7822 31.6764 -37.4952 -41.7554 31.7419 -37.6161 -41.7734 31.891 
-37.7411 -41.7292 31.9808 -37.8278 -41.7107 32.1501 -38.0781 -41.4285 32.6022 
-37.8418 -41.7569 32.3628 -37.9699 -41.6268 32.6048 -38.1656 -41.2285 32.8529 
-38.246 -41.0061 33.0601 -38.3143 -40.8103 33.2547 -38.4604 -40.4131 33.4447 
-38.3706 -40.6364 33.5259 -38.5033 -40.2134 33.6387 -33.8891 -38.3129 31.2098 
-33.9455 -38.4629 31.2705 -33.952 -38.4637 31.2673 -33.733 -38.0146 31.2342 
-33.7118 -38.2841 31.3214 -33.7325 -37.2712 31.6553 -33.6286 -37.3741 31.5072 
-33.5416 -37.4457 31.4822 -33.4521 -37.594 31.4742 -33.3973 -37.8699 31.4446 
-33.5433 -38.0508 31.3597 -33.8104 -37.1853 31.8744 -34.0145 -37.155 32.0326 
-34.2148 -37.1847 31.9859 -34.2388 -37.1672 32.2394 -34.4746 -37.2113 32.4711 
-34.7181 -37.2662 32.7271 -34.9575 -37.3176 32.9905 -35.1963 -37.3547 32.9651 
-35.4479 -37.373 32.9502 -35.6885 -37.3982 33.1952 -35.9072 -37.379 33.1342 
-36.1899 -37.3643 33.1714 -36.2886 -37.4711 33.4197 -37.2949 -38.1362 33.5552 
-37.4601 -38.2508 33.5385 -36.337 -37.6441 33.6098 -36.6135 -37.8635 33.6666 
-36.8565 -37.883 33.6001 -37.0907 -38.0863 33.607 -37.5805 -38.4209 33.5609 
-37.7514 -38.5399 33.5426 -37.8721 -38.7064 33.5657 -38.0355 -38.8161 33.5425 
-38.1438 -38.9693 33.5623 -36.7748 -41.5847 31.4474 -36.8016 -41.7239 31.6129 
-37.0246 -41.7849 31.6374 -38.1837 -39.1586 33.6364 -38.1639 -39.3916 33.8029 
-38.2211 -39.5995 33.9474 -38.3548 -39.7455 33.953 -38.3898 -39.9134 34.0354 
-38.468 -40.2016 33.9048 -38.4538 -40.0683 34.0059 -37.1923 -41.9105 31.8747 
-37.4554 -41.8444 31.8919 -37.6693 -41.8261 32.1074 -38.0594 -41.4625 32.9159 
-37.6888 -41.9382 32.4002 -37.8625 -41.8115 32.6274 -37.9602 -41.6804 32.8196 
-38.1657 -41.1815 33.1967 -38.2487 -40.963 33.2871 -38.2925 -40.8378 33.4451 
-38.4374 -40.401 33.7519 -38.2967 -40.8088 33.6754 -38.3606 -40.605 33.8748 
-33.9462 -38.4635 31.2706 -33.9442 -38.4634 31.2718 -33.9455 -38.4635 31.271 
-33.7365 -38.4383 31.4105 -33.4852 -38.245 31.439 -33.5155 -38.4192 31.5242 
-33.5297 -38.4264 31.5209 -33.4865 -37.389 31.6076 -33.5185 -37.2409 31.8809 
-33.2635 -37.5398 31.6316 -33.2672 -37.7436 31.5446 -33.3438 -38.1181 31.493 
-33.1959 -37.9658 31.5731 -33.7908 -37.1448 32.0896 -34.0239 -37.1309 32.2956 
-34.2588 -37.1606 32.5267 -34.4957 -37.2121 32.776 -34.7294 -37.2687 33.0313 
-34.9529 -37.3232 33.2754 -35.1804 -37.363 33.2365 -35.4246 -37.3908 33.22 
-35.6415 -37.4486 33.4806 -35.9766 -37.4407 33.3797 -36.1403 -37.5181 33.5238 
-37.3575 -38.3537 33.6181 -36.3776 -37.8631 33.7571 -36.1083 -37.7392 33.7868 
-35.9474 -37.5578 33.6368 -36.5922 -38.0667 33.7748 -36.8434 -38.0827 33.6884 
-37.0832 -38.3253 33.7035 -37.646 -38.6399 33.6298 -37.9315 -38.9111 33.638 
-36.7625 -41.6332 31.52 -36.7501 -41.6914 31.6233 -36.7354 -41.7491 31.7094 
-36.8852 -41.8807 31.8207 -37.9172 -39.1444 33.7798 -37.8986 -39.3264 33.9259 
-38.0578 -39.4853 33.9711 -38.022 -39.6258 34.1274 -38.242 -39.718 34.0606 
-38.318 -39.7983 34.0648 -38.3923 -40.0632 34.1454 -38.2819 -39.9938 34.2431 
-38.2148 -39.8212 34.174 -38.3882 -40.3734 34.088 -38.4226 -40.1737 34.0973 
-37.0318 -42.0213 32.0021 -37.2315 -42.0317 32.0648 -37.4459 -41.971 32.1242 
-37.9834 -41.6435 33.0669 -38.0674 -41.4208 33.2705 -37.5094 -42.0982 32.3931 
-37.6573 -42.0515 32.5272 -37.7639 -41.9924 32.7074 -37.8929 -41.8266 32.8892 
-38.2278 -40.9947 33.4781 -38.1453 -41.1999 33.5116 -38.2191 -41.0026 33.7489 
-38.2886 -40.8127 33.9649 -38.3233 -40.6357 34.2108 -33.3457 -38.3093 31.5622 
-33.3067 -38.398 31.662 -33.4996 -38.4232 31.5392 -33.5168 -38.4249 31.529 
-33.3253 -37.3782 31.7316 -33.1879 -37.3608 31.8703 -33.2676 -37.1965 32.1539 
-33.5834 -37.1438 32.1646 -33.2083 -37.441 31.7345 -33.0908 -37.5405 31.7555 
-33.0786 -37.7718 31.6725 -33.1455 -38.2278 31.661 -32.9998 -38.0425 31.7044 
-33.797 -37.1099 32.3514 -34.033 -37.1198 32.58 -34.271 -37.1604 32.8278 
-34.5041 -37.215 33.0818 -34.727 -37.2735 33.3266 -34.9364 -37.334 33.5447 
-35.1625 -37.3782 33.4913 -35.365 -37.4058 33.4354 -35.662 -37.5233 33.7151 
-35.3948 -37.4576 33.6997 -37.3365 -38.6231 33.7426 -36.2272 -37.9031 33.8545 
-36.3851 -38.0048 33.8374 -35.7459 -37.6527 33.8858 -36.0092 -37.8653 33.9426 
-36.4725 -38.1384 33.8645 -36.6238 -38.2403 33.8424 -36.825 -38.2981 33.7848 
-37.0351 -38.5116 33.8014 -37.6552 -38.9019 33.7554 -36.729 -41.7841 31.7757 
-36.7048 -41.8917 31.9456 -36.8417 -42.0032 31.9958 -37.7183 -39.0916 33.8399 
-37.7964 -39.1916 33.8722 -37.9256 -39.4693 34.0409 -37.7466 -39.3909 34.0655 
-37.6167 -39.1845 33.9566 -37.8584 -39.5056 34.1114 -38.0342 -39.786 34.2796 
-37.8384 -39.7104 34.3172 -37.7096 -39.5281 34.2102 -38.3132 -40.1899 34.2888 
-38.1063 -39.9231 34.3482 -38.1675 -40.0711 34.4025 -38.2775 -40.4477 34.4267 
-36.919 -42.1272 32.1637 -37.1505 -42.1249 32.1763 -37.3326 -42.0917 32.2114 
-37.9125 -41.8224 33.1537 -37.9887 -41.6247 33.3573 -38.0625 -41.4113 33.5739 
-37.3016 -42.1933 32.3568 -37.454 -42.2399 32.5628 -37.6233 -42.1413 32.6394 
-37.8324 -41.9687 32.9749 -37.7185 -42.1494 32.9318 -38.1368 -41.2091 33.7975 
-38.2115 -41.0252 34.0538 -38.278 -40.8373 34.1991 -38.296 -40.6272 34.4381 
-38.2769 -40.7875 34.4303 -33.2226 -38.3844 31.7195 -33.0285 -37.3279 32.015 
-32.9279 -37.5008 31.901 -32.9649 -37.259 32.1528 -33.0145 -37.1465 32.3859 
-33.3278 -37.1061 32.4463 -33.5518 -37.1074 32.3937 -32.9323 -37.6847 31.7952 
-32.8676 -37.8955 31.7925 -32.9427 -38.2239 31.7746 -32.97 -38.3596 31.8426 
-32.991 -38.3612 31.8316 -32.8218 -38.1204 31.8274 -33.7947 -37.0927 32.6259 
-34.0377 -37.1175 32.8762 -34.2748 -37.1638 33.1335 -34.4994 -37.2201 33.3844 
-34.7096 -37.2839 33.615 -34.9156 -37.3612 33.8106 -35.1204 -37.395 33.7062 
-35.5641 -37.5382 33.8178 -35.4433 -37.5518 33.9293 -35.1698 -37.4656 33.9387 
-37.127 -38.7495 33.8946 -37.419 -38.8594 33.8292 -36.2541 -38.0738 33.9447 
-35.7526 -37.8281 34.0734 -35.4698 -37.6884 34.1189 -35.9671 -38.0355 34.0933 
-36.5014 -38.3134 33.9463 -36.7189 -38.383 33.8706 -36.8632 -38.4737 33.851 
-36.9524 -38.582 33.8704 -37.5649 -39.0102 33.8561 -36.7008 -41.9085 31.9683 
-36.7452 -42.0467 32.1 -37.431 -39.314 34.1589 -37.3795 -38.9893 33.9266 
-37.3441 -39.1289 34.0428 -37.9328 -39.8526 34.3989 -37.5748 -39.6452 34.3875 
-37.7129 -39.8213 34.481 -37.4572 -39.4926 34.3057 -38.1318 -40.2386 34.5433 
-37.9235 -40.0241 34.5406 -38.1266 -40.4414 34.7016 -38.2368 -40.6558 34.648 
-36.7224 -42.1532 32.2837 -36.8996 -42.2418 32.3425 -37.0867 -42.2342 32.3352 
-37.8354 -42.0157 33.2106 -37.9184 -41.8268 33.4319 -37.9892 -41.6184 33.6465 
-38.0607 -41.4114 33.8546 -37.2451 -42.3177 32.5333 -37.4178 -42.3703 32.7534 
-37.5718 -42.2604 32.7651 -37.59 -42.3507 32.9842 -37.7419 -42.2532 33.2836 
-38.1282 -41.2372 34.0313 -38.2392 -40.955 34.3059 -38.1617 -41.1666 34.3027 
-38.2213 -40.9867 34.515 -38.2407 -40.8475 34.6408 -32.8323 -37.3871 32.0477 
-32.7423 -37.5349 31.9856 -32.745 -37.7285 31.9105 -32.7165 -37.3022 32.2113 
-32.6429 -37.142 32.4398 -32.9438 -37.0413 32.6931 -33.2712 -37.067 32.6751 
-33.546 -37.0763 32.6614 -32.6859 -37.9944 31.9138 -32.8131 -38.2835 31.8897 
-32.9415 -38.358 31.8587 -32.6741 -38.2083 31.9596 -33.7934 -37.0852 32.9149 
-34.0375 -37.1203 33.1784 -34.2663 -37.1694 33.438 -34.4747 -37.2286 33.6808 
-34.6638 -37.3032 33.8997 -34.8591 -37.4158 34.1049 -35.3041 -37.5598 34.0552 
-35.1286 -37.5707 34.1951 -37.1689 -38.9762 34.0177 -36.9178 -38.8424 34.0601 
-36.7655 -38.5758 33.9641 -36.213 -38.2757 34.0906 -35.6099 -37.8204 34.1689 
-35.7187 -37.9532 34.2021 -35.5061 -37.8468 34.259 -35.2727 -37.7531 34.3211 
-35.8555 -38.0726 34.1939 -35.9708 -38.2088 34.2035 -36.4463 -38.495 34.0889 
-36.6945 -41.9304 31.9968 -36.6739 -42.0237 32.1335 -37.2599 -39.1843 34.13 
-37.2132 -39.4015 34.3542 -37.0704 -39.1794 34.2382 -37.1796 -39.1013 34.1034 
-37.3456 -39.5655 34.4292 -37.3643 -39.7455 34.5836 -37.6055 -39.9462 34.6441 
-37.9523 -40.2083 34.6826 -38.0453 -40.3055 34.696 -37.6865 -40.1382 34.7763 
-38.1504 -40.5929 34.8127 -38.0117 -40.5238 34.9011 -37.9053 -40.3395 34.8244 
-38.1771 -40.6996 34.8452 -38.1956 -40.8242 34.8176 -36.6654 -42.0703 32.2124 
-36.6572 -42.1198 32.3106 -36.6554 -42.205 32.4139 -36.7902 -42.2993 32.4756 
-37.0076 -42.3432 32.5123 -37.8533 -42.0358 33.5039 -37.9256 -41.8302 33.7204 
-37.994 -41.6174 33.9339 -38.07 -41.4046 34.133 -37.1741 -42.4643 32.7501 
-37.4144 -42.5229 32.9894 -37.6074 -42.4818 33.2338 -37.8071 -42.2173 33.5928 
-37.7183 -42.4579 33.5613 -38.0796 -41.4062 34.4312 -38.149 -41.1927 34.6171 
-38.1883 -40.9992 34.7544 -32.6669 -37.4595 32.0785 -32.5891 -37.6272 32.0374 
-32.5403 -37.8598 32.0178 -32.4477 -37.3161 32.2894 -32.504 -37.4825 32.1567 
-32.363 -37.1957 32.4039 -32.4025 -37.0602 32.5533 -32.6544 -37.0228 32.6286 
-32.754 -36.9679 32.8202 -33.0187 -36.9868 33.0128 -33.267 -37.0309 32.9656 
-33.5363 -37.0597 32.9416 -32.5234 -38.0989 32.0368 -32.6837 -38.3189 32.0323 
-32.7613 -38.3378 31.9763 -32.5582 -38.254 32.0604 -32.6069 -38.3111 32.0722 
-33.7912 -37.0849 33.2118 -34.0273 -37.1259 33.4791 -34.2367 -37.1773 33.7365 
-34.4191 -37.2409 33.9621 -34.5573 -37.3234 34.1654 -34.8765 -37.5123 34.3122 
-34.6706 -37.4321 34.34 -34.9441 -37.6673 34.4504 -37.0351 -39.0186 34.1206 
-36.5638 -38.7325 34.1877 -36.8194 -38.9735 34.2166 -36.1125 -38.3326 34.1865 
-36.2291 -38.4634 34.1982 -35.7715 -38.1083 34.2738 -35.5825 -38.0064 34.331 
-35.3994 -37.9106 34.3785 -35.2021 -37.8903 34.4817 -36.0323 -38.3732 34.2675 
-35.8445 -38.2687 34.3284 -36.3864 -38.5847 34.1822 -36.8558 -39.3122 34.4872 
-37.1124 -39.5341 34.5279 -36.7491 -39.1085 34.3748 -37.0369 -39.6656 34.6827 
-37.1137 -39.8471 34.8029 -37.3938 -39.9227 34.7267 -37.5149 -40.0153 34.7513 
-37.6866 -40.2995 34.9277 -37.4803 -40.2203 34.9645 -37.3512 -40.0444 34.8615 
-38.0989 -40.6507 34.926 -37.7289 -40.4628 35.0513 -37.9551 -40.6607 35.0565 
-38.101 -40.7808 34.9817 -38.1151 -40.9737 34.9932 -36.6543 -42.2334 32.461 
-36.6665 -42.3282 32.6122 -36.8596 -42.4354 32.705 -37.8721 -42.0443 33.7888 
-37.9349 -41.8389 34.0086 -38.0031 -41.6241 34.2249 -37.0199 -42.5801 32.8945 
-37.2233 -42.5956 32.9441 -37.3251 -42.656 33.0848 -37.4868 -42.6505 33.2544 
-37.6172 -42.5793 33.38 -37.8214 -42.2608 33.8337 -37.6001 -42.6703 33.504 
-37.7788 -42.4479 33.8865 -37.6863 -42.662 33.8136 -38.0105 -41.6468 34.5201 
-38.0734 -41.4372 34.7633 -38.1181 -41.1885 34.9077 -32.3989 -37.7091 32.1288 
-32.3597 -37.966 32.1338 -32.2483 -37.3189 32.3396 -32.2657 -37.5174 32.2501 
-32.1141 -37.2081 32.4612 -32.177 -37.0351 32.6083 -32.3578 -36.954 32.726 
-32.5448 -36.9705 32.7072 -32.5655 -36.9205 32.8838 -32.8016 -36.9342 33.0745 
-33.053 -36.9711 33.3089 -33.2895 -37.0161 33.2678 -33.5388 -37.0527 33.2377 
-32.3752 -38.2362 32.192 -32.457 -38.2813 32.1663 -33.7847 -37.0895 33.5074 
-33.9988 -37.1336 33.7658 -34.1725 -37.1899 34.038 -34.3483 -37.2581 34.1865 
-34.3369 -37.3388 34.4286 -34.7733 -37.5263 34.4209 -34.601 -37.5363 34.5412 
-34.9791 -37.8803 34.6106 -34.7352 -37.7474 34.6559 -36.5608 -38.9367 34.351 
-36.2917 -38.7867 34.4069 -36.2927 -38.6274 34.2751 -36.1022 -38.526 34.3273 
-35.6678 -38.1604 34.3775 -35.4495 -38.0943 34.4734 -35.1882 -38.0802 34.6229 
-35.9277 -38.4238 34.376 -35.7001 -38.3369 34.4726 -36.6704 -39.1746 34.4837 
-36.858 -39.5041 34.6493 -36.6068 -39.3755 34.7042 -36.5666 -39.2122 34.5886 
-36.5095 -39.0625 34.494 -36.8167 -39.6231 34.7742 -36.9556 -39.7258 34.778 
-37.0919 -39.9962 34.9513 -36.8475 -39.8931 35.0005 -36.8545 -39.7556 34.8668 
-37.5805 -40.3331 35.0192 -37.1441 -40.1492 35.0752 -37.3906 -40.345 35.1393 
-37.7395 -40.6689 35.2401 -37.4673 -40.5344 35.2991 -37.949 -40.8829 35.2216 
-38.0371 -41.1793 35.2547 -36.6447 -42.2609 32.5142 -36.6277 -42.2994 32.6099 
-36.6248 -42.3631 32.7362 -36.6274 -42.4045 32.8366 -36.8079 -42.5462 32.9 
-37.8845 -42.0677 34.0657 -37.9445 -41.8608 34.2991 -36.9015 -42.6735 33.074 
-37.1482 -42.6877 33.0652 -37.3012 -42.7526 33.235 -37.4482 -42.7872 33.4327 
-37.8403 -42.2932 34.1053 -37.5569 -42.795 33.6359 -37.7878 -42.5202 34.1245 
-37.5658 -42.8754 33.8566 -37.7093 -42.7748 34.1652 -37.954 -41.9049 34.608 
-38.013 -41.6805 34.7649 -38.0723 -41.3691 35.0434 -38.0357 -41.6125 35.031 
-32.1975 -37.7951 32.2276 -32.1795 -38.0445 32.2496 -32.1004 -37.41 32.35 
-32.0373 -37.6225 32.3235 -31.9172 -37.0905 32.6106 -31.8861 -37.2388 32.5001 
-31.8902 -37.423 32.4286 -32.1218 -36.9466 32.7648 -32.3503 -36.889 32.93 
-32.5849 -36.8874 33.1276 -32.8256 -36.9214 33.3569 -33.0665 -36.9716 33.6088 
-33.3021 -37.0168 33.5673 -33.5421 -37.0552 33.5339 -32.1748 -38.2385 32.3145 
-32.3287 -38.2624 32.2352 -32.1606 -38.2155 32.3099 -32.3736 -38.2658 32.2177 
-33.768 -37.0978 33.7859 -33.9437 -37.1399 33.992 -34.2065 -37.2353 34.2735 
-33.976 -37.1823 34.2646 -34.1485 -37.2455 34.3812 -34.3336 -37.4688 34.651 
-34.0769 -37.3784 34.702 -34.0403 -37.2587 34.5008 -34.4165 -37.6481 34.7713 
-34.8419 -37.9196 34.7195 -34.9882 -38.0207 34.702 -34.6525 -37.8861 34.802 
-36.4158 -38.937 34.4476 -36.163 -38.6401 34.3724 -36.2935 -38.9515 34.5467 
-36.0691 -38.8363 34.603 -35.9536 -38.6006 34.4903 -35.4238 -38.3022 34.6257 
-35.075 -38.1515 34.7336 -35.2218 -38.2479 34.7101 -35.6357 -38.5026 34.6301 
-36.7246 -39.5081 34.7353 -36.4566 -39.2415 34.6913 -36.6224 -39.5276 34.8218 
-36.4269 -39.4269 34.8745 -36.3544 -39.2752 34.7936 -36.3038 -39.1074 34.6787 
-36.6698 -39.6625 34.9057 -36.9894 -40.0268 35.037 -36.7208 -39.7627 34.96 
-36.8636 -40.0504 35.1397 -36.6243 -39.9457 35.1986 -36.5096 -39.7274 35.0789 
-37.1093 -40.2899 35.2429 -36.8465 -40.1925 35.2995 -37.1791 -40.4174 35.3463 
-37.5561 -40.6766 35.4026 -37.7069 -40.8057 35.4207 -37.3994 -40.6293 35.4636 
-37.2262 -40.5499 35.479 -37.8451 -40.9749 35.479 -37.9625 -41.0331 35.3489 
-38.0478 -41.4482 35.2499 -37.9529 -41.103 35.4495 -37.9688 -41.2197 35.5384 
-38.0116 -41.4196 35.5406 -36.6244 -42.426 32.8692 -36.7042 -42.5771 33.0164 
-37.8957 -42.102 34.3399 -36.6971 -42.6637 33.1942 -36.8664 -42.7823 33.2912 
-37.0863 -42.7865 33.2381 -37.2526 -42.8601 33.4154 -37.411 -42.9009 33.6244 
-37.8546 -42.3329 34.3675 -37.8132 -42.5585 34.4107 -37.3779 -43.0303 33.8633 
-37.5706 -42.9978 34.0949 -37.7765 -42.7501 34.476 -37.6838 -42.9725 34.4112 
-37.9024 -42.1547 34.5659 -37.9868 -41.8281 34.8792 -37.9367 -42.0891 34.85 
-37.9926 -41.8785 35.1187 -38.028 -41.6808 35.3757 -32.0058 -37.8879 32.3282 
-32.0306 -38.1044 32.3531 -31.8295 -37.7108 32.4102 -31.8365 -36.9477 32.8199 
-31.6796 -37.0853 32.6678 -31.6654 -37.2842 32.5517 -31.6783 -37.5395 32.4805 
-32.1148 -36.8681 32.9805 -32.3569 -36.8496 33.1771 -32.5969 -36.8735 33.4062 
-32.8333 -36.9218 33.6561 -33.0622 -36.9794 33.912 -33.3 -37.0255 33.863 
-33.537 -37.0644 33.8212 -32.1378 -38.2307 32.3363 -32.0291 -38.2049 32.4089 
-33.7509 -37.1135 34.048 -33.7091 -37.1308 34.2679 -33.7628 -37.1909 34.5095 
-34.2392 -37.4978 34.7552 -33.9052 -37.2688 34.6359 -34.1406 -37.5416 34.8534 
-33.8888 -37.4556 34.9148 -33.7296 -37.2849 34.7772 -34.438 -37.866 34.9091 
-34.2253 -37.7208 34.9389 -34.8776 -38.095 34.8064 -34.6338 -38.078 34.9242 
-36.1626 -38.9682 34.6531 -35.7227 -38.7221 34.7391 -35.9796 -38.9723 34.7818 
-35.3163 -38.3829 34.7417 -35.4586 -38.4673 34.7143 -35.1117 -38.3217 34.8161 
-35.5471 -38.5678 34.7311 -36.4968 -39.5674 34.9453 -36.231 -39.3319 34.9305 
-36.2581 -39.4906 35.0498 -36.1078 -39.1769 34.8771 -36.7159 -40.0684 35.2531 
-36.2775 -39.8432 35.3487 -36.5214 -40.0678 35.3897 -36.1766 -39.6371 35.2368 
-36.969 -40.3342 35.3776 -36.8094 -40.3133 35.4544 -36.6207 -40.2394 35.4993 
-36.8889 -40.4486 35.5697 -37.424 -40.7572 35.6127 -37.6554 -40.8888 35.5912 
-37.2932 -40.6409 35.5521 -37.1051 -40.6377 35.6755 -37.7153 -41.0076 35.7051 
-37.8682 -41.1193 35.6406 -37.893 -41.2916 35.8174 -38.0266 -41.6362 35.6726 
-37.982 -41.5094 35.8795 -36.6204 -42.4542 32.9102 -36.6124 -42.549 33.076 
-36.6122 -42.5758 33.1286 -36.6186 -42.6278 33.2476 -36.6691 -42.7566 33.429 
-36.8418 -42.8617 33.4578 -37.0284 -42.8817 33.4282 -37.1913 -42.9647 33.6172 
-37.8752 -42.3493 34.6369 -37.84 -42.5811 34.6858 -37.1146 -43.074 33.8223 
-37.2666 -43.1722 34.0317 -37.4497 -43.1245 34.0842 -37.5536 -43.1178 34.2489 
-37.7916 -42.8137 34.7121 -37.577 -43.1895 34.4645 -37.7192 -43.0686 34.76 
-37.8965 -42.3697 34.9143 -37.9532 -42.1592 35.1898 -38.0009 -41.9314 35.3632 
-38.0229 -41.8756 35.6446 -31.8174 -38.0138 32.4524 -31.9444 -38.1891 32.4594 
-31.6105 -37.7718 32.5026 -31.5338 -37.0244 32.7757 -31.6243 -36.8905 32.9959 
-31.9096 -36.8523 33.0412 -31.4991 -37.1594 32.6536 -31.4164 -37.2984 32.6147 
-31.4536 -37.5262 32.563 -32.1209 -36.8233 33.2221 -32.3606 -36.8329 33.4522 
-32.5978 -36.8728 33.7042 -32.8246 -36.9282 33.9628 -33.0387 -36.9902 34.2161 
-33.2824 -37.0395 34.155 -33.5196 -37.079 34.0949 -33.4992 -37.1056 34.3657 
-33.4459 -37.152 34.6653 -34.0244 -37.616 34.9802 -33.5643 -37.3817 35.0356 
-33.8221 -37.5982 35.0765 -33.4651 -37.2354 34.8914 -34.2939 -37.8918 35.004 
-34.4375 -38.0089 34.9908 -34.0745 -37.8149 35.0768 -34.861 -38.3029 34.9334 
-34.5223 -38.1479 35.0202 -34.6681 -38.2508 35.0008 -35.7163 -38.9052 34.8951 
-35.4997 -38.8014 34.9379 -35.3627 -38.5628 34.8355 -35.7661 -39.0818 35.0173 
-35.0672 -38.4946 34.9462 -36.0127 -39.2985 35.0512 -35.9546 -39.4508 35.2277 
-36.1043 -39.7075 35.3504 -36.2529 -40.0016 35.5123 -36.0092 -39.8933 35.5816 
-36.0076 -39.7452 35.4509 -36.2978 -40.1573 35.6363 -35.9491 -39.601 35.3654 
-36.7127 -40.3394 35.549 -36.5263 -40.3476 35.6879 -36.8388 -40.5848 35.777 
-36.6151 -40.5071 35.8214 -37.3544 -40.8583 35.8262 -37.1526 -40.7907 35.8648 
-37.5289 -40.9132 35.7616 -36.8898 -40.7023 35.9052 -37.577 -41.0318 35.9083 
-37.74 -41.1349 35.8726 -37.7023 -41.2502 36.1282 -37.8707 -41.4153 36.131 
-38.0256 -41.7226 35.922 -37.972 -41.6035 36.194 -36.6185 -42.6974 33.3898 
-36.6239 -42.732 33.4693 -36.7452 -42.8749 33.5699 -36.6321 -42.7949 33.5653 
-36.9282 -42.9611 33.6311 -37.8599 -42.6134 34.9482 -36.8796 -43.0643 33.8585 
-37.0284 -43.181 34.0102 -37.1691 -43.3173 34.2443 -37.4161 -43.228 34.2452 
-37.8203 -42.8419 34.9945 -37.412 -43.3617 34.4737 -37.5961 -43.3013 34.7094 
-37.7844 -43.0287 35.0604 -37.6995 -43.2462 35.0024 -37.9081 -42.4247 35.1453 
-37.9873 -42.089 35.472 -37.9436 -42.3568 35.4332 -37.9989 -42.1467 35.7125 
-38.0352 -41.9629 35.983 -31.5446 -38.0253 32.5782 -31.6574 -38.1558 32.5842 
-31.7531 -38.1649 32.5456 -31.3964 -37.7966 32.5882 -31.3638 -36.9874 32.8739 
-31.2675 -37.1735 32.7329 -31.3287 -36.8993 33.0495 -31.5833 -36.8228 33.2576 
-31.8647 -36.8164 33.2437 -31.2677 -37.3983 32.643 -31.2271 -37.6191 32.6436 
-32.1116 -36.8052 33.487 -32.3554 -36.8309 33.7447 -32.5845 -36.878 34.012 
-32.7986 -36.936 34.2664 -32.9902 -37.0034 34.5289 -33.2449 -37.0591 34.4425 
-33.1898 -37.0792 34.6758 -33.2166 -37.1546 34.9193 -33.378 -37.253 35.0023 
-33.6033 -37.5839 35.1956 -33.3847 -37.4496 35.2252 -33.2788 -37.2841 35.1182 
-33.8118 -37.7975 35.2093 -34.3198 -38.0757 35.0883 -34.0585 -38.0499 35.2097 
-34.7624 -38.3879 35.0325 -34.9013 -38.4701 35.0124 -34.5595 -38.3226 35.0995 
-35.6022 -38.9367 34.9912 -35.159 -38.7093 35.0524 -35.4168 -38.9487 35.1091 
-35.758 -39.2686 35.1948 -35.5249 -39.1459 35.2258 -34.9886 -38.567 35.0326 
-35.6882 -39.3826 35.3448 -35.8343 -39.4877 35.3448 -36.1487 -40.0297 35.6116 
-35.8783 -39.7607 35.5535 -36.0269 -40.0536 35.7202 -35.7938 -39.9521 35.7845 
-35.6737 -39.7419 35.6746 -35.8156 -39.6587 35.5071 -36.2552 -40.2937 35.8102 
-36.0165 -40.1987 35.8728 -35.741 -39.5235 35.4382 -36.2823 -40.4318 35.949 
-36.6861 -40.6286 35.932 -36.4586 -40.5938 36.0315 -37.2427 -40.8895 35.9597 
-37.3922 -40.9542 35.9501 -37.1019 -40.879 36.0363 -36.9222 -40.8237 36.0612 
-36.6211 -40.7517 36.1382 -37.604 -41.1283 36.048 -37.4203 -41.0708 36.1252 
-37.5277 -41.1693 36.2054 -37.4813 -41.2575 36.4088 -37.7148 -41.3829 36.4055 
-37.8686 -41.4888 36.3523 -38.0315 -41.7863 36.1563 -37.9055 -41.5916 36.4854 
-38.0032 -41.7633 36.4206 -36.6373 -42.8259 33.6241 -36.7182 -42.9359 33.7491 
-37.8824 -42.625 35.2169 -36.8406 -43.1478 34.0175 -36.6794 -43.035 33.9864 
-36.9063 -43.2513 34.1591 -37.1037 -43.4401 34.3856 -36.9511 -43.3749 34.3232 
-37.2401 -43.4403 34.4286 -37.845 -42.856 35.2649 -37.3285 -43.491 34.567 
-37.4799 -43.4713 34.7467 -37.6062 -43.3856 34.8684 -37.7932 -43.0798 35.2888 
-37.5925 -43.4676 35.0544 -37.7197 -43.3022 35.3181 -37.9021 -42.6412 35.4934 
-37.9612 -42.4264 35.7732 -38.0121 -42.1998 35.9527 -38.0433 -41.9177 36.2568 
-38.0345 -42.1392 36.2279 -31.3563 -37.9719 32.6399 -31.4084 -38.1156 32.6745 
-31.4429 -38.1413 32.6714 -31.5389 -38.1469 32.6338 -31.2385 -37.8406 32.6619 
-31.126 -37.0285 32.8941 -31.0065 -37.1833 32.8028 -31.0439 -37.408 32.7291 
-31.0422 -36.9273 33.0818 -31.2959 -36.8335 33.2815 -31.5681 -36.79 33.5259 
-31.8463 -36.7921 33.5092 -31.0291 -37.7483 32.7462 -32.1036 -36.8011 33.7732 
-32.3399 -36.8348 34.0392 -32.5512 -36.8841 34.3371 -32.7649 -36.9422 34.5103 
-32.8226 -36.9855 34.763 -33.0395 -37.0526 34.7765 -32.9639 -37.0707 34.9485 
-32.9743 -37.1816 35.1906 -33.4634 -37.6128 35.2994 -33.6087 -37.7257 35.2845 
-33.176 -37.3548 35.2718 -33.2545 -37.5504 35.3772 -33.6968 -37.8714 35.3114 
-33.8492 -37.9834 35.2853 -34.305 -38.2994 35.2144 -33.9492 -38.1374 35.3088 
-34.1047 -38.2457 35.2847 -34.8087 -38.5652 35.1267 -34.5157 -38.4993 35.2282 
-35.1536 -38.8913 35.2036 -34.9411 -38.7963 35.2353 -35.1917 -39.0549 35.3326 
-35.5964 -39.2626 35.2931 -35.411 -39.2611 35.4032 -35.5164 -39.4397 35.5056 
-35.8846 -40.0726 35.8366 -35.4658 -39.864 35.9232 -35.6957 -40.0755 35.9682 
-35.6354 -39.5814 35.5582 -35.4264 -39.55 35.6632 -35.3597 -39.6744 35.8204 
-36.145 -40.3192 35.9127 -36.0196 -40.3421 36.0228 -35.7944 -40.2528 36.0787 
-36.2317 -40.5589 36.1313 -35.9945 -40.4752 36.1869 -36.3067 -40.6764 36.2283 
-37.1893 -40.9757 36.1324 -36.9863 -40.9209 36.1709 -36.7681 -40.8994 36.2621 
-36.5559 -40.8722 36.3392 -36.3704 -40.8083 36.3582 -37.3885 -41.1553 36.3067 
-37.2139 -41.0967 36.3222 -37.2714 -41.1932 36.4574 -37.2035 -41.3011 36.6946 
-37.5114 -41.376 36.635 -37.8014 -41.488 36.5281 -37.6846 -41.4489 36.6245 
-37.763 -41.5692 36.7467 -37.9242 -41.6891 36.6474 -38.0372 -41.9768 36.4898 
-37.9862 -41.8393 36.6977 -36.6373 -42.8429 33.6625 -36.6388 -42.8899 33.7972 
-36.7465 -43.17 34.1224 -36.6344 -42.9744 33.9532 -36.6352 -43.0132 34.028 
-36.6408 -43.0895 34.1245 -36.7339 -43.2675 34.3006 -36.9951 -43.4837 34.4558 
-37.1574 -43.5343 34.5415 -36.8237 -43.4367 34.4619 -37.8584 -42.8825 35.5256 
-37.3081 -43.5858 34.7133 -37.4264 -43.6125 34.9262 -37.8056 -43.1087 35.5698 
-37.4942 -43.6516 35.1892 -37.6306 -43.5128 35.3928 -37.7368 -43.3322 35.628 
-37.9098 -42.6918 35.7249 -37.9969 -42.3519 36.0564 -37.9446 -42.6157 36.0161 
-38.0042 -42.4022 36.2999 -38.0366 -42.2099 36.5448 -31.2192 -38.0387 32.7417 
-31.407 -38.1371 32.6902 -31.2825 -38.1227 32.7594 -30.8373 -37.0889 32.9241 
-30.8405 -37.2772 32.816 -30.7694 -37.4998 32.8164 -30.7311 -36.9547 33.1301 
-31.0146 -36.8481 33.309 -31.2862 -36.7946 33.5405 -31.5682 -36.7779 33.8107 
-31.8412 -36.7844 33.7948 -30.7906 -37.7882 32.8499 -30.9704 -38.0226 32.8555 
-32.0971 -36.8047 34.0603 -32.3042 -36.8369 34.282 -32.628 -36.9171 34.6181 
-32.3822 -36.8651 34.5831 -32.5791 -36.9296 34.8506 -32.7538 -37.0213 35.0397 
-32.6444 -37.0648 35.2932 -33.0064 -37.3692 35.3997 -32.7548 -37.2267 35.4431 
-33.4916 -37.8025 35.3841 -33.0485 -37.5573 35.5094 -33.2379 -37.7761 35.5066 
-33.7352 -38.0704 35.385 -34.2048 -38.392 35.3151 -34.3485 -38.4762 35.2932 
-33.9886 -38.3286 35.3892 -34.603 -38.7122 35.3409 -34.4361 -38.5745 35.3149 
-35.0389 -38.9245 35.2932 -34.8539 -38.9379 35.4073 -35.1596 -39.201 35.4946 
-34.9574 -39.1169 35.5265 -35.1948 -39.3536 35.6221 -35.2877 -39.7396 35.9265 
-35.4444 -40.0129 36.0739 -35.2727 -39.9264 36.1018 -35.203 -39.7866 36.0204 
-35.465 -40.1618 36.2004 -35.183 -39.5223 35.7923 -35.1302 -39.6381 35.9319 
-35.8752 -40.3608 36.1388 -35.6873 -40.3652 36.2655 -36.1083 -40.608 36.2672 
-35.9601 -40.5934 36.3433 -35.7796 -40.5266 36.3807 -36.04 -40.7268 36.451 
-36.9392 -41.0271 36.3638 -36.576 -40.9941 36.501 -36.4393 -40.8989 36.4388 
-36.2516 -40.9121 36.559 -37.0537 -41.1651 36.534 -36.9115 -41.2397 36.7296 
-37.1311 -41.4117 36.9502 -36.8881 -41.3525 36.9377 -37.3654 -41.4325 36.8642 
-37.5778 -41.4668 36.775 -37.5234 -41.545 36.9686 -37.7037 -41.6662 37.029 
-37.8757 -41.7303 36.8653 -38.0213 -42.0414 36.7786 -37.9441 -41.8923 36.963 
-36.6446 -43.1252 34.1781 -36.6437 -43.1445 34.2113 -36.6365 -43.2075 34.3526 
-36.6477 -43.346 34.4863 -36.9531 -43.5866 34.6286 -37.1491 -43.638 34.7073 
-36.7073 -43.5102 34.6417 -37.8733 -42.8888 35.8008 -37.2561 -43.6964 34.8721 
-37.3581 -43.7279 35.0532 -37.8176 -43.1229 35.8628 -37.3634 -43.808 35.2733 
-37.5213 -43.7106 35.4922 -37.6524 -43.5463 35.7131 -37.7504 -43.3475 35.9311 
-37.8888 -42.8929 36.0956 -37.9569 -42.6656 36.3451 -38.0115 -42.4586 36.5948 
-38.0312 -42.2818 36.8643 -31.0472 -38.1095 32.8674 -31.1912 -38.1175 32.8008 
-30.6055 -37.0923 32.979 -30.6298 -37.2548 32.8855 -30.5551 -37.4228 32.8824 
-30.5893 -37.6264 32.8955 -30.4527 -37.0579 33.0797 -30.4913 -36.9159 33.3052 
-30.7846 -36.8551 33.3548 -31.0119 -36.8027 33.5543 -31.2888 -36.7781 33.8188 
-31.5755 -36.778 34.1085 -31.8457 -36.7874 34.0909 -30.6436 -37.8388 32.9287 
-30.7795 -37.9685 32.9147 -30.8429 -38.1021 32.9548 -30.8616 -38.1028 32.9466 
-30.9747 -38.1065 32.8995 -32.1072 -36.8152 34.3534 -32.11 -36.8274 34.6597 
-32.3297 -36.8776 34.909 -32.5078 -36.952 35.1199 -32.431 -36.9817 35.3343 
-32.4155 -37.1001 35.5497 -32.8443 -37.4167 35.5509 -32.6382 -37.3067 35.6048 
-33.4606 -38.0474 35.5079 -32.9147 -37.5864 35.6069 -33.0482 -37.7015 35.5823 
-33.1173 -37.8418 35.6001 -33.2516 -37.9628 35.576 -33.6996 -38.3164 35.5198 
-34.2499 -38.5758 35.4138 -33.9412 -38.5226 35.525 -34.5929 -38.8885 35.4982 
-34.3822 -38.8018 35.5278 -34.6309 -39.0457 35.6351 -35.0427 -39.2252 35.587 
-34.8645 -39.2383 35.7033 -34.967 -39.4142 35.8196 -35.3242 -40.0298 36.1639 
-35.0894 -39.8488 36.1423 -35.1169 -40.0122 36.2677 -34.9852 -39.7066 36.0781 
-35.4312 -40.3101 36.3677 -35.2248 -40.2217 36.3995 -35.036 -39.5229 35.8841 
-34.8798 -39.531 35.9814 -35.4641 -40.4572 36.4973 -35.8698 -40.6224 36.4328 
-35.6939 -40.6382 36.5562 -35.9937 -40.8696 36.6457 -35.7929 -40.7977 36.6754 
-36.777 -41.1343 36.6161 -36.5449 -41.1269 36.7081 -36.3281 -41.0663 36.7219 
-36.006 -41.0052 36.8035 -36.64 -41.245 36.8505 -36.977 -41.4612 37.1065 
-37.2244 -41.5254 37.1206 -36.6201 -41.36 37.0458 -36.7474 -41.4521 37.1645 
-37.4632 -41.6552 37.2324 -37.6909 -41.7685 37.244 -37.8302 -41.785 37.0748 
-37.9845 -42.0984 37.0909 -37.8531 -41.9175 37.2398 -36.6176 -43.299 34.4721 
-36.6092 -43.3466 34.5355 -36.8074 -43.7013 34.8312 -37.0528 -43.732 34.8488 
-36.6038 -43.4207 34.6464 -36.5745 -43.5736 34.8246 -37.1982 -43.8139 35.061 
-37.8284 -43.1347 36.1553 -37.1731 -43.9626 35.3156 -37.3742 -43.9175 35.5828 
-37.5485 -43.7662 35.8426 -37.6757 -43.5544 36.0202 -37.7626 -43.3541 36.2233 
-37.8991 -42.9203 36.3876 -37.9656 -42.7159 36.665 -38.0159 -42.5031 36.8335 
-38.0208 -42.2655 37.0936 -38.0174 -42.4406 37.0869 -30.4703 -37.1763 32.9632 
-30.4556 -37.3015 32.9276 -30.4083 -37.4644 32.9532 -30.4283 -37.7472 33.0065 
-30.2255 -37.056 33.18 -30.3032 -37.2408 33.0274 -30.164 -36.9305 33.3878 
-30.4531 -36.8385 33.5711 -30.7356 -36.82 33.5566 -31.007 -36.7832 33.8202 
-31.2958 -36.7751 34.1129 -31.5823 -36.7832 34.4129 -31.8526 -36.7951 34.3948 
-30.6489 -38.0356 33.021 -30.8165 -38.1006 32.9679 -31.8491 -36.8034 34.6967 
-32.0781 -36.8375 34.9524 -32.258 -36.8974 35.206 -32.2882 -36.9577 35.4233 
-32.2169 -36.9749 35.528 -32.4613 -37.33 35.7366 -32.1998 -37.1859 35.796 
-32.0563 -36.9975 35.6572 -32.7106 -37.5226 35.6926 -33.3141 -38.1402 35.6161 
-33.4757 -38.2505 35.5879 -32.9285 -37.7745 35.6765 -33.1179 -38.0037 35.6626 
-33.5015 -38.4341 35.6761 -33.7528 -38.5165 35.6052 -34.0442 -38.7361 35.6384 
-33.8703 -38.6148 35.6167 -34.4784 -38.9226 35.5896 -34.2991 -38.9409 35.7039 
-34.6106 -39.1918 35.8024 -34.3942 -39.1254 35.8497 -34.668 -39.3401 35.9202 
-34.8813 -39.8119 36.225 -34.796 -39.9406 36.3765 -34.8908 -40.1446 36.5033 
-34.7489 -39.6331 36.1446 -35.3132 -40.337 36.463 -35.1329 -40.353 36.5754 
-34.6583 -39.4868 36.0661 -35.4363 -40.5956 36.6607 -35.2357 -40.5231 36.693 
-35.4669 -40.7349 36.7913 -35.8706 -40.8978 36.7463 -35.6837 -40.9123 36.8669 
-36.4068 -41.1837 36.8504 -36.1815 -41.1605 36.9168 -35.9662 -41.1366 36.983 
-35.7616 -41.07 37.0051 -36.3433 -41.3073 37.06 -36.9059 -41.5751 37.3377 
-37.1973 -41.6318 37.3405 -36.4942 -41.4372 37.2139 -36.619 -41.5278 37.3333 
-37.534 -41.7721 37.4069 -37.324 -41.7318 37.4649 -37.6842 -41.8714 37.4353 
-37.91 -42.0792 37.3467 -37.9755 -42.2667 37.3095 -37.8031 -41.9934 37.4726 
-36.5716 -43.5958 34.8572 -36.6705 -43.8361 35.0167 -36.9462 -43.8905 35.0707 
-37.838 -43.147 36.4356 -36.9669 -44.0809 35.3206 -37.109 -44.0797 35.4158 
-37.2046 -44.0748 35.548 -37.3058 -44.0793 35.7841 -37.4334 -43.9548 35.8649 
-37.6133 -43.7132 36.1298 -37.5072 -43.906 36.1283 -37.6929 -43.5539 36.3037 
-37.7732 -43.3558 36.5091 -37.901 -42.9604 36.6251 -37.9941 -42.6387 36.9381 
-37.9328 -42.8769 36.915 -37.9824 -42.6687 37.1698 -37.9885 -42.4914 37.3602 
-30.2009 -37.4806 33.0542 -30.1579 -37.7505 33.1223 -30.3886 -38.0153 33.1353 
-30.0179 -37.0517 33.2437 -30.0339 -37.2306 33.1415 -29.9138 -37.0031 33.3497 
-29.939 -36.9117 33.5696 -30.2237 -36.8469 33.6218 -30.45 -36.8006 33.8296 
-30.7243 -36.7915 33.821 -31.0115 -36.7762 34.1099 -31.3035 -36.7781 34.4163 
-31.5826 -36.7902 34.7141 -30.4516 -38.0797 33.1467 -30.6337 -38.0883 33.0631 
-30.695 -38.0908 33.0351 -31.8312 -36.8131 34.979 -32.0227 -36.8478 35.1759 
-32.072 -36.9006 35.4126 -32.2913 -37.3956 35.8895 -32.502 -37.5406 35.8293 
-31.8682 -37.0902 35.9131 -32.082 -37.2836 35.9528 -31.7711 -36.8783 35.5275 
-31.7942 -36.951 35.7557 -32.687 -37.7631 35.8055 -33.3735 -38.2803 35.6497 
-33.1782 -38.2644 35.7455 -32.9019 -38.0222 35.7825 -33.4799 -38.6101 35.801 
-33.2852 -38.5155 35.8327 -33.7157 -38.6511 35.722 -34.0393 -38.9035 35.7974 
-33.819 -38.83 35.8322 -34.1201 -39.0375 35.8966 -34.5166 -39.2259 35.8921 
-34.4171 -39.2642 35.9833 -34.1951 -39.1915 36.0209 -34.4772 -39.4046 36.0863 
-34.5695 -39.7306 36.315 -34.611 -39.9178 36.4465 -34.7163 -40.0149 36.4767 
-34.8821 -40.3119 36.6602 -34.6922 -40.2361 36.674 -34.5703 -40.0438 36.5644 
-34.5489 -39.546 36.1748 -34.9216 -40.4638 36.7864 -35.3199 -40.6238 36.755 
-35.1417 -40.6424 36.8646 -35.4299 -40.8696 36.958 -35.2349 -40.8004 36.9842 
-35.4478 -41.0048 37.0951 -36.0366 -41.2482 37.0976 -35.8375 -41.1873 37.1082 
-35.6169 -41.1635 37.1897 -36.2864 -41.4302 37.2653 -36.0882 -41.3753 37.2547 
-36.838 -41.688 37.5613 -36.6001 -41.6377 37.528 -37.066 -41.6991 37.5151 
-36.3651 -41.5384 37.4176 -37.4647 -41.8773 37.6166 -37.2 -41.7985 37.6321 
-37.6795 -41.9549 37.5788 -37.8361 -42.1609 37.5793 -37.9336 -42.3744 37.5526 
-37.752 -42.0303 37.5985 -36.565 -43.6185 34.8802 -36.5111 -43.7822 35.0569 
-36.5503 -43.9694 35.1718 -36.7557 -44.0243 35.1898 -37.8512 -43.1387 36.718 
-36.7955 -44.1531 35.3396 -36.9056 -44.2131 35.4772 -37.0636 -44.1593 35.5107 
-37.148 -44.1931 35.7152 -37.3831 -44.0611 36.0055 -37.2304 -44.2186 36.012 
-37.6117 -43.7466 36.374 -37.3913 -44.1011 36.2528 -37.5156 -43.9404 36.452 
-37.6991 -43.5613 36.5863 -37.7817 -43.3525 36.802 -37.8597 -43.1239 37.0215 
-37.9214 -42.8918 37.2475 -37.9565 -42.684 37.4348 -37.9549 -42.5359 37.554 
-29.9505 -37.482 33.1471 -29.9521 -37.6904 33.1807 -30.0355 -37.8539 33.2046 
-30.184 -37.9649 33.1932 -30.2476 -38.0741 33.2282 -30.3151 -38.0764 33.2009 
-30.3973 -38.0781 33.1696 -29.849 -37.1199 33.2472 -29.8165 -37.2705 33.1986 
-29.6934 -37.0868 33.3909 -29.6112 -36.9588 33.6702 -29.899 -36.8453 33.8575 
-30.1767 -36.8194 33.8335 -30.445 -36.7849 34.1032 -30.7272 -36.7792 34.1057 
-31.0195 -36.7765 34.4113 -31.3072 -36.7837 34.7192 -31.5743 -36.8003 35.0039 
-31.8149 -36.8345 35.2457 -32.3616 -37.5797 35.9321 -32.1342 -37.5163 36.0423 
-32.4994 -37.6977 35.8924 -31.6883 -36.967 35.8611 -31.9049 -37.2914 36.0706 
-31.6631 -37.168 36.116 -31.5157 -36.992 35.9749 -31.5501 -36.8171 35.2765 
-31.4934 -36.835 35.4907 -31.5449 -36.8919 35.7299 -32.5666 -37.8409 35.9007 
-32.6977 -37.9562 35.8657 -32.9291 -38.2318 35.8525 -32.9662 -38.4253 35.9415 
-32.7601 -38.1321 35.8978 -33.3685 -38.6454 35.881 -33.5046 -38.7653 35.9231 
-33.1906 -38.6609 35.9899 -33.9116 -38.9638 35.9222 -33.6891 -38.9402 36.0067 
-33.8992 -39.1102 36.0794 -34.2918 -39.3275 36.1078 -34.0838 -39.3111 36.1884 
-34.3201 -39.4916 36.2378 -34.268 -39.6606 36.399 -34.4095 -39.8467 36.4796 
-34.7756 -40.3486 36.7409 -34.4265 -40.1744 36.726 -34.6088 -40.3709 36.8264 
-34.2472 -39.9472 36.6196 -34.8945 -40.607 36.9449 -34.71 -40.5425 36.9527 
-34.924 -40.7465 37.0737 -35.3126 -40.8972 37.0492 -35.1359 -40.9165 37.1563 
-35.4072 -41.1356 37.2612 -35.2232 -41.0715 37.2803 -35.7965 -41.3066 37.2838 
-35.4373 -41.2676 37.4007 -36.1479 -41.4825 37.3922 -35.917 -41.4634 37.4482 
-36.6973 -41.7453 37.6878 -36.9417 -41.801 37.7177 -36.3384 -41.6513 37.6093 
-36.466 -41.7484 37.7369 -36.0875 -41.5964 37.5883 -37.4138 -41.9929 37.8114 
-37.2013 -41.9176 37.8075 -37.6258 -42.0471 37.7198 -37.8424 -42.3286 37.7244 
-37.7029 -42.228 37.8208 -37.8859 -42.4936 37.7193 -36.493 -43.8379 35.1059 
-36.4654 -43.9306 35.2011 -36.4491 -44.0689 35.3282 -36.6295 -44.1303 35.3101 
-36.7266 -44.2441 35.4698 -36.8566 -44.3117 35.6534 -37.006 -44.2502 35.6312 
-37.0236 -44.3136 35.8364 -37.0447 -44.4082 36.1361 -37.2514 -44.2985 36.3794 
-37.6151 -43.7612 36.6658 -37.4121 -44.1247 36.5557 -37.5228 -43.9525 36.7533 
-37.7034 -43.5619 36.8819 -37.7839 -43.3472 37.1032 -37.8481 -43.1218 37.3323 
-37.8786 -42.8735 37.577 -37.9125 -42.6512 37.6444 -29.7652 -37.4156 33.2108 
-29.8183 -37.5748 33.2088 -29.8343 -37.7875 33.272 -30.0578 -38.0487 33.2993 
-30.1176 -38.0669 33.2829 -29.738 -37.1732 33.2613 -29.6737 -37.2772 33.2757 
-29.4813 -37.1036 33.5006 -29.4929 -37.2776 33.3971 -29.3241 -37.0931 33.6425 
-29.3792 -36.9266 33.9284 -29.6742 -36.859 33.9315 -29.8996 -36.8063 34.1291 
-30.1658 -36.7945 34.1078 -30.4492 -36.7783 34.397 -30.7338 -36.7767 34.4033 
-31.0251 -36.7804 34.7151 -31.302 -36.7918 35.0128 -32.3805 -37.7786 35.99 
-31.9077 -37.4394 36.1554 -31.9706 -37.6301 36.1898 -32.1738 -37.7891 36.1177 
-31.764 -37.3239 36.1824 -31.3327 -37.0947 36.2102 -31.5763 -37.2976 36.2645 
-31.2221 -36.8765 35.8249 -31.2486 -36.9535 36.0504 -31.2839 -36.8037 35.2867 
-31.2671 -36.8282 35.5487 -32.5668 -38.0042 35.9591 -32.8236 -38.272 35.9255 
-32.9382 -38.6124 36.0794 -32.738 -38.5128 36.1184 -32.6297 -38.2609 36.0348 
-33.4761 -38.9103 36.0797 -33.2884 -38.8398 36.1018 -32.9771 -38.7783 36.2009 
-33.5364 -39.0645 36.2061 -33.7909 -39.2872 36.3001 -34.0415 -39.4861 36.3604 
-34.0869 -39.6451 36.4663 -34.2002 -39.769 36.5099 -34.1442 -40.1106 36.7735 
-34.2924 -40.3101 36.8814 -34.4446 -40.4975 36.9988 -33.9962 -39.7393 36.5685 
-33.9818 -39.9228 36.6964 -34.7837 -40.6407 37.0247 -34.6142 -40.6674 37.1102 
-34.8919 -40.8827 37.2336 -34.7083 -40.8234 37.2411 -34.9174 -41.0197 37.3657 
-35.2998 -41.1661 37.3482 -35.1234 -41.1868 37.4556 -35.6304 -41.4255 37.5111 
-35.4046 -41.4037 37.5786 -35.2006 -41.3414 37.5957 -35.7482 -41.5822 37.6765 
-36.665 -41.869 37.878 -36.9473 -41.9284 37.9003 -36.1901 -41.7373 37.7767 
-36.3328 -41.8631 37.9318 -35.9159 -41.7133 37.8087 -37.3023 -42.0203 37.9051 
-37.4489 -42.1455 37.9516 -37.1361 -42.06 38.005 -37.7623 -42.4158 37.8815 
-37.6166 -42.3138 37.9838 -37.7952 -42.678 37.8754 -36.4357 -44.0281 35.3039 
-36.4299 -44.0551 35.3392 -36.415 -44.1113 35.4037 -36.5372 -44.2225 35.4644 
-36.6469 -44.3384 35.659 -36.813 -44.4237 35.9079 -36.8705 -44.5133 36.1386 
-36.9618 -44.5377 36.3198 -37.106 -44.4575 36.3974 -37.3268 -44.2673 36.6677 
-37.1898 -44.4316 36.6561 -37.6177 -43.7608 36.9656 -37.4273 -44.1292 36.8447 
-37.5259 -43.9486 37.0526 -37.7037 -43.5544 37.1813 -37.7742 -43.3439 37.3971 
-37.8117 -43.1352 37.6192 -37.8004 -42.9505 37.8168 -29.6449 -37.5148 33.2935 
-29.5927 -37.7701 33.3752 -29.7733 -38.0382 33.4169 -29.7831 -38.0466 33.4184 
-30.0543 -38.0627 33.3106 -30.072 -38.0634 33.3038 -29.3755 -37.1847 33.4981 
-29.2743 -37.3264 33.5301 -29.4274 -37.5397 33.4159 -29.1611 -37.0531 33.8072 
-29.1027 -37.2136 33.7006 -29.1157 -36.9895 33.963 -29.1773 -36.9085 34.1892 
-29.4347 -36.8473 34.2137 -29.6444 -36.8273 34.157 -29.8984 -36.7894 34.4059 
-30.1694 -36.7818 34.397 -30.4558 -36.7771 34.6988 -30.7403 -36.7784 34.7069 
-31.024 -36.7863 35.0125 -32.3619 -38.0263 36.0879 -31.7651 -37.4816 36.2571 
-32.0328 -37.8262 36.2178 -31.8155 -37.7545 36.3293 -32.1672 -37.9573 36.1782 
-31.145 -36.9742 36.1451 -31.369 -37.295 36.3749 -31.1383 -37.1818 36.3917 
-30.9811 -37.0055 36.2414 -31.5608 -37.4947 36.3803 -30.9903 -36.8144 35.5664 
-30.9358 -36.8354 35.7745 -30.9982 -36.8973 36.0084 -31.0145 -36.7962 35.2981 
-32.823 -38.6482 36.1662 -32.4295 -38.4159 36.2345 -32.6481 -38.6622 36.2789 
-32.388 -38.2279 36.1534 -33.3761 -38.9445 36.163 -33.2208 -38.9707 36.2632 
-32.9786 -38.9429 36.3518 -32.7597 -38.8642 36.3893 -33.5433 -39.2324 36.3639 
-33.3387 -39.1508 36.379 -33.6392 -39.3859 36.451 -33.8325 -39.4558 36.4278 
-33.9424 -39.5758 36.4749 -33.9304 -40.048 36.7967 -33.9754 -40.2295 36.9132 
-34.1463 -40.4471 37.0402 -34.2968 -40.6275 37.1658 -33.7716 -39.565 36.5327 
-33.7516 -39.7466 36.6602 -33.8132 -39.9232 36.7519 -34.4413 -40.7898 37.2902 
-34.78 -40.9159 37.3142 -34.6078 -40.9447 37.4033 -34.8806 -41.1544 37.5294 
-34.6986 -41.0959 37.5365 -34.8947 -41.2875 37.6696 -35.469 -41.5178 37.695 
-35.2747 -41.4578 37.7013 -35.0576 -41.4395 37.7742 -35.7015 -41.7012 37.8534 
-35.5145 -41.6469 37.8446 -36.4959 -42.0016 38.0843 -36.8107 -42.0295 38.0568 
-36.0203 -41.8561 37.9845 -36.191 -41.985 38.1194 -35.7586 -41.8048 37.9772 
-37.4766 -42.3294 38.1136 -37.2643 -42.2397 38.1454 -36.9831 -42.1978 38.1959 
-37.6345 -42.486 38.0709 -37.6592 -42.6723 38.1107 -37.6953 -42.9005 38.064 
-36.4042 -44.1649 35.4781 -36.4351 -44.2909 35.6446 -36.5306 -44.4351 35.8977 
-36.6963 -44.5367 36.1001 -36.8074 -44.5836 36.2678 -36.856 -44.6319 36.4988 
-37.038 -44.5444 36.5187 -37.3214 -44.2987 36.9174 -37.0335 -44.5955 36.7517 
-37.1969 -44.4752 36.9893 -37.6171 -43.7447 37.2718 -37.4291 -44.1276 37.1368 
-37.523 -43.9312 37.3562 -37.6981 -43.5356 37.4709 -37.7497 -43.3442 37.6575 
-37.7437 -43.1626 37.8874 -29.3967 -37.7724 33.4639 -29.5231 -37.9567 33.4711 
-29.5429 -38.0325 33.5131 -29.762 -38.0454 33.4266 -29.775 -38.0463 33.4214 
-29.2383 -37.608 33.5363 -29.0686 -37.4503 33.6538 -28.9594 -37.1271 33.901 
-28.9212 -37.3184 33.7887 -28.97 -37.0136 34.0856 -29.1186 -36.8745 34.5006 
-28.9191 -36.972 34.306 -29.3845 -36.831 34.45 -29.6409 -36.8034 34.4261 
-29.8995 -36.782 34.6973 -30.1747 -36.7776 34.6943 -30.4594 -36.7788 35.0007 
-30.7423 -36.7822 35.0079 -32.2297 -38.1277 36.2041 -32.0435 -37.9966 36.2728 
-31.5906 -37.6877 36.4425 -31.679 -37.8946 36.4644 -31.8928 -38.0407 36.3875 
-31.2341 -37.3382 36.4719 -31.3715 -37.4345 36.4605 -30.8655 -37.1221 36.4374 
-31.0405 -37.313 36.5271 -30.6992 -36.8879 36.0762 -30.6621 -36.9724 36.3029 
-31.4458 -37.57 36.4801 -30.7362 -36.7892 35.2985 -30.7198 -36.8021 35.5687 
-30.7117 -36.8309 35.8248 -32.2931 -38.2641 36.2259 -32.4002 -38.5984 36.3683 
-32.2254 -38.4836 36.3965 -32.1323 -38.2488 36.3255 -32.4368 -38.7769 36.4874 
-33.0902 -39.0905 36.4334 -32.8792 -39.0189 36.4665 -32.6759 -39.0005 36.5472 
-33.4429 -39.3036 36.4661 -33.2384 -39.2754 36.5249 -33.4857 -39.5027 36.5945 
-33.7235 -40.0263 36.8484 -33.7046 -40.22 36.9822 -33.8628 -40.3996 37.0746 
-33.9927 -40.5863 37.2061 -34.1383 -40.7589 37.3403 -33.5476 -39.7146 36.7109 
-33.6676 -39.8526 36.7558 -34.2875 -40.9131 37.4661 -34.4285 -41.0627 37.591 
-34.7666 -41.187 37.6118 -34.5919 -41.2143 37.7057 -34.8528 -41.4178 37.836 
-34.6791 -41.3629 37.8415 -35.2334 -41.5805 37.869 -34.8833 -41.5497 37.9729 
-35.5744 -41.7544 37.9638 -35.3604 -41.7388 38.0153 -36.3473 -42.1321 38.2612 
-36.6667 -42.1645 38.2353 -35.975 -41.9742 38.1483 -35.8088 -41.9268 38.1234 
-36.0116 -42.1069 38.292 -35.5455 -41.8785 38.1278 -37.3608 -42.3817 38.2289 
-37.4901 -42.4568 38.203 -37.1671 -42.3751 38.2957 -36.8684 -42.3684 38.3785 
-37.5536 -42.5749 38.2063 -37.5458 -42.739 38.2497 -37.6662 -43.1163 38.1106 
-37.5467 -42.9892 38.2896 -36.3964 -44.1946 35.5289 -36.3863 -44.2538 35.6405 
-36.3857 -44.3026 35.7165 -36.3882 -44.3651 35.8611 -36.4003 -44.4573 36.0299 
-36.5204 -44.5457 36.1253 -36.6264 -44.6213 36.3226 -36.6573 -44.7002 36.5655 
-36.8223 -44.7414 36.8023 -37.3276 -44.302 37.2283 -37.0506 -44.674 37.0865 
-37.2221 -44.4885 37.3254 -37.6095 -43.7011 37.6077 -37.4301 -44.1085 37.4348 
-37.5062 -43.9194 37.6385 -37.6921 -43.4967 37.6965 -37.7119 -43.3684 37.8385 
-37.6684 -43.3074 38.0276 -29.2681 -37.8217 33.5585 -29.3804 -37.9273 33.5221 
-29.4418 -38.0274 33.5434 -29.4628 -38.0484 33.5499 -29.0648 -37.7582 33.7027 
-28.8917 -37.5269 33.7809 -28.8008 -37.2619 33.9361 -28.7432 -37.1457 34.1618 
-28.7875 -37.4013 33.8777 -29.0672 -36.8496 34.8282 -28.8618 -36.9302 34.5753 
-29.3575 -36.8157 34.747 -28.7118 -37.0342 34.426 -29.6291 -36.7938 34.7112 
-29.8993 -36.779 34.997 -30.178 -36.7772 34.9955 -30.4571 -36.7835 35.2957 
-31.4605 -37.7464 36.5341 -31.772 -38.1048 36.4892 -31.5541 -38.0342 36.5886 
-31.9276 -38.2232 36.4429 -31.2536 -37.5222 36.5481 -30.59 -37.0739 36.4805 
-30.7693 -37.2618 36.5863 -30.9813 -37.5163 36.6519 -30.4302 -36.8201 35.8536 
-30.3797 -36.8691 36.1283 -30.4344 -36.9531 36.3526 -30.4488 -36.7949 35.5797 
-32.284 -38.6194 36.4507 -32.036 -38.3796 36.4547 -32.0934 -38.5952 36.5534 
-32.4541 -38.9908 36.6459 -32.2267 -38.8603 36.6624 -32.9285 -39.2099 36.601 
-32.6404 -39.151 36.6819 -33.1818 -39.4266 36.6579 -33.3413 -39.6314 36.7321 
-33.4936 -39.8393 36.8066 -33.4566 -40.0355 36.9387 -33.5259 -40.2335 37.0421 
-33.6526 -40.353 37.0917 -33.6774 -40.519 37.2272 -33.8167 -40.7332 37.396 
-33.989 -40.8871 37.5169 -34.1219 -41.0324 37.6473 -34.268 -41.1814 37.7766 
-34.4105 -41.3309 37.9013 -34.7479 -41.452 37.9167 -34.5797 -41.4812 38.0106 
-35.0747 -41.7088 38.081 -34.8541 -41.6898 38.1409 -34.6756 -41.634 38.1439 
-35.2296 -41.8629 38.2016 -36.2313 -42.2689 38.4171 -36.5296 -42.3032 38.3967 
-35.8706 -42.0108 38.2132 -35.7089 -42.0463 38.2813 -36.0107 -42.2615 38.4462 
-35.8109 -42.2114 38.4288 -35.4006 -42.0212 38.3215 -37.3812 -42.5459 38.3076 
-37.1359 -42.5655 38.4382 -36.6947 -42.4861 38.5171 -36.9203 -42.5425 38.5066 
-37.3624 -42.771 38.4157 -37.5961 -43.2164 38.2132 -37.3968 -42.9759 38.4578 
-37.4582 -43.211 38.4024 -36.3997 -44.4963 36.1082 -36.4327 -44.5853 36.2626 
-36.419 -44.6253 36.3905 -36.4564 -44.6516 36.4623 -36.4618 -44.6691 36.5166 
-36.5564 -44.7783 36.747 -36.6756 -44.8731 36.9534 -36.8772 -44.8496 37.0829 
-37.3449 -44.267 37.5841 -37.0139 -44.8169 37.2801 -37.1369 -44.6791 37.432 
-37.2494 -44.4904 37.6603 -37.642 -43.5133 37.8831 -37.5413 -43.7339 37.92 
-37.4348 -44.0703 37.672 -37.4734 -43.9459 37.8329 -37.5606 -43.4527 38.1651 
-29.2969 -38.0003 33.6384 -29.2736 -37.9954 33.6563 -29.3177 -38.0059 33.6233 
-29.3731 -38.027 33.5956 -28.8527 -37.7014 33.8442 -28.8839 -37.9096 33.9296 
-29.0853 -37.9639 33.7861 -28.9515 -37.9433 33.8889 -28.728 -37.5662 33.9306 
-28.6599 -37.378 34.0454 -28.5444 -37.3026 34.2451 -28.4833 -37.1746 34.4877 
-28.8037 -36.9068 34.8034 -28.8746 -36.8589 35.0828 -29.1481 -36.8136 35.1262 
-29.36 -36.7996 35.0521 -28.6124 -37.0034 34.6794 -29.6248 -36.7862 35.0121 
-29.8975 -36.7773 35.2968 -30.1769 -36.7795 35.2942 -31.2495 -37.7915 36.65 
-31.8175 -38.3145 36.5588 -31.3467 -38.0761 36.7091 -31.564 -38.3062 36.6953 
-30.3558 -37.0151 36.4722 -30.4381 -37.1964 36.6339 -30.6969 -37.4147 36.7048 
-30.8351 -37.6269 36.7544 -31.0268 -37.734 36.7253 -30.1676 -36.7865 35.5837 
-30.1426 -36.8031 35.8535 -30.0909 -36.8266 36.0591 -30.1663 -36.902 36.2975 
-31.7949 -38.5287 36.6827 -31.9612 -38.7615 36.7318 -32.3217 -39.0353 36.7417 
-32.465 -39.1265 36.7421 -32.127 -38.9945 36.8044 -32.7841 -39.3389 36.754 
-32.9911 -39.4113 36.7214 -32.5755 -39.2578 36.7858 -33.1333 -39.553 36.7597 
-33.2147 -39.7614 36.8563 -33.1805 -39.9633 36.9865 -33.3224 -40.1684 37.0663 
-33.4611 -40.3523 37.1514 -33.3934 -40.4971 37.2913 -33.5241 -40.6613 37.4035 
-33.7737 -40.8717 37.554 -33.599 -40.8142 37.5405 -33.7893 -40.9999 37.7023 
-33.9716 -41.1485 37.8281 -34.0901 -41.3056 37.9782 -34.2659 -41.4495 38.0843 
-34.4107 -41.6018 38.199 -34.9001 -41.835 38.2757 -34.7519 -41.7287 38.2192 
-34.5937 -41.7648 38.3041 -35.1173 -42.0014 38.3743 -36.1258 -42.4035 38.5472 
-36.407 -42.4453 38.5372 -35.553 -42.1851 38.4461 -35.9125 -42.3444 38.5304 
-35.71 -42.3489 38.5585 -35.2788 -42.1639 38.4807 -37.0415 -42.6644 38.5482 
-37.1865 -42.7378 38.5234 -36.6026 -42.6386 38.6394 -36.8629 -42.6658 38.5995 
-37.272 -42.8712 38.5309 -37.276 -43.046 38.5683 -37.4369 -43.4882 38.41 
-37.2845 -43.3089 38.6072 -36.3844 -44.5292 36.1836 -36.3772 -44.5729 36.2839 
-36.4573 -44.7002 36.5852 -36.4287 -44.7644 36.7649 -36.4418 -44.8692 36.9347 
-36.5586 -44.9735 37.0992 -36.7505 -44.9554 37.1289 -36.8959 -44.9696 37.3198 
-37.4054 -44.0928 37.867 -37.3267 -44.2873 37.9086 -37.0668 -44.865 37.5323 
-37.1841 -44.6975 37.7472 -37.2612 -44.5013 37.9778 -37.4552 -43.9002 38.0527 
-37.4819 -43.6869 38.2205 -28.7441 -37.7466 33.9622 -28.8977 -37.933 33.9343 
-28.662 -37.8651 34.1344 -28.6825 -37.8991 34.141 -28.8761 -37.929 33.9546 
-28.5984 -37.5525 34.0749 -28.6397 -37.6821 34.0488 -28.5045 -37.4738 34.2109 
-28.3974 -37.3841 34.3983 -28.2922 -37.3199 34.59 -28.2526 -37.1921 34.8075 
-28.4295 -37.0888 34.7126 -28.6526 -36.933 34.9198 -28.8103 -36.8423 35.4401 
-28.599 -36.9157 35.1648 -29.1025 -36.8054 35.3739 -29.3653 -36.7862 35.3423 
-29.6247 -36.779 35.3113 -28.4318 -37.0219 34.932 -29.8895 -36.779 35.586 
-31.1288 -37.9328 36.7525 -31.2177 -38.1321 36.7843 -31.3682 -38.255 36.7663 
-31.462 -38.4076 36.7874 -31.6133 -38.5075 36.7636 -30.1363 -37.019 36.5162 
-30.1298 -37.1573 36.6796 -30.3064 -37.3327 36.7635 -30.5115 -37.3962 36.7521 
-30.6463 -37.5424 36.7813 -30.7192 -37.7654 36.8296 -30.9404 -37.8193 36.7849 
-29.8739 -36.7902 35.8529 -29.8721 -36.8261 36.1048 -29.8691 -36.9024 36.3473 
-31.7371 -38.6667 36.7872 -31.8117 -38.9105 36.8924 -32.3653 -39.2097 36.8427 
-32.1015 -39.1909 36.9422 -32.6485 -39.4772 36.8963 -32.9501 -39.5473 36.8238 
-32.941 -39.7535 36.949 -33.0035 -39.9465 37.0382 -33.1184 -40.0896 37.0857 
-33.1544 -40.2959 37.2163 -33.1891 -40.4968 37.3582 -33.3129 -40.6109 37.4182 
-33.3124 -40.7549 37.57 -33.6632 -40.907 37.625 -33.482 -40.9294 37.7124 
-33.7508 -41.1317 37.8739 -33.5565 -41.0787 37.8697 -33.8165 -41.2424 37.9884 
-34.045 -41.4276 38.134 -33.8734 -41.3713 38.1231 -34.0803 -41.5652 38.2672 
-34.2947 -41.7326 38.3656 -34.9062 -41.998 38.4283 -34.7073 -41.941 38.4318 
-34.4505 -41.9007 38.4685 -35.0187 -42.1388 38.5168 -35.9428 -42.5231 38.6543 
-36.2948 -42.6161 38.6746 -35.4456 -42.3357 38.5862 -35.6355 -42.5174 38.6849 
-35.1717 -42.3146 38.6167 -37.0855 -42.842 38.612 -36.5438 -42.7989 38.7499 
-36.8284 -42.8614 38.7128 -37.0821 -43.0794 38.7064 -37.4154 -43.6815 38.4126 
-37.3289 -43.5867 38.5723 -37.1249 -43.278 38.7516 -37.179 -43.4794 38.734 
-36.415 -44.845 36.9032 -36.4136 -44.8632 36.9381 -36.4157 -44.8807 36.9647 
-36.4606 -44.9633 37.1093 -36.4738 -45.0692 37.2551 -36.6954 -45.0531 37.2627 
-36.8129 -45.1054 37.431 -36.9829 -45.0658 37.619 -37.3749 -44.0763 38.1378 
-37.3045 -44.2897 38.2144 -37.1393 -44.9144 37.8497 -37.2211 -44.7115 38.0527 
-37.2605 -44.5278 38.2773 -37.4089 -43.8599 38.3036 -28.5219 -37.8784 34.3262 
-28.6537 -37.8968 34.1691 -28.48 -37.8719 34.3773 -28.5152 -37.6787 34.2158 
-28.3858 -37.5754 34.3729 -28.2611 -37.4948 34.5659 -28.1528 -37.388 34.7583 
-28.0754 -37.3075 34.9214 -28.0759 -37.2092 35.1 -28.234 -37.0924 35.0623 
-28.5476 -36.9007 35.4111 -28.6293 -36.869 35.6887 -28.8846 -36.8181 35.737 
-29.0935 -36.7968 35.6673 -28.353 -36.9905 35.2635 -29.3548 -36.7816 35.6251 
-29.6202 -36.7764 35.599 -30.9915 -38.0493 36.8355 -31.252 -38.3425 36.8461 
-31.5156 -38.6139 36.859 -29.8449 -37.0314 36.5765 -29.9466 -37.1728 36.7252 
-30.0996 -37.2804 36.7768 -30.1877 -37.4934 36.8458 -30.4692 -37.5417 36.8187 
-30.4438 -37.7656 36.885 -30.7062 -38.0379 36.9052 -29.6125 -36.7876 35.8745 
-29.6016 -36.826 36.1362 -29.5745 -36.9042 36.376 -31.5044 -38.8384 36.9713 
-31.6763 -39.0633 37.0275 -31.8876 -39.1495 37.0012 -32.3484 -39.3987 36.9694 
-32.0168 -39.2998 37.0398 -32.1707 -39.3814 37.0294 -32.5133 -39.6153 37.0316 
-32.7265 -39.7095 37.0037 -32.8523 -39.861 37.044 -32.9025 -40.0457 37.1384 
-32.8559 -40.2285 37.2741 -32.936 -40.4324 37.3975 -33.1135 -40.6096 37.4886 
-32.9679 -40.7317 37.6678 -33.158 -40.891 37.7791 -33.2824 -41.0397 37.9131 
-33.6255 -41.1887 37.9822 -33.4119 -41.1786 38.0376 -33.6026 -41.3163 38.1395 
-33.9377 -41.4606 38.2044 -33.773 -41.4913 38.2811 -34.079 -41.7221 38.4208 
-33.8793 -41.6646 38.4219 -34.1893 -41.8636 38.5101 -34.8145 -42.0853 38.5235 
-34.612 -42.0792 38.5672 -34.3418 -42.0442 38.6077 -34.8559 -42.282 38.6533 
-35.8393 -42.7179 38.783 -36.1264 -42.7493 38.7753 -36.3508 -42.8005 38.7828 
-35.3589 -42.5 38.7087 -35.5509 -42.6982 38.7997 -35.1031 -42.4783 38.7325 
-36.4946 -42.9267 38.8281 -36.6991 -42.9871 38.8158 -36.8978 -43.0543 38.7911 
-37.0015 -43.1843 38.8019 -37.3496 -43.7865 38.497 -37.2164 -43.779 38.6918 
-37.0081 -43.3453 38.8346 -37.0222 -43.5847 38.8631 -36.4751 -45.0766 37.2685 
-36.6273 -45.1663 37.4269 -36.8091 -45.2123 37.6105 -37.0897 -45.093 37.8523 
-36.9935 -45.2252 37.8271 -37.3116 -44.0297 38.448 -37.2609 -44.3232 38.5076 
-37.2104 -44.8845 38.1436 -37.1656 -45.0438 38.0365 -37.2423 -44.7372 38.3163 
-37.2425 -44.6119 38.5682 -28.4734 -37.8712 34.3852 -28.4098 -37.7152 34.3703 
-28.3042 -37.717 34.5484 -28.1324 -37.6043 34.7992 -28.0264 -37.4417 34.9405 
-27.9892 -37.3397 35.0627 -28.0388 -37.1791 35.3935 -27.9553 -37.3172 35.2629 
-28.1596 -37.0929 35.2635 -28.4118 -36.9379 35.5316 -28.5933 -36.888 35.9778 
-28.3965 -36.9451 35.7762 -28.8321 -36.838 35.9585 -29.0859 -36.8069 35.9377 
-29.345 -36.7923 35.9033 -28.2109 -37.0407 35.539 -30.9713 -38.317 36.9234 
-31.2343 -38.6101 36.9556 -29.515 -37.0239 36.5754 -29.7287 -37.1609 36.7179 
-29.925 -37.3151 36.8063 -29.9097 -37.529 36.8818 -30.1591 -37.7627 36.9235 
-30.4196 -38.0248 36.9548 -30.6853 -38.3129 36.9874 -29.3235 -36.8325 36.1618 
-29.2779 -36.9148 36.3907 -31.3221 -38.8389 37.0289 -31.4677 -38.9876 37.0562 
-31.5507 -39.2084 37.1402 -31.8391 -39.2863 37.0928 -32.3011 -39.5267 37.0628 
-32.0905 -39.4975 37.1221 -32.3817 -39.7436 37.1542 -32.6702 -39.8362 37.0993 
-32.6252 -40.028 37.2305 -32.6886 -40.2177 37.3261 -32.7887 -40.312 37.3545 
-32.9277 -40.5924 37.5391 -32.7582 -40.5259 37.5425 -32.6477 -40.3419 37.4326 
-32.8357 -40.6314 37.61 -32.9358 -40.8715 37.8353 -32.7617 -40.8136 37.8332 
-32.6708 -40.6528 37.6968 -32.9571 -41.0019 37.9803 -33.1329 -41.1534 38.0991 
-33.2853 -41.2995 38.2168 -33.4587 -41.4577 38.334 -33.6169 -41.6276 38.4553 
-33.9838 -41.8061 38.5183 -33.7802 -41.8015 38.5628 -34.0232 -42.0016 38.6522 
-34.5352 -42.2392 38.6939 -34.2731 -42.203 38.7291 -34.7085 -42.4433 38.779 
-34.9193 -42.4917 38.7692 -35.7604 -42.9139 38.8908 -36.0484 -42.9286 38.8744 
-36.3101 -42.9417 38.8566 -35.2756 -42.6667 38.8135 -35.4605 -42.8849 38.9034 
-35.0612 -42.6195 38.817 -36.5703 -43.1328 38.8985 -36.8389 -43.1771 38.8556 
-37.197 -44.1021 38.7249 -37.0312 -43.8908 38.9239 -36.8075 -43.3786 38.9209 
-36.8121 -43.6422 39.0039 -36.476 -45.0829 37.2783 -36.4911 -45.1784 37.4471 
-36.5767 -45.2851 37.6279 -36.8001 -45.3453 37.8367 -37.1133 -45.1672 37.9737 
-36.9862 -45.3339 37.9589 -37.0887 -45.2642 38.034 -37.2003 -44.3876 38.7708 
-37.2372 -44.878 38.3383 -37.2133 -45.0069 38.2629 -37.1661 -45.1538 38.1599 
-37.2445 -44.8119 38.4904 -37.2058 -44.6124 38.8272 -37.2195 -44.887 38.7404 
-28.4646 -37.8698 34.3988 -28.2117 -37.8083 34.7716 -28.2471 -37.8403 34.7352 
-28.3288 -37.8499 34.6042 -28.0079 -37.5822 35.0257 -28.0973 -37.8056 35.0513 
-27.9469 -37.4543 35.144 -28.0477 -37.1656 35.6924 -27.9404 -37.3046 35.5356 
-27.9102 -37.4567 35.3879 -28.568 -36.9186 36.1652 -28.4071 -36.9638 36.0398 
-28.7788 -36.8863 36.208 -28.2165 -37.0508 35.8718 -29.0493 -36.8507 36.1826 
-30.9511 -38.542 37.0047 -31.1176 -38.7646 37.0511 -29.1945 -37.0606 36.5879 
-29.4565 -37.185 36.7238 -29.6751 -37.3431 36.8204 -29.642 -37.5625 36.8982 
-29.8709 -37.7708 36.9489 -30.122 -38.0377 36.9969 -30.3964 -38.2517 37.0201 
-30.5679 -38.4718 37.0612 -30.7726 -38.5431 37.0446 -29.0001 -36.9308 36.3933 
-31.2839 -38.9865 37.1067 -31.2493 -39.2061 37.2183 -31.5212 -39.4261 37.2567 
-31.8142 -39.5035 37.2137 -32.1061 -39.7448 37.2504 -32.3485 -39.9472 37.2818 
-32.493 -40.1466 37.3525 -32.4992 -40.4677 37.5904 -32.3282 -40.2475 37.4805 
-32.8287 -40.9063 37.9137 -32.4985 -40.7711 37.8805 -32.6617 -40.9318 38.0002 
-32.3517 -40.5961 37.7564 -32.9193 -41.1349 38.1488 -32.7483 -41.082 38.1416 
-32.9586 -41.2723 38.285 -33.1718 -41.4329 38.389 -33.335 -41.6 38.5001 
-33.5113 -41.7769 38.605 -33.7022 -41.9597 38.6954 -33.8714 -42.158 38.785 
-34.0857 -42.2095 38.7736 -34.4461 -42.3985 38.8058 -34.2312 -42.3428 38.8198 
-34.6288 -42.6164 38.8846 -34.8831 -42.6377 38.8528 -35.6897 -43.1371 39.002 
-35.9909 -43.1297 38.9726 -36.2799 -43.1432 38.947 -35.1376 -42.8226 38.9085 
-35.362 -43.0732 39.0022 -36.5363 -43.4024 39.0078 -37.0922 -44.2098 38.9561 
-36.861 -43.8578 39.0664 -36.9271 -44.0651 39.0987 -36.6187 -43.6259 39.0838 
-36.731 -43.7631 39.103 -36.5035 -45.2547 37.5762 -36.5103 -45.294 37.6455 
-36.5319 -45.3812 37.8148 -36.5352 -45.3941 37.8434 -36.7159 -45.4499 38.0498 
-36.9286 -45.4044 38.0678 -37.0524 -45.3478 38.1032 -37.1332 -45.2709 38.2423 
-37.1354 -44.4709 38.9953 -37.2346 -44.9418 38.458 -37.202 -45.1081 38.4358 
-37.1664 -44.7002 39.0224 -37.1959 -45.1497 38.6934 -37.1694 -44.8938 39.0883 
-37.1763 -45.1166 39.0144 -28.1171 -37.8264 35.0268 -28.219 -37.8358 34.7856 
-27.9558 -37.6146 35.2385 -27.9978 -37.7748 35.3506 -28.1082 -37.8249 35.0512 
-28.1003 -37.8288 35.0873 -28.0421 -37.8566 35.3547 -28.0763 -37.1807 35.9817 
-27.9549 -37.3021 35.8201 -27.9064 -37.4544 35.6663 -27.9256 -37.6226 35.5062 
-28.4665 -36.9855 36.2294 -28.6308 -36.9559 36.3199 -28.2777 -37.0884 36.1685 
-28.8005 -36.9478 36.3933 -30.9151 -38.6913 37.0691 -30.9915 -38.9077 37.1431 
-28.8958 -37.0413 36.525 -29.2315 -37.2308 36.7344 -28.9752 -37.2335 36.6762 
-29.3863 -37.4007 36.8294 -29.4183 -37.6228 36.9061 -29.5951 -37.7888 36.9584 
-29.8003 -38.0023 37.0112 -29.9921 -38.2248 37.064 -30.2122 -38.2663 37.0515 
-30.3624 -38.4071 37.0749 -30.4454 -38.6262 37.1428 -30.7338 -38.6885 37.1082 
-30.9329 -39.1231 37.2546 -31.1218 -39.3595 37.3223 -31.3368 -39.4269 37.3037 
-31.482 -39.5688 37.3383 -31.6866 -39.6412 37.3216 -31.8962 -39.7204 37.3035 
-32.0212 -39.8588 37.3405 -32.1716 -39.9337 37.334 -32.2879 -40.0665 37.3738 
-32.2118 -40.4094 37.6405 -32.0742 -40.0366 37.4263 -32.0485 -40.2287 37.5571 
-32.1897 -40.7254 37.9328 -32.3521 -40.8928 38.0554 -32.4951 -41.0502 38.1793 
-32.0237 -40.5272 37.797 -32.817 -41.1721 38.2225 -32.6589 -41.2077 38.2983 
-32.9587 -41.426 38.4391 -32.7622 -41.3739 38.4337 -33.0665 -41.5644 38.5325 
-33.219 -41.7669 38.6555 -33.4468 -41.933 38.7301 -33.6083 -42.1129 38.8089 
-33.7812 -42.3267 38.8931 -34.0478 -42.3591 38.8633 -34.3163 -42.5563 38.9125 
-34.5721 -42.8326 38.9991 -34.8537 -42.8302 38.9512 -35.5434 -43.2941 39.0897 
-35.764 -43.3437 39.0926 -35.9525 -43.3242 39.0656 -36.2189 -43.3453 39.0436 
-35.0751 -43.0389 39.0185 -35.2685 -43.2537 39.0993 -36.4048 -43.5644 39.1119 
-36.9839 -44.3434 39.1767 -36.743 -43.9291 39.1666 -36.7741 -44.1587 39.2629 
-36.5666 -43.7636 39.1629 -36.5371 -45.3995 37.8568 -36.5639 -45.4659 38.0697 
-36.6772 -45.5126 38.2948 -36.8914 -45.4611 38.2775 -37.0476 -45.3807 38.2731 
-37.1445 -45.2845 38.4865 -37.079 -44.5683 39.1717 -37.0897 -44.7543 39.2556 
-37.1386 -45.301 38.7671 -37.0942 -44.9865 39.3511 -37.1197 -45.3252 39.0639 
-37.1328 -45.2081 39.3193 -27.9961 -37.8195 35.6071 -28.0482 -37.8961 35.5065 
-28.1119 -37.2362 36.2083 -27.9878 -37.3158 36.0658 -27.9341 -37.4474 35.9399 
-27.9396 -37.6258 35.7923 -28.4964 -37.0869 36.3889 -28.7027 -37.0213 36.4525 
-28.28 -37.2215 36.363 -30.6985 -38.8842 37.1994 -28.7032 -37.1697 36.555 
-29.1399 -37.3654 36.787 -28.9662 -37.4372 36.7701 -28.6985 -37.4534 36.6661 
-29.1418 -37.6078 36.86 -29.333 -37.8221 36.948 -29.5143 -38.0208 37.0136 
-29.7136 -38.2226 37.0781 -29.9209 -38.4303 37.1421 -30.1822 -38.4278 37.1103 
-30.1548 -38.6374 37.199 -30.4086 -38.8788 37.2612 -30.6721 -39.0821 37.2963 
-30.8571 -39.2954 37.3543 -31.044 -39.5293 37.424 -31.303 -39.5708 37.3828 
-31.5534 -39.7751 37.4261 -31.8405 -39.8485 37.3886 -31.9948 -40.3603 37.6674 
-31.7912 -40.047 37.5155 -31.8624 -40.2439 37.621 -31.844 -40.6932 37.9952 
-32.0652 -40.8609 38.1024 -32.2121 -41.0169 38.218 -32.3572 -41.1782 38.3375 
-31.8058 -40.3693 37.7282 -31.7465 -40.5126 37.8595 -32.5051 -41.3443 38.4557 
-32.8614 -41.5066 38.5292 -32.6606 -41.5096 38.5627 -32.8852 -41.6813 38.6495 
-33.0542 -41.8994 38.7653 -33.2649 -41.9445 38.7682 -33.3989 -42.0624 38.8169 
-33.466 -42.26 38.9067 -33.6894 -42.5112 38.9975 -34.0133 -42.5771 38.9782 
-34.2818 -42.7752 39.0258 -34.4455 -42.9794 39.0935 -34.6491 -43.0392 39.0833 
-34.8248 -43.0235 39.0464 -35.4539 -43.4616 39.1861 -35.7199 -43.4894 39.1706 
-35.9129 -43.4744 39.1426 -36.1353 -43.5221 39.1388 -35 -43.2159 39.1151 
-35.1717 -43.4249 39.2023 -36.3187 -43.7364 39.2122 -36.8411 -44.3594 39.3392 
-36.9405 -44.5643 39.3643 -36.5313 -43.9659 39.2743 -36.6018 -44.1602 39.3645 
-36.7097 -44.2824 39.3876 -36.5881 -45.5005 38.2188 -36.6034 -45.5209 38.3132 
-36.6547 -45.548 38.5583 -36.8682 -45.4989 38.538 -37.037 -45.4107 38.5192 
-36.9754 -44.793 39.4639 -37.0231 -45.4345 38.8014 -36.8849 -44.9683 39.6705 
-37.0655 -45.1306 39.5268 -37.0007 -45.4509 39.0858 -37.0861 -45.3594 39.3245 
-37.0802 -45.2704 39.5205 -28.062 -37.9721 35.6848 -28.0151 -37.8267 35.8942 
-28.0798 -38.0055 35.7618 -28.0308 -37.3647 36.2308 -28.1408 -37.3272 36.3344 
-27.968 -37.429 36.1275 -28.0021 -37.6008 36.1032 -28.4703 -37.2876 36.5155 
-28.2682 -37.3914 36.4456 -28.8834 -37.6019 36.79 -28.4271 -37.4938 36.5551 
-28.7217 -37.7264 36.741 -28.4753 -37.7874 36.589 -28.9048 -37.8474 36.8453 
-29.1184 -37.8727 36.9221 -29.2243 -38.0887 36.9938 -29.4331 -38.2601 37.0771 
-29.6293 -38.4505 37.1579 -29.8557 -38.6647 37.2469 -30.1148 -38.8319 37.2972 
-30.2789 -39.0276 37.3606 -30.4902 -39.0876 37.3423 -30.6396 -39.2285 37.3746 
-30.7248 -39.4488 37.4617 -30.9774 -39.7369 37.5443 -31.2673 -39.7573 37.486 
-31.482 -39.9781 37.5545 -31.6478 -40.1926 37.6446 -31.6775 -40.5951 37.9453 
-31.8519 -40.8566 38.1486 -31.6547 -40.8147 38.1433 -31.5357 -40.6496 38.0188 
-31.9504 -40.9844 38.244 -32.0713 -41.1475 38.362 -32.2257 -41.3226 38.4796 
-31.5353 -40.3561 37.787 -31.5742 -40.5204 37.9052 -32.3941 -41.4995 38.5877 
-32.5834 -41.6807 38.6843 -32.7802 -41.8744 38.7769 -32.9717 -42.073 38.8646 
-33.2206 -42.0811 38.848 -33.1772 -42.2691 38.9412 -33.3933 -42.4802 39.0184 
-33.6015 -42.7029 39.0994 -33.8795 -42.7367 39.0777 -34.0969 -42.7875 39.0661 
-34.2415 -42.9196 39.1037 -34.314 -43.1239 39.1914 -34.6047 -43.1806 39.164 
-34.7898 -43.1684 39.1229 -35.3622 -43.6342 39.2977 -35.6517 -43.6639 39.2775 
-35.9873 -43.6962 39.2508 -34.8608 -43.3686 39.2192 -35.0772 -43.6013 39.3182 
-36.2538 -43.91 39.3246 -36.7334 -44.4425 39.4734 -36.7752 -44.6771 39.6014 
-36.4036 -44.1044 39.4069 -36.5452 -44.2879 39.4748 -36.6436 -45.5473 38.5456 
-36.6459 -45.5484 38.5588 -36.6511 -45.5494 38.5885 -36.8464 -45.5197 38.82 
-36.7267 -44.8013 39.7399 -36.8267 -45.1973 39.775 -36.6824 -45.0398 39.8753 
-36.6447 -44.8735 39.8397 -36.9949 -45.1825 39.6551 -36.8165 -45.5213 39.1009 
-36.9644 -45.4505 39.339 -37.0352 -45.373 39.5003 -36.9768 -45.3075 39.6445 
-28.0926 -38.0352 35.8083 -28.0836 -37.9993 35.9686 -28.079 -37.8574 36.1229 
-28.0044 -37.4612 36.2139 -28.1037 -37.4861 36.3184 -28.1359 -37.7156 36.3014 
-28.2675 -37.6078 36.4585 -28.67 -37.9913 36.7421 -28.2657 -37.8239 36.4229 
-28.4918 -38.1738 36.5946 -28.319 -38.0837 36.4026 -28.8226 -38.1483 36.8602 
-29.0058 -38.0502 36.9271 -29.2106 -38.3258 37.059 -28.9835 -38.3343 36.9769 
-29.3255 -38.5098 37.146 -29.5414 -38.6748 37.2473 -29.7124 -38.8433 37.338 
-29.9245 -38.8556 37.337 -30.0673 -38.9755 37.3762 -30.1433 -39.1942 37.462 
-30.449 -39.2367 37.4234 -30.4134 -39.4591 37.5389 -30.6818 -39.6629 37.5777 
-30.8355 -39.87 37.6447 -31.0407 -39.9396 37.6344 -31.2242 -39.9398 37.5932 
-31.3813 -40.1365 37.673 -31.7528 -40.9396 38.2393 -31.3961 -40.8064 38.1645 
-31.5519 -40.9576 38.2725 -31.3607 -40.4805 37.9153 -31.2335 -40.6413 38.0513 
-31.766 -41.1041 38.3651 -31.9383 -41.3039 38.494 -32.1127 -41.4916 38.6041 
-31.2008 -40.2598 37.7913 -32.3007 -41.6795 38.7027 -32.4992 -41.8715 38.7926 
-32.7002 -42.0686 38.8771 -32.9029 -42.2685 38.9574 -33.1083 -42.4731 39.0366 
-33.314 -42.685 39.1182 -33.5209 -42.9036 39.202 -33.807 -42.9209 39.1767 
-34.0626 -42.9342 39.1431 -34.0287 -43.1263 39.243 -34.246 -43.3362 39.312 
-34.5564 -43.3931 39.2865 -35.2655 -43.8121 39.4232 -35.5502 -43.8353 39.3998 
-35.8312 -43.8647 39.3784 -36.0566 -43.9136 39.3712 -34.8136 -43.5805 39.3464 
-34.9857 -43.7798 39.4397 -36.1975 -44.0472 39.429 -36.5218 -44.4805 39.6274 
-36.5519 -44.6848 39.7697 -36.2554 -44.2588 39.5612 -36.6918 -45.5481 38.8288 
-36.629 -45.1714 39.8931 -36.6239 -45.3155 39.781 -36.8349 -45.3448 39.6959 
-36.5271 -44.9437 39.9388 -36.4933 -45.066 39.9608 -36.4293 -44.8022 39.9024 
-36.694 -45.5463 38.9326 -36.6944 -45.537 39.1066 -36.7727 -45.496 39.361 
-36.9101 -45.4141 39.5467 -28.1331 -38.1332 35.9512 -28.14 -38.0575 36.1185 
-28.1495 -38.1567 35.9828 -28.1818 -37.9445 36.2801 -28.641 -38.2976 36.7481 
-28.5063 -38.4889 36.6005 -28.3872 -38.3975 36.4146 -28.2132 -38.1282 36.2318 
-28.2764 -38.329 36.1997 -28.7688 -38.401 36.865 -29.1126 -38.4785 37.0785 
-28.9749 -38.5813 37.0447 -28.803 -38.6442 36.9304 -29.1023 -38.6769 37.1346 
-29.2845 -38.7683 37.2349 -29.4643 -38.882 37.3321 -29.6263 -39.0424 37.4208 
-29.8787 -39.0194 37.4142 -29.8121 -39.2824 37.5225 -30.11 -39.425 37.5767 
-30.286 -39.617 37.6379 -30.4933 -39.6674 37.6228 -30.6309 -39.8025 37.6571 
-30.6846 -40.0059 37.743 -30.9742 -40.0666 37.7198 -31.1692 -40.0715 37.6802 
-31.1188 -40.8199 38.1838 -31.2858 -40.9788 38.2943 -31.4687 -41.1328 38.3994 
-31.0658 -40.4511 37.9371 -30.9174 -40.6536 38.073 -31.6504 -41.3017 38.5049 
-31.8242 -41.493 38.6128 -32.0135 -41.6883 38.7127 -30.8874 -40.2413 37.8339 
-32.2181 -41.881 38.8023 -32.4232 -42.0768 38.8857 -32.6281 -42.2752 38.9661 
-32.8296 -42.4764 39.0465 -33.0285 -42.6824 39.13 -33.2281 -42.8934 39.2166 
-33.4303 -43.1068 39.3034 -33.7438 -43.1416 39.2917 -33.9922 -43.3165 39.344 
-34.1607 -43.5125 39.4138 -34.4176 -43.5551 39.3964 -34.6285 -43.6027 39.3885 
-35.1645 -44.0134 39.5651 -35.4567 -44.0098 39.5304 -35.7342 -44.0294 39.5054 
-36.0013 -44.0548 39.4766 -34.7681 -43.7314 39.4403 -34.8298 -43.9409 39.5518 
-36.3215 -44.4637 39.7042 -36.4251 -44.5577 39.7423 -36.2912 -44.6114 39.8193 
-35.9258 -44.2242 39.6119 -36.1033 -44.4221 39.7247 -36.4395 -45.2069 39.9156 
-36.3448 -45.3399 39.7891 -36.4566 -45.4395 39.6071 -36.7089 -45.4341 39.5857 
-36.3437 -44.9337 39.9777 -36.2786 -45.0789 39.9801 -36.1895 -44.7732 39.9348 
-36.6613 -45.5285 39.2152 -36.5664 -45.5104 39.3729 -28.1717 -38.1974 36.0266 
-28.1916 -38.2102 36.1098 -28.6354 -38.5884 36.7634 -28.5165 -38.7761 36.6003 
-28.4261 -38.6774 36.4246 -28.3698 -38.5295 36.288 -28.4075 -38.6578 36.3658 
-28.2591 -38.3276 36.1447 -28.2806 -38.3544 36.1668 -28.3 -38.4079 36.2036 
-28.9158 -38.7943 37.0623 -28.7753 -38.903 36.9566 -28.64 -38.9054 36.7784 
-29.0489 -38.9687 37.1929 -29.2652 -38.9587 37.3075 -29.3885 -39.0844 37.3937 
-29.5282 -39.2306 37.4731 -29.7718 -39.4949 37.6093 -29.9328 -39.4768 37.6157 
-29.5347 -39.4884 37.5403 -30.0797 -39.5848 37.6517 -30.1728 -39.7976 37.719 
-30.4455 -39.8143 37.6965 -30.396 -40.0226 37.7857 -30.6009 -40.2314 37.8597 
-30.8923 -40.8488 38.1921 -30.9942 -41.0223 38.3005 -31.1988 -41.174 38.4118 
-31.3787 -41.3255 38.5121 -30.7778 -40.4337 37.9515 -30.6666 -40.5963 38.0348 
-30.6653 -40.8095 38.1353 -31.5461 -41.4971 38.6097 -31.7035 -41.7205 38.7173 
-31.9388 -41.9068 38.8068 -32.1449 -42.1012 38.8895 -32.3549 -42.2963 38.9695 
-32.5572 -42.493 39.0497 -32.751 -42.6929 39.1332 -32.9392 -42.9039 39.2224 
-33.1396 -43.1148 39.3129 -33.3476 -43.3162 39.3967 -33.6109 -43.3122 39.3851 
-33.817 -43.3407 39.3802 -33.9557 -43.4649 39.4204 -34.0263 -43.6825 39.5031 
-34.3271 -43.7398 39.499 -34.5844 -43.7543 39.478 -35.0188 -44.1769 39.667 
-35.2191 -44.2061 39.6793 -35.3937 -44.1816 39.6525 -35.6444 -44.198 39.6356 
-34.5394 -43.9647 39.5844 -34.7615 -44.1773 39.6693 -36.0078 -44.5938 39.8523 
-35.8207 -44.3973 39.7464 -36.1986 -45.2221 39.9043 -36.0926 -45.3421 39.7648 
-36.1916 -45.4386 39.6021 -36.5171 -45.5003 39.415 -36.3709 -45.4709 39.5051 
-36.5471 -45.5053 39.3954 -36.1176 -44.9318 39.9857 -36.0446 -45.0836 39.9579 
-35.9434 -44.7728 39.9419 -28.2011 -38.2478 36.0807 -28.518 -38.9849 36.5718 
-28.4745 -38.8676 36.4854 -28.5316 -39.0156 36.5891 -28.4225 -38.7063 36.3933 
-28.4338 -38.7552 36.4228 -28.8546 -39.0038 37.0536 -28.7281 -39.1531 36.9028 
-28.5681 -39.132 36.6237 -28.5997 -39.1971 36.6604 -28.8701 -39.1962 37.0932 
-29.0033 -39.2493 37.2339 -29.1791 -39.146 37.3292 -29.3103 -39.3281 37.4297 
-29.6966 -39.6366 37.6367 -29.9054 -39.6645 37.6763 -29.325 -39.5278 37.4678 
-29.558 -39.7388 37.6028 -29.3323 -39.7789 37.4713 -29.968 -39.885 37.7417 
-30.1365 -40.0571 37.7995 -30.3314 -40.2587 37.8733 -30.5184 -40.4424 37.9554 
-30.7753 -40.9698 38.2407 -30.758 -41.1609 38.3205 -30.9539 -41.2606 38.4155 
-31.1341 -41.3779 38.5094 -31.2963 -41.5254 38.5994 -30.4551 -40.6624 38.0369 
-30.3824 -40.93 38.1061 -30.5837 -41.0456 38.2214 -31.4455 -41.6698 38.677 
-31.7127 -41.9455 38.8075 -31.4686 -41.9021 38.7594 -31.8569 -42.149 38.8877 
-32.0891 -42.336 38.968 -32.292 -42.5285 39.0469 -32.4888 -42.7177 39.1281 
-32.6665 -42.9155 39.2128 -32.8312 -43.1624 39.3107 -33.0772 -43.3525 39.4002 
-33.2951 -43.549 39.4752 -33.5512 -43.5141 39.4687 -33.786 -43.4975 39.4513 
-33.7641 -43.7101 39.5279 -33.9602 -43.8987 39.5784 -34.239 -43.9857 39.6004 
-34.9682 -44.3824 39.7477 -35.1894 -44.3561 39.7499 -35.3484 -44.3174 39.7344 
-35.5505 -44.3622 39.7466 -34.505 -44.2029 39.6752 -34.7219 -44.4083 39.7386 
-35.7078 -44.5995 39.8561 -35.9482 -45.2224 39.8492 -35.8831 -45.3288 39.7189 
-35.9702 -45.4077 39.6124 -36.0649 -45.4279 39.5948 -36.2036 -45.4507 39.5643 
-36.168 -45.4449 39.5741 -35.8961 -44.935 39.9648 -35.809 -45.0727 39.8998 
-35.7489 -44.8037 39.9312 -28.6845 -39.4006 36.7431 -28.6894 -39.4162 36.7504 
-28.7827 -39.4059 36.966 -28.5912 -39.1983 36.6406 -28.6002 -39.212 36.6454 
-28.6439 -39.3158 36.6993 -28.8879 -39.3894 37.1299 -28.9925 -39.4754 37.2356 
-29.1178 -39.3443 37.3347 -29.1605 -39.56 37.3675 -29.7426 -39.8676 37.6902 
-29.5214 -39.9843 37.6024 -29.1245 -39.8055 37.3153 -29.3473 -40.136 37.4623 
-29.1664 -40.057 37.2862 -29.901 -40.0925 37.7746 -30.0621 -40.3335 37.8569 
-30.2794 -40.4964 37.9486 -30.5439 -41.2839 38.2871 -30.728 -41.4359 38.409 
-30.9395 -41.4525 38.4957 -31.066 -41.5913 38.5789 -31.235 -41.7522 38.6697 
-30.2304 -40.7301 38.0029 -30.1654 -40.9414 38.0202 -30.4049 -41.1635 38.189 
-30.2033 -41.1972 38.0766 -31.6152 -42.0908 38.8434 -31.1853 -42.0315 38.733 
-31.4178 -42.1678 38.8265 -31.6447 -42.3311 38.9099 -31.8768 -42.3835 38.9615 
-32.0226 -42.5937 39.0352 -32.2478 -42.7647 39.1163 -32.4264 -42.9411 39.1933 
-32.576 -43.109 39.263 -32.8549 -43.4093 39.3913 -32.5917 -43.3815 39.3197 
-33.0219 -43.6167 39.4601 -33.2765 -43.7995 39.5273 -33.521 -43.7487 39.5369 
-33.7518 -43.9576 39.5861 -34.0278 -44.1772 39.6328 -34.2968 -44.2515 39.6742 
-34.9383 -44.6125 39.7823 -35.1932 -44.5725 39.8066 -35.4102 -44.4962 39.8054 
-34.4806 -44.4377 39.7202 -34.684 -44.6386 39.7525 -35.4912 -44.7796 39.8629 
-35.6336 -45.2191 39.704 -35.7936 -45.3616 39.6191 -35.9374 -45.4006 39.6138 
-35.711 -44.924 39.9253 -35.6075 -45.007 39.8544 -28.764 -39.6065 36.8317 
-28.7729 -39.6286 36.8408 -28.8656 -39.6142 37.0492 -29 -39.7089 37.2075 
-29.6907 -40.1551 37.7051 -29.5106 -40.2834 37.5896 -29.0236 -39.9381 37.1687 
-29.3726 -40.4112 37.4383 -29.2465 -40.3234 37.2934 -29.0486 -40.1186 37.1134 
-29.1306 -40.2757 37.104 -29.1443 -40.3035 37.1148 -29.8369 -40.3135 37.7858 
-30.0934 -40.5827 37.9228 -29.8853 -40.5827 37.8263 -30.4845 -41.551 38.3199 
-30.3419 -41.3941 38.2037 -30.6176 -41.7598 38.4333 -30.8444 -41.6494 38.5247 
-30.9823 -41.8537 38.6279 -30.0326 -40.7985 37.9303 -30.0083 -41.0742 37.9329 
-30.1605 -41.5269 38.0744 -30.009 -41.3801 37.9298 -30.9944 -42.0567 38.6782 
-31.232 -42.274 38.7988 -31.0172 -42.2765 38.712 -31.3988 -42.4251 38.8713 
-31.5936 -42.6104 38.9498 -31.7885 -42.5388 38.9847 -32.0585 -42.8368 39.1001 
-31.8256 -42.8003 39.0339 -32.2117 -42.9953 39.1654 -32.3822 -43.1694 39.2382 
-32.7786 -43.5719 39.4045 -32.3351 -43.377 39.2441 -32.6233 -43.6594 39.3521 
-32.3902 -43.6286 39.2484 -32.8298 -43.8242 39.4209 -33.077 -43.868 39.4988 
-33.2611 -44.0519 39.5323 -33.5042 -44.0064 39.5706 -33.7428 -44.2305 39.6012 
-33.9737 -44.4653 39.6228 -34.2353 -44.4555 39.6788 -34.8889 -44.8541 39.7456 
-35.1701 -44.8098 39.7994 -34.4406 -44.6607 39.7085 -34.6217 -44.8367 39.7092 
-35.3838 -45.0063 39.7744 -35.7446 -45.3437 39.6115 -35.6242 -45.3034 39.5834 
-35.5203 -45.2675 39.5622 -35.2711 -45.1698 39.5995 -28.8346 -39.7751 36.8996 
-28.8521 -39.8157 36.9155 -28.9146 -39.8612 37.0239 -29.6792 -40.4409 37.7025 
-29.5144 -40.6014 37.533 -28.9819 -40.0741 37.0128 -28.9719 -40.0545 37.0051 
-29.3858 -40.6109 37.3683 -29.3037 -40.5116 37.2945 -29.2412 -40.4582 37.168 
-29.2656 -40.5117 37.1906 -29.0367 -40.1665 37.0474 -29.1046 -40.2487 37.0922 
-29.6919 -40.739 37.6891 -29.8507 -40.9065 37.8112 -30.4233 -41.7996 38.312 
-30.2992 -41.6754 38.2045 -30.654 -42.0043 38.4924 -30.7765 -41.8642 38.5464 
-30.4712 -42.0688 38.3485 -30.8262 -42.0986 38.6002 -29.8368 -41.2377 37.7581 
-30.1484 -41.8347 38.0492 -30.0141 -41.6904 37.9062 -29.8861 -41.556 37.7566 
-31.1797 -42.5045 38.803 -30.7958 -42.4206 38.5926 -30.9691 -42.5928 38.6998 
-31.3649 -42.698 38.8826 -31.57 -42.8937 38.9589 -31.9981 -43.0441 39.1118 
-31.7726 -43.0994 39.0299 -32.172 -43.2286 39.1816 -32.1588 -43.4786 39.1611 
-32.554 -43.9055 39.2799 -32.1701 -43.7263 39.1043 -32.3319 -43.8623 39.1597 
-32.7748 -44.1 39.3566 -33.0171 -44.0779 39.4621 -33.2242 -44.3061 39.4742 
-33.4834 -44.2766 39.5484 -33.7181 -44.4994 39.5542 -33.9242 -44.6806 39.5534 
-34.1879 -44.7198 39.6197 -34.7433 -44.9966 39.6562 -34.9215 -45.0311 39.6686 
-35.1116 -45.0098 39.7108 -34.419 -44.8398 39.6598 -34.5267 -44.9818 39.6117 
-35.3103 -45.2214 39.5316 -35.2072 -45.1993 39.5171 -35.0053 -45.1405 39.5614 
-28.9075 -39.909 36.9479 -28.9587 -40.0308 36.9965 -29.4625 -40.8338 37.3196 
-29.5794 -40.8934 37.5254 -29.3567 -40.657 37.254 -29.4183 -40.7788 37.2731 
-29.3255 -40.6118 37.234 -29.7018 -41.0201 37.6552 -30.2899 -41.9675 38.1906 
-30.6259 -42.2629 38.4738 -30.4615 -42.4085 38.3103 -30.2988 -42.299 38.14 
-29.6975 -41.248 37.5579 -29.8205 -41.5072 37.6519 -29.7866 -41.4311 37.6121 
-30.107 -42.0812 37.9387 -30.0549 -41.9696 37.8807 -30.1607 -42.1305 38.0112 
-29.9508 -41.7745 37.7872 -30.0238 -41.9133 37.8541 -29.9002 -41.6791 37.7406 
-29.8692 -41.6051 37.7006 -31.1451 -42.7865 38.7812 -30.7886 -42.7142 38.5697 
-30.611 -42.5938 38.4245 -30.9473 -42.8641 38.659 -31.3416 -42.9809 38.8547 
-31.548 -43.174 38.9222 -31.9627 -43.3044 39.0918 -31.7466 -43.367 38.975 
-31.9409 -43.586 39.0004 -32.382 -44.0913 39.0675 -32.5893 -44.1631 39.2239 
-32.0311 -43.8291 38.9427 -32.1911 -43.9328 39.0124 -32.7337 -44.2958 39.2628 
-32.9602 -44.3312 39.3654 -33.181 -44.5291 39.3649 -33.4544 -44.561 39.4485 
-33.7258 -44.7461 39.4474 -34.0096 -44.9218 39.4397 -34.2979 -44.9488 39.5537 
-34.6376 -45.1072 39.5124 -34.8256 -45.1072 39.5703 -34.4312 -45.0691 39.4908 
-34.5358 -45.0986 39.491 -35.0247 -45.1699 39.5095 -34.9414 -45.159 39.5034 
-29.4576 -40.8402 37.2842 -29.4712 -40.8653 37.2956 -29.4991 -40.9227 37.338 
-29.5641 -41.0151 37.4138 -29.591 -41.0799 37.4466 -29.6199 -41.0923 37.5153 
-30.4184 -42.6073 38.2039 -30.3818 -42.5459 38.1696 -30.4688 -42.6377 38.2643 
-30.2436 -42.3249 38.0582 -30.2842 -42.3765 38.0798 -30.3437 -42.4862 38.1399 
-29.6785 -41.2411 37.5215 -29.6974 -41.2695 37.5343 -29.7268 -41.3327 37.5662 
-30.1482 -42.1592 37.9771 -30.1655 -42.1955 37.9965 -31.1171 -43.0765 38.7016 
-30.8012 -42.9408 38.5331 -30.6767 -42.8593 38.429 -30.5607 -42.7792 38.2891 
-30.6053 -42.846 38.3305 -30.9246 -43.0542 38.5818 -31.3389 -43.2423 38.7887 
-31.5382 -43.4336 38.8275 -31.729 -43.5658 38.8777 -31.8425 -43.7235 38.8096 
-31.9404 -43.8077 38.8602 -32.3953 -44.1408 39.0393 -32.3736 -44.1186 39.0263 
-32.3356 -44.0881 39.0102 -32.4619 -44.1949 39.0755 -32.5313 -44.2496 39.1069 
-32.5526 -44.2761 39.116 -32.6187 -44.291 39.1836 -32.073 -43.9121 38.9181 
-32.0226 -43.8694 38.8924 -32.1248 -43.9481 38.9388 -32.1847 -43.9757 38.9508 
-32.692 -44.3704 39.1567 -32.7708 -44.4361 39.1809 -32.8345 -44.4499 39.2341 
-32.9875 -44.5394 39.2543 -33.1561 -44.6318 39.2669 -33.3194 -44.7128 39.3019 
-33.3312 -44.7149 39.3075 -33.5141 -44.7761 39.3275 -33.5564 -44.7928 39.3357 
-33.7273 -44.8492 39.3577 -33.9404 -44.9259 39.4005 -34.0245 -44.9534 39.4145 
-33.9949 -44.9428 39.4085 -34.0937 -44.9774 39.4331 -34.2403 -45.0253 39.4625 
-34.3856 -45.0574 39.4842 -34.6195 -45.1176 39.4852 -34.663 -45.1234 39.4875 
-34.8127 -45.1406 39.4989 -29.6214 -41.1438 37.476 -30.4581 -42.6656 38.2341 
-30.4978 -42.7123 38.2582 -31.0161 -43.2204 38.5306 -31.0879 -43.2826 38.5687 
-31.1853 -43.3152 38.6467 -30.7362 -43.0031 38.4415 -30.8154 -43.0795 38.4638 
-30.8337 -43.0949 38.4718 -30.7165 -42.982 38.428 -30.6726 -42.9275 38.3751 
-30.974 -43.194 38.5194 -31.3331 -43.4319 38.6792 -31.4862 -43.5366 38.7083 
-31.5836 -43.6074 38.7404 -31.6237 -43.619 38.7663 -31.7745 -43.6914 38.7935 
-32.6415 -44.348 39.1425 -32.827 -44.4766 39.1995 -32.8582 -44.4942 39.2117 
-32.9569 -44.5429 39.2324 -33.0327 -44.5804 39.2443 -32.9829 -44.5524 39.2299 
-33.3303 -44.7176 39.3038 -33.334 -44.7193 39.3046 -33.3584 -44.7274 39.3082 
-31.17 -43.3471 38.6046 -31.2062 -43.3737 38.6202 -31.2962 -43.4318 38.6496 
-31.3761 -43.4774 38.6747 -31.3261 -43.4439 38.6539 -31.6193 -43.6289 38.7502 
-31.6555 -43.6465 38.7612 
POLYGONS 7399 29596
3 0 1 2 
3 1 0 3 
3 0 2 4 
3 3 0 4 
3 9 21 10 
3 9 6 13 
3 21 9 13 
3 6 14 15 
3 13 6 15 
3 15 14 29 
3 5 9 10 
3 11 5 10 
3 1 5 2 
3 1 6 5 
3 6 9 5 
3 3 6 1 
3 3 8 6 
3 8 14 6 
3 30 29 14 
3 30 14 19 
3 19 14 8 
3 30 19 36 
3 12 5 11 
3 25 12 11 
3 2 7 4 
3 2 5 7 
3 5 12 7 
3 4 8 3 
3 4 7 8 
3 7 16 8 
3 19 8 20 
3 20 8 16 
3 37 36 19 
3 20 37 19 
3 12 25 17 
3 7 12 17 
3 18 7 17 
3 16 7 18 
3 32 16 18 
3 20 16 32 
3 38 20 32 
3 37 20 38 
3 22 39 40 
3 39 22 41 
3 23 42 43 
3 40 42 23 
3 22 40 23 
3 22 23 10 
3 22 10 21 
3 22 27 41 
3 22 21 27 
3 21 13 27 
3 15 28 13 
3 13 28 27 
3 29 50 31 
3 29 31 15 
3 15 31 28 
3 31 50 51 
3 24 23 43 
3 44 24 43 
3 10 24 11 
3 23 24 10 
3 29 30 50 
3 50 30 36 
3 50 36 51 
3 51 36 56 
3 26 24 44 
3 45 26 44 
3 11 26 25 
3 24 26 11 
3 57 37 58 
3 57 56 37 
3 56 36 37 
3 57 58 85 
3 46 26 45 
3 71 46 68 
3 68 46 45 
3 25 33 17 
3 25 26 33 
3 26 46 33 
3 17 34 18 
3 33 34 17 
3 18 35 32 
3 34 35 18 
3 32 52 38 
3 35 52 32 
3 38 52 59 
3 37 38 59 
3 37 59 60 
3 37 60 58 
3 85 58 60 
3 71 103 72 
3 71 72 46 
3 103 104 72 
3 33 46 53 
3 53 46 72 
3 34 33 54 
3 54 33 53 
3 35 34 55 
3 55 34 54 
3 77 78 52 
3 77 52 55 
3 55 52 35 
3 59 52 78 
3 104 112 79 
3 79 72 104 
3 53 72 79 
3 80 53 79 
3 54 53 80 
3 81 54 80 
3 55 54 81 
3 82 55 81 
3 77 55 82 
3 90 125 91 
3 90 62 93 
3 125 90 93 
3 93 62 64 
3 61 90 91 
3 92 61 91 
3 39 61 40 
3 39 62 61 
3 62 90 61 
3 41 47 63 
3 39 41 63 
3 39 63 64 
3 39 64 62 
3 63 47 73 
3 65 98 99 
3 92 98 65 
3 61 92 65 
3 61 65 43 
3 61 43 42 
3 40 61 42 
3 41 27 47 
3 47 48 73 
3 47 27 48 
3 27 28 48 
3 31 49 28 
3 28 49 48 
3 49 31 51 
3 76 49 51 
3 66 65 99 
3 100 66 99 
3 43 66 44 
3 65 66 43 
3 83 56 84 
3 83 76 56 
3 76 51 56 
3 83 84 117 
3 67 66 100 
3 101 67 102 
3 102 67 100 
3 44 67 45 
3 66 67 44 
3 56 57 84 
3 84 57 85 
3 84 85 117 
3 117 85 118 
3 101 70 67 
3 69 68 45 
3 70 69 45 
3 45 67 70 
3 60 59 86 
3 60 86 89 
3 60 89 85 
3 85 89 118 
3 78 77 109 
3 78 109 87 
3 59 78 87 
3 59 87 88 
3 59 88 86 
3 89 86 88 
3 112 113 79 
3 79 114 80 
3 146 114 113 
3 113 114 79 
3 80 115 81 
3 114 115 80 
3 81 116 82 
3 115 116 81 
3 82 116 110 
3 77 82 110 
3 77 110 111 
3 77 111 109 
3 87 109 111 
3 180 181 147 
3 146 180 147 
3 147 114 146 
3 148 114 147 
3 115 114 148 
3 149 115 148 
3 116 115 149 
3 142 116 149 
3 110 116 142 
3 126 157 158 
3 126 91 125 
3 126 125 157 
3 157 125 130 
3 93 96 125 
3 125 96 130 
3 96 93 64 
3 97 96 64 
3 127 126 158 
3 133 127 158 
3 91 127 92 
3 126 127 91 
3 64 94 97 
3 63 94 64 
3 73 74 95 
3 73 95 63 
3 63 95 94 
3 95 74 105 
3 98 127 133 
3 98 133 99 
3 99 133 134 
3 92 127 98 
3 73 48 74 
3 74 75 105 
3 74 48 75 
3 48 49 75 
3 75 49 76 
3 106 75 76 
3 99 134 100 
3 134 135 100 
3 76 108 106 
3 83 108 76 
3 108 83 117 
3 141 108 117 
3 209 171 172 
3 170 135 171 
3 171 135 172 
3 170 136 135 
3 102 100 136 
3 136 100 135 
3 117 118 141 
3 141 118 123 
3 118 89 123 
3 123 89 124 
3 88 87 119 
3 88 119 122 
3 88 122 89 
3 89 122 124 
3 111 110 143 
3 111 143 120 
3 87 111 120 
3 87 120 121 
3 87 121 119 
3 122 119 121 
3 217 182 181 
3 181 182 147 
3 217 218 182 
3 147 183 148 
3 182 183 147 
3 148 184 149 
3 183 184 148 
3 149 177 142 
3 184 177 149 
3 142 177 144 
3 110 142 144 
3 110 144 145 
3 110 145 143 
3 120 143 145 
3 253 254 219 
3 218 253 219 
3 219 182 218 
3 220 182 219 
3 183 182 220 
3 221 183 220 
3 184 183 221 
3 215 184 221 
3 177 184 215 
3 178 177 215 
3 144 177 178 
3 162 197 161 
3 197 162 164 
3 193 194 204 
3 193 158 157 
3 193 157 194 
3 194 157 163 
3 161 130 162 
3 161 163 130 
3 163 157 130 
3 162 131 164 
3 162 130 131 
3 130 96 131 
3 97 128 132 
3 97 132 96 
3 96 132 131 
3 132 128 159 
3 167 193 204 
3 205 167 204 
3 158 167 133 
3 193 167 158 
3 97 94 128 
3 128 129 159 
3 128 94 129 
3 94 95 129 
3 129 95 105 
3 137 129 105 
3 168 167 205 
3 206 168 205 
3 133 168 134 
3 167 168 133 
3 105 107 137 
3 75 107 105 
3 107 75 106 
3 138 107 106 
3 169 168 206 
3 207 169 208 
3 208 169 206 
3 134 169 135 
3 168 169 134 
3 106 139 138 
3 108 139 106 
3 139 108 141 
3 155 139 141 
3 207 210 172 
3 207 172 169 
3 210 209 172 
3 135 169 172 
3 141 123 155 
3 155 123 156 
3 123 124 156 
3 156 124 154 
3 124 122 154 
3 154 122 153 
3 121 150 152 
3 120 150 121 
3 153 122 121 
3 152 153 121 
3 145 144 179 
3 145 179 151 
3 145 151 120 
3 120 151 150 
3 294 255 254 
3 254 255 219 
3 294 295 255 
3 295 296 255 
3 219 256 220 
3 255 256 219 
3 220 257 221 
3 256 257 220 
3 221 249 215 
3 257 249 221 
3 250 215 249 
3 250 216 215 
3 216 178 215 
3 179 144 178 
3 179 178 186 
3 186 178 216 
3 151 179 186 
3 336 337 297 
3 296 336 297 
3 297 255 296 
3 298 255 297 
3 256 255 298 
3 299 256 298 
3 257 256 299 
3 290 257 299 
3 249 257 290 
3 291 249 290 
3 250 249 291 
3 234 272 267 
3 234 199 235 
3 272 234 235 
3 199 198 233 
3 235 199 233 
3 198 161 197 
3 198 197 233 
3 233 197 200 
3 200 197 164 
3 201 200 164 
3 230 234 267 
3 268 230 267 
3 194 230 204 
3 194 199 230 
3 199 234 230 
3 163 199 194 
3 198 199 163 
3 161 198 163 
3 164 165 201 
3 131 165 164 
3 132 166 131 
3 131 166 165 
3 166 132 159 
3 195 166 159 
3 240 230 268 
3 279 240 268 
3 204 240 205 
3 230 240 204 
3 159 160 195 
3 129 160 159 
3 160 129 137 
3 173 160 137 
3 241 240 279 
3 280 241 279 
3 205 241 206 
3 240 241 205 
3 137 140 173 
3 107 140 137 
3 140 107 138 
3 174 140 138 
3 241 280 242 
3 242 206 241 
3 243 244 206 
3 206 242 243 
3 244 208 206 
3 138 175 174 
3 139 175 138 
3 175 139 155 
3 192 175 155 
3 155 156 192 
3 192 156 191 
3 156 154 191 
3 191 154 190 
3 154 153 190 
3 190 153 189 
3 152 185 188 
3 150 185 152 
3 189 153 152 
3 188 189 152 
3 150 151 185 
3 185 151 187 
3 216 250 251 
3 252 216 251 
3 252 223 216 
3 223 186 216 
3 187 151 186 
3 223 187 186 
3 337 378 338 
3 337 338 297 
3 378 379 338 
3 297 339 298 
3 338 339 297 
3 298 340 299 
3 339 340 298 
3 299 330 290 
3 340 330 299 
3 331 290 330 
3 331 332 290 
3 332 291 290 
3 251 250 291 
3 251 291 292 
3 292 291 332 
3 252 251 292 
3 379 421 380 
3 380 338 379 
3 339 338 380 
3 381 339 380 
3 340 339 381 
3 372 340 381 
3 330 340 372 
3 373 330 372 
3 331 330 373 
3 272 313 309 
3 267 272 309 
3 235 273 272 
3 272 273 313 
3 233 271 235 
3 235 271 273 
3 200 236 233 
3 233 236 271 
3 201 202 237 
3 201 237 200 
3 200 237 236 
3 237 202 238 
3 310 350 352 
3 310 309 350 
3 310 268 309 
3 268 267 309 
3 201 165 202 
3 202 203 238 
3 202 165 203 
3 165 166 203 
3 203 166 195 
3 231 203 195 
3 311 310 352 
3 324 311 352 
3 268 311 279 
3 310 311 268 
3 195 196 231 
3 160 196 195 
3 196 160 173 
3 211 196 173 
3 284 311 324 
3 321 284 324 
3 279 284 280 
3 311 284 279 
3 173 176 211 
3 140 176 173 
3 176 140 174 
3 212 176 174 
3 284 321 283 
3 320 281 283 
3 281 282 242 
3 281 242 283 
3 242 284 283 
3 242 280 284 
3 282 243 242 
3 174 213 212 
3 175 213 174 
3 213 175 192 
3 229 213 192 
3 192 191 229 
3 229 191 228 
3 191 190 228 
3 228 190 227 
3 190 189 227 
3 227 189 226 
3 188 222 225 
3 185 222 188 
3 226 189 188 
3 225 226 188 
3 185 187 222 
3 222 187 224 
3 223 259 260 
3 252 259 223 
3 224 187 223 
3 260 224 223 
3 332 331 374 
3 332 333 292 
3 374 333 332 
3 292 333 293 
3 292 293 252 
3 252 293 259 
3 421 422 380 
3 422 470 423 
3 423 380 422 
3 424 423 471 
3 424 381 423 
3 381 380 423 
3 381 415 372 
3 424 415 381 
3 416 372 415 
3 416 417 372 
3 417 373 372 
3 374 331 373 
3 374 373 375 
3 375 373 417 
3 333 374 375 
3 334 333 375 
3 293 333 334 
3 424 471 464 
3 415 424 464 
3 465 415 464 
3 416 415 465 
3 313 354 351 
3 309 313 351 
3 273 314 313 
3 313 314 354 
3 271 312 273 
3 273 312 314 
3 236 274 271 
3 271 274 312 
3 237 275 236 
3 236 275 274 
3 275 237 238 
3 276 275 238 
3 392 393 437 
3 392 352 350 
3 392 350 393 
3 393 350 394 
3 351 350 309 
3 394 350 351 
3 238 239 276 
3 203 239 238 
3 239 203 231 
3 269 239 231 
3 404 453 454 
3 437 453 404 
3 437 404 392 
3 392 404 366 
3 352 366 324 
3 392 366 352 
3 231 232 269 
3 196 232 231 
3 232 196 211 
3 245 232 211 
3 405 404 454 
3 455 405 454 
3 366 404 361 
3 361 404 405 
3 324 361 321 
3 366 361 324 
3 211 214 245 
3 176 214 211 
3 214 176 212 
3 246 214 212 
3 405 455 406 
3 406 407 362 
3 406 362 405 
3 405 362 361 
3 321 322 283 
3 321 361 322 
3 361 362 322 
3 323 320 283 
3 323 283 322 
3 212 247 246 
3 213 247 212 
3 247 213 229 
3 266 247 229 
3 408 363 362 
3 408 362 407 
3 363 364 322 
3 363 322 362 
3 364 365 322 
3 365 323 322 
3 229 228 266 
3 266 228 265 
3 228 227 265 
3 265 227 264 
3 227 226 264 
3 264 226 263 
3 225 258 262 
3 222 258 225 
3 263 226 225 
3 262 263 225 
3 222 224 258 
3 258 224 261 
3 260 301 302 
3 259 301 260 
3 261 224 260 
3 302 261 260 
3 259 293 301 
3 301 293 335 
3 519 472 470 
3 470 472 423 
3 519 520 472 
3 423 472 471 
3 417 416 466 
3 417 418 375 
3 466 418 417 
3 419 375 418 
3 419 376 375 
3 376 334 375 
3 335 293 334 
3 376 335 334 
3 574 575 521 
3 520 574 521 
3 521 472 520 
3 514 472 521 
3 471 472 514 
3 471 514 464 
3 464 514 515 
3 465 464 516 
3 464 515 516 
3 466 416 465 
3 466 465 467 
3 467 465 516 
3 418 466 467 
3 468 418 467 
3 419 418 468 
3 354 397 395 
3 351 354 395 
3 314 355 354 
3 354 355 397 
3 312 353 314 
3 314 353 355 
3 274 315 312 
3 312 315 353 
3 275 316 274 
3 274 316 315 
3 316 275 276 
3 317 316 276 
3 438 439 486 
3 438 437 393 
3 438 393 439 
3 439 393 440 
3 394 441 393 
3 393 441 440 
3 395 394 351 
3 441 394 395 
3 276 277 317 
3 239 277 276 
3 269 270 278 
3 269 278 239 
3 239 278 277 
3 278 270 285 
3 453 438 486 
3 453 486 454 
3 454 486 502 
3 437 438 453 
3 269 232 270 
3 270 232 245 
3 270 245 285 
3 285 245 286 
3 503 552 553 
3 503 502 552 
3 503 455 502 
3 455 454 502 
3 245 248 286 
3 214 248 245 
3 248 214 246 
3 287 248 246 
3 504 503 553 
3 554 504 553 
3 455 456 406 
3 455 503 456 
3 503 504 456 
3 406 456 407 
3 246 288 287 
3 247 288 246 
3 288 247 266 
3 308 288 266 
3 504 554 505 
3 456 504 505 
3 506 456 507 
3 507 456 505 
3 506 457 456 
3 408 407 457 
3 457 407 456 
3 266 265 308 
3 308 265 307 
3 265 264 307 
3 307 264 306 
3 264 263 306 
3 306 263 305 
3 262 300 304 
3 258 300 262 
3 305 263 262 
3 304 305 262 
3 258 261 300 
3 300 261 303 
3 302 342 343 
3 301 342 302 
3 303 261 302 
3 343 303 302 
3 377 420 383 
3 377 383 342 
3 377 342 335 
3 335 342 301 
3 376 420 377 
3 376 419 420 
3 419 469 420 
3 335 376 377 
3 625 626 568 
3 575 625 568 
3 568 521 575 
3 567 568 623 
3 567 514 568 
3 514 521 568 
3 514 569 515 
3 567 569 514 
3 515 570 516 
3 569 570 515 
3 571 516 570 
3 571 517 516 
3 517 467 516 
3 468 467 518 
3 467 517 518 
3 469 419 468 
3 518 469 468 
3 567 623 624 
3 569 567 624 
3 628 569 624 
3 570 569 628 
3 629 570 628 
3 571 570 629 
3 442 444 490 
3 442 395 397 
3 442 397 444 
3 444 397 445 
3 355 398 397 
3 397 398 445 
3 353 396 355 
3 355 396 398 
3 315 356 353 
3 353 356 396 
3 316 357 315 
3 315 357 356 
3 357 316 317 
3 358 357 317 
3 439 487 488 
3 486 439 488 
3 440 489 439 
3 439 489 487 
3 490 441 442 
3 490 489 441 
3 489 440 441 
3 395 442 441 
3 317 318 358 
3 277 318 317 
3 278 319 277 
3 277 319 318 
3 319 278 285 
3 325 319 285 
3 595 597 647 
3 595 539 540 
3 597 595 540 
3 539 488 540 
3 539 502 488 
3 502 486 488 
3 285 286 325 
3 325 286 326 
3 596 595 647 
3 614 596 647 
3 552 596 553 
3 552 539 596 
3 539 595 596 
3 502 539 552 
3 286 289 326 
3 248 289 286 
3 289 248 287 
3 327 289 287 
3 558 596 614 
3 611 558 614 
3 553 558 554 
3 596 558 553 
3 287 328 327 
3 288 328 287 
3 328 288 308 
3 349 328 308 
3 558 611 557 
3 610 555 557 
3 555 556 505 
3 555 505 557 
3 505 558 557 
3 505 554 558 
3 559 507 505 
3 556 559 505 
3 308 307 349 
3 349 307 348 
3 307 306 348 
3 348 306 347 
3 306 305 347 
3 347 305 346 
3 304 341 345 
3 300 341 304 
3 346 305 304 
3 345 346 304 
3 300 303 341 
3 341 303 344 
3 343 384 385 
3 342 384 343 
3 344 303 343 
3 385 344 343 
3 383 426 427 
3 420 426 383 
3 384 342 383 
3 427 384 383 
3 420 469 426 
3 426 469 474 
3 626 627 568 
3 627 675 623 
3 623 568 627 
3 517 571 572 
3 573 517 572 
3 573 523 517 
3 523 518 517 
3 474 469 518 
3 523 474 518 
3 733 734 676 
3 675 733 676 
3 676 623 675 
3 623 676 624 
3 624 676 677 
3 628 624 678 
3 624 677 678 
3 629 628 679 
3 628 678 679 
3 572 571 629 
3 572 629 630 
3 630 629 679 
3 573 572 630 
3 444 492 493 
3 490 444 493 
3 445 494 444 
3 444 494 492 
3 398 446 445 
3 445 446 494 
3 396 443 398 
3 398 443 446 
3 356 399 396 
3 396 399 443 
3 357 400 356 
3 356 400 399 
3 400 357 358 
3 401 400 358 
3 590 591 645 
3 590 535 536 
3 591 590 536 
3 535 488 487 
3 535 487 536 
3 536 487 537 
3 489 538 487 
3 487 538 537 
3 493 489 490 
3 538 489 493 
3 358 359 401 
3 318 359 358 
3 360 402 359 
3 360 359 319 
3 319 359 318 
3 319 325 360 
3 646 699 700 
3 645 699 646 
3 590 645 646 
3 590 646 647 
3 590 647 597 
3 540 590 597 
3 535 590 540 
3 488 535 540 
3 360 367 402 
3 367 360 325 
3 367 325 368 
3 368 325 326 
3 666 646 700 
3 720 666 700 
3 647 666 614 
3 646 666 647 
3 326 329 368 
3 289 329 326 
3 329 289 327 
3 369 329 327 
3 664 666 720 
3 721 664 720 
3 614 664 611 
3 666 664 614 
3 327 370 369 
3 328 370 327 
3 370 328 349 
3 391 370 349 
3 722 664 723 
3 723 664 721 
3 780 723 721 
3 612 613 557 
3 557 611 612 
3 665 612 611 
3 665 611 664 
3 722 665 664 
3 613 610 557 
3 349 348 391 
3 391 348 390 
3 348 347 390 
3 390 347 389 
3 347 346 389 
3 389 346 388 
3 345 382 387 
3 341 382 345 
3 388 346 345 
3 387 388 345 
3 341 344 382 
3 382 344 386 
3 385 428 430 
3 384 428 385 
3 386 344 385 
3 430 386 385 
3 427 426 475 
3 427 475 429 
3 427 429 384 
3 384 429 428 
3 475 476 478 
3 475 426 476 
3 426 474 476 
3 429 475 478 
3 523 573 577 
3 523 577 524 
3 523 524 474 
3 474 524 476 
3 790 791 735 
3 734 790 735 
3 735 676 734 
3 736 735 792 
3 736 677 735 
3 677 676 735 
3 677 737 678 
3 736 737 677 
3 678 738 679 
3 737 738 678 
3 682 679 738 
3 682 632 679 
3 632 630 679 
3 577 573 630 
3 577 630 578 
3 578 630 632 
3 524 577 578 
3 736 792 794 
3 737 736 794 
3 795 737 794 
3 738 737 795 
3 743 738 795 
3 682 738 743 
3 492 542 543 
3 493 492 543 
3 494 544 492 
3 492 544 542 
3 446 495 494 
3 494 495 544 
3 443 491 446 
3 446 491 495 
3 399 447 443 
3 443 447 491 
3 400 448 399 
3 399 448 447 
3 448 400 401 
3 449 448 401 
3 648 649 701 
3 648 645 591 
3 648 591 649 
3 649 591 650 
3 536 592 591 
3 591 592 650 
3 537 593 536 
3 536 593 592 
3 538 594 537 
3 537 594 593 
3 543 538 493 
3 594 538 543 
3 401 403 449 
3 359 403 401 
3 403 359 402 
3 450 403 402 
3 760 815 816 
3 760 702 759 
3 815 760 759 
3 701 759 702 
3 648 701 702 
3 648 702 700 
3 648 700 699 
3 645 648 699 
3 402 409 450 
3 367 409 402 
3 409 367 368 
3 410 409 368 
3 814 760 816 
3 871 814 816 
3 702 760 758 
3 758 760 814 
3 700 758 720 
3 702 758 700 
3 368 371 410 
3 329 371 368 
3 371 329 369 
3 411 371 369 
3 838 814 871 
3 893 838 871 
3 758 814 779 
3 779 814 838 
3 720 779 721 
3 758 779 720 
3 412 369 370 
3 412 413 369 
3 413 411 369 
3 370 391 412 
3 838 893 842 
3 840 841 782 
3 782 842 840 
3 842 782 838 
3 838 782 779 
3 781 780 721 
3 781 721 782 
3 779 782 721 
3 412 436 413 
3 436 412 391 
3 436 391 435 
3 435 391 390 
3 841 839 782 
3 839 781 782 
3 390 389 435 
3 435 389 434 
3 389 388 434 
3 434 388 433 
3 387 425 432 
3 382 425 387 
3 433 388 387 
3 432 433 387 
3 382 386 425 
3 425 386 431 
3 430 477 480 
3 428 477 430 
3 431 386 430 
3 480 431 430 
3 428 429 477 
3 477 429 479 
3 478 525 527 
3 476 525 478 
3 479 429 478 
3 527 479 478 
3 476 524 525 
3 525 524 579 
3 791 793 735 
3 793 850 792 
3 792 735 793 
3 632 682 683 
3 684 632 683 
3 684 633 632 
3 633 578 632 
3 579 524 578 
3 633 579 578 
3 903 904 851 
3 850 903 851 
3 851 792 850 
3 792 851 794 
3 794 851 852 
3 795 794 853 
3 794 852 853 
3 743 795 802 
3 795 853 802 
3 683 682 743 
3 683 743 744 
3 744 743 802 
3 684 683 744 
3 599 600 653 
3 599 543 542 
3 599 542 600 
3 600 542 601 
3 544 602 542 
3 542 602 601 
3 495 545 544 
3 544 545 602 
3 491 541 495 
3 495 541 545 
3 447 496 491 
3 491 496 541 
3 497 499 496 
3 497 496 448 
3 448 496 447 
3 448 449 497 
3 873 875 927 
3 873 817 819 
3 875 873 819 
3 817 761 762 
3 819 817 762 
3 761 703 704 
3 762 761 704 
3 703 701 649 
3 703 649 704 
3 704 649 705 
3 650 706 649 
3 649 706 705 
3 592 651 650 
3 650 651 706 
3 593 652 592 
3 592 652 651 
3 653 594 599 
3 653 652 594 
3 652 593 594 
3 543 599 594 
3 497 451 499 
3 449 451 497 
3 449 403 451 
3 403 452 451 
3 452 403 450 
3 498 452 450 
3 928 979 980 
3 927 979 928 
3 927 928 873 
3 873 928 874 
3 817 873 818 
3 818 873 874 
3 815 818 816 
3 815 761 818 
3 761 817 818 
3 759 761 815 
3 703 761 759 
3 701 703 759 
3 450 458 498 
3 409 458 450 
3 458 409 410 
3 459 458 410 
3 928 980 977 
3 977 978 926 
3 977 926 928 
3 928 926 874 
3 818 874 872 
3 872 874 926 
3 816 872 871 
3 818 872 816 
3 410 414 459 
3 371 414 410 
3 414 371 411 
3 460 414 411 
3 974 926 978 
3 1031 974 978 
3 872 926 925 
3 925 926 974 
3 871 925 893 
3 872 925 871 
3 411 413 460 
3 460 413 461 
3 974 1031 1032 
3 1089 1033 1032 
3 1033 975 974 
3 974 1032 1033 
3 975 976 925 
3 925 974 975 
3 895 894 842 
3 842 893 895 
3 948 895 893 
3 948 893 925 
3 976 948 925 
3 894 840 842 
3 413 462 461 
3 436 462 413 
3 462 436 435 
3 485 462 435 
3 435 434 485 
3 485 434 484 
3 434 433 484 
3 484 433 483 
3 432 473 482 
3 425 473 432 
3 483 433 432 
3 482 483 432 
3 425 431 473 
3 473 431 481 
3 480 526 529 
3 477 526 480 
3 481 431 480 
3 529 481 480 
3 477 479 526 
3 526 479 528 
3 527 580 582 
3 525 580 527 
3 528 479 527 
3 582 528 527 
3 525 579 580 
3 580 579 634 
3 633 685 686 
3 684 685 633 
3 634 579 633 
3 686 634 633 
3 953 954 906 
3 905 953 906 
3 905 906 851 
3 904 905 851 
3 851 907 852 
3 906 907 851 
3 852 908 853 
3 907 908 852 
3 859 853 908 
3 859 803 853 
3 803 802 853 
3 744 802 745 
3 802 803 745 
3 685 684 744 
3 745 685 744 
3 954 1007 955 
3 955 906 954 
3 907 906 955 
3 956 907 955 
3 908 907 956 
3 914 908 956 
3 859 908 914 
3 981 1036 1037 
3 981 930 984 
3 1036 981 984 
3 984 930 931 
3 600 654 655 
3 653 600 655 
3 601 656 600 
3 600 656 654 
3 602 657 601 
3 601 657 656 
3 545 603 602 
3 602 603 657 
3 541 598 545 
3 545 598 603 
3 496 546 541 
3 541 546 598 
3 546 496 499 
3 548 546 499 
3 982 1038 1039 
3 1037 1038 982 
3 1037 982 981 
3 981 982 929 
3 875 929 927 
3 875 930 929 
3 930 981 929 
3 930 876 931 
3 930 875 876 
3 875 819 876 
3 762 820 819 
3 819 820 876 
3 704 763 762 
3 762 763 820 
3 705 764 704 
3 704 764 763 
3 706 765 705 
3 705 765 764 
3 651 707 706 
3 706 707 765 
3 652 708 651 
3 651 708 707 
3 655 652 653 
3 708 652 655 
3 499 500 548 
3 451 500 499 
3 452 501 451 
3 451 501 500 
3 501 452 498 
3 547 501 498 
3 983 982 1039 
3 1040 983 1039 
3 979 983 980 
3 979 929 983 
3 929 982 983 
3 927 929 979 
3 498 508 547 
3 458 508 498 
3 508 458 459 
3 509 508 459 
3 1041 983 1040 
3 1100 1041 1040 
3 980 1034 977 
3 980 983 1034 
3 983 1041 1034 
3 977 1034 978 
3 459 463 509 
3 414 463 459 
3 463 414 460 
3 510 463 460 
3 1093 1041 1100 
3 1151 1093 1100 
3 1034 1041 1035 
3 1035 1041 1093 
3 978 1035 1031 
3 1034 1035 978 
3 460 461 510 
3 510 461 511 
3 1093 1151 1094 
3 1035 1093 1094 
3 1092 1035 1095 
3 1095 1035 1094 
3 1090 1091 1032 
3 1092 1090 1032 
3 1092 1032 1035 
3 1032 1031 1035 
3 1091 1089 1032 
3 461 512 511 
3 462 512 461 
3 512 462 485 
3 534 512 485 
3 485 484 534 
3 534 484 533 
3 484 483 533 
3 533 483 532 
3 482 522 531 
3 473 522 482 
3 532 483 482 
3 531 532 482 
3 473 481 522 
3 522 481 530 
3 529 581 584 
3 526 581 529 
3 530 481 529 
3 584 530 529 
3 526 528 581 
3 581 528 583 
3 582 635 637 
3 580 635 582 
3 583 528 582 
3 637 583 582 
3 580 634 635 
3 635 634 687 
3 686 685 746 
3 686 746 688 
3 686 688 634 
3 634 688 687 
3 803 859 860 
3 861 803 860 
3 861 804 803 
3 804 745 803 
3 746 685 745 
3 746 745 748 
3 748 745 804 
3 688 746 748 
3 1007 1008 955 
3 1008 1066 1009 
3 1009 955 1008 
3 956 955 1010 
3 955 1009 1010 
3 914 956 962 
3 956 1010 962 
3 860 859 914 
3 860 914 915 
3 915 914 962 
3 861 860 915 
3 1096 1097 1155 
3 1096 1037 1036 
3 1096 1036 1097 
3 1097 1036 1042 
3 984 985 1036 
3 1036 985 1042 
3 985 984 931 
3 986 985 931 
3 654 709 710 
3 655 654 710 
3 656 711 654 
3 654 711 709 
3 657 712 656 
3 656 712 711 
3 603 658 657 
3 657 658 712 
3 598 605 603 
3 603 605 658 
3 604 606 605 
3 604 605 546 
3 546 605 598 
3 546 548 604 
3 1098 1159 1160 
3 1155 1159 1098 
3 1096 1155 1098 
3 1096 1098 1039 
3 1096 1039 1038 
3 1037 1096 1038 
3 931 932 986 
3 876 932 931 
3 820 877 876 
3 876 877 932 
3 763 821 820 
3 820 821 877 
3 764 822 763 
3 763 822 821 
3 765 823 764 
3 764 823 822 
3 707 766 765 
3 765 766 823 
3 708 767 707 
3 707 767 766 
3 710 708 655 
3 767 708 710 
3 604 549 606 
3 548 549 604 
3 548 500 549 
3 500 550 549 
3 551 609 550 
3 551 550 501 
3 501 550 500 
3 501 547 551 
3 1161 1223 1224 
3 1160 1223 1161 
3 1160 1161 1098 
3 1098 1161 1099 
3 1039 1099 1040 
3 1098 1099 1039 
3 551 560 609 
3 547 560 551 
3 547 508 560 
3 508 561 560 
3 561 508 509 
3 562 561 509 
3 1163 1161 1224 
3 1228 1163 1224 
3 1099 1161 1101 
3 1101 1161 1163 
3 1040 1101 1100 
3 1099 1101 1040 
3 509 513 562 
3 463 513 509 
3 513 463 510 
3 563 513 510 
3 1225 1163 1228 
3 1289 1225 1228 
3 1101 1163 1162 
3 1162 1163 1225 
3 1100 1162 1151 
3 1101 1162 1100 
3 510 511 563 
3 563 511 564 
3 1290 1226 1225 
3 1290 1225 1289 
3 1226 1227 1162 
3 1226 1162 1225 
3 1227 1216 1162 
3 1216 1152 1151 
3 1216 1151 1162 
3 1152 1153 1094 
3 1094 1151 1152 
3 1153 1154 1094 
3 1154 1095 1094 
3 511 565 564 
3 512 565 511 
3 565 512 534 
3 589 565 534 
3 534 533 589 
3 589 533 588 
3 533 532 588 
3 588 532 587 
3 531 576 586 
3 522 576 531 
3 587 532 531 
3 586 587 531 
3 522 530 576 
3 576 530 585 
3 584 636 639 
3 581 636 584 
3 585 530 584 
3 639 585 584 
3 581 583 636 
3 636 583 638 
3 637 689 691 
3 635 689 637 
3 638 583 637 
3 691 638 637 
3 635 687 689 
3 689 687 747 
3 687 688 747 
3 747 688 749 
3 804 861 862 
3 863 804 862 
3 863 806 804 
3 806 748 804 
3 749 688 748 
3 806 749 748 
3 1122 1067 1066 
3 1066 1067 1009 
3 1122 1123 1067 
3 1009 1068 1010 
3 1067 1068 1009 
3 1010 1017 962 
3 1068 1017 1010 
3 1018 962 1017 
3 1018 963 962 
3 963 915 962 
3 862 861 915 
3 862 915 916 
3 916 915 963 
3 863 862 916 
3 1123 1124 1067 
3 1124 1184 1125 
3 1124 1125 1067 
3 1068 1067 1125 
3 1076 1068 1125 
3 1017 1068 1076 
3 1077 1017 1076 
3 1018 1017 1077 
3 1156 1157 1217 
3 1156 1155 1097 
3 1156 1097 1157 
3 1157 1097 1158 
3 1042 1102 1097 
3 1097 1102 1158 
3 985 1043 1042 
3 1042 1043 1102 
3 986 987 1044 
3 986 1044 985 
3 985 1044 1043 
3 1044 987 988 
3 709 768 769 
3 710 709 769 
3 711 770 709 
3 709 770 768 
3 712 771 711 
3 711 771 770 
3 658 713 712 
3 712 713 771 
3 605 659 658 
3 658 659 713 
3 659 605 606 
3 660 659 606 
3 1281 1345 1346 
3 1281 1218 1280 
3 1345 1281 1280 
3 1217 1280 1218 
3 1156 1217 1218 
3 1156 1218 1160 
3 1156 1160 1159 
3 1155 1156 1159 
3 986 932 987 
3 987 933 988 
3 987 932 933 
3 932 877 933 
3 821 878 877 
3 877 878 933 
3 822 879 821 
3 821 879 878 
3 823 880 822 
3 822 880 879 
3 766 824 823 
3 823 824 880 
3 767 825 766 
3 766 825 824 
3 769 767 710 
3 825 767 769 
3 606 607 660 
3 549 607 606 
3 550 608 549 
3 549 608 607 
3 608 550 609 
3 663 608 609 
3 1282 1281 1346 
3 1347 1282 1346 
3 1223 1282 1224 
3 1223 1218 1282 
3 1218 1281 1282 
3 1160 1218 1223 
3 609 615 663 
3 560 615 609 
3 561 616 560 
3 560 616 615 
3 616 561 562 
3 617 616 562 
3 1288 1282 1347 
3 1357 1288 1347 
3 1224 1288 1228 
3 1282 1288 1224 
3 562 566 617 
3 513 566 562 
3 566 513 563 
3 618 566 563 
3 1291 1288 1357 
3 1360 1291 1357 
3 1228 1291 1289 
3 1288 1291 1228 
3 563 564 618 
3 618 564 619 
3 1361 1358 1291 
3 1361 1291 1360 
3 1358 1359 1289 
3 1358 1289 1291 
3 1359 1290 1289 
3 564 620 619 
3 565 620 564 
3 620 565 589 
3 644 620 589 
3 589 588 644 
3 644 588 643 
3 588 587 643 
3 643 587 642 
3 586 631 641 
3 576 631 586 
3 642 587 586 
3 641 642 586 
3 576 585 631 
3 631 585 640 
3 639 690 693 
3 636 690 639 
3 640 585 639 
3 693 640 639 
3 636 638 690 
3 690 638 692 
3 691 750 753 
3 689 750 691 
3 692 638 691 
3 753 692 691 
3 689 747 750 
3 750 747 805 
3 807 866 864 
3 807 864 805 
3 807 805 749 
3 749 805 747 
3 806 866 807 
3 806 863 866 
3 863 917 866 
3 749 806 807 
3 963 1018 1019 
3 1020 963 1019 
3 1020 964 963 
3 964 916 963 
3 917 863 916 
3 964 917 916 
3 1250 1311 1251 
3 1251 1186 1250 
3 1185 1250 1186 
3 1185 1186 1125 
3 1184 1185 1125 
3 1125 1137 1076 
3 1186 1137 1125 
3 1138 1076 1137 
3 1138 1139 1076 
3 1139 1077 1076 
3 1019 1018 1077 
3 1019 1077 1078 
3 1078 1077 1139 
3 1020 1019 1078 
3 1186 1251 1200 
3 1137 1186 1200 
3 1201 1137 1200 
3 1138 1137 1201 
3 1348 1350 1417 
3 1348 1283 1284 
3 1350 1348 1284 
3 1283 1219 1220 
3 1284 1283 1220 
3 1219 1217 1157 
3 1219 1157 1220 
3 1220 1157 1221 
3 1158 1222 1157 
3 1157 1222 1221 
3 1102 1164 1158 
3 1158 1164 1222 
3 1043 1103 1102 
3 1102 1103 1164 
3 1044 1045 1043 
3 1043 1045 1103 
3 1045 1044 988 
3 1046 1045 988 
3 768 826 769 
3 827 826 768 
3 827 768 828 
3 828 768 770 
3 771 829 770 
3 770 829 828 
3 713 772 771 
3 771 772 829 
3 659 714 713 
3 713 714 772 
3 714 659 660 
3 715 714 660 
3 1418 1487 1488 
3 1417 1487 1418 
3 1417 1418 1348 
3 1348 1418 1349 
3 1345 1349 1346 
3 1345 1283 1349 
3 1283 1348 1349 
3 1280 1283 1345 
3 1219 1283 1280 
3 1217 1219 1280 
3 988 989 1046 
3 933 989 988 
3 878 934 933 
3 933 934 989 
3 879 935 878 
3 878 935 934 
3 880 936 879 
3 879 936 935 
3 824 881 880 
3 880 881 936 
3 825 882 824 
3 824 882 881 
3 826 825 769 
3 826 883 825 
3 883 882 825 
3 827 883 826 
3 660 661 715 
3 607 661 660 
3 608 662 607 
3 607 662 661 
3 662 608 663 
3 718 662 663 
3 1485 1418 1488 
3 1568 1485 1488 
3 1349 1418 1415 
3 1415 1418 1485 
3 1346 1415 1347 
3 1349 1415 1346 
3 663 667 718 
3 615 667 663 
3 668 672 667 
3 668 667 616 
3 616 667 615 
3 616 617 668 
3 1486 1485 1568 
3 1569 1486 1568 
3 1415 1485 1416 
3 1416 1485 1486 
3 1347 1416 1357 
3 1415 1416 1347 
3 668 621 672 
3 617 621 668 
3 617 566 621 
3 566 622 621 
3 622 566 618 
3 669 622 618 
3 1486 1569 1501 
3 1499 1500 1428 
3 1428 1501 1499 
3 1501 1428 1486 
3 1486 1428 1416 
3 1357 1428 1360 
3 1416 1428 1357 
3 670 619 671 
3 670 669 619 
3 669 618 619 
3 670 671 698 
3 1500 1502 1428 
3 1502 1429 1428 
3 1361 1360 1429 
3 1429 1360 1428 
3 619 620 671 
3 671 620 644 
3 671 644 698 
3 698 644 697 
3 644 643 697 
3 697 643 696 
3 695 680 739 
3 695 739 696 
3 695 696 642 
3 642 696 643 
3 641 680 695 
3 641 631 680 
3 631 681 680 
3 642 641 695 
3 694 751 741 
3 694 741 681 
3 694 681 640 
3 640 681 631 
3 693 751 694 
3 693 690 751 
3 690 752 751 
3 640 693 694 
3 690 692 752 
3 752 692 754 
3 753 808 810 
3 750 808 753 
3 754 692 753 
3 810 754 753 
3 750 805 808 
3 808 805 865 
3 864 918 919 
3 866 918 864 
3 865 805 864 
3 919 865 864 
3 866 917 918 
3 918 917 965 
3 964 1020 1021 
3 964 1021 966 
3 964 966 917 
3 917 966 965 
3 1311 1312 1251 
3 1139 1138 1202 
3 1142 1139 1202 
3 1142 1080 1139 
3 1080 1078 1139 
3 1021 1020 1078 
3 1021 1078 1023 
3 1023 1078 1080 
3 966 1021 1023 
3 1328 1329 1263 
3 1312 1328 1263 
3 1263 1251 1312 
3 1251 1263 1200 
3 1200 1263 1264 
3 1201 1200 1265 
3 1200 1264 1265 
3 1202 1138 1201 
3 1202 1201 1206 
3 1206 1201 1265 
3 1142 1202 1206 
3 1489 1571 1572 
3 1489 1420 1492 
3 1571 1489 1492 
3 1420 1351 1421 
3 1492 1420 1421 
3 1351 1352 1422 
3 1421 1351 1422 
3 1422 1352 1353 
3 1573 1651 1652 
3 1572 1651 1573 
3 1572 1573 1489 
3 1489 1573 1490 
3 1420 1489 1419 
3 1419 1489 1490 
3 1350 1419 1417 
3 1350 1351 1419 
3 1351 1420 1419 
3 1284 1351 1350 
3 1352 1351 1284 
3 1352 1285 1353 
3 1352 1284 1285 
3 1284 1220 1285 
3 1221 1286 1220 
3 1220 1286 1285 
3 1222 1287 1221 
3 1221 1287 1286 
3 1164 1229 1222 
3 1222 1229 1287 
3 1103 1165 1164 
3 1164 1165 1229 
3 1045 1104 1103 
3 1103 1104 1165 
3 1104 1045 1046 
3 1105 1104 1046 
3 828 885 884 
3 827 828 884 
3 829 830 828 
3 828 830 885 
3 772 774 829 
3 829 774 830 
3 773 775 774 
3 773 774 714 
3 714 774 772 
3 714 715 773 
3 1653 1729 1730 
3 1652 1729 1653 
3 1652 1653 1573 
3 1573 1653 1574 
3 1490 1573 1491 
3 1491 1573 1574 
3 1487 1491 1488 
3 1487 1419 1491 
3 1419 1490 1491 
3 1417 1419 1487 
3 1046 1047 1105 
3 989 1047 1046 
3 934 990 989 
3 989 990 1047 
3 935 991 934 
3 934 991 990 
3 936 992 935 
3 935 992 991 
3 881 937 936 
3 936 937 992 
3 882 938 881 
3 881 938 937 
3 883 939 882 
3 882 939 938 
3 884 883 827 
3 939 883 884 
3 773 716 775 
3 715 716 773 
3 715 661 716 
3 661 717 716 
3 719 778 717 
3 719 717 662 
3 662 717 661 
3 662 718 719 
3 1723 1653 1730 
3 1808 1723 1730 
3 1574 1653 1647 
3 1647 1653 1723 
3 1491 1574 1570 
3 1570 1574 1647 
3 1488 1570 1568 
3 1491 1570 1488 
3 719 724 778 
3 718 724 719 
3 718 667 724 
3 667 725 724 
3 725 667 672 
3 728 725 672 
3 1723 1808 1804 
3 1804 1805 1720 
3 1804 1720 1723 
3 1723 1720 1647 
3 1570 1647 1645 
3 1645 1647 1720 
3 1568 1645 1569 
3 1570 1645 1568 
3 672 673 728 
3 621 673 672 
3 674 729 673 
3 674 673 622 
3 622 673 621 
3 622 669 674 
3 1806 1807 1720 
3 1806 1720 1805 
3 1807 1721 1720 
3 1721 1722 1645 
3 1645 1720 1721 
3 1583 1582 1501 
3 1501 1569 1583 
3 1646 1583 1569 
3 1646 1569 1645 
3 1722 1646 1645 
3 1582 1499 1501 
3 674 727 729 
3 726 784 727 
3 670 726 727 
3 670 727 674 
3 670 674 669 
3 670 698 726 
3 756 784 726 
3 813 784 756 
3 698 697 756 
3 726 698 756 
3 756 757 813 
3 757 756 697 
3 757 697 755 
3 755 697 696 
3 739 740 796 
3 680 740 739 
3 755 696 739 
3 796 755 739 
3 680 681 740 
3 740 681 742 
3 741 799 800 
3 751 799 741 
3 742 681 741 
3 800 742 741 
3 751 752 799 
3 799 752 809 
3 811 867 869 
3 811 869 809 
3 811 809 754 
3 754 809 752 
3 810 867 811 
3 810 808 867 
3 808 868 867 
3 754 810 811 
3 808 865 868 
3 868 865 920 
3 919 967 968 
3 918 967 919 
3 920 865 919 
3 968 920 919 
3 918 965 967 
3 967 965 1022 
3 965 966 1022 
3 1022 966 1024 
3 1080 1142 1143 
3 1144 1080 1143 
3 1144 1081 1080 
3 1081 1023 1080 
3 1024 966 1023 
3 1081 1024 1023 
3 1329 1330 1263 
3 1263 1331 1264 
3 1397 1331 1330 
3 1330 1331 1263 
3 1264 1332 1265 
3 1331 1332 1264 
3 1265 1270 1206 
3 1332 1270 1265 
3 1206 1270 1207 
3 1142 1206 1207 
3 1142 1207 1208 
3 1142 1208 1143 
3 1144 1143 1208 
3 1465 1466 1398 
3 1397 1465 1398 
3 1398 1331 1397 
3 1399 1331 1398 
3 1332 1331 1399 
3 1337 1332 1399 
3 1270 1332 1337 
3 1271 1270 1337 
3 1207 1270 1271 
3 1895 1898 1977 
3 1895 1809 1812 
3 1898 1895 1812 
3 1809 1724 1726 
3 1812 1809 1726 
3 1724 1648 1649 
3 1726 1724 1649 
3 1648 1572 1571 
3 1648 1571 1649 
3 1649 1571 1650 
3 1492 1575 1571 
3 1571 1575 1650 
3 1421 1493 1492 
3 1492 1493 1575 
3 1422 1423 1421 
3 1421 1423 1493 
3 1423 1422 1353 
3 1424 1423 1353 
3 1978 2060 2061 
3 1977 2060 1978 
3 1977 1978 1895 
3 1895 1978 1896 
3 1809 1895 1810 
3 1810 1895 1896 
3 1724 1809 1725 
3 1725 1809 1810 
3 1651 1725 1652 
3 1651 1648 1725 
3 1648 1724 1725 
3 1572 1648 1651 
3 1353 1354 1424 
3 1285 1354 1353 
3 1286 1355 1285 
3 1285 1355 1354 
3 1287 1356 1286 
3 1286 1356 1355 
3 1229 1292 1287 
3 1287 1292 1356 
3 1165 1230 1229 
3 1229 1230 1292 
3 1104 1166 1165 
3 1165 1166 1230 
3 1166 1104 1105 
3 1167 1166 1105 
3 885 941 940 
3 884 885 940 
3 830 886 885 
3 885 886 941 
3 774 831 830 
3 830 831 886 
3 831 774 775 
3 832 831 775 
3 1978 2061 1979 
3 1979 1980 1897 
3 1979 1897 1978 
3 1978 1897 1896 
3 1810 1896 1811 
3 1811 1896 1897 
3 1729 1811 1730 
3 1729 1725 1811 
3 1725 1810 1811 
3 1652 1725 1729 
3 1105 1106 1167 
3 1047 1106 1105 
3 990 1048 1047 
3 1047 1048 1106 
3 991 1049 990 
3 990 1049 1048 
3 992 1050 991 
3 991 1050 1049 
3 937 993 992 
3 992 993 1050 
3 938 994 937 
3 937 994 993 
3 939 995 938 
3 938 995 994 
3 940 939 884 
3 995 939 940 
3 775 776 832 
3 716 776 775 
3 717 777 716 
3 716 777 776 
3 777 717 778 
3 837 777 778 
3 1903 1897 1980 
3 1988 1903 1980 
3 1811 1897 1816 
3 1816 1897 1903 
3 1730 1816 1808 
3 1811 1816 1730 
3 778 783 837 
3 724 783 778 
3 732 788 783 
3 732 783 725 
3 725 783 724 
3 725 728 732 
3 1903 1988 1989 
3 1990 1991 1904 
3 1904 1989 1990 
3 1989 1904 1903 
3 1903 1904 1816 
3 1808 1892 1804 
3 1808 1816 1892 
3 1816 1904 1892 
3 1804 1892 1805 
3 732 731 788 
3 730 787 731 
3 673 730 731 
3 673 731 732 
3 673 732 728 
3 673 729 730 
3 1991 1992 1904 
3 1992 1975 1904 
3 1975 1976 1892 
3 1892 1904 1975 
3 1893 1806 1805 
3 1894 1893 1805 
3 1894 1805 1892 
3 1976 1894 1892 
3 730 786 787 
3 785 846 786 
3 727 785 786 
3 727 786 730 
3 727 730 729 
3 727 784 785 
3 785 844 846 
3 844 785 784 
3 844 784 845 
3 845 784 813 
3 812 813 757 
3 812 797 813 
3 797 845 813 
3 757 755 812 
3 796 797 812 
3 796 740 797 
3 740 798 797 
3 755 796 812 
3 740 742 798 
3 798 742 801 
3 800 857 858 
3 799 857 800 
3 801 742 800 
3 858 801 800 
3 799 809 857 
3 857 809 870 
3 869 921 923 
3 867 921 869 
3 870 809 869 
3 923 870 869 
3 867 868 921 
3 921 868 922 
3 868 920 922 
3 922 920 969 
3 968 1025 1026 
3 967 1025 968 
3 969 920 968 
3 1026 969 968 
3 967 1022 1025 
3 1025 1022 1079 
3 1082 1145 1140 
3 1082 1140 1079 
3 1082 1079 1024 
3 1024 1079 1022 
3 1081 1145 1082 
3 1081 1144 1145 
3 1144 1209 1145 
3 1024 1081 1082 
3 1208 1207 1272 
3 1208 1272 1210 
3 1208 1210 1144 
3 1144 1210 1209 
3 1466 1467 1398 
3 1549 1624 1550 
3 1550 1469 1549 
3 1468 1549 1469 
3 1468 1469 1399 
3 1467 1468 1399 
3 1467 1399 1398 
3 1399 1403 1337 
3 1469 1403 1399 
3 1404 1337 1403 
3 1404 1338 1337 
3 1338 1271 1337 
3 1272 1207 1271 
3 1272 1271 1273 
3 1273 1271 1338 
3 1210 1272 1273 
3 1469 1550 1472 
3 1403 1469 1472 
3 1473 1403 1472 
3 1404 1403 1473 
3 2064 2066 2145 
3 2064 1981 1982 
3 2066 2064 1982 
3 1981 1977 1898 
3 1981 1898 1982 
3 1982 1898 1983 
3 1812 1899 1898 
3 1898 1899 1983 
3 1726 1813 1812 
3 1812 1813 1899 
3 1649 1727 1726 
3 1726 1727 1813 
3 1650 1728 1649 
3 1649 1728 1727 
3 1575 1654 1650 
3 1650 1654 1728 
3 1493 1576 1575 
3 1575 1576 1654 
3 1423 1494 1493 
3 1493 1494 1576 
3 1494 1423 1424 
3 1495 1494 1424 
3 2237 2323 2324 
3 2237 2146 2236 
3 2323 2237 2236 
3 2145 2236 2146 
3 2145 2146 2064 
3 2064 2146 2065 
3 2060 2065 2061 
3 2060 1981 2065 
3 1981 2064 2065 
3 1977 1981 2060 
3 1424 1425 1495 
3 1354 1425 1424 
3 1355 1426 1354 
3 1354 1426 1425 
3 1356 1427 1355 
3 1355 1427 1426 
3 1292 1362 1356 
3 1356 1362 1427 
3 1230 1293 1292 
3 1292 1293 1362 
3 1166 1231 1230 
3 1230 1231 1293 
3 1231 1166 1167 
3 1232 1231 1167 
3 941 942 996 
3 940 941 996 
3 892 945 942 
3 892 942 886 
3 886 942 941 
3 886 831 835 
3 892 886 835 
3 831 832 835 
3 2237 2324 2318 
3 2318 2319 2229 
3 2318 2229 2237 
3 2237 2229 2146 
3 2065 2146 2142 
3 2142 2146 2229 
3 2061 2062 1979 
3 2061 2065 2062 
3 2065 2142 2062 
3 1979 2062 1980 
3 1167 1168 1232 
3 1106 1168 1167 
3 1048 1107 1106 
3 1106 1107 1168 
3 1049 1108 1048 
3 1048 1108 1107 
3 1050 1109 1049 
3 1049 1109 1108 
3 993 1051 1050 
3 1050 1051 1109 
3 994 1052 993 
3 993 1052 1051 
3 995 1053 994 
3 994 1053 1052 
3 996 995 940 
3 1053 995 996 
3 892 890 945 
3 835 890 892 
3 834 890 835 
3 833 887 834 
3 776 833 834 
3 776 834 835 
3 776 835 832 
3 776 777 836 
3 833 776 836 
3 777 837 836 
3 2229 2319 2230 
3 2230 2231 2143 
3 2230 2143 2229 
3 2229 2143 2142 
3 2062 2142 2063 
3 2063 2142 2143 
3 1980 2063 1988 
3 2062 2063 1980 
3 833 888 887 
3 888 889 944 
3 888 833 889 
3 833 836 889 
3 837 783 843 
3 837 843 836 
3 836 843 889 
3 783 788 843 
3 2143 2231 2232 
3 2233 2234 2144 
3 2144 2232 2233 
3 2232 2144 2143 
3 2143 2144 2063 
3 1988 2073 1989 
3 1988 2063 2073 
3 2063 2144 2073 
3 2074 1990 1989 
3 2074 1989 2073 
3 889 898 944 
3 898 848 899 
3 898 889 848 
3 889 843 848 
3 788 731 789 
3 788 789 843 
3 843 789 848 
3 731 787 789 
3 2234 2235 2144 
3 2235 2155 2144 
3 2155 2156 2073 
3 2073 2144 2155 
3 2157 2074 2073 
3 2156 2157 2073 
3 848 900 899 
3 900 849 901 
3 900 848 849 
3 848 789 849 
3 787 786 847 
3 787 847 789 
3 789 847 849 
3 786 846 847 
3 849 902 901 
3 902 897 949 
3 902 849 897 
3 849 847 897 
3 846 844 896 
3 846 896 847 
3 847 896 897 
3 844 845 896 
3 897 909 949 
3 909 854 910 
3 909 897 854 
3 897 896 854 
3 845 797 854 
3 896 845 854 
3 855 910 854 
3 911 910 855 
3 797 798 855 
3 854 797 855 
3 856 911 855 
3 912 911 856 
3 798 801 856 
3 855 798 856 
3 858 912 856 
3 858 857 912 
3 857 913 912 
3 801 858 856 
3 857 870 913 
3 913 870 924 
3 923 970 972 
3 921 970 923 
3 924 870 923 
3 972 924 923 
3 921 922 970 
3 970 922 971 
3 922 969 971 
3 971 969 1027 
3 1026 1083 1084 
3 1025 1083 1026 
3 1027 969 1026 
3 1084 1027 1026 
3 1025 1079 1083 
3 1083 1079 1141 
3 1140 1203 1204 
3 1145 1203 1140 
3 1141 1079 1140 
3 1204 1141 1140 
3 1145 1209 1203 
3 1203 1209 1266 
3 1209 1210 1266 
3 1266 1210 1274 
3 1624 1625 1550 
3 1338 1404 1405 
3 1406 1338 1405 
3 1406 1339 1338 
3 1339 1273 1338 
3 1274 1210 1273 
3 1339 1274 1273 
3 1626 1627 1552 
3 1625 1626 1552 
3 1552 1550 1625 
3 1550 1552 1472 
3 1472 1552 1553 
3 1473 1472 1554 
3 1472 1553 1554 
3 1405 1404 1473 
3 1405 1473 1474 
3 1474 1473 1554 
3 1406 1405 1474 
3 2238 2239 2325 
3 2238 2147 2148 
3 2239 2238 2148 
3 2147 2145 2066 
3 2147 2066 2148 
3 2148 2066 2149 
3 1982 2067 2066 
3 2066 2067 2149 
3 1983 2068 1982 
3 1982 2068 2067 
3 1899 1984 1983 
3 1983 1984 2068 
3 1813 1900 1899 
3 1899 1900 1984 
3 1727 1814 1813 
3 1813 1814 1900 
3 1728 1815 1727 
3 1727 1815 1814 
3 1654 1731 1728 
3 1728 1731 1815 
3 1576 1655 1654 
3 1654 1655 1731 
3 1494 1577 1576 
3 1576 1577 1655 
3 1577 1494 1495 
3 1578 1577 1495 
3 2326 2411 2412 
3 2325 2411 2326 
3 2238 2325 2326 
3 2238 2326 2324 
3 2238 2324 2323 
3 2236 2238 2323 
3 2147 2238 2236 
3 2145 2147 2236 
3 1495 1496 1578 
3 1425 1496 1495 
3 1426 1497 1425 
3 1425 1497 1496 
3 1427 1498 1426 
3 1426 1498 1497 
3 1362 1430 1427 
3 1427 1430 1498 
3 1293 1363 1362 
3 1362 1363 1430 
3 1231 1294 1293 
3 1293 1294 1363 
3 1294 1231 1232 
3 1295 1294 1232 
3 942 997 996 
3 942 945 997 
3 2413 2326 2412 
3 2502 2413 2412 
3 2324 2405 2318 
3 2324 2326 2405 
3 2326 2413 2405 
3 2318 2405 2319 
3 1232 1233 1295 
3 1168 1233 1232 
3 1107 1169 1168 
3 1168 1169 1233 
3 1108 1170 1107 
3 1107 1170 1169 
3 1109 1171 1108 
3 1108 1171 1170 
3 1051 1110 1109 
3 1109 1110 1171 
3 1052 1111 1051 
3 1051 1111 1110 
3 1054 1112 1111 
3 1054 1111 1053 
3 1053 1111 1052 
3 1053 996 997 
3 1053 997 1054 
3 1054 997 999 
3 945 890 946 
3 945 946 997 
3 997 946 999 
3 890 834 891 
3 946 890 891 
3 834 887 891 
3 2497 2413 2502 
3 2590 2497 2502 
3 2405 2413 2406 
3 2406 2413 2497 
3 2319 2320 2230 
3 2319 2405 2320 
3 2405 2406 2320 
3 2230 2320 2231 
3 1054 1057 1112 
3 999 1057 1054 
3 1000 1057 999 
3 946 1000 999 
3 1001 1000 946 
3 1001 947 1002 
3 1001 946 947 
3 946 891 947 
3 887 888 943 
3 887 943 891 
3 891 943 947 
3 888 944 943 
3 2497 2590 2591 
3 2591 2592 2498 
3 2591 2498 2497 
3 2497 2498 2406 
3 2320 2406 2407 
3 2407 2406 2498 
3 2231 2321 2232 
3 2231 2320 2321 
3 2320 2407 2321 
3 2322 2233 2232 
3 2322 2232 2321 
3 947 1003 1002 
3 1003 998 1055 
3 1003 947 998 
3 947 943 998 
3 944 898 950 
3 944 950 943 
3 943 950 998 
3 898 899 950 
3 2593 2499 2498 
3 2593 2498 2592 
3 2499 2500 2407 
3 2499 2407 2498 
3 2500 2501 2407 
3 2501 2408 2407 
3 2408 2409 2321 
3 2321 2407 2408 
3 2410 2322 2321 
3 2409 2410 2321 
3 998 1056 1055 
3 1056 1004 1061 
3 1056 998 1004 
3 998 950 1004 
3 899 900 951 
3 899 951 950 
3 950 951 1004 
3 900 901 951 
3 1004 1062 1061 
3 1062 1005 1063 
3 1062 1004 1005 
3 1004 951 1005 
3 901 902 952 
3 901 952 951 
3 951 952 1005 
3 902 949 952 
3 1005 1064 1063 
3 1064 1006 1065 
3 1064 1005 1006 
3 1005 952 1006 
3 949 909 957 
3 949 957 952 
3 952 957 1006 
3 909 910 957 
3 1006 1011 1065 
3 1011 958 1012 
3 1011 1006 958 
3 1006 957 958 
3 910 911 958 
3 957 910 958 
3 958 959 1012 
3 959 958 911 
3 959 911 960 
3 960 911 912 
3 912 913 960 
3 960 913 961 
3 913 924 961 
3 961 924 973 
3 972 1028 1030 
3 970 1028 972 
3 973 924 972 
3 1030 973 972 
3 970 971 1028 
3 1028 971 1029 
3 1085 1146 1087 
3 1085 1087 1029 
3 1085 1029 1027 
3 1027 1029 971 
3 1084 1146 1085 
3 1084 1083 1146 
3 1083 1147 1146 
3 1027 1084 1085 
3 1083 1141 1147 
3 1147 1141 1205 
3 1204 1267 1268 
3 1203 1267 1204 
3 1205 1141 1204 
3 1268 1205 1204 
3 1203 1266 1267 
3 1267 1266 1333 
3 1266 1274 1333 
3 1333 1274 1340 
3 1339 1406 1407 
3 1339 1407 1341 
3 1339 1341 1274 
3 1274 1341 1340 
3 1700 1701 1628 
3 1627 1700 1628 
3 1628 1552 1627 
3 1629 1628 1702 
3 1629 1553 1628 
3 1553 1552 1628 
3 1553 1630 1554 
3 1629 1630 1553 
3 1554 1555 1474 
3 1630 1555 1554 
3 1474 1555 1475 
3 1406 1474 1475 
3 1406 1475 1409 
3 1406 1409 1407 
3 1341 1407 1409 
3 1629 1702 1704 
3 1630 1629 1704 
3 1631 1630 1704 
3 1555 1630 1631 
3 1556 1555 1631 
3 1475 1555 1556 
3 2327 2328 2414 
3 2327 2325 2239 
3 2327 2239 2328 
3 2328 2239 2329 
3 2148 2240 2239 
3 2239 2240 2329 
3 2149 2241 2148 
3 2148 2241 2240 
3 2067 2150 2149 
3 2149 2150 2241 
3 2068 2151 2067 
3 2067 2151 2150 
3 1984 2069 2068 
3 2068 2069 2151 
3 1900 1985 1984 
3 1984 1985 2069 
3 1814 1901 1900 
3 1900 1901 1985 
3 1815 1902 1814 
3 1814 1902 1901 
3 1731 1817 1815 
3 1815 1817 1902 
3 1655 1732 1731 
3 1731 1732 1817 
3 1577 1656 1655 
3 1655 1656 1732 
3 1656 1577 1578 
3 1657 1656 1578 
3 2505 2596 2598 
3 2505 2415 2504 
3 2596 2505 2504 
3 2414 2504 2415 
3 2327 2414 2415 
3 2327 2415 2412 
3 2327 2412 2411 
3 2325 2327 2411 
3 1578 1579 1657 
3 1496 1579 1578 
3 1497 1580 1496 
3 1496 1580 1579 
3 1498 1581 1497 
3 1497 1581 1580 
3 1430 1503 1498 
3 1498 1503 1581 
3 1363 1431 1430 
3 1430 1431 1503 
3 1294 1364 1363 
3 1363 1364 1431 
3 1364 1294 1295 
3 1365 1364 1295 
3 2595 2505 2598 
3 2684 2595 2598 
3 2415 2505 2503 
3 2503 2505 2595 
3 2412 2503 2502 
3 2415 2503 2412 
3 1295 1296 1365 
3 1233 1296 1295 
3 1169 1234 1233 
3 1233 1234 1296 
3 1170 1235 1169 
3 1169 1235 1234 
3 1171 1173 1170 
3 1170 1173 1235 
3 1172 1236 1173 
3 1172 1173 1110 
3 1110 1173 1171 
3 1110 1111 1116 
3 1172 1110 1116 
3 1111 1112 1116 
3 2595 2684 2680 
3 2680 2681 2594 
3 2680 2594 2595 
3 2595 2594 2503 
3 2502 2594 2590 
3 2503 2594 2502 
3 1172 1177 1236 
3 1116 1177 1172 
3 1115 1177 1116 
3 1114 1175 1115 
3 1057 1114 1115 
3 1057 1115 1116 
3 1057 1116 1112 
3 1057 1000 1058 
3 1114 1057 1058 
3 1000 1001 1059 
3 1058 1000 1059 
3 1001 1002 1059 
3 2682 2594 2683 
3 2683 2594 2681 
3 2765 2683 2681 
3 2676 2678 2591 
3 2591 2590 2676 
3 2677 2676 2590 
3 2677 2590 2594 
3 2682 2677 2594 
3 2678 2679 2592 
3 2592 2591 2678 
3 1114 1176 1175 
3 1176 1117 1179 
3 1176 1114 1117 
3 1114 1058 1117 
3 1059 1118 1058 
3 1118 1117 1058 
3 1002 1003 1060 
3 1002 1060 1059 
3 1059 1060 1118 
3 1003 1055 1060 
3 2679 2593 2592 
3 1117 1180 1179 
3 1180 1181 1246 
3 1180 1117 1181 
3 1117 1118 1181 
3 1060 1119 1118 
3 1119 1181 1118 
3 1055 1056 1113 
3 1055 1113 1060 
3 1060 1113 1119 
3 1056 1061 1113 
3 1181 1247 1246 
3 1247 1182 1248 
3 1247 1181 1182 
3 1181 1119 1182 
3 1113 1174 1119 
3 1174 1182 1119 
3 1061 1062 1120 
3 1061 1120 1113 
3 1113 1120 1174 
3 1062 1063 1120 
3 1182 1239 1248 
3 1174 1239 1182 
3 1240 1239 1174 
3 1240 1183 1249 
3 1240 1174 1183 
3 1174 1120 1183 
3 1063 1064 1121 
3 1063 1121 1120 
3 1120 1121 1183 
3 1064 1065 1121 
3 1183 1187 1249 
3 1187 1126 1188 
3 1187 1183 1126 
3 1183 1121 1126 
3 1065 1011 1069 
3 1065 1069 1121 
3 1121 1069 1126 
3 1011 1012 1069 
3 1126 1127 1188 
3 1127 1070 1128 
3 1127 1126 1070 
3 1126 1069 1070 
3 1012 959 1013 
3 1012 1013 1069 
3 1069 1013 1070 
3 959 960 1013 
3 1070 1071 1128 
3 1071 1014 1072 
3 1071 1070 1014 
3 1070 1013 1014 
3 960 961 1014 
3 1013 960 1014 
3 1014 1015 1072 
3 1015 1014 961 
3 1015 961 1016 
3 1016 961 973 
3 1030 1086 1074 
3 1028 1086 1030 
3 1016 973 1030 
3 1074 1016 1030 
3 1028 1029 1086 
3 1086 1029 1088 
3 1087 1148 1149 
3 1146 1148 1087 
3 1088 1029 1087 
3 1149 1088 1087 
3 1146 1147 1148 
3 1148 1147 1211 
3 1147 1205 1211 
3 1211 1205 1269 
3 1268 1334 1335 
3 1267 1334 1268 
3 1269 1205 1268 
3 1335 1269 1268 
3 1267 1333 1334 
3 1334 1333 1400 
3 1333 1340 1400 
3 1400 1340 1408 
3 1340 1341 1408 
3 1408 1341 1410 
3 1701 1703 1628 
3 1703 1783 1702 
3 1702 1628 1703 
3 1409 1475 1477 
3 1409 1477 1411 
3 1409 1411 1341 
3 1341 1411 1410 
3 1870 1871 1784 
3 1783 1870 1784 
3 1784 1702 1783 
3 1702 1784 1704 
3 1704 1784 1706 
3 1631 1704 1634 
3 1704 1706 1634 
3 1556 1631 1559 
3 1631 1634 1559 
3 1477 1475 1556 
3 1477 1556 1479 
3 1479 1556 1559 
3 1411 1477 1479 
3 2416 2417 2506 
3 2416 2414 2328 
3 2416 2328 2417 
3 2417 2328 2418 
3 2329 2419 2328 
3 2328 2419 2418 
3 2240 2330 2329 
3 2329 2330 2419 
3 2241 2331 2240 
3 2240 2331 2330 
3 2150 2242 2241 
3 2241 2242 2331 
3 2151 2243 2150 
3 2150 2243 2242 
3 2069 2152 2151 
3 2151 2152 2243 
3 1985 2070 2069 
3 2069 2070 2152 
3 1901 1986 1985 
3 1985 1986 2070 
3 1902 1987 1901 
3 1901 1987 1986 
3 1817 1905 1902 
3 1902 1905 1987 
3 1732 1818 1817 
3 1817 1818 1905 
3 1656 1733 1732 
3 1732 1733 1818 
3 1733 1656 1657 
3 1734 1733 1657 
3 2596 2597 2685 
3 2598 2596 2685 
3 2506 2504 2416 
3 2506 2597 2504 
3 2597 2596 2504 
3 2414 2416 2504 
3 1657 1658 1734 
3 1579 1658 1657 
3 1580 1659 1579 
3 1579 1659 1658 
3 1581 1660 1580 
3 1580 1660 1659 
3 1503 1584 1581 
3 1581 1584 1660 
3 1431 1504 1503 
3 1503 1504 1584 
3 1364 1432 1431 
3 1431 1432 1504 
3 1432 1364 1365 
3 1433 1432 1365 
3 2598 2685 2684 
3 2685 2769 2684 
3 1365 1366 1433 
3 1296 1366 1365 
3 1234 1297 1296 
3 1296 1297 1366 
3 1235 1238 1234 
3 1234 1238 1297 
3 1237 1298 1238 
3 1237 1238 1173 
3 1173 1238 1235 
3 1173 1236 1237 
3 2764 2680 2684 
3 2764 2684 2770 
3 2770 2684 2769 
3 2680 2764 2681 
3 1237 1243 1298 
3 1242 1304 1243 
3 1177 1242 1243 
3 1177 1243 1237 
3 1177 1237 1236 
3 1177 1115 1178 
3 1242 1177 1178 
3 1115 1175 1178 
3 2764 2770 2766 
3 2766 2681 2764 
3 2767 2768 2681 
3 2681 2766 2767 
3 2768 2765 2681 
3 1242 1305 1304 
3 1305 1244 1308 
3 1305 1242 1244 
3 1242 1178 1244 
3 1175 1176 1241 
3 1175 1241 1178 
3 1178 1241 1244 
3 1176 1179 1241 
3 1244 1309 1308 
3 1309 1303 1373 
3 1309 1244 1303 
3 1244 1241 1303 
3 1179 1180 1245 
3 1179 1245 1241 
3 1241 1245 1303 
3 1180 1246 1245 
3 1303 1374 1373 
3 1374 1310 1381 
3 1374 1303 1310 
3 1303 1245 1310 
3 1246 1247 1302 
3 1246 1302 1245 
3 1245 1302 1310 
3 1247 1248 1302 
3 1310 1371 1381 
3 1302 1371 1310 
3 1301 1371 1302 
3 1300 1370 1301 
3 1239 1300 1301 
3 1239 1301 1302 
3 1239 1302 1248 
3 1239 1240 1253 
3 1300 1239 1253 
3 1240 1249 1253 
3 1300 1316 1370 
3 1316 1254 1313 
3 1316 1300 1254 
3 1300 1253 1254 
3 1249 1187 1191 
3 1249 1191 1253 
3 1253 1191 1254 
3 1187 1188 1191 
3 1254 1252 1313 
3 1191 1252 1254 
3 1190 1252 1191 
3 1189 1192 1190 
3 1127 1189 1190 
3 1127 1190 1191 
3 1127 1191 1188 
3 1127 1128 1189 
3 1189 1129 1192 
3 1128 1129 1189 
3 1128 1071 1129 
3 1071 1130 1129 
3 1130 1071 1072 
3 1131 1130 1072 
3 1072 1073 1131 
3 1015 1073 1072 
3 1073 1015 1016 
3 1075 1073 1016 
3 1074 1135 1136 
3 1086 1135 1074 
3 1075 1016 1074 
3 1136 1075 1074 
3 1086 1088 1135 
3 1135 1088 1150 
3 1149 1212 1213 
3 1148 1212 1149 
3 1150 1088 1149 
3 1213 1150 1149 
3 1148 1211 1212 
3 1212 1211 1275 
3 1211 1269 1275 
3 1275 1269 1336 
3 1335 1401 1402 
3 1334 1401 1335 
3 1336 1269 1335 
3 1402 1336 1335 
3 1334 1400 1401 
3 1401 1400 1470 
3 1400 1408 1470 
3 1470 1408 1476 
3 1408 1410 1476 
3 1476 1410 1478 
3 1410 1411 1478 
3 1478 1411 1480 
3 1873 1874 1787 
3 1871 1873 1787 
3 1787 1784 1871 
3 1786 1787 1872 
3 1786 1706 1787 
3 1706 1784 1787 
3 1706 1707 1634 
3 1786 1707 1706 
3 1634 1635 1559 
3 1707 1635 1634 
3 1636 1559 1635 
3 1636 1560 1559 
3 1560 1479 1559 
3 1480 1411 1479 
3 1560 1480 1479 
3 1786 1872 1788 
3 1707 1786 1788 
3 1708 1707 1788 
3 1635 1707 1708 
3 1709 1635 1708 
3 1636 1635 1709 
3 2417 2507 2508 
3 2506 2417 2508 
3 2418 2509 2417 
3 2417 2509 2507 
3 2419 2510 2418 
3 2418 2510 2509 
3 2330 2420 2419 
3 2419 2420 2510 
3 2331 2421 2330 
3 2330 2421 2420 
3 2242 2332 2331 
3 2331 2332 2421 
3 2243 2333 2242 
3 2242 2333 2332 
3 2152 2244 2243 
3 2243 2244 2333 
3 2070 2153 2152 
3 2152 2153 2244 
3 1986 2071 2070 
3 2070 2071 2153 
3 1987 2072 1986 
3 1986 2072 2071 
3 1905 1993 1987 
3 1987 1993 2072 
3 1818 1906 1905 
3 1905 1906 1993 
3 1733 1819 1818 
3 1818 1819 1906 
3 1819 1733 1734 
3 1820 1819 1734 
3 2686 2687 2772 
3 2686 2685 2597 
3 2686 2597 2687 
3 2687 2597 2602 
3 2508 2597 2506 
3 2602 2597 2508 
3 1734 1735 1820 
3 1658 1735 1734 
3 1659 1736 1658 
3 1658 1736 1735 
3 1660 1661 1659 
3 1659 1661 1736 
3 1584 1585 1660 
3 1660 1585 1661 
3 1504 1506 1584 
3 1584 1506 1585 
3 1505 1507 1506 
3 1505 1506 1432 
3 1432 1506 1504 
3 1432 1433 1505 
3 2771 2686 2772 
3 2856 2771 2772 
3 2685 2771 2769 
3 2686 2771 2685 
3 1505 1434 1507 
3 1433 1434 1505 
3 1433 1366 1434 
3 1366 1368 1434 
3 1367 1435 1368 
3 1367 1368 1297 
3 1297 1368 1366 
3 1297 1238 1299 
3 1367 1297 1299 
3 1238 1298 1299 
3 2855 2771 2856 
3 2936 2855 2856 
3 2769 2855 2770 
3 2771 2855 2769 
3 1367 1369 1435 
3 1299 1369 1367 
3 1307 1369 1299 
3 1306 1377 1307 
3 1243 1306 1307 
3 1243 1307 1299 
3 1243 1299 1298 
3 1243 1304 1306 
3 2935 2854 2855 
3 2935 2855 2936 
3 2852 2853 2766 
3 2854 2852 2766 
3 2854 2766 2855 
3 2766 2770 2855 
3 2853 2767 2766 
3 1306 1376 1377 
3 1375 1443 1376 
3 1305 1375 1376 
3 1305 1376 1306 
3 1305 1306 1304 
3 1305 1308 1375 
3 1375 1380 1443 
3 1379 1446 1380 
3 1309 1379 1380 
3 1309 1380 1375 
3 1309 1375 1308 
3 1309 1373 1379 
3 1379 1442 1446 
3 1441 1516 1442 
3 1374 1441 1442 
3 1374 1442 1379 
3 1374 1379 1373 
3 1374 1381 1441 
3 1441 1440 1516 
3 1439 1515 1440 
3 1371 1439 1440 
3 1371 1440 1441 
3 1371 1441 1381 
3 1371 1301 1372 
3 1439 1371 1372 
3 1301 1370 1372 
3 1439 1452 1515 
3 1452 1384 1448 
3 1452 1439 1384 
3 1439 1372 1384 
3 1370 1316 1315 
3 1370 1315 1372 
3 1372 1315 1384 
3 1316 1313 1315 
3 1384 1382 1448 
3 1315 1382 1384 
3 1314 1382 1315 
3 1258 1317 1314 
3 1252 1258 1314 
3 1252 1314 1315 
3 1252 1315 1313 
3 1252 1190 1195 
3 1258 1252 1195 
3 1190 1192 1195 
3 1258 1256 1317 
3 1195 1256 1258 
3 1194 1256 1195 
3 1193 1255 1194 
3 1129 1193 1194 
3 1129 1194 1195 
3 1129 1195 1192 
3 1129 1130 1134 
3 1193 1129 1134 
3 1130 1131 1134 
3 1193 1197 1255 
3 1134 1197 1193 
3 1133 1197 1134 
3 1132 1196 1133 
3 1073 1132 1133 
3 1073 1133 1134 
3 1073 1134 1131 
3 1073 1075 1132 
3 1136 1196 1132 
3 1136 1135 1196 
3 1135 1199 1196 
3 1075 1136 1132 
3 1135 1150 1199 
3 1199 1150 1214 
3 1213 1212 1276 
3 1213 1276 1215 
3 1213 1215 1150 
3 1150 1215 1214 
3 1276 1277 1278 
3 1276 1212 1277 
3 1212 1275 1277 
3 1215 1276 1278 
3 1275 1336 1277 
3 1277 1336 1342 
3 1402 1471 1412 
3 1401 1471 1402 
3 1342 1336 1402 
3 1412 1342 1402 
3 1401 1470 1471 
3 1471 1470 1551 
3 1470 1476 1551 
3 1551 1476 1557 
3 1476 1478 1557 
3 1557 1478 1558 
3 1478 1480 1558 
3 1558 1480 1561 
3 1874 1875 1787 
3 1875 1956 1872 
3 1872 1787 1875 
3 1560 1636 1637 
3 1560 1637 1562 
3 1560 1562 1480 
3 1480 1562 1561 
3 1957 1958 1876 
3 1956 1957 1876 
3 1876 1872 1956 
3 1872 1876 1788 
3 1788 1876 1790 
3 1789 1790 1877 
3 1789 1708 1790 
3 1708 1788 1790 
3 1791 1708 1789 
3 1791 1711 1708 
3 1711 1709 1708 
3 1637 1636 1709 
3 1637 1709 1639 
3 1639 1709 1711 
3 1562 1637 1639 
3 1789 1877 1878 
3 1791 1789 1878 
3 2507 2599 2600 
3 2508 2507 2600 
3 2509 2601 2507 
3 2507 2601 2599 
3 2510 2603 2509 
3 2509 2603 2601 
3 2420 2511 2510 
3 2510 2511 2603 
3 2421 2512 2420 
3 2420 2512 2511 
3 2332 2422 2421 
3 2421 2422 2512 
3 2333 2423 2332 
3 2332 2423 2422 
3 2244 2334 2333 
3 2333 2334 2423 
3 2153 2245 2244 
3 2244 2245 2334 
3 2071 2154 2153 
3 2153 2154 2245 
3 2072 2075 2071 
3 2071 2075 2154 
3 1993 1994 2072 
3 2072 1994 2075 
3 1906 1908 1993 
3 1993 1908 1994 
3 1907 1909 1908 
3 1907 1908 1819 
3 1819 1908 1906 
3 1819 1820 1907 
3 2773 2774 2858 
3 2773 2772 2687 
3 2773 2687 2774 
3 2774 2687 2775 
3 2602 2692 2687 
3 2687 2692 2775 
3 2600 2602 2508 
3 2692 2602 2600 
3 1907 1821 1909 
3 1820 1821 1907 
3 1820 1735 1821 
3 1735 1822 1821 
3 1736 1737 1735 
3 1735 1737 1822 
3 1661 1662 1736 
3 1736 1662 1737 
3 1585 1586 1661 
3 1661 1586 1662 
3 1510 1588 1586 
3 1510 1586 1506 
3 1506 1586 1585 
3 1506 1507 1510 
3 2857 2773 2858 
3 2938 2857 2858 
3 2772 2857 2856 
3 2773 2857 2772 
3 1510 1509 1588 
3 1508 1587 1509 
3 1434 1508 1509 
3 1434 1509 1510 
3 1434 1510 1507 
3 1434 1368 1436 
3 1508 1434 1436 
3 1368 1435 1436 
3 2937 2857 2938 
3 3019 2937 2938 
3 2856 2937 2936 
3 2857 2937 2856 
3 1508 1511 1587 
3 1436 1511 1508 
3 1438 1511 1436 
3 1437 1512 1438 
3 1369 1437 1438 
3 1369 1438 1436 
3 1369 1436 1435 
3 1369 1307 1378 
3 1437 1369 1378 
3 1307 1377 1378 
3 3020 3021 2937 
3 3020 2937 3019 
3 3021 3018 2937 
3 2935 2936 3018 
3 3018 2936 2937 
3 1437 1513 1512 
3 1513 1445 1521 
3 1513 1437 1445 
3 1437 1378 1445 
3 1377 1376 1444 
3 1377 1444 1378 
3 1378 1444 1445 
3 1376 1443 1444 
3 1445 1522 1521 
3 1522 1520 1599 
3 1522 1445 1520 
3 1445 1444 1520 
3 1443 1380 1447 
3 1443 1447 1444 
3 1444 1447 1520 
3 1380 1446 1447 
3 1520 1600 1599 
3 1600 1523 1602 
3 1600 1520 1523 
3 1520 1447 1523 
3 1446 1442 1519 
3 1446 1519 1447 
3 1447 1519 1523 
3 1442 1516 1519 
3 1523 1597 1602 
3 1519 1597 1523 
3 1518 1597 1519 
3 1517 1596 1518 
3 1440 1517 1518 
3 1440 1518 1519 
3 1440 1519 1516 
3 1440 1515 1517 
3 1517 1529 1596 
3 1451 1525 1529 
3 1452 1451 1529 
3 1452 1529 1517 
3 1452 1517 1515 
3 1452 1448 1451 
3 1451 1450 1525 
3 1449 1524 1450 
3 1382 1449 1450 
3 1382 1450 1451 
3 1382 1451 1448 
3 1382 1314 1383 
3 1449 1382 1383 
3 1314 1317 1383 
3 1449 1453 1524 
3 1453 1385 1454 
3 1453 1449 1385 
3 1449 1383 1385 
3 1317 1256 1318 
3 1317 1318 1383 
3 1383 1318 1385 
3 1256 1194 1257 
3 1318 1256 1257 
3 1194 1255 1257 
3 1385 1386 1454 
3 1318 1386 1385 
3 1387 1386 1318 
3 1387 1319 1388 
3 1387 1318 1319 
3 1318 1257 1319 
3 1255 1197 1260 
3 1255 1260 1257 
3 1257 1260 1319 
3 1197 1133 1198 
3 1260 1197 1198 
3 1133 1196 1198 
3 1319 1322 1388 
3 1260 1322 1319 
3 1320 1322 1260 
3 1320 1259 1321 
3 1320 1260 1259 
3 1260 1198 1259 
3 1196 1199 1259 
3 1198 1196 1259 
3 1259 1261 1321 
3 1261 1259 1199 
3 1261 1199 1262 
3 1262 1199 1214 
3 1214 1215 1262 
3 1262 1215 1279 
3 1278 1343 1344 
3 1277 1343 1278 
3 1279 1215 1278 
3 1344 1279 1278 
3 1277 1342 1343 
3 1343 1342 1413 
3 1412 1481 1482 
3 1471 1481 1412 
3 1413 1342 1412 
3 1482 1413 1412 
3 1471 1551 1481 
3 1481 1551 1563 
3 1551 1557 1563 
3 1563 1557 1632 
3 1557 1558 1632 
3 1632 1558 1633 
3 1558 1561 1633 
3 1633 1561 1638 
3 1561 1562 1638 
3 1638 1562 1640 
3 1958 2042 1959 
3 1958 1959 1876 
3 2042 2043 1959 
3 1876 1879 1790 
3 1959 1879 1876 
3 1790 1879 1877 
3 1711 1791 1793 
3 1794 1711 1793 
3 1794 1712 1711 
3 1712 1639 1711 
3 1640 1562 1639 
3 1712 1640 1639 
3 2043 2046 1962 
3 1962 1959 2043 
3 1879 1959 1962 
3 1960 1879 1962 
3 1877 1879 1960 
3 1877 1960 1878 
3 1878 1960 1961 
3 1793 1791 1878 
3 1793 1878 1881 
3 1881 1878 1961 
3 1794 1793 1881 
3 2688 2689 2776 
3 2688 2600 2599 
3 2688 2599 2689 
3 2689 2599 2690 
3 2601 2691 2599 
3 2599 2691 2690 
3 2603 2693 2601 
3 2601 2693 2691 
3 2511 2604 2603 
3 2603 2604 2693 
3 2512 2605 2511 
3 2511 2605 2604 
3 2422 2513 2512 
3 2512 2513 2605 
3 2423 2514 2422 
3 2422 2514 2513 
3 2334 2424 2423 
3 2423 2424 2514 
3 2245 2335 2334 
3 2334 2335 2424 
3 2154 2246 2245 
3 2245 2246 2335 
3 2075 2158 2154 
3 2154 2158 2246 
3 1994 2076 2075 
3 2075 2076 2158 
3 1908 1995 1994 
3 1994 1995 2076 
3 1995 1908 1909 
3 1996 1995 1909 
3 2859 2860 2940 
3 2859 2858 2774 
3 2859 2774 2860 
3 2860 2774 2861 
3 2775 2782 2774 
3 2774 2782 2861 
3 2776 2692 2688 
3 2776 2782 2692 
3 2782 2775 2692 
3 2600 2688 2692 
3 1909 1910 1996 
3 1821 1910 1909 
3 1822 1823 1821 
3 1821 1823 1910 
3 1737 1738 1822 
3 1822 1738 1823 
3 1666 1739 1738 
3 1666 1738 1662 
3 1662 1738 1737 
3 1662 1586 1591 
3 1666 1662 1591 
3 1586 1588 1591 
3 2939 2859 2940 
3 3024 2939 2940 
3 2858 2939 2938 
3 2859 2939 2858 
3 1666 1664 1739 
3 1591 1664 1666 
3 1590 1664 1591 
3 1589 1663 1590 
3 1509 1589 1590 
3 1509 1590 1591 
3 1509 1591 1588 
3 1509 1587 1589 
3 2939 3024 3022 
3 3022 2938 2939 
3 3022 3023 2938 
3 3023 3019 2938 
3 1589 1593 1663 
3 1592 1667 1593 
3 1511 1592 1593 
3 1511 1593 1589 
3 1511 1589 1587 
3 1511 1438 1514 
3 1592 1511 1514 
3 1438 1512 1514 
3 3097 3098 3019 
3 3097 3019 3023 
3 3098 3020 3019 
3 1592 1668 1667 
3 1668 1595 1671 
3 1668 1592 1595 
3 1592 1514 1595 
3 1512 1513 1594 
3 1512 1594 1514 
3 1514 1594 1595 
3 1513 1521 1594 
3 1595 1672 1671 
3 1672 1670 1746 
3 1672 1595 1670 
3 1595 1594 1670 
3 1521 1522 1601 
3 1521 1601 1594 
3 1594 1601 1670 
3 1522 1599 1601 
3 1670 1747 1746 
3 1747 1677 1754 
3 1747 1670 1677 
3 1670 1601 1677 
3 1599 1600 1675 
3 1599 1675 1601 
3 1601 1675 1677 
3 1600 1602 1675 
3 1677 1750 1754 
3 1675 1750 1677 
3 1674 1750 1675 
3 1673 1749 1674 
3 1597 1673 1674 
3 1597 1674 1675 
3 1597 1675 1602 
3 1597 1518 1598 
3 1673 1597 1598 
3 1518 1596 1598 
3 1673 1676 1749 
3 1598 1676 1673 
3 1606 1676 1598 
3 1528 1604 1606 
3 1529 1528 1606 
3 1529 1606 1598 
3 1529 1598 1596 
3 1529 1525 1528 
3 1528 1527 1604 
3 1526 1603 1527 
3 1450 1526 1527 
3 1450 1527 1528 
3 1450 1528 1525 
3 1450 1524 1526 
3 1526 1530 1603 
3 1457 1532 1530 
3 1453 1457 1530 
3 1453 1530 1526 
3 1453 1526 1524 
3 1453 1454 1457 
3 1457 1456 1532 
3 1455 1531 1456 
3 1386 1455 1456 
3 1386 1456 1457 
3 1386 1457 1454 
3 1386 1387 1391 
3 1455 1386 1391 
3 1387 1388 1391 
3 1455 1459 1531 
3 1391 1459 1455 
3 1390 1459 1391 
3 1389 1458 1390 
3 1322 1389 1390 
3 1322 1390 1391 
3 1322 1391 1388 
3 1322 1320 1325 
3 1389 1322 1325 
3 1320 1321 1325 
3 1389 1393 1458 
3 1325 1393 1389 
3 1324 1393 1325 
3 1323 1392 1324 
3 1261 1323 1324 
3 1261 1324 1325 
3 1261 1325 1321 
3 1261 1262 1323 
3 1323 1326 1392 
3 1326 1323 1262 
3 1326 1262 1327 
3 1327 1262 1279 
3 1344 1414 1396 
3 1343 1414 1344 
3 1327 1279 1344 
3 1396 1327 1344 
3 1343 1413 1414 
3 1414 1413 1483 
3 1482 1481 1564 
3 1482 1564 1484 
3 1482 1484 1413 
3 1413 1484 1483 
3 1564 1565 1566 
3 1564 1481 1565 
3 1481 1563 1565 
3 1484 1564 1566 
3 1563 1632 1565 
3 1565 1632 1641 
3 1632 1633 1641 
3 1641 1633 1705 
3 1633 1638 1705 
3 1705 1638 1710 
3 1638 1640 1710 
3 1710 1640 1713 
3 1712 1794 1795 
3 1712 1795 1714 
3 1712 1714 1640 
3 1640 1714 1713 
3 2046 2047 1962 
3 1962 2044 1960 
3 2124 2044 2047 
3 2047 2044 1962 
3 1960 2045 1961 
3 2044 2045 1960 
3 1961 1964 1881 
3 2045 1964 1961 
3 1881 1964 1882 
3 1794 1881 1882 
3 1794 1882 1797 
3 1794 1797 1795 
3 1714 1795 1797 
3 2209 2210 2125 
3 2124 2209 2125 
3 2125 2044 2124 
3 2126 2044 2125 
3 2045 2044 2126 
3 2048 2045 2126 
3 1964 2045 2048 
3 1965 1964 2048 
3 1882 1964 1965 
3 2689 2777 2778 
3 2776 2689 2778 
3 2690 2779 2689 
3 2689 2779 2777 
3 2691 2780 2690 
3 2690 2780 2779 
3 2693 2781 2691 
3 2691 2781 2780 
3 2604 2694 2693 
3 2693 2694 2781 
3 2605 2695 2604 
3 2604 2695 2694 
3 2513 2606 2605 
3 2605 2606 2695 
3 2514 2527 2513 
3 2513 2527 2606 
3 2424 2438 2514 
3 2514 2438 2527 
3 2335 2345 2424 
3 2424 2345 2438 
3 2246 2255 2335 
3 2335 2255 2345 
3 2158 2247 2246 
3 2246 2247 2255 
3 2076 2159 2158 
3 2158 2159 2247 
3 1995 2077 2076 
3 2076 2077 2159 
3 2077 1995 1996 
3 1997 2077 1996 
3 2860 2941 2942 
3 2940 2860 2942 
3 2861 2943 2860 
3 2860 2943 2941 
3 2782 2866 2861 
3 2861 2866 2943 
3 2778 2782 2776 
3 2866 2782 2778 
3 1996 1911 1997 
3 1910 1911 1996 
3 1823 1824 1910 
3 1910 1824 1911 
3 1742 1827 1824 
3 1742 1824 1738 
3 1738 1824 1823 
3 1738 1739 1742 
3 2940 2942 3024 
3 2942 3027 3024 
3 1742 1741 1827 
3 1740 1825 1741 
3 1664 1740 1741 
3 1664 1741 1742 
3 1664 1742 1739 
3 1664 1590 1665 
3 1740 1664 1665 
3 1590 1663 1665 
3 3024 3027 3099 
3 3022 3024 3099 
3 3099 3023 3022 
3 3100 3023 3099 
3 1740 1826 1825 
3 1826 1743 1829 
3 1826 1740 1743 
3 1740 1665 1743 
3 1663 1593 1669 
3 1663 1669 1665 
3 1665 1669 1743 
3 1593 1667 1669 
3 3101 3097 3023 
3 3102 3101 3023 
3 3102 3023 3103 
3 3103 3023 3100 
3 1743 1830 1829 
3 1830 1745 1832 
3 1830 1743 1745 
3 1743 1669 1745 
3 1667 1668 1744 
3 1667 1744 1669 
3 1669 1744 1745 
3 1668 1671 1744 
3 1745 1833 1832 
3 1833 1831 1918 
3 1833 1745 1831 
3 1745 1744 1831 
3 1671 1672 1748 
3 1671 1748 1744 
3 1744 1748 1831 
3 1672 1746 1748 
3 1831 1919 1918 
3 1919 1835 1922 
3 1919 1831 1835 
3 1831 1748 1835 
3 1746 1747 1834 
3 1746 1834 1748 
3 1748 1834 1835 
3 1747 1754 1834 
3 1835 1921 1922 
3 1834 1921 1835 
3 1837 1921 1834 
3 1836 1923 1837 
3 1750 1836 1837 
3 1750 1837 1834 
3 1750 1834 1754 
3 1750 1674 1751 
3 1836 1750 1751 
3 1674 1749 1751 
3 1836 1838 1923 
3 1751 1838 1836 
3 1753 1838 1751 
3 1752 1839 1753 
3 1676 1752 1753 
3 1676 1753 1751 
3 1676 1751 1749 
3 1676 1606 1678 
3 1752 1676 1678 
3 1606 1604 1678 
3 1752 1755 1839 
3 1755 1679 1756 
3 1755 1752 1679 
3 1752 1678 1679 
3 1604 1527 1605 
3 1604 1605 1678 
3 1678 1605 1679 
3 1527 1603 1605 
3 1679 1685 1756 
3 1685 1610 1680 
3 1685 1679 1610 
3 1679 1605 1610 
3 1603 1530 1535 
3 1603 1535 1605 
3 1605 1535 1610 
3 1530 1532 1535 
3 1610 1608 1680 
3 1535 1608 1610 
3 1534 1608 1535 
3 1533 1607 1534 
3 1456 1533 1534 
3 1456 1534 1535 
3 1456 1535 1532 
3 1456 1531 1533 
3 1533 1537 1607 
3 1536 1611 1537 
3 1459 1536 1537 
3 1459 1537 1533 
3 1459 1533 1531 
3 1459 1390 1460 
3 1536 1459 1460 
3 1390 1458 1460 
3 1536 1538 1611 
3 1460 1538 1536 
3 1462 1538 1460 
3 1461 1539 1462 
3 1393 1461 1462 
3 1393 1462 1460 
3 1393 1460 1458 
3 1393 1324 1394 
3 1461 1393 1394 
3 1324 1392 1394 
3 1461 1540 1539 
3 1540 1463 1543 
3 1540 1461 1463 
3 1461 1394 1463 
3 1392 1326 1395 
3 1392 1395 1394 
3 1394 1395 1463 
3 1326 1327 1395 
3 1463 1544 1543 
3 1396 1414 1464 
3 1396 1464 1463 
3 1396 1463 1395 
3 1463 1464 1544 
3 1327 1396 1395 
3 1414 1483 1464 
3 1464 1483 1545 
3 1483 1484 1545 
3 1545 1484 1567 
3 1566 1642 1643 
3 1565 1642 1566 
3 1567 1484 1566 
3 1643 1567 1566 
3 1565 1641 1642 
3 1642 1641 1715 
3 1641 1705 1715 
3 1715 1705 1785 
3 1705 1710 1785 
3 1785 1710 1792 
3 1710 1713 1792 
3 1792 1713 1796 
3 1713 1714 1796 
3 1796 1714 1798 
3 1797 1884 1885 
3 1882 1884 1797 
3 1798 1714 1797 
3 1885 1798 1797 
3 2300 2211 2210 
3 2210 2211 2125 
3 2300 2301 2211 
3 2125 2212 2126 
3 2211 2212 2125 
3 2128 2126 2212 
3 2128 2050 2126 
3 2050 2048 2126 
3 1965 2048 1967 
3 2048 2050 1967 
3 1884 1882 1965 
3 1967 1884 1965 
3 2387 2388 2302 
3 2301 2387 2302 
3 2302 2211 2301 
3 2303 2211 2302 
3 2212 2211 2303 
3 2214 2212 2303 
3 2128 2212 2214 
3 2862 2863 2944 
3 2862 2778 2777 
3 2862 2777 2863 
3 2863 2777 2864 
3 2779 2865 2777 
3 2777 2865 2864 
3 2780 2867 2779 
3 2779 2867 2865 
3 2781 2868 2780 
3 2780 2868 2867 
3 2694 2783 2781 
3 2781 2783 2868 
3 2695 2705 2694 
3 2694 2705 2783 
3 2606 2618 2695 
3 2695 2618 2705 
3 2527 2528 2606 
3 2606 2528 2618 
3 2438 2435 2527 
3 2527 2435 2528 
3 2345 2346 2438 
3 2438 2346 2435 
3 2255 2256 2345 
3 2345 2256 2346 
3 2247 2165 2255 
3 2255 2165 2256 
3 2159 2160 2247 
3 2247 2160 2165 
3 2078 2079 2160 
3 2078 2160 2077 
3 2077 2160 2159 
3 2077 1997 2078 
3 2941 3025 3026 
3 2942 2941 3026 
3 2943 2950 2941 
3 2941 2950 3025 
3 2944 2866 2862 
3 2944 2950 2866 
3 2950 2943 2866 
3 2778 2862 2866 
3 2078 1998 2079 
3 1997 1998 2078 
3 1997 1911 1998 
3 1911 1913 1998 
3 1912 1999 1913 
3 1912 1913 1824 
3 1824 1913 1911 
3 1824 1827 1912 
3 2942 3026 3027 
3 3026 3106 3027 
3 1915 1999 1912 
3 2002 1999 1915 
3 1827 1741 1828 
3 1827 1828 1912 
3 1912 1828 1915 
3 1741 1825 1828 
3 3027 3106 3107 
3 3099 3027 3107 
3 3107 3100 3099 
3 3178 3100 3107 
3 1915 2003 2002 
3 2003 1916 2004 
3 2003 1915 1916 
3 1915 1828 1916 
3 1825 1826 1914 
3 1825 1914 1828 
3 1828 1914 1916 
3 1826 1829 1914 
3 3179 3103 3100 
3 3179 3100 3178 
3 3253 3179 3178 
3 1916 2005 2004 
3 2005 2001 2084 
3 2005 1916 2001 
3 1916 1914 2001 
3 1829 1830 1917 
3 1829 1917 1914 
3 1914 1917 2001 
3 1830 1832 1917 
3 2085 2084 2001 
3 2168 2084 2085 
3 1917 2006 2001 
3 2006 2085 2001 
3 1832 1833 1920 
3 1832 1920 1917 
3 1917 1920 2006 
3 1833 1918 1920 
3 2085 2088 2168 
3 2006 2088 2085 
3 2089 2088 2006 
3 2089 2008 2091 
3 2089 2006 2008 
3 2006 1920 2008 
3 1918 1919 2007 
3 1918 2007 1920 
3 1920 2007 2008 
3 1919 1922 2007 
3 2008 2090 2091 
3 2007 2090 2008 
3 2010 2090 2007 
3 2009 2092 2010 
3 1921 2009 2010 
3 1921 2010 2007 
3 1921 2007 1922 
3 1921 1837 1924 
3 2009 1921 1924 
3 1837 1923 1924 
3 2009 2011 2092 
3 1924 2011 2009 
3 1926 2011 1924 
3 1925 2012 1926 
3 1838 1925 1926 
3 1838 1926 1924 
3 1838 1924 1923 
3 1838 1753 1840 
3 1925 1838 1840 
3 1753 1839 1840 
3 1925 1927 2012 
3 1840 1927 1925 
3 1841 1927 1840 
3 1765 1845 1841 
3 1755 1765 1841 
3 1755 1841 1840 
3 1755 1840 1839 
3 1755 1756 1765 
3 1765 1762 1845 
3 1683 1758 1762 
3 1685 1683 1762 
3 1685 1762 1765 
3 1685 1765 1756 
3 1685 1680 1683 
3 1683 1682 1758 
3 1681 1757 1682 
3 1608 1681 1682 
3 1608 1682 1683 
3 1608 1683 1680 
3 1608 1534 1609 
3 1681 1608 1609 
3 1534 1607 1609 
3 1681 1684 1757 
3 1609 1684 1681 
3 1613 1684 1609 
3 1612 1686 1613 
3 1537 1612 1613 
3 1537 1613 1609 
3 1537 1609 1607 
3 1537 1611 1612 
3 1612 1614 1686 
3 1611 1614 1612 
3 1611 1538 1614 
3 1538 1542 1614 
3 1541 1617 1542 
3 1541 1542 1462 
3 1462 1542 1538 
3 1462 1539 1541 
3 1541 1615 1617 
3 1539 1615 1541 
3 1539 1540 1615 
3 1540 1616 1615 
3 1616 1540 1543 
3 1619 1616 1543 
3 1546 1543 1544 
3 1546 1620 1543 
3 1620 1619 1543 
3 1544 1464 1546 
3 1546 1547 1620 
3 1547 1546 1464 
3 1547 1464 1548 
3 1548 1464 1545 
3 1545 1567 1548 
3 1548 1567 1622 
3 1643 1642 1716 
3 1643 1716 1644 
3 1643 1644 1567 
3 1567 1644 1622 
3 1716 1717 1718 
3 1716 1642 1717 
3 1642 1715 1717 
3 1644 1716 1718 
3 1715 1785 1717 
3 1717 1785 1799 
3 1785 1792 1799 
3 1799 1792 1880 
3 1792 1796 1880 
3 1880 1796 1883 
3 1796 1798 1883 
3 1883 1798 1886 
3 1885 1968 1969 
3 1884 1968 1885 
3 1886 1798 1885 
3 1969 1886 1885 
3 2050 2128 2129 
3 2130 2050 2129 
3 2130 2051 2050 
3 2051 1967 2050 
3 1968 1884 1967 
3 2051 1968 1967 
3 2388 2389 2302 
3 2302 2390 2303 
3 2481 2390 2389 
3 2389 2390 2302 
3 2303 2304 2214 
3 2390 2304 2303 
3 2214 2304 2215 
3 2128 2214 2215 
3 2128 2215 2216 
3 2128 2216 2129 
3 2130 2129 2216 
3 2572 2573 2482 
3 2481 2572 2482 
3 2482 2390 2481 
3 2391 2390 2482 
3 2304 2390 2391 
3 2305 2304 2391 
3 2215 2304 2305 
3 2863 2945 2946 
3 2944 2863 2946 
3 2864 2947 2863 
3 2863 2947 2945 
3 2865 2948 2864 
3 2864 2948 2947 
3 2867 2949 2865 
3 2865 2949 2948 
3 2868 2879 2867 
3 2867 2879 2949 
3 2783 2796 2868 
3 2868 2796 2879 
3 2705 2706 2783 
3 2783 2706 2796 
3 2618 2615 2705 
3 2705 2615 2706 
3 2528 2529 2618 
3 2618 2529 2615 
3 2435 2436 2528 
3 2528 2436 2529 
3 2346 2343 2435 
3 2435 2343 2436 
3 2256 2257 2346 
3 2346 2257 2343 
3 2166 2251 2257 
3 2166 2257 2165 
3 2165 2257 2256 
3 2165 2160 2082 
3 2166 2165 2082 
3 2160 2079 2082 
3 3025 3104 3105 
3 3026 3025 3105 
3 2950 3031 3025 
3 3025 3031 3104 
3 2946 2950 2944 
3 3031 2950 2946 
3 2166 2163 2251 
3 2082 2163 2166 
3 2081 2163 2082 
3 2080 2161 2081 
3 1998 2080 2081 
3 1998 2081 2082 
3 1998 2082 2079 
3 1998 1913 2000 
3 2080 1998 2000 
3 1913 1999 2000 
3 3026 3105 3106 
3 3105 3182 3106 
3 2162 2161 2080 
3 2248 2161 2162 
3 2000 2083 2080 
3 2083 2162 2080 
3 1999 2002 2083 
3 2000 1999 2083 
3 3106 3182 3183 
3 3107 3106 3183 
3 3183 3178 3107 
3 3254 3178 3183 
3 2162 2250 2248 
3 2250 2167 2258 
3 2250 2162 2167 
3 2162 2083 2167 
3 2002 2003 2086 
3 2002 2086 2083 
3 2083 2086 2167 
3 2003 2004 2086 
3 3255 3253 3178 
3 3255 3178 3254 
3 3327 3255 3254 
3 3327 3254 3328 
3 2167 2259 2258 
3 2259 2170 2262 
3 2259 2167 2170 
3 2167 2086 2170 
3 2004 2005 2087 
3 2004 2087 2086 
3 2086 2087 2170 
3 2005 2084 2087 
3 3397 3327 3328 
3 2260 2262 2170 
3 2348 2262 2260 
3 2087 2169 2170 
3 2169 2260 2170 
3 2084 2168 2169 
3 2087 2084 2169 
3 2260 2261 2348 
3 2169 2261 2260 
3 2172 2261 2169 
3 2171 2263 2172 
3 2088 2171 2172 
3 2088 2172 2169 
3 2088 2169 2168 
3 2088 2089 2173 
3 2171 2088 2173 
3 2089 2091 2173 
3 2171 2264 2263 
3 2173 2264 2171 
3 2175 2264 2173 
3 2174 2266 2175 
3 2090 2174 2175 
3 2090 2175 2173 
3 2090 2173 2091 
3 2090 2010 2093 
3 2174 2090 2093 
3 2010 2092 2093 
3 2174 2176 2266 
3 2093 2176 2174 
3 2095 2176 2093 
3 2094 2177 2095 
3 2011 2094 2095 
3 2011 2095 2093 
3 2011 2093 2092 
3 2011 1926 2013 
3 2094 2011 2013 
3 1926 2012 2013 
3 2094 2096 2177 
3 2013 2096 2094 
3 2014 2096 2013 
3 1933 2021 2014 
3 1927 1933 2014 
3 1927 2014 2013 
3 1927 2013 2012 
3 1927 1841 1846 
3 1933 1927 1846 
3 1841 1845 1846 
3 1933 1934 2021 
3 1934 1847 1928 
3 1934 1933 1847 
3 1933 1846 1847 
3 1845 1762 1761 
3 1845 1761 1846 
3 1846 1761 1847 
3 1762 1758 1761 
3 1847 1843 1928 
3 1761 1843 1847 
3 1760 1843 1761 
3 1759 1842 1760 
3 1682 1759 1760 
3 1682 1760 1761 
3 1682 1761 1758 
3 1682 1757 1759 
3 1759 1764 1842 
3 1763 1848 1764 
3 1684 1763 1764 
3 1684 1764 1759 
3 1684 1759 1757 
3 1684 1613 1687 
3 1763 1684 1687 
3 1613 1686 1687 
3 1763 1766 1848 
3 1687 1766 1763 
3 1689 1766 1687 
3 1688 1767 1689 
3 1614 1688 1689 
3 1614 1689 1687 
3 1614 1687 1686 
3 1614 1542 1618 
3 1688 1614 1618 
3 1542 1617 1618 
3 1688 1693 1767 
3 1618 1693 1688 
3 1691 1693 1618 
3 1690 1769 1691 
3 1615 1690 1691 
3 1615 1691 1618 
3 1615 1618 1617 
3 1615 1616 1692 
3 1690 1615 1692 
3 1616 1619 1692 
3 1690 1770 1769 
3 1692 1770 1690 
3 1694 1770 1692 
3 1694 1692 1619 
3 1694 1619 1695 
3 1695 1619 1620 
3 1620 1621 1695 
3 1547 1621 1620 
3 1621 1547 1548 
3 1623 1621 1548 
3 1548 1622 1623 
3 1623 1622 1698 
3 1622 1644 1698 
3 1698 1644 1719 
3 1718 1800 1801 
3 1717 1800 1718 
3 1719 1644 1718 
3 1801 1719 1718 
3 1717 1799 1800 
3 1800 1799 1887 
3 1799 1880 1887 
3 1887 1880 1963 
3 1880 1883 1963 
3 1963 1883 1966 
3 1883 1886 1966 
3 1966 1886 1970 
3 1969 2052 2053 
3 1968 2052 1969 
3 1970 1886 1969 
3 2053 1970 1969 
3 2051 2131 2132 
3 2130 2131 2051 
3 2052 1968 2051 
3 2132 2052 2051 
3 2216 2215 2306 
3 2216 2306 2217 
3 2216 2217 2130 
3 2130 2217 2131 
3 2573 2574 2482 
3 2391 2482 2483 
3 2574 2575 2483 
3 2483 2482 2574 
3 2305 2391 2392 
3 2391 2483 2392 
3 2306 2215 2305 
3 2306 2305 2307 
3 2307 2305 2392 
3 2217 2306 2307 
3 2945 3028 3029 
3 2946 2945 3029 
3 2947 3030 2945 
3 2945 3030 3028 
3 2948 3032 2947 
3 2947 3032 3030 
3 2949 2960 2948 
3 2948 2960 3032 
3 2879 2880 2949 
3 2949 2880 2960 
3 2796 2797 2879 
3 2879 2797 2880 
3 2706 2707 2796 
3 2796 2707 2797 
3 2615 2616 2706 
3 2706 2616 2707 
3 2529 2524 2615 
3 2615 2524 2616 
3 2436 2437 2529 
3 2529 2437 2524 
3 2344 2430 2437 
3 2344 2437 2343 
3 2343 2437 2436 
3 2343 2257 2254 
3 2344 2343 2254 
3 2257 2251 2254 
3 3104 3180 3181 
3 3105 3104 3181 
3 3031 3110 3104 
3 3104 3110 3180 
3 3029 3031 2946 
3 3110 3031 3029 
3 2344 2341 2430 
3 2254 2341 2344 
3 2253 2341 2254 
3 2252 2340 2253 
3 2163 2252 2253 
3 2163 2253 2254 
3 2163 2254 2251 
3 2163 2081 2164 
3 2252 2163 2164 
3 2081 2161 2164 
3 3105 3181 3182 
3 3181 3258 3182 
3 2252 2337 2340 
3 2337 2249 2338 
3 2337 2252 2249 
3 2252 2164 2249 
3 2161 2248 2249 
3 2164 2161 2249 
3 3182 3258 3259 
3 3183 3182 3259 
3 3259 3254 3183 
3 3329 3254 3259 
3 2339 2338 2249 
3 2427 2338 2339 
3 2248 2250 2336 
3 2248 2336 2249 
3 2249 2336 2339 
3 2250 2258 2336 
3 3254 3329 3328 
3 3329 3398 3328 
3 2339 2429 2427 
3 2429 2425 2515 
3 2429 2339 2425 
3 2339 2336 2425 
3 2258 2259 2347 
3 2258 2347 2336 
3 2336 2347 2425 
3 2259 2262 2347 
3 3529 3464 3465 
3 3464 3399 3398 
3 3398 3465 3464 
3 3399 3397 3328 
3 3328 3398 3399 
3 3471 3529 3465 
3 3471 3465 3405 
3 2442 2515 2425 
3 2530 2515 2442 
3 2347 2351 2425 
3 2351 2442 2425 
3 2262 2348 2351 
3 2347 2262 2351 
3 3472 3471 3405 
3 3473 3472 3405 
3 2442 2440 2530 
3 2351 2440 2442 
3 2350 2440 2351 
3 2349 2439 2350 
3 2261 2349 2350 
3 2261 2350 2351 
3 2261 2351 2348 
3 2261 2172 2265 
3 2349 2261 2265 
3 2172 2263 2265 
3 2349 2354 2439 
3 2265 2354 2349 
3 2353 2354 2265 
3 2352 2443 2353 
3 2264 2352 2353 
3 2264 2353 2265 
3 2264 2265 2263 
3 2264 2175 2267 
3 2352 2264 2267 
3 2175 2266 2267 
3 2352 2355 2443 
3 2267 2355 2352 
3 2268 2355 2267 
3 2266 2268 2267 
3 2266 2176 2268 
3 2176 2179 2268 
3 2178 2269 2179 
3 2178 2179 2095 
3 2095 2179 2176 
3 2095 2177 2178 
3 2178 2180 2269 
3 2103 2187 2180 
3 2096 2103 2180 
3 2096 2180 2178 
3 2096 2178 2177 
3 2096 2014 2022 
3 2103 2096 2022 
3 2014 2021 2022 
3 2103 2100 2187 
3 2022 2100 2103 
3 2018 2100 2022 
3 1931 2016 2018 
3 1934 1931 2018 
3 1934 2018 2022 
3 1934 2022 2021 
3 1934 1928 1931 
3 1931 1930 2016 
3 1929 2015 1930 
3 1843 1929 1930 
3 1843 1930 1931 
3 1843 1931 1928 
3 1843 1760 1844 
3 1929 1843 1844 
3 1760 1842 1844 
3 1929 1932 2015 
3 1844 1932 1929 
3 1850 1932 1844 
3 1849 1935 1850 
3 1764 1849 1850 
3 1764 1850 1844 
3 1764 1844 1842 
3 1764 1848 1849 
3 1849 1852 1935 
3 1851 1937 1852 
3 1766 1851 1852 
3 1766 1852 1849 
3 1766 1849 1848 
3 1766 1689 1768 
3 1851 1766 1768 
3 1689 1767 1768 
3 1851 1853 1937 
3 1768 1853 1851 
3 1773 1853 1768 
3 1767 1773 1768 
3 1767 1693 1773 
3 1693 1772 1773 
3 1771 1855 1772 
3 1771 1772 1691 
3 1691 1772 1693 
3 1691 1769 1771 
3 1771 1854 1855 
3 1769 1854 1771 
3 1769 1770 1854 
3 1770 1775 1854 
3 1774 1776 1775 
3 1774 1775 1694 
3 1694 1775 1770 
3 1694 1695 1774 
3 1774 1696 1776 
3 1695 1696 1774 
3 1695 1621 1696 
3 1621 1697 1696 
3 1697 1621 1623 
3 1699 1697 1623 
3 1623 1698 1699 
3 1699 1698 1780 
3 1698 1719 1780 
3 1780 1719 1802 
3 1801 1800 1888 
3 1801 1888 1803 
3 1801 1803 1719 
3 1719 1803 1802 
3 1888 1889 1890 
3 1888 1800 1889 
3 1800 1887 1889 
3 1803 1888 1890 
3 1887 1963 1889 
3 1889 1963 1971 
3 1963 1966 1971 
3 1971 1966 2049 
3 1966 1970 2049 
3 2049 1970 2054 
3 2053 2133 2135 
3 2052 2133 2053 
3 2054 1970 2053 
3 2135 2054 2053 
3 2132 2131 2218 
3 2132 2218 2134 
3 2132 2134 2052 
3 2052 2134 2133 
3 2218 2219 2221 
3 2218 2131 2219 
3 2131 2217 2219 
3 2134 2218 2221 
3 2659 2749 2660 
3 2660 2577 2659 
3 2576 2659 2577 
3 2576 2577 2483 
3 2575 2576 2483 
3 2483 2484 2392 
3 2577 2484 2483 
3 2393 2392 2484 
3 2393 2308 2392 
3 2308 2307 2392 
3 2219 2217 2307 
3 2308 2219 2307 
3 2577 2660 2578 
3 2484 2577 2578 
3 2485 2484 2578 
3 2393 2484 2485 
3 3028 3108 3029 
3 3028 3030 3109 
3 3108 3028 3109 
3 3111 3109 3030 
3 3111 3030 3044 
3 3044 3030 3032 
3 2960 2961 3032 
3 3032 2961 3044 
3 2880 2881 2960 
3 2960 2881 2961 
3 2797 2798 2880 
3 2880 2798 2881 
3 2707 2708 2797 
3 2797 2708 2798 
3 2617 2700 2708 
3 2617 2708 2616 
3 2616 2708 2707 
3 2616 2524 2525 
3 2617 2616 2525 
3 2524 2437 2433 
3 2525 2524 2433 
3 2437 2430 2433 
3 3180 3256 3181 
3 3257 3256 3180 
3 3257 3180 3186 
3 3186 3180 3110 
3 3108 3110 3029 
3 3108 3184 3110 
3 3184 3186 3110 
3 3109 3184 3108 
3 3185 3184 3109 
3 3111 3185 3109 
3 2617 2612 2700 
3 2525 2612 2617 
3 2522 2612 2525 
3 2433 2522 2525 
3 2432 2522 2433 
3 2431 2520 2432 
3 2341 2431 2432 
3 2341 2432 2433 
3 2341 2433 2430 
3 2341 2253 2342 
3 2431 2341 2342 
3 2253 2340 2342 
3 3256 3330 3258 
3 3181 3256 3258 
3 3331 3256 3257 
3 3330 3256 3331 
3 2431 2521 2520 
3 2521 2434 2526 
3 2521 2431 2434 
3 2431 2342 2434 
3 2340 2337 2426 
3 2340 2426 2342 
3 2342 2426 2434 
3 2337 2338 2426 
3 3258 3330 3259 
3 3329 3332 3400 
3 3259 3332 3329 
3 3259 3331 3332 
3 3259 3330 3331 
3 3332 3335 3400 
3 2434 2517 2526 
3 2517 2428 2518 
3 2517 2434 2428 
3 2434 2426 2428 
3 2338 2427 2428 
3 2426 2338 2428 
3 3400 3404 3398 
3 3329 3400 3398 
3 3337 3400 3335 
3 3404 3400 3337 
3 2519 2518 2428 
3 2608 2518 2519 
3 2427 2429 2516 
3 2427 2516 2428 
3 2428 2516 2519 
3 2429 2515 2516 
3 3398 3404 3465 
3 3404 3405 3465 
3 3404 3337 3405 
3 3337 3403 3405 
3 2519 2610 2608 
3 2610 2533 2620 
3 2610 2519 2533 
3 2519 2516 2533 
3 2515 2530 2533 
3 2516 2515 2533 
3 3469 3473 3405 
3 3469 3405 3403 
3 3470 3469 3403 
3 3470 3403 3468 
3 2533 2532 2620 
3 2531 2619 2532 
3 2440 2531 2532 
3 2440 2532 2533 
3 2440 2533 2530 
3 2440 2350 2441 
3 2531 2440 2441 
3 2350 2439 2441 
3 3533 3470 3468 
3 3534 3533 3468 
3 2531 2534 2619 
3 2441 2534 2531 
3 2446 2534 2441 
3 2445 2536 2446 
3 2354 2445 2446 
3 2354 2446 2441 
3 2354 2441 2439 
3 2354 2353 2444 
3 2445 2354 2444 
3 2353 2443 2444 
3 2445 2535 2536 
3 2444 2535 2445 
3 2448 2535 2444 
3 2447 2538 2448 
3 2355 2447 2448 
3 2355 2448 2444 
3 2355 2444 2443 
3 2355 2268 2356 
3 2447 2355 2356 
3 2268 2179 2270 
3 2356 2268 2270 
3 2179 2269 2270 
3 2447 2449 2538 
3 2356 2449 2447 
3 2450 2449 2356 
3 2450 2357 2451 
3 2450 2356 2357 
3 2356 2270 2357 
3 2269 2180 2271 
3 2269 2271 2270 
3 2270 2271 2357 
3 2180 2187 2271 
3 2357 2358 2451 
3 2358 2272 2359 
3 2358 2357 2272 
3 2357 2271 2272 
3 2187 2100 2181 
3 2187 2181 2271 
3 2271 2181 2272 
3 2100 2018 2097 
3 2181 2100 2097 
3 2018 2016 2097 
3 2272 2273 2359 
3 2181 2273 2272 
3 2182 2273 2181 
3 2182 2098 2183 
3 2182 2181 2098 
3 2181 2097 2098 
3 2016 1930 2017 
3 2016 2017 2097 
3 2097 2017 2098 
3 1930 2015 2017 
3 2098 2099 2183 
3 2017 2099 2098 
3 2020 2099 2017 
3 2019 2101 2020 
3 1932 2019 2020 
3 1932 2020 2017 
3 1932 2017 2015 
3 1932 1850 1936 
3 2019 1932 1936 
3 1850 1935 1936 
3 2019 2023 2101 
3 1936 2023 2019 
3 1939 2023 1936 
3 1938 2024 1939 
3 1852 1938 1939 
3 1852 1939 1936 
3 1852 1936 1935 
3 1852 1937 1938 
3 1938 1940 2024 
3 1937 1940 1938 
3 1937 1853 1940 
3 1853 1858 1940 
3 1857 1943 1858 
3 1857 1858 1773 
3 1773 1858 1853 
3 1773 1772 1856 
3 1857 1773 1856 
3 1772 1855 1856 
3 1857 1942 1943 
3 1856 1942 1857 
3 1941 1942 1856 
3 1855 1941 1856 
3 1855 1854 1941 
3 1854 1860 1941 
3 1859 1861 1860 
3 1859 1860 1775 
3 1775 1860 1854 
3 1775 1776 1859 
3 1859 1777 1861 
3 1776 1777 1859 
3 1776 1696 1777 
3 1696 1778 1777 
3 1779 1864 1778 
3 1779 1778 1697 
3 1697 1778 1696 
3 1697 1699 1779 
3 1779 1781 1864 
3 1781 1779 1699 
3 1781 1699 1782 
3 1782 1699 1780 
3 1780 1802 1782 
3 1782 1802 1868 
3 1802 1803 1868 
3 1868 1803 1891 
3 1890 1972 1973 
3 1889 1972 1890 
3 1891 1803 1890 
3 1973 1891 1890 
3 1889 1971 1972 
3 1972 1971 2055 
3 1971 2049 2055 
3 2055 2049 2127 
3 2049 2054 2127 
3 2127 2054 2136 
3 2135 2220 2223 
3 2133 2220 2135 
3 2136 2054 2135 
3 2223 2136 2135 
3 2133 2134 2220 
3 2220 2134 2222 
3 2221 2309 2311 
3 2219 2309 2221 
3 2222 2134 2221 
3 2311 2222 2221 
3 2749 2750 2660 
3 2308 2394 2395 
3 2393 2394 2308 
3 2309 2219 2308 
3 2395 2309 2308 
3 2750 2661 2660 
3 2661 2662 2578 
3 2578 2660 2661 
3 2662 2663 2579 
3 2579 2578 2662 
3 2485 2578 2486 
3 2578 2579 2486 
3 2394 2393 2485 
3 2486 2394 2485 
3 3044 3114 3111 
3 3044 2961 3035 
3 3114 3044 3035 
3 2961 2881 2953 
3 3035 2961 2953 
3 2881 2798 2872 
3 2953 2881 2872 
3 2798 2708 2789 
3 2872 2798 2789 
3 2708 2700 2789 
3 3186 3261 3257 
3 3186 3184 3260 
3 3261 3186 3260 
3 3184 3185 3188 
3 3260 3184 3188 
3 3185 3111 3114 
3 3185 3114 3188 
3 3188 3114 3116 
3 3115 3035 3036 
3 3115 3116 3035 
3 3116 3114 3035 
3 2953 3036 3035 
3 2954 3036 2953 
3 2872 2954 2953 
3 2873 2954 2872 
3 2873 2790 2874 
3 2873 2872 2790 
3 2872 2789 2790 
3 2700 2612 2701 
3 2700 2701 2789 
3 2789 2701 2790 
3 2612 2522 2613 
3 2701 2612 2613 
3 2522 2432 2523 
3 2613 2522 2523 
3 2432 2520 2523 
3 3261 3333 3331 
3 3257 3261 3331 
3 3260 3263 3261 
3 3263 3333 3261 
3 3188 3191 3260 
3 3191 3263 3260 
3 3190 3116 3189 
3 3190 3191 3116 
3 3191 3188 3116 
3 3115 3189 3116 
3 2790 2791 2874 
3 2701 2791 2790 
3 2792 2791 2701 
3 2792 2702 2793 
3 2792 2701 2702 
3 2701 2613 2702 
3 2523 2614 2613 
3 2614 2702 2613 
3 2520 2521 2611 
3 2520 2611 2523 
3 2523 2611 2614 
3 2521 2526 2611 
3 3331 3333 3332 
3 3335 3332 3333 
3 3335 3333 3265 
3 3265 3333 3263 
3 3264 3191 3262 
3 3264 3265 3191 
3 3265 3263 3191 
3 3190 3262 3191 
3 2702 2703 2793 
3 2614 2703 2702 
3 2704 2703 2614 
3 2704 2696 2784 
3 2704 2614 2696 
3 2614 2611 2696 
3 2526 2517 2607 
3 2526 2607 2611 
3 2611 2607 2696 
3 2517 2518 2607 
3 3265 3336 3337 
3 3335 3265 3337 
3 3334 3265 3264 
3 3336 3265 3334 
3 2698 2784 2696 
3 2785 2784 2698 
3 2607 2609 2696 
3 2609 2698 2696 
3 2518 2608 2609 
3 2607 2518 2609 
3 3336 3402 3403 
3 3337 3336 3403 
3 3401 3336 3334 
3 3402 3336 3401 
3 2698 2786 2785 
3 2786 2699 2787 
3 2786 2698 2699 
3 2698 2609 2699 
3 2608 2610 2697 
3 2608 2697 2609 
3 2609 2697 2699 
3 2610 2620 2697 
3 3402 3467 3468 
3 3403 3402 3468 
3 3466 3402 3401 
3 3467 3402 3466 
3 2699 2788 2787 
3 2788 2709 2799 
3 2788 2699 2709 
3 2699 2697 2709 
3 2620 2532 2621 
3 2620 2621 2697 
3 2697 2621 2709 
3 2532 2619 2621 
3 3530 3531 3467 
3 3531 3534 3468 
3 3531 3468 3467 
3 3476 3467 3466 
3 3530 3467 3532 
3 3532 3467 3476 
3 2709 2710 2799 
3 2621 2710 2709 
3 2623 2710 2621 
3 2622 2711 2623 
3 2534 2622 2623 
3 2534 2623 2621 
3 2534 2621 2619 
3 2534 2446 2537 
3 2622 2534 2537 
3 2446 2536 2537 
3 3537 3532 3476 
3 3476 3538 3537 
3 3595 3537 3538 
3 2622 2712 2711 
3 2712 2625 2716 
3 2712 2622 2625 
3 2622 2537 2625 
3 2536 2535 2624 
3 2536 2624 2537 
3 2537 2624 2625 
3 2535 2448 2539 
3 2624 2535 2539 
3 2448 2538 2539 
3 3596 3595 3538 
3 3597 3596 3538 
3 2625 2714 2716 
3 2624 2714 2625 
3 2715 2714 2624 
3 2715 2626 2717 
3 2715 2624 2626 
3 2624 2539 2626 
3 2538 2449 2540 
3 2538 2540 2539 
3 2539 2540 2626 
3 2449 2450 2456 
3 2540 2449 2456 
3 2450 2451 2456 
3 2626 2627 2717 
3 2540 2627 2626 
3 2546 2627 2540 
3 2546 2457 2547 
3 2546 2540 2457 
3 2540 2456 2457 
3 2451 2358 2363 
3 2451 2363 2456 
3 2456 2363 2457 
3 2358 2359 2363 
3 2457 2458 2547 
3 2458 2364 2452 
3 2458 2457 2364 
3 2457 2363 2364 
3 2359 2273 2277 
3 2359 2277 2363 
3 2363 2277 2364 
3 2273 2182 2186 
3 2277 2273 2186 
3 2182 2183 2186 
3 2364 2360 2452 
3 2277 2360 2364 
3 2275 2360 2277 
3 2186 2275 2277 
3 2185 2275 2186 
3 2184 2274 2185 
3 2099 2184 2185 
3 2099 2185 2186 
3 2099 2186 2183 
3 2099 2020 2102 
3 2184 2099 2102 
3 2020 2101 2102 
3 2184 2188 2274 
3 2102 2188 2184 
3 2105 2188 2102 
3 2104 2189 2105 
3 2023 2104 2105 
3 2023 2105 2102 
3 2023 2102 2101 
3 2023 1939 2025 
3 2104 2023 2025 
3 1939 2024 2025 
3 2104 2106 2189 
3 2025 2106 2104 
3 2027 2106 2025 
3 2026 2107 2027 
3 1940 2026 2027 
3 1940 2027 2025 
3 1940 2025 2024 
3 1940 1858 1944 
3 2026 1940 1944 
3 1858 1943 1944 
3 2026 2031 2107 
3 1944 2031 2026 
3 2030 2031 1944 
3 2029 2109 2030 
3 1942 2029 2030 
3 1942 2030 1944 
3 1942 1944 1943 
3 1942 1941 2028 
3 2029 1942 2028 
3 1941 1860 1945 
3 2028 1941 1945 
3 1860 1861 1945 
3 2029 2032 2109 
3 2028 2032 2029 
3 1946 2032 2028 
3 1945 1946 2028 
3 1862 1946 1945 
3 1861 1862 1945 
3 1861 1777 1862 
3 1777 1863 1862 
3 1865 1950 1863 
3 1865 1863 1778 
3 1778 1863 1777 
3 1778 1864 1865 
3 1865 1866 1950 
3 1864 1866 1865 
3 1864 1781 1866 
3 1781 1867 1866 
3 1867 1781 1782 
3 1869 1867 1782 
3 1782 1868 1869 
3 1869 1868 1954 
3 1868 1891 1954 
3 1954 1891 1974 
3 1973 2056 2057 
3 1972 2056 1973 
3 1974 1891 1973 
3 2057 1974 1973 
3 1972 2055 2056 
3 2056 2055 2137 
3 2055 2127 2137 
3 2137 2127 2213 
3 2127 2136 2213 
3 2213 2136 2224 
3 2223 2310 2313 
3 2220 2310 2223 
3 2224 2136 2223 
3 2313 2224 2223 
3 2220 2222 2310 
3 2310 2222 2312 
3 2311 2396 2399 
3 2309 2396 2311 
3 2312 2222 2311 
3 2399 2312 2311 
3 2395 2394 2487 
3 2395 2487 2397 
3 2395 2397 2309 
3 2309 2397 2396 
3 2663 2751 2664 
3 2664 2579 2663 
3 2751 2752 2664 
3 2486 2579 2580 
3 2579 2664 2580 
3 2487 2394 2486 
3 2487 2486 2489 
3 2489 2486 2580 
3 2397 2487 2489 
3 3036 3117 3115 
3 3036 2954 3037 
3 3117 3036 3037 
3 2954 2873 2955 
3 3037 2954 2955 
3 2873 2874 2955 
3 3189 3192 3190 
3 3189 3115 3117 
3 3189 3117 3192 
3 3192 3117 3118 
3 3037 3038 3117 
3 3038 3118 3117 
3 2955 2956 3037 
3 2956 3038 3037 
3 2874 2791 2875 
3 2874 2875 2955 
3 2955 2875 2956 
3 2791 2792 2876 
3 2875 2791 2876 
3 2792 2793 2876 
3 3262 3266 3264 
3 3262 3190 3192 
3 3262 3192 3266 
3 3266 3192 3267 
3 3118 3193 3192 
3 3193 3267 3192 
3 3038 3119 3118 
3 3119 3193 3118 
3 2956 3039 3038 
3 3039 3119 3038 
3 2875 2957 2956 
3 2957 3039 2956 
3 2876 2877 2875 
3 2877 2957 2875 
3 2793 2703 2794 
3 2793 2794 2876 
3 2876 2794 2877 
3 2703 2704 2795 
3 2794 2703 2795 
3 2704 2784 2795 
3 3266 3338 3334 
3 3264 3266 3334 
3 3267 3339 3266 
3 3339 3338 3266 
3 3193 3268 3267 
3 3268 3339 3267 
3 3119 3194 3193 
3 3194 3268 3193 
3 3039 3120 3119 
3 3120 3194 3119 
3 2957 3040 3039 
3 3040 3120 3039 
3 2877 2958 2957 
3 2958 3040 2957 
3 2794 2878 2877 
3 2878 2958 2877 
3 2795 2869 2794 
3 2869 2878 2794 
3 2784 2785 2869 
3 2795 2784 2869 
3 3338 3406 3401 
3 3334 3338 3401 
3 3339 3341 3338 
3 3341 3406 3338 
3 3340 3268 3269 
3 3340 3341 3268 
3 3341 3339 3268 
3 3194 3269 3268 
3 3195 3269 3194 
3 3120 3195 3194 
3 3121 3195 3120 
3 3040 3121 3120 
3 3122 3121 3040 
3 3122 3041 3123 
3 3122 3040 3041 
3 3040 2958 3041 
3 2878 2959 2958 
3 2959 3041 2958 
3 2869 2951 2878 
3 2951 2959 2878 
3 2785 2786 2870 
3 2785 2870 2869 
3 2869 2870 2951 
3 2786 2787 2870 
3 3406 3409 3466 
3 3401 3406 3466 
3 3408 3341 3407 
3 3408 3409 3341 
3 3409 3406 3341 
3 3340 3407 3341 
3 3041 3042 3123 
3 2959 3042 3041 
3 3043 3042 2959 
3 3043 3033 3112 
3 3043 2959 3033 
3 2959 2951 3033 
3 2870 2952 2951 
3 2952 3033 2951 
3 2787 2788 2871 
3 2787 2871 2870 
3 2870 2871 2952 
3 2788 2799 2871 
3 3409 3475 3476 
3 3466 3409 3476 
3 3474 3409 3408 
3 3475 3409 3474 
3 3033 3034 3112 
3 2952 3034 3033 
3 2962 3034 2952 
3 2962 2882 2963 
3 2962 2952 2882 
3 2952 2871 2882 
3 2799 2710 2800 
3 2799 2800 2871 
3 2871 2800 2882 
3 2710 2623 2713 
3 2800 2710 2713 
3 2623 2711 2713 
3 3475 3535 3536 
3 3475 3536 3476 
3 3476 3536 3538 
3 3474 3535 3475 
3 2882 2883 2963 
3 2800 2883 2882 
3 2884 2883 2800 
3 2884 2802 2886 
3 2884 2800 2802 
3 2800 2713 2802 
3 2711 2712 2801 
3 2711 2801 2713 
3 2713 2801 2802 
3 2712 2716 2801 
3 3592 3597 3538 
3 3592 3538 3536 
3 3593 3592 3536 
3 3593 3536 3594 
3 2802 2887 2886 
3 2887 2885 2966 
3 2887 2802 2885 
3 2802 2801 2885 
3 2716 2714 2803 
3 2716 2803 2801 
3 2801 2803 2885 
3 2714 2715 2804 
3 2803 2714 2804 
3 2715 2717 2804 
3 3701 3648 3649 
3 3648 3647 3594 
3 3594 3649 3648 
3 3647 3593 3594 
3 3702 3701 3649 
3 3702 3649 3703 
3 2885 2888 2966 
3 2803 2888 2885 
3 2889 2888 2803 
3 2889 2805 2890 
3 2889 2803 2805 
3 2803 2804 2805 
3 2717 2627 2718 
3 2717 2718 2804 
3 2804 2718 2805 
3 2627 2546 2628 
3 2718 2627 2628 
3 2546 2547 2628 
3 3753 3702 3703 
3 3754 3753 3703 
3 2805 2806 2890 
3 2806 2719 2807 
3 2806 2805 2719 
3 2805 2718 2719 
3 2628 2629 2718 
3 2629 2719 2718 
3 2547 2458 2541 
3 2547 2541 2628 
3 2628 2541 2629 
3 2458 2452 2541 
3 2719 2720 2807 
3 2629 2720 2719 
3 2630 2720 2629 
3 2630 2542 2631 
3 2630 2629 2542 
3 2629 2541 2542 
3 2452 2360 2453 
3 2452 2453 2541 
3 2541 2453 2542 
3 2360 2275 2361 
3 2453 2360 2361 
3 2275 2185 2276 
3 2361 2275 2276 
3 2185 2274 2276 
3 2542 2543 2631 
3 2453 2543 2542 
3 2454 2543 2453 
3 2361 2454 2453 
3 2362 2454 2361 
3 2276 2362 2361 
3 2279 2362 2276 
3 2278 2365 2279 
3 2188 2278 2279 
3 2188 2279 2276 
3 2188 2276 2274 
3 2188 2105 2190 
3 2278 2188 2190 
3 2105 2189 2190 
3 2278 2280 2365 
3 2190 2280 2278 
3 2192 2280 2190 
3 2191 2281 2192 
3 2106 2191 2192 
3 2106 2192 2190 
3 2106 2190 2189 
3 2106 2027 2108 
3 2191 2106 2108 
3 2027 2107 2108 
3 2191 2193 2281 
3 2108 2193 2191 
3 2112 2193 2108 
3 2111 2195 2112 
3 2031 2111 2112 
3 2031 2112 2108 
3 2031 2108 2107 
3 2031 2030 2110 
3 2111 2031 2110 
3 2030 2109 2110 
3 2111 2194 2195 
3 2110 2194 2111 
3 2113 2194 2110 
3 2109 2113 2110 
3 2109 2032 2113 
3 2032 2035 2113 
3 1946 1948 2032 
3 2032 1948 2035 
3 1947 2033 1948 
3 1947 1948 1862 
3 1862 1948 1946 
3 1862 1863 1949 
3 1947 1862 1949 
3 1863 1950 1949 
3 1947 2034 2033 
3 1949 2034 1947 
3 1951 2034 1949 
3 1950 1951 1949 
3 1950 1866 1951 
3 1866 1952 1951 
3 1867 1953 1866 
3 1866 1953 1952 
3 1953 1867 1869 
3 1955 1953 1869 
3 1869 1954 1955 
3 1955 1954 2040 
3 1954 1974 2040 
3 2040 1974 2058 
3 2057 2056 2138 
3 2057 2138 2059 
3 2057 2059 1974 
3 1974 2059 2058 
3 2138 2139 2140 
3 2138 2056 2139 
3 2056 2137 2139 
3 2059 2138 2140 
3 2137 2213 2139 
3 2139 2213 2225 
3 2213 2224 2225 
3 2225 2224 2314 
3 2313 2398 2401 
3 2310 2398 2313 
3 2314 2224 2313 
3 2401 2314 2313 
3 2310 2312 2398 
3 2398 2312 2400 
3 2399 2488 2492 
3 2396 2488 2399 
3 2400 2312 2399 
3 2492 2400 2399 
3 2396 2397 2488 
3 2488 2397 2490 
3 2838 2753 2752 
3 2752 2753 2664 
3 2838 2839 2753 
3 2664 2665 2580 
3 2753 2665 2664 
3 2666 2580 2665 
3 2666 2582 2580 
3 2582 2489 2580 
3 2490 2397 2489 
3 2582 2490 2489 
3 2839 2840 2753 
3 2840 2841 2754 
3 2840 2754 2753 
3 2665 2753 2754 
3 2755 2665 2754 
3 2666 2665 2755 
3 3269 3342 3340 
3 3269 3195 3270 
3 3342 3269 3270 
3 3195 3121 3196 
3 3270 3195 3196 
3 3121 3122 3197 
3 3196 3121 3197 
3 3122 3123 3197 
3 3407 3410 3408 
3 3407 3340 3342 
3 3407 3342 3410 
3 3410 3342 3411 
3 3270 3343 3342 
3 3343 3411 3342 
3 3196 3271 3270 
3 3271 3343 3270 
3 3197 3198 3196 
3 3198 3271 3196 
3 3123 3042 3124 
3 3123 3124 3197 
3 3197 3124 3198 
3 3042 3043 3125 
3 3124 3042 3125 
3 3043 3112 3125 
3 3410 3477 3474 
3 3408 3410 3474 
3 3478 3411 3412 
3 3478 3477 3411 
3 3477 3410 3411 
3 3343 3412 3411 
3 3344 3412 3343 
3 3271 3344 3343 
3 3345 3344 3271 
3 3345 3272 3346 
3 3345 3271 3272 
3 3271 3198 3272 
3 3124 3199 3198 
3 3199 3272 3198 
3 3125 3187 3124 
3 3187 3199 3124 
3 3112 3034 3113 
3 3112 3113 3125 
3 3125 3113 3187 
3 3034 2962 3045 
3 3113 3034 3045 
3 2962 2963 3045 
3 3535 3539 3536 
3 3535 3474 3477 
3 3535 3477 3539 
3 3539 3477 3540 
3 3541 3477 3478 
3 3540 3477 3541 
3 3272 3273 3346 
3 3199 3273 3272 
3 3274 3273 3199 
3 3274 3200 3275 
3 3274 3199 3200 
3 3199 3187 3200 
3 3113 3126 3187 
3 3126 3200 3187 
3 3045 3046 3113 
3 3046 3126 3113 
3 2963 2883 2964 
3 2963 2964 3045 
3 3045 2964 3046 
3 2883 2884 2965 
3 2964 2883 2965 
3 2884 2886 2965 
3 3539 3598 3594 
3 3536 3539 3594 
3 3599 3540 3600 
3 3599 3598 3540 
3 3598 3539 3540 
3 3541 3600 3540 
3 3200 3201 3275 
3 3126 3201 3200 
3 3127 3201 3126 
3 3046 3127 3126 
3 3128 3127 3046 
3 3128 3047 3129 
3 3128 3046 3047 
3 3046 2964 3047 
3 2965 3048 2964 
3 3048 3047 2964 
3 2886 2887 2967 
3 2886 2967 2965 
3 2965 2967 3048 
3 2887 2966 2967 
3 3594 3598 3649 
3 3703 3650 3653 
3 3649 3650 3703 
3 3649 3599 3650 
3 3649 3598 3599 
3 3650 3604 3653 
3 3047 3130 3129 
3 3048 3130 3047 
3 3131 3130 3048 
3 3131 3049 3132 
3 3131 3048 3049 
3 3048 2967 3049 
3 2966 2888 2968 
3 2966 2968 2967 
3 2967 2968 3049 
3 2888 2889 2969 
3 2968 2888 2969 
3 2889 2890 2969 
3 3706 3707 3653 
3 3706 3653 3656 
3 3707 3754 3703 
3 3707 3703 3653 
3 3606 3653 3604 
3 3656 3653 3606 
3 3049 3133 3132 
3 3133 3050 3134 
3 3133 3049 3050 
3 3049 2968 3050 
3 2969 2970 2968 
3 2970 3050 2968 
3 2890 2806 2891 
3 2890 2891 2969 
3 2969 2891 2970 
3 2806 2807 2891 
3 3712 3706 3656 
3 3713 3712 3656 
3 3657 3713 3656 
3 3657 3656 3606 
3 3658 3657 3606 
3 3658 3606 3655 
3 3050 3051 3134 
3 2970 3051 3050 
3 2971 3051 2970 
3 2971 2892 2972 
3 2971 2970 2892 
3 2970 2891 2892 
3 2807 2720 2808 
3 2807 2808 2891 
3 2891 2808 2892 
3 2720 2630 2721 
3 2808 2720 2721 
3 2630 2631 2721 
3 3710 3658 3655 
3 3711 3710 3655 
3 3711 3655 3709 
3 2892 2893 2972 
3 2808 2893 2892 
3 2809 2893 2808 
3 2809 2722 2810 
3 2809 2808 2722 
3 2808 2721 2722 
3 2631 2543 2632 
3 2631 2632 2721 
3 2721 2632 2722 
3 2543 2454 2544 
3 2632 2543 2544 
3 2454 2362 2455 
3 2544 2454 2455 
3 2362 2279 2366 
3 2455 2362 2366 
3 2279 2365 2366 
3 3759 3711 3709 
3 3801 3758 3755 
3 2722 2723 2810 
3 2632 2723 2722 
3 2633 2723 2632 
3 2544 2633 2632 
3 2545 2633 2544 
3 2455 2545 2544 
3 2459 2545 2455 
3 2366 2459 2455 
3 2368 2459 2366 
3 2367 2460 2368 
3 2280 2367 2368 
3 2280 2368 2366 
3 2280 2366 2365 
3 2280 2192 2282 
3 2367 2280 2282 
3 2192 2281 2282 
3 3802 3801 3755 
3 3803 3802 3755 
3 2367 2369 2460 
3 2282 2369 2367 
3 2284 2369 2282 
3 2283 2370 2284 
3 2193 2283 2284 
3 2193 2284 2282 
3 2193 2282 2281 
3 2193 2112 2196 
3 2283 2193 2196 
3 2112 2195 2196 
3 2283 2286 2370 
3 2196 2286 2283 
3 2285 2286 2196 
3 2195 2285 2196 
3 2195 2194 2285 
3 2194 2198 2285 
3 2197 2287 2198 
3 2197 2198 2113 
3 2113 2198 2194 
3 2113 2035 2116 
3 2197 2113 2116 
3 2035 1948 2036 
3 2116 2035 2036 
3 1948 2033 2036 
3 2197 2202 2287 
3 2116 2202 2197 
3 2117 2202 2116 
3 2036 2117 2116 
3 2114 2117 2036 
3 2033 2114 2036 
3 2033 2034 2114 
3 2034 2115 2114 
3 1951 2037 2034 
3 2034 2037 2115 
3 2038 2118 2037 
3 2038 2037 1952 
3 1952 2037 1951 
3 1952 1953 2039 
3 2038 1952 2039 
3 1953 1955 2039 
3 2038 2120 2118 
3 2120 2041 2123 
3 2120 2038 2041 
3 2038 2039 2041 
3 1955 2040 2041 
3 2039 1955 2041 
3 2041 2121 2123 
3 2121 2041 2040 
3 2121 2040 2122 
3 2122 2040 2058 
3 2058 2059 2122 
3 2122 2059 2141 
3 2140 2226 2227 
3 2139 2226 2140 
3 2141 2059 2140 
3 2227 2141 2140 
3 2139 2225 2226 
3 2226 2225 2315 
3 2225 2314 2315 
3 2315 2314 2402 
3 2401 2491 2494 
3 2398 2491 2401 
3 2402 2314 2401 
3 2494 2402 2401 
3 2398 2400 2491 
3 2491 2400 2493 
3 2492 2581 2585 
3 2488 2581 2492 
3 2493 2400 2492 
3 2585 2493 2492 
3 2488 2490 2581 
3 2581 2490 2583 
3 2582 2668 2669 
3 2666 2668 2582 
3 2583 2490 2582 
3 2669 2583 2582 
3 2841 2842 2754 
3 2754 2843 2755 
3 2924 2843 2842 
3 2842 2843 2754 
3 2755 2843 2756 
3 2755 2756 2666 
3 2666 2756 2668 
3 3004 3005 2925 
3 2924 3004 2925 
3 2925 2843 2924 
3 2844 2843 2925 
3 2756 2843 2844 
3 3412 3479 3478 
3 3412 3344 3413 
3 3479 3412 3413 
3 3344 3345 3414 
3 3413 3344 3414 
3 3345 3346 3414 
3 3479 3542 3541 
3 3478 3479 3541 
3 3413 3480 3479 
3 3480 3542 3479 
3 3414 3415 3413 
3 3415 3480 3413 
3 3346 3273 3347 
3 3346 3347 3414 
3 3414 3347 3415 
3 3273 3274 3348 
3 3347 3273 3348 
3 3274 3275 3348 
3 3600 3601 3599 
3 3600 3541 3542 
3 3600 3542 3601 
3 3601 3542 3545 
3 3480 3483 3542 
3 3483 3545 3542 
3 3481 3415 3482 
3 3481 3483 3415 
3 3483 3480 3415 
3 3482 3416 3484 
3 3482 3415 3416 
3 3415 3347 3416 
3 3348 3349 3347 
3 3349 3416 3347 
3 3275 3201 3276 
3 3275 3276 3348 
3 3348 3276 3349 
3 3201 3127 3202 
3 3276 3201 3202 
3 3127 3128 3203 
3 3202 3127 3203 
3 3128 3129 3203 
3 3599 3601 3650 
3 3604 3650 3601 
3 3604 3601 3547 
3 3547 3601 3545 
3 3546 3483 3543 
3 3546 3547 3483 
3 3547 3545 3483 
3 3481 3543 3483 
3 3416 3417 3484 
3 3349 3417 3416 
3 3418 3417 3349 
3 3418 3350 3419 
3 3418 3349 3350 
3 3349 3276 3350 
3 3202 3277 3276 
3 3277 3350 3276 
3 3203 3278 3202 
3 3278 3277 3202 
3 3129 3130 3204 
3 3129 3204 3203 
3 3203 3204 3278 
3 3130 3131 3205 
3 3204 3130 3205 
3 3131 3132 3205 
3 3547 3605 3606 
3 3604 3547 3606 
3 3603 3547 3546 
3 3605 3547 3603 
3 3350 3351 3419 
3 3277 3351 3350 
3 3352 3351 3277 
3 3352 3353 3422 
3 3352 3277 3353 
3 3277 3278 3353 
3 3204 3279 3278 
3 3279 3353 3278 
3 3205 3207 3204 
3 3207 3279 3204 
3 3132 3133 3136 
3 3132 3136 3205 
3 3205 3136 3207 
3 3133 3134 3136 
3 3605 3654 3655 
3 3606 3605 3655 
3 3652 3605 3603 
3 3654 3605 3652 
3 3353 3354 3422 
3 3279 3354 3353 
3 3280 3354 3279 
3 3207 3280 3279 
3 3208 3280 3207 
3 3208 3137 3206 
3 3208 3207 3137 
3 3207 3136 3137 
3 3134 3051 3053 
3 3134 3053 3136 
3 3136 3053 3137 
3 3051 2971 2975 
3 3053 3051 2975 
3 2971 2972 2975 
3 3654 3708 3709 
3 3655 3654 3709 
3 3705 3654 3652 
3 3708 3654 3705 
3 3137 3135 3206 
3 3053 3135 3137 
3 3052 3135 3053 
3 2975 3052 3053 
3 2974 3052 2975 
3 2973 2976 2974 
3 2893 2973 2974 
3 2893 2974 2975 
3 2893 2975 2972 
3 2893 2809 2894 
3 2973 2893 2894 
3 2809 2810 2894 
3 3757 3759 3709 
3 3757 3709 3708 
3 3758 3757 3708 
3 3758 3708 3755 
3 3708 3705 3755 
3 3705 3756 3755 
3 2973 2895 2976 
3 2894 2895 2973 
3 2811 2895 2894 
3 2810 2811 2894 
3 2810 2723 2811 
3 2723 2725 2811 
3 2724 2812 2725 
3 2724 2725 2633 
3 2633 2725 2723 
3 2633 2545 2634 
3 2724 2633 2634 
3 2545 2459 2548 
3 2634 2545 2548 
3 2459 2368 2461 
3 2548 2459 2461 
3 2368 2460 2461 
3 3859 3805 3806 
3 3805 3804 3756 
3 3756 3806 3805 
3 3804 3803 3755 
3 3755 3756 3804 
3 3813 3859 3806 
3 3813 3806 3765 
3 2724 2726 2812 
3 2634 2726 2724 
3 2635 2726 2634 
3 2548 2635 2634 
3 2549 2635 2548 
3 2461 2549 2548 
3 2463 2549 2461 
3 2462 2550 2463 
3 2369 2462 2463 
3 2369 2463 2461 
3 2369 2461 2460 
3 2369 2284 2371 
3 2462 2369 2371 
3 2284 2370 2371 
3 3814 3813 3765 
3 3815 3814 3765 
3 2462 2464 2550 
3 2371 2464 2462 
3 2374 2464 2371 
3 2373 2466 2374 
3 2286 2373 2374 
3 2286 2374 2371 
3 2286 2371 2370 
3 2286 2285 2372 
3 2373 2286 2372 
3 2285 2198 2288 
3 2372 2285 2288 
3 2198 2287 2288 
3 2373 2465 2466 
3 2372 2465 2373 
3 2375 2465 2372 
3 2288 2375 2372 
3 2293 2375 2288 
3 2287 2293 2288 
3 2287 2202 2293 
3 2202 2291 2293 
3 2117 2200 2202 
3 2202 2200 2291 
3 2199 2289 2200 
3 2199 2200 2114 
3 2114 2200 2117 
3 2114 2115 2201 
3 2199 2114 2201 
3 2115 2037 2119 
3 2201 2115 2119 
3 2037 2118 2119 
3 2199 2290 2289 
3 2201 2290 2199 
3 2204 2290 2201 
3 2119 2204 2201 
3 2203 2204 2119 
3 2118 2203 2119 
3 2118 2120 2203 
3 2120 2205 2203 
3 2205 2120 2123 
3 2208 2205 2123 
3 2123 2206 2208 
3 2121 2206 2123 
3 2206 2121 2122 
3 2207 2206 2122 
3 2122 2141 2207 
3 2207 2141 2228 
3 2227 2316 2317 
3 2226 2316 2227 
3 2228 2141 2227 
3 2317 2228 2227 
3 2226 2315 2316 
3 2316 2315 2403 
3 2315 2402 2403 
3 2403 2402 2495 
3 2494 2584 2587 
3 2491 2584 2494 
3 2495 2402 2494 
3 2587 2495 2494 
3 2491 2493 2584 
3 2584 2493 2586 
3 2585 2667 2673 
3 2581 2667 2585 
3 2586 2493 2585 
3 2673 2586 2585 
3 2581 2583 2667 
3 2667 2583 2670 
3 2669 2759 2760 
3 2668 2759 2669 
3 2670 2583 2669 
3 2760 2670 2669 
3 2668 2756 2759 
3 2759 2756 2845 
3 3005 3082 3006 
3 3006 2925 3005 
3 3082 3083 3006 
3 2844 2925 2926 
3 2925 3006 2926 
3 2845 2756 2844 
3 2926 2845 2844 
3 3482 3544 3481 
3 3482 3484 3544 
3 3543 3602 3546 
3 3543 3481 3544 
3 3543 3544 3602 
3 3602 3544 3548 
3 3484 3417 3485 
3 3484 3485 3544 
3 3544 3485 3548 
3 3417 3418 3486 
3 3485 3417 3486 
3 3418 3419 3486 
3 3602 3651 3603 
3 3546 3602 3603 
3 3548 3607 3602 
3 3607 3651 3602 
3 3485 3549 3548 
3 3549 3607 3548 
3 3486 3487 3485 
3 3487 3549 3485 
3 3419 3351 3420 
3 3419 3420 3486 
3 3486 3420 3487 
3 3351 3352 3421 
3 3420 3351 3421 
3 3352 3422 3421 
3 3651 3704 3652 
3 3603 3651 3652 
3 3607 3659 3651 
3 3659 3704 3651 
3 3549 3608 3607 
3 3608 3659 3607 
3 3487 3550 3549 
3 3550 3608 3549 
3 3420 3488 3487 
3 3488 3550 3487 
3 3421 3431 3420 
3 3431 3488 3420 
3 3422 3354 3363 
3 3422 3363 3421 
3 3421 3363 3431 
3 3354 3280 3288 
3 3363 3354 3288 
3 3280 3208 3213 
3 3288 3280 3213 
3 3208 3206 3213 
3 3704 3714 3705 
3 3652 3704 3705 
3 3659 3661 3704 
3 3661 3714 3704 
3 3660 3608 3609 
3 3660 3661 3608 
3 3661 3659 3608 
3 3550 3609 3608 
3 3551 3609 3550 
3 3488 3551 3550 
3 3493 3551 3488 
3 3431 3493 3488 
3 3426 3493 3431 
3 3363 3426 3431 
3 3358 3426 3363 
3 3288 3358 3363 
3 3289 3358 3288 
3 3289 3214 3281 
3 3289 3288 3214 
3 3288 3213 3214 
3 3206 3135 3141 
3 3206 3141 3213 
3 3213 3141 3214 
3 3135 3052 3057 
3 3141 3135 3057 
3 3052 2974 2979 
3 3057 3052 2979 
3 2974 2976 2979 
3 3714 3760 3756 
3 3705 3714 3756 
3 3661 3715 3714 
3 3715 3760 3714 
3 3667 3661 3660 
3 3715 3661 3667 
3 3214 3209 3281 
3 3141 3209 3214 
3 3138 3209 3141 
3 3057 3138 3141 
3 3055 3138 3057 
3 2979 3055 3057 
3 2978 3055 2979 
3 2977 3054 2978 
3 2895 2977 2978 
3 2895 2978 2979 
3 2895 2979 2976 
3 2895 2811 2896 
3 2977 2895 2896 
3 2811 2725 2813 
3 2896 2811 2813 
3 2725 2812 2813 
3 3756 3760 3806 
3 3765 3806 3760 
3 3765 3760 3722 
3 3722 3760 3715 
3 3668 3715 3667 
3 3722 3715 3668 
3 2977 2980 3054 
3 2896 2980 2977 
3 2897 2980 2896 
3 2813 2897 2896 
3 2815 2897 2813 
3 2814 2898 2815 
3 2726 2814 2815 
3 2726 2815 2813 
3 2726 2813 2812 
3 2726 2635 2727 
3 2814 2726 2727 
3 2635 2549 2636 
3 2727 2635 2636 
3 2549 2463 2551 
3 2636 2549 2551 
3 2463 2550 2551 
3 3766 3767 3722 
3 3766 3722 3725 
3 3767 3815 3765 
3 3767 3765 3722 
3 3670 3722 3668 
3 3725 3722 3670 
3 2814 2816 2898 
3 2727 2816 2814 
3 2728 2816 2727 
3 2636 2728 2727 
3 2637 2728 2636 
3 2551 2637 2636 
3 2553 2637 2551 
3 2552 2638 2553 
3 2464 2552 2553 
3 2464 2553 2551 
3 2464 2551 2550 
3 2464 2374 2467 
3 2552 2464 2467 
3 2374 2466 2467 
3 3773 3774 3725 
3 3774 3766 3725 
3 3724 3725 3670 
3 3773 3725 3771 
3 3771 3725 3724 
3 2552 2555 2638 
3 2467 2555 2552 
3 2554 2555 2467 
3 2466 2554 2467 
3 2466 2465 2554 
3 2465 2469 2554 
3 2468 2556 2469 
3 2468 2469 2375 
3 2375 2469 2465 
3 2375 2293 2380 
3 2468 2375 2380 
3 2293 2291 2378 
3 2380 2293 2378 
3 2291 2200 2292 
3 2378 2291 2292 
3 2200 2289 2292 
3 3772 3771 3724 
3 2468 2474 2556 
3 2380 2474 2468 
3 2472 2474 2380 
3 2378 2472 2380 
3 2379 2472 2378 
3 2292 2379 2378 
3 2376 2379 2292 
3 2289 2376 2292 
3 2289 2290 2376 
3 2290 2377 2376 
3 2204 2295 2290 
3 2290 2295 2377 
3 2294 2381 2295 
3 2294 2295 2203 
3 2203 2295 2204 
3 2203 2205 2296 
3 2294 2203 2296 
3 2205 2208 2296 
3 2294 2382 2381 
3 2296 2382 2294 
3 2298 2382 2296 
3 2297 2384 2298 
3 2206 2297 2298 
3 2206 2298 2296 
3 2206 2296 2208 
3 2206 2207 2297 
3 2299 2384 2297 
3 2386 2384 2299 
3 2207 2228 2299 
3 2297 2207 2299 
3 2317 2386 2299 
3 2317 2316 2386 
3 2316 2404 2386 
3 2228 2317 2299 
3 2316 2403 2404 
3 2404 2403 2496 
3 2588 2671 2589 
3 2588 2589 2496 
3 2588 2496 2495 
3 2495 2496 2403 
3 2587 2671 2588 
3 2587 2584 2671 
3 2584 2672 2671 
3 2495 2587 2588 
3 2674 2757 2762 
3 2674 2762 2672 
3 2674 2672 2586 
3 2586 2672 2584 
3 2673 2757 2674 
3 2673 2667 2757 
3 2667 2758 2757 
3 2586 2673 2674 
3 2667 2670 2758 
3 2758 2670 2761 
3 2760 2848 2849 
3 2759 2848 2760 
3 2761 2670 2760 
3 2849 2761 2760 
3 2927 2845 2928 
3 2927 2848 2845 
3 2848 2759 2845 
3 2927 2928 3008 
3 3083 3084 3006 
3 3006 3007 2926 
3 3085 3007 3084 
3 3084 3007 3006 
3 2926 2928 2845 
3 2926 3007 2928 
3 3007 3009 2928 
3 3010 3008 2928 
3 3009 3010 2928 
3 3166 3167 3086 
3 3085 3166 3086 
3 3086 3007 3085 
3 3087 3007 3086 
3 3009 3007 3087 
3 3088 3009 3087 
3 3010 3009 3088 
3 3609 3615 3660 
3 3609 3551 3557 
3 3615 3609 3557 
3 3551 3493 3494 
3 3557 3551 3494 
3 3493 3426 3427 
3 3494 3493 3427 
3 3426 3358 3359 
3 3427 3426 3359 
3 3358 3289 3284 
3 3359 3358 3284 
3 3289 3281 3284 
3 3615 3616 3667 
3 3660 3615 3667 
3 3557 3558 3615 
3 3558 3616 3615 
3 3494 3495 3557 
3 3495 3558 3557 
3 3489 3427 3423 
3 3489 3495 3427 
3 3495 3494 3427 
3 3359 3423 3427 
3 3356 3423 3359 
3 3284 3356 3359 
3 3283 3356 3284 
3 3282 3355 3283 
3 3209 3282 3283 
3 3209 3283 3284 
3 3209 3284 3281 
3 3209 3138 3210 
3 3282 3209 3210 
3 3138 3055 3139 
3 3210 3138 3139 
3 3055 2978 3056 
3 3139 3055 3056 
3 2978 3054 3056 
3 3616 3618 3668 
3 3667 3616 3668 
3 3617 3558 3559 
3 3617 3618 3558 
3 3618 3616 3558 
3 3495 3559 3558 
3 3552 3559 3495 
3 3489 3552 3495 
3 3282 3285 3355 
3 3210 3285 3282 
3 3211 3285 3210 
3 3139 3211 3210 
3 3140 3211 3139 
3 3056 3140 3139 
3 3059 3140 3056 
3 3058 3142 3059 
3 2980 3058 3059 
3 2980 3059 3056 
3 2980 3056 3054 
3 2980 2897 2981 
3 3058 2980 2981 
3 2897 2815 2899 
3 2981 2897 2899 
3 2815 2898 2899 
3 3618 3669 3670 
3 3668 3618 3670 
3 3663 3618 3617 
3 3669 3618 3663 
3 3058 3060 3142 
3 2981 3060 3058 
3 2982 3060 2981 
3 2899 2982 2981 
3 2900 2982 2899 
3 2898 2900 2899 
3 2898 2816 2900 
3 2816 2818 2900 
3 2817 2901 2818 
3 2817 2818 2728 
3 2728 2818 2816 
3 2728 2637 2729 
3 2817 2728 2729 
3 2637 2553 2639 
3 2729 2637 2639 
3 2553 2638 2639 
3 3669 3723 3724 
3 3670 3669 3724 
3 3717 3669 3663 
3 3723 3669 3717 
3 2817 2819 2901 
3 2729 2819 2817 
3 2730 2819 2729 
3 2639 2730 2729 
3 2642 2730 2639 
3 2641 2732 2642 
3 2555 2641 2642 
3 2555 2642 2639 
3 2555 2639 2638 
3 2555 2554 2640 
3 2641 2555 2640 
3 2554 2469 2557 
3 2640 2554 2557 
3 2469 2556 2557 
3 3768 3769 3723 
3 3768 3723 3770 
3 3769 3772 3724 
3 3769 3724 3723 
3 3761 3723 3717 
3 3770 3723 3761 
3 2641 2731 2732 
3 2640 2731 2641 
3 2643 2731 2640 
3 2557 2643 2640 
3 2563 2643 2557 
3 2556 2563 2557 
3 2556 2474 2563 
3 2474 2561 2563 
3 2560 2646 2561 
3 2560 2561 2472 
3 2472 2561 2474 
3 2472 2379 2473 
3 2560 2472 2473 
3 2379 2376 2470 
3 2473 2379 2470 
3 2376 2377 2471 
3 2470 2376 2471 
3 2377 2295 2383 
3 2471 2377 2383 
3 2295 2381 2383 
3 3817 3816 3770 
3 3816 3768 3770 
3 3764 3770 3761 
3 3817 3770 3810 
3 3810 3770 3764 
3 2560 2562 2646 
3 2473 2562 2560 
3 2558 2562 2473 
3 2470 2558 2473 
3 2559 2558 2470 
3 2471 2559 2470 
3 2477 2559 2471 
3 2383 2477 2471 
3 2476 2477 2383 
3 2475 2564 2476 
3 2382 2475 2476 
3 2382 2476 2383 
3 2382 2383 2381 
3 2382 2298 2385 
3 2475 2382 2385 
3 2298 2384 2385 
3 3811 3810 3764 
3 3812 3811 3764 
3 2475 2565 2564 
3 2565 2478 2568 
3 2565 2475 2478 
3 2475 2385 2478 
3 2384 2386 2478 
3 2385 2384 2478 
3 2478 2479 2568 
3 2479 2478 2386 
3 2479 2386 2480 
3 2480 2386 2404 
3 2404 2496 2480 
3 2480 2496 2570 
3 2589 2675 2656 
3 2671 2675 2589 
3 2570 2496 2589 
3 2656 2570 2589 
3 2671 2672 2675 
3 2675 2672 2763 
3 2762 2846 2851 
3 2757 2846 2762 
3 2763 2672 2762 
3 2851 2763 2762 
3 2757 2758 2846 
3 2846 2758 2847 
3 2758 2761 2847 
3 2847 2761 2850 
3 2849 2931 2933 
3 2848 2931 2849 
3 2850 2761 2849 
3 2933 2850 2849 
3 2848 2932 2931 
3 2927 2932 2848 
3 2932 2927 3008 
3 3014 2932 3008 
3 3008 3010 3014 
3 3014 3010 3089 
3 3167 3241 3168 
3 3168 3086 3167 
3 3241 3242 3168 
3 3087 3086 3169 
3 3086 3168 3169 
3 3088 3087 3170 
3 3087 3169 3170 
3 3089 3010 3088 
3 3170 3089 3088 
3 3423 3490 3489 
3 3423 3356 3424 
3 3490 3423 3424 
3 3356 3283 3357 
3 3424 3356 3357 
3 3283 3355 3357 
3 3559 3610 3617 
3 3559 3552 3553 
3 3610 3559 3553 
3 3552 3489 3490 
3 3552 3490 3553 
3 3553 3490 3554 
3 3424 3491 3490 
3 3491 3554 3490 
3 3357 3425 3424 
3 3425 3491 3424 
3 3355 3285 3360 
3 3355 3360 3357 
3 3357 3360 3425 
3 3285 3211 3286 
3 3360 3285 3286 
3 3211 3140 3212 
3 3286 3211 3212 
3 3140 3059 3143 
3 3212 3140 3143 
3 3059 3142 3143 
3 3610 3662 3663 
3 3617 3610 3663 
3 3553 3611 3610 
3 3611 3662 3610 
3 3612 3554 3555 
3 3612 3611 3554 
3 3611 3553 3554 
3 3491 3555 3554 
3 3492 3555 3491 
3 3425 3492 3491 
3 3428 3492 3425 
3 3360 3428 3425 
3 3361 3428 3360 
3 3286 3361 3360 
3 3287 3361 3286 
3 3212 3287 3286 
3 3215 3287 3212 
3 3143 3215 3212 
3 3145 3215 3143 
3 3144 3216 3145 
3 3060 3144 3145 
3 3060 3145 3143 
3 3060 3143 3142 
3 3060 2982 3061 
3 3144 3060 3061 
3 2982 2900 2983 
3 3061 2982 2983 
3 2900 2818 2902 
3 2983 2900 2902 
3 2818 2901 2902 
3 3662 3716 3717 
3 3663 3662 3717 
3 3611 3664 3662 
3 3664 3716 3662 
3 3665 3611 3612 
3 3664 3611 3665 
3 3144 3146 3216 
3 3061 3146 3144 
3 3062 3146 3061 
3 2983 3062 3061 
3 2984 3062 2983 
3 2902 2984 2983 
3 2904 2984 2902 
3 2903 2985 2904 
3 2819 2903 2904 
3 2819 2904 2902 
3 2819 2902 2901 
3 2819 2730 2820 
3 2903 2819 2820 
3 2730 2642 2733 
3 2820 2730 2733 
3 2642 2732 2733 
3 3716 3720 3761 
3 3717 3716 3761 
3 3718 3664 3719 
3 3718 3720 3664 
3 3720 3716 3664 
3 3665 3719 3664 
3 2903 2905 2985 
3 2820 2905 2903 
3 2823 2905 2820 
3 2733 2823 2820 
3 2822 2823 2733 
3 2821 2906 2822 
3 2731 2821 2822 
3 2731 2822 2733 
3 2731 2733 2732 
3 2731 2643 2734 
3 2821 2731 2734 
3 2643 2563 2650 
3 2734 2643 2650 
3 2563 2561 2647 
3 2650 2563 2647 
3 2561 2646 2647 
3 3720 3763 3764 
3 3761 3720 3764 
3 3762 3720 3718 
3 3763 3720 3762 
3 2821 2824 2906 
3 2734 2824 2821 
3 2740 2824 2734 
3 2650 2740 2734 
3 2737 2740 2650 
3 2647 2737 2650 
3 2649 2737 2647 
3 2648 2738 2649 
3 2562 2648 2649 
3 2562 2649 2647 
3 2562 2647 2646 
3 2562 2558 2644 
3 2648 2562 2644 
3 2558 2559 2645 
3 2644 2558 2645 
3 2559 2477 2567 
3 2645 2559 2567 
3 2477 2476 2566 
3 2567 2477 2566 
3 2476 2564 2566 
3 3807 3808 3763 
3 3807 3763 3809 
3 3808 3812 3764 
3 3808 3764 3763 
3 3777 3763 3762 
3 3809 3763 3777 
3 2648 2735 2738 
3 2644 2735 2648 
3 2736 2735 2644 
3 2645 2736 2644 
3 2653 2736 2645 
3 2567 2653 2645 
3 2654 2653 2567 
3 2654 2652 2741 
3 2654 2567 2652 
3 2567 2566 2652 
3 2564 2565 2651 
3 2564 2651 2566 
3 2566 2651 2652 
3 2565 2568 2651 
3 3860 3807 3809 
3 3861 3860 3809 
3 3821 3861 3809 
3 3821 3809 3777 
3 3822 3821 3777 
3 3822 3777 3820 
3 2652 2742 2741 
3 2742 2655 2745 
3 2742 2652 2655 
3 2652 2651 2655 
3 2568 2479 2569 
3 2568 2569 2651 
3 2651 2569 2655 
3 2479 2480 2569 
3 3868 3869 3820 
3 3869 3822 3820 
3 2655 2657 2745 
3 2657 2571 2658 
3 2657 2655 2571 
3 2655 2569 2571 
3 2480 2570 2571 
3 2569 2480 2571 
3 2656 2658 2571 
3 2656 2675 2658 
3 2675 2747 2658 
3 2570 2656 2571 
3 2675 2763 2747 
3 2747 2763 2834 
3 2851 2929 2920 
3 2846 2929 2851 
3 2834 2763 2851 
3 2920 2834 2851 
3 2846 2847 2929 
3 2929 2847 2930 
3 2847 2850 2930 
3 2930 2850 2934 
3 2933 3012 3015 
3 2931 3012 2933 
3 2934 2850 2933 
3 3015 2934 2933 
3 2931 3013 3012 
3 2932 3013 2931 
3 3013 2932 3014 
3 3092 3013 3014 
3 3014 3089 3092 
3 3092 3089 3171 
3 3242 3314 3243 
3 3243 3168 3242 
3 3314 3315 3243 
3 3169 3168 3244 
3 3168 3243 3244 
3 3170 3169 3245 
3 3169 3244 3245 
3 3171 3089 3170 
3 3245 3171 3170 
3 3555 3613 3612 
3 3555 3492 3556 
3 3613 3555 3556 
3 3492 3428 3496 
3 3556 3492 3496 
3 3428 3361 3429 
3 3496 3428 3429 
3 3361 3287 3362 
3 3429 3361 3362 
3 3287 3215 3290 
3 3362 3287 3290 
3 3215 3145 3217 
3 3290 3215 3217 
3 3145 3216 3217 
3 3613 3666 3665 
3 3612 3613 3665 
3 3556 3614 3613 
3 3614 3666 3613 
3 3496 3560 3556 
3 3560 3614 3556 
3 3429 3497 3496 
3 3497 3560 3496 
3 3362 3430 3429 
3 3430 3497 3429 
3 3290 3364 3362 
3 3364 3430 3362 
3 3217 3291 3290 
3 3291 3364 3290 
3 3216 3146 3218 
3 3216 3218 3217 
3 3217 3218 3291 
3 3146 3062 3147 
3 3218 3146 3147 
3 3062 2984 3063 
3 3147 3062 3063 
3 2984 2904 2986 
3 3063 2984 2986 
3 2904 2985 2986 
3 3719 3721 3718 
3 3719 3665 3666 
3 3719 3666 3721 
3 3721 3666 3671 
3 3614 3620 3666 
3 3620 3671 3666 
3 3560 3562 3614 
3 3562 3620 3614 
3 3561 3497 3498 
3 3561 3562 3497 
3 3562 3560 3497 
3 3430 3498 3497 
3 3432 3498 3430 
3 3364 3432 3430 
3 3365 3432 3364 
3 3291 3365 3364 
3 3292 3365 3291 
3 3218 3292 3291 
3 3219 3292 3218 
3 3147 3219 3218 
3 3220 3219 3147 
3 3220 3148 3221 
3 3220 3147 3148 
3 3147 3063 3148 
3 2986 3064 3063 
3 3064 3148 3063 
3 2985 2905 2987 
3 2985 2987 2986 
3 2986 2987 3064 
3 2905 2823 2908 
3 2987 2905 2908 
3 2823 2822 2907 
3 2908 2823 2907 
3 2822 2906 2907 
3 3721 3727 3762 
3 3718 3721 3762 
3 3671 3673 3721 
3 3673 3727 3721 
3 3672 3620 3621 
3 3672 3673 3620 
3 3673 3671 3620 
3 3562 3621 3620 
3 3619 3621 3562 
3 3561 3619 3562 
3 3148 3149 3221 
3 3064 3149 3148 
3 3065 3149 3064 
3 2987 3065 3064 
3 3066 3065 2987 
3 3066 2989 3068 
3 3066 2987 2989 
3 2987 2908 2989 
3 2907 2988 2908 
3 2988 2989 2908 
3 2906 2824 2909 
3 2906 2909 2907 
3 2907 2909 2988 
3 2824 2740 2829 
3 2909 2824 2829 
3 2740 2737 2827 
3 2829 2740 2827 
3 2737 2649 2739 
3 2827 2737 2739 
3 2649 2738 2739 
3 3727 3776 3777 
3 3762 3727 3777 
3 3673 3728 3727 
3 3728 3776 3727 
3 3726 3673 3672 
3 3728 3673 3726 
3 2989 3067 3068 
3 2988 3067 2989 
3 2990 3067 2988 
3 2909 2990 2988 
3 2991 2990 2909 
3 2991 2915 2997 
3 2991 2909 2915 
3 2909 2829 2915 
3 2827 2913 2829 
3 2913 2915 2829 
3 2739 2828 2827 
3 2828 2913 2827 
3 2738 2735 2825 
3 2738 2825 2739 
3 2739 2825 2828 
3 2735 2736 2826 
3 2825 2735 2826 
3 2736 2653 2743 
3 2826 2736 2743 
3 2653 2654 2744 
3 2743 2653 2744 
3 2654 2741 2744 
3 3776 3819 3820 
3 3777 3776 3820 
3 3728 3778 3776 
3 3778 3819 3776 
3 3775 3728 3726 
3 3778 3728 3775 
3 2915 2995 2997 
3 2913 2995 2915 
3 2914 2995 2913 
3 2828 2914 2913 
3 2910 2914 2828 
3 2825 2910 2828 
3 2911 2910 2825 
3 2826 2911 2825 
3 2912 2911 2826 
3 2912 2831 2916 
3 2912 2826 2831 
3 2826 2743 2831 
3 2744 2832 2743 
3 2832 2831 2743 
3 2741 2742 2830 
3 2741 2830 2744 
3 2744 2830 2832 
3 2742 2745 2830 
3 3865 3868 3820 
3 3865 3820 3819 
3 3866 3865 3819 
3 3866 3819 3867 
3 3867 3819 3823 
3 3823 3819 3778 
3 3818 3778 3775 
3 3823 3778 3818 
3 2831 2917 2916 
3 2832 2917 2831 
3 2918 2917 2832 
3 2918 2833 2919 
3 2918 2832 2833 
3 2832 2830 2833 
3 2745 2657 2746 
3 2745 2746 2830 
3 2830 2746 2833 
3 2657 2658 2746 
3 3870 3867 3823 
3 3886 3885 3864 
3 3885 3863 3864 
3 3862 3818 3863 
3 3863 3818 3864 
3 3870 3823 3862 
3 3862 3823 3818 
3 3887 3886 3864 
3 3887 3864 3871 
3 2833 2836 2919 
3 2836 2748 2837 
3 2836 2833 2748 
3 2833 2746 2748 
3 2658 2747 2748 
3 2746 2658 2748 
3 3888 3889 3871 
3 3889 3887 3871 
3 3890 3873 3874 
3 2835 2837 2748 
3 2921 2837 2835 
3 2747 2834 2835 
3 2748 2747 2835 
3 3891 3890 3874 
3 2920 2921 2835 
3 2920 2929 2921 
3 2929 3000 2921 
3 2834 2920 2835 
3 2929 2930 3000 
3 3000 2930 3011 
3 2930 2934 3011 
3 3011 2934 3016 
3 3015 3012 3091 
3 3015 3091 3017 
3 3015 3017 2934 
3 2934 3017 3016 
3 3012 3013 3091 
3 3091 3013 3092 
3 3091 3092 3017 
3 3017 3092 3094 
3 3092 3171 3094 
3 3094 3171 3174 
3 3315 3316 3243 
3 3244 3243 3317 
3 3316 3386 3317 
3 3317 3243 3316 
3 3245 3244 3247 
3 3244 3317 3247 
3 3174 3171 3245 
3 3247 3174 3245 
3 3498 3563 3561 
3 3498 3432 3499 
3 3563 3498 3499 
3 3432 3365 3433 
3 3499 3432 3433 
3 3365 3292 3366 
3 3433 3365 3366 
3 3292 3219 3293 
3 3366 3292 3293 
3 3219 3220 3294 
3 3293 3219 3294 
3 3220 3221 3294 
3 3621 3674 3672 
3 3621 3619 3622 
3 3674 3621 3622 
3 3619 3561 3563 
3 3619 3563 3622 
3 3622 3563 3623 
3 3499 3564 3563 
3 3564 3623 3563 
3 3433 3500 3499 
3 3500 3564 3499 
3 3366 3434 3433 
3 3434 3500 3433 
3 3293 3367 3366 
3 3367 3434 3366 
3 3294 3295 3293 
3 3295 3367 3293 
3 3221 3149 3222 
3 3221 3222 3294 
3 3294 3222 3295 
3 3149 3065 3150 
3 3222 3149 3150 
3 3065 3066 3151 
3 3150 3065 3151 
3 3066 3068 3151 
3 3674 3729 3726 
3 3672 3674 3726 
3 3622 3675 3674 
3 3675 3729 3674 
3 3623 3676 3622 
3 3676 3675 3622 
3 3564 3624 3623 
3 3624 3676 3623 
3 3500 3565 3564 
3 3565 3624 3564 
3 3434 3501 3500 
3 3501 3565 3500 
3 3367 3435 3434 
3 3435 3501 3434 
3 3295 3368 3367 
3 3368 3435 3367 
3 3222 3296 3295 
3 3296 3368 3295 
3 3150 3223 3222 
3 3223 3296 3222 
3 3151 3224 3150 
3 3224 3223 3150 
3 3068 3067 3152 
3 3068 3152 3151 
3 3151 3152 3224 
3 3067 2990 3069 
3 3152 3067 3069 
3 2990 2991 3070 
3 3069 2990 3070 
3 2991 2997 3070 
3 3729 3779 3775 
3 3726 3729 3775 
3 3675 3730 3729 
3 3730 3779 3729 
3 3676 3678 3675 
3 3678 3730 3675 
3 3677 3624 3625 
3 3677 3678 3624 
3 3678 3676 3624 
3 3565 3625 3624 
3 3566 3625 3565 
3 3501 3566 3565 
3 3502 3566 3501 
3 3435 3502 3501 
3 3436 3502 3435 
3 3368 3436 3435 
3 3369 3436 3368 
3 3296 3369 3368 
3 3297 3369 3296 
3 3223 3297 3296 
3 3298 3297 3223 
3 3224 3298 3223 
3 3299 3298 3224 
3 3299 3225 3300 
3 3299 3224 3225 
3 3224 3152 3225 
3 3069 3153 3152 
3 3153 3225 3152 
3 3070 3154 3069 
3 3154 3153 3069 
3 2997 2995 3074 
3 2997 3074 3070 
3 3070 3074 3154 
3 2995 2914 2996 
3 3074 2995 2996 
3 2914 2910 2992 
3 2996 2914 2992 
3 2910 2911 2993 
3 2992 2910 2993 
3 2911 2912 2994 
3 2993 2911 2994 
3 2912 2916 2994 
3 3779 3824 3818 
3 3775 3779 3818 
3 3730 3780 3779 
3 3780 3824 3779 
3 3678 3732 3730 
3 3732 3780 3730 
3 3731 3678 3677 
3 3732 3678 3731 
3 3225 3226 3300 
3 3153 3226 3225 
3 3227 3226 3153 
3 3227 3228 3303 
3 3227 3153 3228 
3 3153 3154 3228 
3 3074 3159 3154 
3 3159 3228 3154 
3 2996 3075 3074 
3 3075 3159 3074 
3 2992 3071 2996 
3 3071 3075 2996 
3 2993 3072 2992 
3 3072 3071 2992 
3 2994 3073 2993 
3 3073 3072 2993 
3 2916 2917 2998 
3 2916 2998 2994 
3 2994 2998 3073 
3 2917 2918 2999 
3 2998 2917 2999 
3 2918 2919 2999 
3 3818 3824 3864 
3 3871 3864 3824 
3 3871 3824 3825 
3 3825 3824 3780 
3 3732 3782 3780 
3 3782 3825 3780 
3 3781 3732 3731 
3 3782 3732 3781 
3 3228 3233 3303 
3 3159 3233 3228 
3 3160 3233 3159 
3 3075 3160 3159 
3 3155 3160 3075 
3 3071 3155 3075 
3 3156 3155 3071 
3 3156 3157 3231 
3 3156 3071 3157 
3 3071 3072 3157 
3 3073 3158 3072 
3 3158 3157 3072 
3 2998 3076 3073 
3 3076 3158 3073 
3 2999 3002 2998 
3 3002 3076 2998 
3 2919 2836 2922 
3 2919 2922 2999 
3 2999 2922 3002 
3 2836 2837 2922 
3 3872 3888 3871 
3 3872 3871 3825 
3 3873 3872 3825 
3 3825 3874 3873 
3 3874 3825 3826 
3 3826 3825 3782 
3 3783 3782 3781 
3 3826 3782 3783 
3 3157 3232 3231 
3 3158 3232 3157 
3 3161 3232 3158 
3 3076 3161 3158 
3 3080 3161 3076 
3 3080 3003 3081 
3 3080 3076 3003 
3 3076 3002 3003 
3 2922 2923 3002 
3 2923 3003 3002 
3 2837 2921 2923 
3 2922 2837 2923 
3 3875 3891 3874 
3 3875 3874 3826 
3 3836 3837 3786 
3 3837 3828 3786 
3 3827 3783 3828 
3 3828 3783 3786 
3 3875 3826 3827 
3 3827 3826 3783 
3 3838 3836 3786 
3 3838 3786 3787 
3 3003 3078 3081 
3 3078 3001 3079 
3 3078 3003 3001 
3 3003 2923 3001 
3 2921 3000 3001 
3 2923 2921 3001 
3 3829 3830 3784 
3 3830 3831 3784 
3 3839 3787 3831 
3 3831 3787 3784 
3 3839 3838 3787 
3 3832 3829 3784 
3 3077 3079 3001 
3 3162 3079 3077 
3 3000 3011 3077 
3 3001 3000 3077 
3 3090 3162 3077 
3 3172 3162 3090 
3 3011 3016 3090 
3 3077 3011 3090 
3 3093 3172 3090 
3 3173 3172 3093 
3 3016 3017 3093 
3 3090 3016 3093 
3 3093 3095 3173 
3 3095 3093 3017 
3 3095 3017 3096 
3 3096 3017 3094 
3 3094 3174 3096 
3 3096 3174 3176 
3 3386 3393 3323 
3 3323 3317 3386 
3 3393 3394 3323 
3 3247 3317 3250 
3 3317 3323 3250 
3 3176 3174 3247 
3 3250 3176 3247 
3 3625 3679 3677 
3 3625 3566 3626 
3 3679 3625 3626 
3 3566 3502 3567 
3 3626 3566 3567 
3 3502 3436 3503 
3 3567 3502 3503 
3 3436 3369 3437 
3 3503 3436 3437 
3 3369 3297 3370 
3 3437 3369 3370 
3 3297 3298 3371 
3 3370 3297 3371 
3 3298 3299 3372 
3 3371 3298 3372 
3 3299 3300 3372 
3 3679 3733 3731 
3 3677 3679 3731 
3 3626 3680 3679 
3 3680 3733 3679 
3 3567 3627 3626 
3 3627 3680 3626 
3 3503 3568 3567 
3 3568 3627 3567 
3 3437 3504 3503 
3 3504 3568 3503 
3 3370 3438 3437 
3 3438 3504 3437 
3 3371 3439 3370 
3 3439 3438 3370 
3 3372 3373 3371 
3 3373 3439 3371 
3 3300 3226 3301 
3 3300 3301 3372 
3 3372 3301 3373 
3 3226 3227 3302 
3 3301 3226 3302 
3 3227 3303 3302 
3 3733 3734 3781 
3 3731 3733 3781 
3 3680 3682 3733 
3 3682 3734 3733 
3 3627 3629 3680 
3 3629 3682 3680 
3 3628 3568 3569 
3 3628 3629 3568 
3 3629 3627 3568 
3 3504 3569 3568 
3 3505 3569 3504 
3 3438 3505 3504 
3 3506 3505 3438 
3 3439 3506 3438 
3 3507 3506 3439 
3 3507 3440 3508 
3 3507 3439 3440 
3 3439 3373 3440 
3 3301 3374 3373 
3 3374 3440 3373 
3 3302 3375 3301 
3 3375 3374 3301 
3 3303 3233 3307 
3 3303 3307 3302 
3 3302 3307 3375 
3 3233 3160 3234 
3 3307 3233 3234 
3 3160 3155 3229 
3 3234 3160 3229 
3 3155 3156 3230 
3 3229 3155 3230 
3 3156 3231 3230 
3 3734 3736 3783 
3 3781 3734 3783 
3 3682 3684 3734 
3 3684 3736 3734 
3 3683 3629 3681 
3 3683 3684 3629 
3 3684 3682 3629 
3 3628 3681 3629 
3 3440 3441 3508 
3 3374 3441 3440 
3 3442 3441 3374 
3 3375 3442 3374 
3 3443 3442 3375 
3 3443 3380 3448 
3 3443 3375 3380 
3 3375 3307 3380 
3 3234 3308 3307 
3 3308 3380 3307 
3 3229 3304 3234 
3 3304 3308 3234 
3 3230 3305 3229 
3 3305 3304 3229 
3 3231 3232 3306 
3 3231 3306 3230 
3 3230 3306 3305 
3 3232 3161 3235 
3 3306 3232 3235 
3 3161 3080 3165 
3 3235 3161 3165 
3 3080 3081 3165 
3 3783 3736 3786 
3 3787 3786 3736 
3 3787 3736 3737 
3 3737 3736 3684 
3 3735 3684 3683 
3 3737 3684 3735 
3 3380 3381 3448 
3 3308 3381 3380 
3 3376 3381 3308 
3 3304 3376 3308 
3 3377 3376 3304 
3 3305 3377 3304 
3 3378 3377 3305 
3 3306 3378 3305 
3 3379 3378 3306 
3 3379 3309 3382 
3 3379 3306 3309 
3 3306 3235 3309 
3 3165 3238 3235 
3 3238 3309 3235 
3 3081 3078 3163 
3 3081 3163 3165 
3 3165 3163 3238 
3 3078 3079 3163 
3 3787 3737 3784 
3 3833 3785 3834 
3 3834 3785 3835 
3 3833 3832 3784 
3 3833 3784 3785 
3 3784 3735 3785 
3 3784 3737 3735 
3 3785 3788 3835 
3 3309 3312 3382 
3 3238 3312 3309 
3 3239 3312 3238 
3 3239 3164 3240 
3 3239 3238 3164 
3 3238 3163 3164 
3 3079 3162 3164 
3 3163 3079 3164 
3 3876 3834 3835 
3 3878 3877 3842 
3 3877 3841 3842 
3 3840 3788 3841 
3 3841 3788 3842 
3 3876 3835 3840 
3 3840 3835 3788 
3 3879 3878 3842 
3 3879 3842 3843 
3 3164 3236 3240 
3 3236 3164 3162 
3 3236 3162 3237 
3 3237 3162 3172 
3 3880 3881 3843 
3 3881 3879 3843 
3 3883 3882 3846 
3 3882 3845 3846 
3 3884 3883 3846 
3 3172 3173 3237 
3 3237 3173 3246 
3 3851 3852 3793 
3 3852 3850 3793 
3 3853 3851 3793 
3 3173 3175 3246 
3 3095 3175 3173 
3 3175 3095 3096 
3 3177 3175 3096 
3 3096 3176 3177 
3 3177 3176 3251 
3 3394 3462 3395 
3 3395 3323 3394 
3 3462 3463 3395 
3 3250 3323 3324 
3 3323 3395 3324 
3 3251 3176 3250 
3 3324 3251 3250 
3 3569 3630 3628 
3 3569 3505 3570 
3 3630 3569 3570 
3 3505 3506 3571 
3 3570 3505 3571 
3 3506 3507 3572 
3 3571 3506 3572 
3 3507 3508 3572 
3 3681 3685 3683 
3 3681 3628 3630 
3 3681 3630 3685 
3 3685 3630 3686 
3 3570 3631 3630 
3 3631 3686 3630 
3 3571 3632 3570 
3 3632 3631 3570 
3 3572 3573 3571 
3 3573 3632 3571 
3 3508 3441 3509 
3 3508 3509 3572 
3 3572 3509 3573 
3 3441 3442 3510 
3 3509 3441 3510 
3 3442 3443 3511 
3 3510 3442 3511 
3 3443 3448 3511 
3 3685 3738 3735 
3 3683 3685 3735 
3 3686 3739 3685 
3 3739 3738 3685 
3 3631 3687 3686 
3 3687 3739 3686 
3 3632 3688 3631 
3 3688 3687 3631 
3 3573 3633 3632 
3 3633 3688 3632 
3 3509 3574 3573 
3 3574 3633 3573 
3 3510 3575 3509 
3 3575 3574 3509 
3 3511 3516 3510 
3 3516 3575 3510 
3 3448 3381 3449 
3 3448 3449 3511 
3 3511 3449 3516 
3 3381 3376 3444 
3 3449 3381 3444 
3 3376 3377 3445 
3 3444 3376 3445 
3 3377 3378 3446 
3 3445 3377 3446 
3 3378 3379 3447 
3 3446 3378 3447 
3 3379 3382 3447 
3 3735 3738 3785 
3 3788 3785 3738 
3 3788 3738 3789 
3 3789 3738 3739 
3 3687 3740 3739 
3 3740 3789 3739 
3 3688 3741 3687 
3 3741 3740 3687 
3 3633 3689 3688 
3 3689 3741 3688 
3 3574 3634 3633 
3 3634 3689 3633 
3 3635 3575 3580 
3 3635 3634 3575 
3 3634 3574 3575 
3 3516 3580 3575 
3 3517 3580 3516 
3 3449 3517 3516 
3 3512 3517 3449 
3 3444 3512 3449 
3 3513 3512 3444 
3 3513 3514 3578 
3 3513 3444 3514 
3 3444 3445 3514 
3 3446 3515 3445 
3 3515 3514 3445 
3 3447 3453 3446 
3 3453 3515 3446 
3 3382 3312 3385 
3 3382 3385 3447 
3 3447 3385 3453 
3 3312 3239 3313 
3 3385 3312 3313 
3 3239 3240 3313 
3 3788 3789 3842 
3 3843 3842 3789 
3 3843 3789 3790 
3 3790 3789 3740 
3 3741 3791 3740 
3 3791 3790 3740 
3 3689 3742 3741 
3 3742 3791 3741 
3 3634 3690 3689 
3 3690 3742 3689 
3 3691 3634 3635 
3 3690 3634 3691 
3 3514 3579 3578 
3 3515 3579 3514 
3 3519 3579 3515 
3 3453 3519 3515 
3 3454 3519 3453 
3 3385 3454 3453 
3 3450 3454 3385 
3 3450 3383 3451 
3 3450 3385 3383 
3 3385 3313 3383 
3 3240 3236 3310 
3 3240 3310 3313 
3 3313 3310 3383 
3 3236 3237 3310 
3 3844 3880 3843 
3 3844 3843 3790 
3 3845 3844 3790 
3 3790 3846 3845 
3 3791 3846 3790 
3 3884 3846 3847 
3 3847 3846 3791 
3 3847 3791 3848 
3 3848 3791 3792 
3 3792 3791 3742 
3 3690 3743 3742 
3 3743 3792 3742 
3 3744 3690 3691 
3 3743 3690 3744 
3 3383 3384 3451 
3 3384 3311 3318 
3 3384 3383 3311 
3 3383 3310 3311 
3 3237 3246 3311 
3 3310 3237 3311 
3 3849 3848 3792 
3 3850 3849 3792 
3 3792 3793 3850 
3 3743 3793 3792 
3 3855 3854 3794 
3 3854 3853 3793 
3 3854 3793 3794 
3 3793 3744 3794 
3 3793 3743 3744 
3 3797 3749 3798 
3 3798 3749 3795 
3 3797 3855 3794 
3 3797 3794 3749 
3 3795 3745 3796 
3 3749 3745 3795 
3 3745 3746 3796 
3 3311 3248 3318 
3 3246 3248 3311 
3 3246 3175 3248 
3 3175 3249 3248 
3 3249 3175 3177 
3 3252 3249 3177 
3 3856 3798 3795 
3 3857 3856 3795 
3 3858 3857 3795 
3 3795 3796 3858 
3 3796 3746 3752 
3 3800 3858 3796 
3 3800 3796 3752 
3 3799 3800 3752 
3 3750 3751 3700 
3 3799 3752 3751 
3 3751 3752 3700 
3 3697 3698 3642 
3 3698 3699 3642 
3 3750 3700 3699 
3 3699 3700 3642 
3 3643 3697 3642 
3 3643 3642 3584 
3 3177 3251 3252 
3 3252 3251 3325 
3 3644 3643 3584 
3 3587 3588 3522 
3 3588 3586 3522 
3 3523 3524 3457 
3 3587 3522 3524 
3 3524 3522 3457 
3 3463 3525 3458 
3 3458 3395 3463 
3 3523 3457 3525 
3 3525 3457 3458 
3 3324 3395 3396 
3 3395 3458 3396 
3 3325 3251 3324 
3 3396 3325 3324 
3 3580 3639 3635 
3 3580 3517 3581 
3 3639 3580 3581 
3 3517 3512 3576 
3 3581 3517 3576 
3 3512 3513 3577 
3 3576 3512 3577 
3 3513 3578 3577 
3 3639 3694 3691 
3 3635 3639 3691 
3 3581 3640 3639 
3 3640 3694 3639 
3 3576 3636 3581 
3 3636 3640 3581 
3 3577 3637 3576 
3 3637 3636 3576 
3 3578 3579 3638 
3 3578 3638 3577 
3 3577 3638 3637 
3 3579 3519 3582 
3 3638 3579 3582 
3 3519 3454 3518 
3 3582 3519 3518 
3 3454 3450 3452 
3 3518 3454 3452 
3 3450 3451 3452 
3 3694 3748 3744 
3 3691 3694 3744 
3 3640 3695 3694 
3 3695 3748 3694 
3 3636 3692 3640 
3 3692 3695 3640 
3 3637 3693 3636 
3 3693 3692 3636 
3 3638 3641 3637 
3 3641 3693 3637 
3 3591 3582 3528 
3 3591 3641 3582 
3 3641 3638 3582 
3 3518 3528 3582 
3 3461 3528 3518 
3 3452 3461 3518 
3 3392 3461 3452 
3 3321 3390 3392 
3 3384 3321 3392 
3 3384 3392 3452 
3 3384 3452 3451 
3 3384 3318 3321 
3 3744 3748 3794 
3 3749 3794 3748 
3 3695 3749 3748 
3 3745 3749 3695 
3 3692 3745 3695 
3 3746 3745 3692 
3 3746 3692 3747 
3 3747 3692 3693 
3 3641 3696 3693 
3 3696 3747 3693 
3 3645 3641 3591 
3 3645 3646 3641 
3 3646 3696 3641 
3 3645 3590 3646 
3 3321 3320 3390 
3 3319 3387 3320 
3 3248 3319 3320 
3 3248 3320 3321 
3 3248 3321 3318 
3 3248 3249 3322 
3 3319 3248 3322 
3 3249 3252 3322 
3 3746 3747 3752 
3 3700 3752 3747 
3 3696 3700 3747 
3 3642 3700 3696 
3 3646 3642 3696 
3 3584 3583 3521 
3 3642 3583 3584 
3 3642 3590 3583 
3 3642 3646 3590 
3 3521 3520 3456 
3 3583 3520 3521 
3 3456 3455 3388 
3 3520 3455 3456 
3 3387 3388 3455 
3 3387 3319 3388 
3 3319 3389 3388 
3 3322 3326 3319 
3 3326 3389 3319 
3 3252 3325 3326 
3 3322 3252 3326 
3 3585 3644 3584 
3 3585 3584 3521 
3 3586 3585 3521 
3 3521 3522 3586 
3 3456 3522 3521 
3 3457 3522 3456 
3 3388 3457 3456 
3 3458 3457 3388 
3 3389 3458 3388 
3 3396 3458 3389 
3 3326 3396 3389 
3 3325 3396 3326 
3 3528 3589 3591 
3 3528 3461 3526 
3 3589 3528 3526 
3 3461 3392 3459 
3 3526 3461 3459 
3 3392 3390 3459 
3 3591 3589 3645 
3 3590 3645 3589 
3 3590 3589 3527 
3 3527 3589 3526 
3 3459 3460 3526 
3 3460 3527 3526 
3 3390 3320 3391 
3 3390 3391 3459 
3 3459 3391 3460 
3 3320 3387 3391 
3 3590 3527 3583 
3 3520 3583 3527 
3 3460 3520 3527 
3 3455 3520 3460 
3 3391 3455 3460 
3 3387 3455 3391 

POINT_DATA 3892
SCALARS Selection float
LOOKUP_TABLE default
0.992477 0.98626 0.945838 1.01656 0.977344 0.880053 1.0561 0.855627 1.03619 
0.993657 0.861235 0.653801 0.703696 1.12948 1.19166 1.22008 0.931029 0.623208 
0.778726 1.20713 1.07911 1.04243 1.03532 0.845694 0.630282 0.530127 0.373516 
1.19299 1.27542 1.29262 1.29258 1.33452 0.935672 0.366672 0.596654 0.793355 
1.34253 1.303 1.10322 1.13826 0.973873 1.20441 0.874487 0.699057 0.401602 
0.120496 0.108407 1.30669 1.37065 1.40527 1.34923 1.4067 0.983209 0.187378 
0.441311 0.732322 1.45352 1.46666 1.44232 1.2572 1.42077 0.953857 1.15233 
1.33207 1.30054 0.717114 0.470229 0.183348 6.93889e-18 6.93889e-18 0 0 
0.0193584 1.40446 1.48676 1.5343 1.52113 1.00678 1.14632 0.105262 0.340879 
0.598681 0.826937 1.56221 1.5369 1.53002 1.42368 1.31535 1.43666 1.55306 
1.10382 0.996688 0.862983 1.21377 1.45599 1.48881 1.32094 1.42476 0.735062 
0.541918 0.27825 0 0 -3.46945e-18 3.46945e-18 1.60545 1.66838 1.71963 
1.64166 1.17002 1.03813 1.1868 0 6.93889e-18 0.273595 0.531618 0.776932 
1.60779 1.62565 1.47652 1.35998 1.54028 1.60553 1.70641 1.70147 1.13805 
0.990874 0.8598 1.52195 1.60707 1.25141 1.422 1.47841 0.650049 0.372383 
0.124922 0 1.75705 1.83542 1.76645 1.89294 1.69808 0.925797 1.21569 
1.10897 1.24977 6.93889e-18 0.225368 0.487292 0.732954 1.561 1.46077 1.73898 
1.76578 1.80902 1.81841 1.83317 1.04647 0.863495 1.6018 1.728 1.29289 
1.36283 1.17136 1.45195 1.54195 1.56611 0.700011 0.446162 0.188186 0 
-1.73472e-18 0.00950231 1.86617 2.00962 1.9225 2.00143 0.94486 1.17455 1.28697 
0 0 0.207159 0.455212 0.716776 1.70256 1.40916 1.64592 1.92385 
1.95431 1.97729 1.98817 1.97308 0.885999 0.99647 1.69946 1.83399 1.36701 
1.2684 1.14406 1.46135 1.53228 1.60528 1.67183 0.789825 0.544148 0.229622 
0 0 3.46945e-18 0 1.97024 2.12714 2.09846 2.10703 0.978093 
1.278 0 6.93889e-18 0.179299 0.416837 0.685363 1.8819 1.56916 1.82586 
2.11471 2.15208 2.17507 2.17777 2.15418 0.923892 1.81373 1.94019 1.33517 
1.08743 1.23061 1.49574 1.57318 1.68716 1.83322 0.671909 0.43131 0.205908 
0 0 2.08745 2.23542 2.23721 2.23161 0.896956 1.1036 1.23918 
1.41171 0 -6.93889e-18 0.0999398 0.358169 0.631312 2.062 1.58935 1.76777 
1.99063 2.30024 2.35181 2.38373 2.3892 2.32783 0.987191 0.791057 1.923 
2.01781 1.39919 1.13109 1.30237 1.57574 1.64687 1.80188 1.96353 2.00113 
0.550152 0.394124 3.46945e-18 -3.46945e-18 0.158212 0.387142 2.12946 2.24689 2.35984 
2.34849 2.37095 0.860961 1.08622 1.27075 1.46823 6.93889e-18 -1.38778e-17 0 
0.0705038 0.292256 0.563076 2.22365 1.69095 1.9072 2.13629 2.46336 2.54111 
2.57695 2.51944 2.44381 0.983459 0.79839 0.619924 1.48901 1.19775 1.39562 
1.6862 1.75422 1.92715 2.07128 2.14128 0 0.301635 0.110099 0 
0.493345 2.29854 2.38387 2.50162 2.47599 2.51296 0.75819 0.961989 1.09993 
1.26966 1.40846 1.58387 0 0 0.036665 0.223377 0.486147 2.37159 
1.79571 2.04006 2.26997 2.61329 2.70383 2.70422 2.64961 2.57618 0.896471 
1.10431 0.690602 1.60383 1.30382 1.51769 1.81728 1.88234 2.06475 2.23422 
2.30223 0.378939 0.199707 -1.38778e-17 0 0 0.581033 2.41281 2.4965 
2.67661 2.62175 2.66524 0.710298 0.957558 1.10772 1.2151 1.46395 1.63089 
3.46945e-18 -3.46945e-18 0.114936 0.388291 2.50269 1.72467 1.93137 2.15612 2.37232 
2.73944 2.85591 2.84027 2.77047 2.73656 0.740761 0.919305 1.05396 1.21869 
1.7396 1.43613 1.66498 1.95693 2.02563 2.21843 2.41582 2.41958 0.590141 
0.393834 0.251104 0.136195 0 2.54839 2.68474 2.80479 2.75965 2.88161 
2.83231 0.603319 0.807208 0.967637 1.13674 1.34737 1.54253 -6.93889e-18 -6.93889e-18 
0.207791 0.401136 2.60114 1.61326 1.78746 2.06962 1.914 2.24491 2.45987 
2.83968 2.97563 3.00085 2.90444 2.86265 0.756353 0.81166 0.931152 1.03791 
1.13791 1.30844 1.88143 1.47879 1.62047 1.8132 2.06883 2.18435 2.35202 
2.57411 2.52849 2.60436 0.696723 0.563588 0.38189 0.154684 -6.93889e-18 2.71839 
2.86742 2.96315 3.0851 3.00893 3.01375 0.526907 0.789638 0.953268 1.03942 
1.24659 1.41426 -6.93889e-18 0.299222 0.112425 2.69544 1.4347 1.74397 1.61062 
2.11351 1.78854 1.97841 2.3209 2.55036 2.94172 3.08035 3.18514 3.10206 
0.732244 1.06381 0.803841 1.16 1.29155 2.03175 1.62938 1.39281 1.72566 
1.9599 2.25926 2.37111 2.73872 2.49176 2.68604 2.74946 0.565829 0.356043 
0.220473 0.0510368 0 0 2.91298 3.05719 3.15384 3.28356 3.20043 
3.20719 0.273774 0.540839 0.79088 1.0572 1.24993 -6.93889e-18 -6.93889e-18 0.04144 
2.79744 1.26284 1.42662 1.64637 2.18433 1.84698 2.05186 2.40843 2.65223 
3.04967 3.1873 3.31521 3.29842 0.921053 1.09938 1.24681 1.30397 0.629508 
0.771775 2.19245 1.80615 1.53603 1.88021 2.12042 2.44448 2.87508 2.62466 
2.81438 2.87876 2.92238 0.474737 0.328251 0.207625 5.20417e-18 0 0.0161513 
0.225161 0 3.04459 3.10296 3.23828 3.35181 3.47813 3.3982 3.41292 
0.23554 0.0429295 0.440031 0.684361 0.880305 1.00241 1.13252 3.46945e-18 0 
2.91218 1.23938 1.27822 1.49526 1.71293 2.27214 1.92393 2.14158 2.51061 
2.76586 3.16131 3.28977 3.42465 3.49899 0.846027 1.03805 1.26989 1.31516 
1.45818 0.651426 0.472341 0.728833 2.32337 1.66326 1.87964 2.0311 2.06258 
2.2996 2.64984 2.53894 2.79214 3.00254 3.0311 3.04846 0 0.140972 
-6.93889e-18 -5.20417e-18 0.357493 3.18865 3.25263 3.37516 3.54315 3.65334 3.5897 
3.51897 3.616 0.131439 0.32445 0 6.93889e-18 0 0.606062 0.846531 
1.06388 3.05563 1.09032 1.32801 1.57326 1.80277 2.37984 2.01512 2.24821 
2.62496 2.86373 3.26585 3.37043 3.50864 3.66336 0.855713 0.711803 0.612983 
0.867709 1.09532 1.23698 1.44133 1.51314 1.65746 2.06886 1.79408 2.16637 
2.24775 2.4933 2.74184 2.96636 3.15919 3.21121 3.20273 0.19875 -6.93889e-18 
0.486754 3.37382 3.41956 3.69116 3.80971 3.73914 3.54109 3.70061 3.77174 
0 0.100862 0.273664 0.528641 0.823884 3.29964 3.11307 0.912361 1.03068 
1.16222 1.25516 1.41683 1.71421 1.54397 1.89421 2.52648 2.11387 2.3559 
2.73471 2.89813 3.40523 3.53646 3.70282 3.83609 0.778514 0.644134 0.902079 
0.736244 0.973366 1.13753 1.29126 1.35629 1.60903 1.69881 2.26052 1.97956 
2.34741 2.42766 2.68038 2.93865 3.10786 3.27603 3.33188 3.33104 3.37017 
0.374803 0.12885 3.46945e-18 0 3.45719 3.55385 3.93671 3.91695 3.62804 
3.82544 3.86144 3.7913 3.67427 8.67362e-19 -6.93889e-18 0.030955 0.237892 0.45459 
0.709442 3.49858 3.41467 3.00445 3.23538 0.880506 1.06782 1.15509 1.35699 
1.75646 1.38365 1.59467 1.9837 2.77319 2.6106 2.2216 2.44913 3.65386 
3.85004 3.76608 0.515546 0.819648 0.633498 0.908957 1.07691 1.29302 1.39762 
1.51168 1.79821 1.89654 2.44191 2.18108 2.53736 2.61028 2.82487 3.13607 
3.03727 3.25023 3.42238 3.44699 3.46965 0.273598 0 6.93889e-18 0.0322973 
3.5961 3.94036 4.01738 3.96778 3.89876 3.72334 3.83615 0 -6.93889e-18 
0.106887 -3.46945e-18 0.352048 0.649699 3.60318 3.65809 3.43453 2.87393 3.11565 
3.28852 0.884372 0.919241 1.19231 1.82135 1.43882 1.62222 2.12674 2.70407 
2.33038 2.49291 3.71658 3.81482 0.416307 0.732415 0.554336 0.914996 0.723386 
1.03272 1.22551 1.45788 1.55653 1.67626 1.99717 2.14603 2.36211 2.552 
2.72615 2.80071 3.00167 3.21162 3.32842 3.57247 3.49822 3.36153 3.56597 
3.56051 0.195327 6.93889e-18 0 -3.46945e-18 0.0303941 3.6826 3.96682 3.85918 
4.01317 3.98724 3.80143 3.9458 1.38778e-17 0.0769799 0.357121 0.62322 3.77025 
3.57059 3.38557 3.02857 3.22566 0.715876 0.850284 1.00426 1.11787 1.30257 
1.73113 1.96802 1.51792 2.37606 2.22681 2.61022 2.86539 0.326774 0.477811 
0.830853 0.628733 0.990455 1.18828 1.39253 1.6455 1.7423 1.86326 2.19634 
2.33173 2.4654 2.71865 2.95381 3.18822 3.58822 3.6426 3.67622 3.43836 
3.54263 3.33543 0.128173 -3.46945e-18 6.93889e-18 3.93101 3.89633 3.75534 3.82501 
3.89241 3.95271 3.90744 6.93889e-18 0 0 0.0509459 0.256549 0.506756 
3.78204 3.65838 3.47559 3.26806 3.1164 0.679681 0.917322 1.14378 1.37974 
1.62113 1.84409 2.08556 2.48204 2.34138 2.73418 2.97254 0.201337 0.427004 
0.843364 0.665885 0.926731 1.11319 1.26491 1.37045 1.57835 1.85862 1.94838 
2.06517 2.39665 2.52417 2.63844 2.89908 3.08928 3.23626 3.64898 3.70018 
3.36023 3.4508 3.59126 0 3.83337 3.76631 3.90632 3.84011 -6.93889e-18 
6.93889e-18 0.159454 0.432712 3.73406 3.59715 3.48234 3.33688 3.18632 0.662761 
0.946376 1.17424 1.53256 1.35178 1.72347 1.95361 2.19986 2.60065 2.4563 
2.84582 3.03594 0.179868 -3.46945e-18 0 0.504486 0.320888 0.761065 0.625212 
1.08216 0.942364 0.69576 1.20174 1.32657 1.38248 1.4777 1.61466 1.81401 
2.08346 2.16473 2.27272 2.58512 2.70754 2.82283 3.07045 3.25805 3.70901 
3.35796 3.46024 3.53472 3.59753 3.65161 3.84555 3.81559 3.69752 0 
0 0.159006 0.368598 3.59905 3.53458 3.44724 3.34718 3.27328 3.15505 
0.548805 0.762007 0.899638 1.03878 1.15657 1.581 1.20698 1.41936 1.82038 
2.06917 2.30347 2.71888 2.55741 2.95732 0.169449 0.000821506 -8.67362e-19 0.458674 
0.180268 1.18055 1.05711 0.979748 0.828717 0.563472 0.404322 1.31931 1.45335 
1.47317 1.60936 1.79659 2.03137 2.29992 2.3766 2.4763 2.76988 2.83598 
3.00848 3.21757 3.71205 3.77821 3.34693 3.48704 3.5535 3.65218 3.856 
3.8367 3.74696 3.70113 3.63139 0 0.0624959 0.292557 3.53911 3.43672 
3.3776 3.33855 3.27583 3.06198 3.18943 0.483124 0.740526 0.981256 1.6521 
1.03839 1.27545 1.45372 1.96911 2.18345 2.34999 2.84513 2.46435 2.71731 
-7.69784e-18 2.38524e-18 1.30104e-18 0 0.203714 0.00757425 5.20417e-18 1.02621 1.19879 
0.855045 0.666714 0.317181 0.446757 1.41268 1.58495 1.77351 1.99472 2.24533 
2.50517 2.5698 2.66408 2.95335 3.04099 3.2131 3.78344 3.44182 3.35476 
3.19658 3.53574 3.59132 3.70983 3.77229 3.63841 -3.46945e-18 -1.38778e-17 -3.46945e-18 
0.176478 3.5205 3.44436 3.40437 3.35915 3.35447 3.33486 3.22153 3.25726 
3.3193 2.97842 3.13984 0.347089 0.54516 0.757834 1.56122 1.79825 0.849937 
1.01633 1.16024 1.36481 2.22636 2.06247 2.32193 2.57281 2.80981 0.116706 
-1.38778e-17 -2.60209e-18 -7.80626e-18 1.01722 1.01777 1.23241 1.37395 0.941225 0.830201 
0.612934 0.177183 0.346723 1.54353 1.73787 1.95744 2.20098 2.45413 2.69548 
2.7504 2.79668 3.12761 3.00193 3.78146 3.43966 3.49023 3.2737 3.40911 
3.54189 3.59239 3.64439 3.76281 3.62361 0 0 0.162104 3.53001 
3.4898 3.39995 3.41267 3.4859 3.38227 3.31485 3.31495 3.36371 3.15149 
3.27371 3.21467 3.00207 0.25973 0.482122 0.658622 1.45475 1.66508 1.90546 
0.644525 0.811224 0.991161 1.28839 1.12901 2.15678 2.41747 2.63948 2.88746 
2.75945 0 1.0312 0.843963 1.09946 1.26464 1.41828 1.475 0.672921 
0.466859 0.162675 0 0 0.247499 1.68354 1.90902 2.15421 2.40816 
2.65425 2.87846 2.88997 3.15713 3.18229 3.07502 3.72361 3.64266 3.5049 
3.39468 3.31612 3.48871 3.61307 3.65813 3.71479 3.77853 3.56375 0 
0.0812236 3.43707 3.57676 3.51331 3.27791 3.31618 3.26055 3.37001 3.1303 
3.20329 3.03683 2.91286 0.0775154 0.26192 0.439105 1.33148 1.53568 1.7604 
2.00006 0.607366 0.790835 0.947087 0.981759 1.18867 2.21634 2.5742 2.37974 
2.61637 2.77279 0.941369 0.785238 0.603032 1.01243 1.18119 1.43368 1.52133 
1.61339 0.343884 0.0815557 0 0.131954 1.8441 2.09543 2.35535 2.6072 
2.83847 3.06056 3.21046 3.22926 3.60015 3.71081 3.76073 3.59025 3.40259 
3.46448 3.41939 3.36622 3.51242 3.567 3.70211 0 -6.93889e-18 3.49655 
3.42061 3.52889 3.54008 3.34565 3.2737 3.19869 3.1304 3.10079 3.12474 
2.9769 2.99714 3.06494 2.92275 2.82952 0 -1.38778e-17 0 0.165782 
0.379526 1.40868 1.62079 1.85458 2.10408 0.556401 0.801164 1.00836 1.31666 
1.155 2.20932 2.46381 2.67426 0.845954 0.674756 0.44702 0.953915 0.798961 
1.0628 1.22134 1.339 1.48093 1.64423 1.68547 1.76461 0.21356 6.93889e-18 
-6.93889e-18 0.0629328 6.93889e-18 2.02185 2.28823 2.54992 2.78358 2.98055 3.20637 
3.14262 3.3165 3.60124 3.85427 3.67355 3.61802 3.68461 3.53334 3.49552 
3.45305 3.43836 3.64497 3.60503 3.75248 3.52263 3.37935 3.63588 3.33143 
3.24164 3.1973 3.16226 3.05655 3.07358 3.14445 2.9506 2.98937 2.92579 
2.87399 2.74102 -3.46945e-18 0.0470691 0.246634 1.48938 1.70487 1.94838 0.420067 
0.618289 0.720982 0.879577 1.01765 1.36054 0.997968 1.26149 1.10485 2.0338 
2.2988 2.55346 0.566808 0.313124 0.919534 0.729327 1.00949 1.20388 1.34662 
1.37729 1.48466 1.63369 1.82835 1.87365 1.94196 0.0381841 -6.93889e-18 2.20913 
2.47195 2.73487 2.91154 3.06699 3.23562 3.23922 3.42906 3.35893 3.7713 
3.90755 3.78575 3.73087 3.56319 3.53657 3.52659 3.68346 3.65106 3.63261 
3.43756 3.56796 3.65305 3.73653 3.39151 3.31509 3.17684 3.26266 3.32179 
3.03228 3.10806 3.01997 2.9052 2.95094 2.81738 2.65219 0 6.93889e-18 
6.93889e-18 0 0.20843 1.55716 1.78399 0.311202 0.552879 0.701395 0.842013 
1.42017 0.949508 1.28437 0.956838 1.13851 1.85982 2.09675 2.45006 2.25533 
0.452197 0.204335 0.809027 0.594837 1.10141 0.946829 0.767609 1.30425 1.46329 
1.61868 1.79943 2.01791 2.06624 2.13134 0 3.46945e-18 0.0237143 0 
2.39017 2.60664 2.91407 2.81094 2.96454 3.20598 3.14159 2.99944 3.30605 
3.44186 3.49309 3.41525 3.8259 3.80372 3.87196 3.96744 3.79687 3.63902 
3.55468 3.6069 3.75121 3.46914 3.68175 3.49185 3.60999 3.70816 3.80173 
3.41356 3.17538 3.35207 3.18926 3.29926 3.43832 3.05533 3.13599 3.00406 
2.90615 2.86197 2.92767 2.9613 2.8114 2.76329 2.46378 2.75029 2.71204 
2.59164 0 0.105436 1.62035 0.0983957 0.278122 0.496267 0.654856 0.803221 
1.47525 1.34991 0.766088 0.958865 1.26082 1.1025 1.66172 2.02453 1.81847 
2.08821 2.34757 0.331417 0.116322 0.480548 1.25322 1.07591 0.876822 0.630948 
1.43256 1.59534 1.77425 1.98222 2.21643 2.26225 2.32146 3.46945e-18 -6.93889e-18 
2.56508 2.70329 2.89381 3.23518 3.03682 3.25608 3.20372 3.06152 3.39623 
3.33471 3.51596 3.48893 3.92379 3.89891 4.00848 3.67995 3.73093 3.63686 
3.79352 3.51726 3.73482 3.64919 3.85878 3.2174 3.47562 3.28099 3.61616 
3.05929 3.09954 3.17969 3.04252 2.89863 2.85572 2.93335 2.95918 2.83962 
2.78683 2.7579 2.5142 2.67972 0 -6.93889e-18 0 6.93889e-18 0.0633533 
0.251752 0.438836 0.59178 1.55819 1.43413 0.513277 0.658294 0.834625 0.940682 
1.30865 0.974685 1.18112 1.65496 1.91958 2.16368 2.34355 0.174889 0 
0.396655 1.1245 1.30301 1.41332 0.983691 0.842805 0.624792 1.56276 1.74368 
1.95035 2.17953 2.42083 2.45936 2.5052 2.68968 2.88341 3.28879 3.17111 
3.27653 3.04789 3.3997 3.44955 3.36235 3.60564 3.50865 3.56364 4.04616 
3.96146 3.78712 4.06514 3.72563 3.84871 3.80736 3.61609 3.41464 3.57523 
3.64412 3.33247 3.74067 3.11722 3.17733 3.02368 3.10483 2.90381 2.93529 
2.87656 2.99419 2.87381 2.83602 2.87209 2.82543 2.58309 2.7801 6.93889e-18 
6.93889e-18 0.146032 -3.46945e-18 0.333548 1.51969 0.279081 0.428733 0.568637 0.803387 
1.40865 0.809437 1.01597 1.33672 1.18721 1.72273 2.10839 1.90872 2.19817 
2.47001 0.133289 0 6.93889e-18 0.356155 1.14884 0.952092 1.2547 1.43248 
1.50417 0.737248 0.521039 1.69827 1.91095 2.14421 2.38243 2.63195 2.65276 
2.80391 2.98564 3.0949 3.27951 3.23433 3.13837 3.3532 3.46818 3.44609 
3.63877 3.69524 3.59156 4.07411 3.87626 4.08219 3.98797 4.16259 3.76176 
3.97375 3.85143 3.44927 3.70133 3.49849 3.662 3.81864 3.78122 3.30316 
3.44937 3.88283 3.25186 3.05894 3.14409 2.92227 2.90131 2.94556 2.98017 
3.06594 2.88351 2.91297 2.91467 2.95238 2.93987 2.89885 2.67191 2.92455 
2.82234 -3.46945e-18 0.109254 1.63405 0.239964 0.064442 0.309346 0.519498 0.363789 
0.64876 1.52429 0.741142 0.900964 1.04685 1.41054 1.06696 1.29507 1.76215 
2.04887 2.30059 2.6535 2.50118 0.176519 0.0259448 0 6.93889e-18 0.302584 
1.08685 0.929536 0.716208 1.1943 1.36804 1.56479 1.63576 0.381815 1.85732 
2.09206 2.35854 2.54875 2.75129 2.82882 2.92816 3.0953 3.30065 3.335 
3.20414 3.28667 3.38044 3.41769 3.56291 3.47655 3.52692 3.74959 3.68482 
4.02184 3.92981 4.17467 4.07521 4.17574 4.04068 3.56443 3.88688 3.66844 
3.91248 4.04324 4.02995 3.3461 3.40211 3.55081 3.24528 3.37996 3.19229 
2.9366 2.9692 3.01845 3.08071 3.15169 2.94253 2.95493 2.97383 3.02444 
3.01314 2.97448 3.01431 3.03827 2.96732 2.75027 2.93353 0 -1.38778e-17 
0.140732 -6.93889e-18 0 0 0.130042 0.420388 0.581514 0.244309 1.63691 
0.736935 0.875247 1.52956 0.99269 1.19847 1.42856 1.85586 2.26337 2.0705 
2.37923 2.64898 0.0917622 -3.46945e-18 6.93889e-18 1.01193 0.835797 0.621431 1.14268 
1.31073 1.49391 1.71779 1.79185 0.335157 0.0942966 2.03277 2.24506 2.58566 
2.48233 2.74088 2.92996 3.07587 3.23542 3.19933 3.35933 3.30985 3.35843 
3.44777 3.6033 3.65735 3.56445 3.84192 3.72508 4.04479 4.05169 4.32235 
4.23409 4.26224 4.0473 3.84139 3.98055 4.08046 3.77462 4.20139 4.187 
3.47351 3.57929 3.29436 3.37321 3.48618 3.31035 2.98958 3.07749 3.1207 
3.19516 2.99993 3.04554 3.09406 3.09256 3.07635 3.05834 3.11198 3.13293 
3.05559 2.88087 3.049 0 0 -1.38778e-17 0.047147 0.392211 0.589637 
0.135238 1.77949 0.708747 0.832645 1.67593 0.884013 1.10516 1.33996 1.58087 
1.94717 2.24211 2.5312 2.8056 -6.93889e-18 6.93889e-18 1.00168 0.853055 0.694867 
0.494126 1.0268 1.17679 1.27939 1.42915 1.63874 1.89599 1.97244 0.278532 
0.147165 1.73472e-18 1.73472e-18 0 2.23117 2.44971 2.706 2.91705 3.04852 
3.18112 3.28389 3.26593 3.43555 3.33129 3.35123 3.38156 3.40952 3.54921 
3.72135 3.67209 3.99453 3.90737 4.15602 4.34814 4.36335 4.37986 3.90895 
4.12718 4.04538 4.25116 3.74947 3.90479 4.29389 4.39012 3.68976 3.41694 
3.51358 3.31611 3.43075 3.04339 3.09947 3.16447 3.30152 3.09959 3.13696 
3.14626 3.13968 3.15771 3.19587 3.20628 3.13752 3.0308 3.17585 1.38778e-17 
0 0.271232 0.514914 0 0 0.684188 1.8372 0.714588 0.97902 
1.25831 1.50213 1.74296 2.11117 2.41805 2.66043 2.9574 2.85662 0.922461 
0.807764 0.647697 0.361755 1.01816 0.853565 1.14157 1.29813 1.35915 1.55864 
1.80898 2.09612 2.17531 0.0627256 -1.73472e-18 2.38793 2.65602 2.90442 3.07081 
3.12157 3.29754 3.27427 3.15506 3.32774 3.46613 3.51084 3.37312 3.42642 
3.60863 3.65945 3.84014 3.72998 4.0238 4.04267 4.3185 4.24657 4.47867 
4.27543 4.28083 4.14447 4.43482 3.81544 3.92479 4.55412 3.67737 3.81766 
3.63248 3.37666 3.47906 3.14866 3.22653 3.31702 3.42233 3.19268 3.20426 
3.21737 3.19337 3.21069 3.26131 3.26669 3.26986 3.17692 3.04516 3.2349 
0 0.172058 0.450969 1.99946 0.527918 0.680456 0.801058 0.961168 1.12617 
1.45336 1.29488 1.65507 1.89979 2.23691 2.64478 2.44879 2.6949 2.88219 
0.620082 0.347562 0.0720434 1.01323 0.850247 1.05137 1.15594 1.26823 1.41881 
1.48299 1.7195 2.00424 2.30726 6.93889e-18 6.93889e-18 6.93889e-18 2.5905 2.80528 
2.99447 3.34326 3.35369 3.26584 3.33545 2.97659 3.14814 3.38292 3.52297 
3.52518 3.43876 3.72741 3.66469 3.76077 4.00263 3.92716 4.14884 4.35959 
4.402 4.32158 4.55078 4.51386 4.41199 4.30542 4.09834 4.24428 4.39091 
4.6035 4.032 3.74473 3.8531 3.63571 3.76689 3.60824 3.29325 3.38079 
3.49961 3.2402 3.29263 3.25902 3.26404 3.2662 3.25936 3.24935 3.24986 
3.24669 3.13525 2.9963 3.21591 0 0 0.097259 0.304256 2.15882 
0.377653 0.504842 0.65875 0.781505 1.099 0.915749 1.52238 1.14504 1.35991 
1.74585 1.98582 2.2434 2.50331 2.72891 2.87609 0.609152 0.402303 0.234799 
0.12131 0 -3.46945e-18 0 0.942778 0.805065 0.954176 1.07418 1.27535 
1.3484 1.55607 1.63481 1.90831 2.21478 2.51731 2.78398 3.3775 3.38841 
3.38566 3.18984 3.36365 3.33803 3.21184 2.71386 2.85715 3.05118 3.40803 
3.42657 3.51291 3.61935 3.47871 3.75712 3.86765 3.78312 4.06871 4.047 
4.23115 4.46982 4.44855 4.63599 4.74733 4.57501 4.15671 4.43948 4.25797 
4.64493 4.01963 4.15054 3.9739 3.70483 3.81319 3.62242 3.74015 3.41059 
3.601 3.29757 3.37814 3.23211 3.22184 3.27843 3.23307 3.33362 3.18936 
3.19712 3.18611 3.0373 3.09018 2.91995 6.93889e-18 -6.93889e-18 0.0259629 0.214436 
0.334725 0.483893 0.626315 0.67093 0.707267 0.956258 1.5745 1.19241 1.4 
1.80246 2.04734 2.30254 2.57173 2.78491 0.664388 0.511184 0.289645 0.0170608 
3.46945e-18 0.887824 0.783974 0.91477 0.758177 0.90054 1.08996 1.22981 1.40688 
1.48037 1.72732 1.8151 2.11655 2.4278 3.41249 3.40845 3.43463 3.43744 
3.39816 3.31575 3.4033 3.01701 3.19057 2.6292 2.82349 3.45143 3.53423 
3.75068 3.68872 3.54825 4.02022 3.95126 3.90024 4.1875 4.42272 4.62672 
4.78198 4.74989 4.6161 4.48268 4.3304 4.66273 4.55302 4.08405 4.18521 
3.97565 4.10036 3.94038 3.68568 3.79363 3.50214 3.61657 3.73481 3.42586 
3.17939 3.16646 3.26375 3.19595 3.32638 3.16263 3.11056 3.11965 2.97527 
3.03471 2.77199 0 -6.93889e-18 1.73472e-18 0.146942 0.278001 0.460039 0.517218 
0.605051 0.766574 1.05892 0.862957 1.62183 1.23249 1.44629 1.86123 2.10581 
2.34244 2.53815 0.551397 0.287882 0.00938237 -3.46945e-18 3.46945e-18 1.04083e-17 0.828476 
0.68018 0.500595 0.914189 0.756298 0.97299 1.09636 1.2451 1.31779 1.54635 
1.64138 1.92446 2.01948 2.33255 3.47804 3.43407 3.46526 3.48319 3.47848 
3.20332 3.26714 3.10735 3.04268 3.36341 2.74538 2.88825 3.08313 2.5462 
3.78442 3.6521 3.81322 3.5498 4.06065 4.092 4.06533 3.98208 4.36836 
4.28153 4.51153 4.5949 4.69884 4.43932 4.39089 4.42549 4.33104 4.53753 
4.41996 4.38859 4.24836 4.04293 4.14658 3.9504 4.07148 3.91919 3.55201 
3.6609 3.77493 3.39143 3.48026 3.12435 3.11016 3.24551 3.16205 3.33165 
3.01635 3.04195 3.03639 2.92588 2.79575 2.60928 0 0.0634879 0.177678 
0.341034 0.445083 0.479324 0.677702 1.06032 0.659228 0.872108 1.68806 1.27523 
1.51481 1.9358 2.15919 2.36586 0.269106 0.0889901 6.93889e-18 6.93889e-18 1.04083e-17 
0.407167 0.53143 0.812065 0.632745 0.927545 1.17794 0.97777 1.31499 1.43998 
1.70439 1.82384 2.13641 2.23669 3.52588 3.51089 3.31818 3.32801 3.48575 
3.12824 3.21297 2.89373 2.96758 2.84422 2.77892 3.22784 2.45362 2.65524 
2.84403 3.57639 3.77961 3.65724 3.59819 3.7178 4.16068 4.00133 3.81618 
4.36969 4.18923 4.2953 4.24911 4.13413 4.19552 4.17326 4.07892 4.23922 
4.28326 4.00503 3.93343 4.01789 3.88166 3.85441 3.78396 3.62866 3.73741 
3.41283 3.50433 3.07661 3.04295 3.20702 3.26764 3.14097 3.37191 2.9775 
2.9453 2.9576 2.94216 2.87017 2.74776 2.44185 2.56016 0 6.93889e-18 
6.93889e-18 1.38778e-17 0 0.166054 0.259665 0.268666 0.413159 1.10855 0.662781 
0.93805 1.79815 1.35134 1.58765 2.02367 2.17541 2.26402 0.199489 0.110952 
0.0281182 6.93889e-18 0.223054 0.43238 0.66387 0.760508 0.536555 1.26233 1.04067 
1.42027 0.87504 1.56767 1.86988 2.01784 2.34889 3.17535 3.34534 3.16085 
3.4576 3.07213 2.68014 2.75552 2.83427 2.63348 2.57541 2.5956 2.54191 
3.65286 3.50896 3.47473 3.60946 3.46755 3.93125 3.69158 4.04607 4.085 
4.12187 3.98652 3.95532 4.01757 3.9552 3.89568 3.83611 3.75903 3.69047 
3.62554 3.73951 3.58623 3.65029 3.56947 3.49791 3.50965 3.02747 2.98045 
3.21664 3.24572 3.07124 3.14214 3.36675 2.87456 2.84599 2.882 2.85441 
2.72493 2.37007 2.58526 2.39312 0 0.085904 -6.93889e-18 6.93889e-18 0 
0.148298 0.236774 0.438963 1.22972 0.594486 0.790258 1.04326 2.0427 1.8356 
1.4479 1.612 2.15033 3.46945e-18 0 -3.46945e-18 1.73472e-18 0.251697 0.0256541 
0 3.46945e-18 0.369149 0.533413 0.583787 0.69424 1.07841 1.20924 1.41847 
1.54179 0.899144 1.70486 2.01975 2.20445 2.96614 3.3168 2.95351 3.07651 
2.50981 2.50766 2.63372 2.66566 2.78998 2.344 2.38782 2.34613 2.39081 
3.21337 3.2676 3.45819 3.54018 3.29917 3.71797 3.87268 3.56794 3.92859 
3.89434 3.7576 3.79103 3.8329 3.69415 3.73349 3.71333 3.66197 3.57682 
3.52813 3.43309 3.39861 3.34278 3.42599 3.45638 3.31 3.30863 2.97891 
2.91882 3.22715 3.05348 3.08087 3.16804 2.79042 2.74963 2.80175 2.78281 
2.66453 2.53709 2.16559 2.33353 6.93889e-18 0 0 0 0.0351916 
0.100581 0.292362 0.437098 1.47878 1.30874 0.661643 0.894685 1.14139 1.71429 
1.95378 0.187508 -3.46945e-18 0.0385467 0 -3.46945e-18 0.361675 0.23916 0.419954 
0.486527 0.530262 0.641131 0.770256 1.0074 1.25874 1.03554 1.45742 1.64566 
1.82823 0.846255 2.12795 2.80677 2.81644 2.91161 2.94514 3.04938 2.33183 
2.28053 2.3495 2.48906 2.54077 2.512 2.68244 2.16409 2.1694 2.15561 
3.1004 3.05361 3.39909 3.16654 3.5123 3.75759 3.63789 3.59701 3.63437 
3.56513 3.49853 3.5588 3.48177 3.60091 3.4542 3.40238 3.33548 3.32189 
3.27207 3.2192 3.15502 3.13465 3.23465 3.21471 3.08295 3.11276 2.95369 
2.84142 3.01874 2.86913 2.96193 2.67823 2.71618 2.66498 2.5121 2.00203 
2.08177 2.32158 2.13681 3.46945e-18 -1.04083e-17 1.04083e-17 0 -1.73472e-18 0.221807 
0.330029 0.517666 1.57095 1.39318 0.759621 0.988003 1.18916 1.81592 -1.73472e-18 
0 1.73472e-18 0.218887 0.303687 0.362761 0.4507 0.522313 0.61549 0.740536 
1.06719 1.19072 1.38389 1.52109 0.886938 1.7123 1.91662 2.64254 2.77454 
2.91644 2.10416 2.13605 2.21016 2.18582 2.39388 2.27894 2.39616 1.95345 
1.95944 1.93369 2.81018 2.85325 2.99592 3.27696 3.02991 3.12396 3.31037 
3.45878 3.49753 3.44991 3.3139 3.28883 3.36907 3.1697 3.26276 3.19991 
3.25774 3.13248 3.10535 3.16716 3.03137 3.0007 2.92754 2.94168 3.09942 
3.01941 2.88043 2.89734 2.70937 2.76401 2.73417 2.81016 2.64834 2.76098 
2.63708 2.56944 2.51134 2.3921 1.90203 1.85935 2.23173 1.9957 0 
0.137715 0.308969 0.628904 0.488443 1.6617 1.37615 0.875222 0.733995 1.01521 
1.11148 0 0.166179 0.144465 0.238149 0.39933 0.497299 0.671791 0.529432 
0.745906 1.00187 1.2328 1.0482 1.3887 1.56327 1.74878 0.850514 2.52975 
2.66094 1.86255 1.9737 2.05947 1.95113 2.04583 2.15525 2.27783 1.75475 
1.7213 2.64661 2.70699 2.66763 2.87901 3.16308 2.98833 3.12002 3.33867 
3.19718 3.16145 3.20916 3.2018 3.07497 3.06141 3.09613 3.06932 2.9388 
2.93228 3.01679 2.98249 2.9261 2.87137 2.80101 2.86073 2.73755 2.7107 
2.81744 2.69646 2.67366 2.69139 2.47791 2.54952 2.61714 2.60647 2.42476 
2.59699 2.4207 2.38103 1.5443 1.69273 2.17388 1.9051 1.73472e-18 0 
0.0679547 0.270694 0.625221 0.448634 0.564254 1.27665 0.906712 0.801883 0.679648 
0.95455 1.07282 0.857472 0 0.0309384 -6.93889e-18 -6.93889e-18 0.263358 0.0218109 
0.396413 0.751163 0.584744 0.419791 1.2566 1.11645 1.39257 0.932471 1.56487 
2.43172 2.49552 1.62588 1.7635 1.85642 1.73096 1.81243 1.90195 2.05019 
2.11929 2.27293 1.53741 2.54611 2.40939 2.52771 2.7402 2.86952 2.98269 
3.01419 2.86222 2.81216 2.95433 2.72055 2.79262 2.66792 2.86395 2.79044 
2.75502 2.72494 2.66026 2.59871 2.54804 2.47988 2.57087 2.61635 2.54902 
2.46571 2.52546 2.22344 2.32192 2.39747 2.40321 2.20005 2.14039 1.39567 
1.69033 1.49234 1.90731 1.77153 0 0 0 0 0.154143 
0.368772 0.49919 0.591632 1.16104 0.85317 0.719831 0.965928 0.65898 0.802525 
0.641186 -6.93889e-18 3.46945e-18 0.244755 0.0913466 -6.93889e-18 -6.93889e-18 -6.93889e-18 0.837768 
0.670197 0.488147 0.285724 1.18651 1.30759 1.02199 1.41832 2.34437 2.32558 
1.44405 1.58734 1.40818 1.61771 1.53659 1.5918 1.65802 1.72431 1.88974 
1.96568 1.96041 2.1862 2.18099 2.22458 2.37031 2.41878 2.55576 2.69623 
2.73361 2.82916 2.86608 2.62865 2.68872 2.56949 2.46749 2.53834 2.5926 
2.40794 2.76182 2.62607 2.6079 2.54313 2.54024 2.44112 2.42141 2.35901 
2.28274 2.42065 2.40236 2.22483 2.31522 2.0179 2.02968 2.10784 2.16807 
2.15928 1.98567 1.96195 1.22897 1.60162 1.37039 1.75982 0 0 
0.0763108 0.296948 0.468617 0.568908 1.04533 0.883768 0.517921 0.703314 0.473498 
0.573831 0.116099 0 0.889379 0.756001 0.592404 0.372503 1.1776 1.33758 
0.996856 2.0822 1.26558 1.46255 1.30477 1.10528 1.34086 1.37926 1.42813 
1.50308 1.59424 1.80754 1.71514 1.84136 1.98088 2.03769 2.07441 2.26682 
2.37089 2.57986 2.45878 2.43456 2.39848 2.18395 2.3055 2.36753 2.41674 
2.29008 2.17567 2.41371 2.47878 2.36477 2.3356 2.23419 2.30904 2.28155 
2.15183 2.07522 2.21661 2.17462 2.03299 2.03787 2.106 1.81737 1.86425 
1.93895 1.95773 1.95393 1.7804 1.76796 1.18125 1.00839 1.54356 1.34693 
1.23626 0 1.38778e-17 0.00887823 0.226392 0.414938 0.823154 0.353079 0.692923 
0.628724 0.315243 0.46319 0.561062 -6.93889e-18 0.230966 6.93889e-18 0.792545 0.877514 
0.691227 0.53037 1.06605 0.898151 1.15883 0.913526 0.967091 0.732693 1.04267 
1.19534 1.17656 1.27018 1.35662 1.46825 1.62128 1.6849 1.83036 1.89223 
1.85885 1.91583 2.14023 2.20557 2.23871 2.08327 2.12879 1.98129 1.94455 
2.16253 2.1976 2.23628 2.06696 2.02793 2.22136 2.17537 2.11193 2.04108 
2.1668 1.9838 1.92784 1.86779 2.0037 2.07936 2.01718 1.8432 1.87918 
1.9458 1.6115 1.66111 1.7297 1.75728 1.57237 1.5699 1.08418 0.884672 
1.38224 1.20994 -3.46945e-18 8.67362e-18 3.46945e-18 0.157848 0.794921 0.561284 0.651544 
0.746111 0.604959 0.121359 0.329138 0.475978 0.526969 -6.93889e-18 0.121062 0.325177 
0.705303 0.736359 0.542453 0.733896 0.771247 0.547695 0.485237 0.359232 0.82497 
1.02465 1.07186 0.879284 1.09834 1.21968 1.30698 1.46709 1.53917 1.52119 
1.73831 1.61741 1.72349 1.73937 1.86444 2.01166 2.04279 2.0172 1.77435 
1.84733 1.86952 1.70391 1.96691 2.02344 2.04884 1.83799 2.02323 1.96998 
1.90545 1.84 1.77726 1.71755 1.66159 1.80938 1.92751 1.73399 1.6127 
1.6493 1.40362 1.4541 1.50521 1.5199 1.52782 1.36915 1.41141 1.02244 
0.859967 1.20044 0 0.55756 0.399019 0.446145 0.702753 0.617827 0.772163 
0 1.38778e-17 0.156996 0.385794 -6.93889e-18 0.165309 0 0.355943 0.576417 
0.307017 0.184066 0.192312 0.0429347 0.65556 0.938335 0.781756 0.582862 0.86095 
0.986987 1.10411 1.18404 1.38152 1.24544 1.41302 1.45769 1.58241 1.61895 
1.5611 1.75065 1.90182 1.54922 1.62684 1.71859 1.64768 1.45208 1.79795 
1.84339 1.84807 1.60276 1.81621 1.75994 1.69601 1.63006 1.56511 1.50624 
1.45347 1.59175 1.54362 1.4181 1.45089 1.45914 1.18277 1.25433 1.30851 
1.35664 1.36616 1.17868 1.01413 0.946904 0.88704 1.16681 1.01795 0.481144 
0.281509 0.134105 0.259805 0.680738 0.560022 0.757125 0 0 0 
0.0472596 0.420473 0.153842 0.041856 1.38778e-17 3.46945e-18 3.46945e-18 6.93889e-18 0 
0.64935 0.452207 0.264045 0.717423 0.921095 0.986759 1.0494 1.14647 1.27062 
0.958858 1.32967 1.29782 1.47966 1.34633 1.39507 1.36237 1.38069 1.49011 
1.57588 1.43576 1.28471 1.19796 1.63265 1.62574 1.64339 1.60069 1.54503 
1.48171 1.41528 1.34469 1.29071 1.25107 1.38643 1.45366 1.39538 1.222 
1.25176 1.30079 1.00303 1.01889 1.078 1.12175 1.09424 0.950605 0.856403 
0.982667 0.394401 0.191849 0.0339454 3.46945e-18 0 0 0.635346 0.489932 
0.711842 6.93889e-18 0 0 -3.46945e-18 1.38778e-17 -6.93889e-18 0.506054 0.265743 
1.73472e-18 0.0206868 0.445699 0.582701 0.790166 0.838777 1.03434 1.17376 0.770625 
0.875077 0.646343 1.1167 1.14975 1.18955 1.24071 1.22749 1.14154 1.26311 
1.36367 1.429 1.09772 0.924152 1.04375 1.47278 1.48285 1.35486 1.41431 
1.38415 1.32602 1.26829 1.19942 1.09438 1.08435 1.05028 1.19593 1.30514 
1.11409 1.01126 1.00663 0.815893 0.883518 0.949481 0.953647 0.87582 0.744308 
0.790493 0.301559 0.125179 0 0 3.46945e-18 0 0.579327 0.419648 
0.645082 0 0 0.212095 0 3.46945e-18 1.73472e-18 0.387575 0.469259 
0.66333 0.600699 0.960233 0.717032 0.423791 0.453847 0.291029 0.96696 0.960376 
1.04217 0.91427 1.00645 1.17849 1.22014 1.27313 0.896407 0.74133 0.845664 
0.645464 1.32229 1.0804 1.14833 1.16221 1.24261 1.14634 1.11732 1.06421 
1.00791 0.928969 0.809114 0.863686 0.849446 0.992572 0.8973 0.784085 0.787579 
0.613923 0.701298 0.811078 0.668201 0.53892 0.591095 0.159946 -3.46945e-18 0 
0.536069 0.413879 0 0 0.209092 0.338298 0.770868 0.532283 0.20606 
0.294561 0.186685 0.0818658 3.46945e-18 -3.46945e-18 0.803027 0.861475 0.690683 0.742951 
0.684501 0.762738 1.01445 1.02715 0.701239 0.526694 0.43256 0.348277 0.926981 
0.957485 0.804307 0.953378 0.920221 1.07678 0.971188 0.886447 0.919604 0.867246 
0.770781 0.680646 0.615731 0.50262 0.602516 0.702053 0.63547 0.770709 0.654322 
0.509102 0.59181 0.385703 0.486928 0.462602 0.346748 0.339227 0 0 
-1.38778e-17 0.0940036 -3.46945e-18 3.46945e-18 0.0891861 0.594338 0.311924 -1.73472e-18 0 
0.136702 0.106351 0 6.93889e-18 -6.93889e-18 0 0.415903 0.470913 0.560669 
0.500835 0.670225 0.85496 0.44923 0.765136 0.236031 0.235213 0.159197 0.0756423 
0.759131 0.531179 0.547085 0.725048 0.679851 0.775996 0.614365 0.715039 0.498263 
0.366328 0.278894 0.257993 0.342113 0.497235 0.389541 0.522907 0.394767 0.283263 
0.329228 0.208987 0.207916 0.268102 0.290765 0.170347 0 0 0.0620465 
6.93889e-18 -1.73472e-18 0.0425904 0.164928 6.93889e-18 0 -1.38778e-17 0.233575 0.319116 
0.483481 0.213321 0.0950321 0.0311965 0 0 3.46945e-18 0 0.0462629 
-1.38778e-17 6.93889e-18 -6.93889e-18 6.93889e-18 0.518306 0.311936 0.232211 0.318569 0.477699 
0.427462 0.539643 0.362437 0.261042 0.0500547 0.162758 0.0665694 0.0759884 0.138311 
0.234896 0.144142 0.230472 0.136427 0.0384612 0.130557 0.030007 0.0789556 3.46945e-18 
0 -6.93889e-18 -6.93889e-18 -1.38778e-17 6.93889e-18 -3.46945e-18 -6.93889e-18 0 0.0594881 
3.46945e-18 0 0.0424421 1.38778e-17 1.38778e-17 -3.46945e-18 0 3.46945e-18 -3.46945e-18 
0 -6.93889e-18 0.245031 0.138331 0.0837156 -6.93889e-18 -6.93889e-18 0.128385 0.237752 
0.169169 0.147959 1.38778e-17 0 -6.93889e-18 -1.38778e-17 0 0 0 
0 0.0694062 3.46945e-18 6.93889e-18 0 1.38778e-17 6.93889e-18 3.46945e-18 0.0496772 
0.0282518 -6.93889e-18 -1.73472e-18 0.00468733 -3.46945e-18 0 1.38778e-17 6.93889e-18 -6.93889e-18 
-1.38778e-17 3.46945e-18 6.93889e-18 -3.46945e-18 6.93889e-18 -6.93889e-18 -6.93889e-18 -6.93889e-18 0 
3.46945e-18 0 0 0.0548245 0 0 -3.46945e-18 -3.46945e-18 -6.93889e-18 
6.93889e-18 0.028838 0 0 0.0211283 6.93889e-18 0 0 -6.93889e-18 
0 -3.46945e-18 1.04083e-17 -8.67362e-18 3.46945e-18 0 -6.93889e-18 -3.46945e-18 0 
3.46945e-18 6.93889e-18 0 -6.93889e-18 
METADATA
INFORMATION 0

NORMALS Normals float
0.0772071 0.165703 -0.983149 0.349833 0.668833 -0.655957 0.59048 -0.202361 -0.781271 
-0.44961 0.422839 -0.786802 -0.253634 -0.356778 -0.899099 0.519952 0.282954 -0.80597 
-0.108616 0.634345 -0.765381 0.114869 -0.351476 -0.929123 -0.450771 -0.00822863 -0.892602 
0.183491 0.599863 -0.778778 0.400391 0.460756 -0.79208 0.552725 0.102709 -0.827011 
0.39579 -0.113788 -0.911264 -0.0813329 0.748449 -0.658186 -0.349658 0.330414 -0.876679 
-0.225092 0.71406 -0.662911 -0.287784 -0.25785 -0.922331 0.220184 -0.361529 -0.905989 
-0.0827229 -0.406115 -0.91007 -0.575145 0.00712355 -0.81802 -0.517872 -0.168078 -0.838784 
0.126795 0.709997 -0.692696 0.114806 0.693477 -0.711273 0.385422 0.438054 -0.812132 
0.56658 0.200306 -0.79929 0.47665 -0.197877 -0.856533 0.563018 -0.0665192 -0.823763 
-0.158426 0.802746 -0.574891 -0.307433 0.825927 -0.472578 -0.40755 0.604195 -0.684727 
-0.58986 0.246344 -0.769012 -0.456282 0.78385 -0.421172 -0.37231 -0.364284 -0.853629 
0.314988 -0.343852 -0.884618 0.0485391 -0.485151 -0.873082 -0.202424 -0.491283 -0.847151 
-0.767775 0.216245 -0.603125 -0.670259 -0.0711306 -0.738711 -0.574965 -0.292232 -0.764209 
0.00596755 0.786404 -0.617683 0.216502 0.655018 -0.723932 -0.0923325 0.818011 -0.567743 
0.468761 0.480189 -0.741405 0.598572 0.294828 -0.744841 0.643545 0.0959257 -0.759373 
0.632147 -0.043989 -0.773599 0.448011 -0.191884 -0.873193 -0.289703 0.82235 -0.489706 
-0.452243 0.795606 -0.403097 -0.553908 0.77443 -0.305685 -0.66944 0.533659 -0.516776 
-0.715394 0.602315 -0.354158 -0.437158 -0.449295 -0.77912 0.226679 -0.395544 -0.890035 
0.0560398 -0.487717 -0.871201 -0.179044 -0.539633 -0.822642 -0.753699 0.416649 -0.508274 
-0.78052 0.181212 -0.598289 -0.788686 -0.0931407 -0.6077 -0.681077 -0.343924 -0.646414 
-0.80129 -0.235659 -0.549909 0.34951 0.580895 -0.735122 0.00757236 0.749376 -0.662102 
-0.242745 0.866956 -0.435273 -0.202907 0.843103 -0.498003 0.597315 0.303415 -0.742398 
0.698452 0.157442 -0.698123 0.733829 0.0388407 -0.678223 0.61451 -0.110794 -0.781091 
0.68631 -0.056961 -0.725075 0.731636 -0.0297772 -0.681044 0.52256 -0.182941 -0.832745 
0.398275 -0.317502 -0.860563 -0.400415 0.841062 -0.363707 -0.547181 0.786196 -0.28721 
-0.63341 0.737735 -0.233535 -0.709334 0.658862 -0.250494 -0.386361 -0.566228 -0.728087 
-0.604662 -0.414221 -0.680297 0.272492 -0.497406 -0.823611 0.0878997 -0.548006 -0.831843 
-0.0798908 -0.583649 -0.808066 -0.253501 -0.608867 -0.751677 -0.792135 0.543283 -0.278147 
-0.865104 0.323312 -0.383489 -0.937835 0.012765 -0.346847 -0.836951 -0.289322 -0.464548 
-0.772617 -0.448472 -0.449373 -0.857351 -0.333058 -0.392456 -0.957319 -0.143053 -0.251148 
0.17255 0.738625 -0.651659 0.378478 0.641312 -0.667438 0.51553 0.446604 -0.731282 
-0.0270241 0.850083 -0.525955 -0.397349 0.846385 -0.354608 -0.454592 0.845864 -0.279033 
-0.154112 0.89365 -0.421473 -0.309836 0.876103 -0.369384 0.687458 0.308132 -0.657614 
0.753481 0.181865 -0.631816 0.792069 0.0877286 -0.604094 0.80525 0.00615476 -0.592904 
0.812271 0.0086723 -0.583216 0.429151 -0.297312 -0.852898 0.41495 -0.326318 -0.849313 
-0.602936 0.774908 -0.189701 -0.741845 0.656079 -0.138659 -0.696925 0.704609 -0.133494 
-0.821911 0.553782 -0.133368 -0.602948 -0.51626 -0.608218 -0.396623 -0.675871 -0.6212 
-0.598688 -0.590492 -0.541194 0.391034 -0.437192 -0.809911 0.346673 -0.492492 -0.798292 
0.161407 -0.605824 -0.779054 -0.0194268 -0.648017 -0.761378 -0.193796 -0.665751 -0.720568 
-0.925823 0.327678 -0.188359 -0.982597 0.0919386 -0.161401 -0.873904 -0.387672 -0.293263 
-0.766738 -0.543358 -0.34187 -0.884608 -0.411151 -0.220055 -0.955706 -0.241156 -0.16873 
-0.992051 0.0929503 -0.0848296 -0.991781 -0.0717237 -0.105958 0.168744 0.824948 -0.539432 
0.445445 0.661044 -0.603821 0.616737 0.466579 -0.633987 -0.454492 0.848251 -0.27186 
-0.550681 0.808018 -0.209421 0.00336942 0.839472 -0.543392 -0.310267 0.875103 -0.371388 
-0.36457 0.887078 -0.283163 0.76877 0.2586 -0.584909 0.827647 0.124349 -0.5473 
0.852165 0.0550001 -0.520374 0.820327 0.0104103 -0.571799 -0.651793 0.747911 -0.125678 
-0.788371 0.611409 -0.0681876 -0.856479 0.512598 -0.0607212 -0.735528 0.673701 -0.0715946 
-0.938757 0.336608 -0.0736861 -0.284061 -0.727829 -0.624159 -0.589523 -0.64967 -0.47999 
-0.430273 -0.747442 -0.506158 -0.594767 -0.688099 -0.415659 0.349325 -0.515521 -0.782438 
0.211972 -0.604147 -0.768163 0.0231662 -0.689266 -0.724138 -0.128579 -0.729511 -0.671775 
-0.845955 -0.492714 -0.203945 -0.746228 -0.61788 -0.247725 -0.926562 -0.360321 -0.107942 
-0.966683 -0.24015 -0.0886084 -0.994832 -0.0911708 -0.0446795 -0.949955 0.311582 -0.0223879 
-0.994148 0.106368 -0.0188537 0.384202 0.716872 -0.581793 0.637227 0.478725 -0.603957 
-0.518733 0.834056 -0.187793 -0.617129 0.775824 -0.131334 0.0618421 0.88005 -0.470838 
-0.175881 0.885302 -0.430472 0.294058 0.789844 -0.538216 -0.26797 0.919111 -0.288838 
-0.440885 0.863249 -0.245807 -0.469168 0.85647 -0.215268 0.753137 0.280468 -0.595082 
0.830964 0.122365 -0.542703 0.877325 0.0496251 -0.477324 0.868383 0.0170342 -0.495602 
0.896166 0.0131966 -0.443522 0.898965 0.015521 -0.437746 -0.692813 0.717003 -0.0769174 
-0.819072 0.573167 -0.024523 -0.883582 0.467976 -0.0167575 -0.764679 0.643606 -0.0322083 
-0.269162 -0.785847 -0.556773 -0.44787 -0.786634 -0.424993 -0.584732 -0.727106 -0.359728 
0.353268 -0.518481 -0.778703 0.398965 -0.523613 -0.752766 0.200824 -0.597097 -0.776624 
0.0272154 -0.698073 -0.715509 -0.124637 -0.760892 -0.636796 -0.859893 -0.496042 -0.120524 
-0.648721 -0.709593 -0.275024 -0.791811 -0.591079 -0.153823 -0.934158 -0.354131 -0.0440402 
-0.975084 -0.219442 -0.03249 -0.997139 -0.0746931 -0.0116141 -0.995168 0.0977586 0.00914563 
-0.957327 0.288867 0.00903719 0.618154 0.506348 -0.601247 0.525628 0.648267 -0.550876 
-0.573297 0.808518 -0.132774 -0.654437 0.751175 -0.0863042 -0.0401986 0.960705 -0.274646 
0.210336 0.915589 -0.342719 0.36573 0.82873 -0.423613 -0.128015 0.978555 -0.161376 
-0.319219 0.929588 -0.184295 -0.442641 0.887255 -0.129794 -0.532771 0.836294 -0.129489 
0.71062 0.383148 -0.590099 0.796852 0.138968 -0.587975 0.858863 -0.0198535 -0.51182 
0.9092 -0.015945 -0.416055 0.90769 -0.0268674 -0.41878 0.899933 0.0128843 -0.435838 
0.902498 0.00611116 -0.43065 -0.722507 0.690127 -0.0413244 -0.837346 0.546673 -1.72233e-05 
-0.899329 0.437208 0.00756561 -0.783235 0.621693 -0.00642603 -0.312873 -0.775252 -0.548721 
-0.562135 -0.723608 -0.400494 0.389565 -0.524061 -0.757364 0.360871 -0.51985 -0.774292 
0.237702 -0.642496 -0.72849 0.0372312 -0.71036 -0.702853 -0.125457 -0.754446 -0.644261 
-0.88146 -0.46838 -0.0604039 -0.738646 -0.63872 -0.215497 -0.835339 -0.542636 -0.0880596 
-0.940001 -0.341107 -0.00662151 -0.977377 -0.211505 -0.000177746 -0.998002 -0.0626338 0.00826759 
-0.994798 0.100095 0.0189238 -0.961808 0.272879 0.0214845 0.597205 0.556238 -0.57788 
-0.606813 0.789835 -0.0891009 -0.684251 0.727085 -0.0561098 0.100445 0.973203 -0.206852 
0.423688 0.789308 -0.444389 0.226988 0.935095 -0.272165 -0.106248 0.989177 -0.101195 
-0.282197 0.95591 -0.0812442 -0.447227 0.892138 -0.0638498 -0.552695 0.831273 -0.0592785 
0.740674 0.248139 -0.624363 0.785851 0.0141239 -0.618255 0.802095 -0.160772 -0.575149 
0.866524 -0.156524 -0.473958 0.88804 -0.106839 -0.44718 -0.740013 0.672505 -0.0108363 
-0.848416 0.52914 0.0141908 -0.907833 0.418911 0.0187679 -0.796566 0.604453 0.010916 
-0.238346 -0.775827 -0.584194 -0.41153 -0.747873 -0.520893 -0.516499 -0.749102 -0.41482 
-0.653524 -0.694488 -0.300987 0.365559 -0.536499 -0.760615 0.437325 -0.543764 -0.716288 
0.379788 -0.591482 -0.711274 0.0941965 -0.723755 -0.683597 -0.085801 -0.765141 -0.63812 
-0.898023 -0.439616 -0.0170794 -0.742097 -0.644323 -0.184771 -0.814457 -0.570832 -0.103971 
-0.864816 -0.501284 -0.0284271 -0.943416 -0.331276 0.0148977 -0.977989 -0.208037 0.0160573 
-0.998122 -0.058568 0.0179782 -0.994422 0.102964 0.0228882 -0.963601 0.266124 0.0255117 
0.577681 0.661972 -0.477575 0.677461 0.40535 -0.61379 -0.62964 0.775164 -0.0517085 
-0.68718 0.726241 -0.018929 0.0418216 0.989712 -0.136826 0.398355 0.868716 -0.294356 
0.189209 0.968114 -0.164183 -0.129487 0.989816 -0.0591425 -0.287631 0.956511 -0.0485348 
-0.439187 0.897639 -0.0368637 -0.547463 0.83668 -0.0158542 -0.625037 0.780525 -0.0104539 
0.74588 0.104228 -0.657876 0.765105 -0.0580974 -0.641279 0.801616 -0.273855 -0.531428 
0.811184 -0.262249 -0.522692 0.725908 -0.275164 -0.630351 0.734834 -0.0933522 -0.671792 
-0.698105 0.715876 0.0130735 -0.754737 0.655811 0.016842 -0.856963 0.514686 0.0267076 
-0.912761 0.407671 0.0259255 -0.808091 0.588246 0.0309193 -0.212886 -0.791267 -0.573215 
-0.36261 -0.793039 -0.489493 -0.526329 -0.770636 -0.359303 -0.665502 -0.70878 -0.233962 
0.458089 -0.537926 -0.707666 0.494614 -0.514512 -0.700453 0.493608 -0.508845 -0.705286 
0.395263 -0.594442 -0.70029 0.139128 -0.719366 -0.680555 -0.0447263 -0.774917 -0.630479 
-0.90716 -0.420635 0.0112509 -0.776092 -0.620246 -0.11391 -0.838879 -0.542978 -0.0381788 
-0.877853 -0.478907 0.00468938 -0.945056 -0.32601 0.0242048 -0.977611 -0.209116 0.0234057 
-0.997968 -0.0601116 0.0211403 -0.994368 0.103196 0.0241393 -0.96447 0.262674 0.0282799 
0.543537 0.722778 -0.426802 0.643794 0.468113 -0.605309 0.697509 0.169368 -0.696273 
0.0140294 0.99711 -0.0746632 0.333298 0.916309 -0.222016 0.146198 0.984132 -0.100551 
-0.142828 0.989549 -0.0198331 -0.289385 0.956961 -0.0219611 -0.424098 0.905616 0.000697789 
-0.53035 0.847257 0.0297328 -0.629929 0.776308 0.0231509 0.729924 -0.32974 -0.598734 
0.677584 -0.213381 -0.70381 0.625849 -0.344331 -0.699821 0.69722 -0.348151 -0.626638 
0.682954 -0.00234975 -0.730458 -0.712333 0.701043 0.0334729 -0.766303 0.641048 0.0428582 
-0.861414 0.506294 0.0404061 -0.915964 0.399876 0.0333023 -0.807444 0.587663 0.0518397 
-0.141479 -0.818262 -0.557163 -0.271342 -0.820272 -0.503515 -0.390959 -0.795797 -0.462447 
-0.525413 -0.783371 -0.332072 -0.610875 -0.753092 -0.244302 -0.732964 -0.661276 -0.15962 
0.482354 -0.526795 -0.699872 0.496542 -0.535265 -0.683328 0.477343 -0.622292 -0.6204 
0.207722 -0.745239 -0.633617 0.00624064 -0.796236 -0.604954 -0.911611 -0.410517 0.0210226 
-0.817287 -0.572265 -0.0674843 -0.859569 -0.51095 -0.00849153 -0.886391 -0.462718 0.014228 
-0.946764 -0.32116 0.0222224 -0.977871 -0.207455 0.0270238 -0.99738 -0.0680323 0.0245868 
-0.994892 0.0981348 0.0236594 -0.965335 0.259237 0.0304005 0.574984 0.645896 -0.502206 
0.409015 0.858514 -0.309292 0.669549 0.311933 -0.674094 -0.0101304 0.99949 -0.0302935 
0.246554 0.957991 -0.14651 0.101794 0.993457 -0.0517734 -0.155045 0.987797 0.0148037 
-0.288194 0.957414 0.0173762 -0.42252 0.904866 0.0519023 -0.549736 0.83271 0.0662194 
-0.645039 0.762661 0.0476741 0.633943 -0.137807 -0.761003 0.528263 -0.300471 -0.794138 
0.513338 -0.441945 -0.735641 0.553645 -0.43481 -0.710223 0.64586 -0.378345 -0.663113 
0.671844 0.123867 -0.730262 -0.695629 0.715292 0.0667624 -0.749921 0.658566 0.0625268 
-0.858474 0.511265 0.0403748 -0.917696 0.395804 0.0342605 -0.793078 0.606828 0.0527885 
-0.130417 -0.828413 -0.544723 -0.273414 -0.85189 -0.446685 -0.384478 -0.834083 -0.395579 
-0.47609 -0.814489 -0.331581 -0.647228 -0.730879 -0.216589 -0.756258 -0.641186 -0.13021 
0.522607 -0.579418 -0.625426 0.534004 -0.598531 -0.59716 0.403882 -0.721041 -0.56301 
0.0943538 -0.799065 -0.593795 -0.914398 -0.404433 0.0176091 -0.804209 -0.588508 -0.083103 
-0.856384 -0.515389 -0.0313098 -0.875118 -0.4839 0.00303608 -0.891648 -0.452565 0.0122054 
-0.9485 -0.316506 0.0131204 -0.98025 -0.19677 0.019808 -0.997705 -0.0584097 0.034243 
-0.996778 0.0729565 0.0333245 -0.968609 0.247039 0.027724 0.628752 0.432114 -0.64649 
0.536786 0.713736 -0.449935 0.460984 0.82053 -0.337971 0.321499 0.925905 -0.19834 
-0.0352649 0.999378 0.000704936 0.185299 0.979084 -0.0840169 0.0605227 0.997994 -0.0185823 
-0.167451 0.985059 0.0402402 -0.293377 0.954571 0.0521928 -0.426324 0.901503 0.0744303 
-0.621579 0.77868 0.0854262 -0.528728 0.843525 0.0944029 0.641907 0.151533 -0.751661 
0.598243 -0.0790139 -0.79741 0.561195 -0.233517 -0.79406 0.490212 -0.38775 -0.780604 
0.501269 -0.455158 -0.735908 -0.691166 0.71729 0.0882304 -0.736205 0.672479 0.0759827 
-0.8312 0.554044 0.0462896 -0.918808 0.393574 0.0298626 -0.893656 0.446856 0.041207 
-0.776253 0.627215 0.0635004 -0.0580735 -0.851431 -0.521242 -0.197196 -0.84993 -0.488603 
-0.328401 -0.825542 -0.458948 -0.448928 -0.817762 -0.360179 -0.594844 -0.757071 -0.270192 
-0.712352 -0.683067 -0.161167 0.559389 -0.624371 -0.545202 0.568665 -0.630707 -0.528043 
0.332141 -0.749268 -0.572957 0.0963209 -0.833121 -0.54464 -0.915689 -0.401746 0.0106677 
-0.773022 -0.622003 -0.124696 -0.835936 -0.545033 -0.0644223 -0.876251 -0.481788 -0.00798201 
-0.869552 -0.49283 -0.031593 -0.88354 -0.468334 0.00445294 -0.894118 -0.447742 0.00894001 
-0.948934 -0.315407 0.0064895 -0.982036 -0.188552 0.00728826 -0.999313 -0.0342897 0.0140675 
-0.990366 0.134799 0.0317103 -0.951398 0.305629 0.0378581 0.600427 0.474288 -0.643847 
0.63227 0.590895 -0.501076 0.575156 0.730665 -0.367864 0.495968 0.813276 -0.3043 
0.4131 0.8771 -0.245039 0.287896 0.948483 -0.132275 -0.053612 0.99816 0.0283284 
0.218499 0.974259 -0.0554763 0.125392 0.991788 -0.0251592 0.0323937 0.999304 0.0185252 
-0.160252 0.984927 0.0651001 -0.289568 0.954332 0.0734873 -0.416298 0.904476 0.0928389 
-0.618821 0.778962 0.10138 -0.449708 0.885155 0.119432 -0.548158 0.828422 0.115066 
0.677267 0.346992 -0.648773 0.678054 0.149357 -0.719677 0.619304 -0.0603112 -0.782831 
0.505804 -0.349588 -0.788638 0.506949 -0.446721 -0.737186 -0.67586 0.730171 0.100318 
-0.714951 0.69406 0.0844116 -0.830592 0.554748 0.0487066 -0.892348 0.450322 0.0304199 
-0.952375 0.303829 0.0258793 -0.762405 0.643608 0.0671322 -0.00152403 -0.886303 -0.463104 
-0.170561 -0.890316 -0.422193 -0.305152 -0.861969 -0.404835 -0.365439 -0.859224 -0.358034 
-0.523214 -0.800089 -0.293437 -0.656755 -0.723868 -0.211393 0.584927 -0.619446 -0.523591 
0.217313 -0.839354 -0.498257 0.463089 -0.723185 -0.512398 -0.915337 -0.402573 0.00964984 
-0.701322 -0.684664 -0.198449 -0.835193 -0.544731 -0.0756386 -0.796223 -0.593465 -0.117596 
-0.884906 -0.465714 -0.00714783 -0.857329 -0.511103 -0.0613201 -0.887466 -0.460243 -0.0241019 
-0.88838 -0.459077 0.00539704 -0.89482 -0.446211 0.0138779 -0.947936 -0.318329 0.00914658 
-0.982254 -0.187495 0.00483631 -0.999565 -0.0290677 0.0049431 -0.990057 0.140239 0.0109793 
0.694759 0.459981 -0.552926 0.441655 0.838148 -0.320077 0.565239 0.616668 -0.547928 
0.429636 0.880732 -0.199307 0.334246 0.934108 -0.12539 -0.0764724 0.995448 0.0568758 
0.188214 0.981374 -0.0384785 0.29426 0.950792 -0.0969868 0.117083 0.993113 -0.00439091 
0.0101674 0.999604 0.0262402 -0.210214 0.974027 0.0841532 -0.335549 0.93611 0.105376 
-0.606526 0.786297 0.117741 -0.330358 0.938226 0.10294 -0.425008 0.896948 0.12187 
-0.520788 0.844304 0.126219 0.637579 0.259661 -0.725306 0.555448 -0.0349548 -0.830816 
0.503095 -0.255057 -0.825737 0.458049 -0.478155 -0.749372 0.459495 -0.478624 -0.748187 
0.446798 -0.505999 -0.737792 -0.647994 0.753777 0.109199 -0.695817 0.712715 0.0887481 
-0.818795 0.571882 0.050253 -0.883744 0.466822 0.032763 -0.950571 0.310092 0.0160664 
-0.743311 0.663896 0.0820485 0.240615 -0.835771 -0.49355 -0.0112799 -0.877012 -0.480336 
-0.203413 -0.871076 -0.447046 -0.431047 -0.811482 -0.394583 -0.553183 -0.781778 -0.287769 
0.588447 -0.630101 -0.506659 0.605223 -0.624497 -0.493668 0.563415 -0.684628 -0.462437 
-0.913 -0.40747 0.0199742 -0.615117 -0.734977 -0.285377 -0.731477 -0.656004 -0.186012 
-0.829489 -0.54823 -0.106728 -0.893631 -0.448801 -0.000597954 -0.881613 -0.469423 -0.0489945 
-0.90052 -0.434698 -0.0100293 -0.891663 -0.452404 0.0163786 -0.894048 -0.446874 0.0313281 
-0.94513 -0.326033 0.0207665 -0.982474 -0.185971 0.0126269 -0.999567 -0.0262047 0.0133639 
-0.989509 0.143973 0.0119764 0.470562 0.766919 -0.436356 0.391768 0.868444 -0.303846 
0.342658 0.91589 -0.209119 0.335564 0.92775 -0.163328 0.596919 0.376105 -0.708684 
0.539099 0.597216 -0.59389 -0.106566 0.993079 0.0493761 0.158128 0.98688 -0.0325973 
0.242388 0.967029 -0.0781166 0.0912573 0.995821 -0.00344219 -0.014311 0.999688 0.0204853 
-0.220997 0.972543 0.0729437 -0.588263 0.79893 0.125129 -0.330434 0.938183 0.103082 
-0.386796 0.913305 0.127527 -0.475201 0.868895 0.138584 -0.54099 0.829432 0.139188 
0.623959 0.148871 -0.767145 0.631825 -0.0606847 -0.772732 0.577684 -0.312445 -0.754095 
0.50298 -0.455391 -0.734595 0.43568 -0.51909 -0.735343 0.518445 -0.432731 -0.737536 
0.634249 -0.216388 -0.74223 0.440755 -0.513979 -0.735908 -0.588054 0.797086 0.137281 
-0.637352 0.761776 0.116105 -0.67151 0.732474 0.112055 -0.798059 0.598882 0.0666537 
-0.87306 0.484495 0.0550511 -0.947718 0.317979 0.0268381 -0.712796 0.689961 0.125999 
0.241856 -0.826373 -0.50854 0.529284 -0.676116 -0.512567 0.0495615 -0.882805 -0.467118 
-0.111158 -0.891903 -0.438352 -0.268261 -0.861501 -0.431107 -0.357702 -0.860822 -0.361987 
-0.507389 -0.797989 -0.325223 0.611332 -0.639845 -0.465694 0.608004 -0.649666 -0.456362 
-0.907341 -0.417927 0.0454966 -0.599162 -0.761151 -0.248304 -0.640163 -0.729295 -0.241497 
-0.785095 -0.598207 -0.160542 -0.864879 -0.495095 -0.0828554 -0.899664 -0.436264 0.0166711 
-0.90168 -0.431694 -0.0247849 -0.909783 -0.414838 0.0143094 -0.893437 -0.447608 0.0376429 
-0.89343 -0.445131 0.0603384 -0.937672 -0.344737 0.0439136 -0.982285 -0.185756 0.0247194 
-0.999291 -0.0154745 0.0343192 -0.988525 0.146527 0.0367102 0.51325 0.687537 -0.51368 
0.335518 0.863343 -0.376918 0.288361 0.936248 -0.200718 0.314722 0.933989 -0.169161 
0.275166 0.955061 -0.110193 0.627034 0.360444 -0.690585 0.677927 0.117324 -0.725707 
0.652277 0.507378 -0.563118 -0.112794 0.992485 0.0474476 0.218027 0.974358 -0.0555881 
0.189695 0.981648 -0.0195847 0.119839 0.992709 -0.0129629 0.0595379 0.998216 -0.00446229 
-0.0454425 0.998555 0.0286881 -0.27927 0.955291 0.0970979 -0.171752 0.983206 0.0617026 
-0.29387 0.951188 0.0942433 -0.395708 0.907936 0.138084 -0.462175 0.873477 0.153076 
-0.524295 0.83751 0.15392 0.510435 -0.457127 -0.728348 0.610332 -0.272661 -0.743741 
0.53898 -0.442919 -0.716466 0.513845 -0.45002 -0.730373 0.649072 0.00926074 -0.760671 
-0.558045 0.812707 0.16761 -0.597654 0.787829 0.148779 -0.648487 0.745998 0.151498 
-0.777169 0.620304 0.105979 -0.863459 0.489239 0.122816 -0.943279 0.325632 0.0647247 
-0.654248 0.724845 0.215775 -0.691979 0.692973 0.202369 0.34693 -0.806613 -0.478556 
0.126758 -0.88804 -0.441947 0.581739 -0.642492 -0.498782 0.580956 -0.642704 -0.499421 
0.574799 -0.678428 -0.457538 -0.0694362 -0.906668 -0.416092 -0.224281 -0.901409 -0.37035 
-0.424395 -0.853672 -0.301884 -0.897673 -0.428707 0.101952 -0.516496 -0.775403 -0.363295 
-0.718297 -0.651756 -0.243443 -0.83882 -0.529585 -0.126175 -0.894703 -0.444428 -0.0446165 
-0.902819 -0.427997 0.0416802 -0.91477 -0.403855 0.00980695 -0.91441 -0.402522 0.0427857 
-0.894924 -0.441763 0.0628954 -0.897568 -0.430621 0.0945372 -0.924502 -0.366386 0.105158 
-0.977287 -0.203502 0.0591417 -0.99797 -0.0138512 0.0621548 -0.982024 0.167193 0.0876107 
0.419355 0.709191 -0.566736 0.523195 0.458533 -0.718341 0.664551 0.321575 -0.674508 
0.411123 0.720493 -0.558452 0.221775 0.913056 -0.342265 0.249267 0.943706 -0.217452 
0.226769 0.968224 -0.105444 0.258321 0.962493 -0.0829282 0.237964 0.970075 -0.0482483 
0.192153 0.981362 0.00241953 0.22729 0.973603 -0.0208996 0.127983 0.991772 0.00297303 
0.0375069 0.99926 0.00853962 -0.0733857 0.996896 0.0285121 -0.192578 0.979354 0.0614735 
-0.31046 0.944349 0.108716 -0.402825 0.895553 0.18899 -0.45968 0.867166 0.19162 
-0.514064 0.838907 0.178809 0.567567 -0.161191 -0.807394 0.519807 -0.432555 -0.73668 
0.60081 0.162363 -0.78273 -0.551403 0.805504 0.217067 -0.595598 0.779766 0.192948 
-0.775545 0.600268 0.195469 -0.834606 0.49026 0.251153 -0.924424 0.353295 0.143608 
-0.592623 0.763665 0.256151 -0.623807 0.701636 0.344343 -0.722452 0.628978 0.287141 
0.570429 -0.687422 -0.449513 0.394865 -0.821343 -0.411676 0.183803 -0.878098 -0.44177 
-0.0383476 -0.898183 -0.437946 -0.25063 -0.879043 -0.405548 -0.895695 -0.391254 0.211308 
-0.907802 -0.384959 0.166438 -0.323446 -0.850441 -0.414889 -0.420892 -0.839967 -0.342498 
-0.585968 -0.754647 -0.29521 -0.62724 -0.749292 -0.212441 -0.770502 -0.614261 -0.170325 
-0.879717 -0.472947 -0.0491758 -0.820775 -0.565479 -0.0810087 -0.91035 -0.41377 0.00752634 
-0.903433 -0.42273 0.0714731 -0.919989 -0.389509 0.043621 -0.91663 -0.394044 0.0672235 
-0.895567 -0.436268 0.0873486 -0.901631 -0.417116 0.11435 -0.947849 -0.275184 0.160798 
-0.986207 -0.0891202 0.139475 -0.979666 0.131951 0.151139 -0.929722 0.312146 0.195403 
0.528327 0.566724 -0.632214 0.534317 0.374829 -0.757633 0.281757 0.764351 -0.579983 
0.396452 0.51522 -0.759852 0.241497 0.8518 -0.464882 0.132125 0.945066 -0.298987 
0.145504 0.973521 -0.176309 0.197836 0.970485 -0.13791 0.192764 0.980361 -0.0416578 
0.223053 0.974366 -0.0292812 0.196112 0.980276 0.024479 0.220821 0.975289 0.0070752 
0.133515 0.990857 0.0194045 0.0354942 0.999215 0.0176186 -0.078764 0.996044 0.0411339 
-0.194771 0.976095 0.0964524 -0.326004 0.93057 0.166617 -0.384295 0.875251 0.293689 
-0.438632 0.852232 0.285137 -0.517414 0.825614 0.225044 -0.485136 0.830919 0.272427 
0.528276 0.0620977 -0.846799 0.51838 -0.214534 -0.827803 0.486794 -0.378811 -0.787104 
0.483807 -0.375541 -0.790506 -0.527139 0.789675 0.313907 -0.529574 0.781417 0.330058 
-0.844163 0.423471 0.328728 -0.739531 0.538322 0.404108 -0.579021 0.73528 0.352276 
-0.665463 0.640348 0.383554 -0.606415 0.628956 0.486493 -0.544578 0.648654 0.531678 
-0.547916 0.703161 0.453159 0.57012 -0.690629 -0.444967 0.543504 -0.737467 -0.40093 
0.486302 -0.77021 -0.412659 0.220499 -0.87376 -0.433503 0.0144332 -0.906882 -0.421138 
-0.147995 -0.89877 -0.412686 -0.928074 -0.259014 0.267564 -0.897317 -0.287151 0.33521 
-0.909145 -0.387665 0.152224 -0.928972 -0.291382 0.228269 -0.254738 -0.907603 -0.333713 
-0.427288 -0.869334 -0.248361 -0.525202 -0.823115 -0.215976 -0.690237 -0.710179 -0.138634 
-0.886741 -0.462219 -0.00663152 -0.719912 -0.680863 -0.134732 -0.84512 -0.531371 -0.058458 
-0.916151 -0.398722 0.0410866 -0.899193 -0.423859 0.108605 -0.910629 -0.402725 0.0925606 
-0.922967 -0.379621 0.0634073 -0.921323 -0.380789 0.0785065 -0.962328 -0.0654117 0.263906 
-0.903376 0.277722 0.326775 -0.935234 0.132075 0.328471 0.466703 0.21068 -0.858954 
0.33653 0.651153 -0.680255 0.411688 0.356799 -0.838575 0.236492 0.779626 -0.579875 
0.0559846 0.904123 -0.423588 0.00508069 0.977862 -0.209191 0.0851737 0.988637 -0.123861 
0.141827 0.987473 -0.0691565 0.167961 0.985793 -0.000741432 0.211462 0.977346 0.00888498 
0.196615 0.979421 0.045586 0.221907 0.974614 0.0297503 0.138385 0.989186 0.0485931 
0.0460073 0.998091 0.0412093 -0.0593916 0.994909 0.0814157 -0.262478 0.945521 0.192604 
-0.116197 0.981352 0.153123 -0.295864 0.916681 0.268626 -0.397748 0.795104 0.457828 
-0.431496 0.799527 0.417813 -0.484176 0.78925 0.377701 0.488897 -0.0629962 -0.870064 
0.500295 -0.394057 -0.770989 0.462452 -0.413813 -0.784154 0.452242 -0.379131 -0.807302 
-0.506258 0.728987 0.46074 -0.813508 0.332 0.477473 -0.712873 0.466058 0.524024 
-0.599799 0.549472 0.581654 -0.526335 0.570373 0.630592 -0.501286 0.650269 0.570844 
-0.479686 0.549499 0.68407 0.533407 -0.741606 -0.406813 0.523769 -0.748506 -0.4067 
0.37375 -0.831387 -0.411225 0.522157 -0.748215 -0.409299 0.093495 -0.904497 -0.416106 
-0.114704 -0.920398 -0.37378 -0.879835 -0.216913 0.422893 -0.825938 -0.0581731 0.560751 
-0.91234 -0.130829 0.387968 -0.907898 -0.393986 0.143166 -0.915887 -0.341556 0.210929 
-0.925002 -0.223573 0.307224 -0.29965 -0.903814 -0.305499 -0.41837 -0.830985 -0.366647 
-0.629313 -0.736601 -0.247758 -0.905768 -0.423518 0.0147154 -0.774259 -0.620338 -0.125315 
-0.86269 -0.504037 -0.0413815 -0.924905 -0.376122 0.0555242 -0.926323 -0.36174 0.105215 
-0.926328 -0.370467 0.0683463 -0.928006 -0.365521 0.0721062 -0.881728 -0.0387512 0.470163 
-0.832963 0.147775 0.53323 0.460421 0.0848121 -0.88364 0.371605 0.522573 -0.767351 
0.435416 0.235166 -0.868971 0.158977 0.742563 -0.650635 0.313242 0.467846 -0.826438 
0.045661 0.839087 -0.542077 -0.0603832 0.949952 -0.306504 -0.0765456 0.987343 -0.138905 
0.0149326 0.997044 -0.0753626 0.101094 0.994499 -0.0274318 0.147548 0.988728 0.0254151 
0.20905 0.97716 0.038156 0.225662 0.973022 0.0480025 0.20549 0.97649 0.0651205 
0.135916 0.987264 0.082685 0.0419411 0.994772 0.0931139 0.0102155 0.988777 0.149052 
-0.135658 0.955376 0.262399 -0.291102 0.880944 0.373091 -0.427581 0.671128 0.605609 
-0.342972 0.715972 0.608074 -0.247696 0.852334 0.460622 -0.449378 0.696698 0.55917 
-0.477466 0.720155 0.503391 0.47065 -0.157999 -0.868058 0.449085 -0.417383 -0.790009 
0.472571 -0.429428 -0.76959 0.444031 -0.432766 -0.78457 0.490704 -0.377609 -0.785252 
-0.478507 0.623025 0.618766 -0.714481 0.280749 0.640856 -0.75231 0.137632 0.644273 
-0.586269 0.410274 0.698544 -0.501135 0.441574 0.744228 -0.461294 0.502657 0.731125 
-0.474526 0.442338 0.761027 0.511461 -0.757132 -0.406398 0.387922 -0.790798 -0.47345 
0.0591239 -0.871742 -0.486385 -0.164605 -0.889131 -0.427026 -0.709417 0.173544 0.683089 
-0.825376 0.0468836 0.562634 -0.886494 -0.0950459 0.452874 -0.924575 -0.309047 0.222824 
-0.906199 -0.25906 0.334204 -0.263642 -0.864064 -0.428819 -0.355834 -0.861261 -0.362783 
-0.507101 -0.797711 -0.326353 -0.579642 -0.775001 -0.251771 -0.716873 -0.675374 -0.173096 
-0.892332 -0.45132 0.00733304 -0.92129 -0.386402 0.0437997 -0.823897 -0.562741 -0.0672043 
-0.930487 -0.360941 0.0625671 -0.928897 -0.365775 0.0579599 -0.936229 -0.343122 0.0757745 
-0.951766 -0.278562 0.128626 0.481892 -0.0381161 -0.875401 0.412089 0.0987259 -0.905779 
0.192792 0.574256 -0.795652 0.323871 0.261925 -0.909122 0.0662695 0.741649 -0.667507 
-0.113747 0.890548 -0.440439 -0.164181 0.962436 -0.216242 -0.135576 0.987258 -0.0833141 
-0.0363355 0.998562 -0.0394304 0.0627206 0.99803 -0.00122153 0.123193 0.991446 0.0431164 
0.193385 0.979296 0.0598526 0.226467 0.971628 0.0681983 0.195668 0.97585 0.0971122 
0.101894 0.984378 0.14359 -0.0479402 0.959794 0.276581 -0.353745 0.587783 0.727582 
-0.40997 0.544291 0.731897 -0.463307 0.569372 0.679089 -0.249717 0.713888 0.654221 
-0.287523 0.568017 0.77116 -0.142535 0.86699 0.477506 0.521227 -0.284987 -0.804428 
0.486874 -0.425046 -0.763079 0.495501 -0.451447 -0.742074 -0.597948 0.255551 0.759705 
-0.556298 0.344284 0.756308 -0.428439 0.467492 0.773234 -0.41347 0.425049 0.805218 
-0.430768 0.428717 0.794129 -0.427909 0.390916 0.81491 -0.476447 0.384629 0.790606 
0.495657 -0.744276 -0.447635 0.49035 -0.746477 -0.44981 0.503859 -0.729745 -0.462166 
0.40473 -0.758233 -0.511152 0.124767 -0.860416 -0.494082 -0.0846927 -0.889572 -0.448875 
-0.614257 0.274995 0.739639 -0.694997 0.18881 0.69378 -0.812939 0.0986736 0.573928 
-0.905435 -0.13061 0.403891 -0.957451 -0.125856 0.259707 -0.221295 -0.896316 -0.384248 
-0.417187 -0.851447 -0.317793 -0.624419 -0.741771 -0.244696 -0.785008 -0.605186 -0.132336 
-0.871219 -0.490344 -0.0232539 -0.910917 -0.410881 0.0375203 -0.923984 -0.377899 0.0587061 
-0.934183 -0.351654 0.060338 -0.928357 -0.367001 0.0588526 -0.950201 -0.30171 0.0780339 
-0.97594 -0.16727 0.139861 0.46177 -0.244058 -0.852763 0.385209 -0.0386754 -0.922019 
0.220015 0.520239 -0.825194 0.304677 0.244732 -0.920477 0.258913 0.575045 -0.776072 
-0.00340035 0.789244 -0.61407 -0.125657 0.9059 -0.404419 -0.237592 0.928554 -0.285196 
-0.231006 0.965539 -0.119879 -0.16172 0.986293 -0.0327482 -0.070733 0.997436 -0.0108805 
0.0300424 0.999397 0.0174085 0.0933471 0.993604 0.063542 0.171951 0.980997 0.0898763 
0.215811 0.971081 0.102118 0.191194 0.966995 0.168421 0.0990837 0.963112 0.250197 
0.0338513 0.901411 0.431639 -0.338939 0.452888 0.824629 -0.405309 0.467686 0.78549 
-0.0867098 0.757878 0.646609 -0.205353 0.620409 0.756916 -0.312279 0.469449 0.825893 
0.471809 -0.469119 -0.746541 -0.508708 0.329049 0.795577 -0.370562 0.397358 0.839518 
-0.386995 0.375509 0.842157 -0.430644 0.347823 0.832805 0.486487 -0.72046 -0.494235 
0.485314 -0.730761 -0.480062 0.228357 -0.845104 -0.483376 -0.0475819 -0.892728 -0.448076 
-0.539296 0.290094 0.790573 -0.640724 0.298914 0.707194 -0.737984 0.235067 0.632553 
-0.867568 0.11494 0.483853 -0.957747 0.0947833 0.271546 -0.259969 -0.861993 -0.435182 
-0.51185 -0.768369 -0.384212 -0.704905 -0.66132 -0.256446 -0.857611 -0.512179 -0.0466477 
-0.809591 -0.573853 -0.123509 -0.899237 -0.436812 0.0238257 -0.918127 -0.392011 0.0580453 
-0.923247 -0.379103 0.0624183 -0.937697 -0.342147 0.0605024 -0.927593 -0.36912 0.0576413 
-0.961238 -0.261966 0.0859988 -0.983673 -0.101773 0.148423 0.417414 -0.320443 -0.850342 
0.417447 -0.483266 -0.76954 0.424228 -0.476514 -0.770042 0.423947 -0.0101023 -0.905631 
0.473934 -0.19372 -0.858987 0.399434 0.367695 -0.839793 0.474972 0.126908 -0.870802 
0.151753 0.747374 -0.646841 0.332454 0.466122 -0.819881 0.503614 0.209837 -0.838058 
0.0368792 0.891643 -0.451234 -0.0199995 0.963882 -0.265578 -0.163783 0.955311 -0.24608 
-0.240333 0.957268 -0.160866 -0.231179 0.970274 -0.0715927 -0.223775 0.973855 -0.0391268 
-0.173431 0.98484 -0.00336843 -0.09408 0.99549 0.0121952 0.000691569 0.999366 0.0356022 
0.05466 0.994035 0.0943741 0.123089 0.982683 0.138506 0.189533 0.965384 0.179193 
0.151236 0.931337 0.33127 -0.00219809 0.826815 0.56247 -0.34389 0.387122 0.855498 
-0.150024 0.710347 0.687677 -0.23144 0.532027 0.814483 -0.276119 0.491565 0.825907 
-0.300083 0.403978 0.864148 -0.326936 0.386342 0.862469 -0.357019 0.366812 0.859061 
-0.388727 0.373624 0.842197 -0.475093 0.369636 0.798533 0.487085 -0.74157 -0.461327 
0.497785 -0.731814 -0.465467 0.225172 -0.826591 -0.515795 -0.0347371 -0.868486 -0.494496 
-0.528341 0.383837 0.757315 -0.600943 0.335925 0.725274 -0.669881 0.335286 0.662452 
-0.774625 0.411595 0.480152 -0.892983 0.292954 0.341702 -0.97076 0.0615659 0.232024 
-0.179023 -0.862821 -0.472749 -0.348971 -0.82436 -0.445701 -0.449723 -0.812049 -0.371922 
-0.604612 -0.729962 -0.318746 -0.69696 -0.683227 -0.217824 -0.880775 -0.473391 -0.0116979 
-0.749117 -0.633543 -0.193511 -0.864547 -0.4953 -0.0850607 -0.912684 -0.406131 0.0454482 
-0.921633 -0.383182 0.0613566 -0.922492 -0.381847 0.0565753 -0.942218 -0.326788 0.0737212 
-0.932103 -0.357931 0.0554091 -0.970563 -0.20555 0.125526 0.477377 -0.367105 -0.798339 
0.458198 -0.520187 -0.720736 0.457134 -0.519942 -0.721588 0.547481 -0.0811832 -0.832871 
0.51063 -0.356243 -0.782527 0.194214 0.901225 -0.387395 0.295205 0.748489 -0.593817 
0.489344 0.543255 -0.682214 0.527122 0.33742 -0.77993 0.520982 0.0637364 -0.851185 
0.514553 -0.0987636 -0.851752 0.0886374 0.965306 -0.245619 -0.0655386 0.987848 -0.140931 
-0.151059 0.979882 -0.130431 -0.179739 0.98172 -0.0626127 -0.229834 0.972815 -0.0284236 
-0.221707 0.975078 -0.00834583 -0.186085 0.982409 0.0156457 -0.119318 0.992331 0.032299 
-0.0337516 0.9976 0.0604598 -0.00429746 0.988531 0.150954 0.0645979 0.980215 0.187098 
0.0850938 0.947843 0.307168 -0.0644062 0.844631 0.53146 -0.325984 0.355751 0.875885 
-0.339842 0.358252 0.869576 -0.222394 0.658921 0.718585 -0.283115 0.457039 0.843185 
-0.271374 0.405623 0.872827 -0.300879 0.353572 0.885697 -0.342193 0.364161 0.866193 
-0.358128 0.373297 0.8558 -0.369193 0.389738 0.843683 -0.407754 0.396199 0.822656 
-0.43777 0.399787 0.805312 0.496769 -0.727131 -0.473815 0.366167 -0.77771 -0.510969 
0.0423826 -0.865323 -0.49942 -0.488706 0.414029 0.76795 -0.535345 0.5235 0.662837 
-0.569105 0.596625 0.565825 -0.734068 0.500001 0.459504 -0.819948 0.339855 0.460634 
-0.971143 -0.1488 0.186388 -0.946703 0.116863 0.30016 -0.159362 -0.838075 -0.521761 
-0.329298 -0.849676 -0.411841 -0.54579 -0.781119 -0.303259 -0.914193 -0.405258 0.00411372 
-0.679964 -0.65369 -0.332171 -0.826243 -0.537961 -0.167097 -0.895492 -0.440436 -0.0641059 
-0.925147 -0.377042 0.0440752 -0.924579 -0.377642 0.0504033 -0.925301 -0.377113 0.0400477 
-0.950246 -0.289922 0.113923 -0.933287 -0.357857 0.0302397 -0.953284 -0.291875 0.0778423 
0.457916 -0.52094 -0.720371 0.458195 -0.520931 -0.7202 0.458052 -0.520977 -0.720258 
0.481961 -0.523672 -0.702482 0.49744 -0.32137 -0.805776 0.463627 -0.538395 -0.70369 
0.463187 -0.543714 -0.699881 0.444129 0.71872 -0.534967 0.229518 0.908976 -0.34797 
0.49583 0.449787 -0.742862 0.548413 0.195934 -0.812929 0.540095 -0.173143 -0.823601 
0.554394 -0.0294974 -0.831731 0.042782 0.983715 -0.17457 -0.105212 0.991727 -0.0735351 
-0.194834 0.980537 -0.0242398 -0.229029 0.973406 -0.00510623 -0.224398 0.974445 0.0101354 
-0.203511 0.978269 0.0396618 -0.150952 0.986897 0.0569982 -0.0878709 0.991622 0.0946805 
-0.12137 0.96461 0.234087 -0.0238018 0.940294 0.33953 -0.12738 0.8348 0.535616 
-0.323154 0.359413 0.875439 -0.346846 0.510686 0.786701 -0.328185 0.63828 0.696342 
-0.195052 0.841923 0.503111 -0.352902 0.411001 0.840558 -0.30384 0.373644 0.876397 
-0.309738 0.365997 0.877558 -0.347555 0.389647 0.852866 -0.389028 0.418994 0.820427 
0.484114 -0.730273 -0.482011 0.478688 -0.720853 -0.501227 0.476627 -0.72806 -0.492701 
0.181157 -0.811863 -0.555032 -0.398448 0.503618 0.766556 -0.401447 0.592386 0.698512 
-0.459998 0.607561 0.647512 -0.426637 0.624968 0.653756 -0.543232 0.606166 0.580914 
-0.67539 0.45832 0.577747 -0.839296 0.216264 0.498811 -0.677972 0.401505 0.61575 
-0.566729 0.51694 0.641553 -0.953427 -0.164573 0.252771 -0.923605 -0.0661131 0.377601 
-0.0376008 -0.816587 -0.575997 -0.251172 -0.794767 -0.552501 -0.432817 -0.771574 -0.4662 
-0.922072 -0.386828 -0.0121273 -0.931369 -0.363296 0.0238113 -0.531108 -0.721941 -0.443537 
-0.690354 -0.63504 -0.346605 -0.809495 -0.542045 -0.225623 -0.887342 -0.450874 -0.096628 
-0.928317 -0.370477 0.031202 -0.930497 -0.365398 0.0256952 -0.931556 -0.36342 0.0114011 
-0.949186 -0.313745 0.0247037 -0.98214 -0.151918 0.111007 0.519319 -0.42157 -0.743362 
0.483267 -0.538672 -0.690134 0.462433 -0.545226 -0.699203 0.462717 -0.545192 -0.699041 
0.365514 0.743637 -0.559824 0.392709 0.766367 -0.50839 0.165431 0.921573 -0.351193 
0.0941801 0.972664 -0.21226 0.480709 0.619631 -0.620465 0.535374 0.468359 -0.702861 
0.551782 0.189887 -0.812083 0.504099 -0.332556 -0.797051 0.527215 -0.0718039 -0.846693 
-0.0302957 0.994687 -0.0983874 -0.136275 0.990246 -0.0290261 -0.200709 0.97965 -0.00122612 
-0.227931 0.973604 0.0119844 -0.230567 0.972451 0.0343205 -0.224288 0.970872 0.0842798 
-0.193642 0.975948 0.100144 -0.142098 0.981912 0.125126 -0.241822 0.895526 0.373571 
-0.209351 0.946372 0.246074 -0.329167 0.407762 0.851692 -0.382835 0.513298 0.768091 
-0.391892 0.453878 0.80026 -0.349906 0.751218 0.559677 -0.40668 0.568951 0.714777 
-0.403812 0.425395 0.809923 -0.38643 0.414408 0.823977 -0.337706 0.385399 0.858733 
-0.323379 0.413454 0.851165 -0.348993 0.450276 0.821861 0.481803 -0.721732 -0.49696 
0.483857 -0.683537 -0.546497 0.207625 -0.783927 -0.585107 -0.364645 0.514365 0.776184 
-0.366706 0.551942 0.748924 -0.394866 0.622894 0.67534 -0.366489 0.620998 0.692854 
-0.363259 0.570563 0.736546 -0.373669 0.620721 0.689258 -0.433595 0.615069 0.658549 
-0.360744 0.64203 0.676507 -0.359451 0.631775 0.686772 -0.82382 0.141401 0.548932 
-0.507188 0.528256 0.680959 -0.614052 0.414578 0.671614 -0.918773 0.149017 0.365582 
0.0843335 -0.835576 -0.542863 -0.154264 -0.832173 -0.532626 -0.351703 -0.789493 -0.502997 
-0.923444 -0.381351 -0.0426968 -0.938617 -0.344936 0.00405541 -0.93772 -0.347099 0.014281 
-0.318978 -0.810806 -0.490762 -0.48598 -0.754472 -0.44113 -0.677082 -0.656416 -0.332682 
-0.879442 -0.45973 -0.123409 -0.814808 -0.537679 -0.216768 -0.932381 -0.361468 0.00264367 
-0.936787 -0.349828 -0.00715541 -0.961439 -0.273821 0.0256319 -0.980644 -0.00630423 0.195696 
-0.978129 -0.172337 0.116463 0.472593 -0.53044 -0.703768 0.295013 0.768392 -0.567928 
0.45238 0.52579 -0.720345 0.241023 0.841342 -0.483789 0.0929399 0.929018 -0.358172 
0.0432847 0.977336 -0.20722 0.0349087 0.9877 -0.152416 0.543594 0.300407 -0.783748 
0.558122 0.0840299 -0.825493 0.496579 -0.314132 -0.809154 0.455768 -0.532851 -0.712983 
0.455824 -0.536344 -0.710324 0.562411 -0.145789 -0.813904 -0.0750147 0.995943 -0.049695 
-0.152513 0.988297 -0.00301212 -0.201602 0.979346 0.0154259 -0.229559 0.972682 0.0345439 
-0.245926 0.966015 0.0795935 -0.260863 0.95016 0.170726 -0.230762 0.959005 0.164496 
-0.276456 0.874551 0.398413 -0.314137 0.851456 0.419928 -0.281908 0.906924 0.313075 
-0.363379 0.478937 0.799109 -0.349144 0.460447 0.816142 -0.426012 0.46936 0.773444 
-0.447664 0.614747 0.649371 -0.398396 0.711836 0.578421 -0.469322 0.505175 0.724248 
-0.426307 0.457296 0.780476 -0.393357 0.438457 0.8081 -0.369892 0.434837 0.821034 
-0.364376 0.469255 0.804382 -0.351105 0.505375 0.788239 0.483717 -0.680562 -0.550321 
0.3414 -0.767691 -0.542307 -0.361908 0.620417 0.695777 -0.359318 0.516804 0.777048 
-0.356526 0.57305 0.737904 -0.390552 0.597792 0.700081 -0.344582 0.636733 0.689807 
-0.351283 0.618079 0.703262 -0.357314 0.627343 0.69193 -0.675528 0.431783 0.597684 
-0.440616 0.563832 0.698535 -0.72989 0.425448 0.535028 -0.943177 0.139693 0.301501 
0.368978 -0.777288 -0.509587 0.105364 -0.845381 -0.523669 -0.103902 -0.848418 -0.51903 
-0.911422 -0.400281 -0.0953147 -0.944358 -0.327549 -0.030002 -0.948925 -0.315432 -0.00666546 
-0.942374 -0.334422 -0.00963631 -0.25804 -0.83468 -0.486543 -0.463688 -0.76913 -0.43981 
-0.650818 -0.674704 -0.348154 -0.716179 -0.613746 -0.33227 -0.889027 -0.414817 -0.193798 
-0.93531 -0.353396 -0.0175316 -0.951937 -0.30545 0.0227203 -0.940446 -0.339905 -0.00509666 
-0.957836 -0.2785 0.0706255 -0.976325 -0.117002 0.181936 0.355854 0.663298 -0.658334 
0.447635 0.4346 -0.781502 0.526373 0.234474 -0.817284 0.272159 0.740893 -0.614009 
0.0311767 0.814152 -0.579814 -0.109447 0.948881 -0.296052 -0.0318138 0.986332 -0.16167 
-0.0399121 0.995243 -0.0888697 0.570709 -0.0156978 -0.821003 0.535253 -0.41754 -0.734278 
0.46705 -0.531183 -0.706901 0.557458 -0.3052 -0.772071 -0.109366 0.993867 -0.0163587 
-0.161697 0.986728 0.0149304 -0.202628 0.978627 0.0350758 -0.23992 0.968123 0.0719467 
-0.281749 0.94702 0.154178 -0.333412 0.892434 0.303971 -0.337216 0.824087 0.455155 
-0.371524 0.785054 0.495641 -0.383621 0.5243 0.760227 -0.413582 0.519116 0.747976 
-0.411441 0.494899 0.76537 -0.457179 0.464854 0.75822 -0.442781 0.61553 0.651972 
-0.47569 0.530529 0.701611 -0.438414 0.5895 0.678442 -0.414646 0.642415 0.644494 
-0.488161 0.485648 0.725152 -0.491042 0.46831 0.73455 -0.43216 0.488741 0.757872 
0.481773 -0.687756 -0.543034 0.48668 -0.706042 -0.514438 -0.374747 0.61545 0.693388 
-0.384377 0.61284 0.690421 -0.409085 0.607715 0.680685 -0.391871 0.575815 0.717547 
-0.362234 0.6257 0.690859 -0.353675 0.624303 0.696534 -0.354526 0.622144 0.698032 
-0.482414 0.585828 0.651216 -0.579407 0.497354 0.645699 -0.378109 0.624709 0.683207 
-0.769283 0.429395 0.4731 -0.560932 0.547344 0.621104 -0.485316 0.560703 0.670881 
-0.863147 0.210573 0.458952 -0.935927 -0.0147208 0.351886 0.49516 -0.710498 -0.50001 
0.479154 -0.723559 -0.496864 0.451846 -0.747531 -0.48686 0.229568 -0.844234 -0.484323 
-0.0124476 -0.872899 -0.487743 -0.946324 -0.312569 -0.0822906 -0.959203 -0.28035 -0.036511 
-0.955271 -0.294443 -0.0275963 -0.945378 -0.324662 -0.0292441 -0.182543 -0.823536 -0.537091 
-0.524574 -0.691287 -0.496936 -0.786478 -0.505735 -0.354521 -0.946258 -0.299619 -0.121758 
-0.910238 -0.363975 -0.197456 -0.951979 -0.305532 -0.0196546 -0.955838 -0.288311 0.0570068 
-0.959022 -0.197779 0.20288 0.430525 0.543071 -0.720918 0.498174 0.306956 -0.810926 
0.541617 0.0804993 -0.836762 0.224341 0.586713 -0.778099 0.403314 0.461601 -0.790103 
0.138733 0.678057 -0.721798 0.0423127 0.801194 -0.596907 -0.111444 0.88055 -0.460665 
-0.177028 0.950738 -0.254477 -0.183721 0.974191 -0.131147 -0.11803 0.988208 -0.0975381 
-0.0909914 0.994722 -0.0474162 0.57483 -0.150324 -0.804347 0.518162 -0.486192 -0.703651 
0.511122 -0.508434 -0.693 0.535074 -0.403325 -0.742311 0.515339 -0.486852 -0.705266 
-0.131503 0.991297 0.00605543 -0.167344 0.985347 0.032961 -0.206864 0.976149 0.0658786 
-0.261476 0.956438 0.129831 -0.318022 0.912857 0.256037 -0.408867 0.785397 0.464737 
-0.351542 0.834774 0.423758 -0.431008 0.642734 0.633344 -0.417962 0.558842 0.716242 
-0.433735 0.54054 0.720895 -0.433093 0.565582 0.701817 -0.477518 0.469539 0.742637 
-0.465877 0.494194 0.733983 -0.488498 0.483206 0.726555 -0.469565 0.50838 0.721844 
-0.440463 0.545645 0.712926 -0.434525 0.549662 0.713485 -0.492673 0.48811 0.720432 
-0.496287 0.478652 0.724287 -0.442475 0.518453 0.731726 -0.424615 0.597844 0.679915 
-0.387333 0.607057 0.693869 -0.435609 0.588091 0.681464 -0.383459 0.601382 0.700927 
-0.371489 0.626944 0.68479 -0.349695 0.630103 0.693313 -0.347413 0.632216 0.692537 
-0.395675 0.627884 0.670226 -0.362837 0.651577 0.666181 -0.354097 0.643119 0.67898 
-0.677621 0.401707 0.616004 -0.44074 0.609343 0.659127 -0.569334 0.487829 0.661726 
-0.785044 0.206538 0.583993 -0.915733 0.025742 0.400962 0.446848 -0.754227 -0.481112 
0.402983 -0.816564 -0.413314 0.179039 -0.853214 -0.489868 -0.965285 -0.2521 -0.0683438 
-0.966962 -0.250681 -0.0463005 -0.959208 -0.279682 -0.0411999 0.0323095 -0.832016 -0.55381 
-0.23755 -0.784638 -0.572637 -0.367826 -0.778626 -0.508376 -0.610279 -0.665744 -0.429353 
-0.807444 -0.495143 -0.32073 -0.960727 -0.256244 -0.106504 -0.777874 -0.554852 -0.295044 
-0.947923 -0.288289 -0.135393 -0.882916 -0.427386 -0.194423 -0.966244 -0.254346 -0.0410046 
-0.971398 -0.23685 0.016972 -0.971541 -0.162898 0.171965 0.489881 0.187016 -0.851494 
0.530937 -0.0595829 -0.845314 0.257949 0.487615 -0.834082 0.367003 0.305957 -0.878464 
0.220897 0.582002 -0.78261 0.106866 0.782751 -0.613091 -0.00732462 0.912109 -0.409881 
-0.0876547 0.913942 -0.396265 -0.125338 0.967403 -0.220048 -0.193853 0.9746 -0.112138 
-0.195862 0.979882 -0.0383381 -0.161126 0.9864 -0.0324627 -0.13029 0.991396 -0.0125878 
0.504921 -0.39185 -0.769096 0.499536 -0.454618 -0.737418 -0.145482 0.988992 0.0270176 
-0.173726 0.983085 0.0579956 -0.215777 0.969204 0.118678 -0.290276 0.931337 0.219891 
-0.349582 0.849932 0.394218 -0.398956 0.736571 0.546166 -0.395551 0.70158 0.592727 
-0.438047 0.540066 0.71864 -0.427523 0.570847 0.70097 -0.44871 0.569954 0.68834 
-0.463557 0.566891 0.680991 -0.460768 0.543095 0.701955 -0.484999 0.517932 0.704643 
-0.482538 0.481626 0.731569 -0.457953 0.494351 0.738848 -0.445159 0.495163 0.746088 
-0.496239 0.504204 0.706771 -0.480268 0.495343 0.723863 -0.4445 0.596557 0.668236 
-0.420774 0.581978 0.695881 -0.457904 0.577135 0.676195 -0.454655 0.593422 0.664184 
-0.456206 0.588487 0.667502 -0.429925 0.586937 0.686053 -0.395429 0.608422 0.688083 
-0.371744 0.635253 0.67695 -0.420724 0.620254 0.662025 -0.418306 0.61317 0.670107 
-0.382075 0.634507 0.671877 -0.367911 0.665571 0.649351 -0.376327 0.667311 0.642709 
-0.516464 0.604262 0.606739 -0.412997 0.687263 0.597581 -0.740237 0.423246 0.52241 
-0.954966 0.151359 0.255208 0.452688 -0.766508 -0.455565 0.467228 -0.781772 -0.412953 
0.478043 -0.776696 -0.410145 0.495826 -0.758726 -0.422483 0.274615 -0.807039 -0.522757 
-0.973405 -0.21918 -0.0666521 -0.971416 -0.23079 -0.0555632 0.185338 -0.855886 -0.482813 
-0.0816092 -0.855074 -0.512043 -0.295199 -0.835342 -0.463748 -0.518685 -0.754338 -0.402419 
-0.972017 -0.2176 -0.0885016 -0.70524 -0.644553 -0.295275 -0.953836 -0.273958 -0.123062 
-0.724173 -0.627351 -0.286363 -0.904822 -0.376384 -0.19908 -0.976428 -0.206692 -0.0621901 
-0.97355 -0.225155 -0.0388087 -0.988529 -0.110007 0.103488 -0.985955 -0.166986 -0.00273011 
0.46593 0.061389 -0.882689 0.4902 -0.156639 -0.857419 0.345895 0.354911 -0.868559 
0.405721 0.13893 -0.903376 0.184462 0.698129 -0.691802 0.251272 0.484936 -0.837675 
0.325397 0.272521 -0.905455 0.0731801 0.894767 -0.440497 -0.0601601 0.969998 -0.235552 
-0.159579 0.981699 -0.103933 -0.202414 0.97876 -0.0325311 -0.201844 0.979353 0.011283 
-0.175762 0.984345 0.013124 -0.149872 0.988516 0.0193653 0.49716 -0.402991 -0.768395 
0.488072 -0.443064 -0.751984 0.509175 -0.359306 -0.782074 0.495796 -0.433928 -0.752259 
-0.152408 0.986916 0.0526216 -0.174127 0.980188 0.0944032 -0.276535 0.935138 0.221461 
-0.197033 0.963917 0.179001 -0.271795 0.918859 0.286053 -0.411422 0.724866 0.55254 
-0.350752 0.776725 0.523136 -0.280056 0.895651 0.345511 -0.4376 0.571467 0.694214 
-0.424679 0.503219 0.752608 -0.432987 0.486993 0.758525 -0.422238 0.492055 0.761313 
-0.461192 0.577988 0.673225 -0.476132 0.551636 0.684833 -0.466045 0.583775 0.664837 
-0.46305 0.572845 0.676338 -0.480214 0.538487 0.692406 -0.452665 0.49142 0.744044 
-0.43033 0.472283 0.769263 -0.436388 0.478961 0.761683 -0.458056 0.515206 0.724395 
-0.446622 0.573792 0.686506 -0.464664 0.588102 0.661985 -0.464742 0.576947 0.671674 
-0.472511 0.575572 0.667421 -0.465161 0.587236 0.662403 -0.461368 0.590859 0.661834 
-0.457543 0.587638 0.667335 -0.389112 0.64329 0.659371 -0.448122 0.610259 0.653276 
-0.409209 0.645957 0.644428 -0.447317 0.612337 0.651882 -0.465633 0.596767 0.653495 
-0.374189 0.683181 0.627093 -0.40077 0.668569 0.626418 -0.373989 0.706405 0.600936 
-0.462357 0.683057 0.565384 -0.543978 0.653234 0.526663 -0.404361 0.719698 0.564382 
-0.380505 0.727839 0.570496 -0.665678 0.595174 0.450156 -0.841218 0.39809 0.365893 
-0.995432 -0.0353175 0.0887048 -0.83412 0.421847 0.35537 -0.890904 0.326129 0.316118 
-0.975016 0.152732 0.1613 0.502897 -0.750252 -0.429204 0.39653 -0.794539 -0.459861 
-0.978108 -0.196162 -0.0694619 0.439681 -0.807835 -0.392535 0.255993 -0.856704 -0.447801 
0.000389779 -0.881089 -0.472951 -0.205185 -0.8781 -0.432249 -0.443798 -0.816385 -0.369538 
-0.97709 -0.193933 -0.0876672 -0.966627 -0.225084 -0.122349 -0.420439 -0.794792 -0.437648 
-0.756698 -0.555683 -0.344419 -0.950382 -0.273052 -0.149055 -0.887717 -0.406564 -0.216018 
-0.980737 -0.179524 -0.0769781 -0.979874 -0.191627 -0.0559103 -0.982323 -0.17106 -0.0760294 
-0.985965 -0.157158 -0.0563463 -0.998177 -0.0603387 0.00134467 0.470889 -0.0642175 -0.879852 
0.518849 -0.272541 -0.810258 0.400261 0.0195009 -0.916194 0.098504 0.870155 -0.482832 
0.162001 0.667501 -0.726773 0.263995 0.381458 -0.885887 0.344308 0.127969 -0.930094 
-0.00787664 0.963616 -0.267173 -0.110744 0.987304 -0.113867 -0.179735 0.983236 -0.0307115 
-0.209026 0.977839 0.0117595 -0.209767 0.976904 0.0407012 -0.185013 0.981718 0.0447237 
-0.16053 0.985811 0.0490672 0.503559 -0.38936 -0.77125 0.498627 -0.405636 -0.766049 
-0.166157 0.981758 0.0924258 -0.184012 0.972282 0.144244 -0.222179 0.939668 0.260118 
-0.40117 0.671326 0.623205 -0.281466 0.874256 0.395542 -0.395979 0.617861 0.6793 
-0.375226 0.677751 0.632345 -0.3123 0.837699 0.448027 -0.431888 0.473021 0.767935 
-0.428022 0.502507 0.751188 -0.415894 0.462739 0.782883 -0.416797 0.444686 0.792802 
-0.461342 0.585255 0.666813 -0.443341 0.555555 0.703425 -0.450934 0.585771 0.673447 
-0.434267 0.492656 0.754124 -0.443136 0.503129 0.741952 -0.415335 0.475881 0.775264 
-0.437428 0.521087 0.732889 -0.474077 0.579704 0.662717 -0.464063 0.585448 0.664752 
-0.469314 0.582775 0.663414 -0.452916 0.594826 0.664115 -0.428695 0.643435 0.634202 
-0.461158 0.597148 0.656313 -0.441065 0.635821 0.633399 -0.4681 0.586658 0.660844 
-0.378435 0.699452 0.606262 -0.392426 0.693633 0.604049 -0.419875 0.667777 0.614637 
-0.375573 0.725242 0.577035 -0.423631 0.739045 0.523783 -0.520677 0.71135 0.472098 
-0.385254 0.731137 0.563044 -0.370321 0.746649 0.55261 -0.571498 0.690149 0.443942 
-0.735691 0.543549 0.40412 -0.816429 0.48257 0.317127 -0.996053 0.0789013 0.0406514 
-0.933457 0.325332 0.151053 0.504303 -0.752965 -0.422755 0.544942 -0.737813 -0.398335 
0.553987 -0.741578 -0.378366 0.549396 -0.757522 -0.352596 0.521316 -0.765183 -0.377789 
0.29134 -0.855957 -0.427152 0.0618279 -0.897717 -0.436212 -0.123669 -0.897982 -0.422296 
-0.981045 -0.171901 -0.0894481 -0.975814 -0.192231 -0.104084 -0.0414954 -0.87647 -0.479665 
-0.230142 -0.84275 -0.486628 -0.533358 -0.726359 -0.433511 -0.722981 -0.612403 -0.319782 
-0.956498 -0.259895 -0.132537 -0.761495 -0.5762 -0.296848 -0.915854 -0.352337 -0.192537 
-0.983229 -0.160181 -0.0871898 -0.984921 -0.153026 -0.0807132 -0.989991 -0.126021 -0.0635296 
-0.997315 -0.0623488 -0.0384033 0.441502 -0.237026 -0.865387 0.464253 -0.418884 -0.780388 
0.371822 -0.071907 -0.925515 0.188633 0.768863 -0.610956 0.0907927 0.928107 -0.361073 
0.0347338 0.963947 -0.263817 0.244043 0.545991 -0.801459 0.301765 0.303035 -0.90394 
0.325203 0.0902379 -0.941329 -0.0549637 0.990974 -0.122271 -0.134443 0.990367 -0.0331288 
-0.189101 0.981894 0.011195 -0.216113 0.975693 0.0363003 -0.22554 0.971978 0.0662681 
-0.201335 0.976433 0.0777305 -0.173084 0.981208 0.0852851 -0.202062 0.968302 0.146841 
-0.272152 0.929447 0.24912 -0.404013 0.545177 0.734545 -0.410235 0.693512 0.59224 
-0.411327 0.547118 0.729022 -0.355392 0.843973 0.401754 -0.424189 0.446035 0.788109 
-0.424807 0.434591 0.794147 -0.417768 0.455716 0.785998 -0.399788 0.459786 0.792948 
-0.420562 0.437008 0.79508 -0.408912 0.448634 0.794682 -0.427284 0.585642 0.688805 
-0.411902 0.574764 0.707095 -0.42089 0.519994 0.743275 -0.427145 0.601721 0.674892 
-0.388419 0.501866 0.772827 -0.451718 0.596077 0.66381 -0.456454 0.596083 0.660556 
-0.465656 0.585454 0.663633 -0.448338 0.617555 0.646235 -0.455055 0.601015 0.657043 
-0.461444 0.586245 0.665872 -0.43235 0.648603 0.626409 -0.46118 0.586141 0.666147 
-0.398041 0.70342 0.588867 -0.404193 0.694242 0.59553 -0.361264 0.742959 0.563472 
-0.376907 0.722742 0.579297 -0.386734 0.781926 0.488905 -0.349275 0.784838 0.511894 
-0.46031 0.752883 0.470407 -0.343282 0.764892 0.545067 -0.484163 0.752669 0.446179 
-0.627669 0.659926 0.412951 -0.593075 0.709646 0.380348 -0.759087 0.602642 0.246191 
-0.990781 0.131786 0.03139 -0.905456 0.402129 0.1358 0.575654 -0.738516 -0.351023 
0.576448 -0.735769 -0.355459 0.415729 -0.8289 -0.374291 0.579197 -0.739047 -0.344008 
0.185369 -0.891147 -0.414119 -0.979144 -0.178721 -0.0966255 0.261564 -0.841395 -0.472904 
0.061818 -0.859406 -0.507543 -0.154508 -0.813168 -0.561147 -0.475185 -0.78075 -0.405744 
-0.968294 -0.220198 -0.117983 -0.558401 -0.688466 -0.462821 -0.804219 -0.505814 -0.312064 
-0.953846 -0.272022 -0.12721 -0.909054 -0.383041 -0.164014 -0.983982 -0.155943 -0.0863793 
-0.988128 -0.134039 -0.0750731 -0.984571 -0.154112 -0.082878 -0.989173 -0.124844 -0.0771375 
-0.998684 -0.0271186 -0.0435323 0.373688 -0.285542 -0.88251 0.384569 -0.402992 -0.830484 
0.407353 -0.399799 -0.821112 0.363109 -0.1135 -0.924808 0.168048 0.796589 -0.580694 
0.286665 0.508726 -0.811801 0.117535 0.916266 -0.382938 0.0407932 0.980984 -0.189754 
0.0144658 0.989221 -0.145716 0.353343 0.19821 -0.914255 0.384572 -0.018205 -0.922915 
-0.0732426 0.996451 -0.0414786 -0.144502 0.989475 0.00767836 -0.194649 0.980352 0.0319693 
-0.228428 0.972092 0.0534503 -0.255504 0.961082 0.105069 -0.238517 0.963136 0.124413 
-0.279651 0.941809 0.186524 -0.322059 0.883887 0.339148 -0.364915 0.803938 0.469597 
-0.441454 0.536007 0.719594 -0.430893 0.596401 0.677227 -0.383886 0.746678 0.543235 
-0.435543 0.446234 0.781778 -0.416828 0.429756 0.800977 -0.416409 0.414831 0.809023 
-0.40532 0.481936 0.776823 -0.394671 0.494232 0.774577 -0.407469 0.464585 0.786213 
-0.412695 0.588537 0.695203 -0.384649 0.563677 0.730967 -0.396695 0.601701 0.693245 
-0.432451 0.612037 0.662116 -0.403678 0.626106 0.66711 -0.381526 0.530686 0.756842 
-0.42875 0.610534 0.665899 -0.448852 0.598469 0.663601 -0.447538 0.622376 0.642151 
-0.455011 0.587471 0.669211 -0.444426 0.624935 0.641827 -0.445972 0.611203 0.653865 
-0.444083 0.596809 0.668289 -0.452303 0.587552 0.670973 -0.414955 0.671108 0.61435 
-0.429434 0.648322 0.628702 -0.440095 0.596614 0.671095 -0.394063 0.697132 0.598933 
-0.356776 0.745171 0.563411 -0.365387 0.72847 0.579503 -0.354008 0.790984 0.499021 
-0.394897 0.78307 0.480477 -0.322903 0.797017 0.51039 -0.320419 0.786739 0.527611 
-0.332834 0.758905 0.559718 -0.501924 0.753052 0.425423 -0.387607 0.803262 0.452252 
-0.459587 0.772993 0.437335 -0.404742 0.808557 0.427107 -0.528354 0.790903 0.308729 
-0.733178 0.641935 0.224431 -0.984752 0.170538 0.0343499 -0.798977 0.549056 0.245303 
-0.943814 0.305778 0.125356 0.574866 -0.746112 -0.335925 0.469672 -0.801743 -0.369617 
-0.981691 -0.16948 -0.0869398 0.302277 -0.807845 -0.505979 0.541464 -0.718213 -0.43702 
0.203579 -0.83471 -0.511679 -0.0480223 -0.802656 -0.594506 0.17044 -0.781986 -0.59954 
-0.315492 -0.763004 -0.564171 -0.97504 -0.205001 -0.0852681 -0.441232 -0.761677 -0.474514 
-0.660927 -0.659461 -0.35817 -0.81304 -0.525775 -0.250054 -0.955367 -0.281653 -0.0891398 
-0.812711 -0.547181 -0.200235 -0.919148 -0.378178 -0.110223 -0.981665 -0.174647 -0.0763641 
-0.983104 -0.16503 -0.0791984 -0.989764 -0.123488 -0.0715429 -0.997676 0.0640623 0.023195 
-0.996306 -0.0799584 -0.0313094 0.406118 -0.273639 -0.871889 0.41871 -0.419617 -0.805359 
0.411817 -0.435605 -0.800409 0.388121 -0.413952 -0.823411 0.426721 -0.191888 -0.883792 
0.196513 0.743288 -0.639457 0.253499 0.4527 -0.854869 0.32818 0.14269 -0.933776 
0.146415 0.885641 -0.440684 0.0673859 0.972663 -0.222229 0.0104506 0.996378 -0.0843922 
-0.0217207 0.997875 -0.0614342 0.39531 -0.162035 -0.904143 -0.089138 0.996019 -0.000162415 
-0.150574 0.988258 0.0259646 -0.198747 0.978929 0.0468898 -0.242092 0.967246 0.0763279 
-0.274686 0.949537 0.151415 -0.296641 0.934719 0.195714 -0.322343 0.903042 0.283919 
-0.395772 0.790407 0.467569 -0.430517 0.481453 0.763451 -0.436098 0.443187 0.783201 
-0.418173 0.646088 0.638516 -0.443886 0.491168 0.749479 -0.429719 0.400913 0.80908 
-0.4248 0.401307 0.811479 -0.397253 0.4406 0.805023 -0.417329 0.40986 0.81108 
-0.406678 0.425094 0.808646 -0.391767 0.532415 0.750369 -0.373363 0.501195 0.780643 
-0.373583 0.605702 0.702539 -0.376402 0.590122 0.714198 -0.378058 0.637067 0.671727 
-0.414238 0.620465 0.665906 -0.40075 0.62968 0.665509 -0.418682 0.615025 0.668169 
-0.440187 0.626804 0.642925 -0.432711 0.606789 0.66676 -0.433163 0.624893 0.649522 
-0.434803 0.598447 0.67291 -0.424428 0.612392 0.666961 -0.42964 0.610141 0.665686 
-0.414536 0.673163 0.612382 -0.411881 0.67101 0.616522 -0.418076 0.651486 0.633071 
-0.376094 0.709964 0.595403 -0.393504 0.687211 0.610652 -0.354693 0.728956 0.585505 
-0.329623 0.802548 0.497257 -0.307228 0.797581 0.519111 -0.29929 0.787407 0.538902 
-0.306815 0.769871 0.55961 -0.331493 0.746945 0.576355 -0.360451 0.815184 0.453377 
-0.30507 0.827865 0.470715 -0.316221 0.824375 0.469478 -0.263913 0.85306 0.450154 
-0.350309 0.856089 0.379994 -0.634499 0.708092 0.309867 -0.468088 0.805847 0.362635 
-0.587597 0.719496 0.37021 -0.808018 0.536209 0.244105 -0.994087 0.0913674 0.0586836 
-0.923052 0.338101 0.183476 0.57743 -0.74378 -0.336699 0.575108 -0.743747 -0.340722 
0.432035 -0.770246 -0.469113 0.594516 -0.699143 -0.397177 0.601048 -0.683306 -0.41453 
0.599508 -0.683433 -0.416545 0.463901 -0.735236 -0.49419 0.111024 -0.824654 -0.554634 
-0.147651 -0.843013 -0.517231 0.325687 -0.765743 -0.554586 -0.97444 -0.214539 -0.0666303 
-0.418453 -0.791413 -0.445604 -0.625863 -0.70233 -0.339158 -0.958611 -0.277277 -0.0646695 
-0.737888 -0.634782 -0.229289 -0.866798 -0.479957 -0.135284 -0.932093 -0.354392 -0.0748887 
-0.979488 -0.189938 -0.0672748 -0.985316 -0.157118 -0.0668375 -0.978582 -0.19482 -0.0664994 
-0.986637 -0.153425 -0.0548526 -0.998933 -0.0461614 -0.0012144 0.437041 -0.37576 -0.81719 
0.417467 -0.441333 -0.794321 0.427708 -0.449029 -0.784499 0.220946 0.643765 -0.732632 
0.288638 0.288307 -0.912999 0.316812 -0.0128418 -0.948401 0.157825 0.861787 -0.482094 
0.0821969 0.961056 -0.263848 0.0301585 0.993765 -0.10734 -0.00977896 0.9997 -0.0224703 
-0.0411832 0.999098 -0.0103779 0.361059 -0.230732 -0.903548 0.37581 -0.375055 -0.847408 
-0.0962532 0.99512 0.0217064 -0.146699 0.988382 0.0397467 -0.226125 0.970472 0.0839724 
-0.174554 0.982705 0.0618191 -0.251456 0.959341 0.1282 -0.338183 0.904646 0.259322 
-0.403064 0.826201 0.393612 -0.457382 0.602476 0.654084 -0.454651 0.673262 0.583105 
-0.421334 0.398959 0.814438 -0.475256 0.448409 0.757008 -0.449823 0.372828 0.811578 
-0.411112 0.393208 0.82242 -0.403026 0.47077 0.784822 -0.389922 0.488047 0.780879 
-0.399379 0.44788 0.799937 -0.364348 0.583542 0.725761 -0.368924 0.540351 0.756251 
-0.372074 0.619379 0.691325 -0.36845 0.634298 0.67964 -0.385389 0.647333 0.657598 
-0.370895 0.6577 0.655643 -0.399375 0.636183 0.660129 -0.42448 0.605852 0.672874 
-0.421732 0.615871 0.665466 -0.411845 0.607303 0.679387 -0.413906 0.603235 0.681755 
-0.405881 0.633466 0.658772 -0.414098 0.625738 0.66104 -0.409999 0.612152 0.676144 
-0.407828 0.668524 0.621894 -0.400637 0.662181 0.633251 -0.37449 0.707183 0.599708 
-0.37864 0.699793 0.605741 -0.383814 0.684561 0.619728 -0.355846 0.715472 0.601226 
-0.280309 0.813608 0.509381 -0.278752 0.788596 0.5481 -0.305867 0.76805 0.562623 
-0.313 0.749529 0.583299 -0.258065 0.835161 0.485705 -0.224621 0.840006 0.493898 
-0.211103 0.867741 0.449958 -0.189093 0.858539 0.476608 -0.281136 0.857087 0.431699 
-0.397356 0.816351 0.419141 -0.367037 0.825627 0.428514 -0.497417 0.777775 0.384243 
-0.736447 0.605579 0.30153 -0.982131 0.149478 0.114348 -0.874467 0.410704 0.258128 
0.593659 -0.687047 -0.41897 0.596928 -0.681004 -0.424159 0.597417 -0.655939 -0.461343 
0.554037 -0.647812 -0.52286 0.123502 -0.828945 -0.545524 -0.156266 -0.848572 -0.505477 
0.421829 -0.71588 -0.556395 -0.972818 -0.224577 -0.0564873 -0.358193 -0.827458 -0.432449 
-0.543242 -0.769927 -0.334815 -0.959985 -0.275206 -0.0518689 -0.609289 -0.738584 -0.288549 
-0.791789 -0.585449 -0.174129 -0.892737 -0.440021 -0.0969657 -0.940145 -0.336017 -0.0567447 
-0.970336 -0.235118 -0.056285 -0.976464 -0.206701 -0.0615813 -0.989195 -0.140453 -0.0420329 
-0.999445 0.0135731 0.0304213 0.376159 -0.444215 -0.813128 0.412043 -0.443527 -0.79593 
0.2171 0.645949 -0.731859 0.253305 0.299905 -0.919725 0.339059 0.00132554 -0.940764 
0.387447 -0.176072 -0.904922 0.300398 0.716245 -0.629885 0.157838 0.907452 -0.389381 
0.105417 0.957507 -0.268454 0.0468663 0.990865 -0.126452 0.0102294 0.999326 -0.0352664 
-0.0226823 0.999712 0.00782672 -0.0533917 0.998437 0.0165509 0.420056 -0.311867 -0.852228 
0.397207 -0.369555 -0.840033 0.404401 -0.475864 -0.781033 0.401862 -0.47238 -0.784452 
0.38052 -0.447106 -0.809507 -0.106562 0.993607 0.0372879 -0.124426 0.991243 0.044211 
-0.200475 0.975208 0.0937021 -0.305979 0.929738 0.204851 -0.360711 0.872194 0.330401 
-0.423587 0.716425 0.554355 -0.468829 0.510681 0.720697 -0.456273 0.559015 0.692327 
-0.404716 0.362071 0.839708 -0.461719 0.392655 0.795385 -0.462475 0.358061 0.811116 
-0.45159 0.329137 0.829298 -0.431406 0.337153 0.836789 -0.380141 0.423003 0.822533 
-0.382441 0.541441 0.748719 -0.353516 0.503547 0.788332 -0.352315 0.636368 0.686229 
-0.3586 0.616106 0.701299 -0.354426 0.670726 0.651544 -0.382322 0.650316 0.656444 
-0.377419 0.659382 0.650207 -0.390344 0.644278 0.657676 -0.404759 0.613974 0.677648 
-0.397351 0.601676 0.692891 -0.386019 0.609124 0.69279 -0.39321 0.606162 0.691342 
-0.386813 0.65267 0.651458 -0.373403 0.641669 0.669948 -0.39976 0.627042 0.668588 
-0.387662 0.623042 0.679365 -0.372827 0.668491 0.643522 -0.372941 0.69831 0.610965 
-0.368904 0.687879 0.625085 -0.332482 0.721174 0.607753 -0.35226 0.70157 0.619446 
-0.240379 0.820745 0.518262 -0.240875 0.803801 0.543952 -0.273401 0.774086 0.571001 
-0.307733 0.737684 0.600935 -0.206215 0.829928 0.518357 -0.177708 0.863595 0.471831 
-0.231285 0.860628 0.453682 -0.174762 0.844393 0.506418 -0.151658 0.860255 0.486786 
-0.322082 0.843907 0.429049 -0.50645 0.756992 0.412882 -0.676249 0.644292 0.357178 
-0.943019 0.273166 0.189989 -0.75199 0.562465 0.343721 0.599865 -0.625207 -0.499279 
0.598356 -0.616956 -0.51121 0.198334 -0.768768 -0.607996 -0.0880015 -0.850635 -0.51834 
0.580415 -0.626335 -0.520407 0.532418 -0.587529 -0.609377 -0.348207 -0.836133 -0.423831 
-0.958936 -0.279506 -0.0481572 -0.492487 -0.743219 -0.45286 -0.717257 -0.64214 -0.270552 
-0.850088 -0.50723 -0.141663 -0.915448 -0.395733 -0.0731485 -0.944198 -0.326297 -0.0449439 
-0.966618 -0.250467 -0.0539972 -0.974026 -0.221325 -0.0478447 -0.991137 -0.131568 -0.0183771 
-0.987976 0.0949654 0.122006 -0.995206 -0.0622672 0.0754115 0.351625 0.464438 -0.812808 
0.401114 0.148234 -0.903955 0.450808 -0.0708685 -0.889803 0.415358 -0.272505 -0.867882 
0.247857 0.68195 -0.688121 0.434461 0.306127 -0.847071 0.154606 0.896581 -0.415018 
0.079238 0.973048 -0.21656 0.078285 0.983495 -0.16312 0.0269673 0.998268 -0.0522814 
-0.0023516 0.999996 -0.00137262 -0.0316485 0.999312 0.0193339 -0.0649847 0.997533 0.0265611 
0.418634 -0.448864 -0.789472 0.406962 -0.478554 -0.778054 -0.0742017 0.996671 0.0337778 
-0.140243 0.987751 0.0684026 -0.231372 0.958061 0.169075 -0.328753 0.883559 0.333535 
-0.311703 0.845108 0.434319 -0.47042 0.514742 0.71676 -0.439695 0.619175 0.650608 
-0.31168 0.822337 0.476043 -0.46826 0.402064 0.786815 -0.42012 0.358923 0.833471 
-0.381278 0.397291 0.834738 -0.45101 0.327102 0.830418 -0.440633 0.337937 0.83165 
-0.382249 0.478463 0.790543 -0.372333 0.4983 0.782985 -0.337837 0.610896 0.716011 
-0.341089 0.556774 0.757404 -0.351981 0.652305 0.671273 -0.345048 0.665077 0.662279 
-0.365013 0.67521 0.640981 -0.33974 0.684996 0.644482 -0.374501 0.649119 0.662113 
-0.375447 0.597724 0.708355 -0.357467 0.599384 0.71621 -0.341919 0.621407 0.704943 
-0.375606 0.601546 0.705026 -0.370112 0.651043 0.662692 -0.349521 0.65139 0.673444 
-0.373251 0.623731 0.686763 -0.359103 0.680862 0.638335 -0.340911 0.677686 0.651553 
-0.349173 0.686092 0.638244 -0.335724 0.718439 0.609209 -0.338745 0.705336 0.622698 
-0.235151 0.800896 0.550699 -0.256786 0.776191 0.575838 -0.281915 0.75023 0.598063 
-0.315517 0.722345 0.615359 -0.203972 0.814876 0.542561 -0.1509 0.866605 0.475632 
-0.209083 0.865942 0.454345 -0.155183 0.843609 0.514045 -0.135477 0.856955 0.497267 
-0.363948 0.808785 0.461963 -0.251988 0.839662 0.481112 -0.509633 0.741571 0.436288 
-0.868228 0.380419 0.318531 -0.953404 0.180687 0.241604 -0.704932 0.580909 0.406959 
0.524399 -0.582872 -0.620698 0.213954 -0.669149 -0.711663 -0.138951 -0.792368 -0.594008 
-0.956026 -0.290247 -0.042094 -0.311047 -0.756856 -0.57482 -0.477145 -0.742459 -0.470199 
-0.616561 -0.703091 -0.354282 -0.694339 -0.67655 -0.245305 -0.797052 -0.572881 -0.191088 
-0.8948 -0.439438 -0.0789091 -0.849736 -0.517541 -0.1005 -0.926717 -0.373301 -0.0429233 
-0.943922 -0.32871 -0.0309886 -0.962882 -0.267021 -0.0394635 -0.98095 -0.194262 -0.000509227 
-0.964439 -0.264233 -0.00619013 -0.980329 -0.189912 0.0537543 -0.989737 -0.00676054 0.14274 
0.390391 -0.050057 -0.919287 0.343118 -0.261977 -0.902019 0.357097 -0.427901 -0.83029 
0.219731 0.678984 -0.700499 0.302572 0.296281 -0.905907 0.292716 0.8213 -0.489676 
0.221047 0.927927 -0.300149 0.118733 0.969653 -0.21372 0.0499291 0.993843 -0.0989132 
0.0353143 0.996258 -0.0788829 0.00871309 0.999877 -0.0130529 -0.0112973 0.999847 0.0133392 
-0.0371507 0.99889 0.0289706 0.357 -0.472441 -0.805823 0.401336 -0.483175 -0.778121 
0.412475 -0.486751 -0.770025 -0.0773151 0.995242 0.0592904 -0.140111 0.982329 0.12409 
-0.18538 0.947227 0.261523 -0.480576 0.437267 0.760161 -0.491496 0.365162 0.790625 
-0.379523 0.696125 0.609403 -0.458185 0.511216 0.727134 -0.165547 0.959697 0.227104 
-0.276704 0.879834 0.386429 -0.471063 0.306538 0.827124 -0.404303 0.419196 0.812905 
-0.418317 0.408668 0.811173 -0.434943 0.322297 0.840803 -0.354426 0.556236 0.751654 
-0.395312 0.500877 0.769968 -0.354698 0.583766 0.730347 -0.329709 0.665201 0.669926 
-0.330409 0.652414 0.682045 -0.325799 0.682826 0.653914 -0.356835 0.670953 0.649993 
-0.345903 0.661759 0.665151 -0.324255 0.672732 0.665049 -0.353334 0.632311 0.689447 
-0.348919 0.590597 0.727633 -0.336249 0.590674 0.733513 -0.335381 0.595646 0.729881 
-0.31812 0.645573 0.694288 -0.300494 0.62995 0.716147 -0.31521 0.592876 0.74104 
-0.355782 0.60475 0.712528 -0.304776 0.667033 0.679837 -0.344124 0.67794 0.649597 
-0.324185 0.6797 0.657961 -0.33763 0.69301 0.63698 -0.323234 0.691682 0.64583 
-0.324939 0.700547 0.635334 -0.247294 0.780413 0.574283 -0.28745 0.75138 0.59397 
-0.303863 0.73064 0.611419 -0.173329 0.828013 0.533247 -0.216483 0.802053 0.556638 
-0.127958 0.856156 0.500623 -0.117543 0.855236 0.504732 -0.170002 0.854305 0.491185 
-0.140746 0.845688 0.514783 -0.334146 0.777911 0.532167 -0.216864 0.822433 0.525904 
-0.483879 0.70908 0.5129 -0.790895 0.400941 0.462311 -0.924907 0.217157 0.312074 
-0.639984 0.525823 0.560295 0.511412 -0.579457 -0.634576 0.495077 -0.537325 -0.682774 
0.320216 -0.632167 -0.705568 -0.0286038 -0.724091 -0.689111 -0.953926 -0.299089 -0.0239029 
-0.13386 -0.790423 -0.597756 -0.275994 -0.833379 -0.47886 -0.453068 -0.785413 -0.42173 
-0.568355 -0.769691 -0.290774 -0.762247 -0.628151 -0.156224 -0.654647 -0.726776 -0.207925 
-0.899872 -0.433712 -0.0460912 -0.790588 -0.600518 -0.119787 -0.868089 -0.492669 -0.060819 
-0.927505 -0.373055 -0.0237536 -0.942418 -0.334203 -0.0124883 -0.95393 -0.299801 0.011729 
-0.960952 -0.266892 0.07308 -0.969361 -0.191962 0.153262 -0.963588 -0.0113161 0.267153 
0.325446 -0.0575879 -0.943805 0.362146 -0.246002 -0.899074 0.372163 -0.368631 -0.851825 
0.350635 -0.408218 -0.84286 0.35609 -0.48951 -0.795978 0.35767 -0.484437 -0.798369 
0.354305 -0.47284 -0.806778 0.321591 0.564187 -0.760442 0.356286 0.179965 -0.916882 
0.445298 0.683295 -0.578635 0.266293 0.884223 -0.383715 0.124927 0.972292 -0.197589 
0.096203 0.986494 -0.132573 0.0307417 0.998587 -0.0433474 0.0159679 0.999527 -0.0262835 
-0.00162169 0.999979 0.00631045 -0.0179616 0.999562 0.0235083 -0.0456228 0.99757 0.0526498 
-0.0954963 0.987172 0.127954 -0.487358 0.325498 0.810267 -0.494669 0.35196 0.794623 
-0.489039 0.294703 0.82097 -0.254854 0.845851 0.4686 -0.466318 0.512621 0.720949 
-0.374518 0.640976 0.669989 -0.249071 0.83133 0.496844 -0.0724493 0.992975 0.0935515 
-0.0910443 0.985037 0.14633 -0.139413 0.94821 0.285415 -0.483579 0.285446 0.827449 
-0.461892 0.299866 0.834707 -0.411901 0.385223 0.825797 -0.406722 0.479888 0.777358 
-0.455578 0.342198 0.821796 -0.366935 0.582132 0.72559 -0.336932 0.640716 0.689898 
-0.373611 0.585353 0.719567 -0.323669 0.677194 0.660793 -0.323568 0.671965 0.666158 
-0.318662 0.670999 0.669489 -0.332023 0.642474 0.690643 -0.320195 0.641035 0.697531 
-0.335634 0.608266 0.719279 -0.332024 0.581966 0.742344 -0.323437 0.57653 0.750334 
-0.293104 0.643748 0.706879 -0.275079 0.602852 0.748933 -0.267774 0.644394 0.716277 
-0.292085 0.563296 0.772906 -0.289126 0.684773 0.668949 -0.256547 0.681756 0.685122 
-0.284774 0.68999 0.665445 -0.326816 0.690531 0.645258 -0.311084 0.692285 0.651129 
-0.308048 0.714481 0.628191 -0.308621 0.703611 0.640066 -0.261678 0.769341 0.582785 
-0.285428 0.734151 0.616078 -0.180451 0.824475 0.536357 -0.213119 0.799808 0.561148 
-0.112194 0.839577 0.531528 -0.14717 0.827289 0.542156 -0.124572 0.841128 0.526294 
-0.10882 0.83462 0.539971 -0.160437 0.824493 0.542652 -0.355071 0.732912 0.580315 
-0.21944 0.792568 0.568931 -0.509317 0.605784 0.611246 -0.805207 0.335708 0.488817 
-0.63419 0.513692 0.577861 -0.88513 0.091217 0.456316 0.488002 -0.54317 -0.683243 
0.501586 -0.553714 -0.66469 0.478876 -0.631195 -0.61014 0.136028 -0.761159 -0.63414 
-0.0448657 -0.867164 -0.495998 -0.226329 -0.896435 -0.381024 -0.40483 -0.840945 -0.35906 
-0.449287 -0.844588 -0.291225 -0.546501 -0.779649 -0.305751 -0.735117 -0.655278 -0.173821 
-0.906488 -0.421656 -0.0220238 -0.832459 -0.547963 -0.082153 -0.883374 -0.468018 -0.0246813 
-0.927213 -0.374518 -0.00337816 -0.942876 -0.332609 0.0188686 -0.957 -0.279399 0.0780257 
-0.949958 -0.214644 0.226952 -0.926493 -0.149043 0.345539 0.442888 -0.024258 -0.896249 
0.419454 -0.196309 -0.886296 0.412749 -0.333442 -0.847617 0.367294 -0.487542 -0.792084 
0.364528 -0.496081 -0.78805 0.502957 0.420943 -0.754878 0.570608 0.200149 -0.796459 
0.394441 0.660611 -0.638757 0.495292 0.253091 -0.831042 0.459682 0.686067 -0.56392 
0.239967 0.918545 -0.314151 0.159456 0.963109 -0.216784 0.070956 0.99245 -0.10004 
0.0477093 0.996206 -0.0727826 0.01101 0.999827 -0.015022 0.00425377 0.999988 -0.00256595 
-0.00923287 0.999825 0.0162978 -0.0280389 0.998862 0.0385841 -0.488163 0.288502 0.823689 
-0.494326 0.376214 0.783648 -0.503244 0.296715 0.811607 -0.499882 0.285384 0.817725 
-0.439666 0.472741 0.763682 -0.31181 0.710186 0.631197 -0.401806 0.510918 0.759944 
-0.131218 0.960351 0.245984 -0.225648 0.883019 0.411534 -0.040112 0.996785 0.0693568 
-0.0645367 0.98787 0.141239 -0.481653 0.317566 0.8168 -0.436771 0.419238 0.795908 
-0.37966 0.55051 0.743503 -0.424285 0.494981 0.758272 -0.456289 0.404782 0.792434 
-0.325725 0.667463 0.669624 -0.337699 0.650308 0.680485 -0.355491 0.624571 0.695368 
-0.319775 0.663785 0.676116 -0.319038 0.63545 0.703149 -0.325529 0.603069 0.728244 
-0.318541 0.567796 0.759039 -0.314935 0.560617 0.765849 -0.254201 0.57205 0.779834 
-0.238762 0.61895 0.74826 -0.225568 0.663747 0.713133 -0.29448 0.542691 0.786618 
-0.269373 0.537046 0.799387 -0.260373 0.6806 0.684828 -0.230938 0.688703 0.687281 
-0.278829 0.700628 0.656791 -0.237678 0.709125 0.663816 -0.278124 0.700913 0.656786 
-0.302745 0.715362 0.629764 -0.293666 0.712916 0.636797 -0.244287 0.767565 0.592595 
-0.263289 0.74676 0.61076 -0.279869 0.729208 0.624442 -0.199149 0.791155 0.578284 
-0.115645 0.80754 0.578364 -0.155766 0.786401 0.597754 -0.124432 0.824067 0.552658 
-0.112473 0.806574 0.580334 -0.154955 0.806258 0.570908 -0.282046 0.715897 0.638703 
-0.41408 0.642632 0.644641 -0.221548 0.721324 0.656208 -0.76588 0.266259 0.585264 
-0.605307 0.492398 0.625418 -0.883298 -0.000836366 0.468811 0.519806 -0.595389 -0.612629 
0.513257 -0.609315 -0.604402 0.508796 -0.640704 -0.575 0.236871 -0.812626 -0.532476 
0.0272087 -0.90774 -0.418649 -0.230296 -0.892848 -0.387023 -0.347758 -0.85937 -0.374897 
-0.467344 -0.840324 -0.274673 -0.648114 -0.727437 -0.225353 -0.802792 -0.589617 -0.0887451 
-0.727431 -0.675148 -0.122554 -0.908719 -0.41736 0.00634112 -0.858725 -0.511704 -0.0273891 
-0.890708 -0.454357 0.014092 -0.926148 -0.37622 0.0266044 -0.945989 -0.317385 0.0661195 
-0.957636 -0.235386 0.165915 -0.94076 -0.121648 0.3165 0.498646 -0.106748 -0.860208 
0.394068 -0.260432 -0.881411 0.343676 -0.463558 -0.816701 0.342274 -0.469425 -0.813934 
0.363025 -0.496002 -0.788793 0.365563 -0.497427 -0.786721 0.544525 0.447034 -0.709686 
0.577625 0.217592 -0.786767 0.495641 -0.0401618 -0.867599 0.40588 0.747389 -0.525995 
0.538201 0.444783 -0.715897 0.372766 0.852671 -0.366057 0.265513 0.943517 -0.198189 
0.16322 0.974864 -0.151656 0.12368 0.983476 -0.132204 0.0468029 0.997851 -0.0458659 
0.0220522 0.99931 -0.0298977 -0.000731985 1 0.000279943 -0.00506206 0.99995 0.00860073 
-0.0173344 0.999458 0.0280013 -0.47766 0.309827 0.8221 -0.463397 0.354483 0.812161 
-0.511134 0.282438 0.81177 -0.500557 0.302462 0.811147 -0.502627 0.291542 0.813861 
-0.199528 0.845166 0.495866 -0.397014 0.541144 0.741312 -0.295237 0.650503 0.699772 
-0.189635 0.826506 0.530025 -0.466965 0.382617 0.797212 -0.0584432 0.992977 0.10286 
-0.0762859 0.983358 0.164885 -0.109087 0.942351 0.316346 -0.0299715 0.998007 0.055529 
-0.39276 0.572965 0.719341 -0.446143 0.466364 0.763846 -0.402893 0.563244 0.72141 
-0.456959 0.376266 0.805986 -0.324015 0.66795 0.669968 -0.324442 0.651901 0.685392 
-0.334334 0.63244 0.698743 -0.360078 0.609226 0.706532 -0.313651 0.630551 0.70995 
-0.30735 0.633993 0.70964 -0.304782 0.590191 0.747517 -0.309936 0.59445 0.742003 
-0.310678 0.567895 0.762216 -0.254506 0.54859 0.796414 -0.22944 0.582558 0.779733 
-0.205856 0.641219 0.73923 -0.197736 0.684123 0.702051 -0.29256 0.552177 0.78071 
-0.279634 0.522511 0.805473 -0.26647 0.523713 0.809147 -0.200867 0.70822 0.676814 
-0.251965 0.697055 0.671288 -0.22377 0.710842 0.666807 -0.272079 0.713374 0.64581 
-0.241189 0.720749 0.649884 -0.267154 0.719217 0.641371 -0.237955 0.764711 0.598828 
-0.26397 0.744971 0.612648 -0.267589 0.732241 0.626274 -0.18112 0.789335 0.586639 
-0.213625 0.772208 0.59838 -0.119116 0.767989 0.629289 -0.14486 0.752813 0.642097 
-0.128958 0.797697 0.589108 -0.118039 0.769715 0.62738 -0.156837 0.789094 0.593913 
-0.494391 0.562807 0.662439 -0.296853 0.662201 0.688017 -0.194706 0.684089 0.702931 
-0.726589 0.316931 0.609609 -0.803609 0.124304 0.582032 -0.871538 -0.0144298 0.490116 
0.495933 -0.679112 -0.541162 0.35247 -0.821256 -0.448668 0.145547 -0.892219 -0.427506 
-0.0912538 -0.911702 -0.400589 -0.232712 -0.923749 -0.304193 -0.333068 -0.908304 -0.253079 
-0.563734 -0.804936 -0.185152 -0.821547 -0.568532 -0.0428118 -0.602187 -0.777053 -0.183192 
-0.781631 -0.616082 -0.0974468 -0.906773 -0.419105 0.0459818 -0.872604 -0.488317 0.010398 
-0.896898 -0.439139 0.052259 -0.923977 -0.375818 0.0708998 -0.949961 -0.281922 0.134511 
-0.944302 -0.161956 0.286467 0.457335 -0.209923 -0.864163 0.345423 -0.400576 -0.848659 
0.355484 -0.472383 -0.806527 0.345253 -0.471074 -0.81172 0.343298 -0.469244 -0.813607 
0.565592 -0.0752236 -0.821247 0.583754 0.06776 -0.809098 0.553744 0.640208 -0.532449 
0.603572 0.304957 -0.736683 0.461779 0.8256 -0.324259 0.218919 0.967041 -0.130021 
0.389523 0.885756 -0.252405 0.148965 0.985152 -0.0853511 0.0845824 0.994507 -0.0616649 
0.0307745 0.999367 -0.0178468 0.0096806 0.999918 -0.00833799 -0.00873332 0.999901 0.0110381 
-0.0133919 0.999727 0.0191694 -0.499581 0.334277 0.799173 -0.516614 0.314847 0.796229 
-0.48054 0.310081 0.820324 -0.485505 0.303694 0.819789 -0.50376 0.323198 0.801105 
-0.338112 0.487649 0.804909 -0.413683 0.411091 0.812324 -0.243295 0.701455 0.669902 
-0.289629 0.507825 0.811313 -0.106308 0.947796 0.300635 -0.174276 0.871682 0.458037 
-0.434771 0.327404 0.838916 -0.0245547 0.998933 0.0391251 -0.0360597 0.99617 0.0796583 
-0.0564914 0.98417 0.167984 -0.482284 0.409735 0.774286 -0.420549 0.520378 0.743199 
-0.462199 0.46341 0.756058 -0.498049 0.390479 0.774257 -0.394968 0.570941 0.719741 
-0.316313 0.622765 0.715619 -0.333526 0.613273 0.716001 -0.348623 0.590971 0.727472 
-0.300382 0.593911 0.746351 -0.303277 0.587151 0.750517 -0.293502 0.544182 0.785953 
-0.257713 0.530692 0.807434 -0.225549 0.553769 0.801541 -0.199086 0.619287 0.759505 
-0.187949 0.672556 0.715782 -0.180494 0.708113 0.68264 -0.284314 0.513383 0.809694 
-0.276159 0.514408 0.811863 -0.188386 0.725842 0.661562 -0.207013 0.729519 0.65188 
-0.25292 0.713629 0.653272 -0.231928 0.724273 0.649337 -0.259298 0.726447 0.636427 
-0.241828 0.728618 0.640808 -0.244214 0.748751 0.616223 -0.248845 0.725144 0.642061 
-0.188475 0.776049 0.601851 -0.211234 0.754987 0.620786 -0.122427 0.723454 0.679431 
-0.144843 0.707885 0.691317 -0.129385 0.766524 0.629048 -0.133094 0.770609 0.623256 
-0.1214 0.722305 0.680836 -0.170623 0.753611 0.63479 -0.36743 0.541379 0.756243 
-0.546009 0.433406 0.716962 -0.272888 0.573418 0.772479 -0.204787 0.632812 0.746734 
-0.648447 0.252196 0.718272 -0.693911 0.142888 0.705741 -0.889948 -0.0752382 0.449814 
-0.780339 0.0697582 0.621454 0.487162 -0.704949 -0.51548 0.44491 -0.765391 -0.465007 
0.407525 -0.802445 -0.435896 0.370811 -0.826238 -0.424065 0.330375 -0.847016 -0.416432 
0.136208 -0.906765 -0.39903 -0.028569 -0.949872 -0.31133 -0.100142 -0.937852 -0.332273 
-0.390965 -0.853727 -0.343942 -0.85865 -0.512335 -0.0152617 -0.73286 -0.636383 -0.240692 
-0.861652 -0.499671 -0.0887897 -0.90204 -0.415237 0.117911 -0.891458 -0.451457 0.0385864 
-0.909331 -0.405648 0.0925566 -0.915403 -0.374481 0.147654 -0.930757 -0.285806 0.228049 
-0.901567 -0.239234 0.360478 0.578682 -0.28049 -0.765802 0.484818 -0.371255 -0.79191 
0.416661 -0.520257 -0.745471 0.40919 -0.531098 -0.741956 0.595575 -0.259395 -0.760266 
0.614947 -0.0292968 -0.788024 0.675703 0.45933 -0.576578 0.60927 0.664459 -0.432764 
0.700007 0.177267 -0.691785 0.165823 0.981111 -0.0996183 0.303186 0.934246 -0.187782 
0.112782 0.991875 -0.0588499 0.47191 0.823968 -0.313651 0.0665401 0.997253 -0.0325547 
0.0171986 0.999818 -0.0082557 0.000594971 0.999995 0.00314451 -0.0170708 0.999454 0.0282832 
-0.431938 0.301128 0.850148 -0.494282 0.340203 0.799967 -0.448931 0.327259 0.831482 
-0.497898 0.368295 0.785147 -0.356474 0.355726 0.863936 -0.202935 0.739403 0.641951 
-0.259527 0.557078 0.788866 -0.327305 0.40111 0.85556 -0.0574422 0.988081 0.142814 
-0.101176 0.960879 0.257826 -0.140787 0.882955 0.447849 -0.0304026 0.997223 0.06799 
-0.4387 0.534115 0.722678 -0.485358 0.43109 0.760651 -0.445637 0.492361 0.747656 
-0.357413 0.564412 0.744107 -0.384058 0.53282 0.754057 -0.318851 0.57711 0.751849 
-0.336253 0.56024 0.75701 -0.303091 0.54171 0.784019 -0.293534 0.51146 0.807618 
-0.278666 0.505616 0.816516 -0.263795 0.508976 0.819363 -0.248386 0.549143 0.797964 
-0.218959 0.600069 0.769398 -0.204425 0.65299 0.729256 -0.181364 0.701982 0.688715 
-0.172641 0.733169 0.657768 -0.184928 0.742723 0.643556 -0.203594 0.740173 0.640853 
-0.221138 0.731939 0.644487 -0.246505 0.723697 0.644592 -0.232701 0.720935 0.652766 
-0.231513 0.727803 0.645526 -0.239746 0.71294 0.658967 -0.228356 0.712547 0.663423 
-0.200422 0.720733 0.663607 -0.122002 0.670071 0.732202 -0.142738 0.663432 0.734496 
-0.123418 0.750818 0.648876 -0.128861 0.723295 0.678409 -0.113238 0.666101 0.737215 
-0.108912 0.673192 0.731403 -0.164954 0.698491 0.696348 -0.455335 0.369221 0.810152 
-0.362941 0.521037 0.772525 -0.165097 0.591417 0.789284 -0.240025 0.573152 0.783508 
-0.593732 0.315001 0.740444 -0.840757 -0.133758 0.52463 -0.685669 0.147226 0.71287 
-0.780708 -0.0276626 0.624284 0.323052 -0.854425 -0.406934 0.223906 -0.906971 -0.356748 
0.22379 -0.910191 -0.348526 0.167857 -0.92661 -0.336479 0.154083 -0.926828 -0.342415 
-0.0129003 -0.905257 -0.424669 -0.203412 -0.84924 -0.487253 -0.553716 -0.72225 -0.414432 
-0.902356 -0.43062 0.017909 -0.75764 -0.580469 -0.29839 -0.874491 -0.44942 -0.182446 
-0.926416 -0.37126 -0.0626057 -0.892449 -0.371428 0.256079 -0.91861 -0.343977 0.194515 
-0.90388 -0.421214 0.0746911 -0.917352 -0.379236 0.121014 -0.884674 -0.24006 0.399654 
0.538574 -0.466178 -0.701866 0.540136 -0.466398 -0.700519 0.522358 -0.467727 -0.713003 
0.47345 -0.507514 -0.719913 0.625419 -0.247974 -0.739838 0.622496 -0.434793 -0.650733 
0.585933 -0.413588 -0.69687 0.609156 -0.439332 -0.66024 0.716573 -0.0515762 -0.695602 
0.751706 0.292579 -0.591046 0.72433 0.440508 -0.530376 0.623682 0.650317 -0.433714 
0.263638 0.952299 -0.153694 0.193278 0.976945 -0.0906777 0.112547 0.991524 -0.0649085 
0.0759165 0.99577 -0.0517527 0.412205 0.872116 -0.26363 0.042948 0.99873 -0.02635 
-0.0005502 1 0.000174847 -0.0112984 0.999798 0.0166254 -0.38846 0.321935 0.863399 
-0.473057 0.396408 0.786815 -0.394087 0.321747 0.860915 -0.415596 0.36392 0.833572 
-0.123224 0.796788 0.591561 -0.199441 0.626621 0.753372 -0.27948 0.465642 0.839684 
-0.295193 0.341659 0.892261 -0.34699 0.329519 0.878075 -0.0304124 0.998438 0.0468707 
-0.058575 0.992799 0.104495 -0.0653018 0.978732 0.194471 -0.0747414 0.922498 0.378697 
-0.421355 0.428161 0.799461 -0.392453 0.485137 0.781424 -0.354768 0.541764 0.761991 
-0.340367 0.54722 0.764657 -0.358669 0.517679 0.776766 -0.31862 0.531548 0.784817 
-0.305543 0.53297 0.789042 -0.330941 0.529303 0.781228 -0.30048 0.510353 0.805762 
-0.289025 0.492498 0.82092 -0.281124 0.494063 0.822722 -0.273251 0.535156 0.799339 
-0.251145 0.595655 0.762969 -0.23362 0.629574 0.740985 -0.204913 0.687227 0.696943 
-0.174022 0.734579 0.655828 -0.202703 0.721573 0.661999 -0.1824 0.756215 0.628386 
-0.189432 0.752659 0.630571 -0.204458 0.742906 0.637407 -0.220284 0.721778 0.656133 
-0.221838 0.702249 0.676486 -0.218761 0.68807 0.691884 -0.226286 0.699508 0.677852 
-0.216108 0.676847 0.703687 -0.189014 0.669289 0.718558 -0.112576 0.606952 0.786725 
-0.129458 0.603891 0.786483 -0.13078 0.658665 0.740984 -0.100145 0.618676 0.779238 
-0.104107 0.605334 0.789134 -0.156257 0.63524 0.756342 -0.30524 0.472235 0.826936 
-0.443453 0.420335 0.791624 -0.164917 0.529879 0.831884 -0.22103 0.482882 0.847331 
-0.527747 0.269775 0.805422 -0.589757 0.160798 0.791411 -0.868288 -0.0719372 0.490817 
-0.716808 0.105514 0.689241 0.321262 -0.866408 -0.382266 0.31345 -0.878901 -0.359559 
0.144932 -0.916838 -0.372025 0.156163 -0.886295 -0.435998 0.122895 -0.862716 -0.490529 
-0.0242661 -0.854847 -0.518312 -0.338787 -0.809966 -0.478725 -0.605541 -0.685294 -0.40459 
-0.917129 -0.385369 0.101812 -0.943094 -0.329431 0.0452594 -0.841215 -0.468605 -0.269753 
-0.936954 -0.31722 -0.146589 -0.967453 -0.251231 -0.0302844 -0.924429 -0.334191 0.183705 
-0.928065 -0.230666 0.292383 0.67648 -0.312421 -0.666909 0.620359 -0.448273 -0.643588 
0.696901 -0.416633 -0.583734 0.686687 -0.439367 -0.579153 0.622679 -0.448875 -0.640922 
0.781936 0.00256041 -0.623354 0.746881 -0.229855 -0.623968 0.803171 0.128114 -0.58181 
0.786217 0.297972 -0.541365 0.756549 0.407552 -0.511405 0.644067 0.65529 -0.394681 
0.52595 0.784394 -0.328788 0.312579 0.936705 -0.15773 0.175027 0.982684 -0.0608048 
0.288334 0.949275 -0.125463 0.107282 0.993259 -0.0438942 0.0530329 0.998129 -0.0304424 
0.0201137 0.999641 -0.0176879 0.441808 0.869348 -0.221451 -0.0196259 0.999475 0.0257952 
-0.348348 0.296265 0.889315 -0.347189 0.30898 0.885433 -0.375315 0.332179 0.86533 
-0.375702 0.371339 0.849091 -0.392499 0.399632 0.828395 -0.108546 0.808182 0.578844 
-0.155169 0.671197 0.724856 -0.17971 0.469477 0.864463 -0.220534 0.455438 0.86252 
-0.244501 0.347316 0.905312 -0.226901 0.266381 0.93678 -0.294138 0.284995 0.912283 
-0.0289147 0.995575 0.0894101 -0.0362187 0.974984 0.219306 -0.049709 0.915721 0.398729 
-0.385758 0.443659 0.808924 -0.340496 0.467939 0.815534 -0.336875 0.519525 0.785245 
-0.328204 0.493581 0.805395 -0.31907 0.496542 0.807243 -0.302931 0.501539 0.810365 
-0.300353 0.480984 0.823676 -0.298068 0.492865 0.817459 -0.289814 0.522487 0.801882 
-0.275277 0.56714 0.776257 -0.258378 0.622725 0.738549 -0.23214 0.673789 0.701512 
-0.225792 0.717497 0.658951 -0.193025 0.748126 0.634861 -0.210167 0.748471 0.628984 
-0.19076 0.757903 0.623854 -0.198211 0.756461 0.623281 -0.192341 0.75206 0.630406 
-0.212719 0.725615 0.654396 -0.191548 0.737243 0.647905 -0.210984 0.694525 0.687838 
-0.216109 0.665274 0.714638 -0.196428 0.646261 0.737403 -0.201959 0.641361 0.740182 
-0.207131 0.626879 0.751079 -0.175342 0.609586 0.773085 -0.093779 0.551272 0.829038 
-0.115316 0.546489 0.829489 -0.124179 0.588199 0.799125 -0.0992699 0.535126 0.83892 
-0.143903 0.567105 0.810977 -0.369158 0.342821 0.863827 -0.173253 0.4956 0.851096 
-0.274346 0.449912 0.84989 -0.499736 0.327316 0.801953 -0.89573 -0.158867 0.415247 
-0.805605 -0.0396583 0.591124 -0.592577 0.1981 0.780774 -0.658606 0.0548591 0.750485 
0.161278 -0.861963 -0.480634 0.155795 -0.854949 -0.494762 0.14488 -0.855243 -0.497564 
0.0752643 -0.846077 -0.527721 0.0403745 -0.841658 -0.538499 -0.253749 -0.826532 -0.502451 
-0.450727 -0.763551 -0.462424 -0.734234 -0.541892 -0.408967 -0.934989 -0.312516 0.167719 
-0.971894 -0.212372 0.101585 -0.927649 -0.265178 -0.26296 -0.977725 -0.177996 -0.111229 
-0.991734 -0.127303 0.0160286 -0.917481 -0.272965 0.289343 0.74231 -0.400158 -0.537447 
0.690788 -0.435389 -0.577276 0.758258 -0.385083 -0.526076 0.787199 -0.204753 -0.581716 
0.830704 -0.0333642 -0.555714 0.842767 0.0513272 -0.535825 0.811382 0.236873 -0.534369 
0.769472 0.450786 -0.452443 0.700933 0.667154 -0.252186 0.529923 0.809615 -0.252397 
0.277903 0.957083 -0.082231 0.243355 0.969937 0.000769966 0.14357 0.989585 0.0104775 
0.0846776 0.996407 -0.00137121 0.408705 0.903253 -0.130748 0.0400154 0.999168 0.00786294 
0.00537403 0.999876 0.014813 -0.279368 0.278148 0.919014 -0.322174 0.332486 0.886373 
-0.344934 0.40309 0.847667 -0.0511681 0.799339 0.598697 -0.0627718 0.619092 0.782806 
-0.128079 0.475451 0.870369 -0.118879 0.312442 0.942469 -0.173025 0.314852 0.933237 
-0.159837 0.254826 0.953685 -0.205714 0.260836 0.943211 -0.00359318 0.995764 0.0918795 
-0.0121293 0.973431 0.228658 -0.0115137 0.909116 0.416385 -0.293132 0.419507 0.85912 
-0.28587 0.4467 0.847784 -0.301816 0.469958 0.829486 -0.325252 0.489066 0.809336 
-0.300637 0.469658 0.830084 -0.311328 0.474535 0.823341 -0.317868 0.476458 0.819724 
-0.313705 0.479547 0.819527 -0.310181 0.485868 0.817141 -0.300798 0.512417 0.804332 
-0.276064 0.539283 0.79559 -0.267626 0.607773 0.747655 -0.252553 0.67204 0.696117 
-0.239242 0.710882 0.66137 -0.223095 0.737553 0.637373 -0.211481 0.75042 0.626215 
-0.194636 0.754068 0.627294 -0.20211 0.748392 0.631713 -0.19326 0.735385 0.649508 
-0.198214 0.71481 0.67064 -0.188849 0.702633 0.686034 -0.206032 0.656576 0.725575 
-0.189566 0.663665 0.723611 -0.204452 0.612896 0.763255 -0.186011 0.601827 0.776662 
-0.190492 0.58518 0.788212 -0.192756 0.570953 0.798034 -0.163877 0.54186 0.824337 
-0.0814724 0.485094 0.870658 -0.0817275 0.488378 0.868797 -0.10971 0.483879 0.868231 
-0.115153 0.519795 0.846495 -0.0915001 0.475665 0.874854 -0.131374 0.503631 0.853872 
-0.142902 0.421426 0.895533 -0.2108 0.409638 0.887559 -0.331717 0.402126 0.853381 
-0.421652 0.286588 0.860277 -0.857565 -0.190793 0.477683 -0.788407 -0.0350308 0.614156 
-0.446363 0.162766 0.879925 -0.562509 0.141801 0.81454 0.0346342 -0.841201 -0.539613 
-0.148634 -0.856283 -0.49466 -0.40198 -0.785462 -0.470596 -0.857558 -0.341844 -0.384365 
-0.646591 -0.599698 -0.471469 -0.927888 -0.181518 0.325692 -0.979805 -0.0668214 0.18846 
-0.979374 -0.120096 -0.162494 -0.948609 -0.204274 -0.241688 -0.996666 -0.0626947 -0.0522137 
-0.995279 -0.014005 0.0960419 0.759651 -0.385055 -0.524083 0.803428 -0.24912 -0.540779 
0.833395 -0.248132 -0.493845 0.861059 -0.183363 -0.474294 0.885002 0.0452491 -0.463383 
0.880337 0.354821 -0.314817 0.721563 0.688203 -0.0756533 0.899728 0.41306 -0.140967 
0.57034 0.810214 -0.135147 0.372231 0.927277 -0.0400142 0.262543 0.960794 0.089142 
0.398813 0.91624 0.0381089 0.155823 0.982471 0.102321 0.0756889 0.991908 0.10193 
0.0272931 0.995264 0.0933005 0.528255 0.848843 -0.0202913 -0.24276 0.301384 0.922082 
-0.268665 0.364939 0.891425 0.0234001 0.77793 0.627915 0.00782815 0.611376 0.791302 
-0.0383653 0.414331 0.909317 -0.0511399 0.296406 0.953692 -0.106171 0.253097 0.961598 
-0.149609 0.252888 0.955858 -0.188861 0.289452 0.938376 0.0243585 0.969841 0.242518 
0.0374234 0.892011 0.450461 -0.254214 0.399083 0.88097 -0.261542 0.420929 0.868571 
-0.248798 0.431528 0.867112 -0.276247 0.451451 0.848457 -0.311323 0.469001 0.826508 
-0.288548 0.456522 0.841622 -0.301064 0.469904 0.82979 -0.311367 0.483389 0.81816 
-0.297606 0.497479 0.814829 -0.295611 0.533986 0.792132 -0.276971 0.569347 0.774036 
-0.253728 0.661882 0.705361 -0.275082 0.636729 0.720351 -0.288993 0.584696 0.758033 
-0.259372 0.679029 0.686764 -0.228458 0.73201 0.641847 -0.235441 0.718091 0.654914 
-0.257113 0.681814 0.684852 -0.216507 0.741833 0.634672 -0.20938 0.738034 0.641456 
-0.198984 0.724158 0.660303 -0.191466 0.696405 0.691637 -0.183613 0.657527 0.730715 
-0.191131 0.616157 0.76408 -0.181151 0.608099 0.772917 -0.183722 0.558668 0.808787 
-0.180802 0.525144 0.831585 -0.183374 0.518539 0.83516 -0.160988 0.483382 0.860479 
-0.140728 0.486878 0.862059 -0.0778331 0.43945 0.894889 -0.0809045 0.433813 0.897363 
-0.0987846 0.414041 0.904882 -0.108472 0.467163 0.877492 -0.0894421 0.438005 0.894512 
-0.126171 0.464205 0.876695 -0.17426 0.347119 0.921489 -0.269085 0.291125 0.918063 
-0.902961 0.0432757 0.427539 -0.71027 0.207121 0.672769 -0.324152 0.258915 0.909884 
-0.453247 0.32888 0.828496 0.0343628 -0.84223 -0.538022 -0.0260727 -0.860047 -0.509548 
-0.101169 -0.875404 -0.472687 -0.281594 -0.852759 -0.439894 -0.866904 -0.366313 -0.338073 
-0.529576 -0.735941 -0.421829 -0.808474 -0.496147 -0.316557 -0.955484 0.0803464 0.283892 
-0.993604 -0.0850087 -0.0743294 -0.978553 -0.172764 -0.112188 -0.93891 -0.300211 -0.168289 
-0.9988 -0.0438126 0.0218911 -0.975538 0.0629211 0.210635 -0.992922 -0.0529522 0.106311 
0.762609 -0.383709 -0.520765 0.841814 -0.348996 -0.411766 0.826561 -0.371369 -0.422945 
0.804162 -0.365056 -0.469103 0.898635 -0.249946 -0.36053 0.860243 -0.412292 -0.299995 
0.96845 0.0077102 -0.24909 0.708073 0.704775 0.0438803 0.90622 0.422631 -0.0121908 
0.995607 0.0392242 -0.0850163 0.303528 0.924868 0.229107 0.449823 0.87799 0.163682 
0.15013 0.956499 0.250141 0.553907 0.82459 0.115057 0.0758569 0.9648 0.251806 
-0.217611 0.332997 0.917474 -0.227036 0.377645 0.897685 0.0929753 0.712831 0.695145 
0.0549642 0.5736 0.817289 0.0167264 0.409079 0.912346 0.0114927 0.295651 0.955227 
-0.0474345 0.252538 0.966424 -0.102474 0.261806 0.959665 -0.148529 0.285195 0.946891 
-0.176837 0.324651 0.929156 -0.19741 0.330393 0.922968 0.068745 0.878959 0.471916 
-0.233074 0.406528 0.883409 -0.218908 0.419603 0.880916 -0.230473 0.436069 0.8699 
-0.257657 0.447025 0.856611 -0.2768 0.463071 0.84199 -0.286685 0.484361 0.826563 
-0.291265 0.523899 0.800434 -0.266616 0.622967 0.73541 -0.27031 0.556732 0.785482 
-0.225065 0.733481 0.641366 -0.227439 0.702259 0.674614 -0.214609 0.725185 0.654255 
-0.237976 0.660474 0.712138 -0.209519 0.731997 0.648292 -0.193433 0.729516 0.656041 
-0.192624 0.705912 0.681604 -0.190472 0.681619 0.706482 -0.176988 0.642095 0.745915 
-0.16969 0.600894 0.781109 -0.173873 0.54958 0.817148 -0.165551 0.500954 0.849493 
-0.171597 0.504096 0.846429 -0.17413 0.475331 0.862403 -0.174497 0.473215 0.863492 
-0.156308 0.444947 0.881811 -0.137561 0.452475 0.881104 -0.0815361 0.424421 0.901787 
-0.0891982 0.415504 0.905207 -0.122119 0.390697 0.912383 -0.112792 0.435878 0.89291 
-0.0938202 0.4278 0.898991 -0.23293 0.373127 0.898064 -0.837338 0.207026 0.50597 
-0.553272 0.328499 0.765493 -0.639413 0.308514 0.704251 -0.307227 0.406444 0.860474 
-0.394695 0.371027 0.840568 -0.0360013 -0.871391 -0.489267 -0.0522596 -0.878911 -0.474115 
-0.0659269 -0.913451 -0.401573 -0.068764 -0.917157 -0.392549 -0.158735 -0.944867 -0.286407 
-0.356982 -0.895424 -0.266046 -0.65951 -0.715323 -0.230996 -0.872025 -0.474921 -0.118416 
-0.901759 0.199409 0.383493 -0.98992 -0.141356 0.00871792 -0.969725 -0.24268 -0.0272161 
-0.952331 0.120693 0.280177 -0.970935 -0.237677 0.028183 -0.968808 0.0549198 0.24165 
-0.984891 -0.122296 0.122612 0.85429 -0.419519 -0.306907 0.837445 -0.369622 -0.402574 
0.941063 -0.275561 -0.196127 0.898273 -0.412073 -0.15265 0.856566 -0.421899 -0.297145 
0.860644 -0.420906 -0.286582 0.884243 -0.437632 -0.163073 0.6859 0.703084 0.187654 
0.896204 0.433038 0.0964159 0.997631 0.0526402 0.0442863 0.969427 -0.242458 -0.0377584 
0.45891 0.799831 0.386874 0.311934 0.838679 0.446447 0.547803 0.756532 0.357172 
0.156977 0.853116 0.497545 -0.206109 0.360318 0.909775 -0.210232 0.393762 0.894849 
0.155136 0.674546 0.721748 0.124782 0.523589 0.842783 0.2398 0.486273 0.840259 
0.0806095 0.368904 0.925965 0.0886697 0.277253 0.956697 0.0249679 0.249133 0.968147 
-0.032141 0.264439 0.963867 -0.0844646 0.302135 0.949516 -0.128791 0.297916 0.945864 
-0.151322 0.321436 0.934762 -0.173266 0.368495 0.91334 -0.196449 0.364196 0.910367 
-0.207777 0.413359 0.886546 -0.209974 0.426388 0.879832 -0.215079 0.430626 0.876528 
-0.219905 0.439398 0.87096 -0.236166 0.447893 0.862333 -0.255934 0.456937 0.851884 
-0.263396 0.470614 0.842107 -0.276023 0.479464 0.833022 -0.278577 0.507997 0.815067 
-0.240853 0.605001 0.758923 -0.259449 0.50085 0.825733 -0.239547 0.549017 0.800748 
-0.20674 0.684571 0.699014 -0.199346 0.704057 0.68159 -0.183671 0.706348 0.68362 
-0.213691 0.639554 0.738449 -0.188855 0.717315 0.670666 -0.166808 0.692552 0.701816 
-0.173183 0.666375 0.725226 -0.148771 0.662604 0.734046 -0.166165 0.618871 0.767716 
-0.141391 0.575693 0.805348 -0.155367 0.541499 0.82622 -0.154114 0.487451 0.859442 
-0.145539 0.452175 0.879975 -0.160029 0.45962 0.873579 -0.165737 0.441146 0.881998 
-0.158794 0.426667 0.890359 -0.136077 0.427553 0.89369 -0.0915289 0.440932 0.892861 
-0.0870175 0.436964 0.89526 -0.09482 0.425604 0.899928 -0.136338 0.411348 0.901224 
-0.115796 0.428851 0.895923 -0.106221 0.447591 0.887907 -0.195471 0.414564 0.888779 
-0.73387 0.340595 0.587733 -0.432809 0.36544 0.824093 -0.511334 0.437721 0.739553 
-0.278921 0.401225 0.87248 -0.0667474 -0.920952 -0.383918 -0.0738722 -0.959786 -0.270838 
-0.14296 -0.974739 -0.171598 -0.338491 -0.929146 -0.148703 -0.621963 -0.775814 -0.106177 
-0.867221 -0.496363 -0.039397 -0.846306 0.267248 0.460808 -0.873641 0.226278 0.430755 
-0.870898 -0.491258 0.0142254 -0.912445 0.177437 0.368728 -0.874465 -0.483813 0.0351573 
-0.98131 -0.0790896 0.175431 0.922029 -0.386497 -0.0219892 0.899377 -0.42823 -0.0879788 
0.648726 0.634465 0.420249 0.862988 0.446512 0.236385 0.987899 0.0314144 0.151884 
0.966941 -0.229337 0.111488 0.443936 0.63403 0.633188 0.301256 0.675524 0.672987 
0.500276 0.56994 0.651838 -0.200444 0.397483 0.895449 0.320082 0.476394 0.818899 
0.177173 0.375913 0.90956 0.286741 0.326957 0.900488 0.391784 0.261488 0.882116 
0.199325 0.256327 0.945815 0.123744 0.239631 0.962946 0.0632136 0.260744 0.963336 
-0.0049566 0.307342 0.951586 -0.0723265 0.356598 0.931454 -0.131416 0.339798 0.931272 
-0.137227 0.394921 0.908409 -0.187952 0.413857 0.890728 -0.207335 0.418409 0.884277 
-0.21078 0.425638 0.880002 -0.210118 0.43507 0.875537 -0.210711 0.437128 0.874368 
-0.21893 0.457266 0.861961 -0.243529 0.467321 0.849885 -0.224964 0.591612 0.7742 
-0.229464 0.502033 0.833852 -0.2258 0.552374 0.802432 -0.166382 0.664572 0.728465 
-0.177725 0.685182 0.706356 -0.165086 0.679777 0.714597 -0.146441 0.663674 0.733547 
-0.210957 0.593628 0.776597 -0.18428 0.629064 0.755195 -0.127262 0.634812 0.762114 
-0.14259 0.615099 0.775449 -0.112488 0.589656 0.799782 -0.1164 0.550115 0.826937 
-0.0930209 0.504157 0.858588 -0.116352 0.516244 0.848501 -0.130804 0.478667 0.868198 
-0.116128 0.436705 0.892078 -0.125267 0.42971 0.894236 -0.153036 0.435787 0.886944 
-0.165747 0.431992 0.886516 -0.170505 0.435224 0.884029 -0.161598 0.435002 0.88581 
-0.138636 0.427977 0.893093 -0.105743 0.477093 0.872468 -0.0987589 0.465271 0.879642 
-0.0984498 0.448818 0.888184 -0.133208 0.435882 0.890091 -0.126783 0.452243 0.882838 
-0.121682 0.481531 0.867941 -0.193989 0.446508 0.873498 -0.596453 0.428589 0.678643 
-0.702608 0.369214 0.608296 -0.313968 0.464277 0.828173 -0.378696 0.509868 0.772415 
-0.457929 0.481566 0.747258 -0.0911717 -0.974916 -0.203042 -0.0948914 -0.981605 -0.16567 
-0.130477 -0.988541 -0.0759072 -0.335472 -0.938861 -0.0774489 -0.616814 -0.78527 -0.0537781 
-0.763736 0.310972 0.565689 -0.604472 -0.796411 -0.0185316 -0.695122 0.309464 0.648874 
-0.878921 0.217547 0.424466 -0.545173 -0.837785 0.030052 -0.815363 -0.567231 0.115896 
-0.897862 -0.199732 0.392366 0.917848 -0.395177 -0.0372861 0.941624 -0.309161 0.133279 
0.924171 -0.381902 -0.00767933 0.796124 0.2975 0.526954 0.631074 0.34959 0.692483 
0.954195 0.0630082 0.292475 0.907631 -0.250816 0.336597 0.4109 0.390043 0.824031 
0.54073 0.211773 0.814103 0.339581 0.21931 0.914652 0.460113 0.124536 0.879083 
0.474276 0.150618 0.867396 0.578446 -0.000405718 0.81572 0.37421 0.178741 0.909955 
0.241957 0.225628 0.943689 0.204491 0.237795 0.949546 0.108414 0.303185 0.946745 
0.036848 0.359738 0.932326 -0.0528473 0.421927 0.905088 -0.147564 0.43621 0.887663 
-0.179849 0.421535 0.888799 -0.204274 0.423434 0.882596 -0.210134 0.425522 0.880213 
-0.208793 0.431259 0.877736 -0.205021 0.443705 0.872406 -0.206589 0.452279 0.86762 
-0.20604 0.487193 0.84864 -0.210159 0.539629 0.815251 -0.157682 0.636416 0.755057 
-0.143231 0.670385 0.728058 -0.105418 0.653968 0.749142 -0.12753 0.630307 0.7658 
-0.138143 0.649799 0.747447 -0.115388 0.629779 0.768156 -0.0972805 0.599254 0.794627 
-0.181921 0.580478 0.793694 -0.161458 0.618746 0.768821 -0.0827986 0.557088 0.826315 
-0.0777837 0.511662 0.855658 -0.0700284 0.475308 0.877028 -0.0632545 0.438969 0.896273 
-0.0907719 0.453729 0.886505 -0.0733652 0.417328 0.90579 -0.0885615 0.417251 0.904466 
-0.104511 0.422625 0.900258 -0.136904 0.429665 0.89255 -0.157064 0.431938 0.888122 
-0.16556 0.43351 0.88581 -0.163007 0.444979 0.880581 -0.166165 0.456613 0.87401 
-0.148928 0.452566 0.879207 -0.115176 0.514032 0.850003 -0.113024 0.510515 0.852409 
-0.13544 0.488852 0.861789 -0.143672 0.478032 0.866512 -0.12487 0.506634 0.853071 
-0.211054 0.514553 0.831079 -0.507219 0.466796 0.724452 -0.584566 0.465773 0.664333 
-0.275145 0.528914 0.802836 -0.355062 0.522533 0.775171 -0.123121 -0.98911 -0.080644 
-0.125342 -0.989196 -0.0760269 -0.127229 -0.989577 -0.0674509 -0.302756 -0.952963 -0.0141437 
-0.571096 0.442609 0.691337 -0.505727 -0.1948 0.840412 -0.532756 0.112527 0.838754 
-0.50403 0.392021 0.769593 -0.733092 0.0676078 0.676761 -0.235984 -0.969392 0.0677614 
-0.414519 -0.897881 0.148271 -0.641977 -0.688605 0.337179 -0.587707 -0.464579 0.662395 
0.925899 -0.3773 0.0188416 0.933522 -0.328221 0.144248 0.905693 -0.258228 0.336211 
0.844814 -0.110675 0.523488 0.72334 -0.0668663 0.687246 0.802765 -0.17855 0.568936 
0.626842 -0.0451436 0.777838 0.561405 0.0851148 0.823152 0.691267 -0.166392 0.703181 
0.738824 -0.0255009 0.673416 0.768448 -0.19414 0.609752 0.497943 0.142737 0.855382 
0.332234 0.188966 0.924074 0.251057 0.296087 0.921576 0.420299 0.218773 0.880617 
0.196308 0.328706 0.923805 0.099459 0.405621 0.908614 0.0231821 0.421427 0.906566 
-0.0808368 0.4333 0.897617 -0.130397 0.416314 0.899822 -0.125966 0.409889 0.903396 
-0.193106 0.423508 0.885071 -0.180745 0.428179 0.885434 -0.202531 0.432597 0.878545 
-0.193596 0.44411 0.874807 -0.194876 0.466598 0.862734 -0.195526 0.474218 0.858421 
-0.18923 0.520589 0.832574 -0.103257 0.636302 0.764498 -0.0569075 0.611944 0.788851 
-0.051062 0.60608 0.793763 -0.135768 0.58902 0.796632 -0.0697853 0.585939 0.807345 
-0.0716143 0.592184 0.802615 -0.0575059 0.55998 0.826508 -0.0450014 0.518424 0.853939 
-0.160188 0.534051 0.830138 -0.0385924 0.476139 0.878523 -0.0363735 0.440458 0.897036 
-0.0341253 0.414262 0.909518 -0.0375098 0.39972 0.91587 -0.0481817 0.400868 0.914868 
-0.0635722 0.410627 0.909585 -0.0825546 0.421218 0.903195 -0.123527 0.429764 0.894452 
-0.15071 0.432424 0.888986 -0.142465 0.439756 0.886746 -0.148716 0.44797 0.881593 
-0.152852 0.466616 0.871152 -0.110147 0.53536 0.837411 -0.115273 0.543988 0.831137 
-0.130708 0.539336 0.831885 -0.166739 0.53572 0.827769 -0.13406 0.491535 0.860477 
-0.109323 0.512744 0.851553 -0.202288 0.546671 0.812545 -0.391301 0.565218 0.726231 
-0.405946 0.527345 0.746401 -0.234957 0.575272 0.783491 -0.164594 -0.986355 -0.00356254 
-0.345533 -0.350113 0.870648 -0.17408 -0.711649 0.680627 -0.283408 -0.681808 0.674402 
-0.352957 0.267186 0.896679 -0.240722 -0.103433 0.965067 -0.274741 0.468316 0.839761 
-0.151349 -0.988136 0.0260981 -0.14742 -0.985602 0.0828009 -0.157355 -0.965784 0.206156 
-0.304332 -0.866533 0.395604 0.927893 -0.358155 0.103631 0.903155 -0.305351 0.301781 
0.924264 -0.356883 0.135541 0.823123 -0.241335 0.514029 0.669224 0.0624073 0.740436 
0.819914 -0.0273313 0.571834 0.879625 -0.138872 0.454944 0.836554 -0.304682 0.455354 
0.882248 -0.327519 0.338187 0.58761 0.115363 0.800878 0.332515 0.281681 0.90005 
0.496863 0.237678 0.834647 0.65244 0.1487 0.743108 0.383694 0.267503 0.883867 
0.293681 0.352816 0.88841 0.174027 0.389591 0.904397 0.0913668 0.365975 0.926129 
-0.0437592 0.392135 0.918866 0.0484038 0.378909 0.924167 -0.104742 0.428038 0.897671 
-0.138138 0.393 0.909103 -0.179639 0.416238 0.891334 -0.183756 0.420345 0.888563 
-0.144412 0.42863 0.891864 -0.175378 0.482153 0.858354 -0.185669 0.499511 0.846177 
0.00702716 0.554256 0.832317 0.0162634 0.559709 0.82853 0.000441191 0.54637 0.837544 
-0.0937854 0.536182 0.838876 0.0111638 0.514026 0.857702 -0.00926901 0.519394 0.854485 
-0.00324979 0.47502 0.879969 0.00390615 0.437733 0.899097 -0.120812 0.483658 0.866879 
0.0017394 0.405621 0.91404 0.000652729 0.383979 0.923342 -0.00219607 0.375731 0.926726 
-0.00813388 0.380407 0.924783 -0.0180407 0.391295 0.920088 -0.0315761 0.402878 0.914709 
-0.0490503 0.409966 0.910781 -0.103842 0.432479 0.895644 -0.132597 0.43786 0.889211 
-0.125041 0.423491 0.897229 -0.133024 0.454691 0.880659 -0.134824 0.477701 0.868115 
-0.0748085 0.524021 0.848414 -0.102689 0.555262 0.825312 -0.125339 0.563358 0.816651 
-0.161046 0.557582 0.81435 -0.119029 0.491547 0.862678 -0.0732682 0.471442 0.878848 
-0.250417 0.601589 0.758539 -0.313163 0.562666 0.765072 -0.206583 0.535647 0.818783 
-0.143904 0.573735 0.8063 -0.151831 0.575548 0.80355 -0.096146 -0.540209 0.83602 
-0.0121102 -0.79844 0.601953 -0.0289199 -0.911112 0.411143 -0.106333 -0.902665 0.417 
-0.128451 0.197688 0.971813 -0.00858264 -0.237871 0.971259 -0.0950336 0.41052 0.906886 
-0.103603 -0.984412 0.142123 -0.0522591 -0.972871 0.225371 0.914619 -0.362468 0.179132 
0.896084 -0.352268 0.270075 0.739207 0.0349868 0.672569 0.86762 -0.0472938 0.494974 
0.931975 -0.102816 0.347637 0.939449 -0.19489 0.281874 0.943695 -0.137357 0.300952 
0.889181 -0.357214 0.285929 0.892393 -0.340986 0.295572 0.90789 -0.299607 0.293208 
0.581739 0.190497 0.790753 0.742569 0.0976389 0.662615 0.814271 -0.00691369 0.580443 
0.52588 0.232434 0.818184 0.354797 0.33493 0.872892 0.264085 0.300838 0.916382 
0.195216 0.275585 0.941246 0.161125 0.339224 0.926804 0.00401671 0.379127 0.925336 
0.313174 0.216593 0.924667 -0.0621168 0.354586 0.932958 -0.0411396 0.321769 0.945924 
-0.134254 0.38582 0.912753 -0.058531 0.359367 0.931359 -0.0527795 0.418023 0.906902 
0.0897741 0.504177 0.858922 0.110734 0.478943 0.870834 0.09152 0.49328 0.865043 
0.0628586 0.47227 0.87921 -0.0355822 0.471898 0.880935 0.0599928 0.43082 0.900442 
0.165787 0.42714 0.888857 0.0478109 0.435786 0.89878 0.0574507 0.388187 0.919788 
0.0410464 0.369548 0.928305 0.0392815 0.350462 0.935753 0.035752 0.345394 0.937777 
0.033287 0.352739 0.93513 0.0283021 0.364009 0.930965 0.0251528 0.367812 0.92956 
0.0190787 0.374832 0.926896 -0.000336907 0.362286 0.932067 -0.0584776 0.400028 0.914635 
-0.0992347 0.419327 0.902395 -0.111705 0.404517 0.907683 -0.0744891 0.357125 0.931082 
-0.0870322 0.40819 0.908739 -0.105655 0.460792 0.881197 -0.00996868 0.435176 0.90029 
-0.0265154 0.478407 0.877738 -0.0755791 0.525511 0.847423 -0.101501 0.55074 0.828483 
-0.0437784 0.398145 0.916277 0.00105565 0.364321 0.931273 -0.0675853 0.497959 0.864563 
-0.0795997 0.524045 0.847963 0.0803412 -0.597106 0.798129 0.119971 -0.797228 0.591638 
0.0567022 -0.920724 0.386073 -0.032786 -0.96486 0.26071 0.00275571 -0.944062 0.329756 
-0.0406436 -0.96808 0.247324 0.0301385 0.08105 0.996254 0.154682 -0.341299 0.92714 
0.0371859 0.30838 0.950536 0.896557 -0.374881 0.235901 0.892757 -0.115677 0.435436 
0.931342 -0.0968257 0.351036 0.890017 -0.116775 0.440718 0.945639 -0.11654 0.303621 
0.9407 -0.109774 0.320989 0.690061 0.0992795 0.71691 0.836168 -0.0383376 0.547132 
0.888242 -0.177301 0.423781 0.881578 -0.207057 0.424202 0.743064 0.0767684 0.664802 
0.641821 0.126847 0.756291 0.455854 0.231761 0.859351 0.388756 0.171346 0.905268 
0.254227 0.223304 0.941012 0.0860371 0.270469 0.958877 0.435811 0.0684117 0.897434 
0.42737 0.127725 0.895009 0.55069 -0.0161285 0.834554 0.114344 0.244949 0.96277 
0.0667623 0.268975 0.960831 0.0586023 0.332141 0.941408 0.0524113 0.392145 0.918409 
0.18184 0.429409 0.884614 0.25129 0.364905 0.896492 0.217572 0.412229 0.88472 
0.160471 0.411397 0.897219 0.132925 0.382102 0.91451 0.170055 0.340495 0.92474 
0.332912 0.270206 0.903415 0.297589 0.350324 0.888096 0.110404 0.35509 0.92829 
0.0921283 0.337877 0.93667 0.15593 0.30455 0.939646 0.0904322 0.304309 0.948271 
0.0772287 0.304845 0.949266 0.0819623 0.313021 0.946203 0.079696 0.325393 0.942214 
0.0799505 0.325147 0.942278 0.1094 0.303574 0.946507 0.0761252 0.303333 0.949839 
0.0611516 0.265656 0.962126 -0.0133689 0.327679 0.944695 -0.0673568 0.369537 0.926771 
-0.0195835 0.287084 0.957705 -0.00348226 0.248498 0.968626 0.00101834 0.300448 0.953798 
0.0541978 0.269348 0.961517 0.0309574 0.351825 0.935554 -0.0267543 0.436321 0.899393 
-0.0491287 0.466715 0.883042 0.0348074 0.274841 0.96086 0.0725972 0.182763 0.980473 
0.0546457 0.371497 0.926825 0.240965 -0.611364 0.753771 0.253853 -0.768674 0.58711 
0.156364 -0.892366 0.42336 0.112041 -0.913404 0.391331 0.054419 -0.931545 0.35953 
0.0643879 -0.928261 0.366314 0.15868 -0.0642305 0.985239 0.287216 -0.436124 0.852821 
0.174455 0.168849 0.97008 0.916779 -0.211033 0.33909 0.917116 -0.21273 0.337111 
0.869499 -0.0981767 0.48408 0.885568 -0.219313 0.409477 0.886649 -0.222351 0.40548 
0.903381 -0.215381 0.370829 0.774754 -0.0269438 0.631689 0.696863 -0.0484524 0.715566 
0.545675 0.088265 0.833336 0.580487 -0.0128455 0.814168 0.295319 0.154396 0.942841 
0.516975 0.0303601 0.855462 0.659838 -0.143188 0.737639 0.690967 -0.0931447 0.71686 
0.723941 -0.225807 0.651859 0.242865 0.174283 0.954276 0.235605 0.205123 0.949955 
0.17852 0.296867 0.938083 0.391971 0.253933 0.884238 0.367363 0.280571 0.886749 
0.276273 0.343104 0.897749 0.235861 0.309309 0.921248 0.202638 0.29154 0.934849 
0.310879 0.227571 0.922803 0.443177 0.137904 0.885763 0.436058 0.241722 0.866847 
0.544659 0.119411 0.830113 0.141847 0.278076 0.950028 0.270328 0.214418 0.938588 
0.217701 0.228072 0.948994 0.182229 0.222303 0.957796 0.12891 0.263224 0.956083 
0.149359 0.241636 0.958803 0.141348 0.266518 0.953409 0.146808 0.26535 0.95291 
0.148053 0.24147 0.959048 0.173978 0.236351 0.955965 0.264924 0.129992 0.955467 
0.171164 0.154238 0.973095 0.124444 0.120774 0.984849 0.0434956 0.211641 0.976379 
0.0551984 0.150186 0.987116 0.0988792 0.10619 0.989417 0.100165 0.167719 0.980733 
0.110778 0.0224072 0.993593 0.0981685 0.137219 0.985664 0.0391928 0.295273 0.954609 
0.124783 0.0830442 0.988703 0.1328 -0.0544654 0.989645 0.22232 -0.00873602 0.974935 
0.332437 -0.677371 0.656242 0.281278 -0.825054 0.49007 0.180635 -0.882158 0.434936 
0.284908 -0.17326 0.942766 0.342006 -0.396671 0.851871 0.919562 -0.231162 0.317759 
0.916366 -0.238929 0.321227 0.840387 -0.172207 0.513901 0.750304 -0.141914 0.645682 
0.446893 0.0652756 0.892203 0.617579 -0.0701938 0.78337 0.787386 -0.234485 0.570123 
0.751551 -0.190397 0.631601 0.823954 -0.244164 0.511355 0.790123 -0.343326 0.507772 
0.805041 -0.41384 0.425023 0.814059 -0.405814 0.415479 0.381655 0.0851725 0.920372 
0.341718 0.19342 0.919683 0.476715 0.0649878 0.876653 0.502366 0.156242 0.850421 
0.541742 0.140769 0.828674 0.511911 0.144506 0.846797 0.370304 0.250597 0.89447 
0.328971 0.218117 0.918805 0.4764 0.103247 0.873146 0.60539 0.0174983 0.795737 
0.677628 0.0216816 0.735085 0.705421 -0.0305811 0.708129 0.369758 0.153444 0.91637 
0.31613 0.152197 0.936428 0.41641 0.0842446 0.905265 0.27457 0.132265 0.952427 
0.265865 0.116076 0.956997 0.190144 0.190732 0.963051 0.219846 0.188385 0.957172 
0.262732 0.114456 0.958056 0.226863 0.174626 0.958143 0.235202 0.156263 0.959303 
0.265385 0.0888137 0.960043 0.328821 0.00254838 0.944389 0.383049 -0.0330967 0.923135 
0.420554 -0.1185 0.899495 0.33898 -0.0551134 0.939178 0.239815 0.0114731 0.970751 
0.205438 -0.0777433 0.975577 0.120546 0.0368244 0.992025 0.150549 -0.0442391 0.987612 
0.208685 -0.138784 0.968086 0.196926 -0.0364706 0.97974 0.141027 -0.293 0.945654 
0.158626 -0.195276 0.967835 0.217842 -0.136208 0.966433 0.184339 -0.31445 0.931204 
0.244071 -0.456679 0.855496 0.297579 -0.813864 0.499071 0.325841 -0.777488 0.537903 
0.325736 -0.774853 0.541755 0.219805 -0.760207 0.611369 0.896361 -0.283482 0.340845 
0.892476 -0.29088 0.344782 0.862202 -0.265599 0.431353 0.567596 -0.0330781 0.822643 
0.733104 -0.197116 0.650925 0.86852 -0.3297 0.370095 0.877333 -0.319254 0.35828 
0.797478 -0.335943 0.50117 0.847227 -0.312323 0.429721 0.870506 -0.359979 0.335611 
0.869159 -0.366436 0.332095 0.824005 -0.390709 0.410319 0.805634 -0.407995 0.429527 
0.670891 -0.0823229 0.736973 0.628334 -0.0310151 0.777325 0.598498 0.0429273 0.799974 
0.644272 0.0412727 0.763682 0.56156 0.0644698 0.82492 0.44314 0.159582 0.882134 
0.654253 -0.0199596 0.756012 0.476411 0.0808702 0.875495 0.759623 -0.127796 0.637684 
0.759864 -0.0763369 0.645585 0.783217 -0.10852 0.612204 0.836616 -0.141985 0.529068 
0.387796 0.0451642 0.920638 0.563857 -0.0137534 0.825758 0.499062 -0.027067 0.866144 
0.357703 0.0130257 0.933745 0.348447 -0.0141007 0.937222 0.311788 0.0630209 0.948059 
0.370843 -0.0524966 0.927211 0.335154 0.0318164 0.941626 0.442816 -0.141417 0.88539 
0.488545 -0.219851 0.844387 0.527585 -0.300038 0.794752 0.519998 -0.3256 0.789675 
0.435456 -0.230214 0.870276 0.32271 -0.168908 0.931305 0.28748 -0.278251 0.916478 
0.214745 -0.178072 0.960299 0.255245 -0.271434 0.927994 0.27877 -0.37349 0.884756 
0.295985 -0.305583 0.904993 0.18319 -0.568217 0.802229 0.132293 -0.60625 0.784193 
0.150958 -0.544062 0.825354 0.272384 -0.36462 0.890426 0.228683 -0.585371 0.777846 
0.251446 -0.801771 0.542161 0.21279 -0.821463 0.529074 0.135443 -0.808054 0.573328 
0.883029 -0.311373 0.351149 0.879989 -0.315967 0.354662 0.868929 -0.359981 0.33967 
0.834453 -0.194515 0.515609 0.845722 -0.402801 0.350009 0.867388 -0.387478 0.312249 
0.8601 -0.385978 0.333539 0.75646 -0.15931 0.634341 0.707512 -0.0672516 0.703494 
0.613881 -0.0319146 0.788753 0.729166 -0.114648 0.674665 0.765524 -0.173819 0.619484 
0.841318 -0.284614 0.459543 0.875429 -0.193931 0.442735 0.877722 -0.211642 0.429897 
0.82975 -0.178783 0.528727 0.837638 -0.186738 0.513314 0.810338 -0.151962 0.565915 
0.845681 -0.172203 0.505143 0.836428 -0.185536 0.515717 0.854842 -0.171844 0.489607 
0.871723 -0.1704 0.459416 0.451986 -0.0937498 0.887085 0.624252 -0.108169 0.773699 
0.693035 -0.148605 0.705421 0.532079 -0.174958 0.828421 0.44245 -0.135322 0.886525 
0.434229 -0.186136 0.881362 0.409794 -0.121767 0.904014 0.448488 -0.25601 0.85634 
0.5193 -0.352613 0.778454 0.641331 -0.4596 0.61438 0.590284 -0.326816 0.738076 
0.62305 -0.454237 0.636771 0.567937 -0.504211 0.650553 0.499756 -0.429831 0.75199 
0.387469 -0.369954 0.844394 0.364078 -0.479792 0.798277 0.292223 -0.418232 0.860051 
0.31863 -0.510101 0.798919 0.343278 -0.591157 0.729859 0.31485 -0.545835 0.776488 
0.176662 -0.804195 0.567504 0.15672 -0.787214 0.596434 0.220371 -0.749823 0.62386 
0.194838 -0.793823 0.576093 0.150745 -0.84039 0.520596 0.137685 -0.847711 0.512278 
0.872603 -0.379416 0.307585 0.878944 -0.368778 0.302424 0.88983 -0.338515 0.305958 
0.903031 -0.273442 0.331308 0.892639 -0.274916 0.357236 0.859839 -0.247976 0.446301 
0.788556 -0.248072 0.562708 0.81286 -0.226353 0.536677 0.749309 -0.246281 0.614721 
0.791871 -0.212894 0.572378 0.788235 -0.242116 0.565743 0.808902 -0.225261 0.543079 
0.859105 -0.301537 0.413539 0.855343 -0.295162 0.425756 0.863167 -0.263838 0.430503 
0.831064 -0.169314 0.529779 0.813987 -0.182987 0.551308 0.531171 -0.29132 0.795606 
0.632569 -0.271011 0.72554 0.763304 -0.232347 0.602812 0.756243 -0.345279 0.555768 
0.768217 -0.325303 0.551381 0.561082 -0.384791 0.732887 0.502101 -0.31441 0.805631 
0.506246 -0.407718 0.759922 0.469527 -0.481491 0.740075 0.555572 -0.592553 0.583285 
0.601022 -0.545006 0.584587 0.656073 -0.509442 0.55681 0.656878 -0.502235 0.56238 
0.642648 -0.516307 0.566066 0.65445 -0.515541 0.553094 0.653577 -0.516684 0.55306 
0.639923 -0.53569 0.550939 0.593986 -0.4976 0.632119 0.602604 -0.558468 0.570072 
0.637865 -0.529409 0.559334 0.583536 -0.577875 0.570566 0.59024 -0.568264 0.573317 
0.586433 -0.565941 0.579488 0.555473 -0.573662 0.601965 0.507051 -0.530885 0.679014 
0.407953 -0.620253 0.669971 0.436008 -0.616772 0.655354 0.370268 -0.612741 0.698176 
0.363603 -0.608071 0.705721 0.307963 -0.647258 0.697292 0.310925 -0.646003 0.697141 
0.351667 -0.62399 0.69783 0.351745 -0.622337 0.699265 0.341248 -0.636308 0.691854 
0.342854 -0.626783 0.69971 0.326007 -0.650729 0.685763 0.304703 -0.679496 0.667414 
0.240759 -0.73511 0.633758 0.172817 -0.823995 0.539598 0.171232 -0.82792 0.534067 
0.152272 -0.842209 0.517201 0.878997 -0.288295 0.379803 0.767515 -0.281056 0.576132 
0.75873 -0.3057 0.575219 0.632618 -0.501693 0.589998 0.62106 -0.489601 0.612026 
0.588907 -0.432014 0.683046 0.725723 -0.365786 0.58269 0.618572 -0.512346 0.595711 
0.606461 -0.525495 0.596709 0.743899 -0.350385 0.569074 0.797216 -0.338258 0.500028 
0.626118 -0.498855 0.599266 0.522942 -0.557219 0.645011 0.559398 -0.56593 0.605638 
0.526475 -0.590289 0.611869 0.509999 -0.580382 0.634869 0.527401 -0.601072 0.600468 
0.610404 -0.562492 0.557682 0.529131 -0.590533 0.609336 0.479948 -0.616148 0.624509 
0.418298 -0.651254 0.633163 0.424731 -0.636489 0.643806 0.421188 -0.648068 0.634515 
0.365493 -0.613402 0.700109 0.362235 -0.614589 0.700761 0.355877 -0.617463 0.701492 
0.607308 -0.504918 0.61338 0.567815 -0.541967 0.619563 0.529081 -0.587762 0.612053 
0.539467 -0.577073 0.613158 0.530834 -0.584807 0.613364 0.513422 -0.603142 0.610424 
0.519056 -0.597181 0.61152 
