# vtk DataFile Version 5.1
vtk output
ASCII
DATASET POLYDATA
POINTS 1000 float
-38.2992 -38.7457 27.4094 -38.2278 -38.5926 27.4649 -38.6171 -38.4358 27.7371 
-38.6547 -38.6128 27.7528 -38.3048 -38.9288 27.4678 -38.1414 -38.4284 27.6142 
-38.4911 -38.3204 27.763 -38.7995 -38.1416 28.1502 -38.9005 -38.3069 28.1792 
-38.8936 -38.5417 28.2273 -38.6099 -38.843 27.8687 -38.2849 -39.1076 27.6492 
-38.7613 -38.8595 28.2233 -38.2868 -39.2571 27.8678 -38.5816 -39.1535 28.2792 
-38.1799 -39.4901 28.0726 -38.1689 -37.9235 28.1119 -37.6463 -38.1331 27.9624 
-37.8656 -37.8353 28.2509 -37.8624 -38.2043 27.8588 -38.5096 -37.9033 28.202 
-38.562 -37.6693 28.5631 -38.8412 -37.7108 28.719 -38.1065 -38.2419 27.8035 
-38.5274 -38.0996 27.9957 -38.8599 -37.9 28.4713 -39.055 -38.286 28.6658 
-39.0191 -38.5578 28.6828 -38.9166 -38.8394 28.7142 -38.7804 -39.1213 28.7712 
-38.4252 -39.4474 28.4731 -38.6199 -39.4199 28.9157 -38.0645 -39.7322 28.3056 
-37.9408 -39.9693 28.5005 -38.2759 -39.7583 28.734 -37.8367 -40.199 28.7338 
-37.0516 -38.0283 28.3016 -37.5455 -37.7899 28.4069 -37.1675 -37.7712 28.6179 
-38.037 -37.5448 28.7104 -37.6557 -37.5546 28.7709 -38.256 -37.6654 28.4641 
-38.46 -37.4698 28.9347 -37.3733 -38.0779 28.1097 -38.7466 -37.5261 29.0903 
-39.0482 -37.8518 29.0377 -39.0195 -38.0519 28.6456 -39.1266 -38.098 29.1205 
-39.1256 -38.3565 29.1588 -39.0773 -38.6201 29.1794 -39.0103 -38.8734 29.2393 
-38.8966 -39.1569 29.3074 -38.7586 -39.4386 29.3673 -38.4675 -39.7434 29.1347 
-38.7039 -39.6585 29.6263 -38.1046 -40.095 29.0178 -38.3704 -40.0003 29.3988 
-37.68 -40.4781 28.9882 -37.9505 -40.396 29.3235 -37.5502 -40.7369 29.2874 
-36.7021 -37.9643 28.6015 -36.4358 -37.8736 28.9569 -36.9188 -37.6559 28.9796 
-37.3865 -37.4935 29.0191 -37.9371 -37.3567 29.1946 -38.2906 -37.3528 29.2784 
-38.6284 -37.392 29.4903 -38.9533 -37.6398 29.2259 -39.0513 -37.7299 29.5649 
-39.1299 -37.942 29.5401 -39.156 -38.193 29.622 -39.1428 -38.4438 29.6605 
-39.1065 -38.6906 29.6871 -39.0401 -38.9818 29.7331 -38.934 -39.3061 29.8343 
-38.2 -40.3001 29.6779 -38.5459 -39.9742 29.8877 -37.8421 -40.6666 29.7434 
-38.2404 -40.3906 30.1105 -37.4545 -40.9544 29.6114 -37.1752 -37.3692 29.4043 
-36.6746 -37.5437 29.3704 -37.6513 -37.2989 29.4317 -38.0256 -37.2295 29.7485 
-38.3999 -37.2852 29.8182 -38.6784 -37.3886 30.0211 -38.8672 -37.5102 29.6724 
-38.9887 -37.6536 29.9757 -39.084 -37.8609 30.0232 -39.1261 -38.0809 30.0638 
-39.1319 -38.3214 30.1389 -39.122 -38.5717 30.1809 -39.1001 -38.8129 30.1249 
-39.0451 -39.1053 30.1882 -38.8199 -39.622 30.0985 -38.9652 -39.3923 30.3896 
-38.625 -39.9841 30.3341 -37.8021 -40.8417 30.1553 -37.4085 -41.1286 29.9645 
-37.4106 -41.2609 30.331 -36.4643 -37.4834 29.7799 -37.0196 -37.2764 29.8394 
-37.5516 -37.1983 29.8627 -36.1861 -37.8148 29.316 -37.8346 -37.1514 30.2816 
-38.4582 -37.3015 30.3725 -38.1859 -37.2112 30.208 -38.667 -37.4497 30.5717 
-38.8486 -37.535 30.2564 -38.9634 -37.7413 30.4408 -39.0346 -37.9663 30.5089 
-39.0688 -38.2084 30.56 -39.0817 -38.4738 30.6078 -39.0814 -38.7328 30.6559 
-39.0788 -38.9504 30.5264 -39.0328 -39.2176 30.6869 -38.838 -39.7093 30.6095 
-38.4087 -40.3164 30.5545 -38.0834 -40.664 30.4765 -37.7955 -41.0038 30.6229 
-35.9632 -37.7803 29.6431 -36.1909 -37.4743 30.1593 -36.7923 -37.2428 30.2679 
-37.3545 -37.1429 30.3049 -37.699 -37.1246 30.7273 -38.1358 -37.2141 30.6975 
-38.4347 -37.3625 30.8576 -38.7994 -37.638 30.7755 -38.5882 -37.5478 31.0843 
-38.8931 -37.8671 30.907 -38.9567 -38.109 30.9686 -39.0007 -38.3675 30.9938 
-39.018 -38.6262 31.0593 -39.0273 -38.8601 31.1172 -39.048 -39.0401 30.9473 
-38.9977 -39.323 31.1921 -38.9534 -39.4991 30.9222 -38.8115 -39.8386 31.0745 
-38.6244 -40.0951 30.83 -38.2499 -40.6037 30.9025 -37.419 -41.3945 30.7015 
-35.5115 -37.7558 30.2299 -35.7066 -37.7948 29.9299 -35.9787 -37.4203 30.5451 
-36.5796 -37.209 30.6844 -37.1745 -37.1118 30.7421 -37.8793 -37.1893 31.1274 
-38.1693 -37.3044 31.1597 -38.3178 -37.4583 31.3723 -38.7068 -37.7798 31.2693 
-38.807 -38.0275 31.3572 -38.8896 -38.3012 31.372 -38.9332 -38.5874 31.4395 
-38.9579 -38.8819 31.5448 -38.9982 -39.1213 31.3905 -38.9518 -39.4417 31.6184 
-38.909 -39.6496 31.4027 -38.7558 -40.0231 31.4751 -38.5547 -40.2956 31.2118 
-38.2938 -40.6945 31.3545 -37.9017 -41.0363 31.0255 -37.4328 -41.5171 31.0348 
-35.2197 -37.7843 30.4599 -35.6227 -37.447 30.8001 -36.3343 -37.1671 31.0917 
-36.9376 -37.0871 31.1793 -37.4511 -37.1072 31.15 -37.6613 -37.1952 31.5095 
-37.9802 -37.3513 31.5957 -38.1534 -37.5557 31.8105 -38.4559 -37.6445 31.532 
-38.5345 -37.8388 31.7117 -38.6407 -38.0244 31.7577 -38.7571 -38.2571 31.7449 
-38.82 -38.5198 31.7967 -38.8607 -38.7915 31.8828 -38.9442 -39.1991 31.7717 
-38.9061 -39.5945 31.9614 -38.8342 -39.8967 31.8004 -38.8447 -39.8784 32.1558 
-38.7184 -40.2421 32.1054 -38.5809 -40.3945 31.7095 -38.2382 -40.9071 31.7205 
-37.8743 -41.2036 31.3694 -37.8059 -41.4215 31.71 -37.4036 -41.6877 31.3594 
-37.3395 -41.8944 31.6813 -35.7989 -37.2124 31.2449 -36.3076 -37.0654 31.5716 
-34.9153 -37.8015 30.6939 -35.19 -37.49 31.027 -36.8019 -37.0592 31.6437 
-37.2562 -37.1064 31.6007 -37.6244 -37.293 31.8795 -37.2704 -37.192 32.0114 
-37.8173 -37.4752 32.0491 -38.2791 -37.7698 32.0056 -38.4102 -38.0117 32.1673 
-38.5868 -38.2033 32.0937 -38.6823 -38.4656 32.1599 -38.7453 -38.7447 32.2357 
-38.882 -39.0721 32.0169 -38.8949 -39.4102 32.1204 -38.8326 -39.3506 32.3888 
-38.8476 -39.7049 32.4263 -38.4925 -40.6699 32.0985 -38.1601 -41.1453 32.0803 
-37.7313 -41.6493 32.0649 -35.357 -37.2449 31.4695 -35.8924 -37.0635 31.7883 
-34.5726 -37.8133 30.921 -36.8856 -37.1043 32.0984 -36.4458 -37.0387 32.0546 
-37.4103 -37.3851 32.2817 -37.5901 -37.6031 32.4432 -37.9629 -37.6915 32.2445 
-38.1355 -37.9296 32.409 -38.2932 -38.1873 32.5732 -38.4959 -38.3444 32.4435 
-38.5943 -38.6481 32.5612 -38.6578 -38.9477 32.6584 -38.7839 -39.0352 32.3496 
-38.7364 -39.2992 32.6798 -38.7856 -39.6248 32.7213 -38.8013 -40.0518 32.4639 
-38.7839 -39.968 32.8227 -38.745 -40.2663 32.7544 -38.6551 -40.47 32.4663 
-38.4273 -40.897 32.4864 -38.0968 -41.3567 32.4441 -37.2778 -42.1129 32.0271 
-34.7402 -37.5237 31.258 -34.9127 -37.2782 31.6552 -35.4228 -37.075 32.0061 
-36.0653 -37.0219 32.2776 -34.1788 -37.8264 31.1281 -36.5439 -37.1354 32.5045 
-37.0043 -37.2641 32.4302 -37.1574 -37.5054 32.6444 -37.4621 -37.7833 32.7541 
-37.8055 -37.8581 32.6114 -38.0008 -38.1029 32.7822 -38.166 -38.3561 32.9559 
-38.4162 -38.5193 32.7935 -38.2877 -38.6436 33.1426 -38.4974 -38.8596 32.9742 
-38.6128 -39.2103 32.9616 -38.6763 -39.5464 33.0202 -38.7163 -39.8478 33.089 
-38.7026 -40.3757 33.0889 -38.6126 -40.6416 32.8584 -38.4101 -41.0426 32.8931 
-37.6689 -41.8747 32.4411 -37.1877 -42.3647 32.3687 -33.3409 -37.8447 31.4175 
-33.7645 -37.8387 31.2944 -33.8926 -37.5113 31.6336 -34.3142 -37.5152 31.4948 
-34.6603 -37.1901 31.9303 -35.677 -37.0101 32.4892 -36.7148 -37.352 32.7638 
-36.782 -37.5908 32.9707 -37.1122 -37.7356 32.9095 -37.6425 -38.0451 32.9665 
-37.2812 -37.9835 33.0869 -37.8123 -38.2704 33.1649 -38.0033 -38.5113 33.332 
-38.1297 -38.7827 33.5138 -38.3327 -38.9305 33.3532 -38.4734 -39.1862 33.2788 
-38.5457 -39.5124 33.323 -38.6025 -39.8195 33.3898 -38.6292 -40.1078 33.4731 
-38.7063 -40.1586 33.22 -38.6359 -40.4935 33.4329 -38.5726 -40.7855 33.2583 
-38.3042 -41.2953 33.2266 -38.0851 -41.4906 32.7905 -37.8795 -41.8214 32.9595 
-37.4992 -42.1968 32.737 -37.1246 -42.6202 32.7583 -34.1132 -37.2096 31.9893 
-33.4384 -37.4969 31.7623 -34.6994 -37.0078 32.3658 -32.9425 -37.8171 31.5599 
-35.1805 -37.0082 32.4074 -35.5084 -37.0156 32.8762 -36.0745 -37.0802 32.7142 
-36.2716 -37.2429 32.9199 -36.3696 -37.4518 33.0933 -36.4644 -37.6938 33.2448 
-36.8439 -37.8896 33.2112 -37.0389 -38.1325 33.3833 -37.4114 -38.2557 33.3749 
-37.6564 -38.4689 33.5458 -37.8741 -38.7199 33.7233 -38.0689 -39.0306 33.8395 
-38.2916 -39.1716 33.6205 -38.3993 -39.4837 33.6269 -38.467 -39.8231 33.6939 
-38.5095 -40.1457 33.7812 -38.5756 -40.4204 33.7 -38.4572 -41.0494 33.5595 
-38.5411 -40.7667 33.6889 -38.0333 -41.7413 33.3455 -37.59 -42.2694 33.1727 
-37.1271 -42.7924 33.1477 -33.69 -37.1753 32.1297 -34.3207 -36.9758 32.5008 
-33.8926 -36.9525 32.6209 -33.0133 -37.4727 31.9395 -33.3399 -37.1533 32.3268 
-34.9823 -36.9443 32.8811 -32.5395 -37.8057 31.704 -35.7974 -37.1629 33.101 
-35.9138 -37.3647 33.2874 -36.0602 -37.5823 33.3896 -36.0531 -37.8035 33.5659 
-36.4543 -37.9155 33.4373 -36.1973 -38.0684 33.716 -36.6277 -38.1382 33.5722 
-36.9102 -38.3289 33.6948 -37.2402 -38.4802 33.776 -37.5308 -38.6669 33.9057 
-37.3866 -38.8369 34.221 -37.7671 -38.9206 34.0628 -37.9926 -39.2936 34.1561 
-38.2102 -39.3908 33.9098 -38.306 -39.7426 33.9605 -38.1382 -39.6477 34.1872 
-38.3464 -40.0571 34.0586 -38.3887 -40.3371 34.1184 -38.4637 -40.5189 34.0142 
-38.4648 -40.8036 33.9909 -38.3854 -41.1634 33.9442 -38.2678 -41.4377 33.662 
-37.9192 -41.9852 33.6327 -37.5414 -42.4795 33.5672 -37.1211 -42.9735 33.5523 
-32.5831 -37.511 32.103 -32.1533 -37.7708 31.9047 -32.9631 -37.2285 32.4595 
-34.5014 -36.9128 32.9946 -34.8566 -36.9911 33.3599 -35.3243 -37.0694 33.2636 
-35.4972 -37.3074 33.4904 -35.6447 -37.5795 33.6345 -35.7336 -37.875 33.8064 
-35.8674 -38.147 33.9632 -36.3979 -38.3223 33.9013 -36.7456 -38.5188 34.0289 
-37.0633 -38.6834 34.1504 -37.4365 -39.0633 34.4624 -37.7487 -39.1553 34.3129 
-37.941 -39.5817 34.4301 -37.7413 -39.4359 34.5564 -38.166 -40.0201 34.3557 
-38.2204 -40.3184 34.4084 -38.284 -40.5943 34.4127 -38.3598 -40.7936 34.3092 
-38.3449 -41.1021 34.2865 -38.257 -41.439 34.276 -38.1649 -41.6531 33.9725 
-38.0683 -41.8842 34.3111 -37.8724 -42.1571 33.9884 -37.5432 -42.6318 33.9814 
-32.24 -37.4646 32.3452 -31.7939 -37.7181 32.1087 -32.6282 -37.2253 32.6744 
-33.4923 -36.9924 32.8317 -34.0272 -36.9029 33.0824 -34.3396 -36.9361 33.4474 
-34.6103 -37.0974 33.7251 -35.0726 -37.2041 33.6312 -35.2072 -37.4709 33.8124 
-35.3428 -37.7425 33.9437 -35.445 -38.0194 34.1081 -35.62 -38.3047 34.2847 
-36.0397 -38.3905 34.1534 -36.3684 -38.5873 34.2804 -36.6932 -38.7853 34.4399 
-37.0361 -38.9402 34.5192 -37.4647 -39.3224 34.703 -37.5593 -39.6368 34.8942 
-37.7698 -39.8045 34.7919 -38.0105 -39.8633 34.5116 -37.8957 -40.09 34.8 
-38.026 -40.3247 34.7229 -38.1043 -40.6238 34.7371 -38.1922 -40.8621 34.704 
-38.2566 -41.069 34.5984 -38.1309 -41.1687 34.9487 -38.2207 -41.3557 34.6687 
-38.1599 -41.6653 34.6147 -38.0246 -42.0322 34.6944 -37.8386 -42.3353 34.4103 
-37.5416 -42.7924 34.4005 -37.1239 -43.1488 33.9597 -31.4926 -37.6176 32.3384 
-31.9466 -37.3898 32.5709 -32.3005 -37.149 32.9739 -33.1555 -37.0244 33.0172 
-33.739 -36.9129 33.3792 -34.0714 -36.99 33.772 -34.7909 -37.3546 33.9552 
-34.9433 -37.6464 34.1243 -35.0459 -37.9208 34.2898 -35.2124 -38.2129 34.4489 
-35.4898 -38.5131 34.6148 -35.9314 -38.5977 34.4908 -36.292 -38.8382 34.6613 
-36.6467 -39.0694 34.8282 -37.1103 -39.1955 34.7819 -36.8649 -39.3506 35.0615 
-37.2513 -39.5092 35.0244 -37.3768 -39.8346 35.2121 -37.6206 -40.0606 35.1318 
-37.785 -40.3544 35.0899 -37.9176 -40.6295 35.0516 -38.011 -40.9378 35.0866 
-37.9955 -41.2816 35.3167 -38.0969 -41.4674 35.1361 -38.125 -41.6549 34.9723 
-38.0459 -41.9888 35.05 -37.8702 -42.411 34.8712 -37.1314 -43.3285 34.3607 
-37.1527 -43.4951 34.7419 -31.2181 -37.5281 32.5161 -31.7692 -37.2152 32.9035 
-32.7809 -37.0361 33.1733 -33.3172 -36.9355 33.5367 -33.6215 -36.9717 33.9118 
-33.9457 -37.1237 34.1544 -34.3748 -37.2135 34.042 -34.1696 -37.3536 34.356 
-34.5599 -37.5156 34.2647 -34.6466 -37.8079 34.4745 -34.2673 -37.6407 34.5942 
-34.8109 -38.1053 34.6332 -35.8075 -38.8135 34.825 -36.1355 -39.0636 35.0038 
-36.3805 -39.2912 35.1837 -36.6056 -39.5146 35.3473 -36.9971 -39.6585 35.3134 
-37.081 -39.949 35.5306 -37.3478 -40.1645 35.4924 -37.541 -40.3925 35.4302 
-37.696 -40.6461 35.3868 -37.7982 -40.8975 35.4138 -37.8478 -41.1609 35.5123 
-38.037 -41.8461 35.3838 -37.9835 -41.6221 35.5331 -37.9734 -42.2375 35.3329 
-37.8085 -42.6424 35.2139 -37.5626 -42.9224 34.7993 -37.5133 -43.1603 35.1511 
-30.9113 -37.4592 32.6689 -31.3704 -37.1583 33.0142 -31.0871 -37.0553 33.2458 
-31.8485 -36.9653 33.3861 -32.3307 -36.9588 33.4743 -32.8434 -36.9368 33.6083 
-33.2123 -36.9437 34.0634 -32.6841 -36.8748 33.9749 -33.5844 -37.107 34.3769 
-33.87 -37.376 34.5995 -34.3905 -37.9755 34.8238 -35.0748 -38.4323 34.7858 
-34.68 -38.3249 34.9488 -34.9258 -38.6755 35.1316 -35.3649 -38.7367 34.9471 
-35.6844 -39.0639 35.1671 -35.9318 -39.3397 35.3892 -36.2322 -39.6082 35.5864 
-36.6869 -39.7816 35.5899 -36.7921 -40.0799 35.8316 -37.0691 -40.2878 35.8269 
-37.276 -40.515 35.8127 -37.4693 -40.7089 35.7208 -37.5615 -40.9796 35.7892 
-37.6539 -41.2469 35.8604 -37.8655 -41.4579 35.6953 -37.828 -41.7493 35.9754 
-37.9306 -41.9178 35.8323 -37.9654 -42.1537 35.7051 -37.8972 -42.5169 35.6434 
-37.7384 -42.9082 35.5534 -37.4611 -43.4166 35.5286 -37.1488 -43.7075 35.1495 
-30.6494 -37.3834 32.8692 -30.4099 -37.3106 33.1011 -30.7959 -37.0143 33.4284 
-31.5223 -36.859 33.6088 -32.0896 -36.8164 33.8916 -32.5107 -36.83 34.2831 
-33.0273 -36.964 34.4494 -33.3874 -37.1905 34.6953 -33.6605 -37.4817 34.8755 
-33.9978 -37.722 34.8762 -34.2587 -38.2002 35.1216 -34.4633 -38.5052 35.2491 
-34.6006 -38.8021 35.4175 -35.2677 -38.9788 35.2512 -34.9527 -39.0566 35.471 
-35.4322 -39.3148 35.5287 -35.7689 -39.6132 35.7413 -36.4272 -39.9151 35.843 
-36.0886 -39.8998 35.9534 -36.4705 -40.2025 36.1139 -36.7913 -40.4185 36.1303 
-37.0374 -40.6768 36.1475 -37.2745 -40.9298 36.0922 -37.4007 -41.262 36.1788 
-37.701 -41.5268 36.0174 -37.4979 -41.5557 36.3083 -37.6299 -41.8067 36.3622 
-37.7688 -41.994 36.2969 -37.878 -42.1917 36.1434 -37.8981 -42.468 36.0337 
-37.8257 -42.8107 36.0078 -37.668 -43.1805 35.8822 -37.1633 -43.9109 35.6009 
-30.1856 -37.2454 33.3132 -31.1929 -36.7756 33.8506 -31.7289 -36.7126 34.1318 
-32.1568 -36.748 34.4525 -32.6138 -36.9035 34.7083 -32.9864 -37.1063 34.8788 
-33.2905 -37.3835 35.0376 -33.5503 -37.6976 35.1727 -33.9154 -37.937 35.132 
-33.8684 -38.184 35.3668 -34.0786 -38.5014 35.4771 -34.221 -38.835 35.6399 
-34.5413 -39.1122 35.6968 -34.9472 -39.3541 35.7487 -35.2632 -39.5868 35.8711 
-35.435 -39.8253 36.0787 -35.7644 -39.9558 36.1207 -36.0945 -40.2434 36.3131 
-36.4132 -40.507 36.423 -36.6928 -40.7404 36.4532 -36.9475 -41.0053 36.455 
-37.1265 -41.2492 36.4567 -37.2568 -41.5639 36.5723 -37.399 -41.8448 36.6803 
-37.5491 -42.0875 36.7559 -37.7377 -42.2204 36.5646 -37.8432 -42.4655 36.4136 
-37.8329 -42.7945 36.4205 -37.7305 -43.1759 36.3025 -37.4828 -43.5961 36.0168 
-37.1818 -44.1033 36.0357 -29.9337 -37.1922 33.5142 -30.3247 -36.9377 33.8468 
-30.6393 -36.9066 33.7463 -31.4451 -36.6373 34.4122 -31.8591 -36.6825 34.7074 
-32.2655 -36.8445 34.9405 -32.6222 -37.0881 35.1337 -32.9481 -37.3381 35.2256 
-33.1661 -37.642 35.3792 -32.9996 -37.8297 35.6294 -33.4633 -37.9758 35.4633 
-33.6211 -38.3568 35.6453 -33.8018 -38.7284 35.7962 -34.0486 -39.1181 35.9442 
-34.4547 -39.3787 35.9652 -34.7648 -39.6182 36.0751 -34.9877 -39.8638 36.2575 
-35.6659 -40.1826 36.3993 -35.2707 -40.0935 36.4241 -35.6612 -40.4145 36.6411 
-35.9951 -40.5785 36.6762 -36.267 -40.8277 36.7663 -36.5784 -41.0525 36.7613 
-36.7518 -41.3249 36.834 -36.9815 -41.5274 36.7922 -37.1035 -41.8225 36.9451 
-37.2675 -42.065 37.0491 -37.5803 -42.3535 37.01 -37.7394 -42.4451 36.7724 
-37.7919 -42.68 36.7833 -37.7951 -42.9637 36.8308 -37.7364 -43.2676 36.6677 
-37.5189 -43.7137 36.4368 -37.1824 -44.3072 36.4231 -29.6616 -37.1788 33.6028 
-30.6195 -36.72 34.3236 -30.978 -36.6928 34.2122 -31.1919 -36.6086 34.7074 
-31.5556 -36.6571 34.9749 -31.9366 -36.8159 35.1761 -32.3164 -37.0777 35.3466 
-32.2994 -37.3405 35.6281 -32.7 -37.437 35.4854 -33.1987 -38.1863 35.7691 
-32.7918 -38.0567 35.8989 -33.3419 -38.5484 35.9255 -33.5187 -38.9305 36.0733 
-33.7178 -39.278 36.2198 -34.1665 -39.5477 36.2456 -34.482 -39.8412 36.4027 
-34.7978 -40.1115 36.5901 -35.1794 -40.3634 36.7452 -35.4735 -40.6527 36.9415 
-35.8018 -40.8865 37.0277 -36.2156 -41.1616 37.0526 -36.4235 -41.4752 37.1709 
-36.7491 -41.6968 37.1202 -36.8982 -42.0116 37.2961 -37.1161 -42.2596 37.4147 
-37.377 -42.2987 37.2184 -37.655 -42.5863 37.1441 -37.725 -42.8012 37.1901 
-37.7596 -43.0455 37.2573 -37.7521 -43.2961 37.0854 -37.6429 -43.6234 36.887 
-37.4266 -44.0636 36.7965 -37.1719 -44.5416 36.8414 -29.4115 -37.1238 33.7898 
-29.8121 -36.9451 34.0941 -30.1708 -36.8555 34.1726 -30.8642 -36.6211 34.8034 
-31.1995 -36.6637 35.1802 -31.5751 -36.8241 35.4001 -31.9343 -37.0532 35.5312 
-31.9184 -37.3605 35.8302 -32.6033 -37.7087 35.7596 -32.2372 -37.6415 35.8964 
-32.4184 -38.0266 36.0687 -32.4869 -38.4442 36.2959 -32.8616 -38.3967 36.0774 
-33.0599 -38.7467 36.1945 -33.2028 -39.1176 36.3574 -33.3379 -39.4753 36.5437 
-33.7456 -39.5976 36.4682 -34.0008 -39.8752 36.6229 -34.3049 -40.1084 36.7538 
-34.6765 -40.3622 36.9076 -34.9944 -40.621 37.078 -35.2726 -40.9054 37.255 
-35.4622 -41.1831 37.4254 -35.8492 -41.2024 37.2679 -36.0239 -41.5059 37.416 
-36.1485 -41.7992 37.5912 -36.5094 -41.8599 37.4309 -36.5846 -42.1354 37.6447 
-36.8318 -42.2713 37.6339 -37.213 -42.497 37.6505 -36.9323 -42.4742 37.8308 
-37.4557 -42.5316 37.4338 -37.5656 -42.7285 37.5338 -37.664 -42.9286 37.5922 
-37.7285 -43.145 37.6392 -37.7474 -43.3511 37.5076 -37.6932 -43.629 37.3425 
-37.5656 -43.9495 37.2008 -37.3979 -44.3401 37.2748 -37.0965 -44.8282 37.215 
-28.9468 -37.1124 34.0966 -29.2105 -37.0658 34.0281 -29.61 -36.8901 34.3637 
-30.0375 -36.7792 34.5697 -30.4675 -36.6838 34.7349 -30.7936 -36.6782 35.2313 
-31.2053 -36.8592 35.5721 -31.5695 -37.105 35.7404 -31.6633 -37.5465 36.0778 
-31.3534 -37.2766 35.9679 -31.9862 -37.8076 36.1278 -32.115 -38.1958 36.3219 
-32.7116 -38.8411 36.4237 -32.4428 -39.0618 36.7006 -32.8675 -39.2962 36.6464 
-33.5302 -39.8652 36.798 -33.7847 -40.1647 37.0008 -34.1974 -40.3516 37.0598 
-34.0351 -40.5497 37.3431 -34.5178 -40.616 37.2425 -34.7999 -40.8825 37.4182 
-35.0325 -41.1731 37.5985 -35.6247 -41.5036 37.6183 -35.7021 -41.795 37.8198 
-35.9103 -42.0571 37.9496 -36.262 -42.1172 37.8235 -36.5315 -42.3917 37.9675 
-36.7096 -42.6128 38.1552 -37.3324 -42.7027 37.8331 -37.0388 -42.6927 38.069 
-37.4961 -42.8889 37.9062 -37.64 -43.096 37.9623 -37.7231 -43.345 37.9786 
-37.7141 -43.6301 37.7454 -37.5977 -44.0347 37.665 -37.2911 -44.6483 37.6033 
-36.9921 -45.1434 37.5796 -36.9161 -45.409 37.9438 -28.7628 -37.0996 34.3338 
-29.1671 -36.8984 34.5675 -29.5056 -36.8207 34.702 -29.8873 -36.7529 34.903 
-30.2921 -36.7022 35.0442 -30.4958 -36.7535 35.43 -30.8145 -36.847 35.6223 
-31.034 -37.0722 35.8638 -31.0208 -37.371 36.1425 -31.3353 -37.6486 36.2712 
-31.6737 -37.9634 36.3729 -31.8662 -38.3807 36.5597 -32.2071 -38.6679 36.5731 
-32.5558 -39.4709 36.9206 -33.1066 -39.6884 36.8303 -32.8317 -39.8049 37.0611 
-33.251 -40.0811 37.1246 -33.5899 -40.4021 37.331 -33.9046 -40.7486 37.6244 
-34.3431 -40.8575 37.5736 -34.5936 -41.1536 37.7709 -34.8405 -41.4632 37.9424 
-35.242 -41.4829 37.7795 -35.4888 -42.0744 38.1644 -35.2344 -41.7965 38.0449 
-35.7673 -42.3094 38.2612 -36.1379 -42.3735 38.1564 -36.3113 -42.5891 38.3256 
-36.8726 -42.8719 38.4298 -37.2308 -42.878 38.1939 -37.4383 -43.047 38.2297 
-37.5686 -43.2505 38.3409 -37.6797 -43.5087 38.356 -37.6865 -43.7652 38.0893 
-37.5697 -44.1698 38.19 -37.4421 -44.4448 37.9157 -37.3765 -44.6544 38.3304 
-37.1891 -44.9585 37.9966 -28.556 -37.1261 34.5156 -29.0159 -36.8328 34.8854 
-29.3904 -36.7591 35.0566 -29.7379 -36.7432 35.2505 -30.0887 -36.752 35.3764 
-30.0518 -36.8749 35.8103 -30.3612 -36.8748 35.7255 -30.6825 -37.0644 35.9323 
-30.3839 -37.1165 36.0764 -30.6762 -37.3889 36.2591 -30.9505 -37.6908 36.4297 
-31.2622 -37.9769 36.5435 -31.5278 -38.3234 36.6802 -31.7898 -38.7401 36.826 
-32.0563 -39.0472 36.8907 -32.1837 -39.4291 37.0777 -32.4433 -39.8185 37.2455 
-32.7627 -40.1139 37.366 -33.1203 -40.3618 37.4653 -33.4475 -40.636 37.6611 
-33.6862 -40.9036 37.8874 -34.1409 -41.0898 37.9033 -34.4286 -41.4425 38.1082 
-34.797 -41.7918 38.2347 -35.0923 -42.1352 38.3873 -35.418 -42.4109 38.5022 
-35.8397 -42.582 38.5191 -36.1366 -42.7803 38.6431 -36.5394 -42.7863 38.4783 
-36.4873 -42.9969 38.776 -37.0965 -43.0431 38.5275 -37.3074 -43.1926 38.5534 
-37.4886 -43.4839 38.6648 -37.602 -43.9314 38.5186 -37.159 -45.1079 38.417 
-37.4502 -44.4149 38.6517 -37.2273 -44.9131 38.7704 -36.9285 -45.4981 38.3491 
-28.7194 -36.8841 34.9667 -29.042 -36.7159 35.3405 -29.3829 -36.7129 35.4362 
-29.7284 -36.7703 35.6412 -29.8393 -36.9375 36.0709 -30.1171 -37.1495 36.2239 
-30.3718 -37.4484 36.4199 -30.614 -37.7543 36.5953 -30.885 -38.028 36.7185 
-31.172 -38.3173 36.822 -31.4221 -38.6814 36.9633 -31.6167 -39.059 37.1147 
-31.8078 -39.383 37.2332 -32.0658 -39.7629 37.3741 -32.3 -40.1585 37.5843 
-32.6623 -40.3982 37.6732 -33.04 -40.6395 37.8054 -33.2821 -40.9244 38.0485 
-33.7506 -41.1694 38.1432 -34.0444 -41.4352 38.2682 -34.3574 -41.7924 38.4165 
-34.6527 -42.1369 38.5574 -34.9908 -42.4665 38.6953 -35.3378 -42.709 38.8076 
-35.6824 -42.8422 38.8539 -36.0479 -43.0001 38.9358 -36.7687 -43.1236 38.8057 
-37.0215 -43.2957 38.8625 -37.2606 -43.4328 38.826 -37.5073 -43.7814 38.7797 
-37.3799 -44.2805 38.9291 -36.9069 -45.3019 39.0239 -36.9642 -45.4024 38.746 
-28.312 -37.1886 34.6645 -28.1313 -37.2472 34.9281 -28.4585 -36.9466 35.0607 
-29.2741 -36.692 35.7764 -29.5582 -36.7792 35.9135 -29.6366 -36.9919 36.316 
-29.8736 -37.2208 36.4385 -30.0954 -37.4953 36.5807 -30.3139 -37.8201 36.7529 
-30.8089 -38.3716 36.9923 -31.0673 -38.6332 37.076 -31.2374 -38.9888 37.2366 
-31.3629 -39.358 37.4123 -31.6411 -39.6971 37.5089 -31.8937 -40.0299 37.6337 
-31.8555 -40.3798 37.8907 -32.2235 -40.505 37.8988 -32.6243 -40.6627 37.9476 
-32.8382 -40.9104 38.1461 -32.9492 -41.2076 38.4039 -33.3636 -41.2307 38.3287 
-33.6272 -41.5065 38.4769 -33.9108 -41.8116 38.594 -34.1661 -42.1856 38.7371 
-34.5523 -42.5163 38.8486 -34.8288 -42.8273 39.007 -35.1536 -43.068 39.1474 
-35.616 -43.1129 39.142 -35.7153 -43.4046 39.3574 -36.1875 -43.2086 39.112 
-36.4722 -43.341 39.1464 -36.7194 -43.4745 39.1601 -36.9708 -43.659 39.1722 
-37.2352 -43.7725 39.0532 -36.9135 -44.0445 39.36 -37.2525 -44.1122 39.1038 
-36.9508 -44.3561 39.362 -37.0595 -44.6163 39.2128 -36.7774 -44.8126 39.3922 
-37.1393 -44.8118 39.0415 -36.815 -45.1698 39.2208 -36.6162 -45.2006 39.3696 
-28.0411 -37.3342 35.2439 -28.3991 -36.9278 35.3958 -28.741 -36.7351 35.4123 
-28.7215 -36.7307 35.8357 -28.9892 -36.6735 35.7367 -29.1169 -36.7361 36.1103 
-29.3813 -36.8058 36.1855 -29.6138 -37.2985 36.6459 -29.8153 -37.553 36.7514 
-30.0027 -37.8556 36.8878 -30.1856 -38.1778 37.0368 -30.5315 -38.148 36.9216 
-30.3506 -38.4859 37.1874 -30.613 -38.6512 37.2346 -30.877 -38.8799 37.2982 
-30.9692 -39.2611 37.4931 -30.9537 -39.6422 37.7035 -31.288 -39.7719 37.6766 
-31.5159 -40.1275 37.8091 -32.325 -40.8535 38.1768 -32.5002 -41.1561 38.4048 
-33.1114 -41.5781 38.6328 -33.3827 -41.8825 38.7584 -33.642 -42.2259 38.8707 
-33.6127 -42.6946 39.0533 -34.1039 -42.6096 38.976 -34.2692 -43.0065 39.1536 
-34.5743 -43.2809 39.2838 -35.2466 -43.4337 39.3941 -34.8016 -43.5653 39.4306 
-36.0383 -43.5434 39.4199 -36.2966 -43.7541 39.4902 -36.6133 -43.8365 39.4131 
-36.2328 -44.2054 39.6468 -36.5814 -44.2271 39.5233 -36.2846 -44.6479 39.6331 
-35.9603 -44.672 39.7194 -36.5941 -44.6379 39.5173 -36.2119 -45.0615 39.5939 
-35.9106 -45.0289 39.6903 -36.444 -45.1009 39.4935 -28.9052 -36.8256 36.2434 
-29.1508 -36.9863 36.5025 -29.4154 -37.0353 36.5023 -29.6823 -37.9275 37.0103 
-30.029 -38.6148 37.2992 -30.2691 -38.8951 37.4249 -30.5913 -39.0799 37.4899 
-30.6043 -39.5053 37.704 -30.993 -40.1008 37.8987 -31.2186 -40.4173 37.9989 
-31.5077 -40.6405 38.092 -31.8703 -40.7933 38.1639 -31.9745 -41.1411 38.3867 
-32.1601 -41.4935 38.5979 -32.6275 -41.5616 38.6674 -32.7326 -42.0513 38.8508 
-33.0169 -42.3449 38.9519 -33.1237 -42.7333 39.065 -33.0669 -43.2803 39.1843 
-33.7 -43.0833 39.1845 -33.2482 -43.6181 39.2842 -33.5295 -43.9002 39.39 
-33.0384 -44.1573 39.3349 -33.7706 -43.4395 39.299 -34.0501 -43.6466 39.3867 
-33.4135 -44.3087 39.4396 -34.288 -43.9021 39.4902 -33.7909 -44.3191 39.5058 
-34.6218 -44.087 39.5852 -35.1598 -43.8522 39.5771 -35.5487 -43.8799 39.6115 
-35.8663 -43.9857 39.6525 -34.1128 -44.4753 39.5829 -34.8482 -44.3414 39.6726 
-35.2027 -44.3537 39.7155 -35.505 -44.4447 39.7471 -35.8387 -44.4063 39.7336 
-34.4451 -44.6453 39.6599 -34.8315 -44.7803 39.7255 -35.1994 -44.8551 39.7566 
-35.5663 -44.915 39.7539 -28.0234 -37.5205 35.5623 -28.3458 -37.0339 35.7139 
-28.6035 -36.9609 36.1475 -28.8078 -37.1595 36.4913 -29.3063 -37.323 36.7442 
-29.4856 -37.6456 36.89 -29.8688 -38.256 37.1464 -29.6905 -38.7512 37.349 
-29.8923 -39.1203 37.5026 -30.2619 -39.3199 37.6319 -30.6399 -39.9528 37.8828 
-30.5563 -40.4891 38.0255 -30.8318 -40.6472 38.0816 -31.0495 -40.9664 38.1879 
-31.397 -41.1605 38.3109 -31.5882 -41.521 38.5013 -31.7632 -41.8717 38.6814 
-32.1735 -42.0403 38.8095 -31.5413 -42.4082 38.7328 -31.7848 -42.697 38.8481 
-32.2433 -42.5728 38.9259 -31.8286 -43.3147 38.9012 -31.464 -43.2403 38.7686 
-32.4755 -42.8519 39.0132 -32.0741 -43.5794 38.9966 -32.6188 -43.225 39.1012 
-32.4088 -43.7829 39.1163 -32.7284 -43.9423 39.2236 -28.289 -37.3252 35.9601 
-28.115 -37.7718 35.9078 -28.2487 -37.9934 36.2052 -28.4575 -37.4448 36.2935 
-28.9904 -37.4197 36.7258 -29.1396 -37.7665 36.8959 -29.3159 -38.1212 37.045 
-29.5135 -38.4083 37.1903 -29.9281 -39.6239 37.6629 -30.2333 -39.83 37.8098 
-30.2558 -40.2977 37.9314 -30.4943 -41.1736 38.1261 -30.1695 -40.9348 37.9975 
-30.2613 -41.856 38.095 -30.512 -42.1581 38.2235 -30.757 -41.5141 38.2462 
-31.0622 -41.7393 38.3979 -30.746 -42.4262 38.3663 -31.2498 -42.1179 38.5598 
-30.9719 -42.725 38.5092 -31.2134 -42.9822 38.6461 -28.615 -37.6795 36.55 
-28.3947 -38.2513 36.4406 -28.5423 -38.5431 36.6308 -28.7648 -37.9928 36.7429 
-28.6833 -38.8204 36.7865 -28.945 -38.3143 36.9198 -28.7987 -39.1164 36.9105 
-29.1091 -38.6819 37.0817 -28.9409 -39.3984 37.0552 -29.3029 -38.9858 37.2569 
-29.108 -39.6714 37.2108 -29.483 -39.3163 37.4187 -29.2472 -40.0282 37.341 
-29.5889 -39.738 37.5363 -29.4101 -40.3967 37.4883 -29.798 -40.1766 37.7192 
-29.5562 -40.8056 37.6245 -29.9029 -40.6317 37.8356 -29.7618 -41.2195 37.7997 
-30.0061 -41.5622 37.9636 
POLYGONS 1887 5658
OFFSETS vtktypeint64
0 3 6 9 12 15 18 21 24 
27 30 33 36 39 42 45 48 51 
54 57 60 63 66 69 72 75 78 
81 84 87 90 93 96 99 102 105 
108 111 114 117 120 123 126 129 132 
135 138 141 144 147 150 153 156 159 
162 165 168 171 174 177 180 183 186 
189 192 195 198 201 204 207 210 213 
216 219 222 225 228 231 234 237 240 
243 246 249 252 255 258 261 264 267 
270 273 276 279 282 285 288 291 294 
297 300 303 306 309 312 315 318 321 
324 327 330 333 336 339 342 345 348 
351 354 357 360 363 366 369 372 375 
378 381 384 387 390 393 396 399 402 
405 408 411 414 417 420 423 426 429 
432 435 438 441 444 447 450 453 456 
459 462 465 468 471 474 477 480 483 
486 489 492 495 498 501 504 507 510 
513 516 519 522 525 528 531 534 537 
540 543 546 549 552 555 558 561 564 
567 570 573 576 579 582 585 588 591 
594 597 600 603 606 609 612 615 618 
621 624 627 630 633 636 639 642 645 
648 651 654 657 660 663 666 669 672 
675 678 681 684 687 690 693 696 699 
702 705 708 711 714 717 720 723 726 
729 732 735 738 741 744 747 750 753 
756 759 762 765 768 771 774 777 780 
783 786 789 792 795 798 801 804 807 
810 813 816 819 822 825 828 831 834 
837 840 843 846 849 852 855 858 861 
864 867 870 873 876 879 882 885 888 
891 894 897 900 903 906 909 912 915 
918 921 924 927 930 933 936 939 942 
945 948 951 954 957 960 963 966 969 
972 975 978 981 984 987 990 993 996 
999 1002 1005 1008 1011 1014 1017 1020 1023 
1026 1029 1032 1035 1038 1041 1044 1047 1050 
1053 1056 1059 1062 1065 1068 1071 1074 1077 
1080 1083 1086 1089 1092 1095 1098 1101 1104 
1107 1110 1113 1116 1119 1122 1125 1128 1131 
1134 1137 1140 1143 1146 1149 1152 1155 1158 
1161 1164 1167 1170 1173 1176 1179 1182 1185 
1188 1191 1194 1197 1200 1203 1206 1209 1212 
1215 1218 1221 1224 1227 1230 1233 1236 1239 
1242 1245 1248 1251 1254 1257 1260 1263 1266 
1269 1272 1275 1278 1281 1284 1287 1290 1293 
1296 1299 1302 1305 1308 1311 1314 1317 1320 
1323 1326 1329 1332 1335 1338 1341 1344 1347 
1350 1353 1356 1359 1362 1365 1368 1371 1374 
1377 1380 1383 1386 1389 1392 1395 1398 1401 
1404 1407 1410 1413 1416 1419 1422 1425 1428 
1431 1434 1437 1440 1443 1446 1449 1452 1455 
1458 1461 1464 1467 1470 1473 1476 1479 1482 
1485 1488 1491 1494 1497 1500 1503 1506 1509 
1512 1515 1518 1521 1524 1527 1530 1533 1536 
1539 1542 1545 1548 1551 1554 1557 1560 1563 
1566 1569 1572 1575 1578 1581 1584 1587 1590 
1593 1596 1599 1602 1605 1608 1611 1614 1617 
1620 1623 1626 1629 1632 1635 1638 1641 1644 
1647 1650 1653 1656 1659 1662 1665 1668 1671 
1674 1677 1680 1683 1686 1689 1692 1695 1698 
1701 1704 1707 1710 1713 1716 1719 1722 1725 
1728 1731 1734 1737 1740 1743 1746 1749 1752 
1755 1758 1761 1764 1767 1770 1773 1776 1779 
1782 1785 1788 1791 1794 1797 1800 1803 1806 
1809 1812 1815 1818 1821 1824 1827 1830 1833 
1836 1839 1842 1845 1848 1851 1854 1857 1860 
1863 1866 1869 1872 1875 1878 1881 1884 1887 
1890 1893 1896 1899 1902 1905 1908 1911 1914 
1917 1920 1923 1926 1929 1932 1935 1938 1941 
1944 1947 1950 1953 1956 1959 1962 1965 1968 
1971 1974 1977 1980 1983 1986 1989 1992 1995 
1998 2001 2004 2007 2010 2013 2016 2019 2022 
2025 2028 2031 2034 2037 2040 2043 2046 2049 
2052 2055 2058 2061 2064 2067 2070 2073 2076 
2079 2082 2085 2088 2091 2094 2097 2100 2103 
2106 2109 2112 2115 2118 2121 2124 2127 2130 
2133 2136 2139 2142 2145 2148 2151 2154 2157 
2160 2163 2166 2169 2172 2175 2178 2181 2184 
2187 2190 2193 2196 2199 2202 2205 2208 2211 
2214 2217 2220 2223 2226 2229 2232 2235 2238 
2241 2244 2247 2250 2253 2256 2259 2262 2265 
2268 2271 2274 2277 2280 2283 2286 2289 2292 
2295 2298 2301 2304 2307 2310 2313 2316 2319 
2322 2325 2328 2331 2334 2337 2340 2343 2346 
2349 2352 2355 2358 2361 2364 2367 2370 2373 
2376 2379 2382 2385 2388 2391 2394 2397 2400 
2403 2406 2409 2412 2415 2418 2421 2424 2427 
2430 2433 2436 2439 2442 2445 2448 2451 2454 
2457 2460 2463 2466 2469 2472 2475 2478 2481 
2484 2487 2490 2493 2496 2499 2502 2505 2508 
2511 2514 2517 2520 2523 2526 2529 2532 2535 
2538 2541 2544 2547 2550 2553 2556 2559 2562 
2565 2568 2571 2574 2577 2580 2583 2586 2589 
2592 2595 2598 2601 2604 2607 2610 2613 2616 
2619 2622 2625 2628 2631 2634 2637 2640 2643 
2646 2649 2652 2655 2658 2661 2664 2667 2670 
2673 2676 2679 2682 2685 2688 2691 2694 2697 
2700 2703 2706 2709 2712 2715 2718 2721 2724 
2727 2730 2733 2736 2739 2742 2745 2748 2751 
2754 2757 2760 2763 2766 2769 2772 2775 2778 
2781 2784 2787 2790 2793 2796 2799 2802 2805 
2808 2811 2814 2817 2820 2823 2826 2829 2832 
2835 2838 2841 2844 2847 2850 2853 2856 2859 
2862 2865 2868 2871 2874 2877 2880 2883 2886 
2889 2892 2895 2898 2901 2904 2907 2910 2913 
2916 2919 2922 2925 2928 2931 2934 2937 2940 
2943 2946 2949 2952 2955 2958 2961 2964 2967 
2970 2973 2976 2979 2982 2985 2988 2991 2994 
2997 3000 3003 3006 3009 3012 3015 3018 3021 
3024 3027 3030 3033 3036 3039 3042 3045 3048 
3051 3054 3057 3060 3063 3066 3069 3072 3075 
3078 3081 3084 3087 3090 3093 3096 3099 3102 
3105 3108 3111 3114 3117 3120 3123 3126 3129 
3132 3135 3138 3141 3144 3147 3150 3153 3156 
3159 3162 3165 3168 3171 3174 3177 3180 3183 
3186 3189 3192 3195 3198 3201 3204 3207 3210 
3213 3216 3219 3222 3225 3228 3231 3234 3237 
3240 3243 3246 3249 3252 3255 3258 3261 3264 
3267 3270 3273 3276 3279 3282 3285 3288 3291 
3294 3297 3300 3303 3306 3309 3312 3315 3318 
3321 3324 3327 3330 3333 3336 3339 3342 3345 
3348 3351 3354 3357 3360 3363 3366 3369 3372 
3375 3378 3381 3384 3387 3390 3393 3396 3399 
3402 3405 3408 3411 3414 3417 3420 3423 3426 
3429 3432 3435 3438 3441 3444 3447 3450 3453 
3456 3459 3462 3465 3468 3471 3474 3477 3480 
3483 3486 3489 3492 3495 3498 3501 3504 3507 
3510 3513 3516 3519 3522 3525 3528 3531 3534 
3537 3540 3543 3546 3549 3552 3555 3558 3561 
3564 3567 3570 3573 3576 3579 3582 3585 3588 
3591 3594 3597 3600 3603 3606 3609 3612 3615 
3618 3621 3624 3627 3630 3633 3636 3639 3642 
3645 3648 3651 3654 3657 3660 3663 3666 3669 
3672 3675 3678 3681 3684 3687 3690 3693 3696 
3699 3702 3705 3708 3711 3714 3717 3720 3723 
3726 3729 3732 3735 3738 3741 3744 3747 3750 
3753 3756 3759 3762 3765 3768 3771 3774 3777 
3780 3783 3786 3789 3792 3795 3798 3801 3804 
3807 3810 3813 3816 3819 3822 3825 3828 3831 
3834 3837 3840 3843 3846 3849 3852 3855 3858 
3861 3864 3867 3870 3873 3876 3879 3882 3885 
3888 3891 3894 3897 3900 3903 3906 3909 3912 
3915 3918 3921 3924 3927 3930 3933 3936 3939 
3942 3945 3948 3951 3954 3957 3960 3963 3966 
3969 3972 3975 3978 3981 3984 3987 3990 3993 
3996 3999 4002 4005 4008 4011 4014 4017 4020 
4023 4026 4029 4032 4035 4038 4041 4044 4047 
4050 4053 4056 4059 4062 4065 4068 4071 4074 
4077 4080 4083 4086 4089 4092 4095 4098 4101 
4104 4107 4110 4113 4116 4119 4122 4125 4128 
4131 4134 4137 4140 4143 4146 4149 4152 4155 
4158 4161 4164 4167 4170 4173 4176 4179 4182 
4185 4188 4191 4194 4197 4200 4203 4206 4209 
4212 4215 4218 4221 4224 4227 4230 4233 4236 
4239 4242 4245 4248 4251 4254 4257 4260 4263 
4266 4269 4272 4275 4278 4281 4284 4287 4290 
4293 4296 4299 4302 4305 4308 4311 4314 4317 
4320 4323 4326 4329 4332 4335 4338 4341 4344 
4347 4350 4353 4356 4359 4362 4365 4368 4371 
4374 4377 4380 4383 4386 4389 4392 4395 4398 
4401 4404 4407 4410 4413 4416 4419 4422 4425 
4428 4431 4434 4437 4440 4443 4446 4449 4452 
4455 4458 4461 4464 4467 4470 4473 4476 4479 
4482 4485 4488 4491 4494 4497 4500 4503 4506 
4509 4512 4515 4518 4521 4524 4527 4530 4533 
4536 4539 4542 4545 4548 4551 4554 4557 4560 
4563 4566 4569 4572 4575 4578 4581 4584 4587 
4590 4593 4596 4599 4602 4605 4608 4611 4614 
4617 4620 4623 4626 4629 4632 4635 4638 4641 
4644 4647 4650 4653 4656 4659 4662 4665 4668 
4671 4674 4677 4680 4683 4686 4689 4692 4695 
4698 4701 4704 4707 4710 4713 4716 4719 4722 
4725 4728 4731 4734 4737 4740 4743 4746 4749 
4752 4755 4758 4761 4764 4767 4770 4773 4776 
4779 4782 4785 4788 4791 4794 4797 4800 4803 
4806 4809 4812 4815 4818 4821 4824 4827 4830 
4833 4836 4839 4842 4845 4848 4851 4854 4857 
4860 4863 4866 4869 4872 4875 4878 4881 4884 
4887 4890 4893 4896 4899 4902 4905 4908 4911 
4914 4917 4920 4923 4926 4929 4932 4935 4938 
4941 4944 4947 4950 4953 4956 4959 4962 4965 
4968 4971 4974 4977 4980 4983 4986 4989 4992 
4995 4998 5001 5004 5007 5010 5013 5016 5019 
5022 5025 5028 5031 5034 5037 5040 5043 5046 
5049 5052 5055 5058 5061 5064 5067 5070 5073 
5076 5079 5082 5085 5088 5091 5094 5097 5100 
5103 5106 5109 5112 5115 5118 5121 5124 5127 
5130 5133 5136 5139 5142 5145 5148 5151 5154 
5157 5160 5163 5166 5169 5172 5175 5178 5181 
5184 5187 5190 5193 5196 5199 5202 5205 5208 
5211 5214 5217 5220 5223 5226 5229 5232 5235 
5238 5241 5244 5247 5250 5253 5256 5259 5262 
5265 5268 5271 5274 5277 5280 5283 5286 5289 
5292 5295 5298 5301 5304 5307 5310 5313 5316 
5319 5322 5325 5328 5331 5334 5337 5340 5343 
5346 5349 5352 5355 5358 5361 5364 5367 5370 
5373 5376 5379 5382 5385 5388 5391 5394 5397 
5400 5403 5406 5409 5412 5415 5418 5421 5424 
5427 5430 5433 5436 5439 5442 5445 5448 5451 
5454 5457 5460 5463 5466 5469 5472 5475 5478 
5481 5484 5487 5490 5493 5496 5499 5502 5505 
5508 5511 5514 5517 5520 5523 5526 5529 5532 
5535 5538 5541 5544 5547 5550 5553 5556 5559 
5562 5565 5568 5571 5574 5577 5580 5583 5586 
5589 5592 5595 5598 5601 5604 5607 5610 5613 
5616 5619 5622 5625 5628 5631 5634 5637 5640 
5643 5646 5649 5652 5655 5658 
CONNECTIVITY vtktypeint64
2 1 0 3 2 0 4 3 0 
256 257 258 256 258 281 256 281 282 
512 514 544 544 543 512 840 802 768 
768 803 840 1 2 6 6 5 1 
515 514 513 769 771 804 804 803 769 
2 3 8 7 6 2 8 7 2 
283 281 258 285 283 258 514 515 545 
545 544 514 806 772 770 770 773 806 
3 4 10 9 8 3 10 9 3 
286 285 259 287 286 259 515 516 546 
546 545 515 771 772 846 846 804 771 
11 10 4 260 261 289 289 288 260 
516 517 547 547 546 516 806 805 772 
772 805 846 5 6 24 24 23 5 
261 262 291 290 289 261 291 290 261 
517 518 548 548 547 517 6 7 24 
262 264 291 518 519 549 549 548 518 
774 775 851 809 807 774 851 809 774 
7 8 46 25 24 7 46 25 7 
293 264 263 263 265 293 519 520 550 
550 549 519 775 776 810 775 810 853 
853 851 775 8 9 26 8 26 46 
292 291 264 293 292 264 551 550 520 
776 777 811 811 810 776 9 10 12 
9 12 27 27 26 9 265 266 294 
294 293 265 552 551 521 777 778 811 
10 11 13 13 12 10 266 267 295 
295 294 266 554 553 522 555 554 522 
778 779 813 812 811 778 813 812 778 
267 268 296 296 295 267 523 524 556 
589 555 523 523 556 589 779 780 814 
814 813 779 12 13 14 12 14 28 
28 27 12 268 269 297 297 296 268 
524 525 557 557 556 524 780 781 815 
815 814 780 15 14 13 269 270 298 
298 297 269 525 526 558 558 557 525 
781 782 860 860 815 781 14 15 30 
29 28 14 30 29 14 270 271 299 
299 298 270 526 527 559 559 558 526 
782 783 816 782 816 860 32 30 15 
271 272 300 300 299 271 527 528 560 
560 559 527 783 784 817 817 816 783 
18 17 16 16 17 19 41 18 16 
16 19 23 16 20 21 23 20 16 
16 21 41 272 273 301 301 300 272 
528 529 561 561 560 528 784 785 818 
818 817 784 17 18 43 273 274 301 
529 530 563 563 561 529 785 786 819 
819 818 785 39 37 18 18 37 43 
41 39 18 274 275 303 303 301 274 
530 531 563 786 787 820 820 819 786 
275 276 302 275 302 303 531 532 564 
564 563 531 787 788 821 821 820 787 
22 21 20 25 22 20 20 23 24 
20 24 25 276 277 278 276 278 304 
335 302 276 276 304 335 532 533 565 
565 564 532 788 789 823 822 821 788 
823 822 788 21 22 44 42 41 21 
44 42 21 533 534 566 566 565 533 
789 790 824 824 823 789 22 25 45 
67 44 22 22 45 67 278 279 305 
305 304 278 534 535 567 567 566 534 
790 791 825 825 824 790 279 280 305 
535 536 568 568 567 535 791 792 827 
826 825 791 827 826 791 306 305 280 
536 537 569 569 568 536 792 793 828 
828 827 792 46 45 25 307 282 281 
281 283 308 308 307 281 537 538 571 
571 569 537 793 794 829 829 828 793 
26 27 48 47 46 26 48 47 26 
310 284 282 282 307 310 538 539 570 
538 570 571 794 795 830 830 829 794 
27 28 49 49 48 27 283 285 312 
312 308 283 539 540 573 572 570 539 
573 572 539 795 796 831 831 830 795 
28 29 50 50 49 28 284 310 313 
540 541 574 574 573 540 796 797 832 
832 831 796 29 30 31 29 31 51 
51 50 29 285 286 312 541 542 575 
575 574 541 797 798 833 833 832 797 
34 31 30 30 32 34 286 287 314 
344 312 286 286 314 344 542 543 576 
576 575 542 798 799 834 834 833 798 
31 34 53 52 51 31 53 52 31 
287 288 314 543 544 577 577 576 543 
835 834 799 836 835 799 32 33 34 
288 289 315 315 314 288 544 545 578 
578 577 544 800 801 838 838 837 800 
35 34 33 289 290 316 316 315 289 
545 546 579 579 578 545 801 802 839 
839 838 801 34 35 55 55 53 34 
290 291 318 317 316 290 318 317 290 
546 547 580 612 579 546 546 580 612 
840 839 802 57 55 35 291 292 320 
320 318 291 547 548 581 581 580 547 
803 804 842 842 840 803 36 37 38 
43 37 36 36 38 60 292 293 321 
321 320 292 548 549 582 582 581 548 
844 842 804 846 844 804 40 38 37 
37 39 40 293 294 322 322 321 293 
549 550 584 583 582 549 584 583 549 
847 846 805 38 40 63 62 60 38 
63 62 38 294 295 323 323 322 294 
550 551 585 585 584 550 64 40 39 
39 41 42 39 42 65 65 64 39 
295 296 325 325 323 295 551 552 585 
809 808 807 64 63 40 296 297 327 
326 325 296 327 326 296 586 585 552 
808 809 850 850 849 808 297 298 327 
553 554 622 622 587 553 851 850 809 
42 44 66 66 65 42 298 299 328 
328 327 298 554 555 588 554 588 622 
810 811 855 854 853 810 855 854 810 
299 300 330 330 328 299 589 588 555 
811 812 855 86 66 44 44 67 86 
300 301 332 331 330 300 332 331 300 
556 557 591 590 589 556 591 590 556 
812 813 856 892 855 812 812 856 892 
45 46 47 45 47 69 68 67 45 
69 68 45 301 303 333 333 332 301 
557 558 592 592 591 557 813 814 857 
857 856 813 334 303 302 335 334 302 
558 559 593 593 592 558 814 815 858 
858 857 814 47 48 70 70 69 47 
334 333 303 559 560 595 595 593 559 
859 858 815 860 859 815 48 49 71 
71 70 48 304 305 336 336 335 304 
560 561 595 816 817 863 862 860 816 
863 862 816 49 50 72 72 71 49 
305 306 337 337 336 305 563 562 561 
561 562 595 817 818 863 50 51 73 
73 72 50 338 337 306 562 563 596 
628 595 562 562 596 597 562 597 628 
818 819 864 864 863 818 51 52 74 
74 73 51 307 308 309 307 309 311 
311 310 307 563 564 596 819 820 866 
865 864 819 866 865 819 52 53 54 
52 54 74 342 309 308 308 312 342 
564 565 598 598 596 564 820 821 867 
867 866 820 56 54 53 53 55 56 
369 311 309 309 342 370 370 369 309 
565 566 599 599 598 565 821 822 867 
54 56 76 94 74 54 54 76 94 
310 311 341 339 313 310 341 339 310 
566 567 601 600 599 566 601 600 566 
822 823 901 900 867 822 901 900 822 
58 56 55 55 57 58 369 341 311 
567 568 601 823 824 868 823 868 901 
56 58 75 56 75 76 343 342 312 
344 343 312 568 569 602 602 601 568 
824 825 868 59 58 57 313 339 340 
569 571 603 603 602 569 825 826 869 
869 868 825 58 59 77 77 75 58 
314 315 345 345 344 314 604 571 570 
570 572 604 826 827 870 904 869 826 
826 870 904 79 77 59 315 316 346 
346 345 315 604 603 571 827 828 870 
62 61 60 316 317 346 572 573 605 
605 604 572 828 829 871 871 870 828 
61 62 81 61 81 103 317 318 319 
317 319 347 347 346 317 573 574 606 
606 605 573 829 830 872 872 871 829 
62 63 80 62 80 81 320 319 318 
574 575 607 607 606 574 830 831 874 
873 872 830 874 873 830 63 64 82 
82 80 63 319 320 349 348 347 319 
349 348 319 575 576 608 608 607 575 
831 832 875 875 874 831 64 65 83 
83 82 64 320 321 349 576 577 609 
609 608 576 832 833 876 876 875 832 
65 66 84 84 83 65 321 322 350 
350 349 321 577 578 609 833 834 877 
878 876 833 833 877 878 85 84 66 
86 85 66 322 323 351 351 350 322 
578 579 610 610 609 578 834 835 877 
67 68 86 325 324 323 323 324 351 
611 610 579 612 611 579 835 836 879 
919 877 835 835 879 920 920 919 835 
68 69 88 87 86 68 88 87 68 
324 325 352 381 351 324 324 352 381 
580 581 613 651 612 580 580 613 651 
836 837 879 69 70 89 89 88 69 
325 326 353 353 352 325 581 582 613 
837 838 880 880 879 837 70 71 90 
90 89 70 326 327 329 326 329 354 
355 353 326 326 354 355 582 583 614 
614 613 582 838 839 881 881 880 838 
71 72 91 91 90 71 327 328 329 
583 584 616 615 614 583 616 615 583 
839 840 841 839 841 883 883 881 839 
72 73 92 92 91 72 356 329 328 
328 330 356 584 585 617 617 616 584 
843 841 840 840 842 843 73 74 93 
93 92 73 385 354 329 329 356 385 
585 586 618 618 617 585 841 843 886 
886 883 841 95 93 74 74 94 95 
330 331 357 357 356 330 619 618 586 
844 843 842 78 76 75 75 77 78 
331 332 358 358 357 331 621 620 587 
622 621 587 843 844 845 843 845 886 
76 78 96 96 94 76 332 333 359 
359 358 332 588 589 623 664 622 588 
588 623 664 847 845 844 844 846 847 
97 78 77 77 79 98 98 97 77 
333 334 360 360 359 333 589 590 623 
845 847 848 845 848 889 889 886 845 
117 96 78 78 97 118 118 117 78 
334 335 362 361 360 334 362 361 334 
590 591 624 624 623 590 335 336 362 
591 592 625 625 624 591 101 81 80 
80 82 102 102 101 80 336 337 364 
364 362 336 592 593 626 626 625 592 
101 100 81 81 100 103 337 338 365 
365 364 337 595 594 593 593 594 626 
849 850 932 932 931 849 82 83 102 
397 365 338 594 595 628 627 626 594 
629 627 594 594 628 629 850 851 852 
850 852 932 83 84 106 104 102 83 
106 104 83 366 340 339 339 341 368 
368 366 339 853 852 851 84 85 105 
84 105 106 340 366 367 632 597 596 
596 598 632 852 853 854 852 854 890 
852 890 933 933 932 852 85 86 108 
107 105 85 108 107 85 401 368 341 
341 369 401 630 628 597 632 630 597 
86 87 108 342 343 371 371 370 342 
598 599 633 633 632 598 854 855 891 
891 890 854 87 88 109 109 108 87 
343 344 373 372 371 343 373 372 343 
599 600 634 634 633 599 892 891 855 
88 89 110 110 109 88 344 345 373 
600 601 636 635 634 600 636 635 600 
856 857 936 935 892 856 936 935 856 
89 90 111 111 110 89 345 346 374 
374 373 345 601 602 637 637 636 601 
857 858 893 857 893 936 90 91 112 
112 111 90 346 347 375 375 374 346 
602 603 638 638 637 602 858 859 937 
937 893 858 91 92 113 113 112 91 
347 348 376 376 375 347 603 604 639 
639 638 603 859 860 861 859 861 894 
859 894 937 92 93 114 114 113 92 
348 349 378 377 376 348 378 377 348 
604 605 640 640 639 604 862 861 860 
93 95 115 115 114 93 349 350 379 
379 378 349 605 606 641 641 640 605 
861 862 895 895 894 861 116 95 94 
94 96 116 350 351 380 380 379 350 
606 607 643 642 641 606 643 642 606 
862 863 896 896 895 862 136 115 95 
95 116 136 381 380 351 607 608 644 
644 643 607 863 864 896 138 116 96 
96 117 138 352 353 382 412 381 352 
352 382 412 608 609 646 645 644 608 
646 645 608 864 865 897 897 896 864 
97 98 99 97 99 119 119 118 97 
353 355 382 609 610 646 865 866 898 
941 897 865 865 898 941 384 355 354 
385 384 354 610 611 648 647 646 610 
648 647 610 866 867 898 140 119 99 
383 382 355 384 383 355 611 612 649 
650 648 611 611 649 650 899 898 867 
900 899 867 100 101 122 120 103 100 
121 120 100 122 121 100 356 357 387 
386 385 356 387 386 356 651 649 612 
868 869 902 902 901 868 101 102 123 
123 122 101 357 358 388 388 387 357 
613 614 652 652 651 613 903 902 869 
904 903 869 102 104 123 358 359 389 
389 388 358 614 615 653 653 652 614 
870 871 905 905 904 870 359 360 390 
390 389 359 615 616 655 654 653 615 
655 654 615 871 872 906 906 905 871 
104 106 125 124 123 104 125 124 104 
360 361 392 392 390 360 616 617 656 
656 655 616 872 873 907 907 906 872 
125 106 105 105 107 126 126 125 105 
361 362 363 361 363 393 393 392 361 
617 618 657 657 656 617 873 874 909 
908 907 873 909 908 873 364 363 362 
618 619 658 658 657 618 874 875 909 
107 108 127 128 126 107 107 127 128 
363 364 395 394 393 363 395 394 363 
659 658 619 875 876 914 913 909 875 
914 913 875 108 109 127 364 365 395 
620 621 662 662 661 620 876 878 916 
916 914 876 109 110 129 129 127 109 
396 395 365 397 396 365 621 622 663 
663 662 621 919 878 877 110 111 130 
130 129 110 399 367 366 366 368 400 
400 399 366 664 663 622 918 916 878 
919 918 878 111 112 131 131 130 111 
399 398 367 623 624 665 665 664 623 
879 880 921 921 920 879 112 113 132 
132 131 112 429 400 368 368 401 429 
624 625 666 666 665 624 880 881 882 
880 882 921 113 114 134 133 132 113 
134 133 113 369 370 402 402 401 369 
625 626 667 667 666 625 883 882 881 
114 115 134 370 371 402 626 627 667 
882 883 884 882 884 885 882 885 926 
926 921 882 135 134 115 136 135 115 
371 372 403 403 402 371 627 629 670 
668 667 627 670 668 627 886 884 883 
137 136 116 138 137 116 372 373 404 
433 403 372 372 404 433 630 629 628 
888 885 884 884 886 887 884 887 888 
117 118 139 139 138 117 373 374 404 
629 630 670 885 888 930 930 926 885 
118 119 139 374 375 405 405 404 374 
632 631 630 630 631 671 671 670 630 
889 887 886 160 139 119 119 140 160 
375 376 406 406 405 375 631 632 672 
710 671 631 631 672 710 120 121 142 
376 377 407 407 406 376 632 633 672 
121 122 144 121 141 142 143 141 121 
144 143 121 377 378 409 408 407 377 
409 408 377 633 634 672 122 123 145 
145 144 122 378 379 409 634 635 674 
674 672 634 890 891 934 934 933 890 
123 124 145 379 380 410 410 409 379 
635 636 675 712 674 635 635 675 712 
891 892 935 963 934 891 891 935 963 
124 125 146 166 145 124 124 146 166 
380 381 411 411 410 380 636 637 675 
125 126 147 147 146 125 412 411 381 
637 638 676 676 675 637 965 936 893 
893 937 966 966 965 893 126 128 148 
148 147 126 382 383 414 414 412 382 
638 639 677 677 676 638 894 895 939 
938 937 894 939 938 894 149 128 127 
127 129 149 383 384 416 415 414 383 
416 415 383 639 640 679 679 677 639 
895 896 940 940 939 895 170 148 128 
128 149 170 384 385 386 384 386 416 
640 641 680 680 679 640 896 897 940 
129 130 150 150 149 129 641 642 681 
681 680 641 968 940 897 897 941 968 
130 131 151 151 150 130 386 387 417 
417 416 386 642 643 682 720 681 642 
642 682 720 898 899 943 942 941 898 
943 942 898 131 132 152 152 151 131 
387 388 418 418 417 387 643 644 682 
899 900 944 944 943 899 132 133 153 
153 152 132 388 389 419 419 418 388 
644 645 683 683 682 644 900 901 945 
945 944 900 133 134 154 154 153 133 
389 390 391 389 391 419 645 646 685 
684 683 645 685 684 645 901 902 945 
134 135 154 392 391 390 646 647 685 
902 903 946 946 945 902 135 136 156 
155 154 135 156 155 135 391 392 421 
420 419 391 421 420 391 647 648 686 
686 685 647 903 904 948 947 946 903 
948 947 903 136 137 156 392 393 422 
422 421 392 648 650 686 904 905 948 
137 138 158 157 156 137 158 157 137 
393 394 423 423 422 393 689 650 649 
649 651 688 649 688 689 905 906 954 
951 948 905 954 951 905 138 139 158 
394 395 424 424 423 394 687 686 650 
689 687 650 906 907 954 159 158 139 
160 159 139 395 396 424 651 652 688 
907 908 956 956 954 907 161 160 140 
396 397 425 454 424 396 396 425 454 
652 653 690 690 688 652 908 909 910 
908 910 958 957 956 908 958 957 908 
141 143 163 163 162 141 653 654 691 
691 690 653 913 910 909 398 399 428 
428 427 398 654 655 692 692 691 654 
910 911 912 913 911 910 910 912 958 
143 144 164 164 163 143 399 400 428 
655 656 693 693 692 655 915 912 911 
911 913 914 911 914 917 917 915 911 
144 145 165 165 164 144 460 428 400 
400 429 461 461 460 400 656 657 694 
694 693 656 166 165 145 401 402 430 
430 429 401 657 658 694 146 147 168 
167 166 146 168 167 146 402 403 431 
431 430 402 658 659 695 695 694 658 
914 916 917 147 148 168 432 431 403 
433 432 403 696 695 659 169 168 148 
170 169 148 404 405 435 435 433 404 
660 661 699 699 698 660 922 917 916 
916 918 922 149 150 172 171 170 149 
172 171 149 405 406 436 436 435 405 
661 662 700 700 699 661 150 151 173 
173 172 150 406 407 438 438 436 406 
662 663 701 701 700 662 918 919 923 
927 922 918 918 923 927 151 152 174 
174 173 151 407 408 467 467 438 407 
663 664 702 702 701 663 919 920 924 
924 923 919 152 153 175 175 174 152 
408 409 439 408 439 470 470 467 408 
664 665 702 920 921 925 925 924 920 
153 154 176 201 175 153 153 176 201 
409 410 439 665 666 704 703 702 665 
704 703 665 926 925 921 154 155 176 
410 411 440 440 439 410 666 667 669 
666 669 705 705 704 666 155 156 178 
177 176 155 178 177 155 411 412 413 
411 413 441 441 440 411 667 668 669 
923 924 928 928 927 923 156 157 178 
414 413 412 707 669 668 668 670 708 
708 707 668 924 925 929 929 928 924 
157 158 181 181 178 157 413 414 443 
442 441 413 443 442 413 706 705 669 
707 706 669 925 926 930 930 929 925 
158 159 181 414 415 443 670 671 708 
159 160 183 182 181 159 183 182 159 
415 416 445 444 443 415 445 444 415 
709 708 671 710 709 671 160 161 183 
416 417 446 446 445 416 674 673 672 
672 673 710 185 183 161 417 418 447 
447 446 417 673 674 711 750 710 673 
673 711 751 751 750 673 162 163 189 
418 419 448 448 447 418 713 711 674 
674 712 713 163 164 187 163 187 190 
190 189 163 419 420 449 449 448 419 
675 676 714 714 712 675 931 932 959 
931 959 960 164 165 191 188 187 164 
191 188 164 420 421 451 481 449 420 
420 451 481 676 677 678 676 678 715 
715 714 676 932 933 959 165 166 192 
192 191 165 421 422 450 421 450 451 
679 678 677 933 934 962 962 959 933 
166 167 192 422 423 450 678 679 717 
716 715 678 717 716 678 980 962 934 
934 963 980 167 168 193 193 192 167 
423 424 452 452 450 423 679 680 717 
935 936 964 964 963 935 168 169 195 
195 193 168 453 452 424 454 453 424 
680 681 718 718 717 680 965 964 936 
169 170 196 215 195 169 169 196 215 
425 426 454 719 718 681 720 719 681 
937 938 966 170 171 196 455 454 426 
488 455 426 682 683 722 722 720 682 
938 939 991 989 966 938 991 989 938 
171 172 197 197 196 171 427 428 457 
457 456 427 683 684 721 683 721 722 
939 940 967 939 967 993 993 991 939 
172 173 198 198 197 172 459 457 428 
460 459 428 684 685 724 723 721 684 
724 723 684 968 967 940 173 174 199 
199 198 173 429 430 461 685 686 724 
941 942 969 969 968 941 174 175 200 
200 199 174 430 431 462 462 461 430 
686 687 725 725 724 686 942 943 970 
971 969 942 942 970 971 221 200 175 
175 201 221 431 432 464 464 462 431 
687 689 726 764 725 687 687 726 764 
943 944 970 176 177 202 202 201 176 
432 433 434 432 434 464 727 689 688 
688 690 727 944 945 974 974 970 944 
177 178 179 177 179 204 204 202 177 
435 434 433 727 726 689 945 946 975 
975 974 945 180 179 178 181 180 178 
434 435 437 434 437 465 465 464 434 
690 691 728 728 727 690 946 947 977 
977 975 946 179 180 224 224 204 179 
435 436 437 691 692 729 729 728 691 
947 948 949 947 949 977 180 181 205 
180 205 227 227 224 180 466 437 436 
436 438 466 692 693 731 730 729 692 
731 730 692 950 949 948 951 950 948 
181 182 205 498 465 437 437 466 498 
693 694 731 949 950 979 978 977 949 
979 978 949 182 183 184 182 184 206 
206 205 182 468 466 438 438 467 468 
694 695 733 732 731 694 733 732 694 
950 951 952 950 952 953 950 953 979 
185 184 183 439 440 471 471 470 439 
695 696 735 735 733 695 954 952 951 
184 185 186 184 186 207 207 206 184 
440 441 472 472 471 440 696 697 735 
952 954 955 441 442 473 473 472 441 
773 770 697 770 735 697 230 207 186 
442 443 474 474 473 442 698 699 737 
737 736 698 956 955 954 187 188 209 
208 190 187 209 208 187 443 444 474 
699 700 738 738 737 699 955 956 957 
188 191 212 212 209 188 444 445 476 
475 474 444 476 475 444 700 701 739 
739 738 700 189 190 210 445 446 477 
477 476 445 701 702 740 740 739 701 
190 208 231 231 210 190 446 447 478 
478 477 446 702 703 740 191 192 211 
191 211 212 447 448 479 479 478 447 
703 704 742 742 740 703 962 960 959 
192 193 194 192 194 211 448 449 480 
480 479 448 704 705 743 743 742 704 
962 961 960 213 194 193 193 195 213 
481 480 449 705 706 743 961 962 980 
961 980 981 237 211 194 194 213 237 
483 451 450 450 452 484 484 483 450 
706 707 746 745 743 706 746 745 706 
214 213 195 215 214 195 482 481 451 
483 482 451 707 708 747 747 746 707 
963 964 983 983 980 963 196 197 216 
216 215 196 452 453 485 485 484 452 
708 709 748 748 747 708 964 965 985 
985 983 964 197 198 218 217 216 197 
218 217 197 453 454 455 453 455 486 
486 485 453 709 710 749 749 748 709 
965 966 987 987 985 965 198 199 218 
750 749 710 989 987 966 199 200 219 
219 218 199 487 486 455 488 487 455 
711 713 752 752 751 711 967 968 995 
995 993 967 220 219 200 221 220 200 
456 457 458 456 458 489 714 713 712 
968 969 995 201 202 203 201 203 221 
492 458 457 457 459 492 713 714 753 
753 752 713 969 971 997 997 995 969 
204 203 202 491 489 458 523 491 458 
458 492 523 714 715 754 754 753 714 
999 971 970 974 972 970 970 972 999 
203 204 223 222 221 203 223 222 203 
459 460 493 493 492 459 715 716 755 
755 754 715 998 997 971 999 998 971 
225 223 204 204 224 225 460 461 463 
460 463 493 716 717 757 756 755 716 
757 756 716 974 973 972 205 206 228 
228 227 205 461 462 463 717 718 757 
973 974 975 973 975 976 206 207 229 
229 228 206 495 463 462 462 464 495 
718 719 758 758 757 718 252 229 207 
207 230 252 494 493 463 495 494 463 
719 720 722 719 722 759 759 758 719 
977 976 975 208 209 233 232 231 208 
233 232 208 464 465 496 496 495 464 
976 977 978 209 212 234 234 233 209 
497 496 465 498 497 465 760 722 721 
721 723 761 761 760 721 210 231 235 
466 468 499 530 498 466 466 499 530 
760 759 722 236 212 211 237 236 211 
469 468 467 470 469 467 723 724 762 
762 761 723 236 234 212 468 469 500 
500 499 468 724 725 762 983 981 980 
213 214 238 238 237 213 469 470 502 
501 500 469 503 501 469 469 502 503 
763 762 725 764 763 725 983 982 981 
214 215 240 239 238 214 240 239 214 
470 471 502 726 727 766 765 764 726 
800 765 726 726 766 800 982 983 985 
985 984 982 215 216 240 471 472 504 
504 502 471 727 728 766 216 217 241 
241 240 216 472 473 505 505 504 472 
728 729 767 767 766 728 984 985 987 
987 986 984 217 218 243 242 241 217 
243 242 217 473 474 506 507 505 473 
473 506 507 729 768 802 729 730 768 
802 767 729 218 219 243 474 475 506 
803 768 730 730 769 803 730 731 769 
986 987 988 219 220 245 245 243 219 
475 476 509 508 506 475 509 508 475 
731 732 769 989 988 987 220 221 222 
220 222 246 246 245 220 476 477 510 
510 509 476 771 769 732 732 733 734 
732 734 771 988 989 990 477 478 511 
511 510 477 735 734 733 991 990 989 
222 223 247 247 246 222 478 479 511 
734 770 772 772 771 734 734 735 770 
990 991 992 223 225 248 248 247 223 
479 480 512 512 511 479 993 992 991 
226 225 224 227 226 224 514 512 480 
480 513 514 480 481 513 736 774 807 
736 737 774 992 993 994 225 226 249 
273 248 225 225 249 273 481 482 513 
775 774 737 776 775 737 737 738 776 
995 994 993 226 227 250 250 249 226 
515 513 482 516 515 482 482 483 516 
738 739 776 994 995 996 227 228 250 
517 516 483 483 484 517 777 776 739 
739 740 741 739 741 777 997 996 995 
228 229 251 251 250 228 518 517 484 
484 485 518 742 741 740 996 997 998 
277 251 229 229 252 277 519 518 485 
485 486 519 778 777 741 779 778 741 
741 742 744 741 744 779 253 252 230 
520 519 486 486 487 520 742 743 744 
231 232 257 257 235 231 551 520 487 
487 521 551 487 488 521 745 744 743 
258 257 232 232 233 258 780 779 744 
744 745 780 285 258 233 233 259 285 
233 234 259 491 490 489 781 780 745 
745 746 781 287 259 234 234 236 287 
555 522 490 490 491 555 782 781 746 
746 747 782 257 255 235 491 523 555 
783 782 747 747 748 783 236 260 288 
288 287 236 236 237 260 524 523 492 
492 493 524 784 783 748 748 749 784 
237 238 260 525 524 493 493 494 525 
785 784 749 749 750 785 261 260 238 
262 261 238 238 239 262 526 525 494 
494 495 526 786 785 750 750 751 786 
264 262 239 239 263 264 239 240 263 
527 526 495 495 496 527 787 786 751 
751 752 787 240 241 263 528 527 496 
496 497 528 788 787 752 752 753 788 
265 263 241 241 242 265 529 528 497 
497 498 529 789 788 753 753 754 789 
266 265 242 242 243 244 242 244 266 
530 529 498 790 789 754 754 755 790 
245 244 243 531 530 499 532 531 499 
499 500 532 791 790 755 755 756 791 
267 266 244 268 267 244 244 245 268 
500 501 532 792 791 756 756 757 792 
269 268 245 245 246 269 533 532 501 
534 533 501 501 503 534 793 792 757 
757 758 793 270 269 246 246 247 270 
504 503 502 794 793 758 758 759 794 
271 270 247 247 248 271 535 534 503 
503 504 535 795 794 759 759 760 795 
272 271 248 273 272 248 536 535 504 
504 505 536 796 795 760 760 761 796 
274 273 249 275 274 249 249 250 275 
537 536 505 538 537 505 505 507 538 
797 796 761 761 762 797 250 251 275 
508 507 506 798 797 762 762 763 798 
276 275 251 277 276 251 539 538 507 
507 508 539 799 798 763 763 764 765 
763 765 799 278 277 252 279 278 252 
252 253 279 540 539 508 508 509 540 
280 279 253 541 540 509 509 510 541 
836 799 765 765 800 837 837 836 765 
254 256 282 254 282 284 254 255 256 
542 541 510 510 511 542 801 800 766 
766 767 801 257 256 255 511 512 543 
543 542 511 802 801 767 
POINT_DATA 1000
FIELD FieldData 8
Von_Mises_Strain 1 1000 double
1.1922470006 1.1763563032 1.2468939847 1.2003435521 1.0663017605 1.1051560772 1.1784776763 1.2867356602 1.3182884017 
1.2570538689 1.0445274951 0.94682538258 1.0518932255 0.94324326822 0.92629725608 0.84118043054 0.9434880176 0.86627252319 
0.84337477924 0.91571537352 1.0845207639 1.0370604166 1.1033279276 1.0103641054 1.1290049279 1.1913347495 1.1970212672 
1.1234418383 1.0515130081 0.98025167895 0.86386652849 0.95965422581 0.79599773935 0.82702671351 0.83977129357 0.8360433781 
0.83519899035 0.80317029225 0.83551756665 0.83923928999 0.79949712142 0.94032949445 0.94100734968 0.83040549958 1.0109260234 
1.0965390672 1.2357985155 1.0445306545 0.98530422158 0.94682139771 0.91834252194 0.88799581635 0.88972351123 0.91999821646 
0.76278367199 0.85910780433 0.85264026647 0.85810847523 0.87684233771 0.8810144201 0.91097526736 1.0266824424 0.93817738362 
0.82904480004 0.80160281861 0.82293179376 0.87219880713 1.0327118276 0.92451622196 0.90569293433 0.84915356615 0.81285083161 
0.79941905125 0.77023972168 0.71401457959 0.8745550082 0.73696977782 0.92155393653 0.88566643989 0.9200064292 0.89416307395 
1.0426310466 0.80278671748 0.73266613767 0.74576493726 0.75508347856 0.88247305473 0.81001299402 0.7854481505 0.74720341676 
0.7140619836 0.70171310235 0.69825674527 0.64775658706 0.58004052486 0.54077915358 0.63335078438 1.0300999652 0.97617570935 
1.0837356788 1.1580451962 0.99492808695 0.7963048129 1.1394668686 0.6537724686 0.64608586489 0.64667051561 0.65060263989 
0.73690913216 0.70252005337 0.67153376737 0.64793087902 0.63597703773 0.6318500417 0.63100111292 0.55558728675 0.45844065984 
0.81957389081 1.0071392354 1.102207481 1.2336889722 1.2757002839 1.1249034331 0.84140559942 0.61708586784 0.55182885876 
0.56426216325 0.63686025966 0.5715407385 0.61721257991 0.60066633198 0.59151910838 0.58901966613 0.58574922007 0.57961086574 
0.5020745216 0.44544166532 0.41152179341 0.61079421427 0.93023592334 1.1886192944 1.3690949485 1.3027614254 1.4014666167 
1.2451622206 0.90936227996 0.48811209502 0.49921587395 0.50641678996 0.56173672552 0.56145239779 0.55656901607 0.55563127876 
0.55196720285 0.54414268238 0.46664291256 0.39441711935 0.39464772128 0.64283205317 0.95670046522 1.1486930527 1.2760165194 
1.4354247564 1.4524278567 1.3408297753 0.9685465911 0.62016155621 0.46400869846 0.45492281912 0.46325501866 0.5117631359 
0.50731160845 0.52111330567 0.52371445343 0.52292160331 0.5236878779 0.51589589421 0.44459918881 0.34689510747 0.36882102839 
0.34635216819 0.56874543626 1.020202709 1.2226463379 1.316874329 1.3539590974 1.4156607699 1.5831707767 1.3201072178 
1.4324822806 1.5233393174 0.93190328115 0.56565920854 0.4387479718 0.45956601415 0.44357939629 0.4663445249 0.47187760469 
0.49361497574 0.49356826254 0.49377269787 0.51899854335 0.49532343555 0.4978951532 0.45495145565 0.6894364893 1.137862301 
1.3939662172 1.7156597557 1.4799740542 1.4329563692 0.60656455236 0.97795076161 0.45305345212 0.45203517856 0.44119085194 
0.43510989516 0.4374661255 0.46675466977 0.46722189072 0.47224603385 0.49859219696 0.48563609231 0.48886881678 0.34007884598 
0.43685349599 0.32006439525 0.37968023957 0.77466669701 1.2171479556 1.467935543 1.5572727728 1.7779028529 1.6720693208 
1.1181941382 1.4624610089 0.62511542808 0.4924199613 0.48769359517 0.46473051059 0.43204966114 0.41373693534 0.41328927824 
0.44352843381 0.42298378969 0.44724440168 0.46318269309 0.48789088077 0.49293711642 0.36390479555 0.39369625023 0.80029457572 
1.4364944915 1.5006228238 1.4339295692 1.4967272397 1.630380557 1.6160234544 1.8204662361 1.2961658548 0.52340076931 
0.52172208204 0.49974932853 0.43048660467 0.47590189704 0.39967782549 0.39433828424 0.41005841508 0.42943959797 0.44529688948 
0.47092561416 0.49980616479 0.50869772257 0.46803406524 0.4333490165 0.40691947067 0.87890640124 1.2265010729 1.3503863008 
1.4867286946 1.5119119943 1.8679538294 1.5117763829 1.856374373 1.3094199515 1.5991437384 1.0374882813 0.79053060766 
0.57519057409 0.54314857281 0.53316410052 0.51354025164 0.48809816883 0.43803977941 0.39236630577 0.38804791264 0.4167142724 
0.43571727705 0.45504719779 0.48812762463 0.52004265836 0.50659319139 0.50556411588 0.45231429089 1.1728071687 1.4199685312 
1.4904998254 1.7796910494 1.883162549 1.9237608718 1.4243686549 1.7939817727 1.4074270289 1.2792858669 0.66026441257 
0.56886683613 0.54336882553 0.52831039196 0.52348905455 0.51623009106 0.51003539411 0.48101543533 0.43484021595 0.39198204257 
0.40339688293 0.3915172778 0.42505443613 0.44154891121 0.47171272367 0.45641888688 0.50828616154 0.53798224576 0.54114813606 
0.51378064733 0.49068555538 0.762613092 1.1323725747 1.3473013367 1.4318887705 1.4861154358 1.3777274239 1.7553980078 
1.6431040674 1.0399655626 0.80520173876 0.59935462511 0.53913106462 0.51003278599 0.49886397522 0.50487846325 0.47895023114 
0.4391927639 0.41222074253 0.41064038486 0.45008986752 0.43557324985 0.49496798998 0.5341377468 0.55777529326 0.54894205227 
0.5019246221 0.45913619284 0.68356255767 0.58797897734 1.0221975382 1.2539417338 1.5831188551 1.4646983086 1.8212857958 
1.99599974 1.8318738562 1.3400725977 0.85670250996 0.69563615762 0.56396315121 0.50954024208 0.48363595646 0.48263299948 
0.49949901999 0.49984785651 0.48124051754 0.44477208273 0.42695598572 0.45064229373 0.46741116878 0.47456748109 0.49703385016 
0.52311958306 0.54889092369 0.56267656486 0.54775023219 0.55530206974 0.49000536604 0.40350896314 0.49296601836 0.88203171137 
1.1364415069 1.3551279762 1.5145459992 1.6003967884 1.8471671904 1.9649505599 1.6953513566 1.109449674 0.62334280293 
0.52439720139 0.48278751376 0.47009978523 0.48370672372 0.49807085918 0.50312523308 0.48445248868 0.44382540565 0.46726036806 
0.44633599639 0.46364527739 0.48722725997 0.51624151099 0.53510844074 0.55825225009 0.56639114123 0.53164596927 0.45414033836 
0.38721589588 0.63598833007 1.2682529009 1.1869566801 1.4860120557 1.6669827341 1.9664839439 1.7612771791 1.2817739751 
0.87812401304 0.73178857851 0.65234995866 0.56464475428 0.49710713957 0.5367660401 0.46883213142 0.50825030817 0.51968649106 
0.50930203723 0.49200564521 0.46446582347 0.47399038703 0.49184005212 0.51389353656 0.53361221475 0.55617957604 0.57230076785 
0.47554059543 0.5640112811 0.36603704293 0.62123845961 1.0309012999 0.97080000559 1.3953549333 1.5713270865 1.4964992521 
1.8082175836 1.8320812697 1.7720012416 1.3493684517 1.504268094 0.86416444509 0.61732969471 0.48583442723 0.46750393901 
0.46820512738 0.47841967201 0.48918238787 0.52500072996 0.54037209614 0.52458568978 0.48737602933 0.49388907293 0.50657847404 
0.52693009693 0.53912536279 0.56405622201 0.58666728323 0.58530374401 0.59804290712 0.55958505429 0.45748126746 0.3766906546 
0.63078559862 0.91591849812 1.0988472526 1.354454772 1.3416494916 1.4231427383 1.7046843049 1.6474427469 1.2907721833 
1.0256325036 0.71191648242 0.58270760665 0.52616010342 0.47541693328 0.47134297557 0.48273019958 0.50533717324 0.51088674206 
0.5395067576 0.55688107148 0.51284520938 0.54270306855 0.52626381331 0.52951625735 0.5536195219 0.57256820757 0.59448329988 
0.60319726028 0.61040883867 0.61796271553 0.60673767606 0.55521598739 0.44348651974 0.40419654332 0.65554011159 0.98568633656 
1.3549299587 1.5835098691 1.5255737501 1.2370033551 0.94881512054 0.73427712745 0.5981161543 0.53156300812 0.49477670713 
0.4792410585 0.4692678399 0.47585041087 0.50001109592 0.5357701857 0.56006127916 0.57265612618 0.56368913154 0.55479713967 
0.55927403755 0.57862503843 0.60070240172 0.61352184944 0.61975835701 0.62561011379 0.62630516834 0.60697842535 0.54433632896 
0.42587696606 0.50355513551 0.79801617732 0.87498196879 1.3509691586 1.3748407223 1.4317717951 1.3972293995 1.1368221963 
0.86188819445 0.68978667931 0.60259739327 0.53584149233 0.5100194613 0.49764801499 0.47758383093 0.47265741498 0.4836922569 
0.50995318929 0.54119575367 0.56842409643 0.5750815762 0.58071744763 0.58603530976 0.58774868218 0.61024535668 0.62891659553 
0.63691948866 0.6289414022 0.62872954781 0.62509977209 0.62188221247 0.59958532409 0.54831868376 0.46447480108 0.4309131393 
0.68020414229 0.7882559915 1.3651563369 1.4142368451 1.4862727918 1.2737090915 1.0305383824 0.78893990517 0.6393182232 
0.54452609581 0.55690719588 0.49005877305 0.49829513225 0.4815032212 0.48209385261 0.49142115902 0.50983166658 0.54294996821 
0.56892286016 0.58449239327 0.59783087354 0.62115541295 0.65359845025 0.66429693376 0.6414247004 0.63121919036 0.62349947847 
0.62456373466 0.60483504011 0.56461548379 0.49563972276 0.41246224234 0.52315713212 0.68563057538 0.6877986191 1.3249322814 
1.3332593154 1.3536036477 1.2557968508 0.95186507102 0.71853583633 0.60271969997 0.52699876575 0.51404295387 0.5134622745 
0.50152741435 0.50536325119 0.49413952992 0.48881934085 0.48778204702 0.48604030072 0.50346737114 0.52137821012 0.54657253563 
0.56583780742 0.57664970878 0.59853253837 0.62945689337 0.65161401861 0.67118544642 0.66367165654 0.65249811339 0.62135606677 
0.61860908319 0.62692254678 0.61713120102 0.62218933993 0.6093669352 0.57302774325 0.50655218547 0.41379113562 0.42919172169 
0.56716448219 0.62770812578 0.63493254449 1.1677504704 1.2290268192 1.2605146169 1.2645645766 1.2492990445 0.92608195032 
0.64917412168 0.55857488782 0.51235920125 0.52302864417 0.50935818144 0.51092172055 0.49722880322 0.51277752071 0.49037999383 
0.49910469446 0.52541565023 0.54798542554 0.5382169601 0.55403875519 0.5632254193 0.59324175053 0.65594286361 0.66466651337 
0.65560330189 0.6355604934 0.61660818456 0.63315625917 0.63468511904 0.64348939404 0.63335913953 0.60271725778 0.46826165253 
0.38799694029 0.49966167722 0.62054899567 0.61174562735 0.65060011671 1.1233189051 1.1336016667 1.1403865037 1.1046741126 
1.0656697775 0.81405749537 0.65296134748 0.53877046891 0.50194135905 0.50571956656 0.5131292809 0.52573615632 0.51878415016 
0.49764087516 0.48233942504 0.48418888853 0.49258214287 0.51975838564 0.52759020592 0.53850334936 0.55909105136 0.60873778273 
0.62987456778 0.67399566991 0.66161479587 0.66434513301 0.64252784019 0.63005076268 0.70477773601 0.67639483508 0.70339468782 
0.74454191917 0.63588043196 0.43341808989 0.58773854068 0.61874614829 0.69496802909 0.6442402583 1.0606567473 1.0232309496 
1.0413718463 0.88777149733 0.84313313767 0.6222401387 0.62671482355 0.52434156027 0.51755503449 0.50047028269 0.50455095116 
0.51587398856 0.53169046938 0.54111123092 0.53501214563 0.51729575628 0.49625875133 0.48953535453 0.50054583049 0.52399489897 
0.53043796482 0.53734897481 0.59634136798 0.67166763605 0.71356707112 0.72020697261 0.68862814103 0.69589372253 0.6650001267 
0.78716077295 0.77595342023 0.83965374759 0.97162897877 0.71698660894 0.66180182481 0.75642626261 0.65136176448 0.65459698899 
1.0088501807 0.91789945039 0.84491446588 0.69257736229 0.55244434495 0.51997528943 0.51228204635 0.51632643477 0.52402187522 
0.53862824582 0.55559258668 0.56321699754 0.55214106629 0.52683056874 0.51006002035 0.50219045264 0.52401471275 0.55389836805 
0.56267966445 0.61356656904 0.72209610176 0.80314409939 0.84934183942 0.87013376568 0.85516830658 0.91022869801 0.88198693729 
0.98563735108 1.0224284645 1.0240852628 0.96510249479 0.60308853303 0.62982187516 1.0060830005 0.94449331664 0.9647640796 
0.7099178755 0.62250831015 0.53122381787 0.53093186892 0.53957082917 0.54644934191 0.55524923806 0.56504652887 0.58684937372 
0.60523833668 0.58544532626 0.55576478062 0.59273584783 0.54362994141 0.53509612043 0.58088909144 0.69111430353 0.63598929654 
0.72269766624 0.85708135383 1.0564937925 1.0972830172 1.1919602817 1.2706781892 1.1519611374 1.3258916735 1.0603656797 
1.0917614437 1.1959722124 1.2558434618 1.2261805706 1.2233029004 1.2084698285 1.0708310665 0.9267286378 0.73292323487 
0.77634083498 0.67293879661 0.60683348523 0.85842393319 0.86678846708 0.91381162642 0.65075563589 0.76906788466 0.56576970514 
0.54580213141 0.55810207529 0.57872065297 0.59436409889 0.60443066764 0.55218275642 0.61096950581 0.59504021715 0.5981255207 
0.64198290382 0.72401425146 0.66742109157 0.66618302843 0.63434642707 0.79289692464 0.93694357541 1.1553062764 1.3500355251 
1.5547313748 1.4291866605 1.5648140853 1.5949737353 1.580860554 1.6275099256 1.3668276655 1.3874526519 1.4351083035 
1.2434916547 1.253354594 0.8760046788 0.87035525494 0.87744026669 0.70671693228 0.74648790976 0.65536379929 0.38364108784 
0.43797845704 0.52045799093 0.66994569482 0.70929159548 0.68191663489 0.65932899885 0.78084047252 0.89126988639 0.94244304169 
0.8600669526 0.74064331892 0.9687142539 1.263480683 1.1173338824 1.5158402458 1.600911666 1.7403102598 1.7238354853 
1.7676923454 1.7156470026 1.6892970514 1.6326532833 1.8311165676 1.7401148376 1.5897880598 1.6057565778 1.6249664137 
1.4256477441 1.5078874627 1.4088563484 1.3466769343 1.452395143 1.2164900772 1.1454540633 1.0470374689 1.0188439198 
1.2260437726 1.0531060331 0.90122043176 0.8167364754 0.78999040205 0.72070366692 0.42518806399 0.40356387878 0.56795705989 
0.65088514344 0.69100979068 0.89251389578 0.94435661489 0.84388543151 0.99579378759 1.2627125607 1.1850560529 1.2394016608 
1.2042375516 1.4094940627 1.5301981371 1.572318763 1.5004752476 1.5257736156 1.6827273962 1.6172728998 1.4401700031 
1.6758990051 1.6334374554 1.6874842438 1.6742601303 1.6782038188 0.71905908422 0.84008882971 0.90928270792 0.68831197518 
0.60883954198 0.78112653983 0.84452017271 0.85536371716 1.1765456564 1.0827033691 1.3259032039 1.4239400195 1.4118029252 
1.5452390195 1.5489704288 1.444846283 1.4596213665 1.5000066301 1.4978793825 1.4273482725 1.4128082346 0.79070336331 
0.99961606362 1.0808444752 0.92376796896 1.1461915056 1.0095434225 1.2009418481 1.0683491456 1.2380857968 1.0874253303 
1.2952447007 1.1434104111 1.335546396 1.2259249724 1.3559247519 1.3108083584 1.3628415179 1.3787811719 1.3971740218 
1.484118032 
Lagrange_strain 9 1000 double
-0.16735307545 -0.18632713104 0.15989955166 -0.18632713104 -0.12797825505 -0.1258529739 0.15989955166 -0.1258529739 0.94408348895 
-0.2257782788 -0.17395461219 0.15828136309 -0.17395461219 -0.072414783605 -0.13208950448 0.15828136309 -0.13208950448 0.92230039725 
-0.13526660832 -0.25218391793 0.25349806341 -0.25218391793 -0.015289161884 -0.27127276657 0.25349806341 -0.27127276657 0.89405587418 
-0.018518235693 -0.23316106898 0.2528227193 -0.23316106898 -0.0084225788964 -0.30140269217 0.2528227193 -0.30140269217 0.88839832954 
-0.056130241491 -0.10496595114 0.10568509692 -0.10496595114 -0.099753732 -0.13884997224 0.10568509692 -0.13884997224 0.92762883207 
-0.21955404011 -0.13681800209 0.1066219505 -0.13681800209 -0.024272767033 -0.17203105681 0.1066219505 -0.17203105681 0.88492451872 
-0.19214262455 -0.19601321691 0.193145397 -0.19601321691 -0.0056054044226 -0.23406907986 0.193145397 -0.23406907986 0.88660483028 
-0.066123233631 -0.33496871486 0.29072275811 -0.33496871486 0.16411509214 -0.43049129465 0.29072275811 -0.43049129465 0.73440955902 
0.083770156606 -0.41713365297 0.33982386952 -0.41713365297 0.22380562743 -0.459847379 0.33982386952 -0.459847379 0.62320858196 
0.20765494841 -0.37227430765 0.36769516702 -0.37227430765 0.22998190142 -0.44652714574 0.36769516702 -0.44652714574 0.61917750878 
0.043438264511 -0.11404921801 0.20241541622 -0.11404921801 0.032700877605 -0.25368517328 0.20241541622 -0.25368517328 0.89594196451 
-0.0041757908102 -0.033447338209 0.080001397511 -0.033447338209 -0.031603632654 -0.11658393427 0.080001397511 -0.11658393427 0.89456949553 
0.21246310339 -0.22312970117 0.3444343061 -0.22312970117 0.20054799687 -0.33589854298 0.3444343061 -0.33589854298 0.71897391283 
0.029922171551 -0.018627089997 0.15442773917 -0.018627089997 0.05497761883 -0.14596341532 0.15442773917 -0.14596341532 0.91005371624 
0.16527400411 -0.097644084343 0.30910608715 -0.097644084343 0.15699328156 -0.20661121389 0.30910608715 -0.20661121389 0.80508067231 
0.032709205244 0.021936207638 0.14190535987 0.021936207638 0.090003620348 -0.039391375645 0.14190535987 -0.039391375645 0.86048875646 
-0.12214155173 -0.059335080521 -0.038656890232 -0.059335080521 0.085662439092 -0.28551003012 -0.038656890232 -0.28551003012 0.75518775939 
-0.059539123045 0.0063322229376 -0.15712151355 0.0063322229376 0.044453153906 -0.20990881443 -0.15712151355 -0.20990881443 0.72454331967 
0.0095203093171 0.029575577147 -0.10492109364 0.029575577147 0.12500192689 -0.29219371831 -0.10492109364 -0.29219371831 0.70718146958 
-0.14481564966 -0.047670840202 -0.10173877166 -0.047670840202 0.011747564018 -0.18443681605 -0.10173877166 -0.18443681605 0.75822649095 
-0.1384717875 -0.17370848188 0.11641977141 -0.17370848188 0.14783362426 -0.37753802274 0.11641977141 -0.37753802274 0.75027981877 
-0.068872286957 -0.19125555077 0.13413134468 -0.19125555077 0.32350722654 -0.44286359762 0.13413134468 -0.44286359762 0.58330961603 
-0.0011985707029 -0.35462715294 0.1963155774 -0.35462715294 0.40266615021 -0.43088130237 0.1963155774 -0.43088130237 0.41316194339 
-0.18735788556 -0.098808155602 0.005279259605 -0.098808155602 0.0075249149517 -0.21491769931 0.005279259605 -0.21491769931 0.81805351807 
-0.1720457085 -0.18657352482 0.15262397733 -0.18657352482 0.058251464151 -0.30417209586 0.15262397733 -0.30417209586 0.82797646708 
-0.029737800426 -0.35700184524 0.23624786588 -0.35700184524 0.29044433903 -0.45022688036 0.23624786588 -0.45022688036 0.55987415032 
0.26417627502 -0.51431321245 0.26374187565 -0.51431321245 0.38761986662 -0.37113883617 0.26374187565 -0.37113883617 0.24866145873 
0.36065370766 -0.45650775956 0.30468969119 -0.45650775956 0.36066233554 -0.34253644209 0.30468969119 -0.34253644209 0.28051755611 
0.39523762848 -0.35173085622 0.37330770404 -0.35173085622 0.31835787418 -0.32131876766 0.37330770404 -0.32131876766 0.40464930319 
0.37740352623 -0.22569969005 0.41943295343 -0.22569969005 0.25828538302 -0.268199813 0.41943295343 -0.268199813 0.54993286115 
0.14438537724 -0.02210629327 0.29731507979 -0.02210629327 0.14133404426 -0.089129489488 0.29731507979 -0.089129489488 0.81796811965 
0.3700718524 -0.11469469716 0.45722491575 -0.11469469716 0.18190177914 -0.17836611039 0.45722491575 -0.17836611039 0.63972896529 
0.041812973423 0.041064609759 0.16091977012 0.041064609759 0.08343692811 0.074194533871 0.16091977012 0.074194533871 0.7927304743 
0.059980688702 0.057931869382 0.20142509539 0.057931869382 0.080580963997 0.14705429219 0.20142509539 0.14705429219 0.76813145518 
0.14419669808 0.040389672236 0.30105391803 0.040389672236 0.11239439279 0.063265846899 0.30105391803 0.063265846899 0.77300883198 
0.076908604459 0.095408554898 0.22127470034 0.095408554898 0.14755361372 0.22624575251 0.22127470034 0.22624575251 0.71842267485 
0.31074574035 0.13591087656 -0.26788953525 0.13591087656 0.10030593197 -0.24860173742 -0.26788953525 -0.24860173742 0.66184314771 
0.17806657073 0.10408761209 -0.16976855369 0.10408761209 0.15649629525 -0.30592044329 -0.16976855369 -0.30592044329 0.66226105828 
0.41965749985 0.15602803593 -0.2301234845 0.15602803593 0.16452656227 -0.31360897089 -0.2301234845 -0.31360897089 0.64182664399 
0.10119360727 0.0060673919065 0.015115495973 0.0060673919065 0.36289668733 -0.42600389216 0.015115495973 -0.42600389216 0.56025603453 
0.26543141901 0.11165654065 -0.092040942935 0.11165654065 0.30664063566 -0.40194143463 -0.092040942935 -0.40194143463 0.58676030661 
-0.033313923316 -0.060391271164 0.038334683899 -0.060391271164 0.25914800119 -0.41100619968 0.038334683899 -0.41100619968 0.6587565994 
0.044341336742 -0.18554493591 0.13379995412 -0.18554493591 0.49794659299 -0.43166533065 0.13379995412 -0.43166533065 0.39436575609 
0.089796874513 0.077278040054 -0.21961558149 0.077278040054 0.076553946408 -0.228442671 -0.21961558149 -0.228442671 0.69167759061 
0.046210416411 -0.35018883871 0.16121833105 -0.35018883871 0.53040147453 -0.36421726114 0.16121833105 -0.36421726114 0.24027126779 
0.13692613561 -0.48867772743 0.16715370085 -0.48867772743 0.44548296679 -0.3238382817 0.16715370085 -0.3238382817 0.16416165972 
0.1280523125 -0.49272554092 0.26303185249 -0.49272554092 0.38462924653 -0.42247969564 0.26303185249 -0.42247969564 0.33674138113 
0.23672976065 -0.50563004936 0.14043717854 -0.50563004936 0.41456868454 -0.24794362667 0.14043717854 -0.24794362667 0.087441107289 
0.31131578374 -0.48422673897 0.13647125888 -0.48422673897 0.38988215734 -0.204577841 0.13647125888 -0.204577841 0.065399380795 
0.37163836511 -0.45039652673 0.17253968969 -0.45039652673 0.36809258617 -0.19887329849 0.17253968969 -0.19887329849 0.087148946657 
0.4270328186 -0.39425550995 0.24613670775 -0.39425550995 0.33365756768 -0.21409145896 0.24613670775 -0.21409145896 0.15396880737 
0.47841647398 -0.29728025245 0.33812629141 -0.29728025245 0.27677043469 -0.21338845393 0.33812629141 -0.21338845393 0.26217241272 
0.50184748128 -0.19120366695 0.41393416125 -0.19120366695 0.20058168688 -0.18174696693 0.41393416125 -0.18174696693 0.37842195431 
0.38158376313 -0.0078651265672 0.46550314296 -0.0078651265672 0.14906464793 -0.055418645517 0.46550314296 -0.055418645517 0.64790632261 
0.55662795338 -0.11247339928 0.37701729596 -0.11247339928 0.24762318633 -0.10892946144 0.37701729596 -0.10892946144 0.30087258465 
0.16756192405 0.11260902335 0.32508193469 0.11260902335 0.20045646651 0.17241927883 0.32508193469 0.17241927883 0.72529681654 
0.4198183143 0.081432955746 0.45789872688 0.081432955746 0.2778077264 0.04895197346 0.45789872688 0.04895197346 0.58497730745 
0.09415266974 0.13902101105 0.23887783073 0.13902101105 0.27972321007 0.28195128826 0.23887783073 0.28195128826 0.67975116086 
0.17617818692 0.14562004854 0.3363906114 0.14562004854 0.38210355668 0.23005438823 0.3363906114 0.23005438823 0.69768830187 
0.1298034966 0.14423340925 0.29099013711 0.14423340925 0.4510167548 0.27685565979 0.29099013711 0.27685565979 0.68082037491 
0.57516194703 0.15610124848 -0.30877836969 0.15610124848 0.11877083003 -0.27330738443 -0.30877836969 -0.27330738443 0.64768299221 
0.79517920982 0.1114789547 -0.36897155747 0.1114789547 0.12644925414 -0.27910339637 -0.36897155747 -0.27910339637 0.65900152241 
0.64868462336 0.17420360954 -0.28659554037 0.17420360954 0.19006479091 -0.33793356002 -0.28659554037 -0.33793356002 0.62523561438 
0.43708050808 0.16556801643 -0.13453818555 0.16556801643 0.35542936644 -0.41778960602 -0.13453818555 -0.41778960602 0.54501904508 
0.24693110703 0.03422013363 0.029049293225 0.03422013363 0.53789650694 -0.43703732351 0.029049293225 -0.43703732351 0.39709648609 
0.15191664818 -0.13232688955 0.1089634097 -0.13232688955 0.60171833937 -0.37630893484 0.1089634097 -0.37630893484 0.26501395281 
0.11683000034 -0.30554921235 0.12149404103 -0.30554921235 0.58513247471 -0.272439397 0.12149404103 -0.272439397 0.12913149356 
0.10093960441 -0.45052457063 0.13881865216 -0.45052457063 0.49654607007 -0.29073314068 0.13881865216 -0.29073314068 0.12901050643 
0.158807889 -0.4583701549 0.063331901658 -0.4583701549 0.43026079995 -0.17032588445 0.063331901658 -0.17032588445 0.02978894647 
0.20185654753 -0.46192599144 0.054204207214 -0.46192599144 0.39059983203 -0.15031171405 0.054204207214 -0.15031171405 0.019028471833 
0.2407528651 -0.439661849 0.041055934374 -0.439661849 0.36135793374 -0.11326846016 0.041055934374 -0.11326846016 0.006608517749 
0.26351370472 -0.42062471566 0.049816844222 -0.42062471566 0.34756711724 -0.1004767027 0.049816844222 -0.1004767027 0.01071770018 
0.28686925069 -0.40891592006 0.077461456559 -0.40891592006 0.33594617617 -0.10789795833 0.077461456559 -0.10789795833 0.023829929124 
0.35476550392 -0.37065188564 0.13339270854 -0.37065188564 0.31264602974 -0.12673280907 0.13339270854 -0.12673280907 0.054017062145 
0.45147360169 -0.28670627134 0.19531615665 -0.28670627134 0.28256053965 -0.13281640221 0.19531615665 -0.13281640221 0.094160237034 
0.44472462894 0.11797853239 0.46568865243 0.11797853239 0.47015082484 0.14405440834 0.46568865243 0.14405440834 0.55618999659 
0.63431852506 0.024175455715 0.38048297021 0.024175455715 0.4160165284 0.0062520225124 0.38048297021 0.0062520225124 0.25831524752 
0.28436291781 0.12544061729 0.4070640216 0.12544061729 0.55424535345 0.25594218593 0.4070640216 0.25594218593 0.6512645958 
0.61102711655 0.13576484235 0.44388541179 0.13576484235 0.56772017009 0.16896491314 0.44388541179 0.16896491314 0.36364826863 
0.16325743575 0.12844050026 0.33070588514 0.12844050026 0.55242836783 0.28812697297 0.33070588514 0.28812697297 0.68369536473 
0.62375524497 0.19689409206 -0.1711768544 0.19689409206 0.46040580987 -0.43598216593 -0.1711768544 -0.43598216593 0.47089358739 
0.83572307499 0.12381295128 -0.35435330161 0.12381295128 0.25800397921 -0.3686144129 -0.35435330161 -0.3686144129 0.62712871356 
0.39456824989 0.11456464908 -0.010311371043 0.11456464908 0.60328909933 -0.42699902173 -0.010311371043 -0.42699902173 0.34045288539 
0.28819480421 -0.055035435835 0.085444650651 -0.055035435835 0.69177018361 -0.3016711724 0.085444650651 -0.3016711724 0.15735762593 
0.19253223931 -0.22955514657 0.096954847882 -0.22955514657 0.6203076063 -0.20518854811 0.096954847882 -0.20518854811 0.080341598104 
0.16358153977 -0.33734686099 0.057861278771 -0.33734686099 0.49853364345 -0.11666324987 0.057861278771 -0.11666324987 0.024915569731 
0.12376516764 -0.40786379148 0.077307818677 -0.40786379148 0.48962160564 -0.17760468832 0.077307818677 -0.17760468832 0.048329103551 
0.15445621284 -0.41394295049 0.013139374331 -0.41394295049 0.38885577038 -0.092603375837 0.013139374331 -0.092603375837 -0.0015166683097 
0.17648623895 -0.41031406827 -0.0051171455894 -0.41031406827 0.34510678687 -0.075152271199 -0.0051171455894 -0.075152271199 -0.010329065439 
0.19117387963 -0.39276978847 -0.01363428362 -0.39276978847 0.32339022548 -0.055762592096 -0.01363428362 -0.055762592096 -0.011997863396 
0.19050097102 -0.37631756828 -0.012220024126 -0.37631756828 0.31339763237 -0.042380399489 -0.012220024126 -0.042380399489 -0.0085805546562 
0.18442290171 -0.3708297984 0.0028864232563 -0.3708297984 0.31037492363 -0.043335715239 0.0028864232563 -0.043335715239 -0.0022011254676 
0.20088643216 -0.3675300192 0.032113158106 -0.3675300192 0.30720296488 -0.056295261503 0.032113158106 -0.056295261503 0.0065595489801 
0.26087596463 -0.32827339878 0.062055823387 -0.32827339878 0.29949797083 -0.067508630425 0.062055823387 -0.067508630425 0.015697729173 
0.52975216157 -0.14737091629 0.17299874651 -0.14737091629 0.34671053412 -0.069999520126 0.17299874651 -0.069999520126 0.061828937911 
0.32976525491 -0.24106665696 0.069959894578 -0.24106665696 0.31351844298 -0.058737092466 0.069959894578 -0.058737092466 0.016893713872 
0.63173378683 0.037568716631 0.23595288518 0.037568716631 0.47303693518 0.032752222175 0.23595288518 0.032752222175 0.09656625613 
0.44342365856 0.15996624153 0.48329354088 0.15996624153 0.62462128147 0.29321323913 0.48329354088 0.29321323913 0.56679377491 
0.27078597833 0.11502000986 0.40765912832 0.11502000986 0.61443056387 0.30523510424 0.40765912832 0.30523510424 0.65847444573 
0.39216784397 0.18811332147 0.46689645717 0.18811332147 0.65784237388 0.34508234359 0.46689645717 0.34508234359 0.58953078337 
0.93077391149 0.10119772533 -0.42642537463 0.10119772533 0.35008550892 -0.41309022025 -0.42642537463 -0.41309022025 0.64014432272 
0.79500563508 0.20505784933 -0.2193425997 0.20505784933 0.58861286919 -0.44669127224 -0.2193425997 -0.44669127224 0.39372462167 
0.51211977725 0.12415671792 -0.0022406732223 0.12415671792 0.71670108788 -0.36109871814 -0.0022406732223 -0.36109871814 0.20787060161 
0.91699675162 0.022796065462 -0.44016155064 0.022796065462 0.17214794817 -0.30093271243 -0.44016155064 -0.30093271243 0.71135932091 
0.40437294606 -0.024102733199 0.074004970743 -0.024102733199 0.71451942076 -0.17192553202 0.074004970743 -0.17192553202 0.061021549327 
0.22242521005 -0.26871467116 0.054361585145 -0.26871467116 0.49909443413 -0.073730966165 0.054361585145 -0.073730966165 0.016927719573 
0.27678226693 -0.16583749779 0.083997500406 -0.16583749779 0.62748462448 -0.13727507721 0.083997500406 -0.13727507721 0.045031074848 
0.19047975885 -0.32299613547 0.005186433537 -0.32299613547 0.37634655006 -0.032848303711 0.005186433537 -0.032848303711 -0.0013265616752 
0.15870426375 -0.37270945119 0.006547817589 -0.37270945119 0.38609567372 -0.063501883901 0.006547817589 -0.063501883901 -0.0019936072429 
0.16100126564 -0.36820377847 -0.031283867312 -0.36820377847 0.31280792976 -0.034413032366 -0.031283867312 -0.034413032366 -0.014172281047 
0.16122174788 -0.35321423232 -0.044449909735 -0.35321423232 0.28731263133 -0.0204609468 -0.044449909735 -0.0204609468 -0.015668637971 
0.15151908903 -0.34090599899 -0.043435843493 -0.34090599899 0.28192576071 -0.01198971427 -0.043435843493 -0.01198971427 -0.012008905049 
0.13107380858 -0.3358006622 -0.0328107056 -0.3358006622 0.28227313915 -0.0095560729036 -0.0328107056 -0.0095560729036 -0.0067065330467 
0.10971124023 -0.3349178024 -0.010599465157 -0.3349178024 0.28322557164 -0.013840646696 -0.010599465157 -0.013840646696 -0.0016035966543 
0.14272133088 -0.33273362121 0.01595833219 -0.33273362121 0.29059379789 -0.030391458621 0.01595833219 -0.030391458621 0.0019652514989 
0.17106081176 -0.28317897243 0.023019945195 -0.28317897243 0.29429980647 -0.028423978957 0.023019945195 -0.028423978957 0.0031115107138 
0.44465943477 -0.091787959933 0.089826660049 -0.091787959933 0.38591020224 -0.024104548413 0.089826660049 -0.024104548413 0.019867859771 
0.6859385722 0.17147246977 0.32238275787 0.17147246977 0.56918576154 0.12297847291 0.32238275787 0.12297847291 0.16268962237 
0.63650200422 0.21478529208 0.45602515002 0.21478529208 0.62718883512 0.24232166065 0.45602515002 0.24232166065 0.35647285557 
0.54703838847 0.24800238737 0.48291217775 0.24800238737 0.66556092918 0.31580403776 0.48291217775 0.31580403776 0.46138244361 
0.94728651758 0.02393874781 -0.49883158959 0.02393874781 0.24171827077 -0.35406702569 -0.49883158959 -0.35406702569 0.75041947395 
0.97268262686 0.1337248985 -0.49435815928 0.1337248985 0.39653526049 -0.44406653327 -0.49435815928 -0.44406653327 0.67756612058 
0.9009888053 0.25241117655 -0.28798835273 0.25241117655 0.67446938937 -0.45120794516 -0.28798835273 -0.45120794516 0.36795232321 
0.65315007993 0.17169183216 -0.035040765987 0.17169183216 0.78428388069 -0.29235900799 -0.035040765987 -0.29235900799 0.13005142394 
0.48032049181 0.0091401594234 0.068200731401 0.0091401594234 0.69034083108 -0.085859599588 0.068200731401 -0.085859599588 0.027304406016 
0.31599211377 -0.17261539348 0.062346437583 -0.17261539348 0.52874645005 -0.037244606343 0.062346437583 -0.037244606343 0.015729583261 
0.24543062352 -0.2650992777 0.013209681006 -0.2650992777 0.37517033203 -0.0052041740106 0.013209681006 -0.0052041740106 0.0031687853439 
0.1714951394 -0.33192675357 -0.034839124262 -0.33192675357 0.29560465149 -0.011919583222 -0.034839124262 -0.011919583222 -0.010263516283 
0.20787359913 -0.29260567409 -0.026936025413 -0.29260567409 0.28590856824 0.0058319518524 -0.026936025413 0.0058319518524 -0.0040248356235 
0.15491856328 -0.32368762915 -0.054587407301 -0.32368762915 0.26167516974 -0.002521912041 -0.054587407301 -0.002521912041 -0.013342841142 
0.13784804623 -0.31460772839 -0.056867106127 -0.31460772839 0.25635416131 0.002189197604 -0.056867106127 0.002189197604 -0.011746253324 
0.1135987701 -0.31042134969 -0.049165166397 -0.31042134969 0.25915819457 0.0039921551191 -0.049165166397 0.0039921551191 -0.0075815659733 
0.083060876297 -0.3102092889 -0.033135786309 -0.3102092889 0.26204787318 0.0026336146538 -0.033135786309 0.0026336146538 -0.0032658480879 
0.059375667822 -0.30785155265 -0.014400544198 -0.30785155265 0.26481045591 0.0022297793817 -0.014400544198 0.0022297793817 -0.00067911486545 
0.083897645472 -0.30290953586 0.0011046652781 -0.30290953586 0.27713870371 -0.0064317357456 0.0011046652781 -0.0064317357456 9.6855251772e-05 
0.10797341742 -0.25055947591 0.0094577630692 -0.25055947591 0.28767035632 -0.010085169621 0.0094577630692 -0.010085169621 0.00047207014807 
0.24171044603 -0.19203918515 0.026004343889 -0.19203918515 0.32500649194 -0.026411776492 0.026004343889 -0.026411776492 0.0032584255316 
0.4055046194 -0.044852740741 0.061007483921 -0.044852740741 0.39426782439 -0.016945141952 0.061007483921 -0.016945141952 0.011050743276 
0.60029793175 0.091275980993 0.17563487189 0.091275980993 0.49561991971 0.0404120753 0.17563487189 0.0404120753 0.055602031548 
0.69151103466 0.25213794493 0.35792744477 0.25213794493 0.60601024757 0.16967893522 0.35792744477 0.16967893522 0.20330978581 
0.49864943014 0.29222658675 0.49078530517 0.29222658675 0.70336624097 0.36154459182 0.49078530517 0.36154459182 0.49882740444 
0.9661476867 0.079941999701 -0.56739887673 0.079941999701 0.27986975494 -0.40827938755 -0.56739887673 -0.40827938755 0.81304852568 
0.97340872864 0.038263211284 -0.5402954537 0.038263211284 0.2546895509 -0.36717446179 -0.5402954537 -0.36717446179 0.77269459661 
1.0179691168 0.25323546785 -0.50896387646 0.25323546785 0.51096919731 -0.51176873282 -0.50896387646 -0.51176873282 0.63765041941 
0.95498889596 0.34018922449 -0.3056478736 0.34018922449 0.75441733052 -0.458303925 -0.3056478736 -0.458303925 0.34217820204 
0.73613914783 0.23423279862 -0.052969089636 0.23423279862 0.82412360782 -0.24631768495 -0.052969089636 -0.24631768495 0.097412975896 
0.3914196958 -0.12184736144 0.062568785991 -0.12184736144 0.47846069753 0.018477386193 0.062568785991 0.018477386193 0.016296939809 
0.3082726772 -0.21125418663 0.026008542936 -0.21125418663 0.37189430444 0.01923854116 0.026008542936 0.01923854116 0.0096958188391 
0.26848050211 -0.24580667748 -0.011034491766 -0.24580667748 0.28110471868 0.024438864104 -0.011034491766 0.024438864104 0.004758140965 
0.17278754268 -0.29273580458 -0.051273296632 -0.29273580458 0.24315225953 0.010439751802 -0.051273296632 0.010439751802 -0.0077571992354 
0.13958150177 -0.29335566174 -0.058216255496 -0.29335566174 0.23790942069 0.0087565840925 -0.058216255496 0.0087565840925 -0.0097676288313 
0.11286601118 -0.29103264692 -0.053854119437 -0.29103264692 0.24184188078 0.0085050047672 -0.053854119437 0.0085050047672 -0.0077816256245 
0.077806641994 -0.29134562638 -0.041743995733 -0.29134562638 0.24609684378 0.0089772324304 -0.041743995733 0.0089772324304 -0.0034829760839 
0.041601337256 -0.28817504738 -0.020191850414 -0.28817504738 0.2503681902 0.0087659761397 -0.020191850414 0.0087659761397 -0.00027480202871 
0.047621748481 -0.2806919958 -0.00057190158247 -0.2806919958 0.26459567264 0.0023719315292 -0.00057190158247 0.0023719315292 -9.9954555403e-05 
0.080922554941 -0.22776843907 0.010416225761 -0.22776843907 0.27881905853 -0.0088221973778 0.010416225761 -0.0088221973778 0.00045797009011 
0.20554231813 -0.15860200454 0.017253191453 -0.15860200454 0.3195795058 -0.024347561768 0.017253191453 -0.024347561768 0.0024142471011 
0.39568499195 -0.014908814241 0.047793638133 -0.014908814241 0.3866678347 -0.030551258439 0.047793638133 -0.030551258439 0.0099072300434 
0.61836426914 0.14355705628 0.17092549749 0.14355705628 0.48580124098 0.027394265141 0.17092549749 0.027394265141 0.05375602321 
0.73021966598 0.31804418005 0.31016794524 0.31804418005 0.59033881116 0.12204410347 0.31016794524 0.12204410347 0.14661812825 
0.6232562365 0.34009444758 0.45917630469 0.34009444758 0.68448044236 0.28964386964 0.45917630469 0.28964386964 0.36149464548 
0.5412444775 0.37834766419 0.48981400204 0.37834766419 0.74156238533 0.36985071219 0.48981400204 0.36985071219 0.44503661398 
0.97242513187 0.083262258102 -0.60800962784 0.083262258102 0.26706605477 -0.40711861516 -0.60800962784 -0.40711861516 0.86517180754 
1.0223681067 0.22309797737 -0.56758909767 0.22309797737 0.40845830059 -0.48639753643 -0.56758909767 -0.48639753643 0.75208440614 
0.98731774341 0.43787248979 -0.28526356568 0.43787248979 0.84811640629 -0.44356278405 -0.28526356568 -0.44356278405 0.30638652655 
0.78037985464 0.29379747465 -0.037656454136 0.29379747465 0.85847113354 -0.18963894938 -0.037656454136 -0.18963894938 0.069482078932 
0.54581306918 0.056710753074 0.073746207884 0.056710753074 0.6675874098 -0.023883140362 0.073746207884 -0.023883140362 0.018649593699 
0.43823414843 -0.095416896101 0.069426557274 -0.095416896101 0.42495356461 0.049702456225 0.069426557274 0.049702456225 0.024178225244 
0.34933885632 -0.18557183685 0.019380135439 -0.18557183685 0.30052970409 0.043080916485 0.019380135439 0.043080916485 0.01644986179 
0.29548108228 -0.21720868258 -0.022350874248 -0.21720868258 0.22832343521 0.039921414093 -0.022350874248 0.039921414093 0.010100904236 
0.22313973941 -0.25996338263 -0.038629575329 -0.25996338263 0.23684130829 0.023832789913 -0.038629575329 0.023832789913 0.00012732824272 
0.18996353722 -0.26135011647 -0.049583724604 -0.26135011647 0.22030094248 0.022682885415 -0.049583724604 0.022682885415 -0.0018556153511 
0.15148211399 -0.27140455083 -0.055261134003 -0.27140455083 0.22181786554 0.016828391471 -0.055261134003 0.016828391471 -0.0053304394067 
0.12027415249 -0.27322141558 -0.053289394676 -0.27322141558 0.22791817609 0.011844323417 -0.053289394676 0.011844323417 -0.0067253867748 
0.087192158264 -0.27284550115 -0.045945361585 -0.27284550115 0.23405691162 0.010645568506 -0.045945361585 0.010645568506 -0.0044910177748 
0.047146033466 -0.27256582936 -0.032449116485 -0.27256582936 0.23767669074 0.013025678757 -0.032449116485 0.013025678757 -0.00069108557802 
0.025362842974 -0.26268426704 0.0020257209987 -0.26268426704 0.25449115346 0.0068195530507 0.0020257209987 0.0068195530507 -0.00011883233523 
0.065837211887 -0.21591236076 0.014522249931 -0.21591236076 0.26474334299 -0.0073115323166 0.014522249931 -0.0073115323166 -8.262424992e-05 
0.23734301573 -0.11030980285 0.019096415346 -0.11030980285 0.31797340461 -0.034579523399 0.019096415346 -0.034579523399 0.0051251598528 
0.13258704377 -0.15883158612 0.016574775352 -0.15883158612 0.27834057399 -0.030521666626 0.016574775352 -0.030521666626 0.0034871317028 
0.35064011243 -0.019502648119 0.01846065366 -0.019502648119 0.3303350472 -0.056531274177 0.01846065366 -0.056531274177 0.012006529038 
0.56884842578 0.13433358776 0.10335205805 0.13433358776 0.43605737118 -0.018848126781 0.10335205805 -0.018848126781 0.030225161716 
0.76446606631 0.37877674955 0.28459314711 0.37877674955 0.60661151307 0.1106114891 0.28459314711 0.1106114891 0.12694675442 
0.65795372601 0.41443552512 0.44530406444 0.41443552512 0.71264499764 0.28975808076 0.44530406444 0.28975808076 0.32393536619 
0.67704511603 0.46049024221 0.44743741017 0.46049024221 0.77285966593 0.32931048847 0.44743741017 0.32931048847 0.31852652256 
0.55514285128 0.42209575645 0.48888857055 0.42209575645 0.78568122463 0.40222910805 0.48888857055 0.40222910805 0.43282220426 
0.57972878906 0.44515472232 0.49360036577 0.44515472232 0.8197841178 0.43239424363 0.49360036577 0.43239424363 0.42668319328 
1.0790005488 0.47450190851 -0.45661357974 0.47450190851 0.7827693043 -0.56122894272 -0.45661357974 -0.56122894272 0.48959460275 
0.94817763053 0.49601289505 -0.10661864866 0.49601289505 1.0034916633 -0.27076934625 -0.10661864866 -0.27076934625 0.11081948325 
0.96231636784 0.086862136573 -0.60462233493 0.086862136573 0.23097506627 -0.38769806428 -0.60462233493 -0.38769806428 0.88053204377 
1.0094213253 0.20406735298 -0.61535718871 0.20406735298 0.36022639553 -0.48961538074 -0.61535718871 -0.48961538074 0.84096036307 
0.75613602809 0.29783204268 0.040659274606 0.29783204268 0.84081625377 -0.074130085378 0.040659274606 -0.074130085378 0.039853339726 
0.55229268187 0.043479268516 0.093815252703 0.043479268516 0.56559106611 0.042904902374 0.093815252703 0.042904902374 0.027679257477 
0.42912051004 -0.1271243531 0.048372331776 -0.1271243531 0.3036568233 0.064429875698 0.048372331776 0.064429875698 0.030622598253 
0.49362694131 -0.071498562781 0.083322392032 -0.071498562781 0.32996550611 0.082737073567 0.083322392032 0.082737073567 0.045173998759 
0.37817022497 -0.17551207703 -0.0012668798206 -0.17551207703 0.21741245472 0.053720732923 -0.0012668798206 0.053720732923 0.02155891715 
0.24431538802 -0.23009359035 -0.041665550806 -0.23009359035 0.20881043089 0.036155983884 -0.041665550806 0.036155983884 0.0061706147077 
0.18185562646 -0.24173526438 -0.048843844052 -0.24173526438 0.20758522075 0.028427036811 -0.048843844052 0.028427036811 0.0016331426026 
0.13369999798 -0.25677534326 -0.050647479086 -0.25677534326 0.21695907383 0.018029334649 -0.050647479086 0.018029334649 -0.0035147710704 
0.10173677772 -0.25668523462 -0.046817079685 -0.25668523462 0.22334080314 0.014317572014 -0.046817079685 0.014317572014 -0.0037938614064 
0.065477672414 -0.25565342456 -0.038080453223 -0.25565342456 0.2304715196 0.013935781294 -0.038080453223 0.013935781294 -0.0016424108173 
0.014252072066 -0.26626275866 -0.010960372456 -0.26626275866 0.24316887835 0.014218855182 -0.010960372456 0.014218855182 0.00063696868534 
0.0090884066771 -0.24781059966 0.0098197771193 -0.24781059966 0.25006260833 0.0088112089976 0.0098197771193 0.0088112089976 -0.00096722575403 
-0.0081926131563 -0.24809010981 0.0032710582087 -0.24809010981 0.24498786753 0.018492125019 0.0032710582087 0.018492125019 -0.00043096130227 
0.01669446169 -0.21902595677 0.024098698539 -0.21902595677 0.2541769269 -0.00214840916 0.024098698539 -0.00214840916 -0.0024381176387 
0.63810989199 0.22312795937 0.08640015148 0.22312795937 0.47716908497 -0.026614125223 0.08640015148 -0.026614125223 0.026585759565 
0.79134636745 0.44887126162 0.27598825578 0.44887126162 0.69807184211 0.14469289553 0.27598825578 0.14469289553 0.11826466932 
0.70875016445 0.49593380126 0.44837333891 0.49593380126 0.81953485699 0.35747888545 0.44837333891 0.35747888545 0.3063254521 
1.094399698 0.46749050615 -0.56112374086 0.46749050615 0.75298695826 -0.62123187861 -0.56112374086 -0.62123187861 0.61055185117 
1.0496064004 0.56632050246 -0.21446234182 0.56632050246 1.0251946027 -0.33542505283 -0.21446234182 -0.33542505283 0.17010163254 
0.94077582841 0.078359862122 -0.60580594789 0.078359862122 0.20250713998 -0.36974262985 -0.60580594789 -0.36974262985 0.91080410474 
0.627890369 0.078290288004 0.11669978346 0.078290288004 0.4869731841 0.099428060635 0.11669978346 0.099428060635 0.043500971153 
0.82607141953 0.32959256015 0.074726400667 0.32959256015 0.78990052497 0.021371567881 0.074726400667 0.021371567881 0.026071438432 
0.45643840415 -0.1364313452 0.027905862336 -0.1364313452 0.20738271346 0.066443170776 0.027905862336 0.066443170776 0.036419365148 
0.41988610891 -0.15735032893 -0.017047697212 -0.15735032893 0.17627171619 0.06114380304 -0.017047697212 0.06114380304 0.027044081825 
0.32934730314 -0.19140653478 -0.031569973099 -0.19140653478 0.19383468384 0.050570287985 -0.031569973099 0.050570287985 0.016019865341 
0.26197375741 -0.20567387038 -0.044514656024 -0.20567387038 0.19309478412 0.045232160965 -0.044514656024 0.045232160965 0.01125978241 
0.18908851352 -0.22026412263 -0.045527456277 -0.22026412263 0.20058811538 0.035809928467 -0.045527456277 0.035809928467 0.0059910787809 
0.12923199294 -0.2417952146 -0.046918085749 -0.2417952146 0.21171161504 0.02242689193 -0.046918085749 0.02242689193 -0.00055498206414 
0.087149229003 -0.2408295181 -0.041962512785 -0.2408295181 0.22227641217 0.018724713662 -0.041962512785 0.018724713662 -0.0010780839509 
0.045432448517 -0.2399659244 -0.032630590495 -0.2399659244 0.23378607047 0.020650723023 -0.032630590495 0.020650723023 0.0011031466218 
0.023108986353 -0.25496411973 -0.02231204578 -0.25496411973 0.23738684787 0.017820335764 -0.02231204578 0.017820335764 0.0010517673662 
-0.0028765938765 -0.24132076202 -0.010712518458 -0.24132076202 0.2420136602 0.024969092141 -0.010712518458 0.024969092141 0.0014913746383 
-0.026037944227 -0.23595053272 0.021102633596 -0.23595053272 0.24759046774 0.019646317041 0.021102633596 0.019646317041 -0.0046641156239 
0.13856467993 -0.1367464197 0.01535896544 -0.1367464197 0.27544079494 -0.036893332788 0.01535896544 -0.036893332788 0.0052292977426 
0.0039712781079 -0.19865046966 0.033946029827 -0.19865046966 0.26136340651 -0.0038232430246 0.033946029827 -0.0038232430246 -0.0061349215565 
0.14520936569 -0.10073908898 0.0043245504266 -0.10073908898 0.30364122563 -0.046041155359 0.0043245504266 -0.046041155359 0.0081958686443 
0.37204998645 0.036860426513 -0.0023544192376 0.036860426513 0.36769881885 -0.06554605748 -0.0023544192376 -0.06554605748 0.013277536605 
0.64480881767 0.28596317834 0.062188293697 0.28596317834 0.55536200765 -0.018984336368 0.062188293697 -0.018984336368 0.020344299925 
0.81257328725 0.49483381801 0.25645720402 0.49483381801 0.76160599447 0.1591524852 0.25645720402 0.1591524852 0.10034373315 
0.63229764554 0.4808155674 0.49684520333 0.4808155674 0.83965801193 0.43770499745 0.49684520333 0.43770499745 0.39876465408 
0.99569074944 0.21367227539 -0.62862167585 0.21367227539 0.35632114895 -0.50160437953 -0.62862167585 -0.50160437953 0.87903145471 
1.0914134576 0.47096017 -0.59576768796 0.47096017 0.70664099341 -0.65305628612 -0.59576768796 -0.65305628612 0.69846359523 
1.0960466604 0.64777785415 -0.29195710192 0.64777785415 1.0976406013 -0.42236523736 -0.29195710192 -0.42236523736 0.23308936382 
0.90137488027 0.42115173612 0.048633637301 0.42115173612 0.85271881772 0.0058441471978 0.048633637301 0.0058441471978 0.034860371665 
0.9423145441 0.10983297065 -0.60927553936 0.10983297065 0.20733699396 -0.3919762702 -0.60927553936 -0.3919762702 0.92535696742 
0.67175219348 0.07793514941 0.12849417349 0.07793514941 0.37807466012 0.1243637415 0.12849417349 0.1243637415 0.064553255604 
0.54843236762 -0.071602153575 0.072984878999 -0.071602153575 0.23252039486 0.08853038994 0.072984878999 0.08853038994 0.054688852159 
0.50494268134 -0.12744001113 0.0052085264172 -0.12744001113 0.15627654791 0.0694742706 0.0052085264172 0.0694742706 0.041845506852 
0.45405568359 -0.13777178957 -0.037952038076 -0.13777178957 0.15900652984 0.067865177964 -0.037952038076 0.067865177964 0.031571785363 
0.36072532085 -0.16755742676 -0.042196821749 -0.16755742676 0.17736092555 0.058936251013 -0.042196821749 0.058936251013 0.021129026266 
0.28383565329 -0.18331738234 -0.046403129848 -0.18331738234 0.1893040002 0.051310531538 -0.046403129848 0.051310531538 0.01452878265 
0.20150553459 -0.20266156799 -0.042853394646 -0.20266156799 0.20064452897 0.040568136987 -0.042853394646 0.040568136987 0.0083426354968 
0.12577265428 -0.22787184419 -0.042680309844 -0.22787184419 0.21160459425 0.027015426161 -0.042680309844 0.027015426161 0.0020720832559 
0.13338986178 -0.21411951277 -0.040104586794 -0.21411951277 0.21338652834 0.033047273088 -0.040104586794 0.033047273088 0.0046496734517 
0.076137831097 -0.22637958463 -0.038516090302 -0.22637958463 0.22795810249 0.025644732092 -0.038516090302 0.025644732092 0.0018017181733 
0.021766312594 -0.22883366031 -0.025499172828 -0.22883366031 0.24238828348 0.027906065064 -0.025499172828 0.027906065064 0.0030375152913 
-0.025390392451 -0.23537666432 0.0045193503774 -0.23537666432 0.24885411879 0.029617236442 0.0045193503774 0.029617236442 -0.0010982506815 
-0.0437461403 -0.22743366 0.034616889038 -0.22743366 0.25830705628 0.024842281962 0.034616889038 0.024842281962 -0.010767360863 
0.065686312153 -0.12008029534 0.011483135382 -0.12008029534 0.32169495406 -0.033129611216 0.011483135382 -0.033129611216 0.0030987941507 
0.32825467126 0.054340705072 -0.023866406731 0.054340705072 0.40685792779 -0.071979090548 -0.023866406731 -0.071979090548 0.015061814081 
0.60972606406 0.30735770892 0.035376961105 0.30735770892 0.60962645314 -0.018691258867 0.035376961105 -0.018691258867 0.016159250264 
0.77712185884 0.54084279243 0.42203978986 0.54084279243 0.84297277785 0.3362825926 0.42203978986 0.3362825926 0.2540610873 
0.66918783624 0.50940308394 0.49739524221 0.50940308394 0.848103543 0.43234352545 0.49739524221 0.43234352545 0.37600045174 
0.94896057034 0.14281379821 -0.57730587957 0.14281379821 0.17637948645 -0.37882848798 -0.57730587957 -0.37882848798 0.90461477882 
0.98627841516 0.15871678374 -0.60993830465 0.15871678374 0.19974661412 -0.40192380185 -0.60993830465 -0.40192380185 0.90914972886 
1.0531221657 0.295041391 -0.62594708367 0.295041391 0.33374215435 -0.51538608251 -0.62594708367 -0.51538608251 0.88464956545 
1.0185748609 0.2634418974 -0.63513215542 0.2634418974 0.36855368425 -0.52872625013 -0.63513215542 -0.52872625013 0.88746721369 
1.1220956563 0.61148708854 -0.50065516639 0.61148708854 0.90601182739 -0.63152041925 -0.50065516639 -0.63152041925 0.55698934159 
0.95427459923 0.5189042924 0.050044283729 0.5189042924 0.95651230216 0.0099444024468 0.050044283729 0.0099444024468 0.025636918436 
0.57766997483 -0.079810313291 0.060234307484 -0.079810313291 0.16674137157 0.083895161591 0.060234307484 0.083895161591 0.062055936056 
0.55309658704 -0.11489707257 0.0082331506193 -0.11489707257 0.13832262949 0.074267529234 0.0082331506193 0.074267529234 0.051071711634 
0.51366044062 -0.12390360719 -0.027166795598 -0.12390360719 0.1448898362 0.071830239877 -0.027166795598 0.071830239877 0.039436551787 
0.39637360316 -0.14161140987 -0.050655703361 -0.14161140987 0.17742753139 0.063469578601 -0.050655703361 0.063469578601 0.023421644472 
0.48897793523 -0.11374945932 -0.046628098748 -0.11374945932 0.16458792579 0.070586019426 -0.046628098748 0.070586019426 0.031360451228 
0.31777672662 -0.15793138906 -0.047783812943 -0.15793138906 0.19483208069 0.054107183767 -0.047783812943 0.054107183767 0.01558420628 
0.22326904133 -0.18510015849 -0.039995719181 -0.18510015849 0.20557771309 0.043274506376 -0.039995719181 0.043274506376 0.0093265276167 
0.15356480368 -0.20359168729 -0.037679233814 -0.20359168729 0.21796085915 0.037614459575 -0.037679233814 0.037614459575 0.0063601482747 
0.094516031291 -0.21444451885 -0.038729441815 -0.21444451885 0.22978566956 0.033217624937 -0.038729441815 0.033217624937 0.0042728398699 
0.047693348037 -0.2179036301 -0.03345059524 -0.2179036301 0.24498380201 0.031659441743 -0.03345059524 0.031659441743 0.0039064381676 
-0.0022709953264 -0.22567249844 -0.013380033272 -0.22567249844 0.25542496113 0.033114999862 -0.013380033272 0.033114999862 0.0026640520874 
-0.042978804951 -0.23097483116 0.018837619561 -0.23097483116 0.26490412772 0.036304103127 0.018837619561 0.036304103127 -0.0058518404964 
-0.057112035933 -0.22045130127 0.04226672913 -0.22045130127 0.28482436429 0.031823180111 0.04226672913 0.031823180111 -0.01610188427 
-0.034744489279 -0.19531503333 0.042632300069 -0.19531503333 0.28927846639 0.010756534655 0.042632300069 0.010756534655 -0.014398795919 
-0.003877115697 -0.14112492281 0.027255927988 -0.14112492281 0.34846068479 -0.014580169809 0.027255927988 -0.014580169809 -0.0067886260616 
0.22086243621 0.036691408385 -0.027108963 0.036691408385 0.4559582054 -0.061546281751 -0.027108963 -0.061546281751 0.012030726274 
0.6093282212 0.34950642613 0.02048493581 0.34950642613 0.68210762556 -0.0079627978196 0.02048493581 -0.0079627978196 0.01279574103 
0.81896725181 0.51009641906 0.20628651773 0.51009641906 0.7857322507 0.13431130007 0.20628651773 0.13431130007 0.066754462095 
0.87264314728 0.5622698058 0.25716091605 0.5622698058 0.8262877667 0.17848884214 0.25716091605 0.17848884214 0.088203654927 
0.7934461835 0.55457325086 0.44355034212 0.55457325086 0.85057334558 0.36122621811 0.44355034212 0.36122621811 0.27101407917 
0.76918319404 0.53054169358 0.48641688111 0.53054169358 0.83351501889 0.40767300818 0.48641688111 0.40767300818 0.32181341078 
1.1135754092 0.57829700907 -0.56726055565 0.57829700907 0.81878847123 -0.6761825323 -0.56726055565 -0.6761825323 0.67674689092 
0.91444453512 0.20242309926 -0.58539892758 0.20242309926 0.28473074773 -0.48871495641 -0.58539892758 -0.48871495641 0.9467695373 
1.097317927 0.7686825351 -0.23792931562 0.7686825351 1.276073362 -0.42535678387 -0.23792931562 -0.42535678387 0.21874631423 
0.77649086309 0.082982072314 -0.50699238371 0.082982072314 0.19068944882 -0.38793156152 -0.50699238371 -0.38793156152 0.94614128057 
1.0284427072 0.67505845522 -0.074246295268 0.67505845522 1.1910603736 -0.18890838543 -0.074246295268 -0.18890838543 0.086658733305 
0.8561017213 0.37149890129 0.15385979679 0.37149890129 0.68981908108 0.14510566644 0.15385979679 0.14510566644 0.060622896153 
0.762325774 0.19938990551 0.15924550131 0.19938990551 0.47743079911 0.15043754966 0.15924550131 0.15043754966 0.071404020754 
0.63653712245 -0.017535664524 0.11509465067 -0.017535664524 0.19367128382 0.10647625771 0.11509465067 0.10647625771 0.08484344487 
0.59253229032 -0.088862728165 0.052161053738 -0.088862728165 0.13538768791 0.080752126005 0.052161053738 0.080752126005 0.06924031894 
0.57429366414 -0.10329803349 0.010771016504 -0.10329803349 0.13293128125 0.079544623193 0.010771016504 0.079544623193 0.058956984857 
0.5457399294 -0.1047970537 -0.025399249049 -0.1047970537 0.14779420646 0.076145735796 -0.025399249049 0.076145735796 0.042340001024 
0.52412483505 -0.087485685966 -0.04680786203 -0.087485685966 0.17422110306 0.071463214601 -0.04680786203 0.071463214601 0.030487827487 
0.44702668723 -0.10610403277 -0.054994390033 -0.10610403277 0.19178566833 0.062532454913 -0.054994390033 0.062532454913 0.022018223787 
0.3446965407 -0.13706393431 -0.047510479821 -0.13706393431 0.20680926815 0.051541659051 -0.047510479821 0.051541659051 0.013854619283 
0.23532360151 -0.176493565 -0.03788902651 -0.176493565 0.21557532735 0.043258360104 -0.03788902651 0.043258360104 0.0088434646248 
0.13471245803 -0.2038662209 -0.037277861299 -0.2038662209 0.23693158142 0.040501688694 -0.037277861299 0.040501688694 0.0068252665078 
0.074159433566 -0.21169214304 -0.036604401268 -0.21169214304 0.24880364618 0.037134294342 -0.036604401268 0.037134294342 0.0053505356541 
0.028482671837 -0.21566048866 -0.026932584907 -0.21566048866 0.26337864248 0.037155705226 -0.026932584907 0.037155705226 0.0050768547405 
-0.0196977721 -0.22487518643 -0.0026071141631 -0.22487518643 0.27569244322 0.040567883639 -0.0026071141631 0.040567883639 0.00086415990429 
-0.055765827443 -0.2235803028 0.030724663028 -0.2235803028 0.29829635403 0.04406859578 0.030724663028 0.04406859578 -0.012157941952 
-0.057717672075 -0.18996560115 0.046918464386 -0.18996560115 0.3343789613 0.022214119505 0.046918464386 0.022214119505 -0.019740912148 
0.22061864785 0.087867871214 -0.04321032449 0.087867871214 0.54498386626 -0.06374871517 -0.04321032449 -0.06374871517 0.014385597475 
0.0059645059718 -0.095454727289 0.013892992692 -0.095454727289 0.42004750762 -0.023013419279 0.013892992692 -0.023013419279 -0.0026023314714 
0.79048894209 0.49582434755 0.10451370969 0.49582434755 0.79375946637 0.074139202148 0.10451370969 0.074139202148 0.024866704085 
0.88022612733 0.56539341724 0.34158285853 0.56539341724 0.8367424121 0.27213372423 0.34158285853 0.27213372423 0.16301571091 
0.8598503246 0.53043752911 0.46215377701 0.53043752911 0.79947680024 0.37210680558 0.46215377701 0.37210680558 0.26520335513 
0.94157466399 0.47532989114 -0.56996461326 0.47532989114 0.80467302535 -0.70522645776 -0.56996461326 -0.70522645776 0.77922965012 
1.0872541085 0.77858924522 -0.27114027596 0.77858924522 1.3028347738 -0.42899596804 -0.27114027596 -0.42899596804 0.23578560711 
0.97000528094 0.74494966357 -0.38721027065 0.74494966357 1.3171471874 -0.53571993272 -0.38721027065 -0.53571993272 0.34680629194 
0.63401831165 0.12535792814 -0.49101327806 0.12535792814 0.3831891391 -0.56309295376 -0.49101327806 -0.56309295376 1.0184984575 
0.66969904267 0.38321964773 -0.55083797145 0.38321964773 0.88752864401 -0.780032927 -0.55083797145 -0.780032927 0.85979198278 
0.96194187596 0.58797711539 0.090519248639 0.58797711539 1.0139986554 0.066502075341 0.090519248639 0.066502075341 0.03727664278 
0.5810396098 0.066400279337 -0.42900381107 0.066400279337 0.28397362361 -0.47926763063 -0.42900381107 -0.47926763063 0.99458667586 
0.69550477162 0.069874065266 0.16218293494 0.069874065266 0.25114624418 0.13925278762 0.16218293494 0.13925278762 0.10437139951 
0.6252513438 -0.050100228638 0.096962633556 -0.050100228638 0.14082192596 0.093156719487 0.096962633556 0.093156719487 0.090059327231 
0.59369495339 -0.088023842689 0.050695453991 -0.088023842689 0.12996793708 0.083482142205 0.050695453991 0.083482142205 0.075291501599 
0.57946894371 -0.089768142996 0.03259532509 -0.089768142996 0.14151325242 0.086197944298 0.03259532509 0.086197944298 0.067907095327 
0.56935422824 -0.092991379406 -0.0031281872617 -0.092991379406 0.14781531971 0.081660634136 -0.0031281872617 0.081660634136 0.050700741293 
0.57488135601 -0.07246926554 0.012238851367 -0.07246926554 0.16368614178 0.083871313241 0.012238851367 0.083871313241 0.049323696059 
0.56292040203 -0.073274386823 -0.023733067704 -0.073274386823 0.17195528563 0.075768486163 -0.023733067704 0.075768486163 0.035058484856 
0.5324401321 -0.063202938951 -0.044628970942 -0.063202938951 0.20076886874 0.064725124767 -0.044628970942 0.064725124767 0.022592314779 
0.46320694141 -0.083538650769 -0.055108005293 -0.083538650769 0.21559467956 0.054214914609 -0.055108005293 0.054214914609 0.016542369232 
0.36031249222 -0.1263482594 -0.047643121578 -0.1263482594 0.21984341243 0.047473519816 -0.047643121578 0.047473519816 0.011889534881 
0.37728276071 -0.12469469206 -0.051571692428 -0.12469469206 0.2298117461 0.048369035858 -0.051571692428 0.048369035858 0.012386881639 
0.23815747679 -0.17474190253 -0.039556715355 -0.17474190253 0.23028021499 0.046754688393 -0.039556715355 0.046754688393 0.0097576264594 
0.12534346498 -0.20146824379 -0.037791677486 -0.20146824379 0.26094939948 0.047640109056 -0.037791677486 0.047640109056 0.0087072439636 
0.068703072492 -0.20898611587 -0.035608887777 -0.20898611587 0.2652800321 0.043059129299 -0.035608887777 0.043059129299 0.0070173956098 
0.016250172001 -0.21589500849 -0.023423123636 -0.21589500849 0.28487827266 0.04488484527 -0.023423123636 0.04488484527 0.0060987901689 
0.059571441873 -0.20952556301 -0.033482979333 -0.20952556301 0.28763071192 0.047476407221 -0.033482979333 0.047476407221 0.0078250677719 
-0.025863405602 -0.22468245181 9.1617068645e-05 -0.22468245181 0.30182335686 0.049781280936 9.1617068645e-05 0.049781280936 0.000358408031 
-0.053609002722 -0.22436098897 0.024068503121 -0.22436098897 0.3241982441 0.053792282544 0.024068503121 0.053792282544 -0.0094081516 
-0.067755013126 -0.20618569406 0.044799788008 -0.20618569406 0.34537065664 0.043922927536 0.044799788008 0.043922927536 -0.020849110096 
-0.047679661351 -0.14953509229 0.038404291553 -0.14953509229 0.40509983305 0.010761657882 0.038404291553 0.010761657882 -0.017145117066 
0.083201207976 -1.8122195386e-05 -0.020690318917 -1.8122195386e-05 0.52483858397 -0.045354211394 -0.020690318917 -0.045354211394 0.0090040438549 
0.43654659301 0.27156855696 -0.040407282393 0.27156855696 0.68589298658 -0.040866414599 -0.040407282393 -0.040866414599 0.010046831657 
0.76368721724 0.47707920258 0.070498004482 0.47707920258 0.79181861564 0.058974113236 0.070498004482 0.058974113236 0.020444078768 
0.90017649757 0.53775402317 0.29544726538 0.53775402317 0.80104094209 0.23462895816 0.29544726538 0.23462895816 0.13416449598 
0.90001402139 0.50969468194 0.42854920269 0.50969468194 0.76468392114 0.33364153453 0.42854920269 0.33364153453 0.22219285222 
0.50137451216 0.15069737467 -0.43632152187 0.15069737467 0.52857738175 -0.6652800702 -0.43632152187 -0.6652800702 1.0058250769 
0.47926734657 0.10355578459 -0.39294474525 0.10355578459 0.41561722877 -0.60183546843 -0.39294474525 -0.60183546843 1.0069853497 
0.53571025174 0.32121227718 -0.49923779863 0.32121227718 0.87828670177 -0.79643393952 -0.49923779863 -0.79643393952 0.88930321617 
1.0199063453 0.71652598737 0.019189648466 0.71652598737 1.1617629808 0.022083634855 0.019189648466 0.022083634855 0.0222364049 
0.86638834913 0.36770094808 0.18614292845 0.36770094808 0.54487516288 0.19513807806 0.18614292845 0.19513807806 0.089024762045 
0.76555658392 0.19846461085 0.19205243443 0.19846461085 0.375744112 0.17447538469 0.19205243443 0.17447538469 0.1077869555 
0.64643715404 -0.0058718134709 0.13738057228 -0.0058718134709 0.1519305706 0.10983625438 0.13738057228 0.10983625438 0.11124691086 
0.59413728554 -0.067334708242 0.079013020032 -0.067334708242 0.13456231185 0.092696487798 0.079013020032 0.092696487798 0.092051322473 
0.56803799118 -0.071554956745 0.051654613778 -0.071554956745 0.1530795764 0.093642959369 0.051654613778 0.093642959369 0.075394561129 
0.56613831906 -0.050379203535 0.032686267585 -0.050379203535 0.18354354285 0.088403537058 0.032686267585 0.088403537058 0.051087523433 
0.57393080576 -0.041901616541 -0.012709963098 -0.041901616541 0.20280203151 0.072682330438 -0.012709963098 0.072682330438 0.027811557371 
0.53985636747 -0.045033370213 -0.043877570671 -0.045033370213 0.2264557795 0.056092128962 -0.043877570671 0.056092128962 0.016509568271 
0.47413878784 -0.07593205343 -0.056347128454 -0.07593205343 0.23223868337 0.047958647095 -0.056347128454 0.047958647095 0.01365756459 
0.32886487895 -0.1568698047 -0.050813975613 -0.1568698047 0.24116656766 0.054298108701 -0.050813975613 0.054298108701 0.013460472649 
0.20804444227 -0.18834293101 -0.040789471701 -0.18834293101 0.25052829032 0.052416989206 -0.040789471701 0.052416989206 0.011069218925 
0.10153480869 -0.20779127909 -0.036906670146 -0.20779127909 0.28949939229 0.050295586285 -0.036906670146 0.050295586285 0.0087659735113 
0.16610325669 -0.20183388081 -0.0385380859 -0.20183388081 0.27890894555 0.052895059035 -0.0385380859 0.052895059035 0.010090816654 
0.018710785566 -0.21902604054 -0.023042597046 -0.21902604054 0.31527972192 0.051272088309 -0.023042597046 0.051272088309 0.006895671158 
-0.025909716275 -0.22821509821 0.0011557567753 -0.22821509821 0.33208375332 0.056534958064 0.0011557567753 0.056534958064 0.00029750832585 
-0.054809851468 -0.22746085069 0.032773212245 -0.22746085069 0.34327598858 0.053591545797 0.032773212245 0.053591545797 -0.014528697251 
-0.060719257186 -0.1990988673 0.048045232463 -0.1990988673 0.3712976104 0.034711662742 0.048045232463 0.034711662742 -0.023309921362 
-0.023000140386 -0.13440492366 0.029461185347 -0.13440492366 0.42419882059 -0.0049872208472 0.029461185347 -0.0049872208472 -0.01168723812 
0.11298167348 -0.013942307785 -0.027298412671 -0.013942307785 0.50030098837 -0.058012366003 -0.027298412671 -0.058012366003 0.014444860814 
0.39044797088 0.21861199246 -0.05899711751 0.21861199246 0.64729634893 -0.060409761123 -0.05899711751 -0.060409761123 0.015865354595 
0.37492241578 0.1535133104 -0.074064818665 0.1535133104 0.57840552947 -0.088322401059 -0.074064818665 -0.088322401059 0.024882052299 
0.73683061159 0.41728152876 0.022095917722 0.41728152876 0.73650969255 0.0074921716853 0.022095917722 0.0074921716853 0.014947892111 
0.89827725547 0.49698839005 0.24881089094 0.49698839005 0.76526266339 0.1853875432 0.24881089094 0.1853875432 0.10425251691 
0.48005783917 0.21620050465 -0.42037581028 0.21620050465 0.66515989794 -0.74567518758 -0.42037581028 -0.74567518758 0.94956819507 
0.44173655653 0.14826243966 -0.37405854281 0.14826243966 0.51891844798 -0.68382498708 -0.37405854281 -0.68382498708 0.98264102956 
0.55451465622 0.38889976011 -0.47594485522 0.38889976011 0.99513202175 -0.82421016553 -0.47594485522 -0.82421016553 0.78922564065 
0.77521729181 0.66803504644 -0.49048573969 0.66803504644 1.3090286979 -0.680241785 -0.49048573969 -0.680241785 0.47505061103 
1.0003814437 0.80588117176 -0.17625173643 0.80588117176 1.3031633849 -0.18240867672 -0.17625173643 -0.18240867672 0.081418286781 
0.95216321772 0.57616579038 0.10262730564 0.57616579038 0.8027977196 0.14790687304 0.10262730564 0.14790687304 0.049268809054 
0.78726192798 0.23364222584 0.19595026841 0.23364222584 0.31108151568 0.18282279662 0.19595026841 0.18282279662 0.11946224473 
0.71283285292 0.08865550501 0.17370451711 0.08865550501 0.19687289238 0.14164426425 0.17370451711 0.14164426425 0.12325041964 
0.61363426401 -0.02289027225 0.12240360114 -0.02289027225 0.14085230043 0.10723202771 0.12240360114 0.10723202771 0.11381130732 
0.56451135278 -0.050764997298 0.092659026524 -0.050764997298 0.15375830633 0.10317831384 0.092659026524 0.10317831384 0.099005869934 
0.54273405305 -0.047460148523 0.075889289078 -0.047460148523 0.18010278845 0.099506396749 0.075889289078 0.099506396749 0.075869573501 
0.55205878198 -0.023599539025 0.053473791452 -0.023599539025 0.21478637322 0.086942512913 0.053473791452 0.086942512913 0.044757627524 
0.57465427453 -0.02199769165 0.014174583737 -0.02199769165 0.21908301671 0.075236040001 0.014174583737 0.075236040001 0.028574952362 
0.57294780887 -0.023064897657 -0.023584598422 -0.023064897657 0.23506011976 0.058872465618 -0.023584598422 0.058872465618 0.015984323272 
0.53891919264 -0.050803874982 -0.053189911171 -0.050803874982 0.24220149836 0.049075743312 -0.053189911171 0.049075743312 0.013591505526 
0.45774776002 -0.10220757952 -0.062047660996 -0.10220757952 0.23955866173 0.050583849491 -0.062047660996 0.050583849491 0.014658807496 
0.27049252844 -0.18361624298 -0.0456010539 -0.18361624298 0.26574000172 0.056350992536 -0.0456010539 0.056350992536 0.012450412117 
0.19712300948 -0.20403635978 -0.03763149368 -0.20403635978 0.30060330225 0.054096272675 -0.03763149368 0.054096272675 0.0098501181257 
0.11704913346 -0.21258559577 -0.035525029575 -0.21258559577 0.31228445507 0.051913082581 -0.035525029575 0.051913082581 0.0086651355193 
0.066006028524 -0.21363431226 -0.033133750286 -0.21363431226 0.31054666721 0.050742297318 -0.033133750286 0.050742297318 0.0082000735388 
0.064713199603 -0.21820212374 -0.031581392331 -0.21820212374 0.33708921119 0.053049911677 -0.031581392331 0.053049911677 0.0082107889038 
0.016529665642 -0.22704507208 -0.017188383999 -0.22704507208 0.34286934205 0.051248326363 -0.017188383999 0.051248326363 0.0054381452126 
-0.021196963864 -0.2388662916 0.014972381184 -0.2388662916 0.33723135896 0.045756191264 0.014972381184 0.045756191264 -0.0057001798301 
-0.044022214979 -0.23373988401 0.043889801511 -0.23373988401 0.34477865026 0.038817888964 0.043889801511 0.038817888964 -0.019997550449 
-0.04702638903 -0.20077027403 0.050391273072 -0.20077027403 0.37666057918 0.021566810838 0.050391273072 0.021566810838 -0.023485851271 
-0.028380985152 -0.23120918827 0.05414970787 -0.23120918827 0.34592709949 0.018556510324 0.05414970787 0.018556510324 -0.023100005542 
-0.00011598975783 -0.16338906551 0.035259200306 -0.16338906551 0.38865396924 -0.01397679765 0.035259200306 -0.01397679765 -0.011510143232 
0.13889090573 -0.055039040791 -0.025019474037 -0.055039040791 0.43602479315 -0.068301802527 -0.025019474037 -0.068301802527 0.019797889643 
0.34475219654 0.080190330365 -0.075403169027 0.080190330365 0.50877786414 -0.10364656085 -0.075403169027 -0.10364656085 0.034004326025 
0.68373538548 0.33503224904 -0.01152421931 0.33503224904 0.67170666051 -0.03269457044 -0.01152421931 -0.03269457044 0.016263261085 
0.87480777946 0.44313825829 0.195141755 0.44313825829 0.72525894066 0.11918306813 0.195141755 0.11918306813 0.072876991395 
0.92295940782 0.48974325859 0.37943040974 0.48974325859 0.7459574173 0.26837972004 0.37943040974 0.26837972004 0.16711753605 
0.40858034185 0.17813525673 -0.34926484439 0.17813525673 0.59766739416 -0.73225872879 -0.34926484439 -0.73225872879 0.94727621501 
0.46690083108 0.24591043807 -0.39133231428 0.24591043807 0.72100614973 -0.76966369121 -0.39133231428 -0.76966369121 0.90194274631 
0.57483393534 0.47717140578 -0.42121791347 0.47717140578 1.1565571999 -0.7916843827 -0.42121791347 -0.7916843827 0.61553275467 
0.70924782914 0.63252911053 -0.46283815856 0.63252911053 1.3072939475 -0.69650205463 -0.46283815856 -0.69650205463 0.46558839677 
0.92352253591 0.75411483659 -0.17546108099 0.75411483659 1.1998658289 -0.18084572191 -0.17546108099 -0.18084572191 0.10231982785 
0.85854390665 0.44937312794 0.14313604863 0.44937312794 0.58416638518 0.17614228733 0.14313604863 0.17614228733 0.07787586489 
0.6483257222 0.049520705325 0.16125841025 0.049520705325 0.16927505684 0.13173480855 0.16125841025 0.13173480855 0.12771821249 
0.56771773587 -0.014101484937 0.12813967032 -0.014101484937 0.16233513477 0.11665767609 0.12813967032 0.11665767609 0.11792683246 
0.53201310272 -0.026630586905 0.1080562828 -0.026630586905 0.18544287662 0.11242437343 0.1080562828 0.11242437343 0.098100232566 
0.52817415765 -0.018272702813 0.087233270318 -0.018272702813 0.21580941578 0.10183545711 0.087233270318 0.10183545711 0.067241031555 
0.5555934373 -0.0088163666418 0.048387703668 -0.0088163666418 0.24348262711 0.083748163898 0.048387703668 0.083748163898 0.03537630061 
0.57490340582 -0.013120997914 0.010745242452 -0.013120997914 0.24128470659 0.068067412688 0.010745242452 0.068067412688 0.021007343788 
0.57381974448 -0.033734394547 -0.035148414943 -0.033734394547 0.25144432378 0.05411173404 -0.035148414943 0.05411173404 0.013525449834 
0.52354845196 -0.083164982997 -0.061825285349 -0.083164982997 0.25659599714 0.051859611175 -0.061825285349 0.051859611175 0.014623286327 
0.40542377936 -0.1416048147 -0.060062764015 -0.1416048147 0.25686619032 0.056287582269 -0.060062764015 0.056287582269 0.015003055477 
0.45162347995 -0.13268835639 -0.061084873049 -0.13268835639 0.27561118348 0.053849875168 -0.061084873049 0.053849875168 0.013781808793 
0.32000936518 -0.1802574742 -0.048929177112 -0.1802574742 0.28425293547 0.056485821587 -0.048929177112 0.056485821587 0.012261314502 
0.23562982129 -0.20455197535 -0.035849318297 -0.20455197535 0.3196963184 0.051134778836 -0.035849318297 0.051134778836 0.0085121609716 
0.12892301188 -0.2170875686 -0.031275193486 -0.2170875686 0.34139632277 0.04910721741 -0.031275193486 0.04910721741 0.0071646782121 
0.064251218212 -0.22638191848 -0.023352060571 -0.22638191848 0.35540763489 0.043565487918 -0.023352060571 0.043565487918 0.0052564005132 
0.02101869858 -0.24021834502 0.00012230892171 -0.24021834502 0.34180755984 0.031676483952 0.00012230892171 0.031676483952 -0.00034803158763 
-0.0090670097029 -0.25080360473 0.033200011519 -0.25080360473 0.33243758 0.025249099256 0.033200011519 0.025249099256 -0.012239751491 
-0.0048900334776 -0.25640638868 0.058246137113 -0.25640638868 0.32232649645 0.012618462373 0.058246137113 0.012618462373 -0.021857816345 
-0.0031345187682 -0.22568380969 0.061700354987 -0.22568380969 0.33051449667 -0.0014153703373 0.061700354987 -0.0014153703373 -0.023205250192 
0.044225889708 -0.16297202133 0.027957463684 -0.16297202133 0.36616884666 -0.03589685245 0.027957463684 -0.03589685245 -0.0012432908409 
0.18344906636 -0.068059033142 -0.025903718854 -0.068059033142 0.4138172752 -0.080562616944 -0.025903718854 -0.080562616944 0.025221564196 
0.55922413163 0.18563084246 -0.033990466694 0.18563084246 0.55014379047 -0.077450701401 -0.033990466694 -0.077450701401 0.025929766171 
0.93506803093 0.46806025547 0.31923893773 0.46806025547 0.7220484014 0.18066284347 0.31923893773 0.18066284347 0.11194569654 
0.92791140937 0.43161196476 0.2900902294 0.43161196476 0.68358417761 0.11877168845 0.2900902294 0.11877168845 0.091289618736 
0.38379749105 0.18153345375 -0.3144468606 0.18153345375 0.59153626568 -0.72794698786 -0.3144468606 -0.72794698786 0.92430306607 
0.48761775441 0.34445725078 -0.36720638102 0.34445725078 0.92335612149 -0.79032100887 -0.36720638102 -0.79032100887 0.75168898941 
0.67450258437 0.62809903256 -0.425563193 0.62809903256 1.3473021272 -0.69420831278 -0.425563193 -0.69420831278 0.41512399038 
0.82243358763 0.73814951815 -0.22773181943 0.73814951815 1.3008246848 -0.28976457991 -0.22773181943 -0.28976457991 0.11908801962 
0.84084083655 0.56848631597 0.072835245315 0.56848631597 0.80785557308 0.12492983676 0.072835245315 0.12492983676 0.043412152974 
0.7324425789 0.2943149397 0.18749207475 0.2943149397 0.3869685393 0.19484927466 0.18749207475 0.19484927466 0.10985542488 
0.69216819695 0.16241447516 0.18973391668 0.16241447516 0.25143218959 0.1688139858 0.18973391668 0.1688139858 0.12945299458 
0.61596430472 0.12748919283 0.18424304761 0.12748919283 0.23653583728 0.16488360534 0.18424304761 0.16488360534 0.13396732679 
0.58137321165 0.039222344732 0.15994767743 0.039222344732 0.18257829214 0.13630932552 0.15994767743 0.13630932552 0.13209576976 
0.52817955662 0.0042505848793 0.1359267167 0.0042505848793 0.19590115146 0.12774230279 0.1359267167 0.12774230279 0.11735259956 
0.5392658224 0.048374143469 0.16022555966 0.048374143469 0.2108245332 0.14627039341 0.16022555966 0.14627039341 0.13216542498 
0.51042219706 -0.0022891595562 0.11447254616 -0.0022891595562 0.22346765097 0.11789198174 0.11447254616 0.11789198174 0.089414360821 
0.58607758071 -0.021249581397 -0.0036952917755 -0.021249581397 0.25987257313 0.065922450047 -0.0036952917755 0.065922450047 0.017909418542 
0.58615458977 -0.051578939608 -0.046041182347 -0.051578939608 0.27052894654 0.055430928143 -0.046041182347 0.055430928143 0.013852813953 
0.54854086802 -0.091768444969 -0.061534450036 -0.091768444969 0.28221045384 0.051261973556 -0.061534450036 0.051261973556 0.013278073164 
0.48753514463 -0.13188760489 -0.059502138454 -0.13188760489 0.29461196858 0.049802951895 -0.059502138454 0.049802951895 0.011719494323 
0.37196741019 -0.1733547548 -0.049075105745 -0.1733547548 0.30186848059 0.052152597521 -0.049075105745 0.052152597521 0.010570408422 
0.3051129885 -0.19739354468 -0.033047861369 -0.19739354468 0.33414977283 0.043234187334 -0.033047861369 0.043234187334 0.0061703254494 
0.18934686124 -0.217680531 -0.025045955418 -0.217680531 0.35666784365 0.04054682063 -0.025045955418 0.04054682063 0.0047892897922 
0.11269744772 -0.22582815196 -0.020841242757 -0.22582815196 0.36991093869 0.03465833584 -0.020841242757 0.03465833584 0.003468648363 
0.065592701644 -0.23943491521 -0.0087669464545 -0.23943491521 0.36142246346 0.024532090498 -0.0087669464545 0.024532090498 0.0011817117035 
0.033859987844 -0.25603492998 0.012930013739 -0.25603492998 0.34710189932 0.017538412237 0.012930013739 0.017538412237 -0.0035792271939 
0.017209237065 -0.2667733109 0.038618226169 -0.2667733109 0.33206419065 0.012865268841 0.038618226169 0.012865268841 -0.011651481407 
0.059198168571 -0.20083784303 0.045178637596 -0.20083784303 0.33051583444 -0.032363726028 0.045178637596 -0.032363726028 -0.0067758908817 
0.014115226938 -0.25704578279 0.072470334195 -0.25704578279 0.31456694925 -0.00030903985788 0.072470334195 -0.00030903985788 -0.026529441975 
0.25299198632 -0.077356669436 -0.027310176668 -0.077356669436 0.37235297901 -0.088345621508 -0.027310176668 -0.088345621508 0.0303724912 
0.60323133131 0.15864913499 -0.025884667264 0.15864913499 0.50226807247 -0.093667200165 -0.025884667264 -0.093667200165 0.028867354683 
0.86469556004 0.38771967514 0.15570489401 0.38771967514 0.65869223404 0.04477493348 0.15570489401 0.04477493348 0.0537366971 
0.85160870652 0.34589794845 0.15809049848 0.34589794845 0.62838653782 0.02259367047 0.15809049848 0.02259367047 0.054697587721 
0.2478974114 0.099321162896 -0.21594566791 0.099321162896 0.53691519447 -0.69101157823 -0.21594566791 -0.69101157823 0.92380469615 
0.37669773896 0.25999282657 -0.30769059205 0.25999282657 0.82451792257 -0.77364251381 -0.30769059205 -0.77364251381 0.79109167937 
0.23863329796 0.17562987427 -0.2287184936 0.17562987427 0.76826117755 -0.75123446645 -0.2287184936 -0.75123446645 0.79772103288 
0.52715039279 0.50306139041 -0.31293384064 0.50306139041 1.2919336879 -0.72131092372 -0.31293384064 -0.72131092372 0.4435835508 
0.62522166608 0.60332568316 -0.28979138385 0.60332568316 1.3956405276 -0.59201824821 -0.28979138385 -0.59201824821 0.29212526708 
0.71252011358 0.67620295919 -0.25350037862 0.67620295919 1.3672718783 -0.41513714989 -0.25350037862 -0.41513714989 0.1814623739 
0.75552777251 0.59543085914 0.026691978314 0.59543085914 0.9803067831 0.060699167517 0.026691978314 0.060699167517 0.027621651371 
0.66870414878 0.61899911467 -0.060924518535 0.61899911467 1.2316136901 -0.10572876569 -0.060924518535 -0.10572876569 0.038555213667 
0.66697333599 0.31033977167 0.17822251122 0.31033977167 0.45286726815 0.19832350826 0.17822251122 0.19832350826 0.10146596628 
0.56307466096 0.1257841491 0.18132706828 0.1257841491 0.25975720662 0.17343114336 0.18132706828 0.17343114336 0.13617733661 
0.50571495848 0.024398939248 0.13469543198 0.024398939248 0.23509966106 0.13855829622 0.13469543198 0.13855829622 0.11098313194 
0.5258597996 -0.0049007985078 0.082373947952 -0.0049007985078 0.2493478958 0.1012085869 0.082373947952 0.1012085869 0.055854215123 
0.51223732945 0.0061489806176 0.10284664171 0.0061489806176 0.25788020312 0.12180498174 0.10284664171 0.12180498174 0.077914183444 
0.54377622755 -0.014054893631 0.060040452763 -0.014054893631 0.281853909 0.10419698035 0.060040452763 0.10419698035 0.047500564458 
0.56369084749 -0.015440922134 0.033867402414 -0.015440922134 0.26680182689 0.082042658023 0.033867402414 0.082042658023 0.029444796997 
0.60127931237 -0.038138509172 -0.019145842815 -0.038138509172 0.28198339766 0.065984725244 -0.019145842815 0.065984725244 0.016615971571 
0.60329117494 -0.067326338312 -0.051702648464 -0.067326338312 0.29612972512 0.052706848289 -0.051702648464 0.052706848289 0.012344641508 
0.55326672286 -0.11098064536 -0.058273596614 -0.11098064536 0.31167465988 0.043467218352 -0.058273596614 0.043467218352 0.0098486877852 
0.44053550361 -0.15893134955 -0.047762432727 -0.15893134955 0.31917036447 0.043193452011 -0.047762432727 0.043193452011 0.0080062226473 
0.37707207721 -0.18903685082 -0.031930429186 -0.18903685082 0.35104711533 0.035287174519 -0.031930429186 0.035287174519 0.0043104635533 
0.25828543254 -0.21907578043 -0.021650460509 -0.21907578043 0.37352876923 0.034417988901 -0.021650460509 0.034417988901 0.0033077303546 
0.16600400147 -0.23110527113 -0.015824369236 -0.23110527113 0.39108965803 0.027183344023 -0.015824369236 0.027183344023 0.0020315700166 
0.10806221622 -0.23889621272 -0.010333783262 -0.23889621272 0.38537113404 0.018993089579 -0.010333783262 0.018993089579 0.0010253954166 
0.081748812681 -0.25800435936 0.0024356298906 -0.25800435936 0.37652415146 0.011219757474 0.0024356298906 0.011219757474 -0.0008545008318 
0.05588996266 -0.27817531368 0.029745026344 -0.27817531368 0.35024790184 0.0064398918741 0.029745026344 0.0064398918741 -0.0073362058246 
0.022374377448 -0.27557055017 0.059739309937 -0.27557055017 0.32179211009 0.0055886165256 0.059739309937 0.0055886165256 -0.019553916155 
0.038771810081 -0.28552323955 0.079938185502 -0.28552323955 0.3070112824 -0.0017017577224 0.079938185502 -0.0017017577224 -0.026961946287 
0.044959344563 -0.26147970255 0.08137747282 -0.26147970255 0.29895649088 -0.012444794146 0.08137747282 -0.012444794146 -0.026292221625 
0.11381741354 -0.20372474685 0.041227491873 -0.20372474685 0.31065905126 -0.046490797759 0.041227491873 -0.046490797759 0.002156060862 
0.31683663771 -0.073637968376 -0.029167506387 -0.073637968376 0.36274268839 -0.09935305011 -0.029167506387 -0.09935305011 0.036668634412 
0.64122450053 0.14893571973 -0.0068319801959 0.14893571973 0.49151155551 -0.096923014657 -0.0068319801959 -0.096923014657 0.031379980505 
0.82411867822 0.30249836631 0.18055445105 0.30249836631 0.61816377403 0.022603431507 0.18055445105 0.022603431507 0.062927454847 
0.88285682382 0.3714091456 0.29759849113 0.3714091456 0.66640856853 0.11360138785 0.29759849113 0.11360138785 0.10077571787 
0.14704592414 0.051765038209 -0.1341715137 0.051765038209 0.52300661971 -0.67156613674 -0.1341715137 -0.67156613674 0.89492789281 
0.085522592415 0.038617781959 -0.090742609846 0.038617781959 0.54033058078 -0.66618125718 -0.090742609846 -0.66618125718 0.84614001792 
0.13785135813 0.10397146367 -0.15296256422 0.10397146367 0.68151489749 -0.71710414472 -0.15296256422 -0.71710414472 0.80757736432 
0.41140034806 0.43510030458 -0.27296891401 0.43510030458 1.2497154825 -0.69121631483 -0.27296891401 -0.69121631483 0.43805760955 
0.56429735518 0.59159036466 -0.14831714932 0.59159036466 1.3924618131 -0.32641648669 -0.14831714932 -0.32641648669 0.10425101809 
0.5926935674 0.53145729091 0.035712249273 0.53145729091 1.0559942623 0.050753494586 0.035712249273 0.050753494586 0.02047030737 
0.62849695416 0.42283603072 0.12935117498 0.42283603072 0.70589569564 0.17494175554 0.12935117498 0.17494175554 0.059702169299 
0.57052252286 0.21538803541 0.18371752112 0.21538803541 0.35429101188 0.19674684641 0.18371752112 0.19674684641 0.1229989546 
0.52547115425 0.11465234708 0.17292655532 0.11465234708 0.26423268415 0.17583618235 0.17292655532 0.17583618235 0.13704840991 
0.511185529 0.063897507804 0.15774977785 0.063897507804 0.23962098772 0.15846761846 0.15774977785 0.15846761846 0.13189890662 
0.50203944129 0.018448191504 0.11486177031 0.018448191504 0.27411514175 0.14440307897 0.11486177031 0.14440307897 0.098419369275 
0.5204440549 -0.00086074968823 0.087059115038 -0.00086074968823 0.28429704112 0.12734747657 0.087059115038 0.12734747657 0.072297963624 
0.54239461379 -0.020482200125 0.056536906603 -0.020482200125 0.31410766703 0.1221907191 0.056536906603 0.1221907191 0.056360423202 
0.58095407478 -0.031036204972 0.016081823251 -0.031036204972 0.29063117528 0.08118257115 0.016081823251 0.08118257115 0.025046138211 
0.58469636341 -0.034249145933 0.018419596272 -0.034249145933 0.31144822136 0.092372104386 0.018419596272 0.092372104386 0.029895082002 
0.61413685656 -0.050079614514 -0.022550183278 -0.050079614514 0.31321827869 0.064291155954 -0.022550183278 0.064291155954 0.014562821986 
0.61685962533 -0.080055710242 -0.050847006765 -0.080055710242 0.33012257304 0.041388959148 -0.050847006765 0.041388959148 0.0083773683987 
0.49131298196 -0.1512224138 -0.046187764783 -0.1512224138 0.33601610013 0.035147895944 -0.046187764783 0.035147895944 0.0059738988519 
0.56231813968 -0.12694127894 -0.050069357519 -0.12694127894 0.34376892098 0.031046303488 -0.050069357519 0.031046303488 0.0058868526379 
0.46033224926 -0.17873233294 -0.034674372778 -0.17873233294 0.36816937269 0.02866290146 -0.034674372778 0.02866290146 0.0035492871303 
0.33500841726 -0.21835670904 -0.021092775337 -0.21835670904 0.39335826234 0.02943411118 -0.021092775337 0.02943411118 0.0024359623282 
0.22908556487 -0.24137752178 -0.014471698934 -0.24137752178 0.41594299324 0.025253869454 -0.014471698934 0.025253869454 0.0016141184213 
0.14491398069 -0.2540883434 -0.007183806073 -0.2540883434 0.41591274969 0.013798554049 -0.007183806073 0.013798554049 0.00051084203322 
0.11089289239 -0.2774074249 0.012469726406 -0.2774074249 0.39031354562 -0.00068369859158 0.012469726406 -0.00068369859158 -0.0014303998105 
0.052488189364 -0.29122768734 0.057209437796 -0.29122768734 0.32818186254 0.00061523732849 0.057209437796 0.00061523732849 -0.016016836776 
0.096679952321 -0.29802417301 0.042966541569 -0.29802417301 0.34808203009 -0.0084273875107 0.042966541569 -0.0084273875107 -0.0078146647707 
0.080862914837 -0.30467722411 0.076143724497 -0.30467722411 0.30979492575 -0.0091088949013 0.076143724497 -0.0091088949013 -0.020178317769 
0.067960028159 -0.29549692638 0.096512921446 -0.29549692638 0.28465579402 -0.01029262704 0.096512921446 -0.01029262704 -0.030320909072 
0.080987258983 -0.2661953957 0.087042831361 -0.2661953957 0.28104085585 -0.023583536737 0.087042831361 -0.023583536737 -0.02213818174 
0.17417461466 -0.20180733265 0.038092329527 -0.20180733265 0.29186284793 -0.060925853054 0.038092329527 -0.060925853054 0.012508302857 
0.39685717078 -0.058963425509 -0.0244267339 -0.058963425509 0.35797408455 -0.11213176377 -0.0244267339 -0.11213176377 0.04230329595 
0.67569980752 0.15107855807 0.021597137697 0.15107855807 0.50064546938 -0.093904873381 0.021597137697 -0.093904873381 0.031017413229 
0.81359846988 0.30487337364 0.29180545276 0.30487337364 0.64765290977 0.092887464756 0.29180545276 0.092887464756 0.10552947689 
0.063790149435 0.06844951019 -0.1030382791 0.06844951019 0.58686487215 -0.67568118162 -0.1030382791 -0.67568118162 0.78910329066 
0.2660957331 0.32896179749 -0.23378953166 0.32896179749 1.1148283549 -0.69208301021 -0.23378953166 -0.69208301021 0.4862898104 
0.44728444758 0.51754529388 -0.1389141743 0.51754529388 1.3142956378 -0.32617980517 -0.1389141743 -0.32617980517 0.11726968863 
0.51191044504 0.49226592545 0.029313861074 0.49226592545 1.0519255359 0.035090746416 0.029313861074 0.035090746416 0.021512924853 
0.53844933682 0.38134256492 0.13187376168 0.38134256492 0.67080926836 0.18678707631 0.13187376168 0.18678707631 0.062407935242 
0.52967813971 0.24849102942 0.17159355491 0.24849102942 0.41338060518 0.2047481857 0.17159355491 0.2047481857 0.11142218773 
0.50587198736 0.14186683692 0.17037745677 0.14186683692 0.29643261433 0.18846225015 0.17037745677 0.18846225015 0.13502036923 
0.4950951707 0.082351923679 0.15380261778 0.082351923679 0.27239679618 0.17476785624 0.15380261778 0.17476785624 0.13390474851 
0.49366653375 0.044879960347 0.13700130747 0.044879960347 0.26677636193 0.1596882215 0.13700130747 0.1596882215 0.12071627285 
0.48687730341 0.030043015525 0.11781480405 0.030043015525 0.29659270161 0.16198226661 0.11781480405 0.16198226661 0.10986211752 
0.50136103254 0.0022769042857 0.091397878217 0.0022769042857 0.31310330764 0.14830552619 0.091397878217 0.14830552619 0.086963968864 
0.51795851251 -0.020661295737 0.065929599136 -0.020661295737 0.34497552495 0.13585489791 0.065929599136 0.13585489791 0.064996263254 
0.56392207414 -0.032364644498 0.034581909385 -0.032364644498 0.34341169222 0.10573748252 0.034581909385 0.10573748252 0.037408438219 
0.6098362212 -0.044401357476 -0.0010510726938 -0.044401357476 0.34400572542 0.075162495435 -0.0010510726938 0.075162495435 0.017372994907 
0.63413416154 -0.057019304899 -0.027623321033 -0.057019304899 0.34657518791 0.047346770492 -0.027623321033 0.047346770492 0.0077750264679 
0.64041404426 -0.073772805659 -0.039253880982 -0.073772805659 0.35623124263 0.028282031711 -0.039253880982 0.028282031711 0.0043432529245 
0.61071078098 -0.10303810585 -0.044858401064 -0.10303810585 0.35623922867 0.02337853451 -0.044858401064 0.02337853451 0.0042552650663 
0.54399087116 -0.15436968204 -0.035353132269 -0.15436968204 0.38164352099 0.018959210211 -0.035353132269 0.018959210211 0.0026927709837 
0.43401588407 -0.20957216916 -0.022282728799 -0.20957216916 0.41238358524 0.022621510685 -0.022282728799 0.022621510685 0.0017139800777 
0.32284591423 -0.24393512521 -0.013837067427 -0.24393512521 0.43887007841 0.022148229353 -0.013837067427 0.022148229353 0.0011848886933 
0.22765707271 -0.26183734371 -0.0077320550764 -0.26183734371 0.45427366451 0.013687195478 -0.0077320550764 0.013687195478 0.00051080481173 
0.1735558586 -0.27796432399 0.0024315958466 -0.27796432399 0.43624266185 -0.0011129651963 0.0024315958466 -0.0011129651963 0.00019966716993 
0.15086284945 -0.29815885135 0.027506987021 -0.29815885135 0.38606471122 -0.01791007618 0.027506987021 -0.01791007618 -0.001132523131 
0.13737915514 -0.31222950275 0.062252439381 -0.31222950275 0.32833272531 -0.02188088291 0.062252439381 -0.02188088291 -0.0090456102291 
0.12344912349 -0.31367185328 0.099078305777 -0.31367185328 0.27434715207 -0.019230734952 0.099078305777 -0.019230734952 -0.023478597669 
0.097465037634 -0.29868526111 0.11087072586 -0.29868526111 0.25822339763 -0.018268918607 0.11087072586 -0.018268918607 -0.030778652105 
0.12430481827 -0.26627763565 0.092622521244 -0.26627763565 0.25366986176 -0.034566520402 0.092622521244 -0.034566520402 -0.015262233063 
0.26164751299 -0.18208503831 0.036697738941 -0.18208503831 0.27271245396 -0.081898262814 0.036697738941 -0.081898262814 0.027070980068 
0.55155617887 0.037183549548 0.014996685086 0.037183549548 0.41733776141 -0.11213172011 0.014996685086 -0.11213172011 0.040021815498 
0.74968667765 0.23584885494 0.16731144989 0.23584885494 0.59179593827 -0.005488431574 0.16731144989 -0.005488431574 0.064780149535 
0.74151577505 0.25731841432 0.26794486748 0.25731841432 0.61882778054 0.04437459423 0.26794486748 0.04437459423 0.1019199133 
0.036316663418 0.099714294959 -0.10823126138 0.099714294959 0.65987364455 -0.671020391 -0.10823126138 -0.671020391 0.69120483144 
0.061316101628 0.11746699221 -0.12680459026 0.11746699221 0.70480585883 -0.68280698003 -0.12680459026 -0.68280698003 0.68524949731 
0.11171386191 0.14071907152 -0.15730651446 0.14071907152 0.76492854794 -0.71296639609 -0.15730651446 -0.71296639609 0.70543273251 
0.35515924361 0.46167903992 -0.13556514777 0.46167903992 1.1983373052 -0.31388439982 -0.13556514777 -0.31388439982 0.12185020818 
0.43542630303 0.45005381607 0.021644690423 0.45005381607 0.97126835422 0.036533151074 0.021644690423 0.036533151074 0.022197657194 
0.45724706088 0.33707717309 0.12575494208 0.33707717309 0.62726549488 0.18891874108 0.12575494208 0.18891874108 0.067077671043 
0.47414427793 0.232034756 0.15808139965 0.232034756 0.40995679608 0.20553068156 0.15808139965 0.20553068156 0.1111464959 
0.48101149786 0.16003654071 0.16158798458 0.16003654071 0.32086997751 0.19634779972 0.16158798458 0.19634779972 0.13063507785 
0.46965718487 0.10286271168 0.14598334894 0.10286271168 0.29950350178 0.18906137109 0.14598334894 0.18906137109 0.13457301338 
0.44967714583 0.07915891699 0.12291190768 0.07915891699 0.33330818232 0.19869068434 0.12291190768 0.19869068434 0.13185990139 
0.47490805448 0.057319921296 0.12766264184 0.057319921296 0.30603579857 0.17975852268 0.12766264184 0.17975852268 0.12481083079 
0.47680625765 0.022647084206 0.10292089843 0.022647084206 0.33633141499 0.17367365159 0.10292089843 0.17367365159 0.10743339465 
0.48793695815 -0.0049443912057 0.080183862508 -0.0049443912057 0.36401920486 0.1582443101 0.080183862508 0.1582443101 0.083337098445 
0.52086249778 -0.023422306205 0.056586923922 -0.023422306205 0.38644688107 0.12147056491 0.056586923922 0.12147056491 0.047587966703 
0.57361005312 -0.033887324616 0.028942160387 -0.033887324616 0.3721526999 0.083313945214 0.028942160387 0.083313945214 0.022512841043 
0.61443734013 -0.041729312171 0.0025689656063 -0.041729312171 0.37296781108 0.052848245531 0.0025689656063 0.052848245531 0.0083783774793 
0.64371715805 -0.055428409496 -0.017377211939 -0.055428409496 0.37526943538 0.026011912911 -0.017377211939 0.026011912911 0.0026351987355 
0.61304843642 -0.11739200383 -0.032304546206 -0.11739200383 0.38356699712 0.010471797725 -0.032304546206 0.010471797725 0.0019004781156 
0.64480304612 -0.083579219639 -0.0282403762 -0.083579219639 0.38050257986 0.011304982136 -0.0282403762 0.011304982136 0.0016642814621 
0.59514986614 -0.14655455863 -0.023932742146 -0.14655455863 0.41005329053 0.0061796084731 -0.023932742146 0.0061796084731 0.001129524803 
0.52562560844 -0.19125476332 -0.018601937722 -0.19125476332 0.42993537434 0.011293005718 -0.018601937722 0.011293005718 0.00088930668862 
0.4295385925 -0.23967750142 -0.012472425453 -0.23967750142 0.46190801281 0.016058905473 -0.012472425453 0.016058905473 0.00070948574808 
0.32744563459 -0.26686360819 -0.0058558795423 -0.26686360819 0.48213540769 0.0096162968302 -0.0058558795423 0.0096162968302 0.00036433490978 
0.25002452496 -0.28116836084 0.0050073970985 -0.28116836084 0.47394930715 -0.0089314922484 0.0050073970985 -0.0089314922484 0.00063082322206 
0.20433632576 -0.29204966282 0.018523068947 -0.29204966282 0.42880320448 -0.024436302682 0.018523068947 -0.024436302682 0.0018023508497 
0.20015072856 -0.30714804754 0.04435386608 -0.30714804754 0.37007860146 -0.039540107811 0.04435386608 -0.039540107811 0.0022146706838 
0.1926326062 -0.3148287223 0.078021051741 -0.3148287223 0.29738232459 -0.037899653911 0.078021051741 -0.037899653911 -0.0051883967509 
0.14013912781 -0.30864797313 0.12650683962 -0.30864797313 0.22720796748 -0.022297432758 0.12650683962 -0.022297432758 -0.030236637168 
0.12273456589 -0.29535594566 0.12346354559 -0.29535594566 0.22782815118 -0.024051384085 0.12346354559 -0.024051384085 -0.029775980262 
0.16034191201 -0.26949994375 0.10926176728 -0.26949994375 0.21530578569 -0.04003412058 0.10926176728 -0.04003412058 -0.011861793 
0.25728878235 -0.21253498162 0.079061189156 -0.21253498162 0.20742824244 -0.071606939254 0.079061189156 -0.071606939254 0.022062876728 
0.47106650748 -0.042166217699 0.036582779684 -0.042166217699 0.31766841862 -0.11779036864 0.036582779684 -0.11779036864 0.052219364301 
0.66966977662 0.18021228249 0.1533015175 0.18021228249 0.51861804735 -0.05247498309 0.1533015175 -0.05247498309 0.075134404493 
0.65133743265 0.23025857738 0.26457301691 0.23025857738 0.58889796357 0.013613084905 0.26457301691 0.013613084905 0.12130524516 
0.015869475503 0.13988961501 -0.12175503369 0.13988961501 0.74971872261 -0.66222651762 -0.12175503369 -0.66222651762 0.58512730521 
0.12009944908 0.24390198449 -0.1775106207 0.24390198449 0.94594821723 -0.63474689851 -0.1775106207 -0.63474689851 0.45031505341 
0.21771072289 0.33956995463 -0.2065255502 0.33956995463 1.1008833855 -0.59394249585 -0.2065255502 -0.59394249585 0.35626799337 
0.3012829498 0.43249872295 -0.11829394956 0.43249872295 1.0844508222 -0.25725686525 -0.11829394956 -0.25725686525 0.092340602811 
0.36990289626 0.41212805353 0.010088922949 0.41212805353 0.87113917418 0.032581682216 0.010088922949 0.032581682216 0.020069248437 
0.39969632265 0.30916615966 0.1073380245 0.30916615966 0.57659481666 0.18069659808 0.1073380245 0.18069659808 0.064250432778 
0.41516026596 0.21152017183 0.14049174441 0.21152017183 0.40128508059 0.20566574769 0.14049174441 0.20566574769 0.11115018952 
0.39395181809 0.13958509798 0.12108993926 0.13958509798 0.35849328818 0.20886275946 0.12108993926 0.20886275946 0.12671421111 
0.43970734636 0.13522624184 0.14146351068 0.13522624184 0.33156867997 0.20191362759 0.14146351068 0.20191362759 0.13231287935 
0.45492017634 0.04395824954 0.10441453248 0.04395824954 0.35696076686 0.19365258804 0.10441453248 0.19365258804 0.11966713165 
0.42551111202 0.061696672471 0.10309799066 0.061696672471 0.37280456163 0.20702853226 0.10309799066 0.20702853226 0.12653155643 
0.45937078654 0.013121162463 0.086634230318 0.013121162463 0.38777252406 0.1836195142 0.086634230318 0.1836195142 0.10136166734 
0.47546678034 -0.0096861950385 0.070851347542 -0.0096861950385 0.41570695586 0.15923030195 0.070851347542 0.15923030195 0.073656793212 
0.50854550452 -0.019381834854 0.054240273699 -0.019381834854 0.43504704977 0.11616553538 0.054240273699 0.11616553538 0.039353269194 
0.56354935272 -0.029259320151 0.035802564131 -0.029259320151 0.40924097732 0.071642278344 0.035802564131 0.071642278344 0.017078236037 
0.61299340729 -0.03746165689 0.013736890368 -0.03746165689 0.40318980542 0.029318026059 0.013736890368 0.029318026059 0.003684399015 
0.64107774208 -0.056269095449 -0.0018940942775 -0.056269095449 0.40046449263 0.0029087637966 -0.0018940942775 0.0029087637966 0.00046602402313 
0.63416960043 -0.10206478116 -0.010310095099 -0.10206478116 0.41222684591 -0.0052270141972 -0.010310095099 -0.0052270141972 0.00067080742736 
0.59124349906 -0.15682591498 -0.0031509113019 -0.15682591498 0.44338396289 -0.0077243804432 -0.0031509113019 -0.0077243804432 0.00058068981923 
0.51389677987 -0.21420239373 0.0031070620202 -0.21420239373 0.48177091865 -0.0039722459154 0.0031070620202 -0.0039722459154 0.0005052861692 
0.41898152 -0.26303667273 0.00065904511545 -0.26303667273 0.50644061302 -0.0002286629068 0.00065904511545 -0.0002286629068 0.00023103344811 
0.34325545788 -0.28665506387 0.013089546046 -0.28665506387 0.49693167004 -0.024619668915 0.013089546046 -0.024619668915 0.0020835608416 
0.25888441305 -0.2947682694 0.028548073015 -0.2947682694 0.43896186575 -0.043638871764 0.028548073015 -0.043638871764 0.0050020716778 
0.26471427918 -0.30559151214 0.054759378075 -0.30559151214 0.35975301129 -0.060261222523 0.054759378075 -0.060261222523 0.0095541684293 
0.2578740209 -0.3112894737 0.085855926072 -0.3112894737 0.26865946789 -0.048915446559 0.085855926072 -0.048915446559 0.0012189184506 
0.19195775725 -0.31342360384 0.11043916241 -0.31342360384 0.23830945721 -0.030313850865 0.11043916241 -0.030313850865 -0.018143519362 
0.15427545456 -0.29536776553 0.14151775872 -0.29536776553 0.19029807704 -0.025213686689 0.14151775872 -0.025213686689 -0.030535409791 
0.18291662654 -0.27147266119 0.13907947408 -0.27147266119 0.16040080379 -0.032262056919 0.13907947408 -0.032262056919 -0.01851589992 
0.24346543434 -0.22601308924 0.12113462235 -0.22601308924 0.13676994918 -0.051704159806 0.12113462235 -0.051704159806 0.011696029061 
0.383777596 -0.11860166634 0.0632646344 -0.11860166634 0.21989660921 -0.10832130024 0.0632646344 -0.10832130024 0.055716099743 
0.57096350013 0.072852251882 0.087198681565 0.072852251882 0.37781901496 -0.11916935612 0.087198681565 -0.11916935612 0.068956179575 
0.59721058552 0.19615329248 0.20777086784 0.19615329248 0.55121960766 -0.036314057919 0.20777086784 -0.036314057919 0.105587064 
0.52251584997 0.1562038073 0.26330312221 0.1562038073 0.61959258949 0.023850946624 0.26330312221 0.023850946624 0.14314309962 
-0.022874821409 0.1513524185 -0.11147703421 0.1513524185 0.77154656081 -0.62190108416 -0.11147703421 -0.62190108416 0.50015170398 
0.011849859518 0.17151237494 -0.12754428733 0.17151237494 0.7984863942 -0.62415222873 -0.12754428733 -0.62415222873 0.49310270467 
0.052791564767 0.17693492758 -0.14130687118 0.17693492758 0.80933146072 -0.64281826194 -0.14130687118 -0.64281826194 0.52858904474 
0.22069144707 0.3750857222 -0.14229276021 0.3750857222 1.0291135403 -0.35565634912 -0.14229276021 -0.35565634912 0.15100153544 
0.31163617795 0.37836686232 -0.014403215251 0.37836686232 0.80806190912 -0.0036614591471 -0.014403215251 -0.0036614591471 0.020338886697 
0.34942289053 0.28132899295 0.080932321205 0.28132899295 0.54105872921 0.16381607637 0.080932321205 0.16381607637 0.056453878785 
0.37279025545 0.19885292294 0.1140759057 0.19885292294 0.40687993626 0.20158121208 0.1140759057 0.20158121208 0.10203810122 
0.35294463728 0.13050066602 0.095553460863 0.13050066602 0.39121468276 0.20987158633 0.095553460863 0.20987158633 0.11515877641 
0.41287479262 0.093535344566 0.11428519144 0.093535344566 0.35826131437 0.21021646643 0.11428519144 0.21021646643 0.1325850518 
0.37543325526 0.1008626778 0.10097304896 0.1008626778 0.382067469 0.21543316233 0.10097304896 0.21543316233 0.12721577947 
0.38057222425 0.066651116792 0.091567700404 0.066651116792 0.41025807272 0.21347844227 0.091567700404 0.21347844227 0.1203358348 
0.36998961263 0.042847976199 0.0814729194 0.042847976199 0.4624008134 0.20333789066 0.0814729194 0.20333789066 0.10071638199 
0.42133835429 0.034035102641 0.087828674091 0.034035102641 0.41911664382 0.20036738496 0.087828674091 0.20036738496 0.10859933353 
0.43716201841 0.0077237659938 0.079104195004 0.0077237659938 0.43734708279 0.18125241302 0.079104195004 0.18125241302 0.088778410888 
0.44493128869 -0.0030234954889 0.070982588077 -0.0030234954889 0.46584301529 0.14830194498 0.070982588077 0.14830194498 0.059811695842 
0.47527419156 -0.0044675888252 0.061680486579 -0.0044675888252 0.47358241087 0.093031167855 0.061680486579 0.093031167855 0.028563627318 
0.53709600912 -0.017598511943 0.045997396592 -0.017598511943 0.44547023527 0.068778398045 0.045997396592 0.068778398045 0.016188264805 
0.5757981941 -0.020058544056 0.03500944248 -0.020058544056 0.43288782484 0.029343600862 0.03500944248 0.029343600862 0.0052933643783 
0.61421785242 -0.029220828316 0.022624688733 -0.029220828316 0.42145952681 -0.0021282790403 0.022624688733 -0.0021282790403 0.0013467546573 
0.63007842594 -0.058259050122 0.015756890835 -0.058259050122 0.4244693761 -0.020200137979 0.015756890835 -0.020200137979 0.0016173715586 
0.61088966361 -0.10362885879 0.01987160135 -0.10362885879 0.44552413843 -0.027384771986 0.01987160135 -0.027384771986 0.0025032497207 
0.56856691763 -0.15832035347 0.026858418614 -0.15832035347 0.48164930704 -0.029470335219 0.026858418614 -0.029470335219 0.002987850975 
0.51927144796 -0.20327110435 0.034870217321 -0.20327110435 0.51820733593 -0.035253727444 0.034870217321 -0.035253727444 0.0040730595506 
0.46806400678 -0.24294265414 0.019805969655 -0.24294265414 0.52079532079 -0.019697409691 0.019805969655 -0.019697409691 0.0013665918599 
0.42219574994 -0.26823417765 0.025847365344 -0.26823417765 0.52482386445 -0.036472231788 0.025847365344 -0.036472231788 0.0036727567967 
0.39994811609 -0.27572918911 0.039423000098 -0.27572918911 0.48829047997 -0.068731423167 0.039423000098 -0.068731423167 0.010884389264 
0.32359583024 -0.29297783217 0.039974699734 -0.29297783217 0.44461317876 -0.066559254145 0.039974699734 -0.066559254145 0.011039462214 
0.32749603428 -0.28602965631 0.061141011028 -0.28602965631 0.36688359432 -0.087338735477 0.061141011028 -0.087338735477 0.02256372153 
0.31648106133 -0.29882069468 0.07285670841 -0.29882069468 0.2955461763 -0.071467323969 0.07285670841 -0.071467323969 0.017534784292 
0.26518272199 -0.3082517903 0.11430353287 -0.3082517903 0.20851359538 -0.035963654224 0.11430353287 -0.035963654224 -0.013131425286 
0.33349368562 -0.29672611398 0.089896419367 -0.29672611398 0.23484106344 -0.060580863418 0.089896419367 -0.060580863418 0.011847190642 
0.19636049954 -0.30471846126 0.13794770972 -0.30471846126 0.19057971581 -0.025132539364 0.13794770972 -0.025132539364 -0.02913008162 
0.19592520133 -0.28910298365 0.15696430913 -0.28910298365 0.15047750723 -0.019727357424 0.15696430913 -0.019727357424 -0.036456575844 
0.20731781066 -0.26106619285 0.16304730956 -0.26106619285 0.10796866142 -0.017029654294 0.16304730956 -0.017029654294 -0.031745597983 
0.23899598034 -0.21868257548 0.14845511756 -0.21868257548 0.084556756145 -0.032378527048 0.14845511756 -0.032378527048 0.00059810717225 
0.32234227933 -0.14477510934 0.099395382729 -0.14477510934 0.14112036898 -0.087242398724 0.099395382729 -0.087242398724 0.05498139699 
0.46485041478 -0.015710421614 0.077074658901 -0.015710421614 0.27787100874 -0.13345393908 0.077074658901 -0.13345393908 0.078115528499 
0.55390943009 0.12854863287 0.13602475735 0.12854863287 0.45656641253 -0.10608749517 0.13602475735 -0.10608749517 0.086045035168 
0.48698321202 0.12364572718 0.21530103781 0.12364572718 0.62701367259 -0.015641740764 0.21530103781 -0.015641740764 0.11694311237 
0.40596586387 0.047863773594 0.24818204655 0.047863773594 0.67735234442 0.041640490121 0.24818204655 0.041640490121 0.15301560263 
-0.096689019001 0.13461657961 -0.093800393097 0.13461657961 0.5893352172 -0.53919581874 -0.093800393097 -0.53919581874 0.48655718689 
-0.057266504442 0.16178926512 -0.10690473486 0.16178926512 0.72776961177 -0.55592396674 -0.10690473486 -0.55592396674 0.4265100224 
-0.0086837065425 0.19564000964 -0.12042795164 0.19564000964 0.81847990504 -0.5528093981 -0.12042795164 -0.5528093981 0.38001913919 
0.053821561586 0.24243581482 -0.13660957673 0.24243581482 0.89344732043 -0.52006606104 -0.13660957673 -0.52006606104 0.31030354587 
0.13072930727 0.300766454 -0.14895867518 0.300766454 0.95293032186 -0.45663603437 -0.14895867518 -0.45663603437 0.24142945296 
0.22580293156 0.33733656973 -0.051373674652 0.33733656973 0.80548192535 -0.09834783157 -0.051373674652 -0.09834783157 0.038898847759 
0.29205962669 0.24552931711 0.049065957493 0.24552931711 0.53109443816 0.13695745277 0.049065957493 0.13695745277 0.04520913454 
0.32992683702 0.17408150899 0.083225108064 0.17408150899 0.42097370069 0.19400529209 0.083225108064 0.19400529209 0.090525321659 
0.30283178843 0.11189587961 0.07220772003 0.11189587961 0.42958989993 0.20523707883 0.07220772003 0.20523707883 0.099958082139 
0.27215571137 0.14108648719 0.062381780321 0.14108648719 0.43812632883 0.18870706331 0.062381780321 0.18870706331 0.081869066087 
0.33525019626 0.08784010869 0.083909444651 0.08784010869 0.42439239525 0.21510560882 0.083909444651 0.21510560882 0.11448245456 
0.32850044836 0.060100400055 0.076347418968 0.060100400055 0.46958315752 0.20653370836 0.076347418968 0.20653370836 0.099339819418 
0.39135611191 0.020134623134 0.076458713708 0.020134623134 0.48232975695 0.17681578072 0.076458713708 0.17681578072 0.078396488087 
0.34629338491 0.025798480238 0.073677985588 0.025798480238 0.54144548602 0.14532934552 0.073677985588 0.14532934552 0.053057906225 
0.40917519713 0.010981518947 0.071892477756 0.010981518947 0.5121694584 0.11493818499 0.071892477756 0.11493818499 0.039938505139 
0.52349269266 -0.0025419646845 0.051794200693 -0.0025419646845 0.46393828096 0.034150091583 0.051794200693 0.034150091583 0.0090718431147 
0.57703272358 -0.0047757738632 0.040537904621 -0.0047757738632 0.44695160502 -0.013820637607 0.040537904621 -0.013820637607 0.0042527003976 
0.61102096791 -0.025372575853 0.033011421342 -0.025372575853 0.43467551187 -0.029906372557 0.033011421342 -0.029906372557 0.0041180607883 
0.593256453 -0.0095389429023 0.045565564181 -0.0095389429023 0.44263148927 -0.051842781376 0.045565564181 -0.051842781376 0.0099115625172 
0.60617397733 -0.051936542486 0.037925913999 -0.051936542486 0.44457215516 -0.044395780784 0.037925913999 -0.044395780784 0.0066705635497 
0.57269559645 -0.098046967723 0.049772885527 -0.098046967723 0.47712275222 -0.050801465856 0.049772885527 -0.050801465856 0.008810118248 
0.53376122968 -0.14912895404 0.058208901705 -0.14912895404 0.51705541978 -0.056379199445 0.058208901705 -0.056379199445 0.010328276963 
0.46926146902 -0.23370083721 0.046584447557 -0.23370083721 0.5402900201 -0.054586548754 0.046584447557 -0.054586548754 0.0076041455139 
0.44813878748 -0.24812120713 0.055742044525 -0.24812120713 0.52601009662 -0.080470685539 0.055742044525 -0.080470685539 0.014006690197 
0.44643965641 -0.25760422464 0.061443538033 -0.25760422464 0.46568492396 -0.10533585697 0.061443538033 -0.10533585697 0.024964573682 
0.38767617707 -0.2735828716 0.059538116631 -0.2735828716 0.40937608811 -0.098469504612 0.059538116631 -0.098469504612 0.025272704936 
0.38231819424 -0.27949886245 0.075129559344 -0.27949886245 0.30452834988 -0.09530825212 0.075129559344 -0.09530825212 0.031775995166 
0.40719164455 -0.28988749859 0.086287991609 -0.28988749859 0.23060147859 -0.073290901334 0.086287991609 -0.073290901334 0.024035616669 
0.26148115881 -0.30281932047 0.14011636543 -0.30281932047 0.16864798765 -0.022858401671 0.14011636543 -0.022858401671 -0.031507469727 
0.343157955 -0.30536095108 0.11104451188 -0.30536095108 0.19182382656 -0.040261145773 0.11104451188 -0.040261145773 -0.0069369224004 
0.24777511789 -0.29026086033 0.16329929425 -0.29026086033 0.13229759237 -0.0095500478039 0.16329929425 -0.0095500478039 -0.051033791462 
0.24006514411 -0.26653058068 0.17279104703 -0.26653058068 0.10071129714 -0.010618562651 0.17279104703 -0.010618562651 -0.043338991234 
0.26896547255 -0.1882317696 0.13711854031 -0.1882317696 0.12004586062 -0.065852539161 0.13711854031 -0.065852539161 0.030406803622 
0.37122857445 -0.067123410629 0.089156641618 -0.067123410629 0.22961391269 -0.13107308116 0.089156641618 -0.13107308116 0.084558424758 
0.4446363011 0.056714959219 0.12674415907 0.056714959219 0.50408467501 -0.1154604008 0.12674415907 -0.1154604008 0.088127537648 
0.38527670543 0.051166455014 0.20758047909 0.051166455014 0.69671681736 -0.0022495282049 0.20758047909 -0.0022495282049 0.1224317328 
0.31236050091 -0.014949488774 0.21093661401 -0.014949488774 0.69494053135 0.022549880212 0.21093661401 0.022549880212 0.14479346315 
0.26625636574 -0.091168296342 0.1703794105 -0.091168296342 0.73459974744 0.01677637273 0.1703794105 0.01677637273 0.11845341856 
-0.10744268807 0.15088797102 -0.11867881932 0.15088797102 0.51648615495 -0.50819684149 -0.11867881932 -0.50819684149 0.49526620323 
-0.082052592404 0.16714465681 -0.11066341548 0.16714465681 0.6545890365 -0.49866173301 -0.11066341548 -0.49866173301 0.39364753199 
-0.030500063237 0.20908897755 -0.10958154059 0.20908897755 0.79740419944 -0.44911277475 -0.10958154059 -0.44911277475 0.26459719981 
0.036203133344 0.25401960546 -0.10460736469 0.25401960546 0.85531407918 -0.37220295367 -0.10460736469 -0.37220295367 0.17173900744 
0.12217838587 0.30565441897 -0.099931204258 0.30565441897 0.87758105756 -0.28415883886 -0.099931204258 -0.28415883886 0.10591800779 
0.16717905423 0.28647760264 -0.025959679518 0.28647760264 0.71508217401 -0.04643340516 -0.025959679518 -0.04643340516 0.013529064068 
0.21148976784 0.23584515709 0.027206616693 0.23584515709 0.56905630003 0.093235335747 0.027206616693 0.093235335747 0.022441204492 
0.23156051018 0.16384402157 0.051212600557 0.16384402157 0.46053339332 0.16418966831 0.051212600557 0.16418966831 0.060259164852 
0.2074375583 0.11252453304 0.045427719153 0.11252453304 0.45750655066 0.17311645943 0.045427719153 0.17311645943 0.066088905578 
0.24514254711 0.095677475227 0.052206097616 0.095677475227 0.46637143259 0.18781657392 0.052206097616 0.18781657392 0.077222519503 
0.2779983585 0.076252946306 0.064309800098 0.076252946306 0.47991556053 0.19796316057 0.064309800098 0.19796316057 0.086887248499 
0.28313284994 0.057769461635 0.068242098441 0.057769461635 0.51629939831 0.19024927616 0.068242098441 0.19024927616 0.078692322398 
0.32293515264 0.041577260909 0.074563256315 0.041577260909 0.5188590832 0.18244068884 0.074563256315 0.18244068884 0.076472240422 
0.3737797569 0.024286394648 0.067707881349 0.024286394648 0.54451246456 0.089781549588 0.067707881349 0.089781549588 0.027776826808 
0.45160413566 0.011020701189 0.068395714632 0.011020701189 0.49547149445 0.055993035977 0.068395714632 0.055993035977 0.018121397984 
0.42368249459 0.021313948832 0.065490805122 0.021313948832 0.518292724 0.043896058472 0.065490805122 0.043896058472 0.015230024188 
0.49661338216 0.01674885157 0.057928554738 0.01674885157 0.48196432567 -0.0017432636139 0.057928554738 -0.0017432636139 0.0080837209706 
0.56231291562 0.01829863455 0.047372589691 0.01829863455 0.45097946172 -0.048761497533 0.047372589691 -0.048761497533 0.01068009285 
0.5677573502 0.00784192178 0.057432980187 0.00784192178 0.45236831661 -0.075221060553 0.057432980187 -0.075221060553 0.018828977818 
0.56933027365 -0.04032512767 0.060389611953 -0.04032512767 0.46690815657 -0.06723850433 0.060389611953 -0.06723850433 0.015390633396 
0.52938325988 -0.091889930771 0.074864197714 -0.091889930771 0.51559104992 -0.072905744874 0.074864197714 -0.072905744874 0.018156737821 
0.50255862692 -0.15219405877 0.079429051584 -0.15219405877 0.55647907393 -0.080129873719 0.079429051584 -0.080129873719 0.018928290479 
0.50146476471 -0.19157877532 0.061732695538 -0.19157877532 0.54354230999 -0.066084577318 0.061732695538 -0.066084577318 0.011844640784 
0.48588017304 -0.23859673032 0.074078054124 -0.23859673032 0.52073192299 -0.1148852012 0.074078054124 -0.1148852012 0.027369625933 
0.4854280001 -0.21218457667 0.07341962479 -0.21218457667 0.56605942584 -0.090340999215 0.07341962479 -0.090340999215 0.0186585407 
0.49373521673 -0.25121195826 0.072529543041 -0.25121195826 0.44335175347 -0.12759400727 0.072529543041 -0.12759400727 0.037839473162 
0.44899897346 -0.26553833486 0.070594370597 -0.26553833486 0.37868498587 -0.11810786587 0.070594370597 -0.11810786587 0.0386046394 
0.4648318843 -0.26521822533 0.077151173658 -0.26521822533 0.28203187538 -0.10825665369 0.077151173658 -0.10825665369 0.045004505874 
0.42935651 -0.32725769527 0.10193304734 -0.32725769527 0.21172594982 -0.048357736429 0.10193304734 -0.048357736429 0.0016209987436 
0.33094781421 -0.31624030058 0.13590967763 -0.31624030058 0.17075489302 -0.020792799318 0.13590967763 -0.020792799318 -0.034680637356 
0.30969858484 -0.32277745138 0.15963781011 -0.32277745138 0.16048428249 -0.0059365072863 0.15963781011 -0.0059365072863 -0.063155341431 
0.29615589601 -0.35017260709 0.16651233244 -0.35017260709 0.2057814603 -0.01272187299 0.16651233244 -0.01272187299 -0.059981225264 
0.26073333068 -0.28760928037 0.12868029043 -0.28760928037 0.32765256221 -0.096297532882 0.12868029043 -0.096297532882 0.019725287741 
0.33573925646 -0.084052017815 0.091564892087 -0.084052017815 0.34425223967 -0.16156450331 0.091564892087 -0.16156450331 0.08871700283 
0.36047011563 -0.037216751753 0.10252999768 -0.037216751753 0.63471943222 -0.15066068859 0.10252999768 -0.15066068859 0.067201133074 
0.36867683248 0.046874924492 0.163758783 0.046874924492 0.70227035561 -0.06790953093 0.163758783 -0.06790953093 0.089933908745 
0.33756073939 -0.064242628669 0.11848337806 -0.064242628669 0.80097691167 -0.03915121821 0.11848337806 -0.03915121821 0.056609174682 
0.30076175573 -0.017400971016 0.18108948933 -0.017400971016 0.74476300505 -0.0060678018652 0.18108948933 -0.0060678018652 0.1131361692 
-0.12552566294 0.15779136483 -0.15552850926 0.15779136483 0.39447321999 -0.45548168117 -0.15552850926 -0.45548168117 0.5250390424 
-0.10261613343 0.17621406866 -0.1279841908 0.17621406866 0.57569711032 -0.426988006 -0.1279841908 -0.426988006 0.34909984435 
-0.060382641604 0.20601728398 -0.1010018313 0.20601728398 0.74834454346 -0.37085990038 -0.1010018313 -0.37085990038 0.19107278717 
-0.01490180752 0.20996760294 -0.060025200928 0.20996760294 0.74761945775 -0.20031763479 -0.060025200928 -0.20031763479 0.068685346347 
0.086207998575 0.25778023572 -0.041182894781 0.25778023572 0.73739851187 -0.11900177189 -0.041182894781 -0.11900177189 0.029818481981 
0.018162967432 0.16382845127 0.00080353238619 0.16382845127 0.56596557617 0.024247469089 0.00080353238619 0.024247469089 0.0095187427364 
0.12495445532 0.20341349654 0.014202940603 0.20341349654 0.56821584931 0.055872713282 0.014202940603 0.055872713282 0.012954563278 
0.16253092388 0.14498256495 0.040030544101 0.14498256495 0.47274774219 0.14169699501 0.040030544101 0.14169699501 0.044405120188 
0.069918520329 0.11847030646 0.029967159174 0.11847030646 0.47377971607 0.12010878712 0.029967159174 0.12010878712 0.032146761106 
0.1194340965 0.093710449448 0.035966539248 0.093710449448 0.46904634516 0.15123837988 0.035966539248 0.15123837988 0.049384963451 
0.16997077491 0.082592340067 0.038598969235 0.082592340067 0.48939401059 0.16027476004 0.038598969235 0.16027476004 0.053910497169 
0.21143117912 0.073075981743 0.045219923681 0.073075981743 0.51105354834 0.16814762849 0.045219923681 0.16814762849 0.058224043725 
0.2344274102 0.061030930961 0.054674468035 0.061030930961 0.53649441799 0.17261829771 0.054674468035 0.17261829771 0.061843931755 
0.25929879445 0.051622696401 0.06328607551 0.051622696401 0.56202816632 0.16198979554 0.06328607551 0.16198979554 0.056636097557 
0.28466083194 0.041341358945 0.06746615345 0.041341358945 0.57340094233 0.14030338236 0.06746615345 0.14030338236 0.047098470735 
0.31326703494 0.036048501221 0.068090934587 0.036048501221 0.57409699088 0.096155301557 0.068090934587 0.096155301557 0.030129640734 
0.37388058758 0.031465345546 0.06459948751 0.031465345546 0.55413183714 0.036725564088 0.06459948751 0.036725564088 0.014151705761 
0.44278204247 0.027673518185 0.060151031655 0.027673518185 0.51823133259 -0.0096549646742 0.060151031655 -0.0096549646742 0.0093975164035 
0.51231757925 0.034057698603 0.052708907447 0.034057698603 0.47262827016 -0.048621277481 0.052708907447 -0.048621277481 0.012412361517 
0.56010686058 0.033946704873 0.050929597649 0.033946704873 0.45044349518 -0.079186577049 0.050929597649 -0.079186577049 0.019990762465 
0.55690771849 0.013269444751 0.064221442591 0.013269444751 0.47069721474 -0.090077217519 0.064221442591 -0.090077217519 0.025389613177 
0.52976762325 -0.035084184046 0.078657276051 -0.035084184046 0.50792403777 -0.086140109916 0.078657276051 -0.086140109916 0.025011741655 
0.50134817896 -0.11233540429 0.090493365326 -0.11233540429 0.57867992276 -0.088264122174 0.090493365326 -0.088264122174 0.024901115908 
0.5035274906 -0.185375687 0.088169713784 -0.185375687 0.6144341511 -0.097792961405 0.088169713784 -0.097792961405 0.023436540117 
0.52551699632 -0.23432074352 0.083154667681 -0.23432074352 0.58649833923 -0.11778114289 0.083154667681 -0.11778114289 0.027510742346 
0.55648852887 -0.26019642319 0.076355947456 -0.26019642319 0.50135904954 -0.13497319356 0.076355947456 -0.13497319356 0.037835078508 
0.54975449201 -0.26591094407 0.070614567474 -0.26591094407 0.37941199114 -0.13280057781 0.070614567474 -0.13280057781 0.049308430687 
0.55145409463 -0.28426428092 0.072377413796 -0.28426428092 0.28625052089 -0.11160984274 0.072377413796 -0.11160984274 0.050051431792 
0.47326615038 -0.29125551316 0.084877926589 -0.29125551316 0.23240062588 -0.08325388254 0.084877926589 -0.08325388254 0.033745184241 
0.53730018652 -0.35864219031 0.081292007989 -0.35864219031 0.2919457566 -0.082693466384 0.081292007989 -0.082693466384 0.029576839999 
0.40139812275 -0.3695127581 0.12504223736 -0.3695127581 0.22805209838 -0.024346902819 0.12504223736 -0.024346902819 -0.033503325448 
0.36808541366 -0.40530329642 0.14217148765 -0.40530329642 0.27051519042 -0.012996593655 0.14217148765 -0.012996593655 -0.060069225177 
0.28622815627 -0.4735858361 0.12389655604 -0.4735858361 0.48164724623 -0.0067535486954 0.12389655604 -0.0067535486954 -0.059213371546 
0.25958274194 -0.23351544882 0.055251838645 -0.23351544882 0.65867314626 -0.1298768622 0.055251838645 -0.1298768622 0.045287099395 
0.32564456789 -0.14331114823 0.089678057145 -0.14331114823 0.74509679186 0.093802246086 0.089678057145 0.093802246086 0.095042134756 
0.23768721198 -0.16202538367 0.012972814799 -0.16202538367 0.82930327153 0.059638161289 0.012972814799 0.059638161289 0.064728954732 
0.21805680544 -0.11103640983 0.0025722831551 -0.11103640983 0.67491236766 0.21115548584 0.0025722831551 0.21115548584 0.13508873841 
0.33314920106 -0.18411938824 0.076679338461 -0.18411938824 0.68926257917 0.13803372056 0.076679338461 0.13803372056 0.11511785672 
-0.12568174258 0.17510939632 -0.17564811172 0.17510939632 0.40983009603 -0.41807961049 -0.17564811172 -0.41807961049 0.44831040678 
-0.12472302817 0.17744611858 -0.11633792672 0.17744611858 0.60760222113 -0.31708122058 -0.11633792672 -0.31708122058 0.18120852454 
-0.084386234039 0.17567026671 -0.072851004604 0.17567026671 0.66948344614 -0.21178911055 -0.072851004604 -0.21178911055 0.081420642082 
-0.057481264801 0.14994069625 -0.022743285248 0.14994069625 0.60885159977 -0.03659420013 -0.022743285248 -0.03659420013 0.0043035666943 
-0.067365807134 0.099359200773 -0.00595963828 0.099359200773 0.47898417445 0.06464269779 -0.00595963828 0.06464269779 0.0081688837394 
-0.019493639474 0.087298673332 0.01341867526 0.087298673332 0.45948040739 0.11203210622 0.01341867526 0.11203210622 0.026977160966 
0.034128197577 0.073157209053 0.022996433053 0.073157209053 0.47211538805 0.1355717559 0.022996433053 0.1355717559 0.03916673154 
0.088343668112 0.066240863524 0.027042820043 0.066240863524 0.50179360701 0.1387535642 0.027042820043 0.1387535642 0.039584400931 
0.13904238151 0.062411154252 0.031879466122 0.062411154252 0.52878405198 0.14048900392 0.031879466122 0.14048900392 0.039415067077 
0.17816564365 0.057820866259 0.039661071054 0.057820866259 0.5544898846 0.14642979841 0.039661071054 0.14642979841 0.042550650257 
0.20486264657 0.052005019884 0.048523468142 0.052005019884 0.58379818602 0.14361510365 0.048523468142 0.14361510365 0.042285001712 
0.22873629077 0.046349840463 0.055153686129 0.046349840463 0.60751211928 0.12663389026 0.055153686129 0.12663389026 0.0361151695 
0.25665951544 0.039049766504 0.058540672437 0.039049766504 0.61292634044 0.09760191053 0.058540672437 0.09760191053 0.027078399708 
0.31163220444 0.03219295 0.059411660957 0.03219295 0.60037402488 0.049042292575 0.059411660957 0.049042292575 0.015426520682 
0.39563114629 0.018511017741 0.054247856893 0.018511017741 0.57365286034 -0.0078891592667 0.054247856893 -0.0078891592667 0.0088802492926 
0.48151546605 0.027597164432 0.049276756003 0.027597164432 0.50990699439 -0.052091009651 0.049276756003 -0.052091009651 0.012098921434 
0.54712746193 0.032379285919 0.044727761223 0.032379285919 0.4734431016 -0.082344632246 0.044727761223 -0.082344632246 0.019336717519 
0.58203800477 0.0078609495575 0.054129796565 0.0078609495575 0.49370328579 -0.098604935586 0.054129796565 -0.098604935586 0.025223742416 
0.54544205068 -0.028784845822 0.078314676589 -0.028784845822 0.54361910236 -0.098002862488 0.078314676589 -0.098002862488 0.027900184939 
0.51072111743 -0.095773056614 0.0934511074 -0.095773056614 0.61832335302 -0.090579701276 0.0934511074 -0.090579701276 0.026517176302 
0.52324747383 -0.18924004542 0.091256968819 -0.18924004542 0.69417405796 -0.086142365764 0.091256968819 -0.086142365764 0.021488109378 
0.57684406444 -0.26259942395 0.079637356628 -0.26259942395 0.69422765956 -0.09914508345 0.079637356628 -0.09914508345 0.019650059055 
0.63556614024 -0.31214878217 0.064178500466 -0.31214878217 0.63971495141 -0.11790362083 0.064178500466 -0.11790362083 0.025270042867 
0.68698297911 -0.34283003666 0.04475266195 -0.34283003666 0.54349827403 -0.12682744987 0.04475266195 -0.12682744987 0.036595170129 
0.70105898615 -0.34860508638 0.033314057103 -0.34860508638 0.41798763451 -0.11819607629 0.033314057103 -0.11819607629 0.048251509147 
0.66479566856 -0.40928458205 0.033747505194 -0.40928458205 0.41950348415 -0.093891179317 0.033747505194 -0.093891179317 0.041165404362 
0.50026889012 -0.42864592315 0.088622405789 -0.42864592315 0.3253732581 -0.042647838322 0.088622405789 -0.042647838322 -0.0051852738136 
0.44437718045 -0.49202427664 0.095733825771 -0.49202427664 0.41100191286 -0.011140051799 0.095733825771 -0.011140051799 -0.03762184543 
0.35829527647 -0.50602656549 0.10927620304 -0.50602656549 0.47692977606 0.0070535064988 0.10927620304 0.0070535064988 -0.062640095003 
0.18111009574 -0.42782309302 0.044044759298 -0.42782309302 0.76975085926 0.027723260639 0.044044759298 0.027723260639 -0.0058737998528 
0.084511732874 -0.24093711119 -0.024058126439 -0.24093711119 0.87060032811 0.22402804033 -0.024058126439 0.22402804033 0.10136828185 
0.034962814073 0.023381893617 0.017773428878 0.023381893617 0.35252191661 0.30595707681 0.017773428878 0.30595707681 0.26204989972 
0.29311201112 -0.14292563969 -0.014379188711 -0.14292563969 0.55043034289 0.27162944192 -0.014379188711 0.27162944192 0.16925406526 
-0.12122896028 0.16119196742 -0.19880945591 0.16119196742 0.25830514798 -0.38647142769 -0.19880945591 -0.38647142769 0.57801209288 
-0.04024103589 0.16906329532 -0.2285751514 0.16906329532 0.16492762596 -0.32981402928 -0.2285751514 -0.32981402928 0.60241561946 
-0.095846193638 0.18241373576 -0.20630619009 0.18241373576 0.28030888698 -0.37359736586 -0.20630619009 -0.37359736586 0.51462242761 
-0.13451070997 0.12858675554 -0.058135878808 0.12858675554 0.56859844615 -0.10931828704 -0.058135878808 -0.10931828704 0.023092688838 
-0.10752658029 0.10828900326 -0.032480855512 0.10828900326 0.5295015529 -0.010354674975 -0.032480855512 -0.010354674975 4.4925739613e-05 
-0.12260106562 0.055036115986 -0.024685488501 0.055036115986 0.43113636451 0.081549104559 -0.024685488501 0.081549104559 0.0081030950773 
-0.085686828193 0.053021579431 -0.0087678775546 0.053021579431 0.44336568937 0.11486830252 -0.0087678775546 0.11486830252 0.024834387757 
-0.041395057454 0.050380437114 0.0040319033762 0.050380437114 0.4732012655 0.13160738775 0.0040319033762 0.13160738775 0.034506300298 
0.011610320869 0.044698570869 0.012197134058 0.044698570869 0.51185891717 0.13271132917 0.012197134058 0.13271132917 0.0344829918 
0.12455294838 0.041095692694 0.026122391136 0.041095692694 0.57575709762 0.12290526147 0.026122391136 0.12290526147 0.028935452572 
0.16169515645 0.043867823439 0.035056536754 0.043867823439 0.59538175728 0.12682276046 0.035056536754 0.12682276046 0.031403827138 
0.17716641691 0.037881452376 0.03891253624 0.037881452376 0.62933707376 0.11753817413 0.03891253624 0.11753817413 0.028078154326 
0.20215093141 0.023485647111 0.041984563944 0.023485647111 0.66516054849 0.09899409767 0.041984563944 0.09899409767 0.022331435729 
0.25835091516 0.014748673509 0.049085620076 0.014748673509 0.66352251424 0.068353028195 0.049085620076 0.068353028195 0.016272754257 
0.32506164429 0.0051866003484 0.050231521074 0.0051866003484 0.64117570681 0.025204262642 0.050231521074 0.025204262642 0.0094391089471 
0.40615153466 -0.048122638354 0.032792455147 -0.048122638354 0.67511214621 0.0015074602117 0.032792455147 0.0015074602117 0.0050007082583 
0.48698293323 -0.019721096298 0.035209947136 -0.019721096298 0.58201787888 -0.049158561339 0.035209947136 -0.049158561339 0.0085497391515 
0.53951752361 0.0073395055725 0.037397894801 0.0073395055725 0.51628416798 -0.08014925986 0.037397894801 -0.08014925986 0.015754487527 
0.60678678775 -0.019719193222 0.031858777289 -0.019719193222 0.52972422506 -0.096242913386 0.031858777289 -0.096242913386 0.019640361084 
0.66796640025 -0.1139776558 0.028295347126 -0.1139776558 0.65394811565 -0.075871258537 0.028295347126 -0.075871258537 0.013772852529 
0.60534208929 -0.076902938748 0.064940814539 -0.076902938748 0.61718081264 -0.091024005399 0.064940814539 -0.091024005399 0.020391714083 
0.59273504243 -0.15405655538 0.073043560064 -0.15405655538 0.71924092765 -0.067972908025 0.073043560064 -0.067972908025 0.016283512571 
0.58785913323 -0.2525683571 0.066406063695 -0.2525683571 0.82833439426 -0.034276505219 0.066406063695 -0.034276505219 0.013049336329 
0.69792032532 -0.39210620599 0.00056317424184 -0.39210620599 0.9093543614 0.025642913477 0.00056317424184 0.025642913477 0.01659515194 
0.7515097375 -0.43623477619 -0.016309485602 -0.43623477619 0.85919993811 -0.0066421963416 -0.016309485602 -0.0066421963416 0.015735029758 
0.84078274481 -0.50646718096 -0.097354648156 -0.50646718096 0.82031644697 0.022857920092 -0.097354648156 0.022857920092 0.042560440605 
0.85680583918 -0.56337334991 -0.19254884565 -0.56337334991 0.78998667405 0.093596949651 -0.19254884565 0.093596949651 0.10117778212 
0.80668394276 -0.52812854611 -0.076515280959 -0.52812854611 0.63182159356 -0.025818513434 -0.076515280959 -0.025818513434 0.05010480549 
0.68680496348 -0.60489050596 -0.23194033533 -0.60489050596 0.81994992107 0.22744273203 -0.23194033533 0.22744273203 0.17854187805 
0.67563073361 -0.51047011069 0.0081950813347 -0.51047011069 0.49470765997 -0.051673176347 0.0081950813347 -0.051673176347 0.028505497063 
0.58428215067 -0.54254949235 0.027425849125 -0.54254949235 0.53670623357 -0.025476731795 0.027425849125 -0.025476731795 0.010074469663 
0.48750983599 -0.59612381672 0.012458402694 -0.59612381672 0.65490441737 0.04205689581 0.012458402694 0.04205689581 -0.0097154378992 
0.29587633973 -0.55881913057 -0.024394799289 -0.55881913057 0.83750346776 0.19783855941 -0.024394799289 0.19783855941 0.017981626446 
0.18606691437 -0.50494101769 0.0050350097003 -0.50494101769 0.87459375814 0.18025187336 0.0050350097003 0.18025187336 -0.0040125491012 
0.053255814229 -0.33746764202 -0.052510494204 -0.33746764202 0.88108851695 0.43171896121 -0.052510494204 0.43171896121 0.19620965928 
0.017805827381 -0.31303171064 -0.03615729333 -0.31303171064 0.95531492921 0.34627231086 -0.03615729333 0.34627231086 0.10760827779 
-0.029380628004 -0.19081314727 -0.003752365124 -0.19081314727 0.74897997242 0.43559630904 -0.003752365124 0.43559630904 0.24236199055 
-0.060274952836 -0.071069881957 0.014314213756 -0.071069881957 0.60088485256 0.41441093552 0.014314213756 0.41441093552 0.2703883615 
-0.092728105008 -0.0082135243971 0.085510979352 -0.0082135243971 0.29728951862 0.34414592957 0.085510979352 0.34414592957 0.31592322811 
0.017239519098 -0.049606142734 -0.00031951789461 -0.049606142734 0.58554362098 0.33911759094 -0.00031951789461 0.33911759094 0.21142995613 
-0.073732869547 0.024268118506 0.089722691582 0.024268118506 0.30583108533 0.31364799885 0.089722691582 0.31364799885 0.27016762291 
-0.097710061582 0.012982892208 0.12487368242 0.012982892208 0.19227910698 0.26732934687 0.12487368242 0.26732934687 0.25584069052 
0.11311561191 0.13728210757 -0.27827794702 0.13728210757 0.15508470931 -0.28527670011 -0.27827794702 -0.28527670011 0.58417485417 
0.012136169471 0.20250814239 -0.21705292864 0.20250814239 0.27211859015 -0.33797207871 -0.21705292864 -0.33797207871 0.44805083379 
-0.10545408256 0.20473789863 -0.15806744223 0.20473789863 0.47651250748 -0.35154218765 -0.15806744223 -0.35154218765 0.28342382555 
-0.0089578909226 0.19103548044 -0.10978905295 0.19103548044 0.43045125078 -0.20594621752 -0.10978905295 -0.20594621752 0.13467765898 
-0.13872212051 0.16036841649 -0.079867864365 0.16036841649 0.56231630966 -0.1879081385 -0.079867864365 -0.1879081385 0.068078164182 
-0.13981818437 0.09429222396 -0.034364430983 0.09429222396 0.45197447575 -0.038079367285 -0.034364430983 -0.038079367285 0.0048646630178 
-0.14323975633 0.065717140013 -0.032160958611 0.065717140013 0.44184886401 0.026236754807 -0.032160958611 0.026236754807 -0.0024489807177 
-0.12539142882 0.00066803489741 -0.031167799975 0.00066803489741 0.44143896604 0.13134147312 -0.031167799975 0.13134147312 0.032174564066 
-0.091190889276 0.0059057639677 -0.018605428552 0.0059057639677 0.48301861201 0.14337145985 -0.018605428552 0.14337145985 0.038367252098 
-0.049098146507 0.0080836280811 -0.0075699574155 0.0080836280811 0.52751480795 0.14502216145 -0.0075699574155 0.14502216145 0.038099957497 
0.0057152963988 -0.00081086094645 -0.00030109177199 -0.00081086094645 0.57312385719 0.13995670581 -0.00030109177199 0.13995670581 0.034260424732 
0.069756164061 0.035751290035 0.016737219386 0.035751290035 0.55250464357 0.12361070788 0.016737219386 0.12361070788 0.028982328214 
0.055099267161 -0.012674022702 0.0028856867956 -0.012674022702 0.61016983186 0.12699108346 0.0028856867956 0.12699108346 0.027152703516 
0.097073049224 0.0072780511677 0.013027115849 0.0072780511677 0.61679430588 0.11422785492 0.013027115849 0.11422785492 0.022750814873 
0.13220981675 0.025498714497 0.025337215982 0.025498714497 0.63178426696 0.11291824636 0.025337215982 0.11291824636 0.023604663197 
0.15061717333 0.0039048625709 0.024825349313 0.0039048625709 0.68840185813 0.10673367932 0.024825349313 0.10673367932 0.020558515321 
0.1786014746 -0.045516065739 0.016224779794 -0.045516065739 0.77341426077 0.12748255201 0.016224779794 0.12748255201 0.025358693709 
0.22300531321 -0.022380893723 0.031799554203 -0.022380893723 0.73851134981 0.097574634812 0.031799554203 0.097574634812 0.019193296107 
0.31090631002 -0.061287504854 0.026174456882 -0.061287504854 0.75221466011 0.069792269192 0.026174456882 0.069792269192 0.012139298914 
0.61510597797 -0.086568252346 0.0053658331172 -0.086568252346 0.61756360517 -0.062754952296 0.0053658331172 -0.062754952296 0.0096983732472 
0.7363348976 -0.18837441632 -0.03798352436 -0.18837441632 0.72254779566 -0.03128008025 -0.03798352436 -0.03128008025 0.011928536169 
0.72779069484 -0.28541795123 -0.02289080505 -0.28541795123 0.88168512492 0.05247047382 -0.02289080505 0.05247047382 0.026355611514 
0.76932245117 -0.40743635178 -0.084193049781 -0.40743635178 1.0080284076 0.15751096712 -0.084193049781 0.15751096712 0.053038231394 
0.79852845838 -0.50830896372 -0.15547924546 -0.50830896372 1.0819298215 0.26092736743 -0.15547924546 0.26092736743 0.097344805503 
0.89037886662 -0.5723596063 -0.35210309737 -0.5723596063 1.0443236338 0.43329667236 -0.35210309737 0.43329667236 0.27347730257 
0.89002359127 -0.57461466399 -0.18998180733 -0.57461466399 1.039929269 0.21452966136 -0.18998180733 0.21452966136 0.076817377891 
0.9038549002 -0.60520623868 -0.37226511622 -0.60520623868 1.0073495432 0.37737505652 -0.37226511622 0.37737505652 0.24934005955 
0.82622997395 -0.58421604006 -0.46289535524 -0.58421604006 0.95673677764 0.45177602892 -0.46289535524 0.45177602892 0.38936687353 
0.77305461543 -0.65115496121 -0.39242534552 -0.65115496121 0.94872637363 0.36172872437 -0.39242534552 0.36172872437 0.26976415426 
0.632941638 -0.50533849198 -0.52237890712 -0.50533849198 0.88977724173 0.57375449157 -0.52237890712 0.57375449157 0.59706589084 
0.56566345454 -0.62377323751 -0.19579522185 -0.62377323751 0.87479711235 0.25536000389 -0.19579522185 0.25536000389 0.15575486635 
0.41857852893 -0.60516028856 -0.16376733968 -0.60516028856 0.92567828261 0.30943573897 -0.16376733968 0.30943573897 0.15657563232 
0.27962193165 -0.56685756508 -0.14939668955 -0.56685756508 0.99325955248 0.3669788442 -0.14939668955 0.3669788442 0.14388026233 
0.087663939197 -0.2957840244 -0.18821917064 -0.2957840244 0.68027058483 0.54796980829 -0.18821917064 0.54796980829 0.49941356878 
0.049241501755 -0.31479531701 -0.11926233149 -0.31479531701 0.79528371369 0.51895296026 -0.11926233149 0.51895296026 0.34764229571 
-0.062305122146 -0.090726238908 -0.042160129289 -0.090726238908 0.27561033987 0.40044388926 -0.042160129289 0.40044388926 0.51975301622 
-0.038345063696 -0.091375537596 -0.080459059633 -0.091375537596 0.20076988512 0.36633514843 -0.080459059633 0.36633514843 0.59847687921 
-0.084319599939 -0.058075139065 0.036361454773 -0.058075139065 0.37545839208 0.42186653155 0.036361454773 0.42186653155 0.39727523092 
-0.097055228556 -0.050142421719 0.035020219771 -0.050142421719 0.16012703169 0.30521047114 0.035020219771 0.30521047114 0.4304838384 
-0.073121142196 -0.075808761492 -0.039847576221 -0.075808761492 0.1189002554 0.28838293165 -0.039847576221 0.28838293165 0.53091662067 
-0.10303855568 -0.010879136563 0.10652295783 -0.010879136563 0.18376299427 0.29245992223 0.10652295783 0.29245992223 0.3175182328 
0.0012766653327 0.057809109458 -0.026290839277 0.057809109458 0.37362608664 -0.0065462847814 -0.026290839277 -0.0065462847814 0.011469700849 
-0.072773141716 -0.030417751688 -0.028171801811 -0.030417751688 0.37517931656 0.079176797064 -0.028171801811 0.079176797064 0.019424828618 
-0.1436331277 0.0080232402944 -0.032753361331 0.0080232402944 0.4070793931 0.094024746712 -0.032753361331 0.094024746712 0.015620222614 
-0.035777926784 -0.09234194593 -0.047226736428 -0.09234194593 0.55209944434 0.20393022871 -0.047226736428 0.20393022871 0.077626640087 
0.042493623661 -0.086280262823 -0.025231063354 -0.086280262823 0.662599579 0.18267684435 -0.025231063354 0.18267684435 0.051979036192 
0.10403108784 -0.076689486472 -0.014385574703 -0.076689486472 0.68369256152 0.14707579589 -0.014385574703 0.14707579589 0.033520051632 
0.12361717592 -0.033012119831 0.0065304569527 -0.033012119831 0.69066750645 0.11777901275 0.0065304569527 0.11777901275 0.02173068802 
0.17483306358 -0.1043853676 -0.018746381719 -0.1043853676 0.7955026722 0.1754179726 -0.018746381719 0.1754179726 0.043884307678 
0.27058173621 -0.15671893539 -0.03002305427 -0.15671893539 0.8991112966 0.22704602177 -0.03002305427 0.22704602177 0.06808870014 
0.38874236023 -0.21734052572 -0.064095619292 -0.21734052572 0.9310496209 0.23528403133 -0.064095619292 0.23528403133 0.070392106526 
0.50119216229 -0.21535324637 -0.068424366489 -0.21535324637 0.87001184328 0.15605640364 -0.068424366489 0.15605640364 0.044153136685 
0.58841403819 -0.17183674852 -0.045719436307 -0.17183674852 0.75738244524 0.038659280564 -0.045719436307 0.038659280564 0.01883268001 
0.75965275233 -0.29324113936 -0.15729979166 -0.29324113936 0.85367091217 0.11228431186 -0.15729979166 0.11228431186 0.057159548031 
0.85791911946 -0.40421458816 -0.28986003652 -0.40421458816 0.99085674925 0.28834467216 -0.28986003652 0.28834467216 0.15531293534 
0.82338015049 -0.36637474096 -0.16210510958 -0.36637474096 0.95885590255 0.19088730516 -0.16210510958 0.19088730516 0.088727658072 
0.8673119674 -0.48618174402 -0.37971672869 -0.48618174402 1.0319528986 0.5107363526 -0.37971672869 0.5107363526 0.3553140326 
0.89021224583 -0.52170491843 -0.41613743597 -0.52170491843 1.0431049435 0.53861796173 -0.41613743597 0.53861796173 0.38440526402 
0.8799930901 -0.5033851864 -0.55543713804 -0.5033851864 0.91580542204 0.64680706499 -0.55543713804 0.64680706499 0.60307966812 
0.74850278274 -0.33546189421 -0.66239809557 -0.33546189421 0.63269494227 0.64313617263 -0.66239809557 0.64313617263 0.94897846732 
0.89606496924 -0.56351312098 -0.5514973546 -0.56351312098 0.96014033201 0.60021263644 -0.5514973546 0.60021263644 0.50881485786 
0.66446676307 -0.27682012819 -0.67256867461 -0.27682012819 0.54782475554 0.62228098096 -0.67256867461 0.62228098096 1.0358034661 
0.57910423416 -0.24452923557 -0.65722299901 -0.24452923557 0.45824640946 0.5932012869 -0.65722299901 0.5932012869 1.0771521922 
0.50894218053 -0.12559180193 -0.63452437139 -0.12559180193 0.32402728517 0.5045831781 -0.63452437139 0.5045831781 1.2044667237 
0.80586098977 -0.48882349165 -0.64736263547 -0.48882349165 0.82728076563 0.67575486704 -0.64736263547 0.67575486704 0.72367580486 
0.70134261418 -0.43125282748 -0.63383324269 -0.43125282748 0.74622482405 0.64771610313 -0.63383324269 0.64771610313 0.79241057632 
0.46182904734 -0.13597748871 -0.60656691118 -0.13597748871 0.30170349614 0.4917366803 -0.60656691118 0.4917366803 1.1714124945 
0.49107396045 -0.29900469404 -0.57552554974 -0.29900469404 0.60346724096 0.62071004091 -0.57552554974 0.62071004091 0.93616228105 
0.47236575647 -0.20745588455 -0.60557375742 -0.20745588455 0.40073828425 0.56935510204 -0.60557375742 0.56935510204 1.0960212908 
0.30217561562 -0.18246977203 -0.45251477256 -0.18246977203 0.45341374243 0.55910085634 -0.45251477256 0.55910085634 0.98057237276 
0.39693161425 -0.37824372247 -0.44492155751 -0.37824372247 0.75772384484 0.61466950513 -0.44492155751 0.61466950513 0.71722056601 
0.32372646309 -0.40054207966 -0.34527313069 -0.40054207966 0.79326052977 0.57150121947 -0.34527313069 0.57150121947 0.58580873064 
0.21273690493 -0.36242167272 -0.25601915557 -0.36242167272 0.78381749444 0.57085858097 -0.25601915557 0.57085858097 0.52306825509 
0.31515104531 -0.13954500592 -0.4880833495 -0.13954500592 0.31440767165 0.4992508756 -0.4880833495 0.4992508756 1.0819836549 
0.16573342617 -0.10395567571 -0.31712059492 -0.10395567571 0.30879159369 0.46244326134 -0.31712059492 0.46244326134 0.93641972112 
0.11008795664 -0.11065388822 -0.25028618651 -0.11065388822 0.32987603428 0.47017384863 -0.25028618651 0.47017384863 0.84286416221 
0.045436523169 -0.09728736469 -0.16697715519 -0.09728736469 0.30659800666 0.44987883211 -0.16697715519 0.44987883211 0.74691303044 
0.011885859929 -0.10690001109 -0.13197856183 -0.10690001109 0.31156278008 0.45469478663 -0.13197856183 0.45469478663 0.67544441326 
0.1807280665 -0.082728077238 -0.34259942798 -0.082728077238 0.22646773174 0.40883715388 -0.34259942798 0.40883715388 0.99575689889 
0.093373167742 -0.066311210382 -0.23814832026 -0.066311210382 0.15867104451 0.34324813721 -0.23814832026 0.34324813721 0.88037030762 
0.026866893879 -0.05821627305 -0.14102387186 -0.05821627305 0.12972997183 0.30988301661 -0.14102387186 0.30988301661 0.74639244153 
-0.025489113621 -0.066974257116 -0.081691274684 -0.066974257116 0.11955886956 0.30042995964 -0.081691274684 0.30042995964 0.63612549392 
0.20602084225 0.04680869624 -0.33871645587 0.04680869624 0.20435664601 -0.16430651607 -0.33871645587 -0.16430651607 0.6437468246 
0.20263785982 0.14211277581 -0.27755308129 0.14211277581 0.25501694132 -0.24981847376 -0.27755308129 -0.24981847376 0.42487083435 
0.26247982283 0.078919798763 -0.21435170209 0.078919798763 0.31526582224 -0.070509336696 -0.21435170209 -0.070509336696 0.20369384453 
0.23612927987 -0.076582089205 -0.16854968746 -0.076582089205 0.29434672726 0.12240616673 -0.16854968746 0.12240616673 0.15320853726 
-0.072621328035 -0.098272524939 -0.058131349273 -0.098272524939 0.42697832659 0.16754103121 -0.058131349273 0.16754103121 0.067382595411 
-0.062550167276 -0.10618568745 -0.063559816375 -0.10618568745 0.49423483253 0.20754972064 -0.063559816375 0.20754972064 0.089478149017 
-0.0088246005531 -0.080867146738 -0.031857140797 -0.080867146738 0.60971441659 0.19234907693 -0.031857140797 0.19234907693 0.061920227321 
0.12913410074 -0.20771415995 -0.1457694397 -0.20771415995 0.6529025816 0.3515470241 -0.1457694397 0.3515470241 0.22702641403 
0.18581170044 -0.21754435897 -0.1580795734 -0.21754435897 0.71764155733 0.37437855259 -0.1580795734 0.37437855259 0.24616601078 
0.19162455165 -0.17436359773 -0.072502634757 -0.17436359773 0.78536621867 0.24715472899 -0.072502634757 0.24715472899 0.091618228885 
0.24960079931 -0.20531458819 -0.083562045379 -0.20531458819 0.91284571788 0.32153710749 -0.083562045379 0.32153710749 0.1294307401 
0.34217401849 -0.2837634393 -0.23063777353 -0.2837634393 0.89822627994 0.55282564412 -0.23063777353 0.55282564412 0.40912568795 
0.39561396385 -0.29065682355 -0.18498849526 -0.29065682355 0.95994775272 0.46370197457 -0.18498849526 0.46370197457 0.27239410636 
0.51572913949 -0.31903720181 -0.26248337139 -0.31903720181 0.94612984598 0.49182004154 -0.26248337139 0.49182004154 0.33158594163 
0.66776915805 -0.33762888823 -0.31614860257 -0.33762888823 0.93768977719 0.40713853574 -0.31614860257 0.40713853574 0.29634004431 
0.74477177113 -0.35604174966 -0.46735125937 -0.35604174966 0.94971469952 0.51205841509 -0.46735125937 0.51205841509 0.482535041 
0.72470387302 -0.31583759806 -0.53764703095 -0.31583759806 0.88589628165 0.61804494612 -0.53764703095 0.61804494612 0.7071814074 
0.8058457207 -0.38811838881 -0.5118130651 -0.38811838881 0.90478970585 0.62596803431 -0.5118130651 0.62596803431 0.62822648432 
0.51350044818 -0.073733328221 -0.51211219958 -0.073733328221 0.50510938784 0.57734151639 -0.51211219958 0.57734151639 1.1788696688 
0.5499624435 -0.087947240921 -0.55059010795 -0.087947240921 0.41156325311 0.53516485244 -0.55059010795 0.53516485244 1.2030941877 
0.73329374204 -0.2994997346 -0.60921540724 -0.2994997346 0.65902343864 0.67720050662 -0.60921540724 0.67720050662 0.95903183449 
0.56462951266 -0.079906045601 -0.60101859498 -0.079906045601 0.31993257491 0.5112905917 -0.60101859498 0.5112905917 1.2690730361 
0.41633672247 0.051370534571 -0.46766065286 0.051370534571 0.23071602218 0.36351957406 -0.46766065286 0.36351957406 1.3173938978 
0.74034834471 -0.28403490572 -0.6332889151 -0.28403490572 0.63249954546 0.64968351609 -0.6332889151 0.64968351609 0.98383932179 
0.54777688778 -0.065450026694 -0.61964904948 -0.065450026694 0.31787491269 0.49735701516 -0.61964904948 0.49735701516 1.2823191486 
0.66584675432 -0.19856650801 -0.66210790355 -0.19856650801 0.46847500577 0.59448514541 -0.66210790355 0.59448514541 1.1369871704 
0.58008063618 -0.11215215027 -0.65701901009 -0.11215215027 0.32223533551 0.51218201514 -0.65701901009 0.51218201514 1.2471079413 
0.55322309037 -0.12419477501 -0.65499180131 -0.12419477501 0.36237100614 0.53603529947 -0.65499180131 0.53603529947 1.2283373368 
0.27293870214 0.045900595405 -0.3634490846 0.045900595405 0.25408226764 -0.096377045783 -0.3634490846 -0.096377045783 0.55729166644 
0.17975821204 0.025288135676 -0.36322047191 0.025288135676 0.23132452738 -0.018493629459 -0.36322047191 -0.018493629459 0.75783031773 
0.21634329894 0.01307512553 -0.38544863276 0.01307512553 0.16890287739 0.093825611016 -0.38544863276 0.093825611016 0.78631706629 
0.31101394619 -0.003742822918 -0.36154273953 -0.003742822918 0.23454135022 0.06416636985 -0.36154273953 0.06416636985 0.52744189573 
0.1518999873 -0.17249879995 -0.18327647278 -0.17249879995 0.32667798598 0.22914314296 -0.18327647278 0.22914314296 0.22455698096 
0.10446672262 -0.21375000494 -0.19868149459 -0.21375000494 0.39739061618 0.3103615871 -0.19868149459 0.3103615871 0.28756497284 
0.098426781336 -0.22032025269 -0.1829914271 -0.22032025269 0.48376616183 0.34435246222 -0.1829914271 0.34435246222 0.28535100654 
0.11687735123 -0.21210287945 -0.16004712667 -0.21210287945 0.5714796089 0.3440968656 -0.16004712667 0.3440968656 0.24602768942 
0.29357074709 -0.26199552971 -0.2679736808 -0.26199552971 0.73394356078 0.52046292134 -0.2679736808 0.52046292134 0.44437481344 
0.28624249899 -0.24722790625 -0.1934497069 -0.24722790625 0.83017963343 0.4439241351 -0.1934497069 0.4439241351 0.3062057343 
0.32724609019 -0.25456103742 -0.30621442759 -0.25456103742 0.76445516462 0.61504704481 -0.30621442759 0.61504704481 0.6098903074 
0.39682126228 -0.22794656825 -0.37039928862 -0.22794656825 0.66758071419 0.66130939747 -0.37039928862 0.66130939747 0.83743204524 
0.30442955439 -0.14412012462 -0.34665740731 -0.14412012462 0.51227833797 0.62858761561 -0.34665740731 0.62858761561 1.0021498584 
0.35046447162 -0.10174562241 -0.41488970928 -0.10174562241 0.41856809943 0.63584624395 -0.41488970928 0.63584624395 1.1744066473 
0.37943900211 -0.06458172909 -0.44046452468 -0.06458172909 0.43951720451 0.62137221013 -0.44046452468 0.62137221013 1.2118201029 
0.47538012308 -0.21327724018 -0.42887393353 -0.21327724018 0.67320005601 0.65199013798 -0.42887393353 0.65199013798 0.88202003763 
0.51181984964 -0.17311575473 -0.48311287921 -0.17311575473 0.68580524574 0.63094213128 -0.48311287921 0.63094213128 0.9501330143 
0.3575630477 0.0082499117267 -0.42293178231 0.0082499117267 0.42575955769 0.55741829086 -0.42293178231 0.55741829086 1.2734596377 
0.47903345385 -0.088317679612 -0.50234713671 -0.088317679612 0.60112473589 0.60938132767 -0.50234713671 0.60938132767 1.1214293776 
0.35024993572 0.069539310591 -0.39381323788 0.069539310591 0.3293619831 0.44609810633 -0.39381323788 0.44609810633 1.3197098085 
0.38570081553 0.072891350359 -0.42332135188 0.072891350359 0.26208745333 0.3809858882 -0.42332135188 0.3809858882 1.3216785909 
0.29088503308 -0.085328531417 -0.35412429122 -0.085328531417 0.19202585429 0.19566920044 -0.35412429122 0.19566920044 0.56544268433 
0.22204383717 -0.038784070181 -0.38878403989 -0.038784070181 0.11732596458 0.18985589815 -0.38878403989 0.18985589815 0.82152875681 
0.20512335125 -0.09422878654 -0.38263263325 -0.09422878654 0.12406000453 0.27820332668 -0.38263263325 0.27820332668 0.84668013864 
0.23712528604 -0.14901316163 -0.34882168297 -0.14901316163 0.19810215509 0.28949464958 -0.34882168297 0.28949464958 0.6288791263 
0.18732189527 -0.12163879576 -0.36835792396 -0.12163879576 0.16499658605 0.35294312825 -0.36835792396 0.35294312825 0.87488946563 
0.19893399758 -0.18520148593 -0.33259370315 -0.18520148593 0.25941101523 0.3655291482 -0.33259370315 0.3655291482 0.65443202706 
0.16697441129 -0.12907017873 -0.35286362449 -0.12907017873 0.19671797012 0.40062298833 -0.35286362449 0.40062298833 0.91436645058 
0.18943393157 -0.1856937495 -0.31777088208 -0.1856937495 0.32215801799 0.41807262012 -0.31777088208 0.41807262012 0.70011847171 
0.16776982309 -0.11691345949 -0.33743319493 -0.11691345949 0.23901219986 0.44237754642 -0.33743319493 0.44237754642 0.95129902593 
0.20143134646 -0.19321724107 -0.29539662902 -0.19321724107 0.4225812907 0.46146592063 -0.29539662902 0.46146592063 0.67695121283 
0.16392899956 -0.10300642396 -0.3222929629 -0.10300642396 0.26630454094 0.47899576134 -0.3222929629 0.47899576134 1.0138897173 
0.19428277577 -0.18420565863 -0.28276540695 -0.18420565863 0.46936201972 0.50058818102 -0.28276540695 0.50058818102 0.7283149504 
0.15856177781 -0.073460377982 -0.2976613685 -0.073460377982 0.27493820705 0.49442071545 -0.2976613685 0.49442071545 1.0874823778 
0.21953175521 -0.1589652882 -0.29954171313 -0.1589652882 0.48054156722 0.53983599352 -0.29954171313 0.53983599352 0.83226393606 
0.16211200046 -0.03676235779 -0.27222392294 -0.03676235779 0.28171412393 0.49643235574 -0.27222392294 0.49643235574 1.1504044057 
0.25536678043 -0.14270879489 -0.31741760272 -0.14270879489 0.50416547949 0.5837506513 -0.31741760272 0.5837506513 0.91468601688 
0.1672224454 0.0025307467829 -0.24356163711 0.0025307467829 0.28397969331 0.48684392666 -0.24356163711 0.48684392666 1.2044145131 
0.23858702811 -0.070045994408 -0.3075434302 -0.070045994408 0.4065876962 0.57057016213 -0.3075434302 0.57057016213 1.100244236 
0.2028864559 -0.0015394330933 -0.26994332489 -0.0015394330933 0.29117707646 0.50391945584 -0.26994332489 0.50391945584 1.2297977925 
0.27936618882 -0.070115775546 -0.35445871008 -0.070115775546 0.35445353584 0.58557866933 -0.35445871008 0.58557866933 1.1989523893 

Principal_Strains 3 1000 double
0.98741522579 -0.0026083651141 -0.33605470223 0.96704727451 -0.00059707704697 -0.34234286261 1.0523821527 0.026595278189 -0.33547732689 
1.0700330726 0.039233626187 -0.24780918383 0.96000499048 -0.0013961682379 -0.18686396366 0.93113233009 0.0002088463113 -0.29024346483 
0.99150111514 0.014774805149 -0.31741911898 1.113942225 0.023936283535 -0.30547709101 1.1715147101 0.031216137579 -0.27194648166 
1.1827516431 0.034268867356 -0.16020615187 1.0172448679 0.034567108686 -0.079730870001 0.91659757598 -4.2481467789e-06 -0.05780325577 
1.0767191764 0.071970190564 -0.01670435386 0.96024059548 0.032382674238 0.0023302369024 0.99234338902 0.097477485195 0.037527083767 
0.88570298694 0.097373840586 0.00012475453179 0.86065861929 0.015103397269 -0.15705336981 0.81101236037 3.6904245096e-05 -0.10159191408 
0.84260291119 0.0130099303 -0.013909135698 0.80951595218 -1.7199573604e-05 -0.18434034731 0.96186974539 0.023050830376 -0.22527892024 
0.96294901421 0.026836181361 -0.15184063995 0.99294490555 0.035189250348 -0.213504633 0.87231399725 0.0012762609905 -0.23536971078 
0.97108441768 0.019505853728 -0.27640804868 1.0482802135 0.037513382588 -0.26521290713 1.0884420703 0.013570193243 -0.20155466314 
1.0795097462 0.022859355752 -0.10053550267 1.0733331032 0.043563572204 0.001348130444 1.0475305795 0.10300876232 0.035082428591 
0.94082767339 0.13209518942 0.03076467833 1.0341098602 0.13143464744 0.026158089178 0.834493142 0.08321887677 0.00026835707162 
0.85332153157 0.055367334607 4.2417009359e-06 0.90080367797 0.10776313209 0.021033112795 0.87007606001 0.072736775308 7.2057708222e-05 
0.90618768946 0.16602028083 0.00068684974339 0.86349284942 0.12482839272 0.0085026821304 0.94275733167 0.27859297835 0.0046603960984 
0.89894142481 0.10363722338 0.021767680934 0.90303255194 0.24098545678 0.014814352553 0.92032265396 0.018747440744 -0.05447941743 
0.9388603887 0.024476584493 -0.026683287377 0.83950955066 0.018533616871 -1.4755996166e-05 0.93997820147 0.017862073627 -0.14095711637 
0.96586616744 0.013732253982 -0.2330276593 1.0912261578 0.018075905228 -0.25987912291 0.93223635399 0.0069091486469 -0.20040595016 
0.90667216068 0.0049354762262 -0.14501031503 0.90465136899 0.0066059910527 -0.084377462104 0.91683950089 0.014806774631 -0.016987081871 
0.93020842474 0.071968728029 0.015182168621 0.95116243693 0.10974483426 0.019943851292 1.0017362231 0.15225951836 0.024558992262 
0.86571149486 0.21156634027 0.027845889232 0.93156365339 0.15014904292 0.011602510791 0.97919315194 0.27039088045 0.03301931577 
0.91795072718 0.13531351727 0.0003627962145 0.98437211958 0.26330854826 0.0082893776275 0.98703527205 0.27164170789 0.0029636463682 
1.0273742939 0.31261423764 0.0016272377152 1.1707898544 0.40589468244 0.0039454495179 1.0737594033 0.38498730796 0.0052383173746 
0.96178807354 0.35949671346 0.016244132597 0.91024639754 0.25536573956 0.016311962964 0.88519531663 0.11614355631 0.017310067422 
0.85787759834 0.0098487299184 -0.036632359652 0.91996503065 0.0078535541654 -0.20132240391 0.81159661819 0.0041753385952 -0.19691432138 
0.79700329632 0.0048835814668 -0.19040202639 0.76159807326 0.0026281215674 -0.15550687824 0.74416373103 0.0024406470281 -0.12480585592 
0.7451026137 0.0027607822666 -0.10121803998 0.75336427785 0.0056139393596 -0.037549621396 0.75072409882 0.069764921546 0.007705358014 
1.0311766628 0.40857866795 0.031310119659 0.87195892354 0.41491136282 0.021780014633 1.0699750442 0.40110042971 0.01879739313 
1.0419398621 0.47942727017 0.021028423022 1.0458095427 0.35115093428 0.0024206913667 1.0577452553 0.46842735303 0.028882033934 
1.2146330472 0.48588846755 0.020334253028 0.93658703999 0.3863111293 0.015412065315 0.84080167768 0.28632608316 0.010194852915 
0.79243958265 0.093186259487 0.0075556015691 0.73148229364 0.0040751414728 -0.048526682164 0.80221068323 0.0062936092324 -0.14678841563 
0.71128628615 0.0017693855516 -0.17126035679 0.68406067406 0.0017713258411 -0.17456803952 0.6572874705 0.0013903377117 -0.1561115665 
0.63417790788 0.00085645482643 -0.13971631397 0.62548927399 0.00094920580967 -0.13384177993 0.63186602188 0.0014119157298 -0.11862899159 
0.6228739592 0.0018778480463 -0.048680142613 0.66838487498 0.2664801192 0.0034266394253 0.57765497066 0.080942609078 0.0015798320211 
0.72943359041 0.46515962993 0.0067437578084 1.183737329 0.44386568624 0.0072356996793 1.1196401028 0.41951411213 0.0045367729881 
1.2307457421 0.40530604437 0.0034892147829 1.3487926977 0.55178995009 0.020421095382 1.1792846331 0.56675569406 0.031302798743 
0.93360401521 0.48881650592 0.014270945614 1.3050299359 0.49303718649 0.002436898315 0.76180623309 0.41061709408 0.0074905889857 
0.6756352522 0.059664902727 0.0031472088295 0.73027160678 0.21414225633 0.0048841031384 0.62089939324 0.0017555201726 -0.057155166178 
0.666587582 0.0022824985403 -0.12606375032 0.61292712092 0.00086741824382 -0.15415762482 0.58334084384 0.00055184585493 -0.15102694846 
0.5644003103 0.00032282849024 -0.1432871941 0.55118417047 0.00022949742494 -0.14477325322 0.5424771245 0.0002563843392 -0.15140029361 
0.55954294852 0.00027478655084 -0.1245373548 0.52504912491 0.00054844762689 -0.057125443592 0.52667285736 0.32219004695 0.0015745924746 
0.95247491753 0.45893010002 0.0064089385689 1.1623882254 0.44714314602 0.010632323542 1.2562742346 0.40698813502 0.010719391669 
1.4107982917 0.52734652072 0.001279449834 1.4776668581 0.54526520376 0.023851946057 1.3279844821 0.5812417326 0.034184303225 
0.98594546669 0.56444518991 0.017094727959 0.70127968008 0.4903095195 0.0063765293243 0.63159121147 0.22559620718 0.0032807284221 
0.58347981125 0.038814366467 0.0014755631753 0.57152274432 0.00073306714613 -0.11541953686 0.54298283373 0.00058826383762 -0.053813765833 
0.53838819547 0.00017515001847 -0.13531245361 0.51996795531 5.3267669176e-05 -0.13756526877 0.50742732273 -1.3487066165e-05 -0.14223843697 
0.49638757809 -0.00011780219567 -0.15442687451 0.48684342568 -0.00022974346013 -0.16310667335 0.49853280231 8.9569851458e-05 -0.13748916773 
0.46440779209 0.00012241488907 -0.068414363094 0.48269955909 0.087008931945 0.00026687247236 0.45256872968 0.35668466728 0.0015697901095 
0.70000500604 0.4479876621 0.0035272148779 1.0755560916 0.41322857896 0.01204639749 1.3310097839 0.36683819083 0.0029951007781 
1.5509157423 0.50746898186 0.00068124320192 1.4822200892 0.51852920586 4.3581112682e-05 1.6107955787 0.52788919739 0.027903957422 
1.458718957 0.5543214038 0.03854406769 1.0710976023 0.56529006632 0.021288062874 0.56514725672 0.31812868509 0.0029013913277 
0.55372980385 0.13476892824 0.0013640683979 0.52190897963 0.03185667232 0.00057770979887 0.50622830109 0.00011745707224 -0.098163155188 
0.49013672892 2.8345617287e-05 -0.1224417809 0.47880610542 -5.9123315414e-05 -0.13182071577 0.46742196857 -0.00017780734457 -0.14682365154 
0.45325960737 -0.00022835226937 -0.16133652967 0.45704767399 -0.00010609818317 -0.14482410924 0.42860390179 0.00027564936573 -0.068679967592 
0.43316808913 0.094021084454 0.0003468974441 0.41467057373 0.37563418443 0.0019552985445 0.74726081343 0.40495035908 0.0057103608097 
1.0942518173 0.3608127533 0.012112034838 1.2955617489 0.3602516794 0.01341789607 1.4061270859 0.32161012485 0.00010626607791 
1.6159666045 0.4886889197 7.4699619382e-06 1.6588856997 0.49171678799 0.032308325671 1.5668314175 0.51924296203 0.05574629677 
1.1423195922 0.54098859513 0.02502487974 0.68994297303 0.53508133051 0.0070257691392 0.52785033035 0.35689773484 0.0026178730948 
0.51249425961 0.15268133031 0.0011428322819 0.48557575219 0.048005819057 0.00032385047568 0.49397089704 0.0002005094182 -0.034063030523 
0.47231538989 7.8981454574e-05 -0.063985506992 0.46546657669 4.3261935134e-05 -0.097540298497 0.45657547689 2.8816269303e-05 -0.11513735136 
0.44612940882 -9.7366885115e-05 -0.12927398982 0.43314163148 -0.00024443118937 -0.14876556166 0.42655627727 3.2706553621e-05 -0.14685381973 
0.4034916725 0.00037461911706 -0.073368360988 0.39902239168 0.16031943154 0.0010997569664 0.3833752171 0.030918015103 0.00012151725697 
0.36870146222 0.32265203751 0.0016281889446 0.66213919981 0.36652810158 0.0064636572811 1.1553873994 0.32669103466 0.015945899719 
1.3609626659 0.31822928836 0.015342135608 1.4517040797 0.30145849268 0.015268732165 1.4775558861 0.29592641635 0.00016397771849 
1.5377561813 0.28815537768 0.00028454117938 1.8071540165 0.4957529333 0.048457506037 1.5245901501 0.50421452258 0.033684104356 
1.6079197501 0.46494956219 0.00095416559469 1.7178590502 0.47389443853 0.018854595219 1.1001223703 0.51095552897 0.025727722323 
0.61825246953 0.51810314399 0.0092073919347 0.50825834175 0.25350301802 0.0016385718187 0.52603461813 0.34009748753 0.0026343405183 
0.49277538591 0.12369995637 0.00066625456179 0.46398098516 0.00022886062609 -0.0049134121633 0.44346309022 0.00020099616552 -0.052590096569 
0.44035535255 3.082303148e-05 -0.093241874845 0.43007729471 5.3475083124e-05 -0.10884705034 0.41930974913 -0.00013318853437 -0.1248697794 
0.41929772747 -0.00011762769579 -0.16112218067 0.40513707083 0.00017619542579 -0.14712947701 0.39741569379 3.8161149288e-05 -0.16108956187 
0.38509737225 0.00040798085308 -0.11707208215 0.79886522079 0.33656060392 0.0064389118062 1.2751802382 0.31345556765 0.019047073047 
1.5266626876 0.29405397441 0.013893811491 1.9335393986 0.48588946071 0.038509648108 1.7024583096 0.48869729073 0.05374703528 
1.6040271674 0.44992299268 0.00013691302725 0.69628256541 0.45574138949 0.0063405693596 1.1423418918 0.4806805862 0.019020904919 
0.51663199729 0.18268660155 0.00092188391923 0.50087566752 0.12168495584 0.00064128356544 0.47129201721 0.067548712104 0.00036112300427 
0.44527631761 0.020736862743 0.00031514359574 0.4230846674 0.00029577508537 -0.027712734797 0.42109846577 0.00014485202682 -0.080854691883 
0.4088062962 4.5053400661e-05 -0.10050379238 0.40054255781 -6.8442787054e-05 -0.12015244941 0.40862257555 -0.0002438925016 -0.14683108145 
0.39202696157 -0.00025701855427 -0.15114150206 0.38363184609 9.5620059946e-05 -0.16683905827 0.36425724743 0.054817679539 0.00015984565167 
0.37038464503 0.0003375722771 -0.11152245424 0.35795626226 0.098954178287 0.00013601941286 0.41264396202 0.33888592176 0.0014964581233 
0.89093265355 0.32059788197 0.0089845897121 1.3525355903 0.30437792678 0.017609497801 1.5886549338 0.28153724913 0.00052812860307 
1.7497393563 0.46257828899 0.018725707842 1.9907655658 0.46942434618 0.036328134276 1.8983963432 0.46846601935 0.059914263086 
1.3001271914 0.45719392377 0.0316329545 1.6327648609 0.44176945564 0.00047418898158 0.72843596574 0.37920464732 0.0067394961387 
0.569611881 0.26449422578 0.0015355078627 0.5471142888 0.15490285267 0.0010475946315 0.51595822748 0.12761904222 0.0010567291002 
0.46990105614 0.088757351934 0.00055686458574 0.43687561713 0.050317039249 0.00047577976333 0.41235032072 0.00074320686812 -0.0026008285407 
0.40628323714 0.00015493376606 -0.066988839111 0.39784214526 0.00011596054714 -0.046532042236 0.39558591205 5.922078847e-05 -0.089747481069 
0.38969012179 -0.0001695189751 -0.12232849145 0.38555888193 -0.00034981421338 -0.16284359206 0.38037048451 -7.3216458073e-05 -0.17650371294 
0.3725242554 0.018300804514 -0.0003449995449 0.44763545597 0.30089561811 0.0016433390528 0.91718895852 0.30733431613 0.010988492819 
1.5695174387 0.28780027741 0.016838007854 1.6188924938 0.27437988 1.9457205e-05 1.600022518 0.42926570862 0.00066660898995 
1.6649609493 0.42967288396 0.00054092491417 1.8166790487 0.4374874313 0.017347405442 1.8064093064 0.44961890093 0.018567551522 
2.0553632974 0.45479611968 0.074937408202 1.4755388188 0.43843375129 0.02245124969 0.59634597381 0.20928333287 0.00083797577465 
0.58301412142 0.15912665296 0.00035015379272 0.55575823303 0.14151706149 0.00071153409554 0.47784711265 0.11874016532 0.00063550104285 
0.5336093984 0.15041038176 0.00090653207603 0.43741346902 0.090333386541 0.00044615802796 0.40840179443 0.029580417592 0.00019107001687 
0.39905853968 4.3098444152e-05 -0.021215827018 0.39335878766 3.4871295346e-05 -0.064819118242 0.39070813131 6.4518198277e-06 -0.094130994918 
0.38967259998 -0.00037537250147 -0.13347920959 0.38989414015 -0.00037767496505 -0.17344298292 0.39308085528 -5.9523599042e-06 -0.18146445884 
0.38120966317 0.00012774517981 -0.14120222715 0.39929837677 6.1089197175e-05 -0.061564522941 0.47076563468 0.21665342163 0.0014323115666 
0.99717548086 0.2958135416 0.011242565338 1.3580073282 0.29957710029 0.013869536123 1.4809283681 0.29502234964 0.011183851192 
1.6171578331 0.2839593712 0.013916403984 1.6360432853 0.28610669356 0.0023616448211 2.0952886449 0.44806490684 0.06575721954 
1.6914658286 0.44442534398 0.010053647553 2.082506106 0.44249790035 0.067133596852 1.4730889976 0.43969166192 0.00054093299173 
1.8108028189 0.44253515256 0.052823842671 1.1929072176 0.39301747352 0.02061900744 0.91767534665 0.38399882109 0.0094864261219 
0.65961622071 0.25411439052 0.0013212399089 0.61171284987 0.18520914413 0.00023830316733 0.59736042994 0.16836824751 0.00045325279022 
0.57517713798 0.1596542549 0.0010427439986 0.55226525715 0.17577035092 0.00079815753481 0.49670365381 0.16361581877 0.00051110675815 
0.43989891641 0.12516871595 0.00029279577822 0.41038353612 0.049266173093 9.2684264456e-05 0.40358458783 4.4346443909e-05 -0.025159628312 
0.39717549748 4.3338060549e-05 -0.068905220135 0.39682985585 -8.1270889548e-05 -0.099810415902 0.40045705087 -0.00051868594572 -0.1430795339 
0.40810619848 -0.00043189976981 -0.17730171408 0.41133838072 0.00016049382789 -0.15457849747 0.57661357135 0.20175405393 0.0016204863093 
0.44244897509 0.00068791375643 -0.019727206725 1.3004593939 0.29792354217 0.010732176449 1.559787895 0.29815532119 0.022041034134 
1.6195875368 0.30430491169 0.00063803147941 2.0093903438 0.4406947652 0.075392230458 2.1151699002 0.42601732735 0.084687261955 
2.1503192137 0.38144519858 0.10219434804 1.5971032981 0.42785803822 0.010744571859 1.9861640456 0.38162427373 0.049231350134 
1.5844351895 0.40042838961 0.028353595064 1.4379846896 0.41946102618 0.0021541935432 0.75852810912 0.28891357686 0.0035807293422 
0.6445491205 0.21122727989 0.0003561966051 0.61216967677 0.18670147424 8.3241052261e-05 0.59761267807 0.19074105943 0.00053555395311 
0.58971064173 0.17741549856 0.00074414895235 0.5872878474 0.19919213971 0.0014112067502 0.57875730811 0.1898998677 0.0012769967069 
0.55003572624 0.2052385547 0.00052703467489 0.49858873224 0.19655618441 0.00019907355291 0.44446426863 0.1473907265 0.00019044439133 
0.45901945573 0.16033158115 0.00013035156593 0.41811050781 0.059980822959 0.00010398748139 0.41480361525 4.1812285696e-05 -0.019845319117 
0.40564857899 5.6132190361e-05 -0.064704210977 0.41115365449 -0.00020845591858 -0.10371796374 0.42028016957 1.5942600624e-06 -0.065254542259 
0.42074266599 -0.00068041655911 -0.14374389014 0.43199498156 -0.00031847777297 -0.17049541401 0.43189680419 -4.4925980904e-06 -0.17512577817 
0.45002854899 2.0719301912e-05 -0.10977421365 0.52880307238 0.08829806692 -5.7303505935e-05 0.86374141831 0.26295412288 0.005790870063 
1.2617728171 0.30077838896 0.013398705561 1.4948102561 0.31271238498 0.027859294555 1.5654959033 0.32074613096 0.00064876053987 
1.6472347182 0.3744894098 0.014052842826 1.5270755179 0.37304460138 0.0017498058288 1.9244359253 0.34347104467 0.03539319968 
1.8113408683 0.37080771289 0.021757149801 1.1709334496 0.31630981706 0.013045007399 0.92326679831 0.31588975855 0.0099310945681 
0.68043525784 0.22867263918 0.00050673848285 0.61228723456 0.20838241247 8.127281877e-05 0.58262812282 0.21317470058 0.00070930530763 
0.57354630985 0.22515416217 0.0020689133259 0.57939754254 0.22359520608 0.0015516460261 0.55118437593 0.23107205095 0.00056528835835 
0.50530226646 0.2146624204 7.0348947506e-05 0.45994558579 0.12337583243 0.00017050102667 0.42932305632 0.040248142449 7.075275204e-05 
0.43272109549 4.0232407754e-05 -0.032961153415 0.44198602744 0.013062868811 5.4122633292e-05 0.43878146306 -0.00025256724932 -0.09764271717 
0.44878751175 -0.00054208591679 -0.14177388047 0.44919264988 -0.00018754609324 -0.17506766393 0.44953004186 -2.0915855129e-05 -0.16224069416 
0.46182579309 8.8694425117e-05 -0.072403045433 0.50742076837 0.12003638623 0.00027036806714 0.78115460135 0.26702872321 0.0054263498481 
0.68030468015 0.29430774931 0.0035975680975 1.1543360053 0.31973758221 0.014214608706 1.4066844926 0.33218270381 0.028925239364 
1.7369162194 0.34116861975 0.016701093047 1.604590057 0.33810891935 0.00059705772306 1.9815281374 0.32788337756 0.029460803617 
2.1749585323 0.32453313837 0.059804930056 2.0050094732 0.33305989367 0.046893748562 1.4798303457 0.30320094104 0.02119845969 
0.95865808107 0.25415102402 0.0049965832859 0.7865836165 0.24403553302 0.0023370154241 0.64200792602 0.22622077741 6.9168335219e-05 
0.58455555323 0.23244066519 0.00027931063047 0.55752167509 0.24030942624 0.00087531367398 0.55827075588 0.25136827011 0.0019637567277 
0.57618051365 0.24442811352 0.0017036164271 0.57589120111 0.24745755307 0.00064349772572 0.55421528726 0.24033900922 0.00015790004676 
0.50994418174 0.2019980955 2.2952009115e-05 0.46326434757 0.085233265061 0.00018532965388 0.46879316507 0.038685321459 9.7943316798e-05 
0.45740406703 3.5492854249e-05 -0.019440835837 0.44285227303 -5.1056520263e-05 -0.058048447238 0.46642666155 -3.7863565359e-05 -0.056375598279 
0.46550558844 -0.0001233540271 -0.10054508151 0.45916999936 -0.00010950702747 -0.14872627707 0.45497465212 -2.2789128341e-05 -0.17419297816 
0.45668811584 0.00012020480763 -0.15065998178 0.45632723884 0.00010200729476 -0.16198313734 0.4495836317 0.00043646354639 -0.072992259 
0.45504438834 0.13919573804 0.00047346214716 0.57052796285 0.31476271817 0.0022437056762 1.0137791914 0.34334266226 0.01458345343 
1.2913861699 0.35424400823 0.027313533362 1.494013391 0.34035740981 0.0016635603527 1.6452167178 0.30753811391 0.00076911932635 
1.7489451096 0.3228009857 0.018103631823 2.0036627084 0.30787173632 0.035389445199 2.128349961 0.30959923433 0.04418097809 
1.8641987583 0.29655970068 0.064949733644 1.2331565136 0.26481447588 0.02261516727 0.7077504436 0.2366473315 0.00092121642729 
0.60229885081 0.24546729085 0.00021356144243 0.5574330273 0.25761987628 0.00050330834011 0.54413136848 0.26572575297 0.0013674835425 
0.5600598187 0.27279201599 0.0016005303304 0.5755390148 0.26032325328 0.0013331881302 0.58025037341 0.25804756895 0.00049157573875 
0.55740708189 0.23730164039 5.9013148223e-05 0.50432337017 0.17287916173 9.0493269412e-05 0.53492557031 0.20602087529 7.0026607744e-05 
0.49468590257 0.12164219402 0.00019551856298 0.49447284843 0.069130690087 0.00023476213903 0.48395667656 9.9104874548e-05 -0.0065717685717 
0.48408188768 0.00015641582562 -0.059323049897 0.47190459357 0.00010396831672 -0.10953033506 0.46519451843 -0.00035908126225 -0.15370461836 
0.46347325418 -2.3414500537e-05 -0.16787119306 0.44615672295 0.00020280302334 -0.14218479826 0.43864863174 0.00024477687069 -0.029741963082 
0.44462332807 0.17728769735 0.00057688034118 0.74890742654 0.37176817889 0.014622082851 1.4099109439 0.35728353966 0.0018676452671 
1.3289056124 0.37382678223 5.2811075144e-05 1.6099298419 0.28836088192 0.0013460990269 1.8213042878 0.30517656066 0.036182016863 
2.1137205761 0.29859581508 0.024612310725 1.9131732071 0.28643614664 0.042736938409 1.4073129953 0.26202781125 0.022767756021 
0.97913217051 0.24292979698 0.007204575593 0.825403563 0.24396637564 0.0036834424834 0.74058257212 0.24416008464 0.0017248120267 
0.64664899688 0.24905352936 0.00034474730767 0.57387547667 0.26723368315 0.00032414782006 0.61784779605 0.26419878716 0.00020919735923 
0.54200812968 0.28054519888 0.00075088029859 0.58756967953 0.27517996023 0.0011099326141 0.5994417796 0.27079514076 0.00029942991918 
0.58669268179 0.2572533255 8.3387725536e-05 0.56482241793 0.22897612329 6.8066308634e-05 0.52361242618 0.16058116374 0.00021270928332 
0.52323346425 0.12192572069 0.00027390183216 0.51069010062 0.039937804394 0.00017608967402 0.50444902895 0.00022369552739 -0.018595689705 
0.49628023966 0.000118020666 -0.068201383519 0.49078413517 -0.00014387861293 -0.11325759658 0.48452588981 7.4839329417e-06 -0.14691142744 
0.44274601177 0.00032226235499 -0.060130162003 0.46479020775 7.2798267776e-05 -0.1627102718 0.42250528519 0.23266468658 0.00054748475937 
0.72767052439 0.39572209036 0.01097414371 1.1830548306 0.37074152661 0.023328133923 1.1222387053 0.39185691258 0.020597214187 
1.4913148685 0.21705880562 0.00024362788611 1.7029656574 0.26126998397 0.02807169948 1.5948317371 0.18569875517 0.024085016097 
1.9508021778 0.28254826553 0.029317188179 1.982764293 0.2976010901 0.03262207765 1.9267287745 0.28873689337 0.045788697908 
1.4766688327 0.2633556318 0.023431742436 1.6394208282 0.27032482915 0.029127395205 0.96688165116 0.24516137085 0.0092635484191 
0.70460563782 0.25329796424 0.0011056021318 0.56129388038 0.29010150214 0.00040236896119 0.54042371747 0.28960154117 0.0010366518769 
0.53958718332 0.30774742397 0.00069710871898 0.55094729371 0.32119375597 0.00098965133422 0.56619506274 0.29232097842 0.0014214302153 
0.60700753569 0.2919223806 0.00094876530379 0.62362047026 0.28787306961 0.00027200168889 0.6047786157 0.26979393085 0.00021752398045 
0.55739503379 0.21006727807 0.00024977887188 0.5576082559 0.17466640645 0.00015499373818 0.54545621971 0.08954675515 0.00011895726259 
0.5374444234 0.021541381413 0.00013942470393 0.52382855596 0.00014084953366 -0.029510659819 0.52640820723 -0.0001090350095 -0.068880708906 
0.51796453938 -8.5943308519e-05 -0.1190769374 0.48701383232 -0.00013934289232 -0.16226191805 0.4921766923 8.4020956705e-05 -0.17343956707 
0.46855999079 0.00018182394878 -0.15111820092 0.44694190785 0.00067442572258 -0.020983807907 0.42815331774 0.28685212067 0.0012425220987 
0.73772818624 0.41547613756 0.010911712748 1.0664767543 0.42045614324 0.018277009547 1.2441542539 0.40571201619 0.00017484009269 
1.4207965532 0.14407249598 0.00011138751842 1.3836995174 0.087436460364 0.00085721339582 1.4892119783 0.12035059655 0.017381045076 
1.8310056077 0.22790174004 0.040266092367 1.777122084 0.25778935795 0.026098744391 1.4068676065 0.24461381783 0.017676712695 
1.1353631251 0.24467920141 0.01405249263 0.80372761064 0.24054758014 0.0035372985608 0.66755059718 0.25890434198 0.00029730915797 
0.60679643825 0.27583328518 7.5699910085e-05 0.54531121482 0.32905370629 0.00020903120953 0.53906362552 0.33751864656 0.00045678755838 
0.54908583575 0.36280693681 0.00096993145805 0.5843385533 0.31108420444 0.00120863052 0.58901569137 0.33602507018 0.00099890521636 
0.62402279933 0.31682155918 0.0010735987309 0.64331695301 0.31164851213 0.0003941016348 0.5893722332 0.24381369027 0.00011705746612 
0.62605088002 0.2857332314 0.00018980188289 0.6022053843 0.22968229008 0.0001632346953 0.58670374585 0.14397167578 0.00012722028839 
0.58279081062 0.063771715431 8.015047467e-05 0.56879768041 0.00020041015347 -0.0076605181527 0.56129580157 0.00022646884377 -0.061746232218 
0.51425703074 0.00015697365471 -0.14976078927 0.54754016488 4.192323954e-05 -0.11063477047 0.52557895278 0.00015427015298 -0.15525370011 
0.49883483707 0.00012038907805 -0.17666031304 0.47505614944 0.0002584443719 -0.13542466072 0.45482136953 0.024345059614 -0.00062066370194 
0.44610707005 0.3488670366 0.0021604446192 0.76389488298 0.43448909177 0.0089787153784 1.1289793784 0.43748285502 0.0003186230934 
1.3826146473 0.056875239442 0.00026842549369 1.6759553718 0.15357434261 0.037684184074 1.6384416027 0.20647905143 0.033929119952 
1.3449103322 0.22073320622 0.019705367431 1.0445458854 0.21925804724 0.0078626077536 0.82353345616 0.22774474332 0.003202733153 
0.6834462695 0.25348708001 0.00039162140677 0.61347561955 0.28785267085 6.8424992598e-05 0.57072533774 0.31030478391 0.00012904687759 
0.54712103423 0.34610304446 0.00010804385352 0.52701897512 0.37405446539 0.00035486852139 0.52737103157 0.39981645785 0.00074281129423 
0.56934125989 0.37421356869 0.0011873759997 0.61735212974 0.35307460323 0.00078820856873 0.64707443536 0.34074493534 0.00066500521557 
0.66148842334 0.33918875819 0.00031135827763 0.65107952709 0.31990454882 0.00022119879863 0.63974770894 0.28842074899 0.00015870520724 
0.63464206763 0.21335386704 0.00011751471583 0.63266337399 0.13018292466 5.4582679886e-05 0.62666085844 0.055682689885 9.7993705206e-05 
0.61234080126 0.0008247711373 -0.003167384777 0.59052751591 0.0003689880849 -0.055101466462 0.5645765281 0.00022544482854 -0.10813570271 
0.5321557309 0.00033963183903 -0.15817768484 0.50003362613 0.00029076063122 -0.17541460361 0.47760718256 0.00034152147425 -0.11523625706 
0.46565792756 0.095629686053 0.00014333340229 0.56158641508 0.43920791345 0.0081214272526 0.94001051038 0.44693623688 0.0193160182 
1.0090906389 0.45262519143 0.00054763858283 1.3630521455 0.021099743122 0.0032432507765 1.4001754414 0.041131752526 0.010064263829 
1.481112301 0.083475145903 0.017487695484 1.4875495332 0.15159640019 0.036200823613 1.2286068243 0.17958565516 0.020699834964 
0.94805145825 0.19603480922 0.007503959346 0.77440292498 0.21833497608 0.0025096688457 0.68682049595 0.24540233562 0.00029372164672 
0.61820731657 0.28545048275 7.5900713745e-05 0.58776102823 0.32700275076 8.1450557299e-05 0.57217800137 0.33343444358 0.00014223888882 
0.53431462542 0.38606875837 0.00018768349852 0.51004213732 0.42471706175 0.00053406239813 0.52827286427 0.42525406045 0.0013704208311 
0.57959476079 0.3872405165 0.0014403167754 0.62150957607 0.37351766948 0.00075628313814 0.655462086 0.36561841471 0.00054129146231 
0.66418987507 0.33417910827 0.00014692832652 0.67038542919 0.35631568915 0.00026878910254 0.67678054559 0.32938550383 0.00016663205229 
0.67562128602 0.28065502303 0.00017398042281 0.68654446809 0.20551669396 9.4929003697e-05 0.68282054445 0.1269539377 0.00017089503498 
0.66478406422 0.059359307417 0.00046128369546 0.63093376001 0.0042191991008 -0.0002110780293 0.60940195316 0.00037469525237 -0.03733264772 
0.57505103489 0.00015445772725 -0.090378958583 0.51402715991 0.00051485753209 -0.17743155932 0.49387284051 0.00029003087655 -0.17337613457 
0.48047758093 0.00031335285474 -0.11700502908 0.47165653839 0.018406107375 -0.003282744241 0.49287770341 0.34139775126 0.0066788357368 
0.80367361503 0.44077082871 0.018977784721 0.91117614415 0.44935471454 0.0010097826992 1.360323743 0.00028646826279 -0.0098947079498 
1.448008804 0.053716361657 0.014637554039 1.5481091647 0.10243041661 0.024322520424 1.3405211334 0.10960448713 0.027948754221 
1.1038943375 0.13860374043 0.018613240947 0.86431273529 0.16964630752 0.0065825292838 0.71862869866 0.20703968881 0.0019271485954 
0.62531737217 0.25355653622 0.00028540898584 0.63993189298 0.26345496432 0.00020204837565 0.55401502472 0.37740297837 0.00013007176384 
0.56979751205 0.3549323039 0.00011741413143 0.52343590933 0.42481240804 0.00025666057192 0.49914157483 0.46486483457 0.00082412002056 
0.5154508451 0.46622542707 0.0012695513114 0.56987292679 0.41849900709 0.0014966321925 0.61960078311 0.39916590286 0.0011009257664 
0.65359580244 0.38797106832 0.00044138798453 0.6740573613 0.37262677045 0.00038312201172 0.69069502381 0.34413182565 0.00038130230932 
0.71267249019 0.28303228144 0.00046821305378 0.72935845205 0.1960648189 0.00022989551058 0.71792481756 0.12349146328 0.00085440792328 
0.66126613319 0.040935497627 0.00064671965757 0.63213788205 0.0040593553668 -0.0021757785198 0.589983299 0.00044375124673 -0.062674643005 
0.54637648532 0.000436105202 -0.13468889542 0.49414653792 0.0003797717963 -0.18048818791 0.4744862271 0.00049856733355 -0.15018326403 
0.45866297364 0.001113391197 -0.067844952259 0.47396655171 0.18357803109 0.0018457221574 0.59982411936 0.40971958886 0.0081949864446 
0.79904331007 0.44612872015 0.0088452269499 0.79096225509 0.49026967438 0.0040196096069 1.2990632509 0.00059988897793 -0.050839696481 
1.3231678788 0.0043386536319 -0.024067574022 1.3659711363 0.014009894076 0.010731039872 1.3036355796 0.0735851856 0.023585757606 
1.0124675854 0.10868415692 0.018885231423 0.78702637096 0.15376334279 0.0061457847637 0.67859227483 0.20206089932 0.0010551187854 
0.60610307348 0.25285027382 0.00036474914948 0.59348198442 0.31012342274 0.00011575162641 0.59299502341 0.29159387535 0.00012760496986 
0.57719454504 0.33357763729 0.0003939494348 0.57944074539 0.35318404893 0.00048201371539 0.55524111629 0.39335020005 0.0004630152947 
0.53157418543 0.43131493016 0.00039839650016 0.51982275614 0.44990759942 0.00085564425535 0.4966529931 0.47882381452 0.0019434221369 
0.54263800989 0.45500829427 0.001108205037 0.58021933652 0.432765627 0.00099441979642 0.61938334675 0.41713073751 0.00051004962785 
0.64608444166 0.40969662054 0.00038411139673 0.66212584118 0.39628375128 0.00050745931005 0.6915201907 0.36107228238 0.00061160255907 
0.72541960341 0.31546794708 0.00066429295295 0.7398519891 0.25007056109 0.00030336923638 0.74927356787 0.20046648291 0.00095232039987 
0.73178203084 0.16615579268 0.0011851618074 0.69194210062 0.086374258359 0.00093211223483 0.65162274858 0.064118473702 0.0012021278537 
0.6222409142 0.0071022402756 0.00021886745459 0.56690387029 0.00018751175146 -0.10652648997 0.60456032297 0.00034018073296 -0.024718564002 
0.52289160205 0.00026679569191 -0.16534826401 0.49516122714 0.00022910073737 -0.18544419516 0.46222995405 0.00033335039946 -0.17902243035 
0.43904309658 0.00055837912637 -0.11545063205 0.44550762526 0.072569275114 0.00036714492543 0.48917914573 0.32877076864 0.0028870376571 
0.64841591652 0.441301358 0.0068036032733 0.71797793866 0.50213532127 0.010826737049 0.70427833902 0.53127965706 0.00077581484051 
1.1016831708 3.6895659094e-07 -0.12248015468 1.1832808011 0.0031048961596 -0.08937256752 1.236254612 0.0063422479541 -0.052781522281 
1.2621675476 0.0068595956242 -0.011454715306 1.2745212062 0.032456805272 0.018111070613 0.97353182083 0.071577181021 0.025074702825 
0.71489300249 0.14548956443 0.0079806324711 0.63328744691 0.20724213394 0.00089627851747 0.58907711817 0.24279185072 0.00051080160263 
0.593537565 0.19812459046 0.00048895083217 0.588508614 0.28516564441 0.00045078765215 0.59044119865 0.30636974433 0.00061248231566 
0.56165399823 0.3892574236 0.0011709351226 0.58976647184 0.35000166627 0.001028639045 0.54435307336 0.41474298709 0.0021871002159 
0.52866752507 0.46646011846 0.0013751732069 0.58013504592 0.44710984156 0.00099214151354 0.61682916964 0.43253182238 0.00045354854725 
0.59800539915 0.44729538267 0.00049872296753 0.62532383507 0.43164710175 0.00044575922254 0.64154959432 0.41648580438 0.00059306821492 
0.68451019522 0.37604806848 0.00058666272677 0.74811395372 0.26839208665 0.00064959426051 0.75110182439 0.23632685702 0.00072689287989 
0.733699328 0.20233637052 0.0010534555284 0.69127579637 0.12974442959 0.001304744157 0.64869649048 0.069299039904 0.00062700890006 
0.64256583631 0.019308113746 -4.5210246664e-05 0.5471882904 9.9160132655e-05 -0.14866577379 0.60282710004 2.2025271067e-05 -0.074804266143 
0.51758714057 0.00018859533632 -0.1887368171 0.485861846 0.00027271491253 -0.1886971109 0.45088313627 0.0069157044809 -0.038380703961 
0.44975591329 0.23381364028 0.0018313583271 0.54295423398 0.47935596927 0.0145383105 0.70695643995 0.49033574978 0.0071330658664 
0.69599491701 0.45554343009 0.00055614830859 0.7521093872 0.36624514766 0.00095499687222 1.0457760888 0.00056978151973 -0.14203620025 
1.0741438579 0.010283665566 -0.11824354734 1.102317058 0.0095491057318 -0.080364827718 1.0904040241 0.0090655448709 -0.036213348969 
1.0790049456 0.014214120206 0.012458385425 0.84089523671 0.045635716511 0.0092593390814 0.69972777945 0.097555269289 0.0057042236317 
0.59928578294 0.15181936078 0.0012479246183 0.56432799528 0.16623336813 0.00047165112381 0.57752482395 0.21055781132 0.00065386393072 
0.59135385523 0.25244880217 0.00099851013846 0.6064543424 0.27113237702 0.00053785123003 0.59964355896 0.3176830006 0.00093991670797 
0.56635435218 0.37773713808 0.0019775580071 0.50921989358 0.45423346558 0.0017436689382 0.52946798223 0.42587171895 0.0018655416017 
0.5122984635 0.47308246069 0.001280504614 0.56811391651 0.45480897358 0.0010495801064 0.57370206616 0.46501873016 0.00023384832176 
0.59435945506 0.45683890669 0.00043070185747 0.63240369141 0.43035238403 0.00037497218344 0.70258106988 0.37517704523 0.00020787621547 
0.72667001948 0.32978329399 0.0003984020135 0.76706171704 0.2661488997 0.00077110522757 0.76000315284 0.30976650582 0.00037630799307 
0.74850758217 0.22538594977 0.0010329114177 0.70745204407 0.15776709832 0.0010694563406 0.67899429817 0.11237252325 0.00050144414302 
0.6834877629 0.00014011779555 -0.040924422139 0.60001524015 1.6470409849e-05 -0.13300964069 0.59214509973 0.00043704535947 -0.18555461919 
0.63036646211 0.0046864010261 -0.19309673209 0.62484415562 0.025240085287 -0.041973060272 0.50391522444 0.26127019289 0.0035230816272 
0.68415029855 0.37204256544 0.0061978169399 0.71247699899 0.44362125893 0.0047828389145 0.81381954574 0.36829366618 0.01303361382 
0.74575279955 0.40992591876 0.0029822116622 0.96465571541 0.0012933079579 -0.17196242393 0.94922351051 0.020837876413 -0.14788056568 
0.98398372908 0.0058624895769 -0.11081152964 0.85700445857 0.01406416278 -0.069665624772 0.84650653581 0.010404853937 -0.0034863973191 
0.61214525405 0.0094770346137 -0.027975002322 0.65253232573 0.047010622196 0.0065819199834 0.57076745744 0.10724321832 0.0016731104922 
0.5363476227 0.037903152218 0.0015942225925 0.54166477086 0.095935568653 0.00026506559628 0.56288316031 0.14987974004 0.00051238232159 
0.58537693153 0.19472937182 0.00060246783973 0.60775205743 0.2242012871 0.0008124154156 0.622110095 0.25518464516 0.00066831816256 
0.61817479872 0.28598824716 0.0009971991236 0.59852878241 0.31742041566 0.0015444684862 0.56361641427 0.37736993189 0.0011777843203 
0.52748308349 0.44206696011 0.00086084786361 0.53288877566 0.46328540891 0.0011840263632 0.57129038013 0.458998191 0.00025254709614 
0.56463801853 0.48822059648 0.00013593139805 0.57942897054 0.48291206026 0.00036237186134 0.68242557584 0.42229551292 0.00020812887605 
0.77534061645 0.3658803663 0.00017719906359 0.81831135867 0.32040245195 0.00081226727045 0.8184304018 0.27593870542 0.0013135497012 
0.76949232842 0.20774234455 0.0012402408645 0.75347953049 0.13348012878 0.000796388043 0.68886579135 0.050238981459 0.00030718768878 
0.81038653463 0.047031227151 0.0014050213347 0.71154369648 0.0005581140167 -0.11615491482 0.74414872116 0.0011752304864 -0.16679257274 
0.87502970113 0.0097134045492 -0.17608107472 0.79291175239 0.15209262819 0.018538607013 0.79528925367 0.33338022607 0.03711401476 
0.87445178641 0.20151789038 0.055749761451 0.76750767465 0.20817851486 0.052371721999 0.78213926129 0.32277514284 0.03261523281 
0.90712810735 0.010683121726 -0.18535246884 0.82360264889 0.014192706179 -0.17370763757 0.77942804799 0.014678164746 -0.12758835856 
0.64361064557 0.0039847211724 -0.091921465075 0.50440441217 0.0035159319838 -0.088133093099 0.50163864557 0.001265589278 -0.035940305967 
0.52308397777 0.0222684427 5.7896689885e-05 0.55116024724 0.078320570602 0.00024085822018 0.57697721324 0.12997438929 0.00028989803831 
0.60369402634 0.1711193525 0.00039279967471 0.62869321104 0.20171837399 0.00053424927629 0.64217281788 0.22970015341 0.00049060827021 
0.6348989965 0.26104567975 0.0007195793396 0.60914583362 0.3173082565 0.0009786598805 0.57556687709 0.40136913372 0.0012282451089 
0.52755012975 0.47487353832 0.001097713795 0.55969599655 0.4798648441 0.0003464404015 0.58728606629 0.51348999667 0.00018897003302 
0.60051421433 0.51606428398 0.00038283967725 0.69795979055 0.457094523 0.00050733319218 0.83466464352 0.40321386724 0.0010311304044 
0.92252573139 0.36645753162 0.00173852005 0.9674657118 0.32974392412 0.0033414985944 0.97955288909 0.28350673789 0.0040167963049 
0.94562839305 0.21796812458 0.0037016121821 0.97682906476 0.14260537919 0.0060301131247 0.8608604546 0.0031097130424 -0.043513293225 
0.92610297895 0.005101233751 -0.11344696483 0.93170110069 0.0074569684251 -0.16657311159 0.9947319888 0.030376961935 -0.080121795583 
0.99394793428 0.070706928515 -0.0081745199569 0.61804272154 0.033582088181 -0.0020901793195 0.73255927811 0.2635279199 0.016709221266 
0.90002668425 0.0026709052537 -0.18760930892 0.86687891314 -0.00028299640477 -0.13949370721 0.86716625298 0.0090101671218 -0.17709129914 
0.61489356173 0.0081188055007 -0.16583194221 0.54784694396 0.0065804779933 -0.13240752361 0.45062193327 0.0019884188647 -0.13597195817 
0.47712454764 0.00051909289243 -0.095130391599 0.51408952598 3.019914909e-05 -0.047807216784 0.5502568927 0.0076705414136 2.4795733631e-05 
0.60644197395 0.12259240443 0.00021112018192 0.62801374518 0.16026345143 0.00020354426344 0.6556370948 0.17863427069 0.00031027950763 
0.68187888002 0.20753700876 0.00022702684743 0.67161559281 0.26608746646 0.00044312439575 0.64234428784 0.33260255967 0.00072961254636 
0.68348817697 0.40048214329 0.0022940688748 0.59120869351 0.48428171087 0.0020601468801 0.5423688614 0.52864466085 0.00054265687066 
0.61708091266 0.53826318193 0.00080727931014 0.78205783015 0.54906981491 0.0045597233712 0.70635520784 0.53447026136 0.0020891468252 
0.83408271455 0.49048762587 0.0036891422369 0.99207719253 0.43172983261 0.0054358386801 1.2100806158 0.39820324025 0.015585982638 
1.2449277723 0.36659654998 0.014920383117 1.3427580499 0.33299712272 0.027904459798 1.4195101561 0.27809397244 0.050366166836 
1.2560137939 0.21301606908 0.019580478848 1.4449243386 0.15211125859 0.088261165421 1.1050420254 0.086535945336 0.007265919951 
1.1048445793 0.017459409103 0.0087588654956 1.1736476306 0.017918694992 -0.058867510095 1.2150465603 0.054587204342 -0.11827233072 
1.1627074745 0.039169336759 -0.14522868785 1.1847176641 0.069547965042 -0.12371163868 1.1614935779 0.032404559339 -0.11316910289 
1.0262757423 0.061649107275 -0.12596351457 0.88451929042 0.021174762445 -0.094695791641 0.6550394844 0.0044506668289 -0.1390055095 
0.78816086613 0.038000833589 -0.011948603517 0.61137252904 0.0013911333745 -0.11049782372 0.51064464232 -1.9543750956e-05 -0.16021536265 
0.85615815158 0.012742546843 -0.016525523031 0.81787405115 0.016628372743 -0.10219683048 0.81704736407 0.015421531104 -0.1779866447 
0.61389939951 0.029838067499 -0.087566448163 0.66488447533 0.0077821180757 -0.18099424007 0.470598817 0.0057984209546 -0.15937628356 
0.45026570495 0.0042597204664 -0.15836529846 0.48007246802 0.00081933233799 -0.13266969907 0.52523825443 0.00031034997231 -0.09535362957 
0.56731425276 0.0001609111339 -0.050958544949 0.6073071509 0.0057158471825 7.6580244171e-05 0.58311833243 0.067941507498 0.0001832959211 
0.63686991123 0.055394044327 0.00015784697724 0.63816995421 0.09826711662 0.0001810991473 0.65375199657 0.13372234626 0.00012440407935 
0.70515171008 0.15431657726 0.00010925945081 0.79743078585 0.17885085969 0.0010927835385 0.75212541609 0.22775268041 0.00083186262518 
0.7662977653 0.30666576845 0.0022967352922 0.70632713847 0.53277350174 0.0032673161832 0.91797714747 0.54541900061 0.007415081344 
1.1032150336 0.5095160753 0.023100322405 1.3375133089 0.4657451515 0.027130629775 1.5314892533 0.41539150734 0.030922324723 
1.7550328092 0.39089206801 0.062254925765 1.5984246386 0.3854978493 0.022847750318 1.7500488443 0.34927669892 0.061218959722 
1.7792467149 0.31054872943 0.082538180796 1.7132840756 0.22311608424 0.055144983436 1.7867770348 0.25501643289 0.07799130291 
1.4432824563 0.079731328908 0.073201648077 1.4240592463 0.078950027775 -0.0021768301606 1.4270475604 0.047665891985 -0.057951705951 
1.2492381742 0.061390698748 -0.043280780122 1.228499436 0.056495769772 -0.092827694601 0.82504755592 0.007762985403 -0.099752307383 
0.83190612092 0.0058138763706 -0.076818296653 0.8086108783 0.011188699364 -0.1313855546 0.62911727437 -2.0748301362e-06 -0.13555955801 
0.68582235313 0.00043144710828 -0.10955806637 0.55960936406 -5.0666713054e-06 -0.161361626 0.38268821699 0.028530024672 -0.024845788837 
0.3947241822 0.007963974596 -0.080857153337 0.42849251279 0.0020131668796 -0.15143919166 0.64332996705 0.0046084065299 -0.053990215932 
0.7249163214 0.0307151604 0.0014407570522 0.72520893085 0.094284390078 0.0017503800605 0.71247808067 0.1231199797 0.00041731001732 
0.85103391211 0.15834510658 0.0048410247621 0.99225389815 0.23582611821 0.0097017165899 1.0668007144 0.31332340567 0.010059967585 
0.99950572276 0.40210453279 0.01374688671 0.86820737607 0.48213174048 0.014290046892 1.1363288762 0.5139298731 0.020224463237 
1.4612502684 0.51683430828 0.02600422736 1.3148472446 0.51854631394 0.037570152586 1.7353549069 0.45957408487 0.059649906853 
1.8166537735 0.44218339618 0.058885283687 1.9429191045 0.39892015422 0.057038921499 1.9131601564 0.35657316936 0.06044286658 
1.9526343011 0.36396783369 0.048418024277 1.8809437095 0.32778181629 0.039369458862 1.8216803403 0.27184116917 0.02098132639 
1.7553306608 0.28207713128 2.8397314887e-05 1.9945425196 0.32782334392 0.03445169672 1.8982227998 0.29236592554 0.049389289224 
1.6958092086 0.2391358294 5.2699143841e-11 1.7408417547 0.24743714957 0.04242457819 1.7321860232 0.22867450234 0.0082648059512 
1.5243699594 0.18836364192 0.023428129482 1.6274712964 0.17348602734 0.070918701311 1.506714357 0.11113892146 0.084942445086 
1.4038189529 0.084016467352 0.031787234237 1.5336277561 0.17532656873 0.0025880470766 1.278875374 0.12039633488 0.011673032099 
1.1903545714 0.07817170117 0.014301880575 1.0642395807 0.027649957823 0.0070580217861 1.0118887139 0.011125823152 -0.024121483801 
1.282244897 0.11856536448 0.0021424356154 1.0788728166 0.053314979031 0.00022672419153 0.90180978782 0.0010822160007 9.7303411506e-05 
0.78690146383 3.9703295702e-05 -0.056745917261 0.87000279636 0.17141444055 0.012707075962 0.77180489304 0.10053050389 0.010190238555 
0.50765265496 0.25706340451 0.016723430129 0.47400360878 0.19897225416 0.010708681456 0.51460577941 0.0045917568894 -0.097457942336 
0.60427709811 0.0051675993606 -0.088281883206 0.68140127034 0.0027091839422 -0.021300410921 0.93060455502 0.06524949749 0.013209043853 
1.0107582213 0.11306377454 0.025797272739 0.91347799012 0.14438101664 0.01074999245 1.0865225408 0.19147286128 0.013881855175 
1.3851052863 0.22294308871 0.041477611374 1.3205783648 0.27302917581 0.034348282339 1.4052286399 0.34609895516 0.042117332063 
1.4051985238 0.44132389964 0.05527655613 1.6330855582 0.48333845879 0.060597494645 1.7647721627 0.48190373984 0.071105659472 
1.802771829 0.46536033729 0.070729744615 1.7079136392 0.43685453822 0.052711327466 1.7182972026 0.39880670419 0.047515977487 
1.8871969491 0.40733416955 0.056817896562 1.7763413452 0.36640885301 0.010884925527 1.5903790357 0.3738597444 0.00020786233998 
1.8849701954 0.40816455263 0.063552463968 1.7847704535 0.36230554397 0.00089495158059 1.8656838694 0.36860555756 0.037019503524 
1.8165205898 0.33017858479 0.0027247383644 1.8174863603 0.32629640433 0.00014866876405 0.82488620088 0.23582713448 0.023599300863 
0.93407039394 0.23119530459 0.003647358615 0.98812513809 0.17975535579 0.0036827487411 0.80171786219 0.23582817125 0.035451158703 
0.63855776034 0.064554623485 2.2570418316e-05 0.78291418258 0.030875140697 -0.024367011645 0.85160703559 0.030241541773 -0.014304627668 
0.88120819518 0.047177860063 0.0059985943142 1.2704366943 0.17384044478 0.027611982186 1.1905644298 0.19268252306 0.039380913836 
1.4458043746 0.21181911617 0.043968071454 1.5756081259 0.26713626455 0.059089631211 1.5413864133 0.23139703837 0.046074299087 
1.6654130891 0.27789742012 0.00012870916359 1.6910099585 0.33868552468 0.0010808262956 1.6269216159 0.33934224076 0.064336360104 
1.6686707979 0.41090112411 0.068186187692 1.6601058042 0.39263645986 0.0040399791194 1.7062911892 0.44428935353 0.051007024606 
1.5882234849 0.41010937696 0.00098886539335 1.5696997045 0.39957574576 0.00019140942288 0.87272454197 0.14297506267 0.032653967059 
1.0504673078 0.10908696335 0.0013442873658 1.1116035704 0.063549214176 0.00071070979603 0.97004498273 0.06857195316 0.025489631536 
1.1725462547 0.054635518577 2.6173644467e-05 1.043802306 0.046887309907 0.022087423953 1.2260853635 0.051964946612 8.521873083e-06 
1.1159033908 0.063674403983 0.032132626488 1.276747828 0.081326434387 6.7865167675e-06 1.1580869093 0.095166225152 0.047710715527 
1.3429110989 0.10096006364 0.00025209522269 1.2256621359 0.10929363758 0.057003972384 1.3943750766 0.12637242633 0.00023485966705 
1.3262140062 0.15063715671 0.055486095607 1.4304478241 0.16339263586 0.0003900701725 1.4279582636 0.19533751384 0.05092249936 
1.4529188911 0.2023365178 0.00036124286096 1.4942839328 0.22157599282 0.029559034685 1.4969716159 0.22591551402 0.00097419498013 
1.5911383182 0.23738054841 0.0042532473488 
Radial_Strain 1 1000 double
0.031080400075 0.017280997051 0.16265574952 0.20932137444 0.028752854814 0.017252581906 0.090139441957 0.36851780684 0.5439823756 
0.56561337021 0.14579226165 0.018258048724 0.40916718951 0.052952366568 0.24628464976 0.02714873773 0.061703150432 0.0036757826258 
0.059294842019 -0.0023075206191 0.19084240131 0.34603698829 0.56185500896 0.019703328483 0.13081488343 0.48035137694 0.80100868502 
0.77925439319 0.68125411371 0.53584326567 0.16111919438 0.42414653096 0.01784209999 0.022841164045 0.11183740626 0.026294483274 
0.034223609854 0.069675306337 0.091308255925 0.27378459404 0.19741504607 0.20926639888 0.50618845035 0.010804357115 0.66565816483 
0.76063863656 0.7203130906 0.79463215273 0.78852370259 0.77006645809 0.73399696676 0.6695813207 0.59213961298 0.35951418848 
0.59318955985 0.10535666009 0.36376647314 0.036659413418 0.11998495634 0.085498833894 0.080348490191 0.1430224911 0.13847472986 
0.23596039405 0.42436437012 0.57489527193 0.69669463642 0.75028193638 0.74111219157 0.73143103833 0.69950699011 0.66880251319 
0.6472666112 0.63522990315 0.62444999981 0.39394937369 0.60789076527 0.24901760351 0.55944234966 0.13341721063 0.33752125787 
0.25419126244 0.45552505843 0.62608064423 0.68910061316 0.69151171864 0.72618402721 0.68056556384 0.65207919103 0.61688847013 
0.57510284592 0.53755894713 0.51846335776 0.50181600168 0.5975232158 0.47609713507 0.60649889767 0.40571706159 0.25016237673 
0.36895576394 0.35329273108 0.47105102894 0.56951785994 0.24127166942 0.65718311099 0.65616942794 0.67187304572 0.61579322269 
0.64987175685 0.5971525876 0.55597277776 0.5157516851 0.4688084445 0.418148566 0.41632702261 0.36977119807 0.48644264475 
0.62540273983 0.58183365478 0.51104616328 0.29106858866 0.37185845239 0.53327022133 0.62534390937 0.63418343077 0.62264505389 
0.58322069307 0.56559164422 0.54197717929 0.52159663834 0.48335529195 0.43906429498 0.38464935646 0.32906705436 0.32294552607 
0.26918054168 0.35105699249 0.42330742285 0.56390164827 0.63797839277 0.48724133384 0.27924553232 0.28403395286 0.41852486222 
0.56658712038 0.63745448341 0.56293073588 0.54947757186 0.51532042607 0.49880408144 0.46593472509 0.42425010797 0.36563077924 
0.28903743428 0.25465816074 0.20653866321 0.28016693821 0.39986596495 0.58067243794 0.69481187557 0.59779018782 0.55904548482 
0.26006565182 0.34562429565 0.62749772737 0.65245650817 0.59939465678 0.50828689266 0.48620905556 0.46370510305 0.48931247239 
0.46601721194 0.44879125927 0.41502198501 0.36372877278 0.29251952049 0.20267913788 0.15819390955 0.27099842564 0.17277239352 
0.35271634097 0.55015007584 0.77135222865 0.67005303759 0.74675068714 0.61832629679 0.69816075935 0.61588629026 0.76622000657 
0.22083432057 0.31899403209 0.65152304556 0.53149500964 0.44027642812 0.40953220647 0.4244649625 0.45363091923 0.43453669449 
0.41281426345 0.36606621551 0.29945626971 0.21075899291 0.13696773409 0.12283998657 0.08157691038 0.64431325517 0.86141216351 
0.84941231068 0.65354998141 0.8434719222 0.19571841237 0.45388243011 0.63944915362 0.36712267971 0.38029078332 0.42755892426 
0.43010404873 0.41149112346 0.38534222914 0.3186574717 0.23490079627 0.21285691839 0.12665006255 0.044055039408 0.15400145279 
0.018960280113 0.14119607886 0.37374711576 0.69617024799 0.95684050216 0.82044489136 0.33725996188 0.67914268193 1.0089858201 
0.72692073759 0.20989408735 0.35868668717 0.31724944549 0.30719632271 0.35967226972 0.40626060052 0.41851670535 0.39817472822 
0.35499262346 0.33768885594 0.26550080246 0.15417180977 0.046608217188 -0.024262196501 0.047532892466 0.33979489136 0.70935991678 
1.0036267593 0.93501954195 0.24114950175 0.23281116584 0.40966523022 0.38857561266 0.9570830692 0.89493442866 0.24071426087 
0.24616572355 0.30458168019 0.39630633276 0.34756765476 0.41399211289 0.39351500591 0.33053967321 0.26007851465 0.17066931451 
0.061557413334 -0.033665841132 -0.087740765399 -0.054915107173 -0.038464764222 0.24120882795 0.78009154143 1.026427358 1.1633585231 
1.1006288348 1.1082193482 0.97572162994 0.38667059918 1.4215349661 0.26049088005 1.2180929773 0.70665098361 0.43512595148 
0.2089343189 0.18066302753 0.19753674526 0.27051275093 0.32159255053 0.3880618801 0.41773096983 0.38659157094 0.26973739519 
0.18855062527 0.081807138749 -0.026943215369 -0.10639581203 -0.11233044185 0.28787898676 -0.014604210347 1.0892399994 1.245535311 
1.2375783529 1.0116612183 1.5698021167 1.6752066855 0.47089587854 1.0864493198 1.1611690389 0.35150470876 0.2493181168 
0.14395061042 0.14468323192 0.15504435891 0.21093679553 0.18848029111 0.25496008622 0.32271498386 0.39393251151 0.4286184656 
0.44629695863 0.36913526666 0.19132094733 0.12575526417 0.0058155369342 0.049853229086 -0.084070073443 -0.13481278862 -0.14233946941 
-0.092513592703 0.1353648934 0.63327626625 1.1084256546 1.296515182 1.2915982064 0.62765989758 0.49995515418 1.0531641688 
1.4794055541 0.73300330941 0.42955819279 0.15717702077 0.12619774819 0.14449348896 0.18021369544 0.24089735095 0.32085618694 
0.40715391999 0.42372797031 0.30023810679 0.084960522911 0.17270665876 -0.05397127133 -0.12227542044 -0.15497323451 -0.1384677221 
-0.050201242849 0.1757023203 0.5951458943 0.55337548609 1.0768725955 1.2946804497 0.80157255278 0.62477665386 1.2192100335 
1.6914532578 1.771668676 1.2004823382 0.53286302171 0.27091617352 0.15964337226 0.15376206129 0.179172835 0.22105025985 
0.22028555783 0.26151155197 0.35919331798 0.47219714374 0.30203898432 0.11750996013 0.027289799235 -0.002132198382 -0.043577433497 
-0.095137945835 -0.1404076077 -0.15287907446 -0.1216505944 -0.12837222459 -0.043925143508 0.1703030996 0.47120321161 0.98446001386 
1.241300055 1.3149704162 0.70443022715 0.87073212517 1.4190860189 1.6936383592 1.737323775 1.0160240446 0.27527098418 
0.21573537299 0.22664495465 0.25980073817 0.28861385233 0.24280932908 0.26931503227 0.45833861566 0.4718553032 0.46084210964 
0.25182599008 0.084667091739 -0.0043099576727 -0.058967610126 -0.10542435519 -0.13447448526 -0.12334619971 -0.097900025453 -5.2816543981e-05 
0.20573419562 0.73582021494 1.307597776 1.2504872765 0.69129062063 1.09780215 1.7231348975 1.8288468531 1.3481294354 
0.78002410526 0.49294138848 0.49605812913 0.32329026754 0.30717917102 0.40155595783 0.32431333885 0.28866222003 0.26236835714 
0.50211260845 0.28385479423 0.19716898984 0.12344233314 0.049286351547 -0.0022240531583 -0.049110994215 -0.085472798946 -0.10091924916 
-0.018108938105 -0.097517786819 0.23072866033 0.71510273307 1.1621538662 1.0910301489 0.51284655535 0.88994605931 0.67570074111 
1.4539607813 1.6796425436 1.7811649817 1.4737506821 1.5873383194 0.85901509841 0.53430931674 0.40091515323 0.35005417356 
0.40555201339 0.44114636998 0.37503021915 0.42447226895 0.58513125626 0.37718752486 0.21324224783 0.22133748432 0.14976996448 
0.096984281814 0.033725194408 0.0039513001557 -0.03776360393 -0.092988937617 -0.074454639225 -0.06951492738 0.016914559639 0.26803068346 
0.7098441911 1.0117168589 1.1454000565 0.39035505669 0.32454596981 0.47300022511 1.243914958 1.554113659 1.3238109289 
1.0847946905 0.6922211145 0.5369491011 0.46228341376 0.44870432645 0.46296164006 0.49776747007 0.48076430757 0.54453547094 
0.60509895931 0.596366199 0.31628561833 0.44400469057 0.34745059329 0.27366409429 0.21285313193 0.13209036877 0.075670686844 
-0.049419702446 0.025640158205 -0.021743012659 -0.054127547918 -0.044881801164 0.050646696654 0.31555022931 0.71828830943 1.0183175094 
0.33020845221 0.92057157709 1.2920822102 1.1823956116 0.94626716522 0.72486543051 0.57317859414 0.50922605364 0.46844262345 
0.47502884375 0.47850540453 0.49917701945 0.55180821237 0.61250287776 0.6384721075 0.60217029255 0.52910290874 0.46033883954 
0.41233331348 0.35525394302 0.28652069483 0.2088905328 0.13312734739 0.059794395704 -0.0003158790596 -0.042475254571 -0.029661978878 
0.10142039659 0.49616082502 0.87688178706 0.90801112536 0.33394598399 0.37036439031 0.47906721914 1.0451530867 0.99541743696 
0.79892193445 0.65608595565 0.57859198785 0.51806720392 0.48636436639 0.49032505666 0.47737830813 0.48190230151 0.51887198985 
0.57781754388 0.61791049976 0.62269614992 0.54459542326 0.59299134705 0.55944513838 0.52393808925 0.49644223907 0.43106159139 
0.36954734225 0.25732515214 0.18037359248 0.090787284255 -0.015269140816 -0.041822704063 -0.026345920983 0.038343366103 0.32151234979 
0.72980321656 0.8184010194 0.35772405411 0.55063947186 0.80323546935 0.8595502867 0.81782865599 0.68060204896 0.57342578412 
0.47854532244 0.51980029118 0.47038655633 0.45004230643 0.46169454699 0.47426302443 0.51106978735 0.5688157179 0.6067298054 
0.60777868139 0.59849190111 0.59890209885 0.5989534103 0.54473783254 0.48032201161 0.33953603046 0.2358757054 0.11957441347 
0.037492962435 -0.032919254345 -0.040041092862 -0.016132869296 0.15771080714 0.48640421664 0.73353517498 0.73048098234 0.3068480324 
0.34472981324 0.39631361671 0.69015467545 0.67528211156 0.57451049705 0.51046436329 0.42507170593 0.46022040889 0.42474997423 
0.40501522552 0.37734425209 0.43074668494 0.43806255305 0.44530625453 0.4767861477 0.54015243486 0.56992853118 0.58914367267 
0.5947356964 0.60455189393 0.62919545223 0.65262668136 0.62174218211 0.58915424279 0.52283806895 0.40640850732 0.31928921797 
0.20552161861 0.067528280068 0.14350350516 0.0066182818039 -0.024938635362 -0.049466160371 -0.041835161312 0.064532762349 0.29977409108 
0.58008539923 0.69793592224 0.65934091536 0.13723241054 0.23886845191 0.30534554932 0.40451868133 0.52658565016 0.54373091797 
0.47026195273 0.43706650414 0.3528469053 0.34636566896 0.36903862118 0.34208912905 0.39108795147 0.34324407215 0.40811760602 
0.51834002852 0.55191796496 0.57368388934 0.54315390202 0.57528123929 0.60264860554 0.64534053427 0.65264935438 0.62289131135 
0.53059383366 0.42064395961 0.27529951012 0.18325421883 0.030012969264 0.098446951884 -0.010529253107 -0.036987205347 0.021821843123 
0.20285508903 0.53591838002 0.68207569986 0.61515465925 0.59821117785 0.099252594576 0.14970165859 0.24523613319 0.33457127467 
0.44772315192 0.40397911371 0.38178515061 0.32887561242 0.25884348425 0.27940985244 0.29741334654 0.28735642067 0.32247261365 
0.37107503097 0.44904130602 0.41998186609 0.48191686132 0.514229377 0.50955092472 0.55330401283 0.60639065596 0.67107596596 
0.67015423457 0.63061805085 0.69078087529 0.52173298624 0.40900949949 0.29057800747 0.14937970277 0.059466391612 0.026524855334 
0.047968456017 0.1739949995 0.29160687988 0.5819364756 0.68844351138 0.71124900424 0.67029877757 0.049734118616 0.09229164274 
0.16426500174 0.19582519242 0.30992313239 0.1318283862 0.26403214788 0.24706715753 0.13444949369 0.15935545812 0.19391398913 
0.2245452881 0.23707615909 0.25464841867 0.27911543421 0.30951984462 0.37199246621 0.43436260826 0.47449964374 0.49059836715 
0.50518922321 0.55212615682 0.65857943044 0.73858470952 0.72596610708 0.62251293268 0.45069916752 0.32325951161 0.21609271399 
0.28809401697 0.1321322306 0.13490761066 0.28406728162 0.50744684213 0.60913456436 0.69748088403 0.57835707407 0.52531084797 
0.037449470237 0.038171793798 0.077314719907 0.069429750498 -0.0043868245601 0.025722114471 0.060909932941 0.10265097759 0.1454089252 
0.17826324601 0.19988597253 0.2232152457 0.25543890151 0.31713722381 0.40838315031 0.46499753063 0.49550628667 0.53923337479 
0.57325614134 0.67048197814 0.81596738197 0.87362544951 0.82794377874 0.70534261283 0.53323231644 0.48987999498 0.27574389655 
0.30925579743 0.32168792171 0.56196739655 0.72373049284 0.34291331532 0.444982385 0.022910553874 0.073750225809 0.043839527022 
-0.030658383372 -0.025552842237 -0.089162415156 -0.060841721839 -0.025486990997 0.01833361785 0.12273975651 0.15778330366 0.17506559026 
0.21138338583 0.27929043101 0.35781889891 0.48619967923 0.52245681292 0.52682321907 0.59909910487 0.77453410023 0.68779615306 
0.81712035422 0.98595416788 1.1952489809 1.1585941939 1.1251994219 1.0566074124 0.8035936847 0.97198264507 0.55239963679 
0.53910785661 0.60043673061 0.72633128885 0.70695233738 0.80103298879 0.8149973895 0.68050800355 0.54926318099 0.28414791728 
0.5309412881 0.29798756018 0.18686194745 0.18376904675 0.13343161312 0.048455847356 0.098931346114 -0.019479792604 -0.07897758147 
-0.097387688084 -0.11893453844 -0.086983920486 -0.047721645855 0.0057674116074 0.070251157439 0.058188574503 0.099304030663 0.13314174086 
0.16730378961 0.23658975423 0.27364742319 0.40233217808 0.69353381325 0.91169528474 1.0909300949 1.3111172184 1.4655229448 
1.5086498806 1.4747242904 1.422507919 1.2893696289 1.1947313971 1.1182878795 0.96145852715 0.94714923479 0.9449819546 
0.67489669491 0.74922461602 0.26198711 0.19679615303 0.35641605295 0.14640450305 0.10931769185 0.17434818126 0.033423039225 
-0.072403472993 -0.13084611116 -0.038901113474 0.058576304243 0.1300878537 0.14666671712 0.24859959892 0.42787753512 0.6153555104 
0.73513003653 0.77214121625 1.0551915827 1.2980264174 1.2466371065 1.4395135726 1.4926336969 1.376250923 0.96050916232 
1.4054948596 0.79672959113 0.65102284307 0.45251742347 1.1876183083 1.0208518892 0.41212202182 0.75783891933 0.52758725783 
0.52453057655 0.8756911595 0.88026239011 0.82859222259 0.38036328389 0.33844495753 0.35244613431 0.31846529295 0.31707868609 
0.25434736597 0.17296353221 0.13620621226 0.12001981493 0.22523465336 0.26692571098 0.29217991748 0.21724484314 -0.08636078087 
-0.072224609454 -0.0044770403647 0.167362094 0.25396161625 0.27216147464 0.41290821116 0.58929610539 0.68076988458 0.84744412192 
1.0221444752 1.1377109063 1.0923236967 1.2370523021 0.58278390862 0.57006329855 0.99246484821 0.50299916106 0.2692137021 
0.95357686643 0.46317993721 0.72092091767 0.49905659863 0.51202813219 0.28853078766 0.1890030292 0.21867416112 0.30858794085 
0.12289446337 0.085387225243 0.096819538704 0.13278578885 0.41140002841 0.43465305598 0.51095095576 0.61353958455 0.4271163984 
0.44735213044 0.45218980156 0.69703220188 0.71573410576 0.37175413636 0.60561137323 0.27450968922 0.25761851123 0.27417933548 
0.2160701801 0.19948277373 0.22177037137 0.18919501325 0.19571315872 0.17827016592 0.20335715111 0.18747927569 0.23465123984 
0.19084674439 0.24640972672 0.18653096512 0.28411757632 0.18385756609 0.33760194682 0.17480036118 0.29376065588 0.21411458499 
0.34299624239 
Circumferential_Strain 1 1000 double
-0.32641173057 -0.31547405945 -0.31321151972 -0.23626218903 -0.18463682831 -0.26107938905 -0.28788747093 -0.27052594833 -0.23640659156 
-0.12797652038 -0.069653119533 -0.054037472188 0.0038439107471 0.031947423813 0.075982635914 0.095564087862 -0.098182263071 -0.018761751765 
0.075227394191 -0.13076056503 -0.18148056455 -0.091402048703 -0.16038742945 -0.1995362991 -0.24460912777 -0.21964483834 -0.14921254338 
-0.057938349997 0.032341388953 0.099845643581 0.12460022712 0.12782710059 0.10740780154 0.11772048865 0.14475368462 0.1981677349 
0.37682806246 0.26488755964 0.4928758062 0.19030570056 0.3746570086 0.016567678999 0.03609947938 0.15554646381 -0.089046273887 
-0.17822953416 -0.20763153156 -0.14333370755 -0.08732576151 -0.030335506804 0.026693419519 0.085605587967 0.11028955518 0.17113422258 
0.21106157987 0.26266173047 0.33385956756 0.33721646639 0.43829678726 0.4953214175 0.61358428687 0.77860597285 0.70027468442 
0.55654948047 0.36046324385 0.17873971563 0.0052678386297 -0.1527962619 -0.15204350263 -0.13897465877 -0.097396191271 -0.057721691231 
-0.024451184341 0.032181630509 0.10958414153 0.52092608009 0.44244428819 0.58959066775 0.61930493697 0.58226859294 0.74663979696 
0.83953579176 0.54233229078 0.35388434359 0.12373923245 -0.029396535427 -0.11279725392 -0.13725358062 -0.13048616521 -0.10232436501 
-0.071204242516 -0.042761121795 -0.010373960724 0.058557933785 0.27893947989 0.16718656281 0.49827182435 0.66232787844 0.63505416547 
0.68105445391 0.92756668933 0.91256747533 0.65930300519 0.84787303037 0.46170925584 0.065350216235 0.23239384569 -0.048966913776 
-0.10507181938 -0.12334339221 -0.10743839855 -0.082306835358 -0.05546149677 -0.025211754121 0.016988106163 0.095589420155 0.34412699226 
0.62972159392 0.68185718456 0.70155315436 0.89793619969 0.99735943496 1.0421879733 0.81209005125 0.53647789212 0.22209350992 
0.037380262475 -0.09849185333 -0.048195011933 -0.10500290533 -0.089153084419 -0.066307330309 -0.039540606981 -0.0048809306252 0.038090823111 
0.12646323206 0.21565994548 0.37646502094 0.5320162032 0.65954288946 0.71477433727 0.96677190931 0.94406432668 1.1104134519 
1.1428191061 0.92280827223 0.30694965745 0.13068940978 0.034264794719 -0.082864279225 -0.088443802626 -0.069542216018 -0.041727293465 
0.0029320931774 0.057559260375 0.15320295026 0.24495488572 0.38248686171 0.52349307217 0.62574660158 0.70994649103 0.723761378 
0.97942553483 1.0852021116 1.2079364223 0.98639448001 0.6140058222 0.35490082038 0.16365950485 0.060099414432 -0.02933142469 
-0.055752732231 -0.075491279738 -0.066829656434 -0.042479702893 -0.0076967962794 0.077174858554 0.17238664533 0.28431799469 0.23815522424 
0.32825881866 0.45475572112 0.59972535073 0.70054568607 0.70315409482 0.72249777912 0.70135214751 1.2458835628 1.1854492872 
0.97245711354 1.0506536888 0.9454292363 0.58638873834 0.29250090522 0.41406024095 0.17111771719 -0.00050510032109 -0.045095847275 
-0.062155191642 -0.040988634648 -0.0035070777027 0.046661957504 0.12218328092 0.11395526781 0.18929447821 0.47096572178 0.62800604606 
0.67887271076 1.1938366749 1.2313290809 0.94756455602 0.66098112299 0.97652279088 0.29669843791 0.21586704178 0.095623062722 
0.024964492806 -0.021814494557 -0.044398621169 -0.0092318305315 0.044317722722 0.047638915836 0.11248700377 0.1774974841 0.26000402209 
0.24637440451 0.30765451245 0.36600168955 0.50400057732 0.61733877956 0.65151076611 1.0147519365 1.1189117691 1.1847014416 
1.0271729604 0.93975745071 0.69114016643 0.46370331699 0.35402290654 0.25338994372 0.13182564588 0.054622948141 0.0039753353366 
-0.01761537492 0.0090875341822 0.038595131133 0.10998278631 0.17685550915 0.23882311248 0.33984837375 0.3953177077 0.50999260043 
0.61646787741 0.58227183729 0.88419055503 0.95321386344 0.97719908979 0.99855293249 1.0710244145 1.0158524727 0.50369708553 
0.44525349298 0.35396859664 0.17749480178 0.30599820626 0.098616694419 0.035331748515 0.040985989621 0.064223186196 0.12200783554 
0.19159655247 0.2555911639 0.31545309375 0.30944908429 0.38304833331 0.43561181365 0.51134430533 0.57827214452 0.53557239086 
0.54339069428 0.4944788647 0.95664225045 0.81250468367 0.95185632288 0.70668943186 1.0014101035 0.83926981878 0.80463062163 
0.62127408737 0.5472569507 0.50968820013 0.42302138493 0.37675338758 0.25075047545 0.13377483902 0.064307357916 0.10190664426 
0.13441245448 0.21005417557 0.28293788649 0.34892633861 0.38899173108 0.47772352735 0.44061622394 0.49500840905 0.47143322847 
0.42174877195 0.73458647107 0.82028676565 0.61194578289 0.54631157221 0.47077836691 0.81477149249 0.51350852466 0.697332899 
0.62212265934 0.57897965855 0.56593783722 0.50623275242 0.55008720669 0.47991560144 0.41049401699 0.28486910945 0.15153743905 
0.16079754818 0.099302425122 0.19497191712 0.20822784042 0.29531290773 0.29734892471 0.3600300247 0.40540203 0.41995511293 
0.44993376441 0.47267489854 0.48916331335 0.44708017825 0.4047022577 0.37309973608 0.40229199633 0.39492942116 0.36083278475 
0.70226377203 0.67826020261 0.71174250313 0.64119070387 0.60250184919 0.57662407862 0.56946816647 0.53583548632 0.44545596003 
0.29922355122 0.1463034763 0.1583346258 0.30607367806 0.27230554347 0.38796177882 0.42844945748 0.44343937163 0.44904607531 
0.45139992306 0.43758034155 0.44259842551 0.39995245917 0.3964677086 0.36885946915 0.34364518434 0.33587835066 0.33043664447 
0.39279273184 0.53187615266 0.55447859914 0.56548042194 0.63878957178 0.59484319218 0.56450759783 0.5436640065 0.54579489534 
0.57345173341 0.54649637666 0.42192737303 0.22510927801 0.23419354584 0.3802163516 0.40204378929 0.37868489411 0.44537984429 
0.45453695352 0.4564420028 0.45363550974 0.45128478454 0.44591833892 0.43246312299 0.40461259928 0.38232684906 0.37098203213 
0.35876666509 0.35394640892 0.30181750886 0.31717485564 0.31230511626 0.32290341743 0.38606458976 0.42668624723 0.54232979486 
0.51431749766 0.49081102469 0.48418283527 0.51046221209 0.57337878333 0.555949036 0.32180583344 0.19043466649 0.26639255378 
0.35243631058 0.47065904795 0.47462929232 0.47862646322 0.46825061361 0.45784505556 0.44078266268 0.42528000336 0.41044755291 
0.39153214594 0.37354770716 0.34951865628 0.36100831051 0.2840431361 0.31317172589 0.29866981404 0.29441141938 0.30056697427 
0.33938701295 0.45065899806 0.35644201287 0.44066123625 0.41690153706 0.34853439777 0.40957650919 0.5572879338 0.59431517918 
0.3286387134 0.49829231897 0.47666690094 0.51582042819 0.49672835335 0.48483243957 0.47612615932 0.46643468611 0.45019267688 
0.40782294111 0.42619996301 0.394616305 0.39039667071 0.36123392783 0.38896509544 0.27196605053 0.31126960222 0.3311937344 
0.36512329939 0.34121965002 0.29862701019 0.2620838735 0.31297951957 0.26082550573 0.28852255084 0.33989946631 0.42515352183 
0.36456551918 0.38448376657 0.45546245523 0.45879044107 0.3142896438 0.48775385788 0.54646362026 0.50678170822 0.48204423729 
0.46010937768 0.45970815585 0.45432166399 0.44390146843 0.43715542515 0.4202377317 0.41343076282 0.40756190516 0.41154864264 
0.42289186495 0.43056559332 0.40386533585 0.27969748716 0.30130720339 0.34636603051 0.41720087258 0.40264550922 0.32487690077 
0.24959795929 0.23259242024 0.25275473731 0.28852310296 0.32745025659 0.34177945596 0.35873481075 0.39082094248 0.35160911383 
0.32225617594 0.35061599937 0.51104346376 0.46208237009 0.48105102865 0.4547025853 0.43217542618 0.42873636161 0.42553575116 
0.43008975435 0.41912182421 0.41240085325 0.4067433701 0.40690991599 0.41539076594 0.43928102602 0.45805696747 0.44293387022 
0.32044656938 0.46035251094 0.46949787517 0.38144036938 0.26299143995 0.21819331439 0.22912600755 0.25826591324 0.29200027222 
0.30844116127 0.33595893564 0.36375701802 0.35552555399 0.34133906887 0.34223724194 0.39447499433 0.4378471009 0.46529555261 
0.43406615583 0.40646204962 0.39541004238 0.40090798765 0.40380021327 0.40591748474 0.39811215462 0.39816368983 0.40763665892 
0.43293957036 0.47273311527 0.46460082886 0.45233243023 0.36224432398 0.39575757015 0.3975751907 0.50834346212 0.41127722029 
0.28559062132 0.22801511836 0.22328948752 0.25109348274 0.29662096177 0.29061879639 0.33575936451 0.37005386151 0.38843738899 
0.36794520915 0.36949465145 0.39629044351 0.45202001029 0.43231427893 0.44575801829 0.43162289354 0.39500436623 0.37851945089 
0.35442648986 0.3758143781 0.38985573753 0.39922764653 0.38261623611 0.39238542114 0.40199361868 0.42637365869 0.46722257631 
0.4584846074 0.42183437682 0.40786414401 0.51540819444 0.51535863904 0.52618348526 0.42321341445 0.29568909035 0.24301956243 
0.27389978382 0.25147573515 0.34149438687 0.34827336722 0.38544876361 0.41691071177 0.43252276694 0.40397461214 0.40945340732 
0.43376355332 0.44790454522 0.4357253631 0.39671428821 0.38068430048 0.35986511631 0.35831024833 0.38859158507 0.40695907532 
0.39277425203 0.37749278594 0.38335852319 0.39636825281 0.44596339807 0.46237829845 0.41489501819 0.41162745712 0.441823707 
0.46560644047 0.46580940878 0.55965031188 0.44441597551 0.31597112269 0.26920582842 0.31908761411 0.3109156981 0.33275075003 
0.38581507145 0.45504617394 0.40970831317 0.43644654815 0.46546804944 0.47207045474 0.44241380954 0.43875748776 0.44653370656 
0.45981210563 0.45186190811 0.42102077243 0.38485210253 0.36711714546 0.35786537159 0.36540052711 0.36180050168 0.37509041063 
0.40650561903 0.4061680373 0.42483124389 0.38032193355 0.37134134393 0.36475263245 0.3653878978 0.39892988596 0.44294733244 
0.43039044339 0.41606096236 0.42397729293 0.35541378766 0.43163465542 0.50445064918 0.54275020069 0.55707397897 0.48755393894 
0.35289211212 0.31383403357 0.37957478306 0.36391637124 0.39060397033 0.45599447684 0.48259791739 0.54449479879 0.51322704951 
0.4690909451 0.47206636363 0.47201259045 0.49273404026 0.47546489321 0.44716974313 0.40547611519 0.35690213474 0.35125757275 
0.38153074671 0.37640830558 0.411547034 0.45453890431 0.4001161772 0.43653482969 0.39060196338 0.37776364659 0.36718949005 
0.39798739812 0.41280259608 0.39991782293 0.39214637302 0.40264493532 0.30979087231 0.42283478551 0.52166800301 0.55694593785 
0.55203629151 0.47828211452 0.39876091726 0.36321829107 0.40610062471 0.43210412727 0.46050057249 0.51207582757 0.5193216222 
0.54721719049 0.49803432408 0.5219933525 0.49666084652 0.49906300034 0.5105747421 0.48293441738 0.43858365384 0.38796173489 
0.37485284012 0.37599404519 0.36070655066 0.41535398396 0.41867445984 0.45628575221 0.49170275704 0.44223631561 0.44365801199 
0.45396890029 0.41439089339 0.38838461625 0.41325307225 0.38250367671 0.42728864682 0.3752259832 0.21921343843 0.38078933415 
0.52369690011 0.53689245781 0.51368337806 0.45230015741 0.42913815676 0.38821150854 0.40924874271 0.42912498354 0.46545079638 
0.49793943936 0.5338456691 0.5666785421 0.57894634006 0.5778441812 0.55601995851 0.5266507668 0.51044620567 0.51995198861 
0.52241571002 0.4855655042 0.42144867128 0.37937693218 0.38604922847 0.43533464573 0.47846731563 0.51444510392 0.48957406227 
0.54115192614 0.49731799053 0.50369299342 0.48380812088 0.41080904607 0.46160679538 0.36950959948 0.31461209903 0.49710093225 
0.24669888322 0.44470739916 0.50778249219 0.48194058447 0.41600519188 0.41426465344 0.44533365268 0.48748629754 0.52241750829 
0.55439228224 0.58877486007 0.61303316436 0.61414695437 0.59486900551 0.56090085631 0.5264249298 0.52506427687 0.53650791578 
0.5158050117 0.45856249231 0.40145414982 0.39744627449 0.44733731291 0.52513864032 0.58581430422 0.59441915773 0.54989825167 
0.54612329587 0.51353713082 0.38889355846 0.23138156815 0.044571415366 0.39855996901 0.11416563382 0.050936364259 0.14062316632 
0.46474611955 0.44752781484 0.39769771405 0.41852058302 0.45729319904 0.50513562019 0.57757028949 0.59929361008 0.63143790041 
0.65592809407 0.64258299839 0.60841845219 0.59506400164 0.54654399918 0.52897847253 0.53741190795 0.54738041567 0.53472674888 
0.49485561586 0.43023935961 0.41202570581 0.45211548166 0.53589976991 0.59018510085 0.63491185162 0.53477223949 0.6179387568 
0.58188052763 0.54197752276 0.40704851864 0.35370833513 0.13331134239 0.15812336709 0.039091340868 -0.0086532812613 -0.079586503665 
0.071841851977 -0.065889344398 -0.092292902052 0.084431274463 0.1508231465 0.32260257757 0.32256201374 0.44307398176 0.39113387285 
0.39599679576 0.43498207567 0.47881164322 0.5261383073 0.57307174199 0.55200965019 0.60708052452 0.61456332445 0.63085234285 
0.67171524186 0.71542598114 0.68786923983 0.66078879204 0.53913576989 0.54718740851 0.51854572484 0.46623364037 0.41493533505 
0.42605261977 0.45522856996 0.48869652433 0.49359712265 0.52704959193 0.40443100024 0.47900203974 0.39710757675 0.32789952953 
0.093037829122 0.095300599426 -0.048681892278 -0.034371331597 -0.065277260817 -0.083332699914 -0.063538578649 -0.093623742673 0.34147971275 
0.37480964783 0.39429237655 0.55522263103 0.64651689842 0.65763579566 0.66761796525 0.72173613686 0.7418154977 0.70443647074 
0.63607396904 0.57365526718 0.55813208179 0.55074945131 0.53559894656 0.45975129346 0.44068349239 0.41954758914 0.4206885627 
0.45071044165 0.41556192747 0.38632780056 0.38045204224 0.44552344714 0.42671554898 0.35141052166 0.33670228208 0.34551678289 
0.23105878151 0.27896429959 0.23672460275 0.16796217678 0.24919543307 0.13608006232 0.087517856607 0.033569236879 0.0063699539247 
0.15284843227 0.079080680037 0.020390653445 -0.025950058994 0.1851428349 0.19072909015 0.28556572759 0.31323116399 0.44071777942 
0.5039092747 0.60536685641 0.61467458833 0.64949164152 0.70482929569 0.74953830603 0.65110419305 0.67479183199 0.61441486356 
0.58331446 0.55677556434 0.51827645794 0.4735831245 0.43582592741 0.39146239806 0.39985233246 0.38156292651 0.37783904255 
0.41927102374 0.40247186326 0.41340084242 0.40325937306 0.40356596432 0.23849018212 0.22207971022 0.16657201521 0.23696735556 
0.35568350992 0.41647011355 0.48537340446 0.55557117128 0.61611427946 0.68176907645 0.58075029905 0.45086239192 0.38959149396 
0.32168044061 0.36676640506 0.45154797721 0.48189098962 0.41156846903 0.47454681652 0.40510222959 0.39016975763 0.20873155189 
0.12329962165 0.12970058205 0.21345706977 0.16312346807 0.26263185409 0.18542221549 0.30823479845 0.21930274725 0.38936139733 
0.23938679611 0.41723506877 0.24696901973 0.41595574612 0.2599685583 0.4219303131 0.27640177754 0.35141406843 0.27994894738 
0.29082348227 
Radial_Circumferential_Shear 1 1000 double
-0.056171505356 -0.091971819649 -0.10287351892 -0.068944808709 -0.010479213399 -0.094263927802 -0.10674328133 -0.15284708484 -0.16325205264 
-0.13581623343 -0.037840044009 -0.00036806834944 -0.093544726772 -0.019839617847 -0.047966819981 -0.011475829932 -0.089024940708 -0.051164780135 
-0.06438364861 -0.065387099805 -0.1265355134 -0.16501781292 -0.19007514526 -0.085096266208 -0.1132831852 -0.174873648 -0.20639177516 
-0.18214393278 -0.1411392514 -0.083451491787 -0.012554167351 -0.0074542920065 0.01067412066 0.034809090278 0.040165930008 0.054455192814 
0.014090488602 -0.037730547671 0.017423331031 -0.12416423542 -0.070979254965 -0.12548864807 -0.17498698583 -0.027895696773 -0.19709837769 
-0.20552223798 -0.20968090994 -0.20886222436 -0.21033457289 -0.20663820576 -0.18040943575 -0.11525587049 -0.034702196265 0.06860314906 
0.0039753978663 0.082250128143 0.10700220699 0.07315949939 0.080473023972 0.067890560069 0.07318270959 0.15243328108 0.063443975445 
-0.058182082417 -0.14599792823 -0.16987050906 -0.16932031439 -0.19547621239 -0.1705669842 -0.18132873198 -0.19538492006 -0.21617594815 
-0.23454885764 -0.21658607543 -0.15186072123 0.1002486208 0.075201455443 0.070334754651 0.13418302046 0.06319473753 -0.05994621105 
0.11450952279 -0.1487692279 -0.15882211556 -0.13614379812 -0.10919686289 -0.15441246123 -0.13370682909 -0.14954505248 -0.1712355737 
-0.20239218463 -0.23934884946 -0.26074295569 -0.24293396325 -0.068704782336 -0.1852638319 0.06913252708 0.13166269493 0.075611379451 
0.16935454705 0.10996858665 -0.062960478996 -0.15447629493 0.2173207142 -0.1227849489 -0.063852988603 -0.099822942042 -0.049865918132 
-0.096716583435 -0.10750220495 -0.13677143131 -0.17620975194 -0.22307543857 -0.26562124689 -0.2762432565 -0.25532994545 -0.064995857045 
0.18112412722 0.20893355127 0.23652453127 0.18154235605 0.055280427123 -0.1085810477 -0.15829899961 -0.093402811361 -0.031651084094 
-0.00053019616248 -0.061436467637 -0.0080399492781 -0.097294282917 -0.14334394769 -0.19444325894 -0.24342269392 -0.27828605308 -0.28426073087 
-0.25643857123 -0.18447361969 -0.038662411825 0.10400243197 0.25550906548 0.2879770898 0.07721362221 0.14728667238 -0.09334332669 
-0.20682147212 -0.19090213213 0.018953505149 0.042360099816 0.051060114477 -0.048451307311 -0.10789231291 -0.1670358659 -0.22467203246 
-0.27106584274 -0.28433329618 -0.24689682825 -0.16761785026 -0.012926396094 0.15551365711 0.32380744407 0.33683315607 0.38261722345 
0.044111225506 -0.085148009641 -0.33518547213 -0.24487318312 -0.082885375571 0.057154665127 0.094989140449 0.087079051474 0.019494116143 
-0.021748661083 -0.078607661953 -0.13964777047 -0.1964323039 -0.24664783592 -0.27962499671 -0.23761039822 -0.11725704575 -0.17166760615 
-0.018272509479 0.14205230768 0.37727628429 0.41505678873 0.46246211137 0.43444089193 0.46104969448 -0.38453368887 -0.45039472152 
0.0050842784443 -0.11478473532 -0.262490759 -0.034370455101 0.12098133753 0.1086424643 0.1456675931 0.04121079651 -0.033009048331 
-0.10614894967 -0.16781174471 -0.22185066694 -0.27796514789 -0.27544979535 -0.27848529042 -0.24325106671 0.22079227853 0.43593673838 
0.49167846046 -0.41798398327 -0.532221384 -0.032897965636 -0.019269543254 -0.28381980177 0.18133064485 0.18121072652 0.11697018856 
0.049530841432 -0.04013607199 -0.11830616303 -0.18890697993 -0.2395254467 -0.26393409355 -0.27051501115 -0.264459939 -0.14343714596 
-0.20759429194 -0.09744960278 0.036720924564 0.27302532252 0.46550463883 0.48456011554 -0.18194880834 -0.4587665327 -0.64179263674 
-0.39423697013 -0.11805146738 -0.0020449804208 0.15720934422 0.21467368807 0.19473208153 0.13286263788 0.05229392311 -0.047155128431 
-0.13805135907 -0.14301162628 -0.21009169217 -0.25307151193 -0.26450632852 -0.23923133812 -0.097171489448 0.061047804453 0.29074375661 
0.50608498501 0.48619592108 -0.25737271554 -0.22383939394 -0.36864976893 -0.28638336746 -0.61833959698 -0.51537134491 0.17690470269 
0.21517832434 0.22077200155 0.14166338788 0.19701308152 0.062094738076 -0.047607803729 -0.14671725939 -0.20241317399 -0.23795144028 
-0.25159955011 -0.23691758894 -0.19284081431 -0.17665040388 -0.08082946493 0.075601814864 0.32468859404 0.45854522593 0.46707138949 
0.48035276872 0.43398132364 -0.59670868916 -0.30785760953 -0.73736809612 -0.20713174951 -0.67125045799 -0.37486927576 -0.16097886751 
0.082668108258 0.16292361772 0.18711237076 0.21156063245 0.19365232035 0.15110080986 0.058154759186 -0.072668415267 -0.19269621969 
-0.22738948588 -0.23704778002 -0.21994572052 -0.17175154634 -0.10812442752 0.15815727654 0.013091106809 0.39694667395 0.41271529667 
0.34041259762 -0.45981672022 -0.69092449168 -0.54995085264 -0.17326727009 -0.25289731447 -0.56249155572 -0.14110187115 -0.063770674723 
0.063370900522 0.11981459323 0.11747873744 0.1768367438 0.12178784895 0.17587302343 0.17195865364 0.13904300705 0.041271048334 
0.024661973227 -0.11112067637 -0.21256378626 -0.22723421932 -0.20904242842 -0.20393672887 -0.16739364812 -0.11429969267 -0.07833866132 
0.0071258441113 0.14253555137 0.29000129539 0.34417720674 0.30463713012 0.2312084942 -0.10098032003 -0.094757763512 -0.11263346178 
-0.60617899955 -0.40037166173 -0.23972827602 -0.051003500892 0.024896844923 0.038516512118 0.035397655842 0.12017804007 0.1506708688 
0.13222084082 -0.085380305739 -0.17575588047 -0.19946711507 -0.20356377832 -0.14537704335 -0.091090555658 -0.042803163583 -0.0026242884992 
0.071836472425 0.14336466219 0.24179804179 0.16743065598 0.2416323601 0.19270329074 -0.053702723941 -0.051043654934 -0.04795210999 
-0.30964445277 -0.53674231596 -0.48292268874 -0.33318112531 -0.20144666664 -0.095157448595 -0.050780186048 -0.043753522035 -0.051286821895 
0.030166892332 0.093647875267 0.15364729357 0.084171887331 -0.18047110692 -0.16448166108 -0.14004179721 -0.15599434567 -0.079934566072 
-0.051363772352 -0.010837736074 0.021468031388 0.055880475843 0.077665381384 0.088006033134 0.10665925823 0.10574422933 0.1348850323 
0.085125987024 0.12957275889 0.012099495733 0.0028123172696 0.077794909731 -0.14063888311 -0.36236065489 -0.36596065954 -0.20492579916 
-0.13782160173 -0.11528655786 -0.11018163769 -0.11012195103 -0.026047623413 0.081115499873 0.14167574784 -0.075959654882 -0.12608974822 
-0.17401660387 -0.079754981288 -0.032673201647 0.013781902394 0.033992413945 0.065940766843 0.11380490841 0.10165757569 0.10170574363 
0.096276634324 0.040854379783 0.030754568197 -0.058477597899 0.047755795854 0.11048327086 0.019950122807 -0.11600084726 -0.2215895324 
-0.26061293131 -0.2729350997 -0.21765068294 -0.19456041018 -0.15687750859 -0.16913206796 -0.13701648104 -0.094942234688 -0.004254469607 
0.13649586736 -0.12330172457 -0.108400025 0.026169692871 0.06582404667 0.090730603566 0.10118979076 0.1180404216 0.14149318395 
0.11569212036 0.14166959249 0.053207386059 -0.036870533034 -0.023826500671 -0.094226270592 0.12744276649 0.18443261257 0.26702248225 
0.32078399141 0.25405555488 0.12225261196 0.01162734441 0.23744284417 -0.13532711759 -0.15401051301 -0.13406244635 -0.13314934485 
-0.12566711469 -0.12863009996 -0.14372494065 -0.16324087091 -0.098899343449 0.15444143346 0.034386441493 0.12463809366 0.15398995468 
0.1819631164 0.17587236442 0.19385821722 0.20259033478 0.16759657345 0.1957842907 0.16183676191 0.11418884763 0.028284989082 
-0.084852405493 -0.13294893336 -0.11040280686 0.18696244519 0.23036688041 0.28406605122 0.44061468026 0.43585952655 0.29434917596 
0.076808562115 -0.072569885196 -0.1000746529 -0.12235830631 -0.098244948901 -0.101345022 -0.092820972564 -0.14146603932 -0.10263525692 
-0.071735314813 0.10892731924 0.13933716024 0.16725228824 0.17206532686 0.20084096864 0.23444928122 0.24682232109 0.25665631484 
0.21525098476 0.25673372102 0.24250866627 0.21437629642 0.17273219206 0.10454315164 -0.0052279664042 -0.11642872584 -0.13063565026 
0.27030224424 0.48513115014 0.53536808379 0.39350665936 0.18189422889 0.030820650903 -0.038721655143 -0.05861085923 -0.084267565119 
-0.054925187422 -0.061526848541 -0.057645671487 -0.059765850222 -0.035432906377 0.044552980452 0.12185261103 0.15723831713 0.17439329691 
0.20956956856 0.24942770383 0.28005953292 0.29205749232 0.29053868848 0.27686238583 0.25376438047 0.21710142319 0.16516683448 
0.07556010032 -0.075822475936 -0.13915155999 -0.13440641371 0.32702992033 0.34228213183 0.35329021487 0.56466246867 0.43477024407 
0.23445751924 0.095178651834 0.021518696795 -0.00025391171774 0.025513293737 -0.021080452658 -0.020789528144 -0.027126205354 -0.028499081679 
-0.016823134063 0.029843096951 0.090958603537 0.15749210627 0.13414503352 0.16374441643 0.19166902692 0.23480808977 0.27660124316 
0.30254597025 0.30721234724 0.30097857288 0.27942152027 0.23995962938 0.20703170302 0.16588184417 0.090281558367 -0.048506348077 
-0.14063134811 -0.1211503561 0.39188554018 0.47925401853 0.53813378888 0.55911516555 0.44014621079 0.25761887964 0.13227564193 
0.096583524969 0.056657854099 0.013343213329 0.043723509246 0.00062276086887 -0.012818330154 -0.013555538764 0.0039659751202 0.051751997706 
0.10034729123 0.13062437822 0.15298142516 0.18951389816 0.25371672017 0.29059895781 0.30807010091 0.29968938497 0.27619328728 
0.259259092 0.21320650446 0.1703154063 0.10671740351 0.0028654270192 -0.12037166384 -0.11671340661 -0.036588387739 0.41967758998 
0.42480932714 0.41615706874 0.54755640984 0.43754578726 0.26761245098 0.1590018597 0.12078251528 0.062622236613 0.089823820105 
0.067605638008 0.04961360102 0.032387789975 0.0076819434636 -0.0041039138397 -0.0038878580681 0.004507605914 0.034737989889 0.071122424181 
0.097014398046 0.10838275537 0.12696388366 0.15294972599 0.20858524336 0.24740467063 0.26791982783 0.29832841176 0.28534604603 
0.28161096004 0.25913855832 0.26588183002 0.24072409553 0.21174856052 0.16651972355 0.11102829524 0.034854245232 -0.062148995628 
-0.11528886255 -0.018083834462 0.082792436791 0.35196329118 0.41346885003 0.44655818575 0.47983433579 0.5091480162 0.44386251474 
0.26669296197 0.16905677794 0.12790229755 0.16344709097 0.097909149388 0.073106317981 0.019517571724 0.0078219870194 -0.0032479909103 
0.016934447683 0.051565616533 0.076380195845 0.071606010512 0.082069275261 0.076507064075 0.089025170976 0.18442001139 0.21126735819 
0.2467743517 0.27290311632 0.27384590948 0.27098328062 0.24415147785 0.2653204888 0.2176202393 0.18135285167 0.1056208261 
0.00027540572956 -0.017627813975 0.083447438953 0.15614795294 0.2314875812 0.33016266974 0.38071923041 0.44268603198 0.46893392141 
0.48307620016 0.39463735251 0.29582824442 0.19914104 0.15124228714 0.12474313134 0.096735671408 0.065606916997 0.040470139921 
-0.010987640358 -0.0015694559275 -0.0095117008347 0.016728014468 0.058104386842 0.058222770072 0.054870014102 0.038098794609 0.062060198322 
0.12387222738 0.20254311831 0.13932116257 0.24680548674 0.26781200239 0.26801101413 0.29940289899 0.26418774959 0.25739365286 
0.28888345267 0.26342190036 0.068857656476 0.11434481135 0.081354917525 0.19405509881 0.16679353299 0.292090764 0.35393626922 
0.41671958662 0.40045517153 0.40259577947 0.27601838154 0.28927878921 0.20024517666 0.18955875884 0.14541296444 0.1178822976 
0.095380289655 0.067215015556 0.035149273837 0.0087850879783 -0.017552023244 -0.025419809814 -0.0077263446576 0.035081310118 0.06279716097 
0.044271355767 0.01557579557 0.0075195392898 0.071983750543 0.16416461494 0.24434210799 0.27887273902 0.29874978261 0.28396445589 
0.35730147409 0.3327337218 0.36421159313 0.47313486304 0.30333650726 0.2430679259 0.29472584644 0.21706676974 0.25574437199 
0.30234120426 0.35248318128 0.35582901868 0.30156390195 0.20078462217 0.16502656335 0.12792487215 0.10049133856 0.07959853434 
0.058137536782 0.028176517601 -0.0051562921962 -0.032992879778 -0.050947130511 -0.049499270551 0.0044488046502 0.046769067764 0.044840753123 
0.0020591405489 -0.02897536076 0.012667445407 0.12536559688 0.24743856795 0.33846865623 0.37532204495 0.42405639236 0.4154446959 
0.47784915295 0.50037974714 0.51202387414 0.38978538393 0.059208838306 0.19089829562 0.24477032661 0.19742295891 0.25749983292 
0.28065774473 0.23922038337 0.14292327694 0.12384819192 0.10232963583 0.072911448982 0.029452480328 0.014579615897 -0.021923931984 
-0.068855301844 -0.090901909592 -0.096482599087 -0.13205256828 -0.050017834091 0.013698695782 0.030367394645 -0.011846307291 -0.009567664622 
-0.042079883634 -0.032297457626 0.10753459913 0.26157605405 0.41206213461 0.51392439951 0.52863085542 0.56792269232 0.51738687603 
0.5426494663 0.60126073511 0.60011118579 0.58505333408 0.41683102819 0.45809257857 0.29157697003 0.19109240037 0.070853485616 
0.1746713611 0.059199156371 0.04135368739 0.12969090212 0.2404821119 0.32832876465 0.26881589307 0.3083711248 0.20296420071 
0.17042257386 0.060155769106 0.049324039903 0.029277267572 -0.0054977627237 0.038946977051 -0.043195724357 -0.0347488306 -0.033389840311 
-0.093330656601 -0.18221207929 -0.15505674608 -0.18906207417 -0.039190347653 -0.048124253854 -0.074015633525 -0.042337324561 0.05023449328 
0.20128601404 0.27560308262 0.38852470501 0.43272730152 0.56592241246 0.38007921845 0.59564493692 0.59570970992 0.59451617533 
0.30107127608 0.36240403176 0.1124684758 0.096352877858 0.10846824209 0.076518923122 0.086574823359 0.052248443726 0.11949136997 
0.033025701748 0.083323674355 -0.081738790681 -0.13099082847 -0.14250061609 -0.11674231736 -0.22636132587 -0.31413996195 -0.344640887 
-0.27916121484 -0.16375677327 -0.16258284824 -0.16793397698 -0.11146772829 -0.05626558787 0.037016995327 0.15778770361 0.20745114245 
0.30111481093 0.20906584106 0.21431363492 0.15173439146 0.31841311525 0.31342161172 0.15484977852 0.21959702326 0.18982400603 
0.13221965374 0.29426235857 0.33468536953 0.32214083012 0.12317343689 0.075400959096 0.082305738944 0.078896899507 0.098712701455 
0.069220341098 0.057093189758 0.051778632013 0.066471643945 0.042307303791 0.13939315563 0.083150395028 -0.0663987254 -0.051034211098 
-0.076126349586 -0.09596733688 -0.24840775095 -0.28093646446 -0.26783314798 -0.35184880337 -0.39606206449 -0.40508099328 -0.36677004971 
-0.28993896903 -0.22998839229 -0.15448811737 -0.08580247965 -0.0074191713534 0.067444278832 0.057286229234 0.13291890082 0.091119848382 
0.1105123756 0.12874807949 0.15976673844 0.16402706324 0.14693352643 0.039619949373 0.032105207032 0.0074127528592 -0.013915679922 
-0.15441822477 -0.19933940085 -0.21890430932 -0.22796176157 -0.32656810959 -0.34615308361 -0.33372335607 -0.2523318072 -0.17668859589 
-0.086967547415 -0.056998755827 -0.20051118798 -0.15448670916 -0.028886965325 -0.085041773933 0.026099606481 0.068853152108 -0.093023596402 
-0.045760989726 -0.096459795714 -0.15022764653 -0.12145233685 -0.18464677051 -0.12987491254 -0.19009539488 -0.12117938247 -0.20874845748 
-0.11243432345 -0.21343277141 -0.088707980717 -0.1948234267 -0.058986584501 -0.18456213036 -0.028874841338 -0.10550601148 -0.029455686318 
-0.075134879893 
AreaStrain 1 1000 double
-0.025807416742 -0.044413391735 0.010354588314 0.25030814527 0.32941407735 0.090161151008 0.040861532171 0.11837722116 0.23243926728 
0.51745846597 0.60230694178 0.58111801137 0.7788977901 0.75921837489 0.88422465502 0.81730126498 0.36409094121 0.44033034362 
0.61665528958 0.280165869 0.26885816688 0.43366077027 0.3153357833 0.19817166268 0.14525599998 0.21155581436 0.37660367603 
0.59157229485 0.80232848981 0.93866651573 0.91399466809 0.9761350257 0.7603339797 0.73070462195 0.84509133106 0.7689310739 
0.92963020752 0.84284289588 1.1179157404 0.84395187739 1.042198854 0.59288008831 0.65707126533 0.66159865755 0.44154637991 
0.25228842164 0.23431732355 0.30830390449 0.41243479487 0.52822963159 0.6590921241 0.8083850314 0.88486350842 0.98580885451 
0.97414123273 0.92695245886 1.1470935699 0.89594068927 1.1305020807 1.1430359181 1.225944343 1.4629353538 1.3610929615 
1.2472280612 1.0681376899 0.85236496893 0.58665925639 0.30162324965 0.2607039024 0.26656745657 0.31785979185 0.3661748228 
0.40871296764 0.52160626123 0.68586502733 1.3802646026 1.2464949007 1.3945093722 1.4717797349 1.2964068705 1.4736622132 
1.6153462537 1.2626555023 1.0543132641 0.75060928595 0.49017899155 0.35581571435 0.26142864511 0.24104754847 0.26121094829 
0.27810501541 0.28346661635 0.31306012837 0.42114201191 0.88483313308 0.57762352894 1.1757876416 1.5256232151 1.4435718849 
1.5052986045 1.8028477597 1.6976272237 1.3854527243 1.6798585436 1.1430219045 0.62056880882 0.87330331762 0.40835504167 
0.3203353807 0.24038331118 0.22945486786 0.23208894248 0.22161308779 0.20482255024 0.26033744195 0.34481862504 0.82912861198 
1.362427095 1.516621164 1.5317468038 1.8030940001 1.890396345 1.8349645725 1.5220122694 1.1786232706 0.80977212935 
0.52623638843 0.28330024868 0.36342155569 0.23042686004 0.21575950025 0.2003135672 0.17294654234 0.15252227295 0.20231552922 
0.28779406625 0.51343611303 0.79886444912 1.1293889445 1.4046364949 1.5214746333 1.8745091661 1.8417599139 1.9638956361 
1.8999076468 1.5966902275 0.86457594049 0.63436053373 0.47326463432 0.27108111879 0.22260820725 0.20019747003 0.1682462001 
0.13549490102 0.1652500408 0.26237630346 0.48267519617 0.78302232717 1.1221378216 1.3482077334 1.4940335298 1.5022207326 
1.8927447957 1.9470001442 1.9402045593 1.6267334954 1.2178714867 0.87459817085 0.62470418254 0.46878229755 0.35996841218 
0.3017318888 0.24629882826 0.2132796744 0.18392689041 0.14405903248 0.14334857764 0.23848446501 0.52897144701 0.36342794149 
0.68102004075 0.99962318052 1.3446473339 1.4762090307 1.5104983677 1.5091155684 1.5347946155 2.064662795 1.8724712298 
1.8534250347 1.9497470053 1.5562091654 1.1320053385 0.74145010696 0.8545709824 0.57316662675 0.38066259188 0.29860494016 
0.23660208439 0.20605780776 0.17381175933 0.11558489627 0.12973119071 0.10230426401 0.16278546791 1.0798148541 1.4122850336 
1.5458306124 2.122623959 1.9854420162 1.8276269005 1.1359083495 1.5424362651 0.66572726749 0.57743036847 0.48409678765 
0.40210947512 0.3196891615 0.24233590752 0.20476880387 0.16889153787 0.13181525087 0.11418271019 0.084503508723 0.37526315958 
0.16052229731 0.42346282524 0.73925790211 1.1336430686 1.4503896466 1.5556575381 1.9527418951 2.1312546384 2.0861546051 
1.63421813 1.8346439409 1.0735979007 0.80608219394 0.6562608505 0.59751147877 0.51077124422 0.43482272373 0.34652876057 
0.25242287097 0.27543608078 0.21178948248 0.1580674563 0.091307054536 0.066539727304 0.33500288895 0.73097646471 1.135214571 
1.5644513964 1.561897432 1.7938586915 1.8379626568 1.9561023072 1.9689369513 2.1729198099 1.7310677816 0.76221357938 
0.68970450611 0.64650966776 0.55518360967 0.6403123817 0.48612951854 0.38550476545 0.31149304502 0.24668185846 0.20198132836 
0.14041694615 0.076724529882 0.06601280461 0.12265706616 0.24995885144 0.64713088512 1.1792909467 1.4445808322 1.515382658 
1.5856577382 1.5934578765 2.1770124367 1.8782981619 2.1632992723 1.7210019739 1.9843288245 1.4602530339 1.2348958812 
0.86813534031 0.74494580813 0.71301244762 0.68519863095 0.68696654456 0.62581040346 0.53133209766 0.4122846446 0.30899400646 
0.24340736509 0.19729047576 0.13198791631 0.081093483984 0.12039662516 0.72373245636 0.33773086219 1.3997277833 1.5782340078 
1.6117068077 2.1119664301 2.1648813845 2.1180601107 1.7840186837 1.9811844127 1.7459126126 1.6654899619 0.98947107565 
0.80340315182 0.74744452086 0.74174610216 0.7189929791 0.74512548383 0.72642954409 0.72106824374 0.6670404409 0.5617496223 
0.589682118 0.43150459443 0.32456117715 0.25513700907 0.20076393932 0.26446813892 0.14357340436 0.10722342155 0.099451705119 
0.21317787673 0.54176606762 1.0282432103 1.3783655159 1.563334655 1.6042058837 1.7433877158 1.6592600676 1.876518988 
1.8434646906 1.3313099385 1.1492052599 0.85322660598 0.77458118893 0.75772937384 0.76634818506 0.76887039066 0.75354774505 
0.69441791244 0.54540639907 0.41595312208 0.31960533655 0.38963166732 0.22820392959 0.16434354376 0.10967172446 0.13108386488 
0.27686081778 0.56731070854 0.97077054642 0.92665445601 1.3314128701 1.5365951268 1.7504846069 1.6559410531 1.8820358205 
2.0020282594 1.9112356683 1.5237505709 1.0947896239 0.95409497748 0.82030873501 0.78227426733 0.77015999831 0.78520755008 
0.79167410165 0.79399264928 0.766575105 0.6825926211 0.50008480506 0.44364947639 0.35595606924 0.29050319538 0.30896663441 
0.24117631151 0.15936307259 0.11486106662 0.15524444214 0.13606460177 0.26692128781 0.55125376922 0.8607049555 1.2604939809 
1.4894119887 1.5899954092 1.6325379658 1.7292403397 1.865041691 1.941746693 1.7740201003 1.3055906513 0.88487684753 
0.81237316451 0.79015903953 0.78942829781 0.81150319425 0.80972028861 0.80993681674 0.76485151718 0.64240165955 0.70807929979 
0.57064457734 0.50309304899 0.39275092141 0.31658190554 0.23120463787 0.15507904857 0.13085044276 0.16240164591 0.32487907844 
0.58564040607 1.0785651028 1.5603482112 1.5278496216 1.5787389393 1.7537200717 1.9030340609 1.7748415046 1.416162377 
1.0960295352 0.9841354705 0.92052909135 0.85259685876 0.81518506797 0.84792871872 0.80416452806 0.83709938091 0.84103802726 
0.8137443056 0.76117756253 0.64265805551 0.59386778155 0.47646014747 0.39047255593 0.31126714108 0.23732283634 0.17848533202 
0.28185310978 0.14015415375 0.62805969701 1.0913803539 1.4344006776 1.4178291841 1.3878325288 1.6014568368 1.4067751189 
1.7850183856 1.8325639971 1.7896274355 1.4619724436 1.5774188749 1.0899084423 0.90401431097 0.83135758221 0.81349411618 
0.83309405131 0.8584367673 0.83917077039 0.87321812618 0.88171831526 0.84375964758 0.73150887592 0.68789961276 0.56902923529 
0.47059689131 0.38780657256 0.32964726304 0.24432815519 0.15409541315 0.13800500006 0.16132239976 0.34053952895 0.69616013378 
1.1269484528 1.4137235107 1.5131562773 1.2233262621 1.1041945758 1.2286267704 1.6248571889 1.6378427596 1.3885154931 
1.2078004447 0.96462392182 0.88201335649 0.85275312454 0.86159772325 0.86581601529 0.90310767524 0.87651854415 0.90902409515 
0.91716897095 0.92672996204 0.79934480606 0.88048450272 0.79190033766 0.67167968874 0.56163349098 0.45042551116 0.36320589813 
0.1915105137 0.27640688905 0.18849516659 0.13629107899 0.19045459339 0.40556983531 0.78294919168 1.1737797793 1.4710108191 
1.0477284158 1.4016596066 1.4729966866 1.3115268138 1.1080694204 0.96254491166 0.88788872614 0.87266829027 0.86263515375 
0.8822984659 0.89438847468 0.92333422579 0.93438951473 0.95323898592 0.96457196935 0.97469893371 0.94271408838 0.89472933639 
0.79783175363 0.6883730963 0.58170134176 0.48714593389 0.3923830647 0.29050119799 0.18728682926 0.13922083706 0.22346849364 
0.50459595165 0.99143787254 1.347961112 1.3977258466 0.97218933414 1.0328437051 1.1577089629 1.2917431859 1.173905228 
1.0084118362 0.91297424576 0.88068049144 0.87370480631 0.89634743875 0.89003634915 0.91428111697 0.93291895862 0.95171688001 
0.95822768312 0.97990499544 1.0005315955 0.97060988753 1.0021848375 0.97543845292 0.91491032175 0.82862680038 0.72138041354 
0.61407317503 0.50869641073 0.43193758139 0.32563169615 0.14364671874 0.13932187709 0.22233689079 0.40428597455 0.82113446647 
1.2276757378 1.3150323 0.90945780278 1.0836473086 1.2329053209 1.1309166752 1.0298723516 0.91273996355 0.85625311102 
0.84110052129 0.86460367009 0.92284351475 0.91234498564 0.94544881286 0.96389510867 0.98162773763 0.98363381737 1.0074258848 
1.0243297729 1.0240194156 1.0043543711 0.94776700345 0.8492440879 0.74281811995 0.58473385031 0.50548554687 0.37963730916 
0.23571904682 0.12694948487 0.16546522956 0.28204388054 0.62460004662 1.001830596 1.2237006586 1.2622509518 0.79755825274 
0.86459183803 0.96238795106 1.0439057619 0.92527779279 0.83580424147 0.81869315106 0.82439695404 0.8817703528 0.85994956812 
0.8948165509 0.91942212477 0.94153094133 0.96045641666 0.96872624326 0.97652358729 0.99656629343 1.0083463636 1.0266930265 
1.0420993126 1.0407734586 1.0252729569 0.99902835105 0.92827902206 0.87123775964 0.81205362963 0.67192564406 0.6118222238 
0.507120751 0.29464684261 0.44786592943 0.16952887373 0.11855505806 0.10994319598 0.19738635754 0.46576093681 0.80885277091 
1.0823320433 1.2166585718 1.2277955499 0.55472582112 0.66313492384 0.76409543095 0.85766660693 0.95105259203 0.84488573962 
0.77244838996 0.78975125792 0.79843666574 0.74635619995 0.84869360779 0.87543342808 0.94363686107 0.92526213205 0.95643553675 
0.9949351098 1.0234915945 1.0412638705 1.0399818372 1.0476905194 1.045199128 1.0369366352 0.95860802664 0.91976432481 
0.86201803576 0.73251244912 0.61617551056 0.53874806529 0.21189180853 0.36799989906 0.12482176382 0.10603872403 0.31810186767 
0.66484961543 1.0290408495 1.1917332591 1.1367465217 1.0816791373 0.48693003652 0.55363002121 0.64263185352 0.71970204757 
0.80548706871 0.71359943331 0.69371473351 0.6926293655 0.68369925717 0.74996390627 0.81268121416 0.84753913254 0.89668876347 
0.93611927396 0.96378375353 0.95399660878 0.98545187213 1.0204203233 1.0355820869 1.046160112 1.0521043735 1.0509885656 
1.0175147889 0.97075735335 1.0199765251 0.90340808295 0.78225428165 0.69844288909 0.47258474551 0.26904534179 0.17108136547 
0.17638325218 0.43063204708 0.7418854774 1.0328416241 1.1417030541 1.143696439 1.1303366899 0.38484853238 0.43644135161 
0.52162361166 0.53057245837 0.63717382298 0.45095612398 0.58830233334 0.6122938943 0.49255257473 0.57488873462 0.6618943318 
0.73662957032 0.79174132638 0.84122104987 0.87538548085 0.89601309746 0.93225345122 0.96804923802 0.99548601689 1.0273046886 
1.0511607455 1.0589998407 1.0873012819 1.1010299143 1.079911218 1.022910369 0.8954759646 0.78144749532 0.6160789701 
0.69166258071 0.36224783231 0.28601484044 0.33241477864 0.82877726369 1.1077189111 0.98696466775 0.91724304532 1.0814282208 
0.33406929721 0.31915754004 0.38471075536 0.36615821827 0.28668066698 0.36283183232 0.46078035791 0.55858427844 0.64688604842 
0.7211291599 0.78003319866 0.82575541857 0.85874169165 0.90415683572 0.96897837657 1.00189299 1.0379379579 1.0989667651 
1.1139301018 1.1398148367 1.194422744 1.2201713716 1.2071792059 1.1537064857 1.0377289731 0.94756908392 0.57496776707 
0.48407896206 0.38189193253 0.58356195777 0.74997602273 0.5341918998 0.94167350063 0.32042464151 0.39915504248 0.32929489097 
0.22308644877 0.2427609296 0.17656735305 0.25699404824 0.35311435842 0.45912506626 0.65949467589 0.72586258229 0.77094648948 
0.82809023164 0.89403910388 0.95021592724 1.063346511 1.0719004477 1.0706062163 1.1531036327 1.3171798744 1.2322744367 
1.2972201634 1.3571609632 1.4816490395 1.4640697645 1.4896123634 1.4676218935 1.243071589 1.2965094454 0.94068065662 
0.81876501737 0.7225795741 0.63686581326 0.54761466231 0.60961344936 0.6120591804 0.53170590363 0.50256075811 0.29033775266 
0.60710730038 0.31284513732 0.17022004238 0.62987110727 0.44841124638 0.30528908573 0.35709365606 0.22037651958 0.14953888853 
0.14043566544 0.19857757754 0.28662229537 0.38302283797 0.49462680622 0.56757945665 0.5881983852 0.64954198353 0.70965443328 
0.77513568356 0.87537595814 0.90794929579 1.0189102146 1.2314522938 1.4344132507 1.5499628358 1.6742563641 1.740298451 
1.8675039943 1.7369382534 1.7983042313 1.7658506954 1.5603860908 1.6725636255 1.1498419199 0.99373696804 0.86460891377 
0.81133758732 0.68893528789 0.45207057961 0.50020884384 0.38154258148 0.27871371669 0.35788392751 0.19617108983 0.30487377696 
0.21860300349 0.13707226314 0.42507917147 0.60916201342 0.70489930567 0.73711659353 0.88471670267 1.0952118033 1.257322534 
1.3274795374 1.320185601 1.5826773417 1.8354306107 1.7334167836 1.9621164867 1.9894408001 1.9970056972 1.910100578 
1.9392030303 1.8290301974 1.6874620616 1.655886166 1.8934787012 1.7835594186 1.5476211088 1.6089752959 1.5533251883 
1.3685101866 1.4299563137 1.2485174504 1.0517931219 1.3432905062 1.1015238446 0.97654633677 0.80557455549 0.69721771763 
1.0980716057 0.86769569845 0.67420175139 0.50846410186 0.92622982435 0.73087645041 0.71314828904 0.62453970399 0.27268184343 
0.34475761143 0.50183885157 0.78500165722 0.92444020549 0.90850405069 1.0967886375 1.3543730125 1.3887431307 1.5586849403 
1.7076511108 1.9342625572 2.0294408477 2.0259212282 1.9084395529 1.8512155669 1.9768013269 1.8146639033 1.7030090062 
1.980582271 1.8072950302 1.887390057 1.7752713953 1.7673202303 0.98834847321 1.0500798979 1.0139110964 0.97661804352 
0.56380126025 0.57793638251 0.63730478724 0.71501627765 1.1962617471 1.181646603 1.3769740497 1.5583492107 1.4714676443 
1.5952926487 1.7115605738 1.7112870714 1.8546219249 1.7793033875 1.9193382703 1.7570415162 1.7284262812 0.89210742139 
0.94315363741 0.90513131325 0.83552170083 0.92530664646 0.83812122574 0.95080784735 0.91756063489 1.0315922862 1.0068742967 
1.1041645166 1.0758914878 1.1779350249 1.2088248424 1.262914702 1.3457244183 1.3419812636 1.4167771964 1.4085392825 
1.4861222163 
NormalizedAreaStrain 1 1000 float
-0.737325 -0.773265 -0.667472 -0.203959 -0.0511526 -0.513311 -0.608542 -0.458807 -0.238476 
0.312088 0.475987 0.435057 0.817103 0.779089 1.02056 0.891286 0.0158318 0.163101 
0.503704 -0.146284 -0.168127 0.150218 -0.0783473 -0.30467 -0.406886 -0.278816 0.0400023 
0.455252 0.862364 1.12572 1.07807 1.1981 0.781244 0.72401 0.944968 0.797851 
1.10827 0.940624 1.47198 0.942767 1.32572 0.457778 0.581774 0.59052 0.16545 
-0.200134 -0.234849 -0.0919306 0.109216 0.332894 0.585678 0.874063 1.02179 1.21679 
1.19425 1.1031 1.52834 1.04319 1.49629 1.5205 1.68065 2.13844 1.94171 
1.72176 1.37582 0.959018 0.445761 -0.104835 -0.183878 -0.172552 -0.0734717 0.0198571 
0.102027 0.3201 0.637394 1.97875 1.72035 2.00626 2.15553 1.81676 2.15916 
2.43285 1.75157 1.34912 0.762459 0.259393 -0.000153286 -0.182478 -0.221848 -0.182899 
-0.150265 -0.139908 -0.0827431 0.126036 1.02174 0.428307 1.58377 2.25953 2.10104 
2.22027 2.79504 2.59179 1.98877 2.55747 1.52047 0.511263 0.999464 0.101336 
-0.0686897 -0.223131 -0.244241 -0.239153 -0.259389 -0.291823 -0.184586 -0.0213961 0.914133 
1.94429 2.24214 2.27136 2.79552 2.96416 2.85708 2.25256 1.58924 0.876742 
0.329044 -0.14023 0.0145387 -0.242364 -0.270696 -0.300533 -0.353397 -0.39285 -0.296666 
-0.131549 0.304318 0.855672 1.49414 2.02583 2.25152 2.93347 2.87021 3.10613 
2.98253 2.39681 0.982606 0.537904 0.22672 -0.163833 -0.257467 -0.300757 -0.362476 
-0.425741 -0.368264 -0.180648 0.244898 0.825071 1.48013 1.91682 2.19851 2.21433 
2.96869 3.0735 3.06037 2.45485 1.66506 1.00197 0.519252 0.218061 0.00786837 
-0.104626 -0.211704 -0.275486 -0.332186 -0.409198 -0.410571 -0.226799 0.334327 0.0145511 
0.628035 1.24347 1.90995 2.16408 2.23032 2.22765 2.27725 3.30078 2.92953 
2.89274 3.0788 2.31862 1.49919 0.744767 0.963279 0.419698 0.0478428 -0.110666 
-0.230435 -0.289437 -0.351726 -0.464201 -0.436875 -0.489855 -0.373025 1.39838 2.0406 
2.29857 3.41274 3.14775 2.84291 1.50673 2.29201 0.598495 0.427934 0.247644 
0.0892712 -0.069938 -0.219359 -0.291927 -0.36123 -0.432849 -0.466909 -0.52424 0.0374128 
-0.377396 0.130519 0.740532 1.50236 2.11421 2.31755 3.08459 3.42942 3.3423 
2.4693 2.85646 1.38637 0.869615 0.580209 0.466724 0.29917 0.152462 -0.0180927 
-0.199875 -0.155421 -0.278365 -0.382138 -0.511098 -0.55894 -0.0403569 0.724535 1.50539 
2.33454 2.3296 2.77768 2.86287 3.09108 3.11587 3.5099 2.65639 0.784875 
0.644811 0.561373 0.38496 0.549401 0.25157 0.0571963 -0.0857702 -0.210964 -0.297311 
-0.416233 -0.539266 -0.559958 -0.45054 -0.204634 0.562573 1.59053 2.10299 2.23975 
2.3755 2.39057 3.5178 2.94079 3.49132 2.63694 3.1456 2.13326 1.69794 
0.989481 0.751519 0.689834 0.636107 0.639522 0.521388 0.338887 0.108926 -0.0905976 
-0.21729 -0.306372 -0.432516 -0.530827 -0.454906 0.710542 -0.0350873 2.01634 2.36116 
2.42582 3.39216 3.49437 3.40393 2.75867 3.13953 2.68506 2.52971 1.22386 
0.86444 0.756346 0.745338 0.701387 0.751866 0.715752 0.705395 0.601031 0.397644 
0.4516 0.146053 -0.0605269 -0.194632 -0.299663 -0.176607 -0.410136 -0.480353 -0.495365 
-0.275683 0.359042 1.29876 1.97508 2.33238 2.41133 2.68018 2.51768 2.93735 
2.8735 1.88418 1.53242 0.960682 0.808765 0.776213 0.792862 0.797734 0.768135 
0.653916 0.366074 0.116013 -0.0700999 0.0651681 -0.246658 -0.370015 -0.475623 -0.434262 
-0.152668 0.408386 1.18774 1.10252 1.88438 2.28073 2.69389 2.51126 2.94801 
3.17979 3.00441 2.25592 1.4273 1.15553 0.897096 0.823626 0.800225 0.829292 
0.841783 0.846262 0.7933 0.631073 0.278528 0.169513 0.000117833 -0.126316 -0.0906504 
-0.221599 -0.379636 -0.465599 -0.387592 -0.424641 -0.171868 0.377369 0.975128 1.74739 
2.18958 2.38388 2.46606 2.65286 2.91518 3.06335 2.73936 1.8345 1.02182 
0.881767 0.838856 0.837445 0.880086 0.876642 0.877061 0.78997 0.553437 0.680305 
0.414826 0.284338 0.0711935 -0.0759402 -0.240861 -0.387911 -0.434713 -0.373766 -0.0599128 
0.443793 1.39596 2.32661 2.26383 2.36214 2.70014 2.98857 2.74094 2.04809 
1.4297 1.21356 1.09069 0.959466 0.887198 0.950449 0.86591 0.92953 0.937138 
0.884415 0.782874 0.553933 0.459686 0.232892 0.0667924 -0.0862066 -0.229043 -0.342698 
-0.143025 -0.416741 0.525733 1.42072 2.08332 2.05131 1.99337 2.40602 2.02996 
2.7606 2.85244 2.7695 2.13658 2.35959 1.41787 1.05879 0.918438 0.883932 
0.921793 0.970747 0.933531 0.999299 1.01572 0.942395 0.725563 0.641324 0.411706 
0.221567 0.0616426 -0.0507022 -0.215511 -0.389811 -0.420893 -0.375851 -0.0296619 0.657281 
1.48942 2.04338 2.23545 1.67559 1.44547 1.68583 2.45122 2.4763 1.99469 
1.6456 1.17587 1.01629 0.959768 0.976853 0.985001 1.05704 1.00567 1.06846 
1.0842 1.10267 0.8566 1.01334 0.84222 0.609993 0.39742 0.182602 0.0141221 
-0.317537 -0.153545 -0.323362 -0.424203 -0.319577 0.0959554 0.824929 1.57989 2.15404 
1.3364 2.02008 2.15788 1.84597 1.45296 1.17185 1.02764 0.998237 0.978857 
1.01684 1.04019 1.09611 1.11746 1.15387 1.17577 1.19533 1.13354 1.04085 
0.853678 0.642239 0.436184 0.253534 0.0704829 -0.12632 -0.325696 -0.418544 -0.255805 
0.287242 1.22766 1.91635 2.01248 1.19048 1.30764 1.54884 1.80775 1.58013 
1.26045 1.0761 1.01371 1.00024 1.04398 1.03179 1.07862 1.11462 1.15093 
1.16351 1.20538 1.24523 1.18743 1.24842 1.19676 1.07984 0.913163 0.705998 
0.498716 0.295162 0.146889 -0.058459 -0.409995 -0.418349 -0.257991 0.0934754 0.898691 
1.684 1.85274 1.0693 1.40578 1.6941 1.49709 1.3019 1.07564 0.966529 
0.937259 0.982659 1.09516 1.07488 1.13883 1.17446 1.20871 1.21259 1.25855 
1.2912 1.2906 1.25261 1.1433 0.952989 0.747409 0.442042 0.28896 0.0458623 
-0.232141 -0.442248 -0.367848 -0.142656 0.51905 1.24774 1.67632 1.75078 0.853149 
0.982636 1.17155 1.32901 1.09986 0.927028 0.893975 0.904993 1.01582 0.973669 
1.04102 1.08855 1.13126 1.16782 1.18379 1.19885 1.23757 1.26032 1.29576 
1.32552 1.32296 1.29302 1.24232 1.10566 0.995474 0.88115 0.610468 0.494368 
0.292119 -0.118312 0.177658 -0.359999 -0.458463 -0.475099 -0.306187 0.212225 0.874967 
1.40324 1.66271 1.68423 0.384076 0.593487 0.78851 0.969259 1.14965 0.94457 
0.804645 0.838069 0.854846 0.754244 0.951926 1.00358 1.13533 1.09983 1.16005 
1.23442 1.28958 1.32391 1.32143 1.33632 1.33151 1.31555 1.16424 1.08921 
0.977664 0.727502 0.502777 0.353212 -0.278167 0.0233826 -0.446358 -0.482641 -0.0730041 
0.596799 1.3003 1.61457 1.50835 1.40198 0.253117 0.381959 0.553882 0.702756 
0.868465 0.690968 0.652557 0.650461 0.633211 0.761212 0.882362 0.949696 1.04464 
1.1208 1.17424 1.15534 1.2161 1.28365 1.31293 1.33337 1.34485 1.34269 
1.27803 1.18771 1.28279 1.05762 0.823587 0.661691 0.225406 -0.167765 -0.357 
-0.346758 0.144367 0.745608 1.30764 1.51792 1.52178 1.49597 0.0559286 0.155589 
0.320133 0.33742 0.543339 0.183627 0.448935 0.495279 0.263978 0.423024 0.591091 
0.735455 0.841913 0.937491 1.00349 1.04333 1.11334 1.18248 1.23548 1.29694 
1.34303 1.35817 1.41284 1.43936 1.39856 1.28846 1.04229 0.822028 0.50259 
0.648593 0.0122715 -0.134986 -0.0453563 0.913454 1.45228 1.21902 1.08434 1.40149 
-0.0421603 -0.0709649 0.0556625 0.0198251 -0.1337 0.0133996 0.202604 0.391529 0.5621 
0.705513 0.819297 0.907617 0.971336 1.05906 1.18428 1.24786 1.31748 1.43537 
1.46428 1.51428 1.61976 1.6695 1.6444 1.54111 1.31708 1.14292 0.423177 
0.247609 0.0502175 0.439778 0.761236 0.344411 1.13153 -0.0685173 0.0835642 -0.0513829 
-0.256543 -0.218538 -0.346403 -0.191045 -0.00537142 0.199407 0.586455 0.714657 0.801744 
0.912127 1.03952 1.14803 1.36657 1.38309 1.38059 1.53995 1.85689 1.69288 
1.81833 1.93412 2.17459 2.14063 2.18997 2.14749 1.71374 1.81696 1.12962 
0.894114 0.708315 0.542744 0.37034 0.490101 0.494826 0.339609 0.28331 -0.126635 
0.48526 -0.0831584 -0.358664 0.529232 0.178711 -0.0977543 0.00231528 -0.261778 -0.398613 
-0.416197 -0.303886 -0.133812 0.052402 0.267984 0.408905 0.448734 0.56723 0.683348 
0.809836 1.00347 1.06639 1.28073 1.69129 2.08335 2.30655 2.54664 2.67422 
2.91994 2.66773 2.78626 2.72357 2.32668 2.54337 1.53365 1.2321 0.982669 
0.879766 0.643325 0.18578 0.278767 0.0495426 -0.149089 0.00384183 -0.308535 -0.0985565 
-0.265203 -0.422694 0.133641 0.489229 0.674162 0.736396 1.02151 1.42812 1.74126 
1.87678 1.86269 2.36974 2.85798 2.66092 3.1027 3.15548 3.17009 3.00222 
3.05843 2.84562 2.57215 2.51116 2.97011 2.75778 2.30203 2.42054 2.31304 
1.95604 2.07474 1.72426 1.34425 1.90733 1.44031 1.1989 0.868634 0.659324 
1.43364 0.988632 0.614865 0.294714 1.1017 0.724342 0.690097 0.518934 -0.160741 
-0.0215139 0.281916 0.828894 1.09824 1.06746 1.43116 1.92873 1.99513 2.3234 
2.61115 3.04889 3.23274 3.22595 2.99901 2.88847 3.13106 2.81787 2.60218 
3.13837 2.80363 2.95835 2.74177 2.72641 1.22169 1.34094 1.27107 1.19903 
0.401607 0.428911 0.543592 0.693705 1.62331 1.59508 1.97239 2.32275 2.15492 
2.39411 2.6187 2.61818 2.89505 2.74956 3.02006 2.70656 2.65128 1.03579 
1.13439 1.06095 0.926482 1.09992 0.931504 1.14918 1.08495 1.30523 1.25748 
1.44541 1.3908 1.58791 1.64758 1.75207 1.91203 1.9048 2.04928 2.03337 
2.18323 
