# vtk DataFile Version 5.1
vtk output
ASCII
DATASET POLYDATA
POINTS 1000 float
-42.2569 -34.2471 27.943 -41.9832 -33.9951 28.4413 -41.8991 -34.5383 28.0537 
-42.191 -34.8099 27.7458 -41.0173 -37.023 27.1168 -41.3321 -36.6653 27.208 
-42.6048 -33.7333 28.1212 -42.4804 -33.233 28.6928 -42.8463 -33.1693 28.3605 
-43.0246 -33.5757 27.9742 -42.1053 -33.4797 28.9736 -42.2986 -33.7347 28.3677 
-42.7709 -34.041 27.8557 -42.4973 -34.4463 27.7713 -41.6913 -34.26 28.6738 
-41.7799 -33.8246 29.1659 -41.4955 -34.6754 28.6239 -41.7094 -34.9692 28.0413 
-41.9839 -35.195 27.7274 -41.3025 -35.0773 28.5365 -41.4999 -35.3762 27.9851 
-41.1336 -35.5516 28.2867 -41.7878 -35.5757 27.6647 -41.3447 -35.8169 27.7916 
-41.651 -35.9672 27.5152 -40.8714 -35.6882 28.677 -40.9928 -36.0622 27.9328 
-40.69 -36.0922 28.4125 -41.3962 -36.2749 27.4392 -40.6262 -36.4598 27.9749 
-40.9704 -36.513 27.525 -40.6508 -36.8991 27.4832 -40.3218 -36.8041 27.9603 
-40.3174 -37.2934 27.4506 -40.0181 -37.2345 27.825 -40.6964 -37.3849 27.1299 
-40.3908 -37.7718 27.1203 -39.9841 -37.7676 27.4136 -40.1605 -38.1688 27.1099 
-39.9669 -38.4794 27.2276 -43.5403 -32.4594 28.2092 -43.0847 -32.6282 28.5518 
-42.6765 -32.7408 28.9854 -43.2785 -33.0538 28.1041 -42.2867 -33.0329 29.3737 
-41.5045 -34.284 29.2745 -41.2828 -34.7393 29.2551 -41.0643 -35.2519 28.9346 
-40.384 -36.3801 28.6302 -40.0663 -36.7803 28.451 -39.7937 -37.1059 28.3526 
-39.7265 -37.6052 27.8709 -39.5478 -37.3597 28.476 -39.5093 -37.9192 28.0537 
-39.7332 -38.1624 27.5694 -39.5372 -38.4745 27.84 -39.7927 -38.7694 27.4297 
-43.8185 -31.7931 28.3839 -44.0888 -31.1344 28.6175 -43.3453 -32.0639 28.7111 
-43.6052 -31.517 28.8657 -42.9344 -32.2302 29.1647 -42.5138 -32.5731 29.6403 
-41.9567 -33.4208 29.6286 -41.6728 -33.8694 29.7557 -41.0956 -35.0567 29.4845 
-40.8644 -35.4873 29.349 -40.6378 -35.9223 29.0161 -40.09 -36.5569 29.0394 
-39.7504 -36.8762 28.9953 -39.4677 -37.156 29.1076 -39.3459 -37.6616 28.6179 
-39.3068 -38.1916 28.3397 -39.3357 -38.7162 28.1324 -39.6295 -39.0244 27.6804 
-43.7283 -31.0368 29.1522 -43.1961 -31.6694 29.3575 -42.7697 -32.069 29.8113 
-42.1724 -33.0154 29.9997 -41.8954 -33.472 30.1632 -41.4424 -34.3376 29.8231 
-41.2752 -34.7098 29.9231 -41.0623 -35.1352 29.92 -40.644 -35.8296 29.5818 
-40.4075 -36.1756 29.3067 -39.2352 -37.426 29.1887 -39.1202 -37.8798 28.8696 
-38.9415 -38.0018 29.1317 -39.0971 -38.4849 28.5455 -38.8783 -38.5274 28.9585 
-39.0162 -38.9588 28.5332 -39.2305 -39.1898 28.1964 -39.4542 -39.2109 27.9172 
-38.899 -39.2036 28.8284 -39.1069 -39.5294 28.3883 -44.2044 -30.5982 28.9435 
-44.2156 -30.164 29.2871 -43.7572 -30.5824 29.525 -43.3582 -31.1304 29.6627 
-43.0017 -31.5029 30.0324 -42.4222 -32.5624 30.2249 -42.687 -32.0028 30.3896 
-41.6507 -33.9591 30.243 -40.8591 -35.5 29.8946 -40.1701 -36.3995 29.5856 
-39.8768 -36.6646 29.5754 -39.587 -36.9108 29.6366 -39.318 -37.1523 29.7519 
-39.076 -37.4553 29.6309 -38.9054 -37.7043 29.762 -38.8003 -38.1337 29.5846 
-38.7692 -38.7565 29.3236 -38.8303 -39.4741 29.1908 -39.03 -39.8336 28.6928 
-43.9926 -30.0065 29.6881 -43.369 -30.6991 30.0898 -42.4612 -32.5088 30.693 
-42.1558 -33.0639 30.5241 -41.8754 -33.6085 30.5589 -41.4949 -34.3581 30.3627 
-41.2977 -34.803 30.3621 -41.1073 -35.194 30.3719 -40.6646 -35.8414 30.0902 
-40.4031 -36.1571 29.9552 -40.1139 -36.4683 30.0951 -39.7871 -36.7389 30.1184 
-39.2681 -37.2244 30.2932 -39.0549 -37.4687 30.2341 -38.7145 -38.3232 29.9431 
-38.6924 -38.8985 29.7648 -38.7223 -39.4082 29.7411 -38.8271 -39.9242 29.5874 
-38.9899 -40.1163 29.0713 -44.1056 -29.6008 29.8759 -44.0476 -29.3588 30.1654 
-43.5376 -30.1466 30.2891 -43.0998 -30.7524 30.7041 -42.941 -31.3226 30.524 
-42.3242 -32.9164 30.9461 -42.0534 -33.4256 30.8656 -41.7493 -34.0144 30.7397 
-41.5466 -34.5131 30.7373 -40.9213 -35.5248 30.3617 -40.5635 -36.0818 30.4688 
-39.5074 -36.9812 30.2155 -38.8685 -37.822 30.2542 -38.7816 -38.1108 30.4834 
-38.663 -38.5263 30.3734 -38.6383 -39.026 30.335 -38.9744 -40.4605 29.4846 
-43.9522 -29.1478 30.5308 -43.5764 -29.747 30.5888 -43.2066 -30.2673 30.9306 
-42.8746 -31.3064 31.0428 -42.7114 -31.9059 30.8533 -42.5845 -32.4241 31.1206 
-42.2664 -33.2643 31.1821 -42.0284 -33.7531 31.1096 -41.8319 -34.2133 31.0638 
-41.3504 -34.9665 30.7435 -41.1627 -35.3756 30.7899 -40.8487 -35.7637 30.6085 
-40.3212 -36.3708 30.5387 -40.0134 -36.6396 30.5626 -39.723 -36.8891 30.6287 
-39.5095 -37.1326 30.7691 -39.2769 -37.392 30.7788 -39.0677 -37.6253 30.6818 
-38.6762 -38.6951 30.8588 -38.685 -39.5888 30.215 -38.7847 -40.1689 30.0456 
-38.9188 -40.7323 29.9268 -43.4669 -29.6053 31.0434 -43.1471 -30.1781 31.3634 
-42.9797 -30.793 31.2628 -42.7999 -31.8103 31.2775 -41.6519 -34.6646 31.0468 
-41.0956 -35.6939 31.0028 -40.8167 -36.013 30.9161 -40.5671 -36.3168 30.9467 
-40.286 -36.5847 30.9809 -39.9649 -36.8393 30.9939 -38.9647 -37.9057 30.8406 
-38.8086 -38.2819 30.8958 -38.6299 -39.2283 30.8174 -38.6596 -39.8285 30.6441 
-38.7281 -40.4121 30.5184 -38.8376 -40.9631 30.3788 -43.9113 -29.0179 30.9145 
-43.0233 -30.7078 31.6594 -42.9266 -31.2827 31.4993 -42.7712 -32.2723 31.4824 
-42.5294 -32.8699 31.3748 -42.3628 -33.4466 31.4373 -42.159 -33.9424 31.3804 
-41.9801 -34.4072 31.3377 -41.4866 -35.0932 31.0814 -41.8032 -34.8323 31.3138 
-41.4032 -35.4385 31.206 -39.7924 -37.0988 31.2034 -39.5087 -37.3834 31.1995 
-39.2505 -37.6961 31.1643 -39.0563 -38.0615 31.2228 -38.8851 -38.4273 31.2889 
-38.7389 -38.8019 31.2947 -38.6247 -39.6492 31.1935 -38.6196 -40.1623 31.0939 
-43.9196 -28.9042 31.2556 -43.4525 -29.4982 31.4541 -43.1576 -30.1305 31.6987 
-42.9547 -31.7673 31.6812 -42.7728 -32.6899 31.6618 -42.6277 -33.236 31.671 
-42.4612 -33.7946 31.6483 -41.7758 -35.1965 31.4427 -41.1859 -35.9158 31.3028 
-40.8822 -36.2321 31.2548 -40.6217 -36.5786 31.3711 -40.2425 -36.8357 31.3387 
-39.8124 -37.3804 31.5868 -39.5544 -37.6647 31.5755 -39.3162 -37.9803 31.5511 
-39.1254 -38.3183 31.603 -38.6687 -39.2068 31.3378 -38.6443 -40.7049 31.0381 
-38.7577 -41.1964 30.8081 -43.2674 -29.8618 31.9088 -43.145 -30.4951 32.0015 
-43.0588 -31.1202 31.851 -43.0139 -32.2937 31.8648 -42.93 -32.9558 31.8998 
-42.2885 -34.2974 31.5938 -42.1127 -34.7711 31.5606 -41.5472 -35.6527 31.473 
-41.0692 -36.3734 31.5528 -40.5494 -36.9094 31.6803 -40.1259 -37.1138 31.5874 
-38.9487 -38.6558 31.6809 -38.8125 -39.007 31.7583 -38.6888 -39.4258 31.7521 
-38.5949 -39.8639 31.678 -38.5409 -40.3721 31.5926 -38.53 -40.9425 31.5565 
-38.656 -41.4013 31.228 -38.5466 -41.632 31.6371 -44.0009 -28.7366 31.5316 
-43.552 -29.2882 31.771 -43.1425 -31.6114 31.9743 -42.7822 -33.5539 31.8797 
-42.644 -34.1047 31.8387 -42.2415 -35.079 31.7316 -41.9479 -35.435 31.6687 
-41.8169 -35.8193 31.7501 -41.4261 -36.082 31.621 -40.9614 -36.7026 31.7483 
-40.149 -37.4009 31.9021 -39.9271 -37.6924 31.9815 -39.6143 -37.9665 31.905 
-39.4014 -38.2821 31.9362 -39.2062 -38.5927 32.0124 -39.0344 -38.9141 32.1282 
-38.8618 -39.2658 32.193 -38.6985 -39.6507 32.2013 -38.551 -40.0706 32.1428 
-38.4473 -40.5818 32.0675 -38.4106 -41.1867 32.0258 -38.4576 -41.8922 32.0464 
-43.6337 -29.1428 32.0373 -43.3311 -29.8363 32.1775 -43.2623 -30.4492 32.2858 
-43.2167 -30.9945 32.1469 -43.2676 -32.0935 32.0989 -43.2223 -32.7054 32.0964 
-43.0974 -33.3439 32.0828 -42.4926 -34.6122 31.792 -42.6441 -35.0031 31.9477 
-42.326 -35.4852 31.9093 -41.4032 -36.4765 31.8485 -41.3772 -36.8344 32.0674 
-40.9292 -37.0375 32.0105 -40.5078 -37.2164 31.9561 -40.4125 -37.5823 32.2192 
-39.9325 -38.0173 32.2364 -39.713 -38.3033 32.2798 -39.5015 -38.5941 32.3571 
-38.3468 -40.7836 32.5088 -38.3089 -41.4029 32.4637 -38.369 -42.1065 32.4481 
-44.0316 -28.6011 31.832 -43.4579 -29.5641 32.3817 -43.3629 -30.1599 32.5114 
-43.4065 -30.8085 32.4719 -43.3616 -31.4066 32.2466 -43.518 -31.9265 32.297 
-43.5484 -32.5192 32.2979 -42.985 -33.9367 32.0552 -42.8616 -34.4879 32.008 
-42.1322 -35.9243 31.9783 -41.7894 -36.229 31.9306 -40.8446 -37.4075 32.2766 
-40.3016 -37.9042 32.4023 -39.3004 -38.8979 32.4722 -39.0982 -39.2254 32.5828 
-38.8943 -39.5626 32.6513 -38.684 -39.8996 32.6562 -38.4828 -40.2879 32.58 
-38.3932 -40.4908 33.0062 -38.2491 -40.9293 32.9601 -38.2043 -41.4619 32.9024 
-38.2018 -42.0052 32.9847 -38.3316 -42.4831 32.7597 -44.0922 -28.3859 32.0606 
-43.672 -29.0227 32.3668 -43.5999 -31.3344 32.479 -43.4194 -33.1234 32.2647 
-43.3176 -33.7353 32.2486 -43.2367 -34.3337 32.2187 -43.077 -34.8676 32.1642 
-42.7763 -35.3772 32.1075 -42.5224 -35.8642 32.1508 -42.2635 -36.2896 32.2039 
-41.8362 -36.5934 32.1431 -41.8206 -36.9681 32.3456 -41.32 -37.2049 32.3018 
-40.7698 -37.802 32.5519 -40.1285 -38.2692 32.5705 -39.8888 -38.5737 32.6705 
-39.6442 -38.8723 32.7821 -39.4082 -39.1913 32.9133 -38.9186 -39.8516 33.1314 
-38.6197 -40.149 33.0691 -38.2927 -40.6932 33.4611 -38.1515 -41.077 33.4579 
-38.0941 -41.5492 33.3936 -38.1093 -42.2271 33.3974 -38.2599 -42.7493 33.1337 
-38.1828 -43.0077 33.5076 -43.7797 -28.6979 32.5541 -43.4617 -29.6974 32.69 
-43.4767 -30.3549 32.7536 -43.7941 -31.9102 32.4806 -43.8773 -32.4683 32.4981 
-43.7619 -32.9973 32.4554 -43.6598 -33.5364 32.4379 -43.5178 -34.7701 32.3898 
-43.2324 -35.2741 32.3094 -42.9347 -35.7288 32.296 -41.7739 -37.3574 32.5722 
-41.2586 -37.5631 32.5454 -40.5724 -38.1754 32.7429 -40.3428 -38.5334 32.9165 
-40.0735 -38.8421 33.0579 -39.1767 -39.5332 33.0497 -38.5013 -40.4049 33.49 
-38.0469 -41.3438 33.9849 -38.0009 -41.8 33.7926 -38.0154 -42.4621 33.8018 
-38.0883 -43.2416 33.8916 -44.1461 -28.1346 32.2859 -43.5638 -29.2639 32.802 
-43.53 -29.9227 32.9684 -43.6533 -30.8929 32.7156 -43.8952 -31.439 32.6845 
-44.0962 -32.0376 32.6952 -43.5883 -34.1396 32.4142 -42.7649 -36.227 32.4133 
-42.3205 -36.6655 32.4057 -42.276 -37.0851 32.6035 -41.238 -37.8856 32.7812 
-41.0463 -38.1874 32.9459 -40.8137 -38.5011 33.1089 -39.8111 -39.1389 33.2013 
-39.5562 -39.4515 33.3493 -39.325 -39.7766 33.5445 -39.0632 -40.0204 33.6319 
-38.7699 -40.1794 33.5251 -38.6526 -40.4314 33.9559 -38.2008 -40.936 33.9714 
-38.3932 -40.6531 33.9577 -37.9053 -41.9623 34.2318 -37.9016 -42.6178 34.1991 
-37.9783 -43.4604 34.2845 -43.8401 -28.4355 32.7698 -43.6462 -28.9265 32.9927 
-43.5838 -29.5159 33.1363 -43.7019 -30.502 32.9621 -43.9643 -31.0311 32.9112 
-44.1561 -32.6809 32.6939 -44.0687 -33.2207 32.6542 -43.9428 -33.7891 32.607 
-43.8948 -34.4188 32.5821 -43.5945 -35.3809 32.5073 -43.255 -35.8445 32.4852 
-42.7749 -36.6865 32.6247 -42.2486 -37.5043 32.8401 -41.7506 -37.7369 32.8288 
-40.5513 -38.8216 33.2922 -40.2749 -39.1134 33.4696 -40.0009 -39.4005 33.6406 
-39.7487 -39.6853 33.8119 -38.9465 -40.2932 34.0437 -38.3533 -40.8872 34.5151 
-38.1326 -41.1814 34.4491 -37.9567 -41.5976 34.5048 -37.7951 -42.2397 34.6971 
-37.8038 -42.884 34.5665 -37.844 -43.6132 34.7233 -44.1144 -27.9757 32.6076 
-43.761 -30.1332 33.1688 -44.0362 -30.6747 33.1249 -44.2144 -31.5848 32.8955 
-44.3966 -32.2965 32.8913 -44.4551 -32.9608 32.9015 -44.3356 -33.5478 32.8307 
-44.2267 -34.065 32.7685 -43.9343 -34.9572 32.6164 -43.6433 -35.9172 32.686 
-43.2222 -36.3151 32.662 -42.7462 -37.1338 32.8343 -42.1907 -37.9419 33.1136 
-41.6235 -38.1129 33.074 -41.3762 -38.459 33.2794 -41.0783 -38.7828 33.4713 
-40.7782 -39.0947 33.6924 -39.5786 -39.9581 34.0716 -39.2842 -40.1406 34.1071 
-38.5646 -40.6475 34.3797 -38.8543 -40.5177 34.4843 -37.8638 -41.905 34.9704 
-38.0461 -41.4853 34.9525 -37.7012 -42.8483 34.9824 -37.7113 -43.7477 35.1367 
-43.7824 -28.4361 33.1127 -43.6562 -29.0846 33.2932 -43.7645 -29.7122 33.3371 
-44.3306 -31.1663 33.1228 -44.5312 -31.8358 33.0702 -44.3087 -34.5498 32.8077 
-44.0092 -35.4903 32.7257 -44.3678 -35.0642 32.8498 -43.6589 -36.4096 32.9016 
-43.2177 -36.7818 32.8771 -42.7273 -37.5611 33.0591 -41.9539 -38.3656 33.3728 
-41.6512 -38.7371 33.6172 -41.3049 -39.063 33.8522 -40.4734 -39.3781 33.9054 
-40.1845 -39.663 34.12 -39.2024 -40.3845 34.5418 -38.6604 -40.7685 34.8725 
-38.2428 -41.1718 34.9327 -38.4592 -41.0086 35.1183 -37.9287 -41.8349 35.3986 
-37.7208 -42.3863 35.3026 -37.6012 -43.0856 35.3659 -37.5642 -43.7642 35.5739 
-44.0704 -27.9177 32.9377 -43.7177 -28.8375 33.4701 -43.8129 -29.3825 33.5357 
-44.0373 -29.8926 33.4776 -44.1019 -30.3379 33.3143 -44.4782 -30.8243 33.3496 
-44.6896 -31.465 33.2918 -44.8229 -32.1133 33.2712 -44.6998 -32.5681 33.1053 
-44.6748 -33.3934 33.0495 -44.9212 -33.0123 33.2426 -44.6128 -34.0016 32.9979 
-44.6979 -34.591 33.0318 -44.4441 -35.5701 32.9546 -44.062 -36.001 32.903 
-43.6665 -36.8864 33.1375 -43.2133 -37.2461 33.1032 -43.2308 -37.7028 33.3454 
-42.7431 -37.9359 33.2907 -42.501 -38.2819 33.4584 -42.2112 -38.6733 33.714 
-40.9911 -39.3613 34.1207 -40.6705 -39.6284 34.3753 -39.9539 -39.9492 34.3837 
-39.6334 -40.2335 34.6178 -38.9966 -40.651 34.9871 -38.1801 -41.4408 35.4369 
-37.7675 -42.255 35.7242 -37.5607 -42.9288 35.7301 -44.0817 -27.9044 33.2402 
-43.8032 -28.3151 33.3943 -45.0985 -32.5598 33.4354 -44.9903 -33.6326 33.2553 
-44.9802 -34.1603 33.2258 -44.7973 -35.1113 33.0923 -44.8842 -35.6111 33.1963 
-44.5043 -36.0616 33.1302 -44.0997 -36.4862 33.138 -43.6814 -37.3666 33.3823 
-43.1701 -38.175 33.5995 -42.7668 -38.5766 33.7778 -41.853 -39.0305 33.9807 
-41.5352 -39.3368 34.2643 -40.4073 -39.8984 34.646 -39.3929 -40.5153 35.0031 
-38.7839 -40.9196 35.4353 -38.4647 -41.181 35.5757 -38.013 -41.8447 35.8608 
-37.6236 -42.6518 36.0465 -37.4614 -43.2669 36.1488 -37.4831 -43.9121 35.9325 
-43.774 -28.7818 33.703 -43.9079 -29.3029 33.7653 -44.1784 -29.7695 33.6884 
-44.388 -30.2963 33.5141 -44.7503 -30.6609 33.6007 -44.8816 -31.2371 33.5203 
-45.0292 -31.8822 33.5079 -45.2575 -33.274 33.4614 -45.112 -34.6269 33.2913 
-45.2236 -35.1284 33.3562 -44.5587 -36.5275 33.3718 -44.1193 -36.9584 33.3917 
-43.6861 -37.8667 33.6391 -42.3963 -38.9754 34.0697 -42.0946 -39.3102 34.3735 
-41.2132 -39.6157 34.5727 -40.8932 -39.8753 34.874 -40.1101 -40.1733 34.8907 
-39.8539 -40.4395 35.1684 -39.6054 -40.6785 35.4644 -39.1756 -40.7865 35.4547 
-38.6374 -41.2426 35.9911 -39.0113 -41.035 35.9088 -38.29 -41.5296 35.9517 
-37.8403 -42.2427 36.2046 -44.196 -27.9412 33.4641 -43.863 -28.372 33.6884 
-43.8526 -29.0272 33.9783 -44.5529 -30.1018 33.7555 -45.2418 -31.6433 33.7414 
-45.3719 -32.2636 33.6944 -45.4674 -32.8529 33.6506 -45.341 -33.9605 33.4774 
-45.4859 -34.5373 33.5517 -45.3237 -35.6276 33.46 -44.9607 -36.088 33.3703 
-44.589 -36.9814 33.6388 -44.1414 -37.4311 33.6465 -43.7916 -38.3148 33.9605 
-43.3063 -38.5465 33.9227 -42.9406 -38.917 34.1613 -42.6502 -39.2669 34.4715 
-41.7691 -39.6137 34.6937 -40.5757 -40.1588 35.1668 -40.289 -40.4582 35.4617 
-39.4619 -40.9246 35.8741 -38.4614 -41.6267 36.41 -38.1327 -41.915 36.3533 
-37.8992 -42.3399 36.6347 -37.6039 -42.7525 36.4409 -37.3966 -43.3788 36.5819 
-37.3819 -44.0295 36.3186 -43.983 -28.2673 33.8502 -43.8217 -28.6963 34.1062 
-44.2076 -29.5908 33.9773 -44.956 -30.4781 33.8394 -45.1102 -31.0496 33.7647 
-45.6606 -32.0316 33.9131 -45.6071 -33.5042 33.6741 -45.7419 -34.0403 33.745 
-45.6205 -35.0983 33.625 -45.4216 -36.1081 33.6378 -45.0226 -36.5476 33.6169 
-44.6399 -37.4171 33.9165 -44.2085 -37.8767 33.9204 -43.5095 -38.8481 34.284 
-43.2029 -39.2136 34.5855 -42.3325 -39.5899 34.774 -41.428 -39.8912 35.0384 
-41.0952 -40.1489 35.3674 -40.0027 -40.7735 35.7914 -38.873 -41.3555 36.3826 
-39.3001 -41.1947 36.3114 -37.5966 -42.8542 36.8172 -37.2858 -44.1818 36.6777 
-44.3322 -28.0185 33.7209 -44.0333 -28.3859 34.1293 -43.9993 -29.2347 34.2357 
-44.6841 -29.9954 34.0097 -44.4149 -29.6602 34.2598 -45.3352 -30.874 33.9852 
-45.4921 -31.4543 33.9537 -45.8175 -32.5804 33.8788 -45.8586 -33.0968 33.8406 
-46.0362 -33.5689 33.9168 -45.8834 -34.5748 33.8262 -46.0107 -35.1273 33.8927 
-45.7396 -35.663 33.7334 -45.4933 -36.551 33.8924 -45.0711 -36.9869 33.9064 
-44.7395 -37.8199 34.2185 -44.3465 -38.2823 34.2557 -44.0176 -38.7063 34.3895 
-43.7478 -39.1374 34.7102 -42.895 -39.5599 34.8909 -41.9784 -39.9011 35.1166 
-42.528 -39.8829 35.1711 -41.6352 -40.1774 35.5002 -40.8168 -40.4269 35.6738 
-40.5545 -40.7288 35.9472 -39.7758 -41.0888 36.2186 -38.6904 -41.7401 36.77 
-37.9103 -42.5265 37.0355 -38.2648 -42.0762 36.8219 -37.5561 -43.0065 37.1762 
-37.3323 -43.5138 36.9676 -43.9342 -28.8495 34.3877 -44.1917 -29.3266 34.4697 
-44.8863 -29.9877 34.2839 -45.1595 -30.3677 34.091 -45.7601 -31.2699 34.1196 
-45.9668 -31.8408 34.075 -46.179 -32.3825 34.0467 -46.2765 -33.0016 34.0288 
-46.4538 -33.5759 34.1149 -46.1561 -34.0764 33.9967 -46.2893 -34.6032 34.0813 
-46.1207 -35.6865 34.0003 -45.8752 -36.2129 33.9748 -45.5417 -36.9586 34.1892 
-45.1629 -37.4003 34.2317 -44.8741 -38.2034 34.5619 -44.5356 -38.6632 34.6699 
-43.4398 -39.5063 35.0282 -43.0974 -39.8588 35.3022 -42.1766 -40.2016 35.5432 
-41.3482 -40.4458 35.8644 -41.0992 -40.7417 36.1833 -40.3016 -41.0448 36.2483 
-39.601 -41.4321 36.6763 -39.1593 -41.5443 36.7383 -38.5542 -42.1194 37.152 
-37.339 -43.5262 37.3533 -37.2242 -44.2536 37.0278 -44.4651 -28.1336 33.9711 
-44.1918 -28.5244 34.3626 -45.4722 -30.3531 34.3139 -45.6314 -30.7638 34.1797 
-46.24 -31.6138 34.1883 -46.5322 -32.0795 34.1678 -46.6309 -32.6722 34.1526 
-46.7658 -33.2106 34.2081 -46.5733 -34.134 34.2157 -46.4057 -35.1429 34.1531 
-46.4963 -35.661 34.2614 -46.3019 -36.1694 34.2713 -45.9774 -36.6867 34.3249 
-45.6821 -37.3105 34.5455 -45.2914 -37.772 34.571 -44.2496 -39.0737 34.8921 
-43.954 -39.4612 35.1961 -43.634 -39.8305 35.4824 -42.7204 -40.1726 35.5589 
-41.916 -40.4801 35.9629 -41.7043 -40.7321 36.334 -40.821 -41.0725 36.435 
-40.0671 -41.3372 36.5827 -40.5641 -41.4262 36.7388 -39.0193 -41.8664 37.0804 
-38.168 -42.4644 37.3131 -39.5807 -41.7802 37.101 -37.7487 -42.8762 37.4545 
-37.1883 -44.5263 37.2667 -44.1983 -29.0352 34.5997 -44.6171 -29.6239 34.5374 
-45.1317 -29.9881 34.4781 -46.1431 -31.1693 34.2441 -46.9917 -32.4117 34.2147 
-47.154 -32.9153 34.272 -46.9043 -33.7603 34.32 -46.7006 -34.7205 34.3187 
-46.8031 -35.3146 34.4196 -46.4329 -36.5667 34.5957 -46.1115 -37.1043 34.7367 
-45.3909 -38.1557 34.9106 -45.0446 -38.5691 34.9544 -44.7462 -39.0208 35.1391 
-44.4534 -39.4319 35.4032 -44.1433 -39.8165 35.6776 -43.3075 -40.167 35.7197 
-42.9677 -40.4318 35.9348 -42.4494 -40.5009 35.983 -42.3356 -40.7877 36.4556 
-41.4142 -41.0255 36.6198 -41.1887 -41.3511 36.8451 -40.065 -41.6579 36.9691 
-38.8025 -42.2443 37.4829 -39.2619 -42.049 37.3877 -37.9566 -42.8462 37.7682 
-38.378 -42.5268 37.6396 -37.5055 -43.3227 37.7205 -37.2383 -43.9307 37.5754 
-37.1788 -44.6225 37.5817 -44.6669 -28.3007 34.1995 -44.4644 -28.7422 34.565 
-44.611 -29.3212 34.6899 -45.1051 -29.6946 34.6462 -45.9391 -30.4147 34.4022 
-46.0722 -30.7604 34.3061 -46.6152 -31.1293 34.2811 -46.6906 -31.5839 34.2471 
-47.0877 -31.9949 34.2308 -47.5087 -32.5462 34.2571 -47.2594 -33.4334 34.3787 
-47.3419 -33.9708 34.523 -46.9944 -34.3193 34.4392 -47.1018 -34.8917 34.5571 
-46.7559 -35.9751 34.5309 -45.7943 -37.7344 34.9322 -45.6477 -38.3997 35.2766 
-45.2485 -38.8754 35.3464 -44.9497 -39.3616 35.5949 -43.8166 -40.1923 35.9355 
-43.4466 -40.5402 36.1891 -42.9304 -40.7241 36.348 -41.9613 -41.0311 36.7873 
-40.9535 -41.6745 37.0634 -40.5376 -41.8426 37.2062 -39.6778 -42.1246 37.5651 
-40.1022 -41.9848 37.3906 -38.7141 -42.5385 37.9102 -39.1741 -42.3266 37.7667 
-37.7084 -43.235 38.042 -37.3085 -43.8878 37.9435 -45.0111 -28.5542 34.3624 
-44.91 -29.0614 34.6237 -45.5964 -30.0744 34.5297 -47.2539 -31.5294 34.2134 
-47.6137 -31.993 34.1973 -47.9733 -32.403 34.1792 -47.6608 -33.117 34.3565 
-47.7511 -33.6452 34.5088 -47.4155 -34.5194 34.6679 -47.1569 -35.4834 34.6606 
-47.1589 -35.9897 34.7856 -46.8538 -36.4648 34.8247 -46.553 -36.9854 34.9827 
-46.2627 -37.5148 35.1435 -46.072 -38.0631 35.3557 -45.6615 -38.8875 35.6406 
-44.6596 -39.7949 35.8746 -44.3433 -40.1929 36.1216 -43.962 -40.5547 36.353 
-42.9457 -40.9835 36.7814 -42.4725 -41.108 36.9654 -41.7657 -41.3595 37.0945 
-41.4549 -41.7114 37.2821 -40.6109 -42.2004 37.675 -41.0576 -42.0198 37.4729 
-38.2518 -42.8331 38.0817 -39.6117 -42.3888 37.9712 -40.1419 -42.2833 37.8193 
-37.1794 -44.7749 37.8437 -45.411 -29.4016 34.5675 -45.8439 -29.7955 34.4943 
-46.2737 -30.202 34.3764 -46.5926 -30.6503 34.2887 -47.0871 -31.0487 34.1965 
-47.2775 -30.6555 34.0288 -47.6596 -31.1557 33.9997 -47.9535 -31.6131 34.0036 
-48.2956 -32.0524 33.9638 -48.0908 -32.8787 34.2432 -48.2359 -33.3873 34.351 
-47.7888 -34.1597 34.6913 -48.29 -33.8723 34.5306 -47.484 -35.1265 34.7881 
-47.5537 -35.7541 34.9278 -47.2908 -36.4274 35.0318 -47.0025 -36.9045 35.1795 
-46.727 -37.3969 35.3713 -46.5172 -37.9239 35.5534 -46.0387 -38.5903 35.6782 
-45.3894 -39.3387 35.8248 -45.1362 -39.7912 36.0826 -44.8449 -40.2316 36.3299 
-43.529 -40.875 36.6429 -42.3448 -41.4233 37.3444 -41.9626 -41.7439 37.5219 
-38.7187 -42.7522 38.2872 -39.1666 -42.5709 38.1772 -38.0002 -43.1546 38.3561 
-37.5732 -43.5788 38.2996 -37.2719 -44.2099 38.2216 -37.1785 -44.944 38.1264 
-45.5316 -28.9192 34.3762 -46.0873 -29.3572 34.2946 -46.5255 -29.8069 34.2051 
-46.9038 -30.234 34.107 -48.557 -32.549 33.9532 -48.7095 -33.0406 34.002 
-48.8432 -33.5122 34.0815 -48.2011 -34.4392 34.7925 -47.8119 -34.7335 34.8516 
-47.8851 -35.3053 34.9762 -47.9783 -35.8535 35.1054 -47.6832 -36.3177 35.1472 
-47.4683 -36.8729 35.3261 -46.4492 -38.4491 35.8079 -46.2563 -39 36.0724 
-45.8481 -39.2465 36.0279 -45.6121 -39.7511 36.2809 -45.3316 -40.2209 36.513 
-44.4886 -40.6125 36.5431 -44.1095 -40.8997 36.7574 -43.4138 -41.1812 37.0971 
-42.9476 -41.3267 37.3031 -41.573 -42.1067 37.6916 -41.1216 -42.3709 37.8993 
-39.5973 -42.6413 38.4019 -40.0473 -42.5005 38.1888 -40.6172 -42.5073 38.1502 
-38.4612 -43 38.5282 -39.0931 -42.8433 38.5976 -38.043 -43.349 38.6737 
-37.5514 -43.7962 38.5816 -48.9756 -33.9725 34.1738 -48.6255 -34.2557 34.5712 
-49.115 -34.5242 34.3057 -48.266 -34.9855 34.9523 -48.342 -35.5449 35.0729 
-48.0764 -36.4001 35.2695 -47.8913 -36.8862 35.4197 -47.1997 -37.3379 35.5155 
-46.9747 -37.8324 35.7077 -46.8835 -38.3552 35.9236 -46.7194 -38.8727 36.1497 
-46.0786 -39.6031 36.4099 -44.9538 -40.6926 36.7434 -44.5825 -41.083 37.0256 
-43.9605 -41.2042 37.128 -43.6312 -41.514 37.5482 -43.0069 -41.6351 37.6802 
-42.4956 -41.809 37.7545 -42.0924 -42.1588 37.9072 -41.6917 -42.4906 38.0956 
-41.2267 -42.666 38.3086 -40.1983 -42.7034 38.529 -37.2791 -44.3705 38.5492 
-37.8217 -43.6636 38.8909 -37.4965 -44.0546 38.9491 -37.1812 -45.077 38.4242 
-48.7051 -34.7615 34.734 -49.1955 -35.0848 34.4667 -48.7632 -35.2977 34.8789 
-48.7958 -35.863 35.0074 -48.4088 -36.14 35.1988 -47.6722 -37.3677 35.6148 
-47.4476 -37.7918 35.7888 -47.3316 -38.2594 35.9817 -47.2071 -38.7824 36.1978 
-46.5093 -39.3901 36.4268 -45.8427 -40.1562 36.6847 -45.4422 -40.6427 36.872 
-45.8857 -40.6207 37.0168 -45.1702 -41.0743 37.1306 -44.2787 -41.4798 37.4703 
-44.8579 -41.4183 37.4024 -43.5292 -41.8786 37.954 -43.035 -42.0215 38.0386 
-42.6362 -42.2491 38.1364 -42.2636 -42.5625 38.2725 -40.778 -42.7804 38.5708 
-38.6895 -43.1378 38.8312 -39.2769 -43.0766 38.9455 -39.7062 -42.8585 38.7535 
-38.3136 -43.4307 39.0148 -37.2585 -44.574 38.854 -37.2055 -45.2152 38.7236 
-49.2254 -35.6582 34.6357 -49.1936 -36.2523 34.7984 -48.7635 -36.4647 35.1406 
-48.3288 -36.8583 35.3885 -48.7303 -37.0019 35.2425 -48.0915 -37.4417 35.6372 
-48.5249 -37.4731 35.4661 -47.8602 -37.9947 35.8955 -47.6809 -38.5686 36.1453 
-46.9927 -39.27 36.4319 -46.3135 -39.9902 36.7606 -46.7526 -39.7794 36.7122 
-46.2956 -40.5207 37.0638 -45.699 -41.0534 37.2556 -44.127 -41.8438 37.8901 
-42.8819 -42.6557 38.4517 -41.8675 -42.8505 38.4889 -41.3925 -42.9527 38.6775 
-39.8964 -43.1249 39.0764 -40.3334 -42.9375 38.8714 -40.9264 -43.0683 38.943 
-38.883 -43.3532 39.1446 -37.9157 -43.7481 39.223 -37.5611 -44.1407 39.326 
-37.3319 -44.6873 39.1364 -49.1294 -36.8571 34.9059 -48.9859 -37.4667 35.0729 
-48.3326 -37.9835 35.7499 -48.8083 -37.9663 35.3444 -48.6544 -38.4516 35.6703 
-48.1674 -38.4992 36.0361 -47.5046 -39.1775 36.4118 -47.2255 -39.6706 36.6604 
-47.5912 -39.8461 36.6701 -47.0622 -40.1605 36.8988 -46.6867 -40.3462 37.0119 
-46.2053 -41.0342 37.323 -45.4763 -41.4412 37.4933 -45.2247 -41.7486 37.7116 
-44.6833 -41.8037 37.7831 -43.9212 -42.22 38.2147 -43.3525 -42.3896 38.3247 
-42.4465 -42.9548 38.5928 -40.5298 -43.2543 39.174 -41.4992 -43.2488 38.9839 
-42.0304 -43.246 38.8536 -39.4927 -43.3656 39.2417 -38.4667 -43.5985 39.3384 
-37.3412 -45.2725 39.0464 -48.5116 -38.9158 35.9824 -47.9665 -38.9839 36.2796 
-48.3157 -39.3409 36.2296 -47.872 -39.5149 36.4809 -47.4219 -40.3612 36.8676 
-47.9067 -40.2502 36.5782 -47.0716 -40.7609 37.0805 -46.6942 -40.957 37.2395 
-46.0012 -41.4901 37.5547 -44.6299 -42.2405 38.1279 -45.1718 -42.145 37.9631 
-43.8894 -42.7197 38.4624 -43.4404 -42.9363 38.5924 -43.0058 -43.1713 38.7174 
-42.5774 -43.389 38.8572 -41.8077 -43.6324 39.1414 -40.1186 -43.4799 39.3289 
-41.1694 -43.4896 39.2214 -39.0895 -43.6131 39.4125 -38.0756 -43.868 39.5262 
-38.7237 -43.836 39.5808 -39.6998 -43.742 39.4614 -37.8371 -44.2428 39.6485 
-37.504 -44.6936 39.4432 -37.4957 -45.309 39.3592 -48.1767 -39.8536 36.3746 
-47.6828 -40.7265 36.7481 -47.3934 -41.1061 36.9486 -47.093 -41.489 37.1687 
-46.5565 -41.4648 37.4498 -46.2916 -41.9321 37.6859 -46.8654 -41.9174 37.3985 
-45.7768 -41.9526 37.7937 -45.7038 -42.4198 37.9478 -46.2284 -42.593 37.7431 
-45.253 -42.6424 38.1069 -44.3875 -42.5939 38.3333 -44.9108 -42.9079 38.2612 
-44.467 -43.1437 38.434 -42.4495 -43.8258 39.0298 -40.7719 -43.7103 39.3617 
-40.3204 -43.9373 39.4617 -41.4306 -44.0486 39.3052 -39.3272 -44.0081 39.5997 
-40.9285 -44.2576 39.3999 -38.4111 -44.0799 39.7151 -39.9027 -44.2464 39.5543 
-37.7878 -45.3696 39.6051 -46.5999 -42.3218 37.5679 -45.8599 -42.966 37.8748 
-45.4622 -43.2487 38.0403 -44 -43.3192 38.5759 -45.0318 -43.5062 38.2246 
-43.5338 -43.5451 38.7305 -44.5642 -43.7321 38.3922 -44.0771 -43.9362 38.5691 
-43.0549 -43.7614 38.888 -43.5996 -44.1566 38.7699 -42.0242 -44.1152 39.1696 
-43.0594 -44.3072 38.8904 -42.5408 -44.4567 39.0027 -41.4199 -44.6853 39.2554 
-41.9625 -44.6036 39.1384 -38.9888 -44.2613 39.7339 -39.5838 -44.568 39.6425 
-40.4294 -44.4692 39.4684 -40.8552 -44.8472 39.3377 -37.8199 -44.7457 39.7097 
-38.3705 -44.4215 39.8256 -40.1826 -44.9261 39.4629 -39.0007 -44.69 39.7982 
-39.5945 -45.0896 39.6096 -38.3444 -44.8662 39.8285 -38.3369 -45.3772 39.7063 
-38.9697 -45.2118 39.7136 
POLYGONS 1880 5637
OFFSETS vtktypeint64
0 3 6 9 12 15 18 21 24 
27 30 33 36 39 42 45 48 51 
54 57 60 63 66 69 72 75 78 
81 84 87 90 93 96 99 102 105 
108 111 114 117 120 123 126 129 132 
135 138 141 144 147 150 153 156 159 
162 165 168 171 174 177 180 183 186 
189 192 195 198 201 204 207 210 213 
216 219 222 225 228 231 234 237 240 
243 246 249 252 255 258 261 264 267 
270 273 276 279 282 285 288 291 294 
297 300 303 306 309 312 315 318 321 
324 327 330 333 336 339 342 345 348 
351 354 357 360 363 366 369 372 375 
378 381 384 387 390 393 396 399 402 
405 408 411 414 417 420 423 426 429 
432 435 438 441 444 447 450 453 456 
459 462 465 468 471 474 477 480 483 
486 489 492 495 498 501 504 507 510 
513 516 519 522 525 528 531 534 537 
540 543 546 549 552 555 558 561 564 
567 570 573 576 579 582 585 588 591 
594 597 600 603 606 609 612 615 618 
621 624 627 630 633 636 639 642 645 
648 651 654 657 660 663 666 669 672 
675 678 681 684 687 690 693 696 699 
702 705 708 711 714 717 720 723 726 
729 732 735 738 741 744 747 750 753 
756 759 762 765 768 771 774 777 780 
783 786 789 792 795 798 801 804 807 
810 813 816 819 822 825 828 831 834 
837 840 843 846 849 852 855 858 861 
864 867 870 873 876 879 882 885 888 
891 894 897 900 903 906 909 912 915 
918 921 924 927 930 933 936 939 942 
945 948 951 954 957 960 963 966 969 
972 975 978 981 984 987 990 993 996 
999 1002 1005 1008 1011 1014 1017 1020 1023 
1026 1029 1032 1035 1038 1041 1044 1047 1050 
1053 1056 1059 1062 1065 1068 1071 1074 1077 
1080 1083 1086 1089 1092 1095 1098 1101 1104 
1107 1110 1113 1116 1119 1122 1125 1128 1131 
1134 1137 1140 1143 1146 1149 1152 1155 1158 
1161 1164 1167 1170 1173 1176 1179 1182 1185 
1188 1191 1194 1197 1200 1203 1206 1209 1212 
1215 1218 1221 1224 1227 1230 1233 1236 1239 
1242 1245 1248 1251 1254 1257 1260 1263 1266 
1269 1272 1275 1278 1281 1284 1287 1290 1293 
1296 1299 1302 1305 1308 1311 1314 1317 1320 
1323 1326 1329 1332 1335 1338 1341 1344 1347 
1350 1353 1356 1359 1362 1365 1368 1371 1374 
1377 1380 1383 1386 1389 1392 1395 1398 1401 
1404 1407 1410 1413 1416 1419 1422 1425 1428 
1431 1434 1437 1440 1443 1446 1449 1452 1455 
1458 1461 1464 1467 1470 1473 1476 1479 1482 
1485 1488 1491 1494 1497 1500 1503 1506 1509 
1512 1515 1518 1521 1524 1527 1530 1533 1536 
1539 1542 1545 1548 1551 1554 1557 1560 1563 
1566 1569 1572 1575 1578 1581 1584 1587 1590 
1593 1596 1599 1602 1605 1608 1611 1614 1617 
1620 1623 1626 1629 1632 1635 1638 1641 1644 
1647 1650 1653 1656 1659 1662 1665 1668 1671 
1674 1677 1680 1683 1686 1689 1692 1695 1698 
1701 1704 1707 1710 1713 1716 1719 1722 1725 
1728 1731 1734 1737 1740 1743 1746 1749 1752 
1755 1758 1761 1764 1767 1770 1773 1776 1779 
1782 1785 1788 1791 1794 1797 1800 1803 1806 
1809 1812 1815 1818 1821 1824 1827 1830 1833 
1836 1839 1842 1845 1848 1851 1854 1857 1860 
1863 1866 1869 1872 1875 1878 1881 1884 1887 
1890 1893 1896 1899 1902 1905 1908 1911 1914 
1917 1920 1923 1926 1929 1932 1935 1938 1941 
1944 1947 1950 1953 1956 1959 1962 1965 1968 
1971 1974 1977 1980 1983 1986 1989 1992 1995 
1998 2001 2004 2007 2010 2013 2016 2019 2022 
2025 2028 2031 2034 2037 2040 2043 2046 2049 
2052 2055 2058 2061 2064 2067 2070 2073 2076 
2079 2082 2085 2088 2091 2094 2097 2100 2103 
2106 2109 2112 2115 2118 2121 2124 2127 2130 
2133 2136 2139 2142 2145 2148 2151 2154 2157 
2160 2163 2166 2169 2172 2175 2178 2181 2184 
2187 2190 2193 2196 2199 2202 2205 2208 2211 
2214 2217 2220 2223 2226 2229 2232 2235 2238 
2241 2244 2247 2250 2253 2256 2259 2262 2265 
2268 2271 2274 2277 2280 2283 2286 2289 2292 
2295 2298 2301 2304 2307 2310 2313 2316 2319 
2322 2325 2328 2331 2334 2337 2340 2343 2346 
2349 2352 2355 2358 2361 2364 2367 2370 2373 
2376 2379 2382 2385 2388 2391 2394 2397 2400 
2403 2406 2409 2412 2415 2418 2421 2424 2427 
2430 2433 2436 2439 2442 2445 2448 2451 2454 
2457 2460 2463 2466 2469 2472 2475 2478 2481 
2484 2487 2490 2493 2496 2499 2502 2505 2508 
2511 2514 2517 2520 2523 2526 2529 2532 2535 
2538 2541 2544 2547 2550 2553 2556 2559 2562 
2565 2568 2571 2574 2577 2580 2583 2586 2589 
2592 2595 2598 2601 2604 2607 2610 2613 2616 
2619 2622 2625 2628 2631 2634 2637 2640 2643 
2646 2649 2652 2655 2658 2661 2664 2667 2670 
2673 2676 2679 2682 2685 2688 2691 2694 2697 
2700 2703 2706 2709 2712 2715 2718 2721 2724 
2727 2730 2733 2736 2739 2742 2745 2748 2751 
2754 2757 2760 2763 2766 2769 2772 2775 2778 
2781 2784 2787 2790 2793 2796 2799 2802 2805 
2808 2811 2814 2817 2820 2823 2826 2829 2832 
2835 2838 2841 2844 2847 2850 2853 2856 2859 
2862 2865 2868 2871 2874 2877 2880 2883 2886 
2889 2892 2895 2898 2901 2904 2907 2910 2913 
2916 2919 2922 2925 2928 2931 2934 2937 2940 
2943 2946 2949 2952 2955 2958 2961 2964 2967 
2970 2973 2976 2979 2982 2985 2988 2991 2994 
2997 3000 3003 3006 3009 3012 3015 3018 3021 
3024 3027 3030 3033 3036 3039 3042 3045 3048 
3051 3054 3057 3060 3063 3066 3069 3072 3075 
3078 3081 3084 3087 3090 3093 3096 3099 3102 
3105 3108 3111 3114 3117 3120 3123 3126 3129 
3132 3135 3138 3141 3144 3147 3150 3153 3156 
3159 3162 3165 3168 3171 3174 3177 3180 3183 
3186 3189 3192 3195 3198 3201 3204 3207 3210 
3213 3216 3219 3222 3225 3228 3231 3234 3237 
3240 3243 3246 3249 3252 3255 3258 3261 3264 
3267 3270 3273 3276 3279 3282 3285 3288 3291 
3294 3297 3300 3303 3306 3309 3312 3315 3318 
3321 3324 3327 3330 3333 3336 3339 3342 3345 
3348 3351 3354 3357 3360 3363 3366 3369 3372 
3375 3378 3381 3384 3387 3390 3393 3396 3399 
3402 3405 3408 3411 3414 3417 3420 3423 3426 
3429 3432 3435 3438 3441 3444 3447 3450 3453 
3456 3459 3462 3465 3468 3471 3474 3477 3480 
3483 3486 3489 3492 3495 3498 3501 3504 3507 
3510 3513 3516 3519 3522 3525 3528 3531 3534 
3537 3540 3543 3546 3549 3552 3555 3558 3561 
3564 3567 3570 3573 3576 3579 3582 3585 3588 
3591 3594 3597 3600 3603 3606 3609 3612 3615 
3618 3621 3624 3627 3630 3633 3636 3639 3642 
3645 3648 3651 3654 3657 3660 3663 3666 3669 
3672 3675 3678 3681 3684 3687 3690 3693 3696 
3699 3702 3705 3708 3711 3714 3717 3720 3723 
3726 3729 3732 3735 3738 3741 3744 3747 3750 
3753 3756 3759 3762 3765 3768 3771 3774 3777 
3780 3783 3786 3789 3792 3795 3798 3801 3804 
3807 3810 3813 3816 3819 3822 3825 3828 3831 
3834 3837 3840 3843 3846 3849 3852 3855 3858 
3861 3864 3867 3870 3873 3876 3879 3882 3885 
3888 3891 3894 3897 3900 3903 3906 3909 3912 
3915 3918 3921 3924 3927 3930 3933 3936 3939 
3942 3945 3948 3951 3954 3957 3960 3963 3966 
3969 3972 3975 3978 3981 3984 3987 3990 3993 
3996 3999 4002 4005 4008 4011 4014 4017 4020 
4023 4026 4029 4032 4035 4038 4041 4044 4047 
4050 4053 4056 4059 4062 4065 4068 4071 4074 
4077 4080 4083 4086 4089 4092 4095 4098 4101 
4104 4107 4110 4113 4116 4119 4122 4125 4128 
4131 4134 4137 4140 4143 4146 4149 4152 4155 
4158 4161 4164 4167 4170 4173 4176 4179 4182 
4185 4188 4191 4194 4197 4200 4203 4206 4209 
4212 4215 4218 4221 4224 4227 4230 4233 4236 
4239 4242 4245 4248 4251 4254 4257 4260 4263 
4266 4269 4272 4275 4278 4281 4284 4287 4290 
4293 4296 4299 4302 4305 4308 4311 4314 4317 
4320 4323 4326 4329 4332 4335 4338 4341 4344 
4347 4350 4353 4356 4359 4362 4365 4368 4371 
4374 4377 4380 4383 4386 4389 4392 4395 4398 
4401 4404 4407 4410 4413 4416 4419 4422 4425 
4428 4431 4434 4437 4440 4443 4446 4449 4452 
4455 4458 4461 4464 4467 4470 4473 4476 4479 
4482 4485 4488 4491 4494 4497 4500 4503 4506 
4509 4512 4515 4518 4521 4524 4527 4530 4533 
4536 4539 4542 4545 4548 4551 4554 4557 4560 
4563 4566 4569 4572 4575 4578 4581 4584 4587 
4590 4593 4596 4599 4602 4605 4608 4611 4614 
4617 4620 4623 4626 4629 4632 4635 4638 4641 
4644 4647 4650 4653 4656 4659 4662 4665 4668 
4671 4674 4677 4680 4683 4686 4689 4692 4695 
4698 4701 4704 4707 4710 4713 4716 4719 4722 
4725 4728 4731 4734 4737 4740 4743 4746 4749 
4752 4755 4758 4761 4764 4767 4770 4773 4776 
4779 4782 4785 4788 4791 4794 4797 4800 4803 
4806 4809 4812 4815 4818 4821 4824 4827 4830 
4833 4836 4839 4842 4845 4848 4851 4854 4857 
4860 4863 4866 4869 4872 4875 4878 4881 4884 
4887 4890 4893 4896 4899 4902 4905 4908 4911 
4914 4917 4920 4923 4926 4929 4932 4935 4938 
4941 4944 4947 4950 4953 4956 4959 4962 4965 
4968 4971 4974 4977 4980 4983 4986 4989 4992 
4995 4998 5001 5004 5007 5010 5013 5016 5019 
5022 5025 5028 5031 5034 5037 5040 5043 5046 
5049 5052 5055 5058 5061 5064 5067 5070 5073 
5076 5079 5082 5085 5088 5091 5094 5097 5100 
5103 5106 5109 5112 5115 5118 5121 5124 5127 
5130 5133 5136 5139 5142 5145 5148 5151 5154 
5157 5160 5163 5166 5169 5172 5175 5178 5181 
5184 5187 5190 5193 5196 5199 5202 5205 5208 
5211 5214 5217 5220 5223 5226 5229 5232 5235 
5238 5241 5244 5247 5250 5253 5256 5259 5262 
5265 5268 5271 5274 5277 5280 5283 5286 5289 
5292 5295 5298 5301 5304 5307 5310 5313 5316 
5319 5322 5325 5328 5331 5334 5337 5340 5343 
5346 5349 5352 5355 5358 5361 5364 5367 5370 
5373 5376 5379 5382 5385 5388 5391 5394 5397 
5400 5403 5406 5409 5412 5415 5418 5421 5424 
5427 5430 5433 5436 5439 5442 5445 5448 5451 
5454 5457 5460 5463 5466 5469 5472 5475 5478 
5481 5484 5487 5490 5493 5496 5499 5502 5505 
5508 5511 5514 5517 5520 5523 5526 5529 5532 
5535 5538 5541 5544 5547 5550 5553 5556 5559 
5562 5565 5568 5571 5574 5577 5580 5583 5586 
5589 5592 5595 5598 5601 5604 5607 5610 5613 
5616 5619 5622 5625 5628 5631 5634 5637 
CONNECTIVITY vtktypeint64
0 1 2 11 1 0 0 2 3 
0 3 13 0 6 11 13 6 0 
282 257 256 256 281 300 300 282 256 
536 513 512 563 536 512 14 2 1 
11 10 1 1 10 15 15 14 1 
283 258 257 257 282 283 513 536 537 
797 770 769 769 796 797 17 3 2 
2 14 16 2 16 17 284 259 258 
258 283 284 514 538 565 565 539 514 
798 772 770 770 797 798 3 17 18 
301 260 259 259 284 301 540 516 515 
515 539 540 771 772 799 771 799 800 
4 5 30 4 30 31 4 31 35 
302 261 260 260 301 302 516 540 567 
567 541 516 772 798 823 824 799 772 
772 823 824 5 28 30 303 262 261 
261 302 303 543 518 517 517 542 569 
569 543 517 801 774 773 773 800 801 
8 7 6 6 7 11 9 8 6 
12 9 6 13 12 6 304 263 262 
262 303 304 518 543 544 803 775 774 
774 801 802 774 802 803 7 8 42 
7 10 11 44 10 7 7 42 44 
305 264 263 263 304 305 519 544 571 
571 545 519 804 776 775 775 803 804 
8 9 43 8 41 42 43 41 8 
285 265 264 305 285 264 548 521 520 
520 547 548 830 777 776 776 804 830 
286 266 265 265 285 286 521 548 574 
574 549 521 831 778 777 777 830 831 
63 15 10 10 44 63 266 286 287 
575 523 522 522 549 575 832 805 778 
778 831 832 289 268 267 267 288 312 
312 289 267 576 550 523 523 575 576 
779 805 806 779 806 807 290 269 268 
268 289 290 551 525 524 524 550 551 
808 781 780 780 807 808 291 270 269 
269 290 291 577 526 525 525 551 577 
809 782 781 781 808 809 14 15 45 
45 16 14 270 291 292 552 527 526 
577 552 526 782 809 835 835 810 782 
64 45 15 15 63 64 294 272 271 
271 292 293 271 293 294 552 529 527 
783 811 837 837 812 783 19 17 16 
46 19 16 16 45 46 314 273 272 
272 294 314 528 529 578 553 530 528 
578 553 528 840 785 784 784 813 839 
784 839 840 20 18 17 17 19 20 
315 295 273 273 314 315 529 552 579 
579 578 529 841 814 785 785 840 841 
18 20 22 296 275 274 530 553 554 
786 787 820 820 819 786 21 20 19 
47 21 19 19 46 47 318 276 275 
275 296 317 275 317 318 531 554 555 
531 555 556 787 816 820 20 21 23 
23 22 20 319 297 276 276 318 319 
559 533 532 582 559 532 821 789 788 
788 819 821 26 23 21 21 25 26 
47 25 21 321 278 277 277 298 321 
560 534 533 533 559 560 822 790 789 
789 821 822 22 23 24 323 279 278 
278 321 322 278 322 323 534 560 584 
584 561 534 845 791 790 790 822 845 
28 24 23 23 26 28 299 280 279 
323 299 279 535 561 585 585 562 535 
791 845 848 299 281 280 564 537 536 
536 563 588 588 564 536 27 26 25 
67 27 25 25 47 66 25 66 67 
281 299 324 324 300 281 589 538 537 
537 564 589 26 27 29 30 28 26 
26 29 30 325 283 282 282 300 325 
590 565 538 538 589 590 48 29 27 
67 48 27 326 284 283 283 325 326 
566 540 539 539 565 566 327 301 284 
284 326 327 540 566 592 592 567 540 
31 30 29 32 31 29 48 32 29 
307 286 285 285 305 306 285 306 307 
568 542 541 541 567 594 594 568 541 
308 287 286 286 307 308 542 568 569 
31 32 33 31 33 35 287 308 309 
287 309 310 570 544 543 543 569 596 
596 570 543 826 800 799 799 824 849 
849 826 799 34 33 32 49 34 32 
32 48 49 288 311 312 544 570 571 
826 801 800 33 34 37 36 35 33 
37 36 33 338 290 289 289 312 338 
572 546 545 545 571 598 599 572 545 
545 598 599 827 802 801 801 826 827 
51 37 34 34 49 50 34 50 51 
339 291 290 290 338 339 572 547 546 
828 803 802 802 827 853 853 828 802 
313 292 291 361 313 291 291 339 361 
573 548 547 547 572 573 829 804 803 
803 828 829 36 37 38 313 293 292 
548 573 601 601 574 548 804 829 854 
854 830 804 39 38 37 54 39 37 
37 51 54 340 294 293 293 313 340 
549 574 602 602 575 549 833 806 805 
805 832 833 342 314 294 294 340 341 
294 341 342 605 551 550 550 576 605 
834 807 806 806 833 858 858 834 806 
39 54 56 316 296 295 295 315 316 
606 577 551 551 605 606 834 808 807 
40 41 43 59 41 40 40 57 59 
296 316 317 552 577 607 607 579 552 
859 809 808 808 834 859 61 42 41 
41 59 61 320 298 297 297 319 320 
610 554 553 553 578 608 553 608 610 
860 835 809 809 859 860 62 44 42 
42 61 62 298 320 321 610 555 554 
836 811 810 810 835 836 299 323 348 
348 324 299 580 556 555 609 580 555 
610 609 555 811 836 837 44 62 78 
78 63 44 300 324 349 349 325 300 
580 557 556 838 813 812 812 837 838 
80 46 45 45 64 80 328 302 301 
301 327 328 581 558 557 557 580 612 
612 581 557 813 838 839 65 47 46 
81 65 46 46 80 81 352 303 302 
302 328 352 842 815 814 814 841 842 
47 65 66 329 304 303 352 329 303 
583 560 559 559 582 583 843 818 815 
815 842 843 68 49 48 48 67 84 
84 68 48 330 305 304 304 329 330 
560 583 613 613 584 560 816 817 844 
872 820 816 816 844 872 69 50 49 
49 68 69 330 306 305 561 584 586 
586 585 561 817 818 844 52 51 50 
69 52 50 331 307 306 306 330 353 
353 331 306 587 563 562 562 585 616 
616 587 562 818 843 869 869 844 818 
51 52 53 51 53 54 332 308 307 
307 331 332 563 587 588 819 820 870 
870 821 819 71 53 52 52 69 70 
52 70 71 333 309 308 308 332 333 
564 588 618 619 589 564 564 618 619 
871 870 820 872 871 820 55 54 53 
72 55 53 53 71 72 335 310 309 
309 333 334 309 334 335 591 566 565 
565 590 591 846 822 821 873 846 821 
821 870 873 54 55 56 566 591 622 
622 592 566 847 845 822 822 846 847 
74 56 55 55 72 73 55 73 74 
337 312 311 358 337 311 567 592 593 
567 593 594 825 824 823 312 337 359 
359 338 312 595 569 568 568 594 625 
625 595 568 824 825 849 57 58 60 
60 59 57 362 340 313 313 361 362 
569 595 596 850 849 825 75 60 58 
95 75 58 343 315 314 314 342 343 
597 571 570 570 596 627 627 597 570 
851 827 826 826 849 851 59 60 76 
76 61 59 364 316 315 315 343 364 
571 597 598 827 851 852 827 852 853 
60 75 76 344 317 316 364 344 316 
600 573 572 572 599 600 879 829 828 
828 853 879 77 62 61 61 76 77 
345 318 317 317 344 345 573 600 630 
630 601 573 881 854 829 829 879 881 
62 77 100 100 78 62 346 319 318 
318 345 346 574 601 603 603 602 574 
855 831 830 830 854 855 79 64 63 
63 78 79 365 320 319 319 346 365 
604 576 575 575 602 604 856 832 831 
831 855 856 64 79 102 102 80 64 
366 321 320 320 365 366 576 604 633 
633 605 576 857 833 832 832 856 857 
82 66 65 65 81 82 366 322 321 
577 606 635 635 607 577 833 857 885 
885 858 833 83 67 66 66 82 103 
103 83 66 347 323 322 367 347 322 
322 366 367 578 579 637 637 608 578 
834 858 886 886 859 834 67 83 84 
323 347 348 579 607 636 579 636 637 
862 836 835 835 860 862 105 69 68 
68 84 104 68 104 105 324 348 368 
369 349 324 324 368 369 580 609 611 
580 611 612 863 837 836 836 862 864 
864 863 836 106 70 69 69 105 106 
350 326 325 325 349 350 581 612 640 
863 838 837 85 71 70 107 85 70 
70 106 107 351 327 326 326 350 351 
641 583 582 865 839 838 838 863 890 
890 865 838 86 72 71 71 85 86 
371 328 327 327 351 371 642 613 583 
583 641 642 866 840 839 839 865 866 
88 73 72 72 86 88 372 352 328 
328 371 372 614 586 584 584 613 614 
867 841 840 840 866 867 92 74 73 
73 88 91 73 91 92 375 330 329 
329 352 373 329 373 374 329 374 375 
585 586 615 585 615 616 868 842 841 
841 867 868 375 353 330 586 614 671 
671 615 586 892 843 842 842 868 892 
98 76 75 75 95 97 75 97 98 
377 332 331 331 353 378 378 377 331 
617 588 587 587 616 644 644 617 587 
893 869 843 843 892 893 99 77 76 
76 98 99 354 333 332 377 354 332 
588 617 618 844 869 895 895 872 844 
77 99 101 101 100 77 355 334 333 
333 354 355 620 590 589 589 619 620 
845 847 874 874 848 845 117 79 78 
78 100 117 336 335 334 356 336 334 
334 355 356 620 591 590 898 847 846 
846 873 898 118 102 79 79 117 118 
591 620 621 591 621 622 899 874 847 
847 898 899 119 81 80 80 102 119 
336 356 357 623 593 592 592 622 623 
848 874 875 120 82 81 81 119 120 
337 358 382 383 359 337 337 382 383 
624 594 593 593 623 650 650 624 593 
849 850 851 121 103 82 82 120 121 
360 339 338 338 359 360 594 624 625 
876 851 850 123 84 83 83 103 122 
83 122 123 339 360 385 385 361 339 
626 596 595 595 625 653 653 626 595 
876 852 851 123 104 84 363 341 340 
340 362 363 596 626 627 878 853 852 
852 876 877 852 877 878 108 86 85 
85 107 108 387 342 341 341 363 387 
628 598 597 597 627 655 655 628 597 
853 878 879 86 87 88 108 87 86 
388 343 342 342 387 388 629 599 598 
598 628 629 883 855 854 854 881 883 
89 88 87 110 89 87 87 108 109 
87 109 110 389 364 343 343 388 389 
656 600 599 599 629 656 883 856 855 
88 89 90 88 90 91 391 345 344 
344 364 390 344 390 415 415 391 344 
657 630 600 600 656 657 884 857 856 
856 883 884 93 90 89 111 93 89 
89 110 111 392 346 345 345 391 392 
631 603 601 601 630 631 857 884 907 
907 885 857 94 91 90 90 93 94 
392 365 346 602 603 632 632 604 602 
858 885 887 887 886 858 395 348 347 
347 367 394 347 394 395 603 631 659 
659 632 603 861 860 859 888 861 859 
859 886 888 395 368 348 604 632 660 
660 633 604 860 861 889 889 862 860 
113 94 93 93 111 112 93 112 113 
370 350 349 349 369 370 634 606 605 
605 633 634 861 888 912 912 889 861 
396 351 350 350 370 396 606 634 662 
662 635 606 913 864 862 862 889 913 
95 96 97 397 371 351 351 396 397 
607 635 663 663 636 607 863 864 915 
915 890 863 114 97 96 352 372 373 
638 610 608 608 637 665 665 638 608 
864 913 914 864 914 915 115 98 97 
97 114 115 353 375 376 353 376 378 
609 610 666 668 611 609 609 666 668 
917 866 865 865 890 916 865 916 917 
115 99 98 379 355 354 354 377 402 
403 379 354 354 402 403 610 638 666 
917 867 866 137 101 99 99 115 137 
379 356 355 639 612 611 668 639 611 
891 868 867 917 891 867 100 101 116 
100 116 117 380 357 356 356 379 380 
612 639 640 868 891 918 918 892 868 
154 116 101 101 137 154 357 380 381 
670 614 613 613 642 670 869 893 896 
896 895 869 102 118 140 140 119 102 
407 382 358 614 670 671 870 871 897 
897 873 870 103 121 142 142 122 103 
384 360 359 359 383 384 643 616 615 
672 643 615 615 671 672 871 872 894 
871 894 922 922 897 871 124 105 104 
104 123 124 360 384 408 408 385 360 
616 643 644 895 894 872 125 106 105 
105 124 125 386 362 361 361 385 386 
645 618 617 617 644 673 673 645 617 
873 897 923 923 898 873 144 107 106 
106 125 144 410 363 362 362 386 410 
646 619 618 618 645 646 900 875 874 
874 899 900 126 108 107 144 126 107 
411 387 363 363 410 411 647 620 619 
619 646 647 875 900 924 127 109 108 
108 126 127 364 389 390 648 621 620 
620 647 648 145 110 109 109 127 145 
393 366 365 365 392 417 417 393 365 
649 622 621 621 648 676 676 649 621 
901 878 877 128 111 110 145 128 110 
393 367 366 649 623 622 880 879 878 
901 880 878 129 112 111 111 128 129 
367 393 418 418 394 367 623 649 677 
677 650 623 879 880 882 882 881 879 
132 113 112 112 129 130 112 130 131 
112 131 132 420 369 368 368 395 420 
652 625 624 624 650 651 624 651 652 
902 882 880 880 901 902 421 370 369 
369 420 421 625 652 653 881 882 903 
903 883 881 135 115 114 114 133 135 
422 396 370 370 421 422 654 627 626 
626 653 654 882 902 904 904 903 882 
115 135 136 115 136 137 398 372 371 
371 397 398 627 654 655 906 884 883 
883 903 906 138 117 116 155 138 116 
116 154 155 399 373 372 372 398 399 
682 629 628 628 655 681 628 681 682 
884 906 926 926 907 884 139 118 117 
117 138 139 425 374 373 373 399 424 
373 424 425 683 656 629 629 682 683 
908 887 885 885 907 908 118 139 140 
400 375 374 425 400 374 658 631 630 
630 657 658 886 887 911 911 888 886 
141 120 119 119 140 141 400 376 375 
631 658 686 686 659 631 887 908 910 
887 910 911 159 121 120 120 141 159 
426 378 376 376 400 427 427 426 376 
632 659 688 688 660 632 888 911 932 
932 912 888 160 142 121 121 159 160 
377 378 401 377 401 402 661 634 633 
633 660 661 889 912 933 933 913 889 
143 123 122 122 142 161 161 143 122 
426 401 378 634 661 690 690 662 634 
890 915 934 934 916 890 162 124 123 
123 143 162 404 380 379 379 403 404 
635 662 664 664 663 635 891 917 937 
938 918 891 891 937 938 163 125 124 
124 162 163 405 381 380 380 404 405 
667 637 636 636 663 692 692 667 636 
921 893 892 892 918 921 164 144 125 
125 163 164 381 405 406 667 665 637 
920 896 893 921 920 893 166 127 126 
126 144 165 126 165 166 432 383 382 
382 407 432 638 665 693 696 666 638 
638 693 696 894 895 919 894 919 941 
941 922 894 167 145 127 127 166 167 
433 384 383 383 432 433 698 640 639 
639 668 697 639 697 698 895 896 919 
147 129 128 128 145 146 128 146 147 
434 408 384 384 433 434 698 669 640 
942 919 896 896 920 942 148 130 129 
129 147 148 409 386 385 385 408 409 
700 642 641 897 922 943 943 923 897 
169 131 130 130 148 169 386 409 435 
435 410 386 701 670 642 642 700 701 
944 899 898 898 923 944 149 132 131 
170 149 131 131 169 170 412 388 387 
387 411 412 705 644 643 643 672 733 
643 704 705 733 704 643 948 900 899 
899 944 947 899 947 948 413 389 388 
388 412 413 705 673 644 948 924 900 
133 134 135 414 390 389 389 413 414 
707 646 645 645 673 707 151 135 134 
134 150 151 390 414 437 437 415 390 
674 647 646 708 674 646 646 707 708 
152 136 135 135 151 152 416 392 391 
391 415 438 438 416 391 675 648 647 
647 674 675 903 904 905 903 905 906 
153 137 136 136 152 174 174 153 136 
392 416 417 648 675 710 710 676 648 
137 153 154 393 417 441 441 418 393 
649 676 712 712 677 649 925 906 905 
156 139 138 138 155 192 192 156 138 
419 395 394 394 418 442 442 419 394 
678 651 650 650 677 678 906 925 927 
927 926 906 157 140 139 139 156 157 
395 419 420 714 652 651 651 678 714 
909 908 907 928 909 907 907 926 928 
158 141 140 140 157 158 423 397 396 
396 422 423 679 653 652 714 679 652 
908 909 929 929 910 908 141 158 176 
176 159 141 446 398 397 397 423 446 
680 654 653 653 679 680 909 928 930 
930 929 909 142 160 161 447 399 398 
398 446 447 715 655 654 654 680 715 
931 911 910 910 929 931 143 161 178 
179 162 143 143 178 179 479 424 399 
399 447 479 715 681 655 911 931 932 
144 164 165 400 425 448 448 427 400 
684 657 656 656 683 684 912 932 954 
954 933 912 182 146 145 145 167 182 
450 402 401 401 426 449 401 449 451 
451 450 401 685 658 657 657 684 685 
957 914 913 913 933 957 183 147 146 
146 182 183 429 403 402 450 429 402 
658 685 719 719 686 658 935 915 914 
957 935 914 168 148 147 183 168 147 
428 404 403 429 428 403 659 686 687 
659 687 688 935 934 915 148 168 184 
184 169 148 430 405 404 404 428 453 
453 430 404 689 661 660 660 688 689 
936 917 916 916 934 961 961 936 916 
149 170 171 430 406 405 661 689 722 
722 690 661 917 936 937 172 151 150 
188 172 150 406 430 431 691 664 662 
662 690 691 939 921 918 918 938 939 
172 152 151 456 432 407 663 664 692 
965 941 919 919 942 965 152 172 173 
152 173 174 460 409 408 408 434 460 
664 691 723 724 692 664 664 723 724 
920 921 940 920 940 942 175 154 153 
153 174 190 190 175 153 461 435 409 
409 460 461 665 667 694 694 693 665 
921 939 964 964 940 921 175 155 154 
436 411 410 410 435 436 695 668 666 
696 695 666 922 941 946 946 943 922 
155 175 191 155 191 192 464 412 411 
411 436 464 667 692 726 725 694 667 
726 725 667 923 943 945 945 944 923 
193 157 156 156 192 193 465 413 412 
412 464 466 466 465 412 668 695 697 
924 948 949 194 158 157 157 193 194 
467 414 413 413 465 467 669 698 699 
195 176 158 158 194 195 467 437 414 
702 671 670 670 701 702 926 927 928 
196 160 159 159 176 196 415 437 439 
439 438 415 703 672 671 671 702 703 
950 928 927 177 161 160 198 177 160 
160 196 198 440 417 416 416 438 470 
470 440 416 672 703 733 950 930 928 
161 177 178 417 440 441 673 705 706 
673 706 707 929 930 951 952 931 929 
929 951 952 180 163 162 162 179 180 
418 441 472 472 442 418 709 675 674 
674 708 709 181 164 163 163 180 181 
443 420 419 419 442 474 475 443 419 
419 474 475 675 709 737 737 710 675 
953 932 931 931 952 953 199 165 164 
164 181 199 443 421 420 676 710 711 
676 711 712 932 953 954 200 166 165 
165 199 200 444 422 421 421 443 444 
713 678 677 677 712 713 933 954 955 
933 955 957 201 167 166 166 200 201 
445 423 422 422 444 445 678 713 740 
740 714 678 934 935 960 934 960 962 
962 961 934 201 182 167 423 445 477 
477 446 423 743 680 679 679 714 742 
679 742 743 935 957 958 935 958 960 
168 183 203 204 184 168 168 203 204 
480 425 424 424 479 480 744 715 680 
680 743 744 976 937 936 936 961 963 
936 963 976 185 170 169 169 184 185 
480 448 425 716 682 681 681 715 716 
978 938 937 937 976 978 186 171 170 
170 185 186 426 427 449 717 683 682 
682 716 717 981 939 938 938 978 981 
171 186 187 427 448 481 481 449 427 
718 684 683 683 717 718 981 964 939 
208 173 172 172 188 208 428 429 452 
428 452 453 747 685 684 684 718 747 
967 942 940 940 964 983 983 967 940 
189 174 173 209 189 173 173 208 209 
429 450 482 482 452 429 748 719 685 
685 747 748 966 946 941 941 965 966 
174 189 190 454 431 430 430 453 454 
720 687 686 686 719 720 967 965 942 
175 190 210 210 191 175 431 454 455 
721 688 687 687 720 721 968 945 943 
943 946 968 176 195 197 197 196 176 
457 433 432 432 456 486 486 457 432 
721 689 688 944 945 970 970 947 944 
215 178 177 177 198 215 458 434 433 
433 457 458 689 721 750 751 722 689 
689 750 751 945 968 988 988 970 945 
216 179 178 178 215 216 434 458 459 
434 459 460 752 691 690 690 722 752 
946 966 971 971 968 946 217 180 179 
179 216 217 462 436 435 435 461 462 
753 723 691 691 752 753 992 948 947 
947 970 993 993 992 947 218 181 180 
180 217 218 436 462 463 436 463 464 
692 724 726 992 949 948 218 199 181 
468 439 437 437 467 468 693 694 728 
727 696 693 728 727 693 992 972 949 
202 183 182 182 201 202 438 439 469 
438 469 470 694 725 728 183 202 203 
439 468 490 490 469 439 695 696 756 
729 697 695 756 729 695 205 185 184 
184 204 223 223 205 184 471 441 440 
440 470 493 493 471 440 696 727 756 
206 186 185 185 205 206 441 471 472 
730 698 697 697 729 730 956 954 953 
224 187 186 186 206 224 442 472 473 
442 473 474 730 699 698 956 955 954 
187 224 225 476 444 443 443 475 476 
699 730 759 955 956 973 959 957 955 
973 959 955 188 207 208 497 445 444 
444 476 497 731 701 700 228 190 189 
189 209 227 189 227 228 498 477 445 
445 497 498 732 702 701 701 731 732 
959 958 957 228 210 190 478 447 446 
446 477 478 732 703 702 958 959 974 
974 960 958 211 192 191 191 210 229 
229 211 191 447 478 499 499 479 447 
703 732 760 761 733 703 703 760 761 
212 193 192 192 211 212 448 480 500 
500 481 448 763 705 704 704 733 762 
704 762 763 975 962 960 960 974 975 
213 194 193 193 212 213 501 451 449 
449 481 501 763 706 705 961 962 963 
231 195 194 194 213 231 450 451 482 
734 707 706 764 734 706 706 763 764 
977 963 962 962 975 977 232 197 195 
195 231 232 502 482 451 451 501 502 
734 708 707 979 976 963 963 977 979 
196 197 214 214 198 196 483 453 452 
452 482 503 503 483 452 735 709 708 
708 734 735 964 981 984 985 983 964 
964 984 985 232 214 197 484 454 453 
453 483 484 709 735 736 709 736 769 
769 737 709 969 966 965 965 967 969 
198 214 233 233 215 198 484 455 454 
738 711 710 710 737 738 966 969 990 
990 971 966 219 200 199 199 218 236 
236 219 199 455 484 506 739 712 711 
711 738 771 771 739 711 986 969 967 
967 983 987 987 986 967 220 201 200 
200 219 220 456 485 486 739 713 712 
968 971 989 989 988 968 221 202 201 
201 220 221 508 458 457 457 486 507 
457 507 508 713 739 773 773 740 713 
969 986 991 991 990 969 222 203 202 
202 221 222 509 459 458 458 508 509 
714 740 741 714 741 742 970 988 993 
237 204 203 203 222 237 510 460 459 
459 509 510 745 716 715 715 744 745 
994 989 971 971 990 994 238 223 204 
204 237 238 510 461 460 746 717 716 
716 745 779 779 746 716 972 992 997 
972 997 998 240 206 205 205 223 239 
205 239 240 512 462 461 461 510 511 
461 511 512 780 718 717 717 746 780 
241 224 206 206 240 241 462 512 513 
513 463 462 718 780 781 781 747 718 
246 208 207 207 245 246 487 464 463 
513 487 463 749 720 719 719 748 749 
226 209 208 246 226 208 487 466 464 
783 721 720 720 749 783 980 978 976 
976 979 980 209 226 227 465 466 488 
488 467 465 783 750 721 210 228 247 
247 229 210 466 487 514 514 488 466 
722 751 784 784 752 722 978 980 982 
982 981 978 230 212 211 211 229 230 
489 468 467 467 488 489 755 724 723 
723 753 755 248 213 212 212 230 248 
468 489 515 515 490 468 754 726 724 
755 754 724 249 231 213 213 248 249 
492 470 469 469 490 491 469 491 492 
725 726 758 757 728 725 758 757 725 
981 982 984 214 232 250 251 233 214 
214 250 251 470 492 493 726 754 758 
234 216 215 215 233 253 253 234 215 
494 472 471 471 493 518 518 494 471 
787 786 727 727 728 787 786 756 727 
983 985 987 234 217 216 494 473 472 
728 757 787 235 218 217 217 234 254 
254 235 217 495 474 473 473 494 519 
519 495 473 729 788 789 789 730 729 
729 756 788 218 235 236 495 475 474 
730 789 790 790 759 730 256 220 219 
219 236 255 219 255 256 496 476 475 
475 495 496 792 732 731 220 256 257 
257 221 220 476 496 520 520 497 476 
792 760 732 988 989 995 995 993 988 
221 257 258 258 222 221 522 478 477 
477 498 522 733 761 762 989 994 996 
996 995 989 222 258 259 259 237 222 
478 522 523 523 499 478 767 735 734 
734 764 766 734 766 767 990 991 994 
223 238 239 524 480 479 479 499 524 
768 736 735 735 767 768 243 225 224 
224 241 242 224 242 243 480 524 525 
525 500 480 736 768 796 796 769 736 
992 993 997 481 500 527 527 501 481 
737 769 770 770 738 737 993 995 997 
268 227 226 226 246 268 482 502 530 
530 503 482 738 770 772 772 771 738 
227 268 269 227 269 270 270 228 227 
504 484 483 483 503 531 531 504 483 
739 771 800 800 773 739 995 996 999 
999 997 995 270 247 228 484 504 505 
484 505 506 740 773 774 774 741 740 
229 271 272 272 230 229 229 247 271 
485 532 533 533 486 485 741 774 775 
775 742 741 999 998 997 230 272 273 
273 248 230 533 507 486 742 775 776 
776 743 742 274 232 231 231 249 274 
487 513 537 538 514 487 487 537 538 
743 776 777 777 744 743 274 250 232 
488 514 539 539 489 488 744 777 778 
778 745 744 233 251 252 233 252 253 
539 515 489 745 778 805 805 779 745 
234 253 277 277 254 234 490 515 516 
516 491 490 746 779 807 807 780 746 
235 279 280 280 236 235 235 254 279 
491 516 541 491 541 542 542 492 491 
747 781 782 782 748 747 280 255 236 
542 517 492 517 493 492 748 782 810 
810 749 748 237 259 260 260 238 237 
493 517 518 811 783 749 749 810 811 
238 260 261 261 239 238 494 518 544 
544 519 494 750 783 812 750 812 813 
813 751 750 239 261 262 262 240 239 
495 519 545 495 545 546 546 496 495 
813 784 751 240 262 263 263 241 240 
547 520 496 496 546 547 752 784 785 
785 753 752 241 263 264 264 242 241 
497 520 521 521 498 497 753 785 814 
814 755 753 242 264 265 244 243 242 
265 244 242 498 521 549 549 522 498 
754 815 818 754 755 815 818 758 754 
499 523 550 550 524 499 755 814 815 
244 265 266 500 525 526 500 526 527 
756 786 819 819 788 756 288 267 245 
267 246 245 501 527 529 529 528 501 
528 502 501 816 787 757 817 816 757 
757 758 817 246 267 268 502 528 530 
818 817 758 247 270 292 292 271 247 
503 530 554 554 531 503 759 790 791 
248 273 295 295 249 248 504 531 556 
556 505 504 760 792 793 793 761 760 
296 274 249 249 295 296 505 556 557 
505 557 558 558 506 505 761 793 794 
794 762 761 250 274 275 250 275 276 
276 251 250 762 794 795 795 763 762 
276 252 251 507 533 534 534 508 507 
765 764 763 795 765 763 252 276 297 
252 297 298 298 253 252 508 534 561 
561 509 508 764 765 766 298 277 253 
561 535 509 535 510 509 254 277 278 
254 278 279 535 511 510 281 256 255 
255 280 281 563 512 511 511 535 562 
511 562 563 
POINT_DATA 1000
FIELD FieldData 8
Von_Mises_Strain 1 1000 double
0.32965733919 0.50344484891 0.41636620876 0.13198371363 0.34337676597 0.31032844943 0.41478532147 0.4548578189 0.44256163312 
0.43569113538 0.42594321421 0.51071953857 0.37770797776 0.32700162242 0.53692446278 0.3615817007 0.55132791291 0.38534768602 
0.24560022952 0.57250184993 0.42757568083 0.61684984431 0.28832281942 0.40058099244 0.28759277684 0.58972785791 0.56940436697 
0.64598837584 0.3708542781 0.63098639965 0.43869518141 0.47518285604 0.64640619744 0.45128272099 0.66234453958 0.32300842331 
0.28503419431 0.37809089365 0.24368035027 0.25077075167 0.46518263798 0.42659116047 0.39700453451 0.45407740045 0.30946769949 
0.39369341336 0.41344942981 0.52417441721 0.59897426649 0.67825865981 0.73205100374 0.63779433499 0.73312944872 0.59920540281 
0.36458192726 0.35071693962 0.2538902167 0.45938603007 0.41496528884 0.42583384989 0.41827329552 0.38690477833 0.2990623515 
0.19475506618 0.20994305562 0.33773291855 0.38265646713 0.48862082389 0.48955606887 0.60077439041 0.66825113788 0.7481119667 
0.55828179834 0.35084335724 0.26397025872 0.42880452992 0.44200941427 0.37437034951 0.21717507105 0.20037869911 0.26062822142 
0.25297879402 0.2518847998 0.32096633386 0.39583291677 0.74126329107 0.72630380801 0.74139265647 0.55834337228 0.66667462967 
0.43871137265 0.38013413794 0.30884660519 0.44084992169 0.31185103635 0.42847959677 0.50469935891 0.53785836981 0.56194244019 
0.51063188848 0.31421614381 0.41673699086 0.22662219319 0.24456428439 0.32806993476 0.36712468759 0.42565431197 0.48041031636 
0.59171206751 0.56005326685 0.68805779645 0.68895100645 0.44707595329 0.27632067575 0.74429333518 0.66061732634 0.39880262706 
0.29662594424 0.26531142065 0.2326718218 0.21659774731 0.20080028811 0.20811106001 0.23903292742 0.22998821006 0.26081660404 
0.29994832747 0.31367407979 0.56806215656 0.6482492808 0.5693705488 0.35196147324 0.24803098409 0.95903979601 1.0802363341 
0.85421256598 0.63100644583 0.51701933586 0.38713628328 0.32311946167 0.27637230529 0.24598437021 0.18841176051 0.16420377408 
0.28298810243 0.35063132409 0.28220209595 0.40471197346 0.53615980159 0.22959323657 1.3065616239 1.0791735 0.82108429261 
0.5320870467 0.4834958451 0.4732954445 0.37796712045 0.33532323417 0.29453187279 0.21429491255 0.18653123729 0.16723395703 
0.15957258742 0.17372895868 0.19746928319 0.20924176571 0.21521489273 0.21763293524 0.221264096 0.5161293325 0.35108046372 
0.27452996491 1.1565642347 0.77945733447 0.58277844948 0.54855659936 0.25412014389 0.1743756633 0.15715668673 0.14476369144 
0.14218895066 0.16028028116 0.19892120798 0.17669586547 0.35648851528 0.45366972247 0.3583449632 0.31573515695 1.4278240944 
0.61534362795 0.5853042387 0.52178418875 0.43991656937 0.38511259392 0.33754440507 0.29029732316 0.22031298554 0.25139274953 
0.19604842323 0.17243702137 0.1880760236 0.188856645 0.18253290856 0.17173479919 0.13724551174 0.29783450217 0.38111582333 
1.4058415518 1.1014344549 0.73972099912 0.58356907103 0.4800244703 0.4205824567 0.36710485254 0.22215249887 0.1718923645 
0.15531905011 0.14658509244 0.14811588845 0.17172034613 0.17886092596 0.18134502585 0.19251409015 0.16351024924 0.34706492958 
0.33776055534 0.8253625045 0.62819343244 0.60799367193 0.53276383759 0.45128648777 0.31444889042 0.26274816963 0.19098554739 
0.1627528419 0.1501717584 0.15516118686 0.19464867201 0.16145092544 0.14955220444 0.22310928427 0.30998798085 0.35021866817 
0.36460404625 0.39529990646 1.3529392699 1.1103260712 0.59362514155 0.38847904771 0.33432970595 0.22990354818 0.20626437896 
0.1882227121 0.17427655154 0.15851479992 0.16155325949 0.16930767698 0.17623300513 0.18829573862 0.20806489204 0.21751675322 
0.20962310841 0.20488665967 0.20929377978 0.25470321741 0.31980599572 0.40439863953 1.049804845 0.74096334422 0.58969435306 
0.59788139124 0.54740166507 0.46930210135 0.40044195676 0.27706431224 0.23767413355 0.2034639755 0.17042926238 0.17541743281 
0.16459170482 0.15536754809 0.16642411173 0.17307462498 0.18157904365 0.1982740256 0.21045235038 0.30443517346 0.43748558555 
1.2521345213 0.74382543513 0.57616031937 0.56187020501 0.584585133 0.55219934133 0.47505997061 0.34752785848 0.29148908555 
0.18687804426 0.17857669828 0.17430132387 0.17091681038 0.2190373431 0.23744426608 0.25609625723 0.26711775813 0.23780420205 
0.25461408789 0.16702537774 0.29687700019 0.46784650721 0.50154563954 1.1753218357 0.92397573541 0.56594808251 0.40163017481 
0.35280137086 0.30285702123 0.24731521538 0.20990649946 0.19591566366 0.18835041846 0.18167290473 0.19349616376 0.18929605565 
0.1851738928 0.17869844603 0.18633990097 0.20256926956 0.22519486649 0.29024507652 0.3085341415 0.24842484695 0.11348342974 
0.2890792154 0.53686575741 0.57814073128 0.68001383774 0.94622670073 0.60181054507 0.51980061236 0.52349824627 0.45534758627 
0.39705587643 0.3517199512 0.25283559049 0.21256103639 0.20181143616 0.21283035273 0.20449779136 0.18720199696 0.18663492916 
0.1894852367 0.25413206927 0.32297358329 0.11640543053 0.37385027747 0.61586971756 0.78999339249 1.1338455236 0.63949125985 
0.5023419204 0.53947527185 0.5397992004 0.48699854192 0.31223211474 0.19749571623 0.19310962726 0.20631965993 0.21622027657 
0.21279180672 0.20534770649 0.20332757 0.22478761281 0.25015707218 0.28465342816 0.31851927138 0.31957461637 0.24159652566 
0.31308174521 0.35455967241 0.66963982849 0.8841701087 0.94708271928 0.66624977178 0.49565844826 0.50123309904 0.51757990809 
0.4085298015 0.35179541747 0.3169704128 0.27912804576 0.20368767014 0.1990864808 0.20235793607 0.22716806117 0.23272725321 
0.19515168102 0.19135268358 0.19957566426 0.21269323576 0.2863613344 0.2886940759 0.24406682083 0.17596588464 0.42420787908 
0.74451633458 0.94345918221 1.0218975112 0.47002990581 0.48404452867 0.49725360998 0.42983141282 0.35421221485 0.31473845955 
0.29335900276 0.2310327963 0.19462237437 0.20075033817 0.2133310446 0.25291137582 0.24287016304 0.23705212755 0.22060780562 
0.20135252322 0.21913048013 0.24661650946 0.30559740404 0.27772519714 0.23922872396 0.24666011072 0.70921640763 1.0336579591 
0.75030200103 0.50887318688 0.4524694509 0.48302706634 0.44117664858 0.26336526011 0.19347339698 0.22095958337 0.19888614003 
0.20532491387 0.23363372342 0.26457485019 0.25345683542 0.23077186203 0.18927919009 0.18879599028 0.23457348453 0.27128711758 
0.26738710847 0.25619305614 0.25619387125 0.372803157 0.76922636571 1.0406331306 0.92566807292 0.50154197682 0.44165392222 
0.44359935938 0.45876693575 0.45824758971 0.43304958559 0.39401644095 0.376229537 0.30971279394 0.32308015272 0.28333499165 
0.25265553999 0.18548847117 0.18560390861 0.20091508764 0.21229438143 0.22569566263 0.25196275207 0.27028612997 0.27401240924 
0.20506034131 0.18527841082 0.18994950802 0.19741989867 0.23088773824 0.25079072613 0.29474431285 0.64285536747 0.8407054615 
0.69337428648 0.34123023121 0.28094331707 0.26496756248 0.2176670619 0.18152715115 0.17264772708 0.18860662202 0.20290949354 
0.24717602065 0.27123962808 0.2607609012 0.24028677723 0.17630577576 0.19133921966 0.22504447932 0.2338971726 0.27073331103 
0.41447872235 0.75287384667 1.0544672505 0.49445156287 0.4301185857 0.44265847803 0.45364794985 0.44454029199 0.41797768151 
0.38304938235 0.28542586827 0.24511015201 0.21810863985 0.17128363317 0.18784257847 0.20897024805 0.27190460767 0.26565415534 
0.21418938164 0.18953875745 0.17069869886 0.16480196735 0.1603076482 0.18619608124 0.21921698611 0.17932987815 0.25053744133 
0.31143360705 0.80310073572 0.64012863403 0.43779360507 0.46143545599 0.38000048524 0.34410368541 0.29404792646 0.24850811067 
0.23095297268 0.18228126841 0.16020930419 0.16852372701 0.1857652534 0.21042825657 0.24826889062 0.25998703402 0.26450996866 
0.2536807338 0.17234694374 0.15930104431 0.14458974605 0.25268672535 0.28852565888 0.32467290391 0.42882983916 0.74522923559 
1.0702795724 0.71935644127 0.52699527413 0.44727765189 0.4577545628 0.4162201399 0.35687664658 0.24453038637 0.21506576641 
0.21542807365 0.15234254671 0.15273821392 0.16415924991 0.18278396443 0.22950005203 0.24236915832 0.26861031759 0.22950115339 
0.19954182561 0.14322774596 0.19898982558 0.14510896034 0.41746475151 1.0562171485 0.77332456107 0.63242281761 0.44939638616 
0.49329341913 0.50763379621 0.43752874472 0.3926487248 0.30625155573 0.25753823308 0.21353984162 0.21237954799 0.20550142151 
0.18149218964 0.14020519546 0.149819701 0.15947449994 0.17623823278 0.19554584352 0.21244257581 0.25507451712 0.26330817175 
0.26627531578 0.24037319438 0.17681975369 0.15958357444 0.12516594559 0.22801996568 0.31633317696 0.28507233892 0.45213825006 
0.74834997905 0.4845087891 0.49478935474 0.56004948418 0.50167511251 0.4257205499 0.3877759616 0.32738482836 0.25182738517 
0.1987087763 0.19222895919 0.19578411463 0.17580515276 0.1490283251 0.14262444627 0.14865606835 0.15616842415 0.16890442265 
0.22826425764 0.24553516864 0.26397468058 0.20923446572 0.18288475773 0.14065294422 0.11534695275 0.1598717475 0.22818205815 
0.69246740874 1.0435976609 0.67812957543 0.50573874906 0.58991428697 0.48889174264 0.43531993983 0.37985025263 0.29027330902 
0.22394439773 0.18274998655 0.19269684706 0.17419380643 0.15383966386 0.14586764532 0.15180511256 0.15093650834 0.18496198508 
0.20144567723 0.21944773267 0.25650953852 0.24229036365 0.21170536576 0.1623104907 0.12189164372 0.13884009935 0.16332256072 
0.27233281432 0.090204903012 0.38260843542 1.0850079376 0.4463650966 0.5674370233 0.63101516412 0.4802368068 0.335203364 
0.26132781347 0.18907416722 0.18706667318 0.18493416044 0.1694107063 0.17030952777 0.1567515997 0.1563586781 0.16662407342 
0.17956032835 0.19502482127 0.23524174266 0.24221562269 0.25231416001 0.23323923362 0.18217554259 0.16097442922 0.099863664837 
0.16196425456 0.10675965918 0.3157447444 0.22023310483 0.56119928466 0.89418473972 1.0374466433 0.50155251574 0.25410214261 
0.45759529956 0.60521909715 0.64975461986 0.55912425787 0.53338772751 0.47195480816 0.41022872341 0.3317658256 0.20431082157 
0.18290359825 0.18136366135 0.18967447922 0.17520293241 0.16865170758 0.17387866368 0.16729995967 0.1703224029 0.21309083163 
0.2237898228 0.23278494478 0.20554255642 0.14317917513 0.12115640942 0.067680861934 0.082758151631 0.17070985025 0.10985031358 
0.44848663246 0.76560069752 0.24698085881 0.38994910939 0.6720554082 0.49096698947 0.42271113691 0.37677521279 0.23730419984 
0.17879833858 0.1886577089 0.19785678483 0.20516074815 0.20481094242 0.20741102329 0.2039855203 0.20784557753 0.18761403578 
0.17749891506 0.19278567119 0.20797650624 0.22596220281 0.22195646252 0.17928446433 0.15422395915 0.13636393622 0.14269102221 
0.25644779947 0.11163764692 0.11430727582 0.98083661185 0.61356514757 0.67091857007 0.67330554179 0.59913547418 0.56125656775 
0.59847282022 0.54379557649 0.48333495629 0.42970480692 0.30674734356 0.23329191092 0.16861048061 0.1648179402 0.20695032622 
0.22827205564 0.24046592197 0.25184575783 0.25314863266 0.25647856947 0.21553774784 0.18092576885 0.17676456701 0.18020754818 
0.21547929366 0.20670867886 0.17618770543 0.19507710973 0.14855951922 0.35955176858 0.56528280398 0.80436660887 0.93317686015 
0.53265477331 0.68686570741 0.70011924522 0.66573872451 0.38305389333 0.32110852294 0.27135868762 0.14426851621 0.196386216 
0.2247952902 0.2531235245 0.2692677871 0.28906166174 0.26305623339 0.25975008554 0.21359728527 0.20020663146 0.18673793665 
0.19202540571 0.20164019255 0.22023773716 0.22428152026 0.16253216195 0.18092173783 0.1706538621 0.16070275626 0.19670976014 
0.25948892477 0.20414084915 0.37159087298 0.58782280688 0.25247688495 0.19819648296 0.27901442505 0.17183340181 0.20433598009 
0.28401356197 0.31045134764 0.30077073563 0.30919292677 0.31868884618 0.31588573389 0.24448789082 0.18323813755 0.18657258806 
0.20543177953 0.22762805725 0.22957563642 0.20653982289 0.1857697757 0.20363690769 0.25246198184 0.22098395732 0.78723048889 
0.42813253457 0.6109371356 0.87484756775 0.17294380356 0.24058775236 0.1517760844 0.16157287638 0.23869328982 0.3370110772 
0.34632846195 0.36643188085 0.37274594209 0.29813646293 0.22406877803 0.19639483661 0.22520720985 0.18139980379 0.20791977516 
0.18479594507 0.25875204626 0.24444568917 0.22725104913 0.22624661001 0.28159522419 0.26722891208 0.24748574038 0.22893168104 
0.32651007786 0.78330196136 0.82326898083 0.19502478753 0.19220276823 0.19769116656 0.27184521277 0.22197354074 0.32719854346 
0.24767682113 0.37607635647 0.40816618097 0.35646480314 0.27812651259 0.32934536929 0.26373506741 0.20334317178 0.25502767062 
0.28952343169 0.28098161598 0.3384006192 0.27430853132 0.28520613371 0.3514016341 0.28140407242 0.41922784923 0.61182648198 
0.77302566003 0.22837021046 0.23877254326 0.31374959452 0.27096182104 0.3396665823 0.38160341388 0.40830106275 0.37426708593 
0.38572074227 0.34405812655 0.30981043174 0.2453143166 0.19385917619 0.21013681328 0.2308958726 0.32245445708 0.30163486371 
0.31278173022 0.33379239384 0.40577051279 0.38982419841 0.27555868625 0.32238077654 0.76533671943 0.38500751272 0.4161844961 
0.395546852 0.40380181817 0.35722063988 0.38361664396 0.33519218608 0.29131528441 0.23215886827 0.33600293017 0.29407241483 
0.40810867511 0.40079693457 0.39508743532 0.41788482805 0.45538582886 0.30334839906 0.40162380592 0.28942620177 0.38154784388 
0.2966741274 0.28535980492 0.45917280813 0.69192423584 0.68922530159 0.40699945943 0.38462502814 0.36442593254 0.32652018128 
0.2784317126 0.31277919607 0.33361392871 0.26447004358 0.3618361596 0.37961952122 0.38852397939 0.41702860786 0.43060034439 
0.45432849795 0.441281563 0.36554844853 0.3207770016 0.40092453747 0.27654664351 0.34675351411 0.29813775049 0.28093341725 
0.48396454232 0.38175116559 0.42832082439 0.44656462319 0.46322438885 0.46309483619 0.46949496962 0.47593176987 0.48973150213 
0.46592366331 0.49485703398 0.42879216001 0.47662126676 0.43527244166 0.36663783362 0.40110986806 0.25828989767 0.26151060169 
0.30774269852 0.31691128813 0.49730032451 0.24876231352 0.28309862666 0.18605268287 0.2346453691 0.25480213966 0.3023950368 
0.20022883905 
Lagrange_strain 9 1000 double
0.017442902897 -0.0433500029 -0.071123618068 -0.0433500029 0.10408787439 0.088341721628 -0.071123618068 0.088341721628 0.30328815713 
0.13860986778 0.0017731694846 -0.20134425736 0.0017731694846 0.10974566926 -0.050395182856 -0.20134425736 -0.050395182856 0.47572417193 
0.048218841113 -0.0019882883973 -0.097840469135 -0.0019882883973 0.071209386291 -0.031524872128 -0.097840469135 -0.031524872128 0.43555026305 
0.01352810073 -0.018976977938 0.024379649222 -0.018976977938 0.087270895764 0.041022958897 0.024379649222 0.041022958897 0.12408173739 
-0.0075178800126 0.02248414279 0.010798878976 0.02248414279 -0.045648135647 0.053318962765 0.010798878976 0.053318962765 0.29964080085 
-0.0069246648871 0.017745185658 0.012626837152 0.017745185658 -0.010243442001 0.06962974193 0.012626837152 0.06962974193 0.2748371826 
0.03703086681 -0.065250342512 -0.10888407524 -0.065250342512 0.12194866807 0.14344915249 -0.10888407524 0.14344915249 0.31732492677 
0.1505357299 -0.040863438103 -0.19084534411 -0.040863438103 0.15118044863 -0.042913983133 -0.19084534411 -0.042913983133 0.44597704157 
0.095061351268 -0.099217577845 -0.13300719675 -0.099217577845 0.143802114 0.098804703531 -0.13300719675 0.098804703531 0.40611416654 
0.042430214782 -0.082432660261 -0.096745710058 -0.082432660261 0.16333161726 0.19179901025 -0.096745710058 0.19179901025 0.24443901339 
0.20453274606 0.016813453465 -0.21282847342 0.016813453465 0.17376393986 -0.099146170629 -0.21282847342 -0.099146170629 0.30952998091 
0.10314281218 -0.041544510217 -0.17128351498 -0.041544510217 0.09525460255 0.00604964995 -0.17128351498 0.00604964995 0.50844926375 
0.01477425884 -0.055176783074 -0.071021943752 -0.055176783074 0.1601318879 0.17778358501 -0.071021943752 0.17778358501 0.1753728963 
-0.016532385698 -0.038716787861 -0.07825450421 -0.038716787861 0.14583864436 0.14528721705 -0.07825450421 0.14528721705 0.095691813697 
0.19305291191 0.024430370499 -0.25100084517 0.024430370499 0.067139809466 -0.05495784197 -0.25100084517 -0.05495784197 0.40675752834 
0.23020479133 0.01326302013 -0.19655669222 0.01326302013 0.1106319429 -0.033479121964 -0.19655669222 -0.033479121964 0.18539164392 
0.16301296419 0.017860448143 -0.22558873559 0.017860448143 0.010822893192 -0.050578268581 -0.22558873559 -0.050578268581 0.44087950967 
0.032223137629 0.0047817726428 -0.047582599603 0.0047817726428 0.034623108233 -0.037710125527 -0.047582599603 -0.037710125527 0.40404618093 
0.020913513479 -0.0063983356143 0.06253466085 -0.0063983356143 0.040422332662 0.027126332167 0.06253466085 0.027126332167 0.2450786178 
0.14885636768 0.022935698983 -0.21650900239 0.022935698983 -0.018531714647 -0.052986352807 -0.21650900239 -0.052986352807 0.46027629315 
0.02192686627 0.0087036553572 -0.037981092827 0.0087036553572 0.0099211426244 -0.013607621556 -0.037981092827 -0.013607621556 0.43735300987 
0.11683914321 0.028882911228 -0.20748477403 0.028882911228 -0.041979818947 -0.053138946211 -0.20748477403 -0.053138946211 0.50802760997 
0.010703001244 0.0035709278184 0.048120701 0.0035709278184 0.022810181358 0.051714786589 0.048120701 0.051714786589 0.27754729802 
0.0078900857614 0.010763795246 -0.010909931407 0.010763795246 -0.0058264667706 0.018867572432 -0.010909931407 0.018867572432 0.399216955 
0.0046711254424 0.0079149666496 0.033027361714 0.0079149666496 0.018950267578 0.068739983226 0.033027361714 0.068739983226 0.26660624008 
0.22900724527 0.027116171784 -0.25901422602 0.027116171784 -0.08802465779 -0.039739255743 -0.25901422602 -0.039739255743 0.32384565471 
0.074911972671 0.030333794601 -0.15598262514 0.030333794601 -0.05598399318 -0.026315267208 -0.15598262514 -0.026315267208 0.49272518468 
0.22004314439 0.045086219771 -0.27710431669 0.045086219771 -0.098059550554 -0.04716202414 -0.27710431669 -0.04716202414 0.37448423723 
-0.0023354979777 0.012092966146 0.0071561631357 0.012092966146 -0.013623133251 0.049459731225 0.0071561631357 0.049459731225 0.35189037054 
0.1166578636 0.039770174352 -0.21423030691 0.039770174352 -0.091983231106 -0.026916278973 -0.21423030691 -0.026916278973 0.48233005557 
0.0029723779776 0.019966003504 -0.04377280452 0.019966003504 -0.042852436508 0.037180029945 -0.04377280452 0.037180029945 0.40407337142 
0.010012540184 0.028374132139 -0.066410209266 0.028374132139 -0.081769671734 0.032225103731 -0.066410209266 0.032225103731 0.41213836707 
0.12803423202 0.045936524659 -0.22902727264 0.045936524659 -0.11487117025 0.002439935882 -0.22902727264 0.002439935882 0.4647080076 
0.003047989621 0.03487693863 -0.059218376089 0.03487693863 -0.10128430766 0.070020911215 -0.059218376089 0.070020911215 0.35906530256 
0.091247950556 0.033993779211 -0.20547570588 0.033993779211 -0.13952620377 0.047241115181 -0.20547570588 0.047241115181 0.48765678906 
-0.0093881547208 0.034127449641 0.015019637427 0.034127449641 -0.075856768912 0.059109674025 0.015019637427 0.059109674025 0.25126222025 
-0.012024822704 0.045017058016 0.0085081151417 0.045017058016 -0.094557017498 0.080704065515 0.0085081151417 0.080704065515 0.17098482616 
-0.0011862556691 0.028155411969 -0.020715477452 0.028155411969 -0.13534273479 0.071039220931 -0.020715477452 0.071039220931 0.26437489777 
-0.0033560954926 0.033312587782 0.016027676083 0.033312587782 -0.12515980387 0.058602388316 0.016027676083 0.058602388316 0.11972694402 
0.0036638119679 0.015029346834 0.022184248542 0.015029346834 -0.15578345617 0.04235993321 0.022184248542 0.04235993321 0.11441652324 
0.15131257394 -0.17764111756 -0.11403654221 -0.17764111756 0.21959156508 0.12874907154 -0.11403654221 0.12874907154 0.35717074093 
0.14411081919 -0.13767773208 -0.14215878735 -0.13767773208 0.20557195774 0.046918961343 -0.14215878735 0.046918961343 0.40946856405 
0.18672383185 -0.059427696495 -0.18371870944 -0.059427696495 0.23331911423 -0.080152704876 -0.18371870944 -0.080152704876 0.3676864531 
0.085949975842 -0.12599877706 -0.096442882259 -0.12599877706 0.19524895546 0.17643507606 -0.096442882259 0.17643507606 0.30884872456 
0.19556267012 -0.003013780779 -0.15428500369 -0.003013780779 0.24642767126 -0.081139013987 -0.15428500369 -0.081139013987 0.16961067615 
0.23212400612 -0.023836233388 -0.19427835666 -0.023836233388 0.009103598742 0.012059745 -0.19427835666 0.012059745 0.16875813882 
0.22634183746 -0.026958645527 -0.19057855641 -0.026958645527 -0.043094988667 0.0058960116302 -0.19057855641 0.0058960116302 0.16406737168 
0.24913841225 0.0068332304449 -0.24015093831 0.0068332304449 -0.070250409267 -0.021369863762 -0.24015093831 -0.021369863762 0.24347125012 
0.25940000004 0.060378649171 -0.2565491113 0.060378649171 -0.11988530308 -0.035230009121 -0.2565491113 -0.035230009121 0.26664468191 
0.25567499105 0.076674040215 -0.29014800203 0.076674040215 -0.13571228657 -0.022175695298 -0.29014800203 -0.022175695298 0.33104815179 
0.21758902232 0.048900754434 -0.29589834887 0.048900754434 -0.1613357198 0.014694924018 -0.29589834887 0.014694924018 0.42526835094 
0.059135318681 0.011683115197 -0.15281158114 0.011683115197 -0.16713427517 0.057726079081 -0.15281158114 0.057726079081 0.48258475817 
0.21486142428 0.026873852076 -0.28297448239 0.026873852076 -0.18115164109 0.028399471551 -0.28297448239 0.028399471551 0.43524364962 
0.039194626866 -0.0054368468736 -0.11028561619 -0.0054368468736 -0.17699676261 0.057351741664 -0.11028561619 0.057351741664 0.4579271593 
0.0020612148648 0.0041259986612 0.0030970659719 0.0041259986612 -0.16587982655 0.043887737657 0.0030970659719 0.043887737657 0.24352669254 
0.0019535402365 3.8044155316e-05 0.0088702831244 3.8044155316e-05 -0.16278853018 0.057966406558 0.0088702831244 0.057966406558 0.22344274665 
0.0044672899361 -0.0012602155472 0.024009243456 -0.0012602155472 -0.16116576208 0.035592577799 0.024009243456 0.035592577799 0.11748212166 
0.23325181007 -0.19836559359 -0.13926201446 -0.19836559359 0.18729141623 0.064086368219 -0.13926201446 0.064086368219 0.35484552615 
0.28536038034 -0.1936345429 -0.11523615324 -0.1936345429 0.15966639113 -0.0061418163718 -0.11523615324 -0.0061418163718 0.31146657211 
0.20408832816 -0.17263262758 -0.14720640245 -0.17263262758 0.24277101449 -0.0074904653508 -0.14720640245 -0.0074904653508 0.38351913614 
0.25380160725 -0.1907154032 -0.13187814933 -0.1907154032 0.23401669224 -0.038232336765 -0.13187814933 -0.038232336765 0.33867833784 
0.20373354245 -0.093290729304 -0.16293161461 -0.093290729304 0.32730252896 -0.10167269427 -0.16293161461 -0.10167269427 0.30401105784 
0.17031888654 -0.041378683513 -0.11432154166 -0.041378683513 0.32282078502 -0.054998260595 -0.11432154166 -0.054998260595 0.11027452665 
0.16130412864 -0.019791357514 -0.092575582055 -0.019791357514 0.16176217321 -0.0053349371572 -0.092575582055 -0.0053349371572 0.05685180057 
0.13730721005 -0.065260364191 -0.081239925567 -0.065260364191 0.051325889428 0.035434710735 -0.081239925567 0.035434710735 0.047539227406 
0.19116703797 -0.049891518975 -0.12879357047 -0.049891518975 -0.08046846548 0.014793617064 -0.12879357047 0.014793617064 0.084275805546 
0.21254277252 -0.027492291517 -0.14741894889 -0.027492291517 -0.1069770423 0.0016498591281 -0.14741894889 0.0016498591281 0.10160503151 
0.26092224109 0.016703379599 -0.20053370105 0.016703379599 -0.12004892408 -0.017673299585 -0.20053370105 -0.017673299585 0.15692768131 
0.25905165005 0.088218963496 -0.1791468036 0.088218963496 -0.13265920757 -0.024965524013 -0.1791468036 -0.024965524013 0.11877298929 
0.29451461299 0.094118011548 -0.23669476114 0.094118011548 -0.15655909642 -0.016483795989 -0.23669476114 -0.016483795989 0.18240735298 
0.30334019237 0.07460958067 -0.27052236144 0.07460958067 -0.18227069649 0.0051319143054 -0.27052236144 0.0051319143054 0.24321016889 
0.16373422262 0.0082262188715 -0.26240699528 0.0082262188715 -0.18647175703 0.068325248242 -0.26240699528 0.068325248242 0.48552963227 
0.018478356011 0.0038788626629 -0.078200200837 0.0038788626629 -0.16085906253 0.11946059691 -0.078200200837 0.11946059691 0.40457606053 
-0.0035731747734 0.028662518023 -0.002186643986 0.028662518023 -0.13160105419 0.13368113944 -0.002186643986 0.13368113944 0.16630773947 
0.0028514375735 0.013919465838 0.018498868329 0.013919465838 -0.14821711132 0.078201400509 0.018498868329 0.078201400509 0.10789889404 
0.26613829996 -0.21023423678 -0.090267403514 -0.21023423678 0.29443919424 -0.093167699917 -0.090267403514 -0.093167699917 0.29414671023 
0.2178307531 -0.14637326092 -0.13158308707 -0.14637326092 0.42364318187 -0.12179138213 -0.13158308707 -0.12179138213 0.26701441912 
0.15803935412 -0.077984589859 -0.10388845171 -0.077984589859 0.41905171967 -0.032359820815 -0.10388845171 -0.032359820815 0.10068156112 
0.091194548615 -0.063679428082 -0.045594266848 -0.063679428082 0.2128392392 0.0201014763 -0.045594266848 0.0201014763 0.023747606134 
0.046248736796 -0.092978175428 -0.029551834655 -0.092978175428 0.10390524894 0.043529209578 -0.029551834655 0.043529209578 0.016602334749 
0.12525166291 -0.090307473587 -0.087278182889 -0.090307473587 -0.01965544927 0.040218798484 -0.087278182889 0.040218798484 0.055462349878 
0.11057203809 -0.086040122533 -0.07614265258 -0.086040122533 -0.058172603464 0.029741131411 -0.07614265258 0.029741131411 0.04586647371 
0.10762818049 -0.076616441143 -0.069341722245 -0.076616441143 -0.089984606528 0.02011729301 -0.069341722245 0.02011729301 0.038965861835 
0.17609784723 -0.015723076575 -0.10130539556 -0.015723076575 -0.12999875749 -0.00070392431629 -0.10130539556 -0.00070392431629 0.057928728596 
0.22205349144 0.036408751886 -0.13708548185 0.036408751886 -0.13220455248 -0.014365352884 -0.13708548185 -0.014365352884 0.084754822312 
0.29106687336 0.05796711334 -0.30979146846 0.05796711334 -0.18984418316 0.032077639443 -0.30979146846 0.032077639443 0.32435381191 
0.15889516765 0.010003161227 -0.25004771012 0.010003161227 -0.17615440607 0.11312855575 -0.25004771012 0.11312855575 0.45726477528 
0.23304995567 -0.0013687242251 -0.2894148963 -0.0013687242251 -0.17028014275 0.11073927204 -0.2894148963 0.11073927204 0.40498705971 
0.012999648842 0.012877825027 -0.086400647898 0.012877825027 -0.12455982272 0.19404814526 -0.086400647898 0.19404814526 0.34633754033 
0.10495451838 -0.034851685011 -0.19670298986 -0.034851685011 -0.11930769651 0.15461198773 -0.19670298986 0.15461198773 0.45682792312 
-0.00026650046727 0.014898050582 -0.037657723587 0.014898050582 -0.090034645669 0.18369054516 -0.037657723587 0.18369054516 0.23818158405 
-0.010956790049 0.045804789942 -0.01733965029 0.045804789942 -0.090454971434 0.18777579473 -0.01733965029 0.18777579473 0.11295999285 
-0.0069369530125 0.043415670089 -0.0030921407387 0.043415670089 -0.11655851911 0.1429086601 -0.0030921407387 0.1429086601 0.077613159093 
0.017034136043 -0.01929820315 -0.056966504542 -0.01929820315 -0.084455932125 0.11798221759 -0.056966504542 0.11798221759 0.33236458208 
-0.0015201312389 0.01554487315 0.0069862407792 0.01554487315 -0.08029989019 0.13971956704 0.0069862407792 0.13971956704 0.14118984346 
0.31402550174 -0.22706996209 -0.060491025658 -0.22706996209 0.20263544976 -0.053592688378 -0.060491025658 -0.053592688378 0.26188473181 
0.3369220229 -0.27644008499 -0.023508331488 -0.27644008499 0.25894730283 -0.06295470931 -0.023508331488 -0.06295470931 0.21216621199 
0.27775650672 -0.26492566372 -0.043472192967 -0.26492566372 0.41863527184 -0.1218277342 -0.043472192967 -0.1218277342 0.23134470573 
0.20734618944 -0.19813911684 -0.096534531203 -0.19813911684 0.55964814439 -0.13201818237 -0.096534531203 -0.13201818237 0.22642607456 
0.14767649957 -0.1062917941 -0.10842473958 -0.1062917941 0.56557499061 -0.0046194712864 -0.10842473958 -0.0046194712864 0.1105770986 
0.060729651015 -0.099775254842 -0.036081801359 -0.099775254842 0.27934026858 0.048169667568 -0.036081801359 0.048169667568 0.02118305613 
0.062704566256 -0.11686600205 -0.055318075052 -0.11686600205 0.36385084911 0.096687363265 -0.055318075052 0.096687363265 0.047584278226 
0.029239013687 -0.11616254992 -0.035944729233 -0.11616254992 0.02395932572 0.048207944365 -0.035944729233 0.048207944365 0.023877088193 
0.10926241533 -0.054386312271 -0.062517638093 -0.054386312271 -0.11477394367 0.010090375889 -0.062517638093 0.010090375889 0.032783600273 
0.17143879921 0.058984630714 -0.088969061325 0.058984630714 -0.13927107834 -0.0097140849121 -0.088969061325 -0.0097140849121 0.043602565871 
0.17974321575 0.092698792834 -0.098826346337 0.092698792834 -0.14421430492 -0.0084280266478 -0.098826346337 -0.0084280266478 0.045638209584 
0.20535381089 0.10868614449 -0.12017398261 0.10868614449 -0.16203095863 -0.0030029976816 -0.12017398261 -0.0030029976816 0.05575644571 
0.2333033558 0.10997269199 -0.14611965058 0.10997269199 -0.18004645313 0.0046085708995 -0.14611965058 0.0046085708995 0.074083388576 
0.26941222564 0.076443268953 -0.22378503283 0.076443268953 -0.19154366426 0.029542697198 -0.22378503283 0.029542697198 0.1816741342 
0.30779822998 0.028158760838 -0.19993704845 0.028158760838 -0.1856661285 0.028962272555 -0.19993704845 0.028962272555 0.13986769881 
0.31973102422 -0.038226312708 -0.28632414136 -0.038226312708 -0.15122056263 0.063483059984 -0.28632414136 0.063483059984 0.29558055332 
0.17660704419 -0.06115883498 -0.25935399597 -0.06115883498 -0.098779740369 0.10141886079 -0.25935399597 0.10141886079 0.45593047114 
0.033064008262 -0.032568206964 -0.096281527016 -0.032568206964 -0.061889952771 0.073102488117 -0.096281527016 0.073102488117 0.36780468043 
-0.0016164352794 -0.009472599978 0.0082390854608 -0.009472599978 -0.069687998322 0.069477318376 0.0082390854608 0.069477318376 0.2050211744 
0.26635315883 -0.33031361758 -0.0010044819848 -0.33031361758 0.59798590279 -0.16937920686 -0.0010044819848 -0.16937920686 0.191140219 
0.16502791977 -0.18657776705 -0.070881151679 -0.18657776705 0.70728408427 -0.07022777054 -0.070881151679 -0.07022777054 0.1505305144 
-0.036761819625 -0.15601421425 -0.016237477153 -0.15601421425 0.23216353919 0.091867001987 -0.016237477153 0.091867001987 0.022388253987 
-0.024715802715 -0.12917690744 -0.0081741852472 -0.12917690744 0.15705502886 0.056836782205 -0.0081741852472 0.056836782205 0.0091192599266 
-0.031576282005 -0.13378365076 -0.013411054971 -0.13378365076 0.07092568146 0.052384741573 -0.013411054971 0.052384741573 0.013048065794 
0.01728300487 -0.12028835789 -0.035538943644 -0.12028835789 -0.024472270093 0.04041990154 -0.035538943644 0.04041990154 0.02342993805 
0.018596779771 -0.10795785108 -0.031447031002 -0.10795785108 -0.061524358345 0.029082124497 -0.031447031002 0.029082124497 0.018925399386 
0.024923880836 -0.090006270398 -0.027449421559 -0.090006270398 -0.092379206401 0.018982988133 -0.027449421559 0.018982988133 0.014809798213 
0.075718549122 -0.037694348869 -0.037888062987 -0.037694348869 -0.13251652944 0.0055276703822 -0.037888062987 0.0055276703822 0.017731847233 
0.10890941403 0.0084495650144 -0.051454658975 0.0084495650144 -0.1422435436 -0.0011313358095 -0.051454658975 -0.0011313358095 0.024169356419 
0.083369747058 0.047182629507 -0.037944113995 0.047182629507 -0.14696299168 0.0015432579895 -0.037944113995 0.0015432579895 0.014025697415 
0.081991247286 0.077433033141 -0.041834377322 0.077433033141 -0.15541030614 0.0059926330928 -0.041834377322 0.0059926330928 0.012381952192 
0.090927373065 0.085202063806 -0.041532030333 0.085202063806 -0.18946507905 0.016300059067 -0.041532030333 0.016300059067 0.0077756411269 
0.11601695343 0.077657783092 -0.043955816579 0.077657783092 -0.19289639993 0.015563836074 -0.043955816579 0.015563836074 0.0085240838954 
0.31451751917 -0.032894420806 -0.2248032011 -0.032894420806 -0.13332583264 0.048676134652 -0.2248032011 0.048676134652 0.19212514053 
0.22919733822 -0.076276703891 -0.27163994237 -0.076276703891 -0.072523869356 0.089425142209 -0.27163994237 0.089425142209 0.37690099053 
0.11283388759 -0.055262639105 -0.20605918246 -0.055262639105 -0.041640611023 0.081573374181 -0.20605918246 0.081573374181 0.42261131476 
0.020426106243 -0.021714324278 -0.071585142219 -0.021714324278 -0.033841228222 0.044395659501 -0.071585142219 0.044395659501 0.30788330635 
-0.0032286437001 -0.013677353439 -0.0015618809402 -0.013677353439 -0.051081245296 0.030690899584 -0.0015618809402 0.030690899584 0.21034798832 
0.26841824618 -0.4055699573 0.052528004932 -0.4055699573 0.73389579216 -0.20638386983 0.052528004932 -0.20638386983 0.14375826273 
0.2196895004 -0.39715016669 0.074648511225 -0.39715016669 0.86338683664 -0.25743494957 0.074648511225 -0.25743494957 0.13235530386 
0.1709681143 -0.25882270804 -0.0097991220184 -0.25882270804 0.85155406092 -0.10659769402 -0.0097991220184 -0.10659769402 0.12793834011 
0.05313191887 -0.080933390082 -0.065900526198 -0.080933390082 0.63333456646 0.14027616654 -0.065900526198 0.14027616654 0.11089445377 
0.068571507403 -0.099758604746 -0.07556437083 -0.099758604746 0.49266552165 0.12862863043 -0.07556437083 0.12862863043 0.091420311103 
-0.096636288819 -0.16932284173 -0.0060353668175 -0.16932284173 0.15920942031 0.069144945283 -0.0060353668175 0.069144945283 0.013434110768 
-0.086111355399 -0.15495176347 -0.0061189032863 -0.15495176347 0.090643296158 0.054027369152 -0.0061189032863 0.054027369152 0.010937278213 
-0.058807188087 -0.14506280994 -0.015435347951 -0.14506280994 0.022400096438 0.046574164265 -0.015435347951 0.046574164265 0.014717862438 
-0.052128618738 -0.13310982732 -0.014842983098 -0.13310982732 -0.026369956693 0.034340249486 -0.014842983098 0.034340249486 0.01229971661 
0.030638444542 -0.069901006255 -0.022898668213 -0.069901006255 -0.11537472732 0.011813195723 -0.022898668213 0.011813195723 0.011101035749 
0.01885830376 -0.029399051218 -0.0095092660171 -0.029399051218 -0.1430196529 0.0050852272812 -0.0095092660171 0.0050852272812 0.0040083193521 
0.080815851478 0.086756231281 -0.04139868395 0.086756231281 -0.17419539584 0.01249847982 -0.04139868395 0.01249847982 0.0091590758883 
0.19270810172 0.028376273888 -0.074510479566 0.028376273888 -0.17762628549 0.014245087733 -0.074510479566 0.014245087733 0.027586247727 
0.14864635112 0.02811314666 -0.047169934324 0.02811314666 -0.15673292065 0.010622539457 -0.047169934324 0.010622539457 0.013594120161 
0.24779510707 -0.035433538107 -0.14543366059 -0.035433538107 -0.10313632156 0.033632038087 -0.14543366059 0.033632038087 0.10086591387 
0.26209022879 -0.082126265939 -0.23489452868 -0.082126265939 -0.04318743794 0.068345514201 -0.23489452868 0.068345514201 0.24285932275 
-0.001279652682 -0.010250176815 -0.010470895745 -0.010250176815 -0.02287606243 0.040714133671 -0.010470895745 0.040714133671 0.20413086383 
0.042512205374 -0.30538797886 0.088467372445 -0.30538797886 1.1619463133 -0.22161484147 0.088467372445 -0.22161484147 0.039513131342 
0.097749865698 -0.25021669103 0.0297447633 -0.25021669103 1.0509041777 -0.11328102353 0.0297447633 -0.11328102353 0.070084138556 
0.010146675002 -0.078117460317 -0.026449650817 -0.078117460317 0.79873712706 0.16447218764 -0.026449650817 0.16447218764 0.07853674099 
-0.03857048478 -0.13681205879 -0.052575515097 -0.13681205879 0.3006984673 0.21003433985 -0.052575515097 0.21003433985 0.13184787321 
-0.032439819193 -0.16354374604 -0.041124539517 -0.16354374604 0.27999307397 0.15529578254 -0.041124539517 0.15529578254 0.069982542167 
-0.1046826162 -0.19178382836 -0.022968756662 -0.19178382836 0.21056342438 0.11154242512 -0.022968756662 0.11154242512 0.038021000902 
-0.12359038227 -0.17427827809 -0.0093645920814 -0.17427827809 0.11191199151 0.056380706771 -0.0093645920814 0.056380706771 0.01273294553 
-0.11320981058 -0.16400896405 -0.012616163308 -0.16400896405 0.061708625883 0.047680516253 -0.012616163308 0.047680516253 0.01297547553 
-0.10108463754 -0.1516562268 -0.013071140333 -0.1516562268 0.014809396976 0.037321178399 -0.013071140333 0.037321178399 0.011501606335 
-0.044336737222 -0.11532124629 -0.0098456944951 -0.11532124629 -0.063929314106 0.023194317713 -0.0098456944951 0.023194317713 0.0077757457819 
-0.038232436513 -0.094230803218 -0.0040472583688 -0.094230803218 -0.095903363321 0.014200413216 -0.0040472583688 0.014200413216 0.0036924117229 
-0.0031453502099 -0.062870884414 -0.0069024201313 -0.062870884414 -0.12503840121 0.0087829048649 -0.0069024201313 0.0087829048649 0.0036662727893 
0.014435262952 0.0050892382454 -0.0067201492612 0.0050892382454 -0.14988423402 0.0061660149719 -0.0067201492612 0.0061660149719 0.0021718402914 
0.0080241097733 0.035416263719 -0.0077728274124 0.035416263719 -0.15639450549 0.010084978979 -0.0077728274124 0.010084978979 0.0010300542702 
0.0032610384858 0.049403394761 -0.0086870753155 0.049403394761 -0.1740984127 0.013218134899 -0.0086870753155 0.013218134899 0.00019204390715 
-0.0070384448314 0.052393003761 -0.006036957674 0.052393003761 -0.19045667814 0.014166625631 -0.006036957674 0.014166625631 -0.00074789139875 
-0.010418469379 0.055103993747 -0.004931005966 0.055103993747 -0.19679634911 0.013186654002 -0.004931005966 0.013186654002 -0.0008408965148 
0.0088591089526 0.052692534171 -0.0069788164074 0.052692534171 -0.19165992734 0.011822954242 -0.0069788164074 0.011822954242 -0.00022358256432 
0.13751878272 -0.0070484479943 -0.059811398039 -0.0070484479943 -0.085721751133 0.015265084895 -0.059811398039 0.015265084895 0.025421127788 
0.14572058611 -0.060954829203 -0.21118389877 -0.060954829203 -0.012763243233 0.081026511316 -0.21118389877 0.081026511316 0.35442548462 
0.038905945941 -0.028395105946 -0.094104754951 -0.028395105946 0.0017693849116 0.076098952266 -0.094104754951 0.076098952266 0.29577193423 
0.0044427562035 -0.01559716639 -0.030186701993 -0.01559716639 0.018102277006 0.092260716336 -0.030186701993 0.092260716336 0.22627744605 
-0.063645292364 -0.17223983502 0.046917548994 -0.17223983502 1.0892230861 0.029352854178 0.046917548994 0.029352854178 0.020220644093 
-0.11331125155 -0.10301564836 0.0096167634676 -0.10301564836 0.56623325943 0.26841929311 0.0096167634676 0.26841929311 0.11263081955 
-0.067181720647 -0.10667609124 -0.030222718764 -0.10667609124 0.34271208675 0.24251854813 -0.030222718764 0.24251854813 0.15496050474 
-0.11951694723 -0.19619606527 -0.048667919312 -0.19619606527 0.22209527383 0.17167019451 -0.048667919312 0.17167019451 0.10021570291 
-0.090216978866 -0.13531624842 -0.0085061434742 -0.13531624842 -0.025582058195 0.025952930044 -0.0085061434742 0.025952930044 0.0074809401516 
-0.051559435821 -0.082776953455 0.0035105536861 -0.082776953455 -0.11270244288 0.0088954561611 0.0035105536861 0.0088954561611 0.00016480790897 
-0.037662258074 -0.058802543684 0.0052637983712 -0.058802543684 -0.13373339581 0.0066009067686 0.0052637983712 0.0066009067686 -0.00091032495544 
-0.032012737957 -0.030489465529 0.0072617007099 -0.030489465529 -0.14789908245 0.0074671192193 0.0072617007099 0.0074671192193 -0.0018083083836 
-0.033522179269 -0.0027137329343 0.0068892905653 -0.0027137329343 -0.15556984757 0.010974614542 0.0068892905653 0.010974614542 -0.002241267159 
-0.031502333705 0.019637292196 0.0039676265831 0.019637292196 -0.16957567597 0.01268864787 0.0039676265831 0.01268864787 -0.0020276787091 
-0.00550907695 0.054866182172 -0.0054738782956 0.054866182172 -0.17648694333 0.0098659808619 -0.0054738782956 0.0098659808619 -0.00026886771954 
0.023779653042 0.044754726956 -0.010298073706 0.044754726956 -0.14362583895 0.0077743450522 -0.010298073706 0.0077743450522 0.00085972343453 
0.21780251645 -0.055339951813 -0.14988838114 -0.055339951813 -0.024994477824 0.04287032833 -0.14988838114 0.04287032833 0.12416315921 
0.16934916412 -0.066614666861 -0.20009909854 -0.066614666861 0.019667196377 0.087358204775 -0.20009909854 0.087358204775 0.27530320625 
0.060416704044 -0.046115813582 -0.11306154586 -0.046115813582 0.047685617541 0.1126779409 -0.11306154586 0.1126779409 0.26729246282 
0.013813738327 -0.032974296491 -0.054227449705 -0.032974296491 0.069280095914 0.13283562457 -0.054227449705 0.13283562457 0.22144030404 
-0.14078629796 -0.22445446184 0.091703459553 -0.22445446184 1.2665905558 -0.12709118221 0.091703459553 -0.12709118221 -0.010094330439 
-0.17693961104 -0.15076598059 -0.032423125568 -0.15076598059 0.22758066247 0.23106023135 -0.032423125568 0.23106023135 0.18155394158 
-0.14854721896 -0.17801871278 -0.056766655772 -0.17801871278 0.19337374247 0.20776946403 -0.056766655772 0.20776946403 0.16613103196 
-0.1527499013 -0.20558745452 -0.037986544516 -0.20558745452 0.20772685308 0.11979640508 -0.037986544516 0.11979640508 0.052389253533 
-0.1390719879 -0.19073987117 -0.01857722932 -0.19073987117 0.15942957679 0.073942638288 -0.01857722932 0.073942638288 0.020959468793 
-0.13837065684 -0.17775193716 -0.019204929757 -0.17775193716 0.10234700986 0.051288397127 -0.019204929757 0.051288397127 0.014664210341 
-0.1264970468 -0.163649994 -0.019566537755 -0.163649994 0.057378788851 0.040186195033 -0.019566537755 0.040186195033 0.012782000787 
-0.11307538151 -0.14770997988 -0.015501190834 -0.14770997988 0.015429686669 0.028117409194 -0.015501190834 0.028117409194 0.0089701461295 
-0.080799242518 -0.11816800577 -0.003367043373 -0.11816800577 -0.059388839854 0.016472527561 -0.003367043373 0.016472527561 0.003763466181 
-0.10091947216 -0.13278318886 -0.0091993432965 -0.13278318886 -0.023510541441 0.018350807091 -0.0091993432965 0.018350807091 0.0052085926209 
-0.073073812555 -0.10250761276 0.0013176514838 -0.10250761276 -0.08527795323 0.01060345692 0.0013176514838 0.01060345692 0.0011816801049 
-0.040203237997 0.02409391936 0.0044434424972 0.02409391936 -0.18367768834 0.010311404986 0.0044434424972 0.010311404986 -0.0015951900478 
-0.042192187262 0.037065532847 0.0033890620465 0.037065532847 -0.19424881335 0.006152306711 0.0033890620465 0.006152306711 -0.00090849552787 
-0.049438260781 0.048403148572 0.0015797399858 0.048403148572 -0.18852417938 0.0057481004432 0.0015797399858 0.0057481004432 -0.00056264168508 
-0.063344956897 0.062969469467 -0.0017957890378 0.062969469467 -0.16700546428 0.0088244523064 -0.0017957890378 0.0088244523064 -0.0006309509838 
-0.04523273734 0.07053937894 -0.0059203388486 0.07053937894 -0.13555681183 0.010091846382 -0.0059203388486 0.010091846382 -0.00075151964159 
0.039059652545 0.039198868873 -0.021550162682 0.039198868873 -0.08680914692 0.0059705367305 -0.021550162682 0.0059705367305 0.0051819226259 
0.20295223982 -0.037396769352 -0.13173572444 -0.037396769352 0.0051794601256 0.031620610672 -0.13173572444 0.031620610672 0.093492819408 
0.17891713734 -0.064655678983 -0.17643873093 -0.064655678983 0.041619904533 0.076825666501 -0.17643873093 0.076825666501 0.19670853656 
-0.20923669361 -0.19615638551 0.08815425645 -0.19615638551 1.2256905466 -0.065089726301 0.08815425645 -0.065089726301 -0.021558701319 
-0.17939136949 -0.15890561729 0.056335369138 -0.15890561729 0.94847518813 0.13210085271 0.056335369138 0.13210085271 0.036016850503 
-0.19181834452 -0.13204450083 0.0044571937519 -0.13204450083 0.42496739197 0.26380008312 0.0044571937519 0.26380008312 0.14359990254 
-0.17799750637 -0.20195012253 -0.062119428126 -0.20195012253 0.20152086188 0.17072130332 -0.062119428126 0.17072130332 0.11741157382 
-0.16179298125 -0.19875556842 -0.032850581853 -0.19875556842 0.1806943223 0.082313219681 -0.032850581853 0.082313219681 0.028818652868 
-0.15037528625 -0.18519213953 -0.027878325901 -0.18519213953 0.13567104107 0.056815712453 -0.027878325901 0.056815712453 0.017520804808 
-0.13430494984 -0.17008007801 -0.027837164145 -0.17008007801 0.092976469271 0.04357000798 -0.027837164145 0.04357000798 0.014291180469 
-0.085309905417 -0.11981095874 -0.0065421848065 -0.11981095874 -0.045385379465 0.010734872115 -0.0065421848065 0.010734872115 0.0026093030481 
-0.058979995933 -0.081109579021 0.0041670914063 -0.081109579021 -0.11376013819 0.0060003720819 0.0041670914063 0.0060003720819 -0.0003471735443 
-0.050302227713 -0.05659206729 0.0084656085601 -0.05659206729 -0.1372773262 0.0067387474246 0.0084656085601 0.0067387474246 -0.0016415890464 
-0.045666976671 -0.036744041967 0.0085916804258 -0.036744041967 -0.14840801307 0.0088175911638 0.0085916804258 0.0088175911638 -0.0018254978036 
-0.047381290837 -0.0055810087927 0.0081748849567 -0.0055810087927 -0.16513702415 0.011757959377 0.0081748849567 0.011757959377 -0.0021926939635 
-0.045927959679 0.022642844645 0.0056130218182 0.022642844645 -0.18563022277 0.0030860513484 0.0056130218182 0.0030860513484 -0.00093506170461 
-0.049751399715 0.038082335956 0.0053016123346 0.038082335956 -0.18565676081 -0.0011610827554 0.0053016123346 -0.0011610827554 -0.00065976430816 
-0.062027031013 0.057197199725 0.002746692882 0.057197199725 -0.17333292616 0.0017866172362 0.002746692882 0.0017866172362 -0.00043025047977 
-0.076593283869 0.081070426015 -0.0047707318158 0.081070426015 -0.15122874489 0.010780061596 -0.0047707318158 0.010780061596 -0.00099651079003 
0.1191938041 0.011885131907 -0.045113348186 0.011885131907 -0.042798945219 0.0036606892637 -0.045113348186 0.0036606892637 0.016180392625 
0.075826246197 -0.068464253451 -0.11329347621 -0.068464253451 0.095696676034 0.13364264689 -0.11329347621 0.13364264689 0.20411927198 
0.020137404538 -0.051154853137 -0.060621701208 -0.051154853137 0.11354674314 0.1588705512 -0.060621701208 0.1588705512 0.18061038776 
-0.23479667077 -0.1373039979 0.014558233911 -0.1373039979 0.50650994245 0.2656733214 0.014558233911 0.2656733214 0.12438006909 
-0.240360405 -0.15153223721 -0.03235182641 -0.15153223721 0.19795882392 0.21356004541 -0.03235182641 0.21356004541 0.18296708397 
-0.21347987423 -0.17855269922 -0.066070231263 -0.17855269922 0.16863593578 0.19356525467 -0.066070231263 0.19356525467 0.1750758457 
-0.1809192596 -0.19857185417 -0.053706724508 -0.19857185417 0.20935783601 0.11655911117 -0.053706724508 0.11655911117 0.057767977763 
-0.15998774315 -0.18557411389 -0.040255726191 -0.18557411389 0.17071771614 0.066213960289 -0.040255726191 0.066213960289 0.02289288213 
-0.11704727615 -0.15383793348 -0.024374940471 -0.15383793348 0.051770827703 0.030902130025 -0.024374940471 0.030902130025 0.010464828204 
-0.099962781111 -0.13708279867 -0.016674621938 -0.13708279867 0.0037135650785 0.017185725385 -0.016674621938 0.017185725385 0.005538735916 
-0.066054170392 -0.10106666037 -0.002087541328 -0.10106666037 -0.080822400276 0.0060621976339 -0.002087541328 0.0060621976339 0.001027613774 
-0.042303973078 -0.066109857696 0.003779116398 -0.066109857696 -0.13072172228 0.0047186943784 0.003779116398 0.0047186943784 -0.0004661712873 
-0.031711787484 -0.028719726562 0.0053191785944 -0.028719726562 -0.15434137114 0.0094109606371 0.0053191785944 0.0094109606371 -0.001113586069 
-0.042456597018 0.0003589076565 0.0058908591068 0.0003589076565 -0.17180797866 0.0084225159454 0.0058908591068 0.0084225159454 -0.0012604335657 
-0.070598330438 0.093892816085 -0.0097634758946 0.093892816085 -0.12028389402 0.011753591333 -0.0097634758946 0.011753591333 -0.0011616646168 
-0.024348792699 0.082949685365 -0.011573439943 0.082949685365 -0.078915546736 0.0015932662449 -0.011573439943 0.0015932662449 0.00111110859 
0.065317775826 0.05779286397 -0.038020876836 0.05779286397 -0.037581762679 -0.0047533006988 -0.038020876836 -0.0047533006988 0.01406134377 
0.15059933317 0.019695553587 -0.09881560392 0.019695553587 -0.0090703657975 0.0049982386842 -0.09881560392 0.0049982386842 0.059598430085 
0.1716968434 -0.047561249844 -0.14737899141 -0.047561249844 0.033277931091 0.054272087094 -0.14737899141 0.054272087094 0.13312077933 
0.10906070536 -0.096863242192 -0.12028233601 -0.096863242192 0.12412612994 0.12921193351 -0.12028233601 0.12921193351 0.14565774024 
0.033101522282 -0.075223710745 -0.069345384219 -0.075223710745 0.16173993717 0.17008932487 -0.069345384219 0.17008932487 0.14571075964 
0.049466785199 -0.10473487886 -0.077124013401 -0.10473487886 0.22142409245 0.16634512077 -0.077124013401 0.16634512077 0.11754552477 
-0.23947977534 -0.17321847472 0.091713477038 -0.17321847472 1.1622283583 -0.026397030474 0.091713477038 -0.026397030474 -0.028030432758 
-0.2396226723 -0.16513239106 0.060055112709 -0.16513239106 0.91864071534 0.11733081285 0.060055112709 0.11733081285 0.035012880847 
-0.21477258986 -0.18634777187 -0.074673142226 -0.18634777187 0.19555032983 0.16881950511 -0.074673142226 0.16881950511 0.13078954022 
-0.13595931124 -0.17106694947 -0.03491632729 -0.17106694947 0.12819929925 0.047487461847 -0.03491632729 0.047487461847 0.015272316301 
-0.11193193436 -0.15644353751 -0.031812040389 -0.15644353751 0.090614844564 0.036632944741 -0.031812040389 0.036632944741 0.012183895604 
-0.07098158192 -0.12537478901 -0.014439258091 -0.12537478901 -0.0081040942642 0.010046195952 -0.014439258091 0.010046195952 0.0029505706763 
-0.060454027122 -0.11392871573 -0.008326434717 -0.11392871573 -0.049515859084 0.0058612711089 -0.008326434717 0.0058612711089 0.0016273571543 
-0.038540289397 -0.10226912668 -0.0063541021067 -0.10226912668 -0.070716535837 0.0039980823994 -0.0063541021067 0.0039980823994 0.0010968561261 
-0.041463879247 -0.085873151274 -0.0013467267505 -0.085873151274 -0.10345641073 0.0036973413579 -0.0013467267505 0.0036973413579 0.00048479725086 
-0.019235073064 -0.053940196656 0.0023441060938 -0.053940196656 -0.13632454969 0.0060609991639 0.0023441060938 0.0060609991639 -0.00039017018509 
-0.028851541612 0.0076872356432 0.0034656924966 0.0076872356432 -0.17359820014 0.003768506816 0.0034656924966 0.003768506816 -0.00057776210419 
-0.028630636463 0.027948638581 0.0034494801696 0.027948638581 -0.17476740408 -0.0021858290611 0.0034494801696 -0.0021858290611 -0.00043345918522 
-0.043931980909 0.050893702754 0.0041615822092 0.050893702754 -0.16980525971 -0.0031659504152 0.0041615822092 -0.0031659504152 -0.00046148993386 
-0.057242735214 0.075800214537 -0.0010402649855 0.075800214537 -0.154278327 0.0044245395161 -0.0010402649855 0.0044245395161 -0.00043075395773 
-0.071655518783 0.10014294409 -0.010554161193 0.10014294409 -0.12966184754 0.012233303556 -0.010554161193 0.012233303556 -0.0011675337738 
-0.073523006358 0.11335835865 -0.01620130913 0.11335835865 -0.09790150516 0.0097369061358 -0.01620130913 0.0097369061358 -0.00059126643711 
-0.049978333007 0.1140052303 -0.021405668829 0.1140052303 -0.061938975853 -0.00053951289564 -0.021405668829 -0.00053951289564 0.0029267940541 
0.00048214465803 0.10744264795 -0.041181488104 0.10744264795 -0.035574022113 -0.010539295014 -0.041181488104 -0.010539295014 0.013288539336 
0.083647620559 0.069392970874 -0.082510700567 0.069392970874 -0.023311903397 -0.0084888649725 -0.082510700567 -0.0084888649725 0.041883173403 
0.15117065827 -0.026634105883 -0.12374322282 -0.026634105883 0.01997666574 0.035867897193 -0.12374322282 0.035867897193 0.091900643124 
0.11530809263 -0.10552735627 -0.10304420875 -0.10552735627 0.16410880724 0.10687361382 -0.10304420875 0.10687361382 0.10870137071 
0.046752515632 -0.11109586176 -0.065731293402 -0.11109586176 0.30012188284 0.14120339149 -0.065731293402 0.14120339149 0.098688561314 
-0.24765816781 -0.1306498282 0.076502279941 -0.1306498282 0.84703659819 0.1424153815 0.076502279941 0.1424153815 0.028192645084 
-0.25908887022 -0.12989674018 0.014584205197 -0.12989674018 0.38657721698 0.24482180043 0.014584205197 0.24482180043 0.1364932421 
-0.2588261051 -0.1401533259 -0.030378389206 -0.1401533259 0.15175719313 0.18714047556 -0.030378389206 0.18714047556 0.18001076402 
-0.24492380294 -0.16046862096 -0.065840516773 -0.16046862096 0.1455214195 0.18112746758 -0.065840516773 0.18112746758 0.18364323134 
-0.20024591882 -0.17705558297 -0.071413898385 -0.17705558297 0.22037526382 0.13275453038 -0.071413898385 0.13275453038 0.078910728448 
-0.16885690624 -0.17618935274 -0.051734346767 -0.17618935274 0.19913543221 0.076019122116 -0.051734346767 0.076019122116 0.028798644932 
-0.13739151471 -0.16622771453 -0.040672900463 -0.16622771453 0.15730772813 0.049444178714 -0.040672900463 0.049444178714 0.015060437731 
-0.089079977812 -0.14087418473 -0.02428012251 -0.14087418473 0.04351474093 0.021548096477 -0.02428012251 0.021548096477 0.0068901188185 
-0.051700717338 -0.12947680908 -0.01995407901 -0.12947680908 0.024014707691 0.01168961961 -0.01995407901 0.01168961961 0.0032509962466 
-0.029622140049 -0.1154149078 -0.011692679441 -0.1154149078 -0.030027443209 0.0043550741207 -0.011692679441 0.0043550741207 0.0012976605011 
-0.0080585484239 -0.074114358915 -0.0028701442987 -0.074114358915 -0.11544553343 0.0028828357493 -0.0028701442987 0.0028828357493 0.00044683413002 
0.028844479754 -0.063966048134 -0.0039762694686 -0.063966048134 -0.11883521139 0.0032962195984 -0.0039762694686 0.0032962195984 0.00038429991234 
0.012785101078 -0.043847636991 -0.00017053660146 -0.043847636991 -0.13883228007 0.0065842225422 -0.00017053660146 0.0065842225422 -0.00016209430388 
-0.0096924739877 -0.016974340305 0.001903083514 -0.016974340305 -0.15689009575 0.0072723204627 0.001903083514 0.0072723204627 -0.0004975030613 
0.0095949850708 0.0037959193719 -0.00051901169347 0.0037959193719 -0.16125624902 0.0023987207386 -0.00051901169347 0.0023987207386 -4.7519681037e-05 
-0.016444133791 0.045434556865 0.0013270414734 0.045434556865 -0.16165448035 -0.0034307304368 0.0013270414734 -0.0034307304368 -0.00012910393726 
-0.027519494822 0.067717147408 -0.0012193947123 0.067717147408 -0.15030418347 0.00081745740891 -0.0012193947123 0.00081745740891 -2.6589377713e-05 
-0.043010371429 0.092752508048 -0.0087231159858 0.092752508048 -0.12988106458 0.0079927405135 -0.0087231159858 0.0079927405135 -0.00028489151041 
0.12668230424 -0.019567603061 -0.10625503967 -0.019567603061 0.026717826029 0.024090075279 -0.10625503967 0.024090075279 0.070746051147 
0.10911744293 -0.10993542199 -0.082475585231 -0.10993542199 0.21556472098 0.084451158561 -0.082475585231 0.084451158561 0.084094960393 
0.042232769475 -0.108741328 -0.045176346746 -0.108741328 0.38118026847 0.11517270333 -0.045176346746 0.11517270333 0.057309008252 
-0.23553026977 -0.12695778631 0.1001421936 -0.12695778631 1.0666565784 0.054050071417 0.1001421936 0.054050071417 -0.041458150123 
-0.25722675637 -0.099408666851 0.051430730535 -0.099408666851 0.40828862693 0.24648894886 0.051430730535 0.24648894886 0.11076187177 
-0.26463002843 -0.11966504478 0.0061869658402 -0.11966504478 0.16514112368 0.1883696689 0.0061869658402 0.1883696689 0.15980239269 
-0.26386858348 -0.1316292267 -0.049489930137 -0.1316292267 0.10786927301 0.16253862515 -0.049489930137 0.16253862515 0.19306015053 
-0.23554736313 -0.15813944559 -0.079086162967 -0.15813944559 0.17479320934 0.1701650775 -0.079086162967 0.1701650775 0.15616691681 
-0.21364276246 -0.15476910798 -0.077396488241 -0.15476910798 0.21436141622 0.1490379813 -0.077396488241 0.1490379813 0.10555148771 
-0.17527514879 -0.15766148058 -0.058761544129 -0.15766148058 0.21676332582 0.091480528713 -0.058761544129 0.091480528713 0.040111729579 
-0.10649894179 -0.15551218423 -0.03647776168 -0.15551218423 0.12270818574 0.040047557542 -0.03647776168 0.040047557542 0.012377995611 
-0.077416334546 -0.14295617012 -0.030006645826 -0.14295617012 0.080517898454 0.0271050347 -0.030006645826 0.0271050347 0.0081708802832 
-0.0025766683404 -0.1022662031 -0.0090988606649 -0.1022662031 -0.057948348024 0.0028384069487 -0.0090988606649 0.0028384069487 0.00098200966574 
-0.0035351550764 -0.089978457526 -0.0069327028492 -0.089978457526 -0.087501061949 0.0022533809939 -0.0069327028492 0.0022533809939 0.00089464072781 
0.044471430042 -0.026598947858 -0.0021525678726 -0.026598947858 -0.14109253163 0.0053276418742 -0.0021525678726 0.0053276418742 -1.0088116256e-07 
0.018243275136 0.026682904237 -0.0017933237517 0.026682904237 -0.15456008109 -0.0011200881713 -0.0017933237517 -0.0011200881713 0.00016042436306 
-0.059524503966 0.1138247859 -0.017638243893 0.1138247859 -0.10245612002 0.010205288859 -0.017638243893 0.010205288859 -0.00048563779776 
-0.071388491172 0.12803590509 -0.025788957084 0.12803590509 -0.069699104614 0.0056790894655 -0.025788957084 0.0056790894655 0.0009131324963 
-0.073357025477 0.13673390887 -0.040149917303 0.13673390887 -0.039862062963 -0.0017696509462 -0.040149917303 -0.0017696509462 0.0051150902781 
-0.050361288213 0.13592161886 -0.0642087089 0.13592161886 -0.028973203463 -0.0081319821412 -0.0642087089 -0.0081319821412 0.01526987612 
0.029313338724 0.096720114984 -0.089339733596 0.096720114984 -0.03293239918 -0.0062201407162 -0.089339733596 -0.0062201407162 0.037174610405 
-0.0064757953538 0.10246381678 -0.099763255927 0.10246381678 -0.035124506924 0.00062734625714 -0.099763255927 0.00062734625714 0.032650467309 
0.10144486627 -0.016046190079 -0.087753377003 -0.016046190079 0.034261927359 0.012909003536 -0.087753377003 0.012909003536 0.056106777832 
0.11442360418 -0.11987112343 -0.065307845832 -0.11987112343 0.23185883455 0.054810590258 -0.065307845832 0.054810590258 0.059662265602 
0.045715743692 -0.10296940576 -0.030297236693 -0.10296940576 0.44425266478 0.08147577793 -0.030297236693 0.08147577793 0.032193636253 
0.0034507283633 -0.038807763435 -0.0083535381652 -0.038807763435 0.48102315754 0.094038474094 -0.0083535381652 0.094038474094 0.020348945141 
-0.21142660324 -0.070820003618 0.11696766224 -0.070820003618 0.99696809339 0.087052120541 0.11696766224 0.087052120541 -0.062633662594 
-0.23568471352 -0.083539292904 0.094741553466 -0.083539292904 0.70678713949 0.17746187853 0.094741553466 0.17746187853 0.022951158624 
-0.24277173789 -0.1304750468 -0.072145989185 -0.1304750468 0.15525280074 0.16928339358 -0.072145989185 0.16928339358 0.17719897838 
-0.13722412489 -0.15633005767 -0.043784235499 -0.15633005767 0.17779749435 0.050917359381 -0.043784235499 0.050917359381 0.014659892601 
-0.10288905923 -0.15091999193 -0.038323467783 -0.15091999193 0.1465265426 0.040678549648 -0.038323467783 0.040678549648 0.011241841911 
-0.067832962215 -0.14200714129 -0.033387920254 -0.14200714129 0.11345821637 0.031795506551 -0.033387920254 0.031795506551 0.0087662809797 
-0.03624674161 -0.1310700914 -0.024022347608 -0.1310700914 0.060943434312 0.015687666494 -0.024022347608 0.015687666494 0.0038199666735 
-0.0094210577901 -0.12000124175 -0.014403123134 -0.12000124175 0.0054543907913 0.0045615289474 -0.014403123134 0.0045615289474 0.001035394 
0.018012279429 -0.10947537918 -0.010190452112 -0.10947537918 -0.034060705578 0.001729965177 -0.010190452112 0.001729965177 0.00058742000896 
0.035820579999 -0.095778748885 -0.0096196233425 -0.095778748885 -0.063869599297 0.00137926526 -0.0096196233425 0.00137926526 0.00074899560809 
0.037340533994 -0.079991851784 -0.0079457588203 -0.079991851784 -0.093241587255 0.0014529176899 -0.0079457588203 0.0014529176899 0.00076269861592 
0.078941239238 -0.06857444311 -0.0076179785569 -0.06857444311 -0.096435988741 0.0013152600545 -0.0076179785569 0.0013152600545 0.00053880073692 
0.069164190094 -0.051778980495 -0.0041026769018 -0.051778980495 -0.1206475423 0.0038324183742 -0.0041026769018 0.0038324183742 0.00021751764661 
0.073070898541 -0.00092792649839 -0.0041985442589 -0.00092792649839 -0.13723361694 0.0026289158132 -0.0041985442589 0.0026289158132 0.00020143176407 
0.016430341351 0.053053101023 -0.0040120009394 0.053053101023 -0.14407200718 -6.1147482947e-05 -0.0040120009394 -6.1147482947e-05 0.00036785335117 
0.0010973609439 0.078121086453 -0.0090206063406 0.078121086453 -0.12612598403 0.0052286284497 -0.0090206063406 0.0052286284497 0.0003218399579 
-0.019337002854 0.10173152613 -0.016705119793 0.10173152613 -0.10266151898 0.008038239541 -0.016705119793 0.008038239541 0.0002228309883 
-0.041389472146 0.12168551184 -0.025635298832 0.12168551184 -0.073726976446 0.0060567015048 -0.025635298832 0.0060567015048 0.00096351821298 
-0.08611947444 0.1448663081 -0.069503747663 0.1448663081 -0.019958726612 -0.0016206416342 -0.069503747663 -0.0016206416342 0.0061245462786 
-0.0800007605 0.14249035624 -0.09583584056 0.14249035624 -0.025642984886 -0.0013887055317 -0.09583584056 -0.0013887055317 0.014315488421 
-0.038512919799 0.099885741354 -0.096184845509 0.099885741354 -0.02064790277 -0.0052942997002 -0.096184845509 -0.0052942997002 0.031291496321 
0.067334067741 -0.0033014423656 -0.062090270811 -0.0033014423656 0.047882396054 -0.018005792235 -0.062090270811 -0.018005792235 0.052731372111 
0.11143403447 -0.12287539625 -0.044314884827 -0.12287539625 0.25697299583 0.0055703905964 -0.044314884827 0.0055703905964 0.056137137805 
0.046438905087 -0.10611064537 -0.018503683034 -0.10611064537 0.52756222179 0.050499053275 -0.018503683034 0.050499053275 0.018376145551 
0.00020815947959 -0.029559535339 -0.00056653684586 -0.029559535339 0.56019319988 0.079162725635 -0.00056653684586 0.079162725635 0.0015668726975 
-0.0030386455953 -0.023230563387 0.0079103032619 -0.023230563387 0.65912360703 0.058961246931 0.0079103032619 0.058961246931 -0.02029457025 
-0.22332336229 -0.046830828592 0.12252876467 -0.046830828592 0.73664675378 0.16119446938 0.12252876467 0.16119446938 -0.01650081349 
-0.25942606814 -0.092428723505 0.050309725104 -0.092428723505 0.24180559306 0.20286548918 0.050309725104 0.20286548918 0.12182442977 
-0.27837359518 -0.10851131883 -0.0072858688424 -0.10851131883 0.085273545436 0.14509708819 -0.0072858688424 0.14509708819 0.17246740738 
-0.20237448319 -0.14016703957 -0.068415576888 -0.14016703957 0.21070726295 0.1451549482 -0.068415576888 0.1451549482 0.10356794783 
-0.16700664783 -0.14420836171 -0.052959978004 -0.14420836171 0.21407419837 0.095247682357 -0.052959978004 0.095247682357 0.043675033092 
-0.13757351398 -0.14464486763 -0.043622099035 -0.14464486763 0.18901444817 0.055054627345 -0.043622099035 0.055054627345 0.016208133127 
-0.10411589696 -0.14269097081 -0.038230425667 -0.14269097081 0.16199127348 0.039842520818 -0.038230425667 0.039842520818 0.009753338691 
-0.022204648395 -0.127841483 -0.026229266341 -0.127841483 0.096580698799 0.019647606593 -0.026229266341 0.019647606593 0.0041573744359 
0.0075219590032 -0.12021154078 -0.015611724941 -0.12021154078 0.035559177516 0.0052225417817 -0.015611724941 0.0052225417817 0.00087214630659 
0.029589233144 -0.11440123262 -0.01011491836 -0.11440123262 -0.0076552282313 0.00061568344226 -0.01011491836 0.00061568344226 0.0001737016007 
0.12169762193 -0.055251634151 -0.005552682917 -0.055251634151 -0.097065653388 0.0015355871759 -0.005552682917 0.0015355871759 0.00023579812792 
0.10556166068 -0.034804218451 -0.0037043015585 -0.034804218451 -0.11968681814 0.003668659417 -0.0037043015585 0.003668659417 8.9005719676e-05 
0.070582465324 0.030548991534 -0.006331719146 0.030548991534 -0.1330949652 0.0015869884519 -0.006331719146 0.0015869884519 0.00042443247594 
0.058175261346 0.057704797004 -0.010281210136 0.057704797004 -0.11888627334 0.004520703653 -0.010281210136 0.004520703653 0.00049178823887 
0.036648323344 0.082189481183 -0.016731010954 0.082189481183 -0.098313929065 0.0072906531968 -0.016731010954 0.0072906531968 0.00045576119748 
-0.06393977377 0.13680337441 -0.040488234868 0.13680337441 -0.042670653212 0.0016883216889 -0.040488234868 0.0016883216889 0.0030143611225 
-0.099382006569 0.13416897061 -0.1164726157 0.13416897061 -0.019145493218 0.0029988190095 -0.1164726157 0.0029988190095 0.0096926461554 
0.037484447978 -0.0047099766435 -0.032387722896 -0.0047099766435 0.078387629645 -0.05493849931 -0.032387722896 -0.05493849931 0.063157150927 
0.097811051432 -0.14199486752 -0.023610103235 -0.14199486752 0.3469836535 -0.015577159174 -0.023610103235 -0.015577159174 0.048297068259 
0.05010673379 -0.1174993094 -0.0031390846778 -0.1174993094 0.60361934417 0.022992156131 -0.0031390846778 0.022992156131 0.00055090435346 
-0.0055743810658 -0.024553928847 0.01493192762 -0.024553928847 0.76255641641 0.039378115838 0.01493192762 0.039378115838 -0.039170791677 
-0.21929112434 -0.046007095476 0.13131746518 -0.046007095476 0.94379467227 0.084926378788 0.13131746518 0.084926378788 -0.075137052742 
-0.25096162415 -0.058174174514 0.093618388653 -0.058174174514 0.31287947263 0.20940548488 0.093618388653 0.20940548488 0.081094754699 
-0.28975632672 -0.089147591858 0.029396797055 -0.089147591858 0.095445931925 0.14019336781 0.029396797055 0.14019336781 0.13877887045 
-0.27128562572 -0.10431258623 -0.043034559544 -0.10431258623 0.090611616349 0.14937711013 -0.043034559544 0.14937711013 0.20574833536 
-0.23519521839 -0.1138406382 -0.055600383364 -0.1138406382 0.15719447829 0.16703264377 -0.055600383364 0.16703264377 0.17088752465 
-0.18798040584 -0.13073453467 -0.052272160275 -0.13073453467 0.20601879369 0.13525397307 -0.052272160275 0.13525397307 0.088946969632 
-0.066618098898 -0.13841346609 -0.035097356393 -0.13841346609 0.13972004485 0.034667644631 -0.035097356393 0.034667644631 0.0085965728682 
0.064942806007 -0.10233840531 -0.008159285903 -0.10233840531 -0.032554852951 -0.00018132477628 -0.008159285903 -0.00018132477628 0.00019570411335 
0.077736912413 -0.084513323916 -0.0095048822779 -0.084513323916 -0.066324476812 0.00064708349257 -0.0095048822779 0.00064708349257 0.00058030605959 
0.11890243664 -0.070635057066 -0.0082056387673 -0.070635057066 -0.070209424998 5.6870588693e-05 -0.0082056387673 5.6870588693e-05 0.00035924190677 
0.13416828936 -0.017656100918 -0.0035928276016 -0.017656100918 -0.11248400489 0.0032975264471 -0.0035928276016 0.0032975264471 4.2497158698e-05 
0.13101255856 0.0066284109191 -0.00547669371 0.0066284109191 -0.11380574569 0.0034011253958 -0.00547669371 0.0034011253958 0.00012646982327 
0.12113137716 0.033719165313 -0.0093100378765 0.033719165313 -0.10501152628 0.0051298331249 -0.0093100378765 0.0051298331249 0.00016697480788 
0.010918412696 0.10461387102 -0.024570483226 0.10461387102 -0.074718008167 0.0057922647114 -0.024570483226 0.0057922647114 0.0012353849196 
-0.016232730919 0.12226728645 -0.035168823101 0.12226728645 -0.047530273087 0.0014261437829 -0.035168823101 0.0014261437829 0.0031942836505 
-0.043527200741 0.13112959677 -0.054986227085 0.13112959677 -0.019681521905 -0.0035774879721 -0.054986227085 -0.0035774879721 0.0065837814107 
-0.076927638793 0.13566663931 -0.08145325715 0.13566663931 -0.0081719540916 -0.0027994566067 -0.08145325715 -0.0027994566067 0.0058066383818 
-0.10317637863 0.13977573403 -0.104586297 0.13977573403 -0.010022201867 0.0016180529142 -0.104586297 0.0016180529142 0.0026607168194 
-0.11027430851 0.12515457769 -0.12040259759 0.12515457769 -0.0038483001578 0.0022889788716 -0.12040259759 0.0022889788716 -0.0010614450185 
-0.069004023364 0.093485196198 -0.082785679556 0.093485196198 0.0087840053016 -0.02608402996 -0.082785679556 -0.02608402996 0.04067605144 
-0.11146121351 0.12115922278 -0.11605114953 0.12115922278 -0.0047732338693 -0.004227684679 -0.11605114953 -0.004227684679 0.012505263964 
0.092588246536 -0.13598349898 0.00030294617831 -0.13598349898 0.31533005161 -0.058036985556 0.00030294617831 -0.058036985556 0.052557560184 
0.063238387487 -0.13434398305 0.015200349843 -0.13434398305 0.65228489374 -0.014161098142 0.015200349843 -0.014161098142 -0.0065815775896 
-0.0076116442729 -0.0053803078465 0.019370399711 -0.0053803078465 0.85497243796 0.029028399673 0.019370399711 0.029028399673 -0.045337601394 
-0.2395734493 -0.0347514636 0.13524733173 -0.0347514636 0.71958575386 0.15741233849 0.13524733173 0.15741233849 -0.032283117779 
-0.25865189986 -0.038711156479 0.12097124862 -0.038711156479 0.34055196146 0.20499603245 0.12097124862 0.20499603245 0.052650372053 
-0.29722024745 -0.072865769953 0.064786295885 -0.072865769953 0.10242700678 0.13578171158 0.064786295885 0.13578171158 0.10768574892 
-0.29355249063 -0.082004688699 -0.013288405075 -0.082004688699 0.062915177705 0.1226491299 -0.013288405075 0.1226491299 0.18484836608 
-0.26235278327 -0.08134745865 -0.029235576632 -0.08134745865 0.10680902368 0.15124727007 -0.029235576632 0.15124727007 0.19542225898 
-0.14334210275 -0.13339368952 -0.043398067155 -0.13339368952 0.20070019962 0.079742358589 -0.043398067155 0.079742358589 0.032478019172 
-0.10755275595 -0.13151658595 -0.037605730271 -0.13151658595 0.1762439274 0.047479860147 -0.037605730271 0.047479860147 0.012917186349 
-0.072036194373 -0.13044492927 -0.03527229596 -0.13044492927 0.15958306239 0.037525683204 -0.03527229596 0.037525683204 0.0087012440948 
-0.032545198951 -0.12589324061 -0.031412618605 -0.12589324061 0.14017556139 0.030543423468 -0.031412618605 0.030543423468 0.0065728688981 
0.031625802692 -0.11385708429 -0.01287525617 -0.11385708429 0.052392317601 0.0024910896652 -0.01287525617 0.0024910896652 6.873722827e-05 
0.056429639273 -0.11037205257 -0.007209615656 -0.11037205257 0.0054866485614 -0.0020236147926 -0.007209615656 -0.0020236147926 -0.00026436270159 
0.10984472192 -0.087327839539 -0.0072484097415 -0.087327839539 -0.039274611372 -0.0005911930713 -0.0072484097415 -0.0005911930713 0.00015414171774 
0.16180550201 -0.05567716743 -0.0042556741494 -0.05567716743 -0.069504249669 -0.0004018826942 -0.0042556741494 -0.0004018826942 7.9818029188e-05 
0.16087244412 -0.039493769775 -0.0023104608179 -0.039493769775 -0.092908724028 0.0018613477207 -0.0023104608179 0.0018613477207 3.143556319e-05 
0.10143710004 0.05859426464 -0.015580372276 0.05859426464 -0.087747636256 0.0074737200771 -0.015580372276 0.0074737200771 0.00011025003773 
0.074119525385 0.081266962701 -0.023739206734 0.081266962701 -0.067184054567 0.0065825781569 -0.023739206734 0.0065825781569 0.00077984769801 
0.042962460637 0.10103173775 -0.032615588362 0.10103173775 -0.046365830197 0.0017764187724 -0.032615588362 0.0017764187724 0.003068557094 
0.014132134499 0.11289263903 -0.043699770406 0.11289263903 -0.024229199012 -0.0037675883334 -0.043699770406 -0.0037675883334 0.0063040357186 
-0.081560411709 0.12251378652 -0.10040349627 0.12251378652 -0.0015807887813 -0.0011607055923 -0.10040349627 -0.0011607055923 0.0023582878296 
-0.11548312919 0.10400902545 -0.10386069723 0.10400902545 0.012349473706 -0.017183802743 -0.10386069723 -0.017183802743 0.021834630273 
-0.089978667818 0.082745255944 -0.07276281258 0.082745255944 0.030498995398 -0.042526961407 -0.07276281258 -0.042526961407 0.052923471025 
-0.016489635186 0.014835460301 -0.020576106647 0.014835460301 0.084324613304 -0.079946253059 -0.020576106647 -0.079946253059 0.081211746207 
0.079801863233 -0.14490204136 0.029936411774 -0.14490204136 0.34659939658 -0.11788570709 0.029936411774 -0.11788570709 0.074646882237 
0.053797696539 -0.10477159936 0.019059556545 -0.10477159936 0.74759659289 -0.01447209587 0.019059556545 -0.01447209587 0.002403908318 
0.0028450494945 -0.034013911731 0.00765426287 -0.034013911731 0.934164627 0.030853449785 0.00765426287 0.030853449785 -0.014295020939 
-0.25981301804 -0.035424851134 0.13790393403 -0.035424851134 0.79225408151 0.12766796608 0.13790393403 0.12766796608 -0.056929685625 
-0.3105365352 -0.066390700236 0.015598606704 -0.066390700236 0.048252829388 0.10109536801 0.015598606704 0.10109536801 0.15128833515 
-0.28188572473 -0.053756087877 0.001493803736 -0.053756087877 0.076144172034 0.12572303758 0.001493803736 0.12572303758 0.18359974338 
-0.21826824843 -0.098915592066 -0.038713327482 -0.098915592066 0.17269987034 0.15618632184 -0.038713327482 0.15618632184 0.13717690182 
-0.16376314064 -0.11463331126 -0.040764101662 -0.11463331126 0.20141369331 0.11303086431 -0.040764101662 0.11303086431 0.063591339848 
-0.11222115045 -0.11607397442 -0.036485823298 -0.11607397442 0.18755563843 0.067026623373 -0.036485823298 0.067026623373 0.024406491667 
-0.076047452032 -0.11909122014 -0.034376612538 -0.11909122014 0.17108183422 0.044183026255 -0.034376612538 0.044183026255 0.011381270031 
-0.045013860799 -0.12190281789 -0.033272901092 -0.12190281789 0.16041597026 0.036782496842 -0.033272901092 0.036782496842 0.0082294690675 
0.0075016324326 -0.11680822106 -0.021877618112 -0.11680822106 0.1062362281 0.015403253742 -0.021877618112 0.015403253742 0.002237346365 
0.077831454168 -0.10484387834 -0.0014063190923 -0.10484387834 0.023960618622 -0.0055127354508 -0.0014063190923 -0.0055127354508 -0.00036308946018 
0.096724078278 -0.10011724149 -0.0026078748068 -0.10011724149 -0.0077768487952 -0.0031165118984 -0.0026078748068 -0.0031165118984 -0.00014071429053 
0.14950630455 -0.070875180852 -0.0051709181667 -0.070875180852 -0.041829177352 -0.0013841517337 -0.0051709181667 -0.0013841517337 1.1544198392e-05 
0.20766840247 -0.037466697077 0.0040993558331 -0.037466697077 -0.061637983255 -0.00033317071069 0.0040993558331 -0.00033317071069 0.00016117990814 
0.18348180239 -0.017557451521 -0.00065545552082 -0.017557451521 -0.089322311021 0.0027981994802 -0.00065545552082 0.0027981994802 -3.4816120634e-05 
0.18279138502 0.0086383977066 -0.0032569900257 0.0086383977066 -0.084096385165 0.0046804954818 -0.0032569900257 0.0046804954818 -0.00015491372125 
0.16681835079 0.033355946093 -0.0093757502362 0.033355946093 -0.071534153233 0.0069597304973 -0.0093757502362 0.0069597304973 -0.00044097232827 
0.14131119651 0.055508572808 -0.018207447646 0.055508572808 -0.052452581188 0.0069676723551 -0.018207447646 0.0069676723551 -0.00030047726324 
-0.0038091212437 0.1125397026 -0.056675210657 0.1125397026 -0.0056557461092 -0.0079342960373 -0.056675210657 -0.0079342960373 0.0092303079275 
-0.040162942454 0.11873368627 -0.074163951364 0.11873368627 -0.0026208620245 -0.0059034572831 -0.074163951364 -0.0059034572831 0.0080046051437 
-0.11305430879 0.11250785214 -0.11832005176 0.11250785214 0.0029653463876 -0.0027283585716 -0.11832005176 -0.0027283585716 0.0023930232154 
-0.087319266013 0.10638193312 -0.1083398275 0.10638193312 0.0040648729164 -0.0019382380774 -0.1083398275 -0.0019382380774 -0.00048333381344 
-0.046343498251 0.012860846286 -0.0085376479613 0.012860846286 0.10737290841 -0.10552426583 -0.0085376479613 -0.10552426583 0.10391662383 
-0.10056492779 0.065192154514 -0.057958182303 0.065192154514 0.053310288793 -0.061926575674 -0.057958182303 -0.061926575674 0.06991848462 
0.062156155692 -0.14726213303 0.034312472481 -0.14726213303 0.6996502677 -0.072272775722 0.034312472481 -0.072272775722 0.043370474602 
0.014855312617 -0.14069393065 0.008053711639 -0.14069393065 1.0056624044 -0.0033576413463 0.008053711639 -0.0033576413463 -0.011815850834 
-0.27421793892 -0.040679327791 0.1361872809 -0.040679327791 0.45917156668 0.17464430494 0.1361872809 0.17464430494 0.0061592708026 
-0.30303759659 -0.063600336346 0.095297263165 -0.063600336346 0.1188321809 0.1373509901 0.095297263165 0.1373509901 0.079640535307 
-0.32157913179 -0.062451517387 0.049187451502 -0.062451517387 0.035351128956 0.086586218022 0.049187451502 0.086586218022 0.11713373449 
-0.24367744781 -0.064194891857 -0.010388963525 -0.064194891857 0.13175802671 0.15033001378 -0.010388963525 0.15033001378 0.16110529567 
-0.19227812769 -0.086644405175 -0.025741447335 -0.086644405175 0.18164498016 0.13498282541 -0.025741447335 0.13498282541 0.09765066704 
-0.01218220143 -0.11714842988 -0.028755925204 -0.11714842988 0.14781222911 0.029830385963 -0.028755925204 0.029830385963 0.0058386673512 
0.050477735383 -0.10560450044 -0.008298041511 -0.10560450044 0.067883420953 0.00017729365933 -0.008298041511 0.00017729365933 -0.00032688859476 
0.025515657502 -0.10844834937 -0.018823635501 -0.10844834937 0.12019331311 0.015511951692 -0.018823635501 0.015511951692 0.0019160578522 
0.11642276177 -0.09549624957 0.0052673122789 -0.09549624957 0.015382248974 -0.0069473770204 0.0052673122789 -0.0069473770204 0.00023535335855 
0.13465415894 -0.08614381446 -0.00099488764912 -0.08614381446 -0.011787034943 -0.0029461344258 -0.00099488764912 -0.0029461344258 -7.4762391015e-05 
0.19094273807 -0.05398265417 0.0012022128337 -0.05398265417 -0.040444245195 -0.0023979177541 0.0012022128337 -0.0023979177541 -2.2247982566e-05 
0.22804007229 -0.014725306455 0.0073968153445 -0.014725306455 -0.059787097693 0.0021505199538 0.0073968153445 0.0021505199538 0.00023384918732 
0.2231956149 0.0096873908068 0.0030723922161 0.0096873908068 -0.051061038432 0.0047633590106 0.0030723922161 0.0047633590106 -0.00024556900266 
0.20429763967 0.031271583895 -0.0048990650574 0.031271583895 -0.034703336538 0.0055706562094 -0.0048990650574 0.0055706562094 -0.00073481502587 
0.10784294922 0.075220280625 -0.02876068733 0.075220280625 -0.034086958426 0.0028186964796 -0.02876068733 0.0028186964796 0.001679992927 
0.073251445018 0.090189749451 -0.038799282085 0.090189749451 -0.017543296556 -0.0036999354763 -0.038799282085 -0.0036999354763 0.0054628266993 
-0.044109215692 0.1010292784 -0.084835281876 0.1010292784 0.0080442483107 -0.0075844987967 -0.084835281876 -0.0075844987967 0.0064693017193 
-0.099667378286 0.096479703978 -0.10693542432 0.096479703978 0.0095608068234 -0.0065347358882 -0.10693542432 -0.0065347358882 0.0028000293917 
-0.11693416207 0.086577565946 -0.08465686786 0.086577565946 0.030875021058 -0.036270305214 -0.08465686786 -0.036270305214 0.04168296747 
-0.1087474765 0.084091684501 -0.092280852085 0.084091684501 0.023122854472 -0.022957287349 -0.092280852085 -0.022957287349 0.022379188065 
-0.095309425681 0.03525606711 -0.030748708371 0.03525606711 0.085658839953 -0.090502797737 -0.030748708371 -0.090502797737 0.094851562997 
0.023354207869 -0.084146436099 0.048874941125 -0.084146436099 0.23338053124 -0.1606809403 0.048874941125 -0.1606809403 0.1223957681 
0.06765627453 -0.18242305527 0.045823152529 -0.18242305527 0.73256692341 -0.098799573822 0.045823152529 -0.098799573822 0.046966148933 
0.058042370973 -0.22724546118 0.025055679919 -0.22724546118 0.98268420466 -0.088685926973 0.025055679919 -0.088685926973 0.0091930804245 
-0.30023656349 -0.052355919249 0.13390912806 -0.052355919249 0.65855998016 0.13772142283 0.13390912806 0.13772142283 -0.041004843754 
-0.29503362983 -0.059872469059 0.12151259718 -0.059872469059 0.11018269059 0.132316117 0.12151259718 0.132316117 0.051870818732 
-0.31355327292 -0.067300024633 0.086434506176 -0.067300024633 0.023624726317 0.082299289714 0.086434506176 0.082299289714 0.086274269875 
-0.31092229471 -0.046087766603 0.067050250463 -0.046087766603 0.027872962603 0.080221010578 0.067050250463 0.080221010578 0.12592259098 
-0.29935535119 -0.039675069976 0.035154725356 -0.039675069976 0.052201357298 0.10069159699 0.035154725356 0.10069159699 0.15736200193 
-0.26055632804 -0.034868433241 0.032144722338 -0.034868433241 0.097629268536 0.13024475215 0.032144722338 0.13024475215 0.1554537627 
-0.21204646807 -0.058104722951 0.0030503405206 -0.058104722951 0.15292180568 0.13759358065 0.0030503405206 0.13759358065 0.11423680795 
-0.16635077758 -0.077722321219 -0.01600554318 -0.077722321219 0.18072715754 0.11807536683 -0.01600554318 0.11807536683 0.07188323858 
-0.13743645603 -0.097215052223 -0.031340804415 -0.097215052223 0.19204615562 0.097268246785 -0.031340804415 0.097268246785 0.048451912769 
-0.075963318812 -0.10760227184 -0.033582498608 -0.10760227184 0.17725456144 0.053309710368 -0.033582498608 0.053309710368 0.016168548383 
-0.097188443517 -0.092967539986 -0.031174046401 -0.092967539986 0.18401616852 0.073098434856 -0.031174046401 0.073098434856 0.029297836536 
-0.038252149723 -0.11084550197 -0.031901302808 -0.11084550197 0.16878957531 0.041502872179 -0.031901302808 0.041502872179 0.010057390733 
0.0042172069282 -0.10820640783 -0.02670335794 -0.10820640783 0.15835931047 0.032369171595 -0.02670335794 0.032369171595 0.0064110061167 
0.060407201573 -0.097156879267 -0.0049008237954 -0.097156879267 0.087355819963 0.00052648496141 -0.0049008237954 0.00052648496141 -7.8198292995e-05 
0.089880318336 -0.096850796891 0.0048008310553 -0.096850796891 0.044384456862 -0.0082965359315 0.0048008310553 -0.0082965359315 0.00019559805444 
0.14980830367 -0.081617535153 0.0077955785457 -0.081617535153 0.017048584967 -0.0057134972693 0.0077955785457 -0.0057134972693 0.00046156032054 
0.17064183946 -0.06826709653 0.0016152287936 -0.06826709653 -0.010633352463 -0.0029153688438 0.0016152287936 -0.0029153688438 -5.1165777004e-05 
0.20488615031 -0.050125597392 0.0082770734856 -0.050125597392 -0.0059808868624 -0.0029343037295 0.0082770734856 -0.0029343037295 0.00035285972846 
0.22435158718 -0.040349068647 0.010073212687 -0.040349068647 -0.031423312215 -0.0027560760946 0.010073212687 -0.0027560760946 0.00050430042016 
0.24573573543 -0.030218728269 0.016637442281 -0.030218728269 -0.033493093188 -0.0012650799996 0.016637442281 -0.0012650799996 0.001224664096 
0.25753491358 -0.0099641854191 0.017626980876 -0.0099641854191 -0.027383355901 0.0011774988951 0.017626980876 0.0011774988951 0.0012125303555 
0.17634370805 0.049124644892 -0.015218295383 0.049124644892 -0.015576829514 0.0026175245832 -0.015218295383 0.0026175245832 -5.0309685342e-05 
0.13987294311 0.06497094953 -0.027058155695 0.06497094953 -0.0016616123761 -0.002991526342 -0.027058155695 -0.002991526342 0.0026442870036 
0.04601850628 0.095139074483 -0.047813137221 0.095139074483 -0.00023797555201 -0.0095534638745 -0.047813137221 -0.0095534638745 0.0091191272558 
0.011116111392 0.095880781317 -0.060387585542 0.095880781317 0.01205263926 -0.012288184593 -0.060387585542 -0.012288184593 0.01031709659 
-0.057608503561 0.088011183005 -0.092263927279 0.088011183005 0.014204882506 -0.0076393188438 -0.092263927279 -0.0076393188438 0.00044308609306 
-0.11668244836 0.065013250167 -0.067223089375 0.065013250167 0.05058697699 -0.052137416435 -0.067223089375 -0.052137416435 0.05366883087 
-0.07251614457 -0.0077793267257 0.0086473345049 -0.0077793267257 0.1255149902 -0.12556207529 0.0086473345049 -0.12556207529 0.12528492275 
0.048822818619 -0.1796667258 0.057645234811 -0.1796667258 0.54900674592 -0.15945266936 0.057645234811 -0.15945266936 0.092661842984 
-0.35648128001 -0.10361663163 0.087382896812 -0.10361663163 0.53362628987 0.1276115339 0.087382896812 0.1276115339 -0.0041443584903 
-0.31240868519 -0.066143793439 0.12555012636 -0.066143793439 0.37363322559 0.14940527121 0.12555012636 0.14940527121 0.010650769102 
-0.12656394178 -0.065219758781 -0.019059977149 -0.065219758781 0.18251078199 0.10042673797 -0.019059977149 0.10042673797 0.054153449567 
-0.052352074524 -0.091821455852 -0.03073532325 -0.091821455852 0.17784376917 0.054640576087 -0.03073532325 0.054640576087 0.016895489062 
-0.019023251766 -0.099815366499 -0.029560709105 -0.099815366499 0.17289686917 0.043562607317 -0.029560709105 0.043562607317 0.010763713359 
0.035975069218 -0.10122530704 -0.017139333835 -0.10122530704 0.13699484178 0.018899417891 -0.017139333835 0.018899417891 0.0026238717785 
0.062668554371 -0.089223340744 -0.0035480424049 -0.089223340744 0.10970414214 0.0038924126286 -0.0035480424049 0.0038924126286 0.00058719711846 
0.091090703799 -0.087121864558 0.009036663522 -0.087121864558 0.067646426997 -0.0090364750661 0.009036663522 -0.0090364750661 0.0010461757489 
0.12293048699 -0.087930904151 0.013263575991 -0.087930904151 0.040479916807 -0.010296172951 0.013263575991 -0.010296172951 0.001502004429 
0.17967069935 -0.063891106071 0.010138596324 -0.063891106071 0.022785193622 -0.0036818063548 0.010138596324 -0.0036818063548 0.00064362696208 
0.23874545359 -0.033468449214 0.020450557684 -0.033468449214 0.00037636541493 -0.0027047380437 0.020450557684 -0.0027047380437 0.0019000217556 
0.26588100457 -0.020832933988 0.028172505308 -0.020832933988 4.716079707e-07 -0.002251795689 0.028172505308 -0.002251795689 0.0031205657238 
0.25112262958 0.012054898899 0.012496782494 0.012054898899 -0.015563131833 0.0025509147416 0.012496782494 0.0025509147416 0.00059918687492 
0.23614434971 0.028381768626 0.0073453544096 0.028381768626 0.0017850168255 0.00075180572084 0.0073453544096 0.00075180572084 0.00079370574562 
0.1052457839 0.076194249962 -0.036213768456 0.076194249962 0.0096496739919 -0.0087453218731 -0.036213768456 -0.0087453218731 0.0059761817557 
-0.005329170019 0.084126905549 -0.068818378139 0.084126905549 0.023379293774 -0.013459421395 -0.068818378139 -0.013459421395 0.0059950841844 
-0.078740761575 0.075028897818 -0.090086344883 0.075028897818 0.022752400535 -0.014738206646 -0.090086344883 -0.014738206646 0.0041472549445 
-0.10561916043 0.067502969402 -0.078228690729 0.067502969402 0.038454471309 -0.03357094136 -0.078228690729 -0.03357094136 0.027489889091 
-0.12323906988 0.036904900108 -0.046157485247 0.036904900108 0.083384084029 -0.082778576859 -0.046157485247 -0.082778576859 0.081276984508 
-0.051551108582 -0.062123996616 0.051481099993 -0.062123996616 0.21021774887 -0.1782238208 0.051481099993 -0.1782238208 0.15403362461 
0.0484398673 -0.22802727918 0.07187524033 -0.22802727918 0.62342777389 -0.17276456944 0.07187524033 -0.17276456944 0.095454196872 
0.10434851432 -0.3097328484 0.035312601434 -0.3097328484 0.94071428714 -0.1123986638 0.035312601434 -0.1123986638 0.014765930752 
-0.29335938839 -0.066782200543 0.12623651387 -0.066782200543 0.095989659808 0.1295145552 0.12623651387 0.1295145552 0.040164758583 
-0.27826292655 -0.07677259341 0.11846303635 -0.07677259341 0.010070372247 0.09072427759 0.11846303635 0.09072427759 0.061287139496 
-0.28816419739 -0.059193975525 0.10597883833 -0.059193975525 0.010454939435 0.082695305373 0.10597883833 0.082695305373 0.11480779075 
-0.28374086461 -0.029468530312 0.077663070927 -0.029468530312 0.049632081336 0.10218294697 0.077663070927 0.10218294697 0.14831217943 
-0.25248226263 -0.016732701643 0.08175004449 -0.016732701643 0.086721600603 0.1212771287 0.08175004449 0.1212771287 0.1323126998 
-0.22196584818 -0.030080028162 0.03807381742 -0.030080028162 0.1340127841 0.12881710251 0.03807381742 0.12881710251 0.10708618194 
-0.17655398542 -0.048541326271 0.0059737170658 -0.048541326271 0.165991982 0.12141798466 0.0059737170658 0.12141798466 0.080280125692 
-0.073541238485 -0.067129748688 -0.026578560615 -0.067129748688 0.1825241852 0.073140223882 -0.026578560615 0.073140223882 0.029918028498 
0.010242717605 -0.098464037336 -0.025242802258 -0.098464037336 0.1671746558 0.036989656622 -0.025242802258 0.036989656622 0.0080460530697 
0.039676407324 -0.094039289124 -0.016738022351 -0.094039289124 0.15379563789 0.02511262184 -0.016738022351 0.02511262184 0.0043163251023 
0.11618317305 -0.077881252179 0.018532712779 -0.077881252179 0.067676618798 -0.012118260378 0.018532712779 -0.012118260378 0.0030141533297 
0.15017715682 -0.075217743434 0.016386796042 -0.075217743434 0.047267828969 -0.0081405479954 0.016386796042 -0.0081405479954 0.0019517671192 
0.205969065 -0.045318416944 0.015683933689 -0.045318416944 0.030483351754 -0.0019094437471 0.015683933689 -0.0019094437471 0.0013417957842 
0.27273205516 -0.0019919800894 0.026974300809 -0.0019919800894 0.0068863222604 -0.0012028879793 0.026974300809 -0.0012028879793 0.0029604879067 
0.27031341307 0.015817491371 0.026138806609 0.015817491371 0.017142301468 -0.0014814974106 0.026138806609 -0.0014814974106 0.0033941613989 
0.2107954461 0.041939629805 -0.00020209637442 0.041939629805 0.01765979843 -0.0037015063413 -0.00020209637442 -0.0037015063413 0.0020534996449 
0.17503137581 0.055395460889 -0.011871823464 0.055395460889 0.025749375768 -0.0078856436829 -0.011871823464 -0.0078856436829 0.0034586371552 
0.074255799473 0.081285399068 -0.041393690977 0.081285399068 0.022917494053 -0.013614361275 -0.041393690977 -0.013614361275 0.0080525151181 
0.050017230946 0.079054229218 -0.045263915451 0.079054229218 0.035986429736 -0.01693723784 -0.045263915451 -0.01693723784 0.0075581957545 
0.028916386348 0.072712868897 -0.051467814017 0.072712868897 0.0393384444 -0.017924575645 -0.051467814017 -0.017924575645 0.005059996901 
-0.022475019981 0.072461868646 -0.073719386299 0.072461868646 0.02895116664 -0.014373726732 -0.073719386299 -0.014373726732 9.6714795263e-05 
-0.089591521869 0.057523724896 -0.075084864333 0.057523724896 0.053837919459 -0.038249437009 -0.075084864333 -0.038249437009 0.019511404031 
-0.038728936429 0.060023619891 -0.070784684129 0.060023619891 0.041158147703 -0.022603704132 -0.070784684129 -0.022603704132 0.0014240336234 
-0.11795418612 0.049186154547 -0.062446983199 0.049186154547 0.0714002865 -0.061763625101 -0.062446983199 -0.061763625101 0.050727952719 
-0.12718581103 0.0080095029171 -0.023906048736 0.0080095029171 0.11077217028 -0.11274743909 -0.023906048736 -0.11274743909 0.11212597638 
-0.34409720128 -0.15940531539 0.077188184492 -0.15940531539 0.49452736338 0.072136052295 0.077188184492 0.072136052295 -0.013031052245 
-0.31898373251 -0.091471207353 0.11019156123 -0.091471207353 0.30999965965 0.13092207613 0.11019156123 0.13092207613 0.0055245258307 
-0.24679414597 -0.072513561951 0.1342288605 -0.072513561951 0.044156770354 0.11666264944 0.1342288605 0.11666264944 0.031031535311 
-0.25955211916 -0.036109232434 0.12830941881 -0.036109232434 0.029828767649 0.10222571219 0.12830941881 0.10222571219 0.14099935534 
-0.18430944802 -0.0069096857021 0.038382622621 -0.0069096857021 0.14881587334 0.12243415312 0.038382622621 0.12243415312 0.090131546929 
-0.1391454086 -0.014576868358 0.0070501624307 -0.014576868358 0.16958627102 0.11813325481 0.0070501624307 0.11813325481 0.080549915309 
-0.094751335118 -0.027339531835 -0.012762081076 -0.027339531835 0.1795983163 0.095228103375 -0.012762081076 0.095228103375 0.051212544799 
-0.025180983945 -0.078018085535 -0.026060899321 -0.078018085535 0.17498839616 0.050981624339 -0.026060899321 0.050981624339 0.014819673059 
0.013249423312 -0.082602289865 -0.022387129832 -0.082602289865 0.17304975427 0.042117403394 -0.022387129832 0.042117403394 0.010128063658 
0.059545572478 -0.081442691646 -0.0038803544132 -0.081442691646 0.13295061329 0.010089466493 -0.0038803544132 0.010089466493 0.0017180115227 
0.083578324896 -0.076656757056 0.010112679493 -0.076656757056 0.093194978085 -0.006946679256 0.010112679493 -0.006946679256 0.0016841831868 
0.13654635797 -0.066659290835 0.022120331435 -0.066659290835 0.078763770049 -0.0099772054396 0.022120331435 -0.0099772054396 0.0037359525409 
0.17307297227 -0.059571829125 0.017547487067 -0.059571829125 0.056850407035 -0.0040937461847 0.017547487067 -0.0040937461847 0.0020124169227 
0.22334661419 -0.026562016851 0.023712817541 -0.026562016851 0.05010321509 -0.0013860297317 0.023712817541 -0.0013860297317 0.0027069454442 
0.25412691948 -0.022493041571 0.030441320404 -0.022493041571 0.027448845054 -0.0035122211379 0.030441320404 -0.0035122211379 0.003801057475 
0.27035343962 -0.010594208919 0.035507160058 -0.010594208919 0.034620669837 -0.0048171504964 0.035507160058 -0.0048171504964 0.0050855556108 
0.27668380783 0.008294001549 0.035427148662 0.008294001549 0.037433046403 -0.0040977899371 0.035427148662 -0.0040977899371 0.005358615752 
0.26165868086 0.027741401797 0.02891825151 0.027741401797 0.031742162157 -0.0046742447738 0.02891825151 -0.0046742447738 0.0059005177506 
0.13712023805 0.066571979042 -0.02157968668 0.066571979042 0.032916997388 -0.011335643577 -0.02157968668 -0.011335643577 0.0045095608799 
0.10844971441 0.070837428027 -0.023060663599 0.070837428027 0.046155085316 -0.015257341287 -0.023060663599 -0.015257341287 0.0057566699304 
0.021347468331 0.061881822247 -0.047235371065 0.061881822247 0.046830227734 -0.020694353125 -0.047235371065 -0.020694353125 0.0032217615652 
-0.11020406782 0.036844722987 -0.064956838188 0.036844722987 0.092467920099 -0.068382769965 -0.064956838188 -0.068382769965 0.038925724387 
-0.13603426385 0.025519839305 -0.055702302692 0.025519839305 0.098309723041 -0.087438449399 -0.055702302692 -0.087438449399 0.069798624107 
-0.14744262942 -0.0027589676768 -0.038684048362 -0.0027589676768 0.11113888156 -0.11119071422 -0.038684048362 -0.11119071422 0.098732123601 
-0.081596404491 -0.066220145644 0.044294645546 -0.066220145644 0.20624309971 -0.17739973767 0.044294645546 -0.17739973767 0.15344400995 
0.043192058306 -0.24735974316 0.089178429072 -0.24735974316 0.56473948054 -0.18520106384 0.089178429072 -0.18520106384 0.10138091816 
0.11952516624 -0.35015739475 0.058497844225 -0.35015739475 0.91002601403 -0.12911457222 0.058497844225 -0.12911457222 0.016055873899 
-0.32694048554 -0.15464218474 0.092880322953 -0.15464218474 0.40266628384 0.077449319678 0.092880322953 0.077449319678 -0.013235933733 
-0.28463066684 -0.083259585122 0.12813943988 -0.083259585122 0.16354368752 0.13291212423 0.12813943988 0.13291212423 0.0029097058384 
-0.24236324895 -0.075806892509 0.14139831598 -0.075806892509 -0.011305534563 0.095043170259 0.14139831598 0.095043170259 0.10916651623 
-0.23372880734 -0.0092838059638 0.13305826149 -0.0092838059638 0.070431192222 0.12153771943 0.13305826149 0.12153771943 0.12442869975 
-0.22022633028 -0.0012884457923 0.078326473959 -0.0012884457923 0.12073183721 0.1232943795 0.078326473959 0.1232943795 0.098695499953 
-0.13453091004 0.037931092622 0.046871242756 0.037931092622 0.14478287706 0.12569531121 0.046871242756 0.12569531121 0.10780908724 
-0.052781085381 -0.03828953585 -0.018555219053 -0.03828953585 0.17539418463 0.068677284023 -0.018555219053 0.068677284023 0.027155673762 
-0.020478255769 -0.048404710904 -0.018222037931 -0.048404710904 0.16878866458 0.051314079677 -0.018222037931 0.051314079677 0.015314503403 
0.038124523073 -0.082503022494 -0.015771423311 -0.082503022494 0.16840938394 0.032559613618 -0.015771423311 0.032559613618 0.0066657044101 
0.072047522551 -0.065113464197 0.0093770660566 -0.065113464197 0.11786860067 -0.0029793896563 0.0093770660566 -0.0029793896563 0.0020932938755 
0.099989638453 -0.065565676609 0.019615199048 -0.065565676609 0.09604406369 -0.011717009645 0.019615199048 -0.011717009645 0.0039180762289 
0.15230489884 -0.053297565964 0.022601621926 -0.053297565964 0.093380860755 -0.0051124444796 0.022601621926 -0.0051124444796 0.0036311991091 
0.18900268426 -0.042751411358 0.01993610515 -0.042751411358 0.070790676708 -0.00057429450148 0.01993610515 -0.00057429450148 0.0024092898245 
0.24892369709 -0.010404310054 0.033923920975 -0.010404310054 0.062021933706 -0.0054078303897 0.033923920975 -0.0054078303897 0.0051195916806 
0.26312798587 0.0043670950367 0.038374414182 0.0043670950367 0.065948043983 -0.0072719125571 0.038374414182 -0.0072719125571 0.0065847999938 
0.27905286247 0.022800076182 0.041952912857 0.022800076182 0.042446265602 -0.0043562872873 0.041952912857 -0.0043562872873 0.0082114093679 
0.23865549445 0.037639931013 0.025347806042 0.037639931013 0.043372292748 -0.009477606007 0.025347806042 -0.009477606007 0.0082666500232 
0.20111820088 0.049903597896 0.011491438956 0.049903597896 0.046480242027 -0.01102769096 0.011491438956 -0.01102769096 0.0069652804625 
0.080286947095 0.067503761882 -0.022794751497 0.067503761882 0.057212719945 -0.018860664542 -0.022794751497 -0.018860664542 0.0069548292627 
-0.059279849983 0.048996145043 -0.06586629067 0.048996145043 0.075430970183 -0.043833112226 -0.06586629067 -0.043833112226 0.010463084328 
0.0032907647767 0.054535270007 -0.045083774127 0.054535270007 0.063760551776 -0.028114211874 -0.045083774127 -0.028114211874 0.0031445754031 
-0.10592337574 -0.071440045702 0.036737011873 -0.071440045702 0.17836260762 -0.16513328671 0.036737011873 -0.16513328671 0.14800537912 
0.13219818614 -0.39068548941 0.084421497859 -0.39068548941 0.82747899951 -0.14461871253 0.084421497859 -0.14461871253 0.020487998178 
-0.30584313095 -0.22430749759 0.061979760894 -0.22430749759 0.44972493553 0.013630723885 0.061979760894 0.013630723885 -0.010794379297 
-0.30301574155 -0.16802999267 0.070601831351 -0.16802999267 0.31147283184 0.075510205229 0.070601831351 0.075510205229 0.0042011058717 
-0.23965236175 -0.07958862282 0.15225795732 -0.07958862282 0.0020566863283 0.11197241091 0.15225795732 0.11197241091 0.060019661965 
-0.2191095723 -0.047004288454 0.17627974303 -0.047004288454 0.0083331759025 0.11135264784 0.17627974303 0.11135264784 0.15440143829 
-0.21222709692 -0.069416623285 0.1913700649 -0.069416623285 -0.015006362586 0.11085379737 0.1913700649 0.11085379737 0.14586517011 
-0.20175602238 0.031206178381 0.12805357607 0.031206178381 0.10401720174 0.1227269848 0.12805357607 0.1227269848 0.10607601194 
-0.17444043301 0.038677596225 0.081233306416 0.038677596225 0.12803320132 0.12207760148 0.081233306416 0.12207760148 0.10549003037 
-0.097678790215 0.023962646603 0.015785439583 0.023962646603 0.1623378318 0.11309657112 0.015785439583 0.11309657112 0.079667283607 
-0.069704435423 0.0021223092419 -0.0039349561345 0.0021223092419 0.16983956957 0.087964558635 -0.0039349561345 0.087964558635 0.045982374803 
-0.044965392641 -0.0040355904245 -0.0069469451464 -0.0040355904245 0.15991384556 0.065805151495 -0.0069469451464 0.065805151495 0.026928436679 
0.0073204075063 -0.059008429294 -0.01731244273 -0.059008429294 0.17477549082 0.046644034465 -0.01731244273 0.046644034465 0.012295014905 
0.027947581299 -0.064122197242 -0.012900863491 -0.064122197242 0.17564896291 0.03826019689 -0.012900863491 0.03826019689 0.0088290983222 
0.052278715972 -0.070797394799 -0.0037719581902 -0.070797394799 0.15119675881 0.01612374506 -0.0037719581902 0.01612374506 0.0030391624257 
0.081357053001 -0.04905173412 0.017863213428 -0.04905173412 0.12470476247 -0.0094066138448 0.017863213428 -0.0094066138448 0.0039992223886 
0.11371164219 -0.054113483365 0.023385440152 -0.054113483365 0.11217923166 -0.01060977554 0.023385440152 -0.01060977554 0.0048665957724 
0.16125367038 -0.038003455625 0.023409006565 -0.038003455625 0.11163707656 -0.00064685720522 0.023409006565 -0.00064685720522 0.0037510880329 
0.19467177697 -0.024543133351 0.023867506531 -0.024543133351 0.093075390591 0.00099395675185 0.023867506531 0.00099395675185 0.0031628458784 
0.21946993521 -0.0083994873539 0.030409310763 -0.0083994873539 0.08844119088 -0.0032213916676 0.030409310763 -0.0032213916676 0.004473747303 
0.23769122373 0.0059060535882 0.036888483817 0.0059060535882 0.095083766416 -0.0083458206337 0.036888483817 -0.0083458206337 0.0067526004863 
0.27090049126 0.021905665415 0.041491267173 0.021905665415 0.05933385513 -0.0046230573066 0.041491267173 -0.0046230573066 0.0075595333419 
0.27351082592 0.029620448118 0.053150601014 0.029620448118 0.054864869004 -0.0092716067627 0.053150601014 -0.0092716067627 0.015487839486 
0.27670962746 0.03090736606 0.055147319098 0.03090736606 0.06146413576 -0.0055691640335 0.055147319098 -0.0055691640335 0.013935167103 
0.25060564684 0.035842752542 0.051912550751 0.035842752542 0.06269638752 -0.014417803202 0.051912550751 -0.014417803202 0.019777394362 
0.16376296431 0.060388933101 0.0011783862804 0.060388933101 0.052116810992 -0.011183282941 0.0011783862804 -0.011183282941 0.0049993967101 
0.13440804748 0.064741189565 0.0017043867449 0.064741189565 0.066513574269 -0.013015479157 0.0017043867449 -0.013015479157 0.0060230809296 
0.062444414294 0.059030409167 -0.015186014135 0.059030409167 0.06718816645 -0.021924696097 -0.015186014135 -0.021924696097 0.0094814283419 
-0.082691342689 0.027520968072 -0.061418431946 0.027520968072 0.099963026135 -0.066272316333 -0.061418431946 -0.066272316333 0.022995464877 
-0.15696942339 -0.023009708656 -0.041859471766 -0.023009708656 0.092510890373 -0.10363939973 -0.041859471766 -0.10363939973 0.087428566047 
-0.13372783669 0.0070228959898 -0.061546628334 0.0070228959898 0.10154417632 -0.088289295553 -0.061546628334 -0.088289295553 0.053583299005 
-0.12437876066 -0.093480141877 0.033202839657 -0.093480141877 0.18859670094 -0.17219706347 0.033202839657 -0.17219706347 0.14384698974 
0.022298319925 -0.27143819349 0.093215325203 -0.27143819349 0.5279262431 -0.17291128548 0.093215325203 -0.17291128548 0.097673034245 
-0.29186531618 -0.075974855515 0.1181686073 -0.075974855515 0.10292630885 0.11921337201 0.1181686073 0.11921337201 0.032060994046 
-0.24447371047 -0.052424420439 0.18770327822 -0.052424420439 0.014072275442 0.11377137059 0.18770327822 0.11377137059 0.089512959608 
-0.17872821914 -0.035834548351 0.23864300757 -0.035834548351 0.0037320011395 0.12079094617 0.23864300757 0.12079094617 0.17747635763 
-0.19684903719 0.002641994135 0.19346870807 0.002641994135 0.052275408877 0.12588771584 0.19346870807 0.12588771584 0.14049514439 
-0.13691802427 0.082914578808 0.13716058677 0.082914578808 0.099926109846 0.11639036882 0.13716058677 0.11639036882 0.12800630564 
-0.10571251051 0.084590906672 0.10142146415 0.084590906672 0.1095960773 0.12245943329 0.10142146415 0.12245943329 0.1371716335 
-0.077135290292 0.073600452555 0.059644054572 0.073600452555 0.12901495045 0.11775155976 0.059644054572 0.11775155976 0.10832778711 
-0.055993494516 0.043682184883 0.019654024216 0.043682184883 0.14603078593 0.092595420675 0.019654024216 0.092595420675 0.059220648455 
-0.035138383521 0.026612143439 0.0051227478559 0.026612143439 0.14206166601 0.066286713979 0.0051227478559 0.066286713979 0.030006298741 
-0.022109554231 -0.016374390301 -0.0092884151175 -0.016374390301 0.15937301789 0.05340371521 -0.0092884151175 0.05340371521 0.017338716418 
-0.0029551343482 -0.031446717621 -0.010964826343 -0.031446717621 0.1705079236 0.050549325132 -0.010964826343 0.050549325132 0.014702000111 
0.038158310699 -0.054949083353 -0.0029272951559 -0.054949083353 0.16142298686 0.020619442865 -0.0029272951559 0.020619442865 0.0041223692035 
0.057630587753 -0.049780368632 0.0083605074834 -0.049780368632 0.14076239154 0.00059232904518 0.0083605074834 0.00059232904518 0.0023395489453 
0.091337205587 -0.038546758206 0.020988269215 -0.038546758206 0.14122957421 -0.009595538205 0.020988269215 -0.009595538205 0.0048406097886 
0.12317713992 -0.041354403394 0.023887606078 -0.041354403394 0.13199936548 -0.0060350110482 0.023887606078 -0.0060350110482 0.0047526893609 
0.16165105116 -0.020378786398 0.025509884563 -0.020378786398 0.13411127056 0.0021435833327 0.025509884563 0.0021435833327 0.0043269384188 
0.18828346909 -0.0048451700652 0.028477801713 -0.0048451700652 0.12258466282 -0.00010426159113 0.028477801713 -0.00010426159113 0.004476989513 
0.24980468818 0.021337896072 0.039928707338 0.021337896072 0.085892222819 -0.0066155687344 0.039928707338 -0.0066155687344 0.0076174366328 
0.25912445077 0.034850558663 0.045636336831 0.034850558663 0.074380366565 -0.0030008676545 0.045636336831 -0.0030008676545 0.0093643185913 
0.27175893583 0.031283866421 0.071691534797 0.031283866421 0.073677964282 -0.014261735922 0.071691534797 -0.014261735922 0.026806429273 
0.21588560195 0.045309332731 0.035670087976 0.045309332731 0.061406796904 -0.013108896261 0.035670087976 -0.013108896261 0.014590228872 
0.17992346503 0.054286809888 0.022173943371 0.054286809888 0.065855418316 -0.0099272344696 0.022173943371 -0.0099272344696 0.0085377004449 
0.11121627069 0.060925952483 0.0090622332593 0.060925952483 0.077356238288 -0.016622635648 0.0090622332593 -0.016622635648 0.012358536035 
0.041657346743 0.050388201589 -0.01229693086 0.050388201589 0.076897081313 -0.026897534461 -0.01229693086 -0.026897534461 0.013097649776 
-0.019166269216 0.042851890951 -0.043810255805 0.042851890951 0.086003686166 -0.042252015 -0.043810255805 -0.042252015 0.0081033281074 
-0.10302029132 -0.003974228327 -0.053151395438 -0.003974228327 0.081766558966 -0.072890922321 -0.053151395438 -0.072890922321 0.03404483604 
-0.04158595805 -0.24968252471 0.077842259802 -0.24968252471 0.42399411912 -0.18705674071 0.077842259802 -0.18705674071 0.10895755128 
0.10499115559 -0.43149337285 0.066973366385 -0.43149337285 0.7606715647 -0.081245540802 0.066973366385 -0.081245540802 0.014692534883 
-0.2355082072 -0.2475098694 0.029428094584 -0.2475098694 0.36156356474 0.023658617983 0.029428094584 0.023658617983 -0.0035159927234 
-0.24339135849 -0.14814387435 0.030779531565 -0.14814387435 0.23052757235 0.07677539229 0.030779531565 0.07677539229 0.024503099217 
-0.12237878534 0.031518479989 0.28457095592 0.031518479989 0.03300126813 0.10909218215 0.28457095592 0.10909218215 0.17500694455 
-0.14809527357 0.069772657743 0.19714145003 0.069772657743 0.078056305662 0.11612585082 0.19714145003 0.11612585082 0.13528074646 
-0.06146040968 0.11427236575 0.16078985198 0.11427236575 0.073856344846 0.10838230172 0.16078985198 0.10838230172 0.16045639287 
-0.028360841456 0.11162681077 0.12916784298 0.11162681077 0.075532528988 0.10558096808 0.12916784298 0.10558096808 0.14733635091 
-0.030316907746 0.0885405731 0.065267493169 0.0885405731 0.10667522119 0.10120099753 0.065267493169 0.10120099753 0.094399254838 
-0.027772203187 0.064909069365 0.03002128525 0.064909069365 0.11852449424 0.079012885445 0.03002128525 0.079012885445 0.050528596774 
-0.024338760084 0.0091208356073 -0.0019005941867 0.0091208356073 0.14748318119 0.055529166679 -0.0019005941867 0.055529166679 0.019803775138 
0.01221230373 -0.041778197178 -0.0092885714898 -0.041778197178 0.17408897368 0.041196404785 -0.0092885714898 0.041196404785 0.010129464281 
0.019468264896 -0.038237658225 -0.0032968033993 -0.038237658225 0.16667387872 0.024927182795 -0.0032968033993 0.024927182795 0.0047064461967 
0.035415593597 -0.032126738813 0.0053444166529 -0.032126738813 0.15866402965 0.0061960714808 0.0053444166529 0.0061960714808 0.0022940195325 
0.061186787943 -0.027429013389 0.014661365721 -0.027429013389 0.15794876365 -0.0063786443032 0.014661365721 -0.0063786443032 0.0035902808993 
0.090810224528 -0.025351808906 0.020564972858 -0.025351808906 0.16690541593 -0.005492662652 0.020564972858 -0.005492662652 0.0047025602289 
0.12629951584 -0.027136825952 0.024057798842 -0.027136825952 0.15362348076 -0.00076824349885 0.024057798842 -0.00076824349885 0.0047780871921 
0.20633786594 0.010080479015 0.034708536395 0.010080479015 0.12194063463 -0.0063337271022 0.034708536395 -0.0063337271022 0.0065653867428 
0.22161590501 0.022469353273 0.040330084598 0.022469353273 0.11467033009 -0.0075560312094 0.040330084598 -0.0075560312094 0.0086536182804 
0.23415836177 0.035696315044 0.043806907403 0.035696315044 0.096728779427 -0.0026886793437 0.043806907403 -0.0026886793437 0.0092685512253 
0.26616855981 0.036583514804 0.062118402482 0.036583514804 0.078097410152 -0.0078594928885 0.062118402482 -0.0078594928885 0.018859986647 
0.24977565594 0.032545893793 0.069684095835 0.032545893793 0.077047322135 -0.02083760308 0.069684095835 -0.02083760308 0.031956667941 
0.21889765201 0.038774187307 0.051333219364 0.038774187307 0.069395485646 -0.015315740148 0.051333219364 -0.015315740148 0.021930932106 
0.15109142702 0.056477744851 0.02228683763 0.056477744851 0.079625404026 -0.010802496766 0.02228683763 -0.010802496766 0.0099793243082 
0.088146462866 0.054670388623 0.01184851503 0.054670388623 0.079018184769 -0.020517046736 0.01184851503 -0.020517046736 0.019204416185 
0.12573500893 0.048968430681 0.033335534862 0.048968430681 0.083789511099 -0.015482062492 0.033335534862 -0.015482062492 0.022845066725 
-0.045914337047 0.016099348167 -0.039919424803 0.016099348167 0.081080953568 -0.054817294374 -0.039919424803 -0.054817294374 0.019896359994 
-0.14207127868 -0.026411156928 -0.05201670026 -0.026411156928 0.070595786679 -0.08488765816 -0.05201670026 -0.08488765816 0.05600700191 
0.019632467325 0.026342638594 -0.0062191548137 0.026342638594 0.068684676009 -0.035160755801 -0.0062191548137 -0.035160755801 0.023527008098 
-0.15299739767 -0.072588019762 -0.0098077480458 -0.072588019762 0.1271390503 -0.13694724078 -0.0098077480458 -0.13694724078 0.11024799493 
0.11124706617 -0.48534281081 -0.026400182229 -0.48534281081 0.72173089658 0.083131435367 -0.026400182229 0.083131435367 0.006332917593 
-0.24688636053 -0.018154308254 0.14203692808 -0.018154308254 0.07455577296 0.10728830923 0.14203692808 0.10728830923 0.074157718118 
-0.18841657355 -0.016133318802 0.2554410116 -0.016133318802 0.015508817348 0.11418331555 0.2554410116 0.11418331555 0.1483884729 
-0.12327483881 0.0035890593514 0.31175890278 0.0035890593514 0.012459430099 0.1057179214 0.31175890278 0.1057179214 0.18793150823 
-0.05315229558 0.11591883455 0.20719152763 0.11591883455 0.057994075881 0.095071233471 0.20719152763 0.095071233471 0.16100878192 
0.013160978789 0.1126359021 0.11337203177 0.1126359021 0.065030207424 0.094049300699 0.11337203177 0.094049300699 0.12387458582 
0.01106540857 0.09449063762 0.070111174106 0.09449063762 0.082847625433 0.08513097008 0.070111174106 0.08513097008 0.080922572168 
-0.028335789112 0.044690184813 0.011909193183 0.044690184813 0.12410682063 0.062008253662 0.011909193183 0.062008253662 0.02870782846 
-0.01444667495 -0.0097771037413 -0.0065416705241 -0.0097771037413 0.16162473684 0.051571951726 -0.0065416705241 0.051571951726 0.015719095477 
-0.0059105064088 -0.020867628024 -0.0070902421181 -0.020867628024 0.16841552487 0.039872092279 -0.0070902421181 0.039872092279 0.0092668836928 
0.02627159189 -0.0097231250358 0.0067645852467 -0.0097231250358 0.18101205052 0.00028859922111 0.0067645852467 0.00028859922111 0.0020525301028 
0.054164303543 -0.010408976187 0.014032424773 -0.010408976187 0.19058262998 -0.0038489748316 0.014032424773 -0.0038489748316 0.0036820416482 
0.12567616366 -0.01443084772 0.024887363565 -0.01443084772 0.17112386994 0.0034456913147 0.024887363565 0.0034456913147 0.0052098130648 
0.14895978467 -0.0029100793388 0.027699173794 -0.0029100793388 0.15857614644 0.0030629888787 0.027699173794 0.0030629888787 0.0053651477462 
0.17065270827 0.013353014089 0.032422700921 0.013353014089 0.15068162086 -0.0017982432648 0.032422700921 -0.0017982432648 0.006504445345 
0.18689078543 0.025665523015 0.039136907765 0.025665523015 0.14160638178 -0.0050774300776 0.039136907765 -0.0050774300776 0.0091508310276 
0.20311577939 0.036079535684 0.045821575519 0.036079535684 0.1224759886 -0.0015104267029 0.045821575519 -0.0015104267029 0.011314182743 
0.24453331588 0.043430442008 0.049474777291 0.043430442008 0.087429216293 -0.0021168794549 0.049474777291 -0.0021168794549 0.011669601822 
0.25227205064 0.038832585546 0.062315740702 0.038832585546 0.091190876853 -0.011811491369 0.062315740702 -0.011811491369 0.021345787035 
0.26027822014 0.030585277158 0.076823126648 0.030585277158 0.088782559256 -0.021558941 0.076823126648 -0.021558941 0.034179955583 
0.23986374543 0.027435472431 0.073944402008 0.027435472431 0.083611547758 -0.02627130908 0.073944402008 -0.02627130908 0.037812290456 
0.18382112677 0.046447655444 0.034501015705 0.046447655444 0.072274935982 -0.0082611294915 0.034501015705 -0.0082611294915 0.011394010087 
0.15808422215 0.045780910249 0.034258074542 0.045780910249 0.084496915405 -0.0079992777538 0.034258074542 -0.0079992777538 0.012428451856 
0.077599603529 0.039795816609 0.021826298309 0.039795816609 0.073327097682 -0.023291966723 0.021826298309 -0.023291966723 0.029081988708 
-0.07097672524 -0.016177829002 -0.030349591121 -0.016177829002 0.051754841136 -0.056740305147 -0.030349591121 -0.056740305147 0.031961831909 
-0.022885629778 0.00068538685765 -0.015359283299 0.00068538685765 0.054357866568 -0.044978016321 -0.015359283299 -0.044978016321 0.027757293865 
-0.14695233893 -0.07071539602 -0.022363079485 -0.07071539602 0.071733764281 -0.10510458328 -0.022363079485 -0.10510458328 0.081486434073 
-0.1162647017 -0.038395454991 -0.036120455417 -0.038395454991 0.044688225291 -0.068775507216 -0.036120455417 -0.068775507216 0.045121161516 
-0.11313149365 -0.1835579623 0.054193046501 -0.1835579623 0.24353602479 -0.18810418032 0.054193046501 -0.18810418032 0.12432133758 
0.052666832293 -0.41075827983 0.035790047164 -0.41075827983 0.5786124288 -0.06171418297 0.035790047164 -0.06171418297 0.049807965816 
0.11593656939 -0.50531002762 -0.04302314298 -0.50531002762 0.59111826119 0.073086665052 -0.04302314298 0.073086665052 0.0080499468603 
-0.086149202552 -0.21364946613 -0.021869774992 -0.21364946613 0.27814596756 0.043190480237 -0.021869774992 0.043190480237 0.0062637695138 
-0.056499249455 -0.046611814213 0.047848016492 -0.046611814213 0.15013351717 0.079389358597 0.047848016492 0.079389358597 0.062653206626 
-0.096510822622 0.054731608242 0.21314106146 0.054731608242 0.042658886492 0.089691077953 0.21314106146 0.089691077953 0.13263546456 
0.035122019059 0.047812606372 0.32748143712 0.047812606372 0.0043577317585 0.043929435497 0.32748143712 0.043929435497 0.19637658634 
0.042647021868 0.050423703432 0.3555869413 0.050423703432 0.005866980341 0.021854587711 0.3555869413 0.021854587711 0.2053087903 
-0.019394033163 0.095417668325 0.28136987949 0.095417668325 0.032832731044 0.071499572623 0.28136987949 0.071499572623 0.18112411199 
0.095150572657 0.10106632475 0.27006002167 0.10106632475 0.0020718756591 0.038175488116 0.27006002167 0.038175488116 0.20414957765 
0.032319558865 0.12148367286 0.2126889661 0.12148367286 0.028909180715 0.07738467213 0.2126889661 0.07738467213 0.1880399658 
0.06116775246 0.11440754596 0.17984584213 0.11440754596 0.022384821671 0.071305556945 0.17984584213 0.071305556945 0.16669718545 
0.079438945915 0.09523164198 0.13950857976 0.09523164198 0.028054961015 0.07009225417 0.13950857976 0.07009225417 0.14180617751 
-0.0024143571702 0.072800111576 0.036192694156 0.072800111576 0.096220192003 0.069801246194 0.036192694156 0.069801246194 0.046280730725 
-0.0214282722 0.055191327635 0.015195675389 0.055191327635 0.1094814033 0.059168550889 0.015195675389 0.059168550889 0.027686643127 
-0.029591471245 0.025178507733 0.0016704581585 0.025178507733 0.13649003999 0.055375662841 0.0016704581585 0.055375662841 0.020345791734 
-0.028783620804 0.006703934802 -0.0052856498921 0.006703934802 0.15463646277 0.052683793727 -0.0052856498921 0.052683793727 0.016034802319 
0.0017346935496 -0.016156696622 -0.0025014016074 -0.016156696622 0.17164189465 0.019996430953 -0.0025014016074 0.019996430953 0.0027641291342 
0.085720845726 -0.012797715858 0.020055381327 -0.012797715858 0.19305639634 0.0015913344208 0.020055381327 0.0015913344208 0.0048631157959 
0.099349045733 0.0010165003225 0.023388203796 0.0010165003225 0.2005036641 0.0071475860352 0.023388203796 0.0071475860352 0.0058353799668 
0.13010602135 0.015003796513 0.029189885724 0.015003796513 0.18364390671 0.0041922652091 0.029189885724 0.0041922652091 0.0066906361178 
0.14792911394 0.028535307905 0.03526555511 0.028535307905 0.1695948921 0.00055574246409 0.03526555511 0.00055574246409 0.0088187790987 
0.21809319256 0.045113405296 0.050258704169 0.045113405296 0.10508439172 0.00076656426296 0.050258704169 0.00076656426296 0.012779424775 
0.23148663093 0.043772832162 0.055193116653 0.043772832162 0.099251115845 -0.0078657563545 0.055193116653 -0.0078657563545 0.01740070807 
0.24311185891 0.031754030255 0.069568475426 0.031754030255 0.097831577341 -0.024446239646 0.069568475426 -0.024446239646 0.032551702083 
0.21185595523 0.033225407354 0.055368506443 0.033225407354 0.068776073777 -0.013791205036 0.055368506443 -0.013791205036 0.022781068488 
0.1419504941 0.034448493735 0.044418075859 0.034448493735 0.079641881664 -0.014230349301 0.044418075859 -0.014230349301 0.024182085514 
0.11226701298 0.027333415453 0.048730972481 0.027333415453 0.063405101403 -0.020560766984 0.048730972481 -0.020560766984 0.040353897519 
0.018473609189 -0.0035560378993 0.017202927775 -0.0035560378993 0.035870036407 -0.032861772588 0.017202927775 -0.032861772588 0.04089317953 
0.066814220213 0.014146392661 0.035756948617 0.014146392661 0.046654630726 -0.025530454177 0.035756948617 -0.025530454177 0.044379134925 
-0.082120659297 -0.048442582287 -0.0089096546771 -0.048442582287 0.019246774397 -0.052407135647 -0.0089096546771 -0.052407135647 0.045489091745 
-0.036305630338 -0.027301086323 0.00085450383134 -0.027301086323 0.023843162093 -0.041036280663 0.00085450383134 -0.041036280663 0.039194705662 
-0.1249073888 -0.15287930385 0.031228762156 -0.15287930385 0.13541923493 -0.14931419643 0.031228762156 -0.14931419643 0.10717087323 
0.018776691904 -0.37639221145 0.035755531255 -0.37639221145 0.40381607446 -0.090939058629 0.035755531255 -0.090939058629 0.0653699231 
0.21883778832 -0.084751786146 0.062303071922 -0.084751786146 0.16043082219 0.070775896662 0.062303071922 0.070775896662 0.088541686189 
0.19893027278 0.028273222666 0.20289349815 0.028273222666 0.052703250299 0.052391324339 0.20289349815 0.052391324339 0.16933180032 
0.045173755217 0.02714750106 0.37034955011 0.02714750106 0.0016212751685 0.019825380635 0.37034955011 0.019825380635 0.21146503605 
0.16782336257 0.044777176994 0.25098383668 0.044777176994 -0.0069813292538 0.00038220022082 0.25098383668 0.00038220022082 0.23252950012 
0.15617531317 0.03975681735 0.21195819087 0.03975681735 -0.0032709297822 0.01220683203 0.21195819087 0.01220683203 0.21662964753 
0.14630321672 0.016716302527 0.187400094 0.016716302527 0.002793928674 0.0040865746645 0.187400094 0.0040865746645 0.21691634954 
0.061314797483 0.076641651206 0.085993923342 0.076641651206 0.056170612084 0.071466881658 0.085993923342 0.071466881658 0.09286305211 
0.037513643268 0.060619337546 0.050532830343 0.060619337546 0.079427877714 0.063139125892 0.050532830343 0.063139125892 0.055866368654 
-0.037702826669 0.038948957636 0.002499314986 0.038948957636 0.12758693587 0.057672166549 0.002499314986 0.057672166549 0.021422660159 
-0.028725714818 -0.002504021353 -0.0093134815284 -0.002504021353 0.16928082299 0.043588576209 -0.0093134815284 0.043588576209 0.0089306680037 
-0.030710713076 0.0017953461504 -0.010242993895 0.0017953461504 0.18150576958 0.029093745987 -0.010242993895 0.029093745987 0.0015714406988 
-0.013595266427 0.0023873152647 -0.0052130471571 0.0023873152647 0.19617328932 0.010306180926 -0.0052130471571 0.010306180926 -0.0010587519345 
0.010121210289 0.0033343290054 0.0026296282759 0.0033343290054 0.21252294318 0.00033314897382 0.0026296282759 0.00033314897382 0.00068729275252 
0.035976110673 -0.002076253755 0.010121702057 -0.002076253755 0.2205637137 0.0045278192422 0.010121702057 0.0045278192422 0.0030745743723 
0.04920419325 0.00039905093217 0.014037743833 0.00039905093217 0.22883526458 0.010470625191 0.014037743833 0.010470625191 0.0045625301447 
0.090358740391 0.017722902029 0.023853166546 0.017722902029 0.21282735487 0.008800103209 0.023853166546 0.008800103209 0.0064429343261 
0.16527576058 0.038613261792 0.043349410711 0.038613261792 0.14986773725 0.0024273167006 0.043349410711 0.0024273167006 0.011970692338 
0.18522466794 0.046987200265 0.051700860855 0.046987200265 0.12772347258 0.0051942687908 0.051700860855 0.0051942687908 0.015182686499 
0.20558450969 0.048918918638 0.057449274123 0.048918918638 0.11238145052 -0.00087404639638 0.057449274123 -0.00087404639638 0.018781737228 
0.23155886935 0.025242781883 0.075290372374 0.025242781883 0.088505124604 -0.027896192519 0.075290372374 -0.027896192519 0.039788371851 
0.2253657832 0.025904244089 0.071477204388 0.025904244089 0.071975517469 -0.01973438184 0.071477204388 -0.01973438184 0.034172433185 
0.18380203567 0.038236471701 0.040575037984 0.038236471701 0.071968034917 -0.0063270365571 0.040575037984 -0.0063270365571 0.012483095294 
0.16068560634 0.029254757047 0.040064111969 0.029254757047 0.075637360736 -0.010429283447 0.040064111969 -0.010429283447 0.014958310027 
0.10253210015 -0.00017746595009 0.066547149598 -0.00017746595009 0.029244744655 -0.020087285537 0.066547149598 -0.020087285537 0.057480998077 
0.13922481094 0.013790452177 0.057023875666 0.013790452177 0.055912696592 -0.01828580184 0.057023875666 -0.01828580184 0.035712161759 
-0.11983886834 -0.079370889912 -0.0072728224246 -0.079370889912 0.027041911479 -0.077321176066 -0.0072728224246 -0.077321176066 0.065812983123 
0.0045102145229 -0.03465837977 0.036856296411 -0.03465837977 0.0024947155798 -0.027577223479 0.036856296411 -0.027577223479 0.053498846411 
0.05599264213 -0.014912528774 0.054576917767 -0.014912528774 0.013448488302 -0.022270224085 0.054576917767 -0.022270224085 0.059573945106 
0.15282706526 -0.50792258801 -0.039090722724 -0.50792258801 0.47340085752 0.065714037862 -0.039090722724 0.065714037862 0.0073861943037 
0.29377873215 -0.031770794086 0.31670135643 -0.031770794086 0.017349915865 -0.040051251966 0.31670135643 -0.040051251966 0.25760753318 
0.2501950968 -0.051705794356 0.34819751881 -0.051705794356 0.022522578328 -0.09526302958 0.34819751881 -0.09526302958 0.24719884691 
0.21111696689 -0.051707270126 0.35044825986 -0.051707270126 0.026321587357 -0.1121718376 0.35044825986 -0.1121718376 0.2349858504 
0.1797678004 0.00093089551226 0.31951168784 0.00093089551226 0.0083833239162 -0.057349586126 0.31951168784 -0.057349586126 0.23830162272 
0.22282334808 -0.016281458949 0.28520427538 -0.016281458949 -0.0012901124379 -0.056040467276 0.28520427538 -0.056040467276 0.26274525689 
0.2614065396 -0.081953166421 0.28634037482 -0.081953166421 0.021336512587 -0.10388516444 0.28634037482 -0.10388516444 0.26961631448 
0.2337066853 -0.051518678454 0.264567929 -0.051518678454 0.0056282705122 -0.073144211693 0.264567929 -0.073144211693 0.2703243383 
0.21173375054 -0.019429414845 0.239142609 -0.019429414845 -0.0066465463348 -0.035923106557 0.239142609 -0.035923106557 0.24839879355 
0.18023436365 -0.024756116007 0.21089541694 -0.024756116007 0.0016362685137 -0.034288135723 0.21089541694 -0.034288135723 0.23901301914 
0.12511017073 0.026692169357 0.15243682799 0.026692169357 0.021281582125 0.027046125634 0.15243682799 0.027046125634 0.18258416142 
0.10827820954 0.018316698149 0.12024788854 0.018316698149 0.051535391944 0.033920264615 0.12024788854 0.033920264615 0.1445085325 
-0.00047907174769 0.053909021392 0.022755589977 0.053909021392 0.098712124682 0.059230621484 0.022755589977 0.059230621484 0.033194022538 
0.084099423443 0.010160108938 0.089615540965 0.010160108938 0.085694066614 0.028101732485 0.089615540965 0.028101732485 0.10468070701 
-0.047682201729 0.022629238679 -0.0077566199122 0.022629238679 0.15161271644 0.05801985223 -0.0077566199122 0.05801985223 0.016980451063 
-0.056012042184 0.016318989675 -0.017206891661 0.016318989675 0.17565197029 0.049307692997 -0.017206891661 0.049307692997 0.0061910075405 
-0.046327063381 0.012033480734 -0.01761997419 0.012033480734 0.20521949771 0.026296746914 -0.01761997419 0.026296746914 -0.0037808468614 
-0.031447583363 0.012741818968 -0.013518008823 0.012741818968 0.22968663201 0.0094832473005 -0.013518008823 0.0094832473005 -0.0056559949023 
-0.012807136645 0.0086887291998 -0.0059173494161 0.0086887291998 0.24411618276 0.010447697973 -0.0059173494161 0.010447697973 -0.0023202449308 
0.0013739789096 0.0055055804482 -0.00021110073713 0.0055055804482 0.25531556719 0.018785478023 -0.00021110073713 0.018785478023 0.00080357025166 
0.051690234486 0.015251341858 0.015792091654 0.015251341858 0.2357251025 0.011559961502 0.015792091654 0.011559961502 0.0051146767243 
0.1065309248 0.030185379828 0.028590003265 0.030185379828 0.19888672972 0.0069160722562 0.028590003265 0.0069160722562 0.0077681314094 
0.12381361499 0.041856281174 0.035570070677 0.041856281174 0.17834547896 0.0077053328231 0.035570070677 0.0077053328231 0.010417654681 
0.14598970124 0.050792210503 0.044931253119 0.050792210503 0.15288132998 0.01043312453 0.044931253119 0.01043312453 0.014096715611 
0.22145237756 0.037648390558 0.066050052669 0.037648390558 0.10300827366 -0.018349179383 0.066050052669 -0.018349179383 0.02971820455 
0.20789552181 0.030808246144 0.060548725351 0.030808246144 0.060396610192 -0.0073126690877 0.060548725351 -0.0073126690877 0.022767354773 
0.18155363711 0.029225435733 0.046003125487 0.029225435733 0.065240396796 -0.0048972221139 0.046003125487 -0.0048972221139 0.014253346301 
-0.078328017169 -0.073842482362 0.01275012146 -0.073842482362 -0.0038099524161 -0.050085099163 0.01275012146 -0.050085099163 0.056496313292 
-0.041776533459 -0.056510213025 0.023816012474 -0.056510213025 -0.0049719231718 -0.036552392811 0.023816012474 -0.036552392811 0.05254641518 
-0.11940368597 -0.13177871106 0.021120891055 -0.13177871106 0.051535742283 -0.1126761792 0.021120891055 -0.1126761792 0.091920435818 
-0.070847335626 -0.24150757952 0.071534496022 -0.24150757952 0.17856896612 -0.16348589159 0.071534496022 -0.16348589159 0.10260591026 
0.08859645065 -0.43076970589 0.025753233807 -0.43076970589 0.35170323256 -0.041626367451 0.025753233807 -0.041626367451 0.043482956324 
0.17716991359 -0.49802872175 -0.072787302965 -0.49802872175 0.3481559659 0.09958458631 -0.072787302965 0.09958458631 0.019457650366 
0.38326974891 -0.073280762419 0.25114379373 -0.073280762419 0.060704612432 -0.0028399885203 0.25114379373 -0.0028399885203 0.240177416 
0.34948590072 -0.13282642757 0.31774022575 -0.13282642757 0.054334760766 -0.12042793755 0.31774022575 -0.12042793755 0.28637959303 
0.28791140034 -0.14576765608 0.31348080295 -0.14576765608 0.071218497863 -0.17428085803 0.31348080295 -0.17428085803 0.25218295296 
0.25362354904 -0.11699685148 0.30611099426 -0.11699685148 0.051018964005 -0.16479175839 0.30611099426 -0.16479175839 0.24600157899 
0.14734322651 -0.025331905791 0.18516654849 -0.025331905791 0.0085674036013 -0.027797588161 0.18516654849 -0.027797588161 0.23664700454 
0.13366901705 -0.020015183623 0.16097430488 -0.020015183623 0.02915999057 -0.0054350438023 0.16097430488 -0.0054350438023 0.20747186661 
0.12006305053 -0.02288302303 0.14188455713 -0.02288302303 0.057327375258 -0.00011781911789 0.14188455713 -0.00011781911789 0.18207128641 
0.032209205002 0.035293075232 0.041665020142 0.035293075232 0.092689755128 0.054907428722 0.041665020142 0.054907428722 0.053461728008 
-0.037792668038 0.049253242434 0.0028903679715 0.049253242434 0.11826069012 0.065291197242 0.0028903679715 0.065291197242 0.025690001058 
-0.058573001836 0.039669498002 -0.012245355743 0.039669498002 0.14351299055 0.068717162674 -0.012245355743 0.068717162674 0.018661120202 
-0.070734140787 0.033546698204 -0.026129037369 0.033546698204 0.17049533063 0.065989462495 -0.026129037369 0.065989462495 0.0058394198682 
-0.070548171212 0.021778373394 -0.029497972717 0.021778373394 0.20492599615 0.045735751493 -0.029497972717 0.045735751493 -0.0054889230973 
-0.060123028786 0.019205904741 -0.028700654454 0.019205904741 0.23969953769 0.026725687286 -0.028700654454 0.026725687286 -0.012270040885 
0.0065914467137 0.015649173721 0.0022725794855 0.015649173721 0.26358470389 0.018809117825 0.0022725794855 0.018809117825 0.0014733353105 
0.018816459776 0.030700258145 0.0068556311162 0.030700258145 0.26284666371 0.015725779973 0.0068556311162 0.015725779973 0.002640988391 
0.063680643901 0.030809544508 0.019520742759 0.030809544508 0.23155885847 0.012464353591 0.019520742759 0.012464353591 0.0060940063374 
0.080436254325 0.044015364733 0.024973308549 0.044015364733 0.21117870428 0.013356068103 0.024973308549 0.013356068103 0.007806410355 
0.10309789321 0.054598631052 0.032981866712 0.054598631052 0.18162895774 0.01509244544 0.032981866712 0.01509244544 0.010621545069 
0.17307720887 0.054417986029 0.054154607248 0.054417986029 0.13001098537 0.0053768847649 0.054154607248 0.0053768847649 0.018450584911 
0.19632512735 0.047979473595 0.062010932398 0.047979473595 0.11369666867 -0.0067637543998 0.062010932398 -0.0067637543998 0.024785061017 
0.22077207512 0.028556507947 0.0778048608 0.028556507947 0.085980678978 -0.022594070965 0.0778048608 -0.022594070965 0.040507280943 
0.22174161523 0.025874774713 0.077988664976 0.025874774713 0.067861676196 -0.016370148663 0.077988664976 -0.016370148663 0.037639288482 
0.16393004383 0.012071731477 0.056074904255 0.012071731477 0.053433915454 -0.011527612342 0.056074904255 -0.011527612342 0.025071958855 
0.13899773744 -0.0088909824099 0.082909127399 -0.0088909824099 0.019620948201 -0.014707725723 0.082909127399 -0.014707725723 0.05614274287 
0.0076938808366 -0.058522431183 0.060789654596 -0.058522431183 -0.023496048429 -0.022134605424 0.060789654596 -0.022134605424 0.066681343347 
0.041754327436 -0.040121172918 0.070143818926 -0.040121172918 -0.013800954202 -0.016972246474 0.070143818926 -0.016972246474 0.069265210555 
0.092343719061 -0.029527025993 0.093516006659 -0.029527025993 -0.011169713102 -0.011341284088 0.093516006659 -0.011341284088 0.078287351573 
-0.08824402939 -0.10246347317 0.020299562845 -0.10246347317 -0.0027479537553 -0.071169388881 0.020299562845 -0.071169388881 0.07250640402 
-0.033433465477 -0.083552110975 0.045652629232 -0.083552110975 -0.028566500877 -0.039366762162 0.045652629232 -0.039366762162 0.068051223182 
-0.09351031008 -0.15593493443 0.045520857169 -0.15593493443 0.017762546734 -0.10343044909 0.045520857169 -0.10343044909 0.094551230545 
-0.018839578188 -0.28464519696 0.099256727699 -0.28464519696 0.13614561448 -0.13415505273 0.099256727699 -0.13415505273 0.08870716722 
0.1073487191 -0.038215502547 0.13234155824 -0.038215502547 0.10010393913 -0.025731860017 0.13234155824 -0.025731860017 0.17297001782 
0.090930696332 -0.019213031272 0.10942748428 -0.019213031272 0.10557873619 -0.0024312382933 0.10942748428 -0.0024312382933 0.14378102335 
0.095760190532 -0.04398409537 0.13788880878 -0.04398409537 0.1102745543 -0.037678391754 0.13788880878 -0.037678391754 0.20591680394 
-0.0030172931122 0.041987144998 0.020636819334 0.041987144998 0.10739766188 0.067694580174 0.020636819334 0.067694580174 0.043880146139 
-0.0278656382 0.040965190063 0.00045904273402 0.040965190063 0.13253470439 0.075112208051 0.00045904273402 0.075112208051 0.030054802685 
-0.073202133493 0.030504466719 -0.035555821692 0.030504466719 0.20199081923 0.064102497071 -0.035555821692 0.064102497071 -0.005988362609 
-0.07050097151 0.024065383663 -0.038762403421 0.024065383663 0.24121599027 0.04800269571 -0.038762403421 0.04800269571 -0.016361047606 
-0.04775093024 0.017133216441 -0.024034449465 0.017133216441 0.26290724434 0.020711998792 -0.024034449465 0.020711998792 -0.011506237612 
-0.038040984495 0.014120250396 -0.018488181217 0.014120250396 0.27865997217 0.028680256007 -0.018488181217 0.028680256007 -0.0073008105919 
-0.032303101836 0.01878206125 -0.015339842543 0.01878206125 0.29116436185 0.032292972193 -0.015339842543 0.032292972193 -0.0054635607168 
-0.020544228537 0.03093204657 -0.010266223423 0.03093204657 0.29500082632 0.024394733276 -0.010266223423 0.024394733276 -0.0046710177404 
0.035395563659 0.044831213466 0.01255609747 0.044831213466 0.24712661663 0.017796017316 0.01255609747 0.017796017316 0.0045159801301 
0.13413996378 0.060791321592 0.043084811356 0.060791321592 0.15096193447 0.011039791467 0.043084811356 0.011039791467 0.014712407236 
0.16897870114 0.054478602894 0.056548874311 0.054478602894 0.11861637529 -0.0025498914571 0.056548874311 -0.0025498914571 0.023837245613 
0.20387950423 0.038080186272 0.071017290872 0.038080186272 0.096046456609 -0.016714409098 0.071017290872 -0.016714409098 0.035235222498 
0.21546711686 0.03139729655 0.085834599469 0.03139729655 0.065042491757 -0.010253075407 0.085834599469 -0.010253075407 0.042949235027 
0.21730580528 0.030695358549 0.078758460417 0.030695358549 0.048940946995 -0.002805701625 0.078758460417 -0.002805701625 0.033193338359 
0.20192938873 0.031836924101 0.061634964901 0.031836924101 0.050717961064 0.0001073237867 0.061634964901 0.0001073237867 0.021097175914 
0.18526504704 0.019602895664 0.057135012278 0.019602895664 0.047625682068 -0.0035545086507 0.057135012278 -0.0035545086507 0.019915522345 
0.1726029565 -0.0061180561946 0.081981719514 -0.0061180561946 0.016516833693 -0.0080198792204 0.081981719514 -0.0080198792204 0.042333678981 
0.14472091948 -0.028194373184 0.11633043937 -0.028194373184 -0.02023708137 -0.0029712102343 0.11633043937 -0.0029712102343 0.080106130804 
0.05783444795 -0.054463299939 0.096069258237 -0.054463299939 -0.037406343393 -0.0079128580481 0.096069258237 -0.0079128580481 0.082714417216 
0.13646281972 -0.44057692417 0.019843327997 -0.44057692417 0.25613083668 -0.0047732925358 0.019843327997 -0.0047732925358 0.036867180303 
-0.070459972413 -0.19374856845 0.083838634662 -0.19374856845 -0.003369847412 -0.094750749604 0.083838634662 -0.094750749604 0.10196009336 
0.040879542205 -0.31855889765 0.11266405629 -0.31855889765 0.091238513147 -0.097974501716 0.11266405629 -0.097974501716 0.071184715209 
0.18978533794 -0.47044501804 -0.097450605211 -0.47044501804 0.22613327997 0.1185697871 -0.097450605211 0.1185697871 0.035490188442 
0.072535600646 -0.0071471052406 0.093755820217 -0.0071471052406 0.10227438685 0.014221819953 0.093755820217 0.014221819953 0.13340257339 
0.088890639849 -0.033661746178 0.12436775349 -0.033661746178 0.11328257688 -0.018374867792 0.12436775349 -0.018374867792 0.1824621609 
0.051943695167 0.0050955119671 0.072251033506 0.0050955119671 0.11107621284 0.035856021054 0.072251033506 0.035856021054 0.11011061514 
0.032904862963 0.014837132809 0.050965063425 0.014837132809 0.13090493483 0.05887967771 0.050965063425 0.05887967771 0.088947616755 
-0.038402911938 0.035630645674 -0.013280692912 0.035630645674 0.16864543986 0.077781466649 -0.013280692912 0.077781466649 0.016798465921 
-0.065519021774 0.021816691484 -0.038176719066 0.021816691484 0.27683221649 0.036578875199 -0.038176719066 0.036578875199 -0.02027535391 
-0.059928759519 0.020585793781 -0.034065667886 0.020585793781 0.29262071412 0.037077288265 -0.034065667886 0.037077288265 -0.017250973319 
-0.059397439127 0.022961155008 -0.03346842533 0.022961155008 0.31207974489 0.042925748862 -0.03346842533 0.042925748862 -0.01615775756 
-0.052995316758 0.030340306353 -0.029656338488 0.030340306353 0.3233725508 0.039898599253 -0.029656338488 0.039898599253 -0.014891914934 
-0.0037566573668 0.044782277916 -0.002894556234 0.044782277916 0.28285830929 0.020192960658 -0.002894556234 0.020192960658 -0.0019040665152 
0.054570600374 0.058489028121 0.019519253445 0.058489028121 0.21952463317 0.022432947318 0.019519253445 0.022432947318 0.0071098308375 
0.091003043923 0.066480240973 0.029777678125 0.066480240973 0.18001512426 0.017843177253 0.029777678125 0.017843177253 0.0099924141686 
0.054076695197 0.071076431168 0.021259769055 0.071076431168 0.20548071004 0.027938817755 0.021259769055 0.027938817755 0.0086479367975 
0.121753225 0.067688825454 0.039039713184 0.067688825454 0.14301950646 0.009680538238 0.039039713184 0.009680538238 0.014200366482 
0.19384673194 0.0447465878 0.077950420696 0.0447465878 0.084609456353 -0.0061488559327 0.077950420696 -0.0061488559327 0.039568447299 
0.15523935064 0.061732846871 0.057150911376 0.061732846871 0.10722738265 0.0039527392592 0.057150911376 0.0039527392592 0.025676301953 
0.22357602633 0.043694199051 0.097031883074 0.043694199051 0.040361758869 0.0098342296545 0.097031883074 0.0098342296545 0.045286851291 
0.21964074604 0.041226946136 0.0839631359 0.041226946136 0.040623830204 0.0088624071898 0.0839631359 0.0088624071898 0.034036667937 
0.20962741869 0.035142018952 0.073948259958 0.035142018952 0.037926543621 0.0070602732491 0.073948259958 0.0070602732491 0.027482203828 
0.20158513531 0.01256461224 0.080492877097 0.01256461224 0.017031313789 0.0016832779976 0.080492877097 0.0016832779976 0.033657545419 
0.11117089134 -0.044938518475 0.12934014466 -0.044938518475 -0.045894937983 0.0049328500666 0.12934014466 0.0049328500666 0.099537788402 
-0.052528188584 -0.11440103619 0.045903559085 -0.11440103619 -0.038923645067 -0.058253907303 0.045903559085 -0.058253907303 0.07880409621 
0.011015303704 -0.09272119044 0.074816922489 -0.09272119044 -0.057849763629 -0.03406479031 0.074816922489 -0.03406479031 0.084410366742 
0.030715152703 -0.074561162961 0.085232822249 -0.074561162961 -0.04977296039 -0.017548457726 0.085232822249 -0.017548457726 0.080776767 
-0.068878903631 -0.14313754126 0.060236170794 -0.14313754126 -0.058763519774 -0.059350748222 0.060236170794 -0.059350748222 0.089848239668 
0.16959870869 -0.44357963281 -0.024469286724 -0.44357963281 0.16807611467 0.030863927887 -0.024469286724 0.030863927887 0.032391202819 
0.17730880089 -0.4310835524 -0.15532529111 -0.4310835524 0.10081767238 0.11169924974 -0.15532529111 0.11169924974 0.061110992138 
0.076815877285 -0.016649869036 0.10371682871 -0.016649869036 0.11873933351 0.014670135172 0.10371682871 0.014670135172 0.15225375549 
0.06039298751 0.0010157777926 0.085213722145 0.0010157777926 0.13178159145 0.055247074641 0.085213722145 0.055247074641 0.14273175353 
0.024054723452 0.016137558861 0.041919275887 0.016137558861 0.16262602569 0.078771607385 0.041919275887 0.078771607385 0.089811195816 
-0.0326456339 0.023605005373 -0.016704124597 0.023605005373 0.22028709524 0.073237785538 -0.016704124597 0.073237785538 0.0082718923323 
0.032430631573 0.0047185970421 0.052647494974 0.0047185970421 0.20174359747 0.080370385679 0.052647494974 0.080370385679 0.11364849072 
-0.043386183832 0.01731899787 -0.029397163693 0.01731899787 0.27958673025 0.051048599568 -0.029397163693 0.051048599568 -0.01424381661 
0.023096965266 -0.0032682064866 0.037017992814 -0.0032682064866 0.2640303538 0.054275601136 0.037017992814 0.054275601136 0.074090118457 
-0.059044364045 0.021559479731 -0.040117204657 0.021559479731 0.31599927506 0.04590924981 -0.040117204657 0.04590924981 -0.024475301875 
-0.066372534642 0.02816602801 -0.043753739419 0.02816602801 0.3402560172 0.051273115196 -0.043753739419 0.051273115196 -0.026090787188 
-0.035673327994 0.042632321205 -0.021229023333 0.042632321205 0.31837156358 0.029378862017 -0.021229023333 0.029378862017 -0.012476776032 
0.012337889048 0.056701337297 0.0055155334826 0.056701337297 0.26224378654 0.029645887553 0.0055155334826 0.029645887553 0.0026000267642 
-0.015052148052 0.054104346383 -0.00905086633 0.054104346383 0.29910143384 0.035196019392 -0.00905086633 0.035196019392 -0.0053020102498 
0.026046818905 0.067660163038 0.015719437889 0.067660163038 0.23952237479 0.04508025523 0.015719437889 0.04508025523 0.011106157256 
0.078940857263 0.075836197104 0.030150727794 0.075836197104 0.17267191308 0.025063892698 0.030150727794 0.025063892698 0.012254059319 
0.2128364561 0.049279594926 0.10374527027 0.049279594926 0.053027703741 0.011086693574 0.10374527027 0.011086693574 0.055850553462 
0.23071217815 0.048360713795 0.11096007832 0.048360713795 0.019823356976 0.023525823135 0.11096007832 0.023525823135 0.055588786483 
0.19134500624 -0.01428007601 0.11976830811 -0.01428007601 -0.024722463523 0.0056726605751 0.11976830811 0.0056726605751 0.069341193771 
0.16376772296 -0.030382124142 0.15461678001 -0.030382124142 -0.054827428486 0.018156746454 0.15461678001 0.018156746454 0.11103718878 
0.078676806379 -0.065992533456 0.10984500327 -0.065992533456 -0.068876779255 -0.012071574763 0.10984500327 -0.012071574763 0.10090073481 
0.09048667915 -0.058433240817 0.1231031405 -0.058433240817 -0.064308441005 0.0027630688838 0.1231031405 0.0027630688838 0.10050769629 
0.14348338535 -0.031005183809 0.15847733056 -0.031005183809 -0.071404806468 0.02546693913 0.15847733056 0.02546693913 0.12918194924 
-0.01126878 -0.11048060828 0.07204302174 -0.11048060828 -0.080989666373 -0.037959941869 0.07204302174 -0.037959941869 0.091824187639 
-0.04740429388 -0.1930591454 0.094394117057 -0.1930591454 -0.056249104041 -0.069764766392 0.094394117057 -0.069764766392 0.098325556451 
0.092736710329 -0.33970422349 0.061738157023 -0.33970422349 0.045484852604 -0.069359459414 0.061738157023 -0.069359459414 0.044754915601 
0.17720325468 -0.42569460931 -0.10335288201 -0.42569460931 0.089369251452 0.048230201632 -0.10335288201 0.048230201632 0.037834961355 
0.05526823458 0.0022805778102 0.084262259182 0.0022805778102 0.16582233259 0.079311333473 0.084262259182 0.079311333473 0.16345507152 
0.054861548065 -0.010958419168 0.083185472471 -0.010958419168 0.22668195613 0.066803743525 0.083185472471 0.066803743525 0.15981612538 
0.0029084398887 -0.0021914822647 0.012297210909 -0.0021914822647 0.32455569157 0.027257264323 0.012297210909 0.027257264323 0.029013303749 
0.046627901192 -0.02139958248 0.066210347758 -0.02139958248 0.31142375771 0.014902579485 0.066210347758 0.014902579485 0.10391819489 
0.022899641297 -0.012569843272 0.030332278855 -0.012569843272 0.36676161858 -0.0034317151007 0.030332278855 -0.0034317151007 0.04178449878 
-0.024310092874 0.0098803641866 -0.017615658224 0.0098803641866 0.35735681186 0.039744967953 -0.017615658224 0.039744967953 -0.0078502606288 
-0.054927772571 0.0361750488 -0.036661269315 0.0361750488 0.34776341895 0.054320417353 -0.036661269315 0.054320417353 -0.021747093936 
-0.029411250267 0.046541088366 -0.018059407526 0.046541088366 0.33146302826 0.056623619126 -0.018059407526 0.056623619126 -0.0080584279122 
-0.021897323797 0.029425288942 -0.011656625374 0.029425288942 0.34109264038 0.093647021624 -0.011656625374 0.093647021624 0.015914890239 
-0.0069283943705 0.053113998151 0.00033273293994 0.053113998151 0.30729325184 0.073611607407 0.00033273293994 0.073611607407 0.010164810313 
0.0047983471669 0.062095645843 0.0085129373955 0.062095645843 0.2767143572 0.064633727279 0.0085129373955 0.064633727279 0.013433172363 
0.048892326105 0.07749845183 0.03240152152 0.07749845183 0.20901735546 0.053854312233 0.03240152152 0.053854312233 0.023690276826 
0.11352597201 0.077804872646 0.047745348317 0.077804872646 0.13561226952 0.024289967163 0.047745348317 0.024289967163 0.022364082748 
0.14757386685 0.076144627489 0.071871126858 0.076144627489 0.10196344351 0.027152284095 0.071871126858 0.027152284095 0.038194304771 
0.18499890924 0.062859428862 0.091554265669 0.062859428862 0.075410768838 0.017506478517 0.091554265669 0.017506478517 0.050293455938 
0.2243112731 0.075319335651 0.1343871517 0.075319335651 0.043279440208 0.043631483277 0.1343871517 0.043631483277 0.083919130782 
0.23228093273 0.06361722328 0.11766418196 0.06361722328 0.034451037396 0.030982437537 0.11766418196 0.030982437537 0.06212467935 
0.22758028822 0.023081622033 0.1287350204 0.023081622033 -0.014810904275 0.021173175373 0.1287350204 0.021173175373 0.073128372463 
0.13505945173 -0.021705677424 0.14958907578 -0.021705677424 -0.067131020736 0.019608881034 0.14958907578 0.019608881034 0.13912605787 
0.18006538972 0.0011733247986 0.18350555236 0.0011733247986 -0.068604568986 0.047077059017 0.18350555236 0.047077059017 0.15866925631 
0.20262908951 0.020398995478 0.17657363851 0.020398995478 -0.044653180249 0.047567078408 0.17657363851 0.047567078408 0.1462971488 
0.061369506296 -0.072016580825 0.10081891831 -0.072016580825 -0.078494532242 -0.02196387322 0.10081891831 -0.02196387322 0.10874633504 
-0.030788688983 -0.12861347901 0.075074763926 -0.12861347901 -0.11016891993 -0.035116407299 0.075074763926 -0.035116407299 0.099729954459 
0.16547799952 -0.39053925584 -0.17498880797 -0.39053925584 0.028898820126 0.084087455564 -0.17498880797 0.084087455564 0.06384460124 
-0.001380202039 -0.0016394127612 -0.00079188133809 -0.0016394127612 0.38442612004 0.021257405336 -0.00079188133809 0.021257405336 0.0038255425571 
-0.047364786405 0.023541021669 -0.036462326886 0.023541021669 0.35749702811 0.066747628775 -0.036462326886 0.066747628775 -0.021733023287 
-0.0169187171 0.0092799000834 -0.016759271874 0.0092799000834 0.35739961977 0.086864764162 -0.016759271874 0.086864764162 0.0040050214224 
-0.02476205173 0.017515010715 -0.018664044008 0.017515010715 0.35050871154 0.10605429965 -0.018664044008 0.10605429965 0.015472891654 
0.0028620397122 0.025826638515 0.014497438924 0.025826638515 0.3087283139 0.12663097714 0.014497438924 0.12663097714 0.073922310707 
0.0061662249869 0.009012665213 0.012503694092 0.009012665213 0.32822611129 0.14208011466 0.012503694092 0.14208011466 0.077213873756 
0.013747413377 0.042164718791 0.029383472525 0.042164718791 0.27554025152 0.12835961887 0.029383472525 0.12835961887 0.084645058636 
0.029490019963 0.062895448474 0.038733454068 0.062895448474 0.24509422686 0.096735602542 0.038733454068 0.096735602542 0.062733218499 
0.078578972934 0.085878092879 0.052481239476 0.085878092879 0.16940266409 0.057634046079 0.052481239476 0.057634046079 0.038212026513 
0.18300881214 0.08503574196 0.14714278067 0.08503574196 0.0647941648 0.072308913384 0.14714278067 0.072308913384 0.13311990162 
0.15132234246 0.091134251889 0.11869861009 0.091134251889 0.093851166304 0.074000348194 0.11869861009 0.074000348194 0.10286892527 
0.19728623261 0.095914104627 0.17711444993 0.095914104627 0.049841110881 0.09282341927 0.17711444993 0.09282341927 0.17544767448 
0.21184113756 0.088604486385 0.17579588475 0.088604486385 0.035620313059 0.08079312389 0.17579588475 0.08079312389 0.16246594963 
0.22106474981 0.074236776995 0.17490163894 0.074236776995 0.012357118746 0.067996943895 0.17490163894 0.067996943895 0.15205389501 
0.22000531178 0.063869394837 0.18736867318 0.063869394837 -0.0115565214 0.065974292133 0.18736867318 0.065974292133 0.16583030442 
0.14799571785 0.055052800336 0.19320809341 0.055052800336 -0.02181495196 0.095644690238 0.19320809341 0.095644690238 0.25602884614 
0.11890827364 -0.017314262419 0.13682315566 -0.017314262419 -0.052455761557 0.0079446100066 0.13682315566 0.0079446100066 0.14612265762 
0.15445740792 0.026608376252 0.17964351203 0.026608376252 -0.043941629177 0.061980647709 0.17964351203 0.061980647709 0.20125739164 
0.036761630345 -0.074976090345 0.094046973546 -0.074976090345 -0.10539135642 -0.016957217758 0.094046973546 -0.016957217758 0.12173172862 
-0.0072483341859 -0.16375634146 0.081600529668 -0.16375634146 -0.09813166075 -0.071060819447 0.081600529668 -0.071060819447 0.10161698641 
0.02341339921 -0.075466584666 0.084657770998 -0.075466584666 -0.12282556882 -0.020597930945 0.084657770998 -0.020597930945 0.12950581768 
0.0889707375 -0.014938371787 0.12279824453 -0.014938371787 -0.051956174045 0.008806289643 0.12279824453 0.008806289643 0.16131687113 
0.092531591289 -0.23522033404 0.053245140438 -0.23522033404 0.0013332989694 -0.10016198799 0.053245140438 -0.10016198799 0.050620023895 
0.17739561953 -0.38332824294 -0.077193810835 -0.38332824294 0.066090651917 -0.001999999885 -0.077193810835 -0.001999999885 0.018025863909 
0.19252451806 -0.35940303268 -0.13825664431 -0.35940303268 0.039252513435 0.029105990268 -0.13825664431 0.029105990268 0.015816087001 
-0.0072451600513 0.0055739462694 -0.006963178432 0.0055739462694 0.34247896657 0.14000226988 -0.006963178432 0.14000226988 0.045642457131 
0.015760203521 0.0054145111481 0.02836450113 0.0054145111481 0.29567691367 0.16966731644 0.02836450113 0.16966731644 0.13814561229 
0.020351101859 0.017123593996 0.041079966005 0.017123593996 0.27169507969 0.16276962695 0.041079966005 0.16276962695 0.14733317054 
0.034526061588 0.042174514215 0.064506425596 0.042174514215 0.23811435468 0.13864563951 0.064506425596 0.13864563951 0.14281159678 
0.052874983791 0.068537094246 0.067856023698 0.068537094246 0.20588669569 0.1020390275 0.067856023698 0.1020390275 0.10068290463 
0.05413770889 0.068036004218 0.082253265024 0.068036004218 0.15997680269 0.13180095187 0.082253265024 0.13180095187 0.16301639252 
0.041592744189 0.050469711222 0.083653370446 0.050469711222 0.18881585939 0.14268408673 0.083653370446 0.14268408673 0.18821655393 
0.10080901272 0.08517043335 0.090870333114 0.08517043335 0.12976659229 0.086960018227 0.090870333114 0.086960018227 0.10553572033 
0.078661092797 0.074892814795 0.11745059188 0.074892814795 0.10309992384 0.13406327045 0.11745059188 0.13406327045 0.22633476951 
0.045265734958 0.061380360729 0.099790279595 0.061380360729 0.12169594646 0.15608684602 0.099790279595 0.15608684602 0.24305383877 
0.090703623354 0.077158060739 0.13287158364 0.077158060739 0.079307282274 0.13233309335 0.13287158364 0.13233309335 0.25081456025 
0.17513637309 0.097684495558 0.17869985424 0.097684495558 0.059917980864 0.10515482397 0.17869985424 0.10515482397 0.19725229594 
0.090179228793 0.07538684593 0.14806453075 0.07538684593 0.060301781811 0.13560271714 0.14806453075 0.13560271714 0.29149041655 
0.094135532985 0.076651281857 0.15812215423 0.076651281857 0.050528771043 0.13602576445 0.15812215423 0.13602576445 0.3107542399 
0.12153856747 0.061421866476 0.17070577638 0.061421866476 0.0066390500647 0.10751237619 0.17070577638 0.10751237619 0.29083081437 
0.12454465006 0.034234735854 0.16308720822 0.034234735854 -0.0062490525025 0.059840448389 0.16308720822 0.059840448389 0.22268501806 
0.094664224543 0.025703390658 0.1410730481 0.025703390658 0.01824760068 0.051951972853 0.1410730481 0.051951972853 0.22596824086 
0.075176781883 0.042868799457 0.13995578173 0.042868799457 0.031586425587 0.099545184038 0.13995578173 0.099545184038 0.30894294658 
0.055779578031 -0.0094570042977 0.10236435478 -0.0094570042977 -0.062688141601 0.021794094815 0.10236435478 0.021794094815 0.17771817668 
0.057920762868 0.02289111826 0.11712972343 0.02289111826 0.058821207225 0.084154935239 0.11712972343 0.084154935239 0.29556522161 
0.0357736769 -0.08905679877 0.078607733041 -0.08905679877 -0.097387502045 -0.058946401034 0.078607733041 -0.058946401034 0.12029666679 
0.055425749515 0.015821845721 0.10328405415 0.015821845721 0.027520395627 0.057118636314 0.10328405415 0.057118636314 0.23067708302 
0.22462045631 -0.25093139767 -0.039733849739 -0.25093139767 0.12241066141 -0.0093771074668 -0.039733849739 -0.0093771074668 -0.0067251709992 
0.03004338385 0.046026681148 0.081277492176 0.046026681148 0.14801591338 0.1682413896 0.081277492176 0.1682413896 0.2446151887 
0.03300445688 0.049581947717 0.1020853708 0.049581947717 0.078044183152 0.15679988729 0.1020853708 0.15679988729 0.31922738128 
0.036769983725 0.052152368916 0.11293600363 0.052152368916 0.057589158275 0.14927574279 0.11293600363 0.14927574279 0.34013333955 
0.10783804794 0.079111706434 0.16917962156 0.079111706434 0.04145172665 0.13095801057 0.16917962156 0.13095801057 0.30954966749 
0.036089132305 0.051352073835 0.11658135124 0.051352073835 0.041113853715 0.14352798326 0.11658135124 0.14352798326 0.36101784599 
0.12522275693 0.081587348356 0.17986022233 0.081587348356 0.026973616196 0.12518920575 0.17986022233 0.12518920575 0.29779676478 
0.04175849506 0.053758672722 0.12687074237 0.053758672722 0.032948134921 0.13965960881 0.12687074237 0.13965960881 0.37048973338 
0.051187456627 0.060235932795 0.13911173656 0.060235932795 0.02381960046 0.14238433485 0.13911173656 0.14238433485 0.36843247793 
0.13466418601 0.076121853368 0.18640888525 0.076121853368 0.01864199273 0.11367367974 0.18640888525 0.11367367974 0.29251289215 
0.069699220105 0.066359855894 0.15890968111 0.066359855894 0.022016395069 0.13724868997 0.15890968111 0.13724868997 0.35842601591 
0.055130163798 0.044029154629 0.12678439356 0.044029154629 0.029458031138 0.11490440362 0.12678439356 0.11490440362 0.34182841947 
0.065434198235 0.056545435398 0.15492877259 0.056545435398 0.031894396711 0.1243462585 0.15492877259 0.1243462585 0.36225198008 
0.034663744076 0.037687801291 0.10879223033 0.037687801291 0.032542805157 0.11908141656 0.10879223033 0.11908141656 0.36093982029 
0.027352700682 0.011971973957 0.0862595809 0.011971973957 0.062316522627 0.096354513926 0.0862595809 0.096354513926 0.33276123768 
0.025819202685 0.021430318277 0.091842027972 0.021430318277 0.045072977274 0.10347228262 0.091842027972 0.10347228262 0.35452116835 
0.041769699693 -0.01051917819 0.086333675603 -0.01051917819 -0.067709129102 0.013172460795 0.086333675603 0.013172460795 0.17280286036 
0.023176150222 0.014543338409 0.061929793043 0.014543338409 0.013920698526 0.070893630005 0.061929793043 0.070893630005 0.22129309891 
0.044242760317 0.0089766675384 0.097374974277 0.0089766675384 0.074370823487 0.075786735241 0.097374974277 0.075786735241 0.27863874833 
0.026372827368 -0.003623740182 0.07158727274 -0.003623740182 0.080919053083 0.083119875214 0.07158727274 0.083119875214 0.30276628903 
0.18053957178 -0.2676042848 -0.018952265115 -0.2676042848 0.086061806434 -0.053025796395 -0.018952265115 -0.053025796395 0.0057697257352 
0.07920658384 -0.088670257565 0.07979934665 -0.088670257565 0.0094236420478 -0.063438468459 0.07979934665 -0.063438468459 0.10318849958 
0.020573537312 0.0037958168947 0.059266124454 0.0037958168947 0.069469001023 0.084174871492 0.059266124454 0.084174871492 0.26069436778 
0.037684298071 -0.020890514435 0.06055707388 -0.020890514435 0.060583407414 0.032359980729 0.06055707388 0.032359980729 0.18613786898 
0.010855865729 -0.0099536037545 0.026335994695 -0.0099536037545 0.078407937704 0.076980565938 0.026335994695 0.076980565938 0.22205790964 
0.14195944899 -0.13400115522 0.046300627347 -0.13400115522 0.14475988434 -0.015598006615 0.046300627347 -0.015598006615 0.081004377904 
0.1788393659 -0.16196910593 0.02309190055 -0.16196910593 0.17565944289 0.01706726871 0.02309190055 0.01706726871 0.075959632325 
0.067109644249 -0.08031135086 0.043087932111 -0.08031135086 0.16055770589 0.038953356462 0.043087932111 0.038953356462 0.17763525787 

Principal_Strains 3 1000 double
0.35663379233 0.073425008253 -0.0052398661725 0.57439546765 0.11091228099 0.038771960322 0.46120253819 0.070722569103 0.023053383165 
0.15144096896 0.07439734246 -0.00095757753725 0.30831257701 -0.00020727385941 -0.061630517963 0.29182618545 6.4061961557e-05 -0.0342211717 
0.43370701511 0.046899919378 -0.0043024728423 0.54069326813 0.17597447891 0.031025473063 0.50136272489 0.13329747406 0.010317432864 
0.44048707655 0.0090640674585 0.00064970141906 0.50053316759 0.16638157529 0.020911923942 0.57197824937 0.11314987202 0.021718557083 
0.36834649236 4.9010925113e-05 -0.01811646025 0.28939935008 0.0019729775871 -0.066374255306 0.57957224226 0.062985233024 0.024392774436 
0.40910665137 0.10974346724 0.0073782595391 0.57186824226 0.039433947897 0.0034131768977 0.41384897351 0.030813155459 0.026230297821 
0.26406674067 0.042170068064 0.0001776552014 0.57682873944 0.038104472799 -0.024332266051 0.44127368459 0.022664467525 0.0052628666506 
0.60320116441 0.02768180399 -0.047996034174 0.29570390681 0.015234531054 0.00012204276087 0.40036965282 0.013794255668 -0.012883334489 
0.28846950145 0.0015490484673 0.00020908319124 0.54337769238 0.013308880744 -0.091858330929 0.54651624199 0.027971227368 -0.06283430518 
0.5910258963 0.010073094428 -0.10463115967 0.35867403028 0.0027646657745 -0.025506956743 0.58364260146 0.023075008039 -0.099712921437 
0.41147222863 0.0086678295525 -0.055946745293 0.42430328554 0.010942470094 -0.094864520113 0.58110576848 0.024764210184 -0.12799890929 
0.37719264188 0.010387271863 -0.12675092922 0.57622471666 0.019382554742 -0.15622873556 0.26320079182 0.00012462160498 -0.097308116812 
0.19563266929 0.00019860666508 -0.13142829 0.27750865664 0.0043503282114 -0.15401307753 0.13688518894 -0.0011974966954 -0.14447664759 
0.12571928102 -0.00035075804831 -0.16307164393 0.53373920069 0.18990462373 0.0044310555257 0.50629928637 0.23849196808 0.014360086536 
0.48774724741 0.27045319858 0.029528953182 0.49469773762 0.093707270627 0.0016426476161 0.36364975457 0.23700449468 0.010946768282 
0.3990163017 0.01200133325 -0.0010318912725 0.38968262838 0.0054545967166 -0.04782300462 0.48718187778 0.0075125169998 -0.072335141674 
0.52664669985 0.0088694758779 -0.12935679687 0.59218945974 0.012595478395 -0.15377408187 0.63535309249 0.020674941787 -0.17450638082 
0.53572858762 0.014219513181 -0.17536229913 0.62880926371 0.028347042351 -0.18820287325 0.49006634367 0.012291115741 -0.18223243586 
0.24822872217 0.0020936371646 -0.17061427847 0.2322896819 0.0016277717355 -0.17130969693 0.12654622765 -1.5217647161e-05 -0.16574736049 
0.53316231023 0.23837513988 0.0038513023361 0.47791694067 0.27776415354 0.00081224936949 0.4978902704 0.32045747169 0.012030736686 
0.47943837448 0.33822287221 0.008835390646 0.43648809727 0.37575179565 0.022807236333 0.33783046004 0.25848656044 0.0070971777285 
0.21905182094 0.1594149895 0.0014512919738 0.21824014812 0.018634852509 -0.00070267374735 0.28395937654 0.00090533315893 -0.089890331656 
0.31589596394 0.0014184197021 -0.11014362192 0.41716489341 0.0018739885815 -0.12123788366 0.39566508609 0.0020036281107 -0.15250328243 
0.49265336376 0.0068100041855 -0.1791004984 0.54921098953 0.015254124829 -0.20018544959 0.63620924134 0.024439003227 -0.1978561467 
0.44237817716 0.0067842878629 -0.18696711102 0.21780538548 0.00026274211082 -0.18693461708 0.13345926283 -0.00030956956315 -0.17061647297 
0.49125966318 0.35306636739 0.010398173861 0.51324082373 0.37628377251 0.018963757847 0.44061856662 0.22879259559 0.008361472699 
0.24621102303 0.081467846553 0.0001025243604 0.18850254679 0.00068787416352 -0.022434100464 0.22351907194 0.00054945955784 -0.063009967982 
0.19231078219 0.0002987368003 -0.094343610655 0.17274438192 0.00016150016799 -0.11629644629 0.23477386124 0.00028070726048 -0.13102675016 
0.31007509796 0.00043745163008 -0.13590878832 0.61829202201 0.017289289931 -0.21000480982 0.61044859757 0.035277839853 -0.20572090056 
0.63103174286 0.036353685786 -0.19962855601 0.4302871289 0.0069971385183 -0.20250690096 0.57942979095 0.022207232066 -0.15916227802 
0.32288281183 0.0020395710324 -0.17704194495 0.22512021053 0.00020347587495 -0.21377545504 0.15525661311 -0.00067077392232 -0.20046815222 
0.37354259288 0.0070717832818 -0.11567159016 0.20954005441 -0.0015107068517 -0.14865952553 0.49309948914 0.28512060261 0.00032559156075 
0.57865288631 0.22938092589 1.7255292547e-06 0.63515870484 0.27577238912 0.016805390333 0.66491333058 0.31158432215 0.016922755653 
0.59200110617 0.2225060277 0.0093214549117 0.32897430351 0.033130198367 -0.00085152615661 0.43486849278 0.040059154153 -0.00078795334072 
0.16743084877 0.00011842218715 -0.09047384336 0.15456949475 0.00010211525395 -0.12739953808 0.22597513524 0.00013538820664 -0.1503402367 
0.25100710615 0.00058540732705 -0.17042539306 0.29294023552 0.0016974975574 -0.19555843511 0.33687286726 0.0043955621684 -0.21392813818 
0.45613266437 0.021054855869 -0.21764482466 0.44077381869 0.014838960495 -0.1936129789 0.60104128416 0.023124167107 -0.16007443635 
0.63007973843 0.021703207477 -0.11802517094 0.40685824788 0.0091648756284 -0.077044387595 0.22174486756 -0.00032841940776 -0.08769970736 
0.83436654386 0.21067529545 0.010437441318 0.76877165335 0.21757064625 0.036500218833 0.33024679028 0.00057668583983 -0.11303350257 
0.23706947926 -7.9895718567e-05 -0.095531097461 0.17861139917 3.9374727486e-05 -0.12625330865 0.14235415865 3.7203392962e-05 -0.12615068921 
0.11287204914 -2.2760309375e-05 -0.13685146802 0.08862600136 -2.781936592e-05 -0.14124370935 0.10011405457 -4.2231851081e-05 -0.1391379558 
0.1334331883 -6.8183638829e-05 -0.1425297778 0.10732538834 -0.00016621433084 -0.15672672122 0.11897902722 8.3914596956e-05 -0.18010004848 
0.12572844894 0.00011418220482 -0.216604696 0.14577093269 0.0001226041263 -0.21424889942 0.49127674903 0.022490211074 -0.14045013304 
0.60488678634 0.021881822532 -0.09319414948 0.54186040595 0.012272867451 -0.060328682078 0.33109306675 0.0061325287278 -0.042757411114 
0.2139477709 1.4646624496e-05 -0.057924318196 1.0170372986 0.12897256586 6.2436648332e-05 1.1234413097 0.090792278466 0.0011980527256 
0.95047778531 0.14600569887 0.053977031145 0.68288858901 0.10459365094 0.0098786991471 0.55851614962 0.090783440788 0.0033577497551 
0.26048643907 -0.00011858319968 -0.18436061361 0.19426789699 -7.0199075332e-05 -0.17872847895 0.14863186072 -6.6945183281e-05 -0.17025414475 
0.10769265276 -0.0001045207621 -0.17378699082 0.069902122345 -5.5427125266e-05 -0.14348194225 0.028355891199 -0.00024095913436 -0.14826796185 
0.11940902521 7.131500802e-05 -0.20370080869 0.22250792978 0.0019697764392 -0.18180964226 0.16523521797 0.00089192535899 -0.16061959269 
0.34239842776 0.012224919566 -0.10909864794 0.50817146443 0.018053579717 -0.064462930547 0.21189672177 0.00030789701108 -0.032229470062 
1.2848184038 0.013474365309 -0.054321119116 1.1255897217 0.057235878157 0.035912582125 0.84258935689 0.044734588811 9.6597343519e-05 
0.48197780212 0.0024136551725 -0.090415601567 0.42194152506 0.0024332976373 -0.10683902576 0.34169341984 0.00092021272368 -0.19871182348 
0.21879083468 -8.8943887724e-05 -0.21764733601 0.17409360953 -0.0001404890176 -0.21247882967 0.13138679124 -0.00016560713132 -0.20599481833 
0.070109181043 -0.00011293723035 -0.17048654936 0.035793904914 -0.00014534237495 -0.16609195065 0.027510079608 -0.00018500916319 -0.15184254908 
0.017429325371 -0.00039811165587 -0.15030834449 0.017324848802 -0.00017391744241 -0.1644912728 0.017671975019 -0.00019406976779 -0.18812323555 
0.0075446372284 -0.0002854076876 -0.20550224391 0.0049859056217 -0.00024490782125 -0.21279671281 0.022568116768 -8.6525756144e-05 -0.20550599197 
0.16406986422 0.00093376793103 -0.087785472777 0.5053252024 0.016120054364 -0.034062429269 0.34570939183 0.0085226110703 -0.017784737813 
0.26564410979 0.00090940805888 -0.017731038587 1.1148592412 0.039731023604 -0.10879182693 0.70070240547 0.0083723168894 -0.14352189493 
0.52753030632 0.0024609679856 -0.099500403465 0.41169850912 0.0027900825018 -0.21169456211 0.0892898959 -0.00015016524604 -0.19745782756 
0.0068902697995 -0.00010811420573 -0.17087922638 -0.00010771604801 -0.010152438093 -0.1620458247 -0.00015100827551 -0.025612772864 -0.15595634765 
-0.00012149204176 -0.034777110258 -0.15643469169 -6.4039441694e-05 -0.029882172658 -0.17315947628 0.011149181507 -0.00020714943973 -0.19320692007 
0.036843639321 -0.00034385372288 -0.15548624807 0.34138065873 0.014008714496 -0.038418175394 0.45692069795 0.015342792285 -0.0079439234884 
0.36393652507 0.011461334672 -3.0753441838e-06 0.3119450478 0.00051550777449 -0.0079264172875 1.3162681977 0.0031218611597 -0.20368013147 
0.46507431594 -0.00026554712271 -0.23261377582 0.43770563119 0.00048589101165 -0.22723396672 0.35280127984 0.0012993892837 -0.24673446381 
0.27437948332 -3.3121783135e-05 -0.23302930386 0.21163707013 -0.00010965219827 -0.23288685457 0.16610445035 -0.00012403156571 -0.22231667595 
0.12137578662 -0.00012108034276 -0.209930255 0.052830088785 -0.00012141861422 -0.18913328636 0.081449392755 -8.1394236622e-05 -0.2005894195 
0.025197630444 -9.7208135269e-05 -0.18227050799 -0.00010618836046 -0.037273767648 -0.18809616038 -0.0001183903267 -0.0342927345 -0.20293837132 
-0.00013384665243 -0.034556920656 -0.20383431454 -0.00010481430825 -0.033755039833 -0.19712151802 5.1885886236e-05 -0.006654897955 -0.17493805675 
0.057363221889 -0.00057950780834 -0.099351285829 0.29893754543 0.0082516233613 -0.0055646494379 0.3930669154 0.018015301672 0.0061633613635 
1.2565845824 8.8362529159e-05 -0.26177779324 0.98646863031 0.042106720964 -0.22347468213 0.59898107333 0.0085351194231 -0.23076724276 
0.4037894088 0.0028560426616 -0.26571052213 0.30063052732 6.3791984647e-05 -0.25297432538 0.24430013828 -0.00014052623858 -0.24134305241 
0.19832871791 -8.0939044449e-05 -0.22528507897 0.058857905128 -0.00011358378487 -0.18683030318 -1.9463395219e-05 -0.00077800221905 -0.17228984205 
-0.00010655620041 -0.023369594125 -0.16574499263 -0.00017316705833 -0.034766494785 -0.1609608257 -7.1500173464e-05 -0.048339168935 -0.16630033984 
-5.1643537303e-05 -0.043208006252 -0.18923359437 -4.0580973493e-05 -0.040395846135 -0.19563149773 -0.00015278786757 -0.03815117323 -0.19748624656 
-0.00019570260107 -0.024795538514 -0.20382729844 0.13669748785 0.00053170238625 -0.044653938727 0.35644645089 0.016671965914 0.0025237774077 
0.32976268054 -2.8351657304e-05 -0.015439793438 0.65779031867 0.0097124052638 -0.27140938317 0.43050602163 0.00046476457484 -0.29040528331 
0.41393185893 0.00046757664057 -0.28416752833 0.34909856068 0.0013624160549 -0.26425442256 0.27718390378 -6.3081949628e-06 -0.24355474046 
0.1534809954 -5.2956567398e-05 -0.20823965907 0.1040948654 -4.5353637739e-05 -0.19475999188 0.029041704804 -6.4459871963e-05 -0.17482620183 
-7.5150024369e-05 -0.0071613601146 -0.16625535651 -5.5846112231e-05 -0.025709100266 -0.16140179831 -2.4736434414e-05 -0.043277320144 -0.17222295267 
0.0018590098227 -0.0001275566485 -0.19377534225 0.037658782245 -0.00039289617915 -0.13941911691 0.10596717964 0.0011189138499 -0.065288736569 
0.21475267668 0.0083152963923 -0.021940575614 0.31897904717 0.020379845981 -0.0012633393399 0.35948804712 0.01944609089 -8.9562464651e-05 
0.35637419321 0.00089086836244 -0.016712842486 0.39299623775 0.00022188229332 -0.0047817176221 1.1844686069 0.00037126989972 -0.29012172664 
0.95444820847 0.040971006464 -0.28138829104 0.395862751 0.0026918600162 -0.28698733082 0.22807781763 -8.8848361844e-05 -0.22047666496 
0.18845946808 -3.6592222553e-05 -0.19755607006 0.092857499413 -3.4732446301e-05 -0.16895787248 0.060762290193 -3.6864609276e-05 -0.16906795464 
0.050026090528 -2.3351452261e-05 -0.15816270818 0.019387562369 -3.5990302194e-05 -0.16378706479 0.0018258837125 -0.0001218624441 -0.15765381421 
-3.2579627753e-05 -0.028915707584 -0.17407921665 -8.2572219619e-06 -0.023850120114 -0.1799731224 -4.2021572391e-05 -0.026246645504 -0.18791006347 
-0.00023806419212 -0.015856965289 -0.19585678669 0.0039086123068 -0.00020899101753 -0.20618452139 0.029377284241 -4.1442646099e-05 -0.20135161955 
0.062509621899 -0.00019129357196 -0.17130884313 0.10721867779 6.323944113e-06 -0.12902833985 0.16743093518 0.0029331668395 -0.068145211452 
0.25665314115 0.017733836468 -0.011339010489 0.34192435713 0.037530293667 0.0086636197769 0.41763811976 0.027916978244 7.8617815908e-06 
0.88312899652 0.035678796478 -0.29123671754 0.54978980331 0.0089750374684 -0.29478325192 0.37593262339 0.00077534396 -0.30376611529 
0.38629021246 0.00036318808674 -0.30241255264 0.36341894381 0.0020006260341 -0.2663794964 0.29974517503 0.00046603562165 -0.24113403974 
0.24848558665 -4.8853271532e-05 -0.21346008223 0.14022814584 1.3133526203e-05 -0.17891639743 0.12480383645 3.3899584668e-05 -0.14927274944 
0.08709433947 -2.2912352429e-05 -0.14542334988 0.030269615701 -4.4337392951e-05 -0.15328252604 0.053148892056 -4.647867717e-05 -0.14270884511 
0.024694691221 -3.9620129988e-05 -0.15086434439 -1.7587064817e-06 -0.007907201552 -0.15917111255 0.0097015967317 -3.3844904015e-05 -0.16137653546 
-2.0272215408e-05 -0.003431937186 -0.17477550868 0.0027163821761 -0.00024258679156 -0.18032406306 0.016555600785 -0.00017730926466 -0.18955461904 
0.21347940733 0.023272413588 -0.012605639498 0.33745027236 0.058796909555 0.012529942386 0.45160724184 0.025827942217 0.003286862141 
1.0806707044 0.00094910704094 -0.29195165292 0.55215583267 0.0042979712602 -0.29463006161 0.36165031608 0.0015268906632 -0.30286371881 
0.34267970305 0.00014878158223 -0.30576764456 0.38272317007 0.0031616728311 -0.29047207987 0.36905486323 0.0033625876296 -0.26614730939 
0.31343339303 0.001472120814 -0.23330560723 0.21477813164 -1.93614099e-05 -0.18617153066 0.17387902751 3.5241600233e-05 -0.16264182492 
0.076743222928 2.2018766253e-06 -0.1362884315 0.054698964914 -8.6298963236e-06 -0.14483191132 0.048379933375 -3.244488483e-07 -0.14500081139 
0.022438651102 -4.1616384116e-06 -0.15859087106 0.036259912327 -5.9244040771e-05 -0.19866693007 0.060938708798 -5.9406584194e-05 -0.2010537655 
0.090598225694 -0.00018031296388 -0.19852191089 0.1212071586 -0.00021826876109 -0.18505350539 0.15338800922 0.00078011895233 -0.12061257823 
0.14253719529 -6.4664694536e-05 -0.15142236557 0.1724774555 0.031197703379 -0.011861587409 0.33105225911 0.062819755874 0.012072689346 
0.48572436419 0.028529666351 0.0079080141762 0.50263572954 0.00216925748 1.7844021103e-05 1.0071682574 -0.00012735205469 -0.28413307774 
0.75363725557 0.026502972172 -0.28608664314 0.36906482194 0.0034431293785 -0.28282791009 0.25891574005 7.5719661828e-05 -0.20375819766 
0.23051335443 -1.7094368527e-06 -0.17563231972 0.20133475577 2.1782734124e-05 -0.14696500337 0.15677427005 7.5677999454e-05 -0.12833328868 
0.11971648757 8.8834501044e-06 -0.12265664402 0.10529095312 4.5212475509e-06 -0.12075648051 0.094798444306 1.7345246975e-05 -0.12211581324 
0.076112518124 -1.1930247836e-05 -0.13123894252 0.10313843523 -1.6043266281e-05 -0.12007834073 0.082664263221 -2.2123843786e-05 -0.13390797394 
0.073317522305 8.4930859489e-06 -0.13728730203 0.032840322596 -8.3501247395e-05 -0.16003063383 0.039135791622 -0.00013346774871 -0.16370910701 
0.050720369858 -8.1590027992e-05 -0.17241447068 0.068743950332 -6.8052488054e-05 -0.18282882822 0.1153890571 -0.00045466479755 -0.21488804708 
0.13077336761 -0.00042474168549 -0.22167688289 0.12944335638 -0.00032069510785 -0.15699198752 0.12377084677 0.05118138074 -0.0070043915995 
0.32967600603 0.083518650913 0.011349511156 0.55520431754 0.028005167595 0.0091677872944 0.57270003429 3.1300129012e-06 -0.010734932249 
0.6649581484 3.862739426e-05 -0.02920638461 0.77016132652 0.01932533644 -0.29266408496 0.39640758225 0.0042970862233 -0.29650071379 
0.28950574499 0.0004362194223 -0.31057460678 0.35462858133 0.0044422017362 -0.24717005548 0.30633214991 0.0015064941374 -0.21709606042 
0.26216051453 0.00016661602405 -0.19467806323 0.23594063862 -3.1433120124e-06 -0.1683087801 0.18341405816 0.00015420048076 -0.1050348338 
0.14399448933 0.0001136765792 -0.10015488308 0.12739092251 8.6332941064e-06 -0.10529184929 0.13510597728 -9.5870816698e-06 -0.11022862353 
0.11097675619 4.6716190915e-06 -0.12501757955 0.075550593841 -1.5472738723e-05 -0.1376231885 0.076292674705 -9.3662244657e-05 -0.13641823622 
0.077405932969 -7.4685137138e-05 -0.13854109236 0.091967671631 -0.0001802626168 -0.19538347487 0.12961331934 -0.00035177269037 -0.23809640028 
0.12989551907 0.053179769816 -0.0040460603356 0.41135501327 0.06975715808 0.011979601837 0.62838328157 0.026282368864 -0.00038866811928 
0.76522069005 3.5912743878e-06 -0.047413037658 0.95188755222 3.3868079146e-05 -0.30255492511 0.43633306157 0.0050718750163 -0.29839233341 
0.26139937824 0.00076282290666 -0.31769372549 0.3235728975 0.00072043557812 -0.29921900709 0.35538679449 0.0036175871058 -0.26611759703 
0.33166015873 0.0031813526986 -0.22785615396 0.2195680182 -2.3035288699e-06 -0.13786719584 0.12990704781 4.7516352838e-05 -0.097370906994 
0.11742923606 1.1131338866e-05 -0.10544762574 0.14280024929 -1.1729266448e-07 -0.093747878445 0.13553337176 1.5762264068e-05 -0.11382235239 
0.13141266632 1.6016969493e-05 -0.11409540061 0.12662036699 -2.7198814611e-05 -0.11030634249 0.084733681827 -3.4989482147e-05 -0.1472629029 
0.098363743717 -8.1156624126e-05 -0.15885130745 0.11531118546 -0.00020632991579 -0.17172979678 0.12343129014 -0.00053967792755 -0.20218456671 
0.12613077287 -0.00044829216223 -0.23622034438 0.12397261434 -0.00012001354139 -0.23903665448 0.12988516337 -0.00053498029275 -0.1488941497 
0.12657840044 -0.00028324687075 -0.23002433698 0.38801242713 0.061810953892 0.010652477306 0.68190111144 0.037216889231 -0.010176297034 
0.855933604 0.00051678326839 -0.054427194973 0.75126864718 0.013040631666 -0.31658009206 0.44777171785 0.0052645375849 -0.31848582178 
0.24090876957 0.0010369149514 -0.32905317627 0.26628821997 -0.00018107293568 -0.31189609389 0.31780580272 0.0015717849156 -0.27949908825 
0.27892798973 0.0010466446157 -0.1901385183 0.24248720092 0.0001385163661 -0.1610173595 0.22900707523 -4.2234858422e-06 -0.13275473964 
0.21484013461 2.5002333675e-05 -0.1006619056 0.15704492001 0.00020496734126 -0.073163029831 0.14436414392 5.0067066786e-05 -0.082762285851 
0.15037952439 4.7044295617e-05 -0.079702316428 0.1746039233 7.1657990454e-06 -0.082230018731 0.16691586733 1.4568579761e-05 -0.098935280253 
0.11952365205 -4.9798103743e-05 -0.10567414012 0.11432135462 -1.78756462e-05 -0.10658816045 0.11505932906 -3.4197995755e-06 -0.11539072173 
0.12092205591 -4.9165706659e-05 -0.12466591899 0.12352139093 -0.00037745625708 -0.20392684733 0.12448424576 -0.00018740304302 -0.20559586793 
0.13776940061 -0.00029003434949 -0.14403556765 0.16615342588 0.0035783535681 -0.020685055119 0.44873409308 0.047611983312 0.0047020656592 
0.76345757468 0.044859154462 -0.0045185313954 0.93638729767 0.0053351423911 -0.019007784508 0.81124668643 0.0010599744407 -0.33679528301 
0.21413928507 -0.00027105545498 -0.32486360029 0.26807797199 0.00046356834802 -0.29068334966 0.33033993481 0.0031441439694 -0.24187555504 
0.29623926772 0.002042704104 -0.19704007931 0.25213877622 0.00052716127942 -0.15292495786 0.23228932507 4.9435870921e-05 -0.12592310872 
0.22738347576 1.080329968e-06 -0.10375297756 0.18704980596 0.00019845958207 -0.071273058642 0.15917686315 7.8688469173e-05 -0.057826568294 
0.15740773346 9.2266380185e-05 -0.068693484645 0.17301578018 2.7657049859e-05 -0.065354765836 0.2128630084 8.2642199371e-05 -0.066754051479 
0.18461090298 4.502673561e-05 -0.090531254462 0.18312328805 6.3402644526e-05 -0.084646604556 0.17180293791 2.9667766906e-05 -0.07698938045 
0.1576729811 3.6946604449e-05 -0.069151789645 0.12648879036 -0.00018212080258 -0.12654122899 0.12485929033 -0.0003912901046 -0.15924719956 
0.11984913196 -3.2056392816e-05 -0.22751301476 0.11672258575 -0.00012555631926 -0.20033475634 0.21207216237 0.00028662044606 -0.047412748829 
0.15364916693 -0.00012684487064 -0.13085847644 0.74074369588 0.050265319849 0.014167882262 1.0252724532 2.4552906516e-05 -0.016595139925 
0.51872110624 0.016114794885 -0.34372300256 0.23839725627 0.0026373581811 -0.34559949484 0.1721418145 -8.5263377333e-05 -0.34115081947 
0.30225495131 0.0018590237038 -0.25492810045 0.29592152287 0.0025337856887 -0.21143778904 0.21718506098 6.3683822009e-05 -0.075780049773 
0.16534297527 0.00023403221721 -0.047542739747 0.19401107844 0.00022715816707 -0.046613208143 0.17431542541 0.00010581078785 -0.042380872089 
0.17449176282 0.0001093587473 -0.051808759962 0.20293134135 4.6139820493e-05 -0.052501236273 0.22902297865 0.00010734900925 -0.060643503871 
0.2235842412 0.00012747122522 -0.051822704954 0.20840388916 0.00015537167985 -0.039699772732 0.14478933522 5.3535430386e-05 -0.069406886929 
0.1381418164 1.4558106557e-05 -0.07698539935 0.12055747985 -0.00035032322236 -0.14980282229 0.11096350289 -4.6997963019e-05 -0.19822304699 
0.13168765215 -5.6199270631e-05 -0.17600762642 0.11522370332 -0.00010601533453 -0.17836312194 0.18852058397 -0.00018592253732 -0.10313368416 
0.3746239792 0.012617373969 -0.0081108459723 0.79467399545 0.046633815789 0.0058815356338 1.0437065675 0.0078990474425 -0.0016859588483 
0.68542689734 -0.00069289010292 -0.36741543431 0.21844671938 0.0033416359229 -0.3547684758 0.14573734662 0.00078522060923 -0.35017684396 
0.17374045179 -0.00036658315597 -0.33050060976 0.21855377168 0.00025287499842 -0.30859863865 0.25997734097 0.001661865513 -0.26911250329 
0.27615673559 0.002040681248 -0.22308527127 0.26901283943 0.0005806262908 -0.18333384717 0.2664173425 0.0007405612228 -0.16409629136 
0.23425383781 0.00013356167014 -0.11692760846 0.24140937981 0.00042841873916 -0.125712237 0.22875400636 4.350342655e-05 -0.08820269347 
0.22194831579 9.0245438435e-05 -0.05305103771 0.17204426503 0.00030354718004 -0.02466298897 0.1670951922 0.00010034958566 -0.032735168533 
0.18910945607 0.00013307396757 -0.021924081084 0.19350599488 6.8925762589e-05 -0.033617599416 0.21654680804 6.3467781513e-05 -0.017352152646 
0.23103273952 7.4854451582e-05 -0.037675018588 0.25008630365 0.00011408547333 -0.036733082792 0.25908085003 0.00012943016271 -0.027846192158 
0.18925027883 0.00023049906138 -0.028764209038 0.1693302729 0.00026583954716 -0.028740494713 0.13598701627 -5.6112442175e-05 -0.081031245848 
0.13042078074 -0.00025401322484 -0.096680920272 0.11133645217 -0.00015807661967 -0.15413891051 0.13855307324 -3.2115083148e-05 -0.15094759865 
0.25137861381 -0.00015691366548 -0.07293793177 0.65767483184 0.042486650717 -0.0096700750328 0.56976459898 -0.0011202899662 -0.39564365764 
0.42778428355 0.016851778262 -0.37276075231 0.24925778009 0.00061465636717 -0.13977214669 0.22805931402 0.00015556559878 -0.085827695916 
0.22771945027 3.8454256282e-05 -0.063120573757 0.20275909516 0.00026408181143 -0.027429394193 0.1786118556 0.00046127006301 -0.0061132320407 
0.16824793513 0.00015711345411 -0.008621742035 0.18038278175 9.8241468621e-05 -0.015568614987 0.20297281077 0.0001344352446 -7.726084356e-06 
0.24510513756 0.000153146657 -0.0042364434537 0.27049091478 0.0001349744687 -0.0016238473476 0.25229713091 0.00020944956605 -0.016347895861 
0.2397605844 0.00057270483884 -0.0016102169571 0.15602294517 0.00019373442307 -0.035345039944 0.12238190902 -0.00024253791689 -0.098094163164 
0.1031784737 -5.7075147628e-05 -0.15496250465 0.11476014669 -7.5870337108e-05 -0.15435907638 0.17661397358 -0.00012248493996 -0.13506948998 
0.37771134781 0.0017226878003 -0.066733770716 0.75573611339 0.044107999418 -0.032522274751 1.0562516236 0.0035029962344 7.4112380119e-05 
0.20233721651 0.0014061566308 -0.36094834314 0.13706886134 0.00072301121731 -0.34469728736 0.17054089674 -0.0011909043418 -0.3322514596 
0.21764915661 0.00033057618058 -0.30377633663 0.23866986327 0.0020164478586 -0.27413427336 0.25008948159 0.0015198603945 -0.23247622412 
0.2549577307 0.00032585471741 -0.18556546314 0.22913893944 0.00052645847457 -0.090764422703 0.22371243945 0.00010398200597 -0.038352994976 
0.21111232665 0.00030774063748 -0.013631696966 0.17632083432 0.010502696521 5.041434324e-05 0.19161999189 0.0076155947479 0.0001611662768 
0.21811720418 0.019645775263 3.1233099223e-05 0.27541919542 0.0070187189338 0.00014095096803 0.27379742752 0.01675865893 0.00029378949332 
0.21951367499 0.010470221824 0.00052484735846 0.19433208015 0.0094537429279 0.00045356565516 0.14633436534 0.00015181094236 -0.041260367637 
0.13799577556 8.0782854886e-05 -0.044514701975 0.1267442635 4.8958291184e-05 -0.053478394139 0.1107826637 -2.6044584997e-05 -0.10418375766 
0.11833317024 4.4787691623e-05 -0.13462015631 0.1053761327 0.00016419590609 -0.10168708371 0.14675328212 -4.7527848233e-05 -0.14253170117 
0.2256485683 -0.00033367190331 -0.12960256075 0.52988855424 0.001830395345 -0.39431983973 0.36209250701 0.01120245007 -0.37675450411 
0.15939505912 0.0039163430091 -0.33491724244 0.22080129544 2.1511513045e-05 -0.30954680313 0.2461650261 -4.6524938053e-05 -0.19148052891 
0.25147446808 0.00024683027303 -0.14073052063 0.23301918657 0.00058640575477 -0.097546066347 0.21766351167 0.00013740731202 -0.053173833701 
0.2188903374 7.0272005307e-05 -0.02253336817 0.18618578274 0.0076646825347 0.00036373201588 0.16606836334 0.012177554124 0.00021156870198 
0.18350316765 0.035408977692 0.00013393520928 0.19977794564 0.032030929292 0.00012692129841 0.229792311 0.046220796345 0.00014366737285 
0.26000143333 0.025248964918 0.000126423762 0.27553843806 0.034444163743 7.7063263607e-05 0.28147660154 0.037896172523 0.00010269592002 
0.26798813499 0.030742120913 0.00057110486563 0.17307675539 0.0015086304313 -3.8589502865e-05 0.15965315359 0.00082061011821 -0.0001122940481 
0.11650042099 0.00033358213767 -0.045434545498 0.15642084796 -0.00014160315914 -0.13508966813 0.18243729972 -0.00017148865412 -0.15019172777 
0.21797040779 -0.00042007384225 -0.15512195821 0.37296103473 0.0014254068889 -0.09629573645 0.73028512146 0.036503975259 -0.057476639707 
1.0619582452 0.0020212346766 -0.018372425693 0.44156769958 0.0097750119871 -0.388852847 0.23872511709 0.0074591266097 -0.36436151717 
0.1831241713 -0.00082881830365 -0.32679762028 0.24341311677 0.0022202509934 -0.28450228313 0.23953905353 0.00072942485341 -0.2410674715 
0.26222921305 1.6691240017e-05 -0.14418485002 0.20919106257 0.00040443909143 -0.059826728657 0.19663641357 6.4319780375e-05 -0.033075821127 
0.21467949787 0.00037350739195 -0.0018533938322 0.16436498995 0.027302124736 0.00034230240197 0.16665451782 0.033253807104 4.3453448159e-05 
0.18641100227 0.062738065789 0.00016789064704 0.20465721161 0.057493345853 5.2093329327e-05 0.25419047916 0.061642006892 0.0002327364239 
0.2687978451 0.066825548246 3.7436493484e-05 0.28736085599 0.041963523498 0.00038615794754 0.24791122568 0.041758515747 0.00062469579735 
0.21612448027 0.037887033251 0.00055220984814 0.1436359921 0.00071917828118 9.9325922405e-05 0.12785694809 0.00018033429943 -0.10142307786 
0.11624909143 0.00048858841205 -0.046541787889 0.34245977118 0.00088187839751 -0.12289703858 1.0302642678 0.00016571489016 -0.050264798887 
0.5113185285 0.00011356540725 -0.37834466862 0.3633154401 0.016001106191 -0.36665835013 0.16354760009 0.00295862059 -0.34408223414 
0.25607824028 0.00013102155548 -0.31258421994 0.25127833478 0.00031095367898 -0.33295757786 0.25664578241 0.0002411800745 -0.24854977119 
0.25566459419 -0.00016082964171 -0.19642096587 0.24382540912 0.00059514819796 -0.10009423213 0.21548847254 0.00061765345092 -0.069988617037 
0.18714625845 0.00039587473311 -0.045665243583 0.20621656622 3.677162123e-05 -0.01186242461 0.207787896 0.0044256038852 0.00021214264959 
0.18948106535 0.016503117453 0.00053045440451 0.15867908323 0.051327283073 5.4671555189e-05 0.17058455095 0.060121045279 5.1873391601e-05 
0.1842639501 0.092259209029 0.00011867584977 0.20295256133 0.087899998018 5.7454094406e-05 0.22425371574 0.087922969805 0.00020818784344 
0.24358016538 0.095827530507 0.0001198947416 0.27928022093 0.058419093678 9.4565128211e-05 0.28723841344 0.055932577298 0.00069254367865 
0.29152746914 0.06005598003 0.00052548114884 0.26681147084 0.065661415337 0.00060654253878 0.1902403038 0.030240500205 0.00039836800492 
0.17372939493 0.032728817193 0.00048649055816 0.12967017037 0.008982142498 0.00046169621305 0.15133325463 -0.00015725984111 -0.11090884647 
0.19411831578 -0.00025355328912 -0.17089472946 0.17523666575 -0.0001417723595 -0.15369525476 0.35761778602 0.0015217608108 -0.15107461681 
0.70878202704 0.036826428847 -0.097710858616 0.19209657139 0.0084198221224 -0.3573944068 0.21126945567 0.0016640194443 -0.35382195054 
0.324502882 0.00016279411323 -0.32218553649 0.28666510192 0.001849174798 -0.29259276064 0.28982410477 0.00015886168513 -0.19896857523 
0.29058558388 0.00026592865622 -0.14979631225 0.26316180696 0.0007503155506 -0.10370467524 0.21324426064 0.0010504433896 -0.06503676416 
0.17610406676 0.00032999563453 -0.039504481164 0.17891023115 4.4643387185e-05 -0.024352694457 0.19117181183 2.0932164765e-05 -0.0089379546353 
0.1846481552 0.018477568521 0.00057794304413 0.16410472083 0.036150937523 0.00047686988843 0.16436167491 0.073032990152 1.2724524263e-05 
0.17171745424 0.08812825204 8.3488486351e-05 0.17524622894 0.12476240844 8.062275583e-05 0.19292294011 0.12225941224 0.00016276907868 
0.25854409975 0.084732372956 3.7874930187e-05 0.27296164188 0.06978553818 0.00012195586671 0.29439520535 0.077295609239 0.00055251478908 
0.23265121816 0.058802699355 0.00042871021406 0.20311222301 0.051012279319 0.0001920814634 0.15757746484 0.042607288741 0.00074629143911 
0.1205328966 0.010915534949 0.00020364628333 0.12718174953 6.7250957603e-05 -0.052308255432 0.13803653423 0.00010132917354 -0.12534675971 
0.61385708063 0.027725039837 -0.15021640811 0.98557748252 0.008654745894 -0.11387697324 0.45115493922 7.5254767944e-05 -0.32869082917 
0.28940485104 0.016403415028 -0.29416895299 0.3819648253 0.0012292807616 -0.29756467872 0.31388976375 0.00082104294799 -0.24946902815 
0.33258242447 0.00053091412556 -0.16026101056 0.30886162897 0.001423791799 -0.11577738232 0.24530505339 0.0010573502113 -0.075604835311 
0.1932344049 0.00046537386568 -0.052418890937 0.16857619144 3.3270670515e-05 -0.025661265861 0.19393561441 0.0023105717442 0.00018455553453 
0.17958781153 0.010867990298 0.00039278798966 0.16667295687 0.029186033628 0.00051465228618 0.16579352849 0.056859587955 7.2716041277e-05 
0.1753306824 0.087044713368 4.2804910462e-05 0.17144354346 0.11319553716 6.2003173298e-05 0.21306561283 0.12158855019 0.00018972428057 
0.23266151397 0.11217553543 0.00010280398018 0.25020175466 0.089847503673 0.00010643408945 0.28639807176 0.076118474314 0.00060941053404 
0.27349653532 0.085109576792 0.00017353390206 0.23842311004 0.071508279386 0.00029268033846 0.18339311562 0.056934223273 0.00036881646261 
0.13867624549 0.047452068787 0.00024074954268 0.16091849545 0.070382428118 0.0010686631802 0.12047619553 6.1232367454e-07 -0.065413831338 
0.14940610752 5.2693924552e-05 -0.16492729153 0.096785215994 0.015064628131 -5.6926932322e-06 0.26119421724 0.0013594378584 -0.17816400754 
0.99722395111 0.00078844371134 -0.15870151448 0.2011184704 0.0097347108356 -0.30902605069 0.31542493853 -0.0002915484914 -0.33965267335 
0.4025773559 -0.00085925902186 -0.32460199736 0.35549811478 0.0015048021145 -0.19115235467 0.28541212629 0.00066081048563 -0.084007164748 
0.22948383497 0.00061572115222 -0.055263949955 0.16529004376 0.00013843894994 -0.04094962273 0.17867401625 3.6090951895e-05 -0.01581294984 
0.18042944182 0.00032765673541 -0.0089851963973 0.18162071122 0.027466180945 0.00024928034647 0.19150102157 0.056890826111 3.7127496403e-05 
0.17540223173 0.12656255465 4.5060280544e-05 0.1596170151 0.15315605755 0.00012800619727 0.18204930972 0.14557866019 0.00021080455966 
0.20442582977 0.13306660176 0.00015556670566 0.22535393194 0.11138778602 0.00016423277724 0.26465120565 0.078823732496 0.00015719585825 
0.27465838315 0.089647033242 0.00050329813114 0.28660367619 0.096216421349 0.00042063743934 0.26583916165 0.095426092166 2.2329825982e-05 
0.20521922954 0.062134110586 0.00013673271348 0.18450250884 0.070074569609 0.00043251096394 0.11531690761 0.064432035529 0.00025974677799 
0.099772559528 7.5439576631e-05 -0.087108051299 0.088821959699 4.6278519486e-05 -0.029638707562 0.18525146454 0.00034301029553 -0.17932661541 
0.11369163854 5.0575061648e-06 -0.14015201094 0.44081085862 0.0068661866629 -0.19295117657 0.81005654618 0.043131987282 -0.17210130655 
0.91978699899 0.0002091450847 -0.20489136663 0.38296771448 6.6796614933e-05 -0.18477397658 0.19811230678 0.053465155649 -0.095289988089 
0.30252615879 0.00018252865188 -0.22392515901 0.46198310574 -0.0041112696345 -0.22201549895 0.49358324125 0.003736983685 -0.24349743243 
0.41354628522 0.0046005675728 -0.22358404292 0.44513772254 0.0038187527533 -0.14758444933 0.38694364004 0.001884813715 -0.13955974838 
0.35034015742 0.0015273129509 -0.10161771079 0.30175146168 0.0026392377041 -0.055090614949 0.18079178905 0.00033427491994 -0.041039498413 
0.15803478927 4.5500517351e-05 -0.04234051556 0.1616765342 9.9378769383e-06 -0.034442111602 0.17249670267 4.80534324e-05 -0.030657111818 
0.17551334481 0.0009320636193 -0.00030469109031 0.19456430106 0.089018421026 5.7635783041e-05 0.20080129742 0.10480025764 8.6534735251e-05 
0.18833176091 0.1319773969 0.00013140636988 0.19175362002 0.13442547193 0.00016369318644 0.24380679216 0.091936798287 0.00021341861278 
0.25555534463 0.092082934137 0.00050017607458 0.26732492142 0.10565294735 0.00051726956362 0.2319069498 0.07120914736 0.0002970003321 
0.16637743748 0.078224373373 0.0011726504284 0.14017971577 0.075439677349 0.00040661879003 0.075395088055 0.019817427708 2.4309362308e-05 
0.093457485803 0.064319229285 7.1270775576e-05 0.089746599042 -1.3730574053e-05 -0.10711766162 0.076305833012 2.832790192e-05 -0.049601923496 
0.31404937331 0.0038043525154 -0.20017100647 0.64991883705 0.050594635853 -0.21255078344 0.2799275975 0.18776504989 0.00011764930222 
0.39682433507 0.048698306065 -0.024557317745 0.5099584129 -0.00014159575423 -0.25155675071 0.45517486247 0.0090073764534 -0.070810705494 
0.40357180723 0.0073953988076 -0.041433175119 0.3728230184 0.008317274968 -0.015126798438 0.22777330136 0.0026569384958 -0.02008177818 
0.17664212397 0.0034196510165 -0.0072538853514 0.15973630721 -3.6729900268e-05 -0.048392807955 0.18047043586 0.00027580008331 -0.031260459765 
0.18609316336 0.00045325946864 -0.034179925625 0.19673160484 0.00042703834388 -0.015639372224 0.21257852616 0.010750359059 2.5609974553e-06 
0.2206768204 0.038837326051 0.00010025229599 0.22932921834 0.053190727481 8.204216341e-05 0.21604782941 0.093520379116 6.0821059338e-05 
0.20362619875 0.12332133274 0.00016665867546 0.2226870868 0.10525167158 0.00019206863125 0.23924370084 0.09694307082 0.00056092577952 
0.25889929632 0.10087120891 8.1860573024e-05 0.25104628505 0.080328343858 0.00013910494893 0.20286205204 0.065285346175 0.00010576766967 
0.17758666057 0.073259139168 0.00043547736468 0.15142999814 0.037484622976 0.00034322175968 0.16473439588 0.064795935927 0.0013193374796 
0.134309876 9.7626265287e-05 -0.16139147601 0.092291981903 9.0972993149e-06 -0.031797302688 0.11899236087 0.009994132308 2.8582362497e-05 
0.85258174924 0.00077392315157 -0.2197415553 0.59732539353 0.013890296903 -0.042479509235 0.61513995311 0.012643169099 -0.10786660017 
0.59759375019 0.013802067907 -0.13897141345 0.53321786602 0.017005074894 -0.12377019387 0.53376882334 0.007249934298 -0.056740265109 
0.5827111134 0.00010884235368 -0.030460589082 0.53214189673 0.00098338809135 -0.023465990719 0.47317320942 0.00027957141884 -0.019966783079 
0.42673016286 0.00091345018046 -0.0067599617368 0.31386790609 0.016965455033 -0.0018574468511 0.25497808573 0.046152509008 0.0031915392474 
0.15528596321 0.00056724641697 -0.024426134157 0.19188408672 0.079972770495 0.0026173398519 0.17471574506 4.5493879726e-05 -0.053850273169 
0.18947709884 0.00050008619194 -0.064146249378 0.20885437486 0.00055864862126 -0.054301436014 0.23063675125 7.2650113423e-05 -0.038126347617 
0.24483437012 0.00020230066371 -0.016047869597 0.25681201239 0.001443063964 -0.00076195999601 0.23769028827 0.054762557568 7.7167876515e-05 
0.20899647263 0.10410732809 8.1985202469e-05 0.20405558875 0.10844288791 7.82719795e-05 0.20814620349 0.10475971529 6.1828046094e-05 
0.24854843568 0.10484030136 0.00079011872158 0.23039704231 0.060343139615 0.00031930485525 0.1988895859 0.062071801099 8.5993201967e-05 
0.099573260654 -1.7541593303e-05 -0.12519737535 0.088662544666 -1.8672313469e-05 -0.082845913803 0.21903782266 0.00097209070415 -0.19595742123 
0.42341479012 0.0070179989086 -0.22010524827 0.67433140755 0.039771987106 -0.23032075512 0.78768877241 3.9461605861e-05 -0.24294470416 
0.57988430738 0.093768819785 0.010498650176 0.6879682086 0.0036043348028 -0.0013722888949 0.66930710561 8.9845418885e-05 -0.058084099866 
0.6251660633 0.0010293706225 -0.07555134189 0.38619572025 0.0063419951255 1.9919273773e-05 0.33663106247 0.033579076292 9.073545838e-05 
0.29717320554 0.062042656384 0.00024585027634 0.15447968877 0.024798497782 -0.00091749841158 0.16228705457 -0.00017290692446 -0.055956124509 
0.17813941708 -0.00015639810564 -0.07438191005 0.1957074732 6.0148281659e-05 -0.090167011766 0.21527202067 0.00040400204736 -0.086787120874 
0.2433681724 0.0001408356136 -0.076202539989 0.26588685127 0.0058629856257 -0.00010035098236 0.2676709486 0.01659142863 4.1734648352e-05 
0.23810273025 0.063168404274 6.2374190495e-05 0.22647839148 0.072895254764 4.7722722839e-05 0.21368123237 0.081636958679 3.0204969042e-05 
0.22161710022 0.099652839441 0.00026883949958 0.23262256729 0.10177242699 0.00041186275501 0.25191264477 0.095252094722 9.5295547963e-05 
0.25225031502 0.074836197592 0.00015606729495 0.18418572566 0.057249254729 0.0010009377494 0.19161636022 0.021850275647 0.00129479264 
0.12287067298 -1.334209095e-05 -0.071978155137 0.13704449112 1.33263626e-06 -0.039827239963 0.18353894491 0.00012779851508 -0.024205385893 
0.14049025659 -2.2821030283e-05 -0.15895301469 0.12092961961 -0.00011537271526 -0.11476299006 0.22361854061 0.00052735176009 -0.20534242517 
0.4342397241 0.0081496487731 -0.23637616936 0.28682803806 0.091999941859 0.0015946961368 0.23145049611 0.10587235975 0.0029676000152 
0.31464616485 0.097289172667 1.6211256624e-05 0.16342013994 0.0021795289772 -0.017339154005 0.17870475676 0.00018032641919 -0.044161214304 
0.22150483214 -2.2946117486e-05 -0.098681562891 0.25076836534 7.5485525778e-05 -0.096489879704 0.26521387609 3.766144795e-05 -0.061601461047 
0.28197698091 6.2085203014e-06 -0.048665012346 0.29552692751 9.6708692078e-06 -0.042138899077 0.29978862737 0.00017474830946 -0.03017779563 
0.25779940491 0.029200223079 3.8532431017e-05 0.21093290058 0.088624270361 0.00025713454942 0.21547636036 0.095424875625 0.00053108605457 
0.23640209439 0.098453576535 0.000305512421 0.25426243577 0.069056670245 0.00013973762931 0.25025779617 0.048946409484 0.00023588498792 
0.22623463645 0.047282749722 0.00022713953185 0.20507174317 0.047498749496 0.00023575878326 0.21258812264 0.017512556949 0.0013527895771 
0.23545360431 0.00083222547908 -0.031695860868 0.17563632478 -9.6839548906e-06 -0.072484119056 0.64137678273 0.03689697147 -0.2488129175 
0.26057939413 0.0011299554287 -0.23357907602 0.44465365069 0.01304965457 -0.2544005347 0.71330302105 0.0014663706542 -0.26336058536 
0.20208044353 0.10374239205 0.002389725299 0.27582603287 0.10873406193 7.5282837974e-05 0.17570029944 0.096710743347 0.00071948035817 
0.18443020986 0.068445478258 -0.00011827356607 0.20460884868 9.685439802e-05 -0.057664709228 0.28211976865 -2.572661093e-05 -0.091056201236 
0.29776093349 -2.5965042946e-05 -0.082293987162 0.31851590422 -7.4022993253e-05 -0.081917333026 0.32989336597 0.00011908844462 -0.074527135304 
0.29099448384 5.7386828348e-05 -0.013854285264 0.24134943339 0.039754434106 0.00010119688388 0.21977446791 0.061118243787 0.00011787064967 
0.23859644382 0.02935814815 0.00025075006115 0.20658666818 0.072118878357 0.00026755140558 0.23650291821 0.081239985156 0.00028173223026 
0.21105669693 0.076790713952 0.00029562435992 0.27446070248 0.034344132824 0.00041980118046 0.25990623558 0.033992014439 0.00040299416029 
0.24203927212 0.032564721572 0.00043217244098 0.23462948804 0.016959026775 0.00068547970441 0.23785296168 6.6189742263e-05 -0.073105409657 
0.14795855904 -7.8703838467e-05 -0.16052759264 0.16135236273 -0.00020940835629 -0.12356704756 0.16188841944 -0.00016112683479 -0.10000833329 
0.16933085217 -6.0441498831e-05 -0.2070645944 0.61504471163 0.029832117081 -0.27481080253 0.63481994893 -0.00026549371733 -0.2953169898 
0.22495577535 0.12278041925 7.2771681323e-05 0.22209456348 0.11264693053 0.00016483847886 0.2198198555 0.056712957558 -4.0868106898e-05 
0.24424796777 0.0006859955265 -0.049020609629 0.25385392213 0.09345034734 0.00051845030107 0.28865456685 0.00018038332856 -0.066878220379 
0.2786069914 0.082259174729 0.00035127139695 0.32276951807 -0.00015470814245 -0.090135200791 0.34847493171 -0.00019004759807 -0.10049218875 
0.32554753195 8.2536593039e-05 -0.055408608986 0.27780830862 0.00063995073952 -0.00126655701 0.31164702163 9.0985175932e-05 -0.032990731267 
0.26800869678 0.0075729361025 0.0010937180653 0.22138465256 0.041985560054 0.00049661704537 0.27529183446 0.045531738216 0.0008911406239 
0.29500832864 0.0093140010241 0.0018019919454 0.26504508714 0.0016093498901 -0.030690700543 0.29463396173 0.00060185522747 -0.075258333708 
0.21059343883 -0.00040109042867 -0.099491586476 0.22397875976 -0.00027957118367 -0.097013254149 0.29503539402 -8.327057533e-05 -0.093691595319 
0.16232479124 -0.00014640728718 -0.16261264268 0.23826065989 0.002184848286 -0.24577334965 0.43173159478 0.022902508537 -0.27165762478 
0.5830992491 0.019442953132 -0.29813473475 0.26348643829 0.12097647742 8.2722982356e-05 0.27445182924 0.16618261043 0.000725189907 
0.32705203349 0.031868354414 -0.0024429527035 0.3136153759 0.14741130897 0.00094316892827 0.36728422473 0.063766878683 0.0003946552357 
0.36179580806 0.0012672134722 -0.037866563176 0.35787361075 0.00017826691976 -0.086963325226 0.34562128505 0.0007171763811 -0.052345111351 
0.36779507149 0.0038141974932 -0.036499062155 0.3324433867 0.0013213784073 -0.023235097334 0.30471782252 0.0016458335478 -0.011417779332 
0.25693210629 0.023148178233 0.0015196738636 0.21603648207 0.054335860304 0.0011299819061 0.23265971942 0.053878047451 0.0011938482566 
0.25428415528 0.055308993801 0.001109984942 0.33196715026 0.017226573185 0.0023161206451 0.31053304148 0.016441186365 0.0018824216307 
0.30340440951 0.0026478221965 -0.020154475301 0.28670034688 0.00017670633819 -0.079822564355 0.35579375373 0.00093781018352 -0.086601486866 
0.35862497808 0.0050758711393 -0.059427791155 0.20268027023 2.9239585533e-05 -0.11108820073 0.1655485072 -0.00075203013945 -0.20602413152 
0.56465691288 -3.346887776e-05 -0.30640202311 0.38561701451 0.0027599291078 -0.0015054830582 0.36960711874 -3.9541550304e-05 -0.081168358781 
0.3776665924 0.0018377964863 -0.035018464786 0.38159134183 0.0031304808287 -0.043502271202 0.36639583727 0.019108955808 7.8712421532e-06 
0.39275623873 0.017966647127 0.00088332417829 0.34780033276 0.023179864098 0.0029525266765 0.30618613326 0.02717512996 0.0039562021009 
0.24900094261 0.035042926901 0.0021497940267 0.35086114981 0.021248807917 0.008812920829 0.31154719358 0.030548642374 0.0059465980859 
0.41288223299 0.0092977434351 0.00039504155578 0.40371598309 0.010167122967 -0.0039557058027 0.39149199388 0.0094249793807 -0.015441209691 
0.40245155133 0.0052701461501 -0.033442602675 0.42922558931 0.0048266810829 -0.051842658367 0.27011582914 0.0011591165395 -0.058699775973 
0.36900596982 0.0040339332571 -0.061266732692 0.19302141597 -0.00017801047522 -0.13974140294 0.21773904333 0.0013100163267 -0.22281206818 
0.18648003153 -0.00081183574787 -0.15557454771 0.25317084926 0.0025756135163 -0.057415028187 0.32682948664 0.018545815573 -0.20089038805 
0.51567965095 0.020806233428 -0.27497374902 0.51538736913 -0.00040410224644 -0.26739014839 0.39810843399 1.9606163465e-05 -0.017251776498 
0.40498295482 0.044586521034 1.3253623747e-05 0.38758256979 0.051658924447 0.00013785785279 0.35336785573 0.061161409197 0.00092274811786 
0.30348624844 0.051217549258 0.0047407864074 0.3337771393 0.033568828409 0.0097849363973 0.35962570033 0.057279194724 0.0017202624594 
0.28781609173 0.036026719993 0.012268513613 0.37724735302 0.017196626934 0.013651806186 0.38961689524 0.017347244072 0.0030513808758 
0.39922199092 0.015984699413 0.0056187755479 0.42210968022 0.0072986891837 0.0028982804936 0.43422491638 0.012321223091 -0.0045747123165 
0.45442237126 0.011560448965 -0.010564276296 0.4326685647 0.016049117123 -0.029709249913 0.35683507617 0.0059066415211 -0.021761102067 
0.32668737498 0.012401808942 -0.00020911783372 0.40576983314 0.010698312365 -0.00076199145149 0.23657903001 0.0030195145772 -0.068788931478 
0.36785459668 0.038341283944 0.0061113110786 0.19960305404 0.0024599590556 -0.14338017145 0.291471029 0.021113836337 0.0010383628157 
0.43101429111 0.0039569671335 -0.094665311522 0.39488712194 0.027773537356 1.3826633745e-05 0.42897165662 0.0012730850697 3.1279618399e-05 
0.44250306265 8.7516308928e-05 -0.0080980974082 0.46136602695 0.012288426599 -0.014815011474 0.45465729597 9.220447112e-06 -0.016445684415 
0.46228008392 0.012158601659 -0.024445547675 0.46546741171 7.71633035e-05 -0.020348211649 0.47382879906 4.3595020351e-06 -0.030393623548 
0.45856092809 0.011171673519 -0.023913530721 0.47950493822 0.0001854978646 -0.029548805 0.42785691444 0.0071202646627 -0.0085605646979 
0.47087028515 0.00016183875096 -0.011451548875 0.4328539887 0.0019771170694 -0.0066847362471 0.38424544588 0.03812434648 6.0668633271e-05 
0.40904672652 0.016300130392 6.6491405367e-05 0.21584440311 0.0022342308076 -0.071215202972 0.26020870073 0.0073599346282 -0.0091786876962 
0.33507909213 0.058740103068 0.0034331369269 0.34456921662 0.065394621632 9.4331224171e-05 0.40601080856 0.022134778279 -0.15577448289 
0.22476378171 0.018588045411 -0.051533101646 0.30389579971 0.045620166658 0.0012209397463 0.21147787486 0.072913320926 1.4378681986e-05 
0.25718384546 0.053561553378 0.00057631423819 0.2867113563 0.078396986772 0.00261536816 0.33930051029 0.087093671052 0.0040642597711 
0.21429613669 0.18856206052 0.002444410802 
Radial_Strain 1 1000 double
0.034464907897 0.1212380838 0.060470208185 0.042127497217 0.00098936990874 0.0091503951155 0.041168152605 0.1156413929 0.050600925706 
0.067815965556 0.1977718703 0.059640098862 0.072755506977 0.059153028316 0.13815234268 0.16218226698 0.092493734103 0.038330887847 
0.026189631089 0.083171383646 0.024318702241 0.071087724261 0.020868883103 0.012155380612 0.019741145047 0.11988967514 0.051393627558 
0.1473963455 0.0046715936237 0.086545654063 0.0054103416529 0.0091090713922 0.10729848934 0.0094142787626 0.077095611516 0.0033114263113 
0.0076528314458 6.1335075261e-05 0.0033479340613 -0.0010145030425 0.083293908715 0.088427144013 0.17571110508 0.077839614369 0.23199513501 
0.069608750978 0.04574902906 0.097544458886 0.2034287929 0.23626156609 0.19710113012 0.042129627919 0.19380365876 0.023966801818 
-0.0081627681636 -0.0033372764021 -0.0029649063803 0.066791170361 0.064089842152 0.11599791066 0.11623690703 0.23802463024 0.26239788473 
0.14411819966 0.017629977262 -0.0033240474372 0.038563077276 0.1333458698 0.24428677298 0.29504923692 0.30381549333 0.15033154122 
0.015560583696 0.00051420734828 0.0039765796679 0.17296849479 0.30104334477 0.32695699456 0.13559069924 0.01004836849 -0.054386741837 
-0.075306255101 -0.075220111968 0.03989930407 0.14399423507 0.29418436869 0.15558379088 0.23105357479 0.014036175883 0.10573773124 
-0.00098978408885 -0.011172212108 -0.0030676379949 0.019877262206 -0.0047036533932 0.10083409056 0.14413584847 0.27416381192 0.41085359043 
0.45600247425 0.17162608682 0.25409951768 -0.079625774224 -0.050703997798 0.14494866576 0.19384223679 0.23332585833 0.26067809723 
0.28163195869 0.30939074741 0.32076605182 0.18577473183 0.041668534241 -0.00040016621132 0.44156181773 0.57223184474 0.096489764577 
0.026182651815 -0.063385128774 -0.12331353764 -0.13596511988 -0.13022389744 -0.045593180442 0.037096816225 0.071115405621 0.10269329261 
0.11146081909 0.12734656306 0.31671834739 0.24614337434 0.12979695829 0.027934448263 0.00040411843165 0.5694006494 0.71528828015 
0.70349801186 0.56034509872 0.40283637546 0.014751716019 -0.057298484044 -0.12137982162 -0.15543049548 -0.11151551545 -0.067350422318 
0.10732445439 0.19189393606 0.13927512079 0.24888729704 0.2826867057 0.0027902576565 1.0557717066 0.92452655422 0.73525826853 
0.21717199978 0.1629387935 0.079514981132 -0.030372452837 -0.089772103855 -0.13418338821 -0.16746591408 -0.16452511305 -0.12193576271 
-0.025065239803 0.0065082716514 0.015455757647 0.0061393116989 -0.0018065736981 0.01026465851 0.12516498905 0.16645033538 0.053446776209 
0.018928209619 1.0131963408 0.51801346534 0.28583497294 0.11816474425 -0.16215410314 -0.16675044526 -0.13664512406 -0.097678309855 
-0.062068450185 -0.035142763815 -0.015723367404 0.0015405555969 0.22455150063 0.19414877451 0.095059455651 0.055462650777 1.2128148829 
0.18031813335 0.12208224192 0.10771442139 0.036644726704 -0.024975945627 -0.078885067331 -0.12038203672 -0.17664395494 -0.15285682504 
-0.17937954367 -0.036963186191 -0.036600366362 -0.052564650346 -0.085330695745 -0.08696018499 -0.00030289728304 0.19348702849 0.20132806276 
1.2085839897 0.91076170015 0.39088673922 0.13525935785 0.093543533986 0.039118112952 -0.01427359685 -0.15887555018 -0.16914400703 
-0.14124915064 -0.10662321376 -0.068653364222 -0.042694014203 -0.05199605844 -0.081732449633 -0.12321460643 0.08349362653 0.14275150458 
0.094992214425 0.49093104724 0.1787959096 0.12960100214 0.1597642165 0.11619121422 -0.063407000469 -0.11154787905 -0.17143735094 
-0.14540898824 -0.074143916164 -0.051018308975 -0.13961233879 -0.09899100772 -0.0081284014359 0.089651995132 0.17329033666 0.20613542416 
0.14975375718 0.2196693527 1.169610334 0.91177623518 0.16879379616 0.061027828509 0.012511440008 -0.10200864776 -0.14550543452 
-0.15318953222 -0.16218082515 -0.10638522508 -0.02928367906 -0.030956691653 -0.064154257226 -0.10683644781 -0.15134340972 -0.17231553972 
-0.15512445135 -0.11101977015 -0.018938490937 0.12880236219 0.23783502715 0.2686193864 0.85640225434 0.38876290279 0.15494566334 
0.13802469738 0.21039391886 0.18367455347 0.13002386027 -0.042431731729 -0.040793098224 -0.10631822147 -0.13601181975 -0.091589764189 
-0.052182969095 -0.029810335272 0.0094628645566 -0.041066943627 -0.083365435719 -0.13167253507 0.10412042343 0.26546401331 0.3136837954 
1.0787122488 0.41907118503 0.18017452964 0.12422693505 0.18065155863 0.22978114411 0.23322856014 0.084345638371 0.030804962978 
-0.12778411322 -0.14446698739 0.021903343016 0.0065300804393 -0.17149110578 -0.19155161559 -0.19336183093 -0.17505724783 -0.091154446114 
-0.12198546901 0.086085506854 0.29055384818 0.3518829026 0.29123636182 0.99313499901 0.71346402158 0.17782886212 0.18419221117 
0.14413421088 0.10283465865 0.035839148229 -0.041898506059 -0.091448361546 -0.11917285359 -0.12198522011 -0.079970643631 -0.016293443247 
0.072496843098 -0.03912307841 -0.094036164557 -0.14107005455 -0.17337385907 -0.19886264095 -0.19657832569 -0.1290497051 0.060539480091 
0.31027304013 0.41581380103 0.34188781905 0.4113254441 0.72358415809 0.25710124015 0.10780054403 0.24095079766 0.24880388778 
0.21936678512 0.18749581846 0.11208705955 0.028211064095 -0.037176839022 0.0066850143415 0.079682140085 0.02851552028 -0.041990553253 
-0.096259147036 -0.19051725606 -0.19058564759 0.065732602418 0.37894948963 0.48943706528 0.495822304 0.91727246776 0.31563316451 
0.11483058964 0.11405002988 0.18561234218 0.24350791273 0.16063911028 -0.067960575216 -0.10529927775 -0.080492952289 0.13531408681 
0.090175943017 0.013052395141 -0.13391237528 -0.15488118101 -0.15906746208 -0.16997688711 -0.19066568059 -0.16702858475 -0.11608825837 
-0.16746567329 0.36008208616 0.55602289166 0.55859369962 0.68339971218 0.32532364122 0.11333241245 0.080875288761 0.12328405942 
0.24288725167 0.21876575292 0.20002091349 0.18035692773 0.078607320907 0.0082201008039 -0.065013392391 -0.0042666816666 0.13877211872 
-0.049189557014 -0.087366583588 -0.11079718663 -0.1179765403 -0.14610105279 -0.12851475937 -0.092529335554 0.033074194174 0.39109632732 
0.6023428148 0.66843675616 0.74083118624 0.056820663067 0.074936895061 0.19516609161 0.23386893226 0.22723573659 0.21728585661 
0.21040335924 0.1514893616 0.066977917157 0.0030880209904 -0.060581066986 0.21263657151 0.15668563308 0.053393351993 -0.011679076142 
-0.045319410227 -0.10729786421 -0.12381822391 -0.14183467307 -0.11897107075 0.046713393786 -0.053399067759 0.63235965451 0.84590483971 
0.41897230837 0.11818718188 0.038195681219 0.12948667088 0.19145991106 0.20324454071 0.12528521931 0.18268853715 0.082835467542 
0.017468637202 -0.051637852194 0.061151646429 -0.0032168265845 -0.018946160824 -0.063380156545 -0.072553586872 -0.091901589931 -0.10269188577 
-0.09028920341 -0.081399871486 0.0079156479584 0.24910328378 0.70694652225 0.94230886819 0.59328454194 0.10062735134 0.02511322324 
0.012642896931 0.035863397891 0.065679762944 0.13352572498 0.17619666073 0.21116868224 0.21568919497 0.20080220063 0.21693621902 
0.21412299872 0.16126115202 0.12242881333 0.12160217541 0.058633536926 0.18806097284 0.22569359278 -0.021719768304 -0.017714602751 
-0.023171252499 -0.026950947948 -0.067024431399 -0.063795596227 -0.071983548621 -0.042891665123 0.085721191151 0.57942370385 0.47662082866 
0.32997152995 0.16175401252 0.20106147625 0.21068200916 0.19960276382 0.17845346488 0.15764632693 0.14675615841 0.18137034624 
0.15432876092 0.014440492734 -0.010413093646 -6.6277756908e-05 -0.027800910499 -0.043851233599 -0.051806229054 -0.041432069996 0.013596797214 
0.20606080374 0.68871809087 1.0110387363 0.082129854075 0.017769421022 0.00068399264422 0.012762681203 0.023581224163 0.078441059428 
0.12436949964 0.16823962542 0.20847902987 0.19975281087 0.17085478958 0.17917249608 0.21207898773 0.0086149800266 0.017708448765 
0.0089473287579 0.0097620928577 -0.022401744692 -0.010661838613 -0.0044365060512 -0.027442162166 -0.0027933818306 -0.0038459761617 0.0047070724779 
0.063794148425 0.45617950573 0.26657874696 0.041996576295 -0.0077116047458 0.055285445109 0.085799606725 0.11333519166 0.18020025635 
0.18680136409 0.17642921769 0.16493958392 0.17978691591 0.19813100039 0.18079666502 0.11846523179 0.06577138908 0.057282226254 
0.030291842776 0.010096748043 0.019772697297 0.012945129917 0.049750323896 0.050159093892 0.081483152527 0.20785389185 0.6623334643 
1.0344160528 0.36613213113 0.12737847492 -0.0020099397316 -0.0088930925383 0.023470810308 0.0030677811787 0.12459756356 0.1315284396 
0.18284776871 0.14958906233 0.15944355401 0.17420221726 0.18972609582 0.13753414543 0.11705177038 0.055354410709 0.039612307596 
0.039504701171 0.031103161373 0.039697691008 0.036327483644 0.19000397613 1.0026235363 0.4512048248 0.28933030805 0.0077741784385 
-0.015466418543 -0.012047121399 -0.031874448947 -0.017237716127 0.034408457625 0.066810405786 0.065591914752 0.14443515466 0.14548906839 
0.15574758294 0.12897218376 0.1507118554 0.16112500363 0.17486597063 0.17357774335 0.16623929298 0.10051474752 0.061799439367 
0.088567920855 0.066875129486 0.042249141072 0.054483211578 0.046360778588 0.076577661676 0.084300784016 0.079055941563 0.21375206886 
0.64454638985 0.053791853527 -0.022282466626 -0.02761795473 -0.03775144892 -0.078501342203 -0.066163174229 -0.038477311601 0.0036090853804 
0.017706635175 0.076896128792 0.09309568245 0.12010320898 0.116042127 0.11650956197 0.13656235082 0.15262925183 0.17271297003 
0.15160691101 0.1308735121 0.09046410587 0.064650482662 0.068236468898 0.065559167954 0.062092679982 0.06643332866 0.075725553714 
0.52493832081 0.9641279638 0.40273480628 0.20904428128 -0.063123467592 -0.082733995837 -0.10319686267 -0.087709957084 -0.053408905181 
-0.02895887889 0.031841050739 0.098029880086 0.08132966194 0.077336691546 0.0859219232 0.098432721644 0.12527897264 0.18457330095 
0.18448179279 0.1706829254 0.11633732523 0.090873980839 0.083355031144 0.079543927464 0.0690102074 0.082898571296 0.072752816058 
0.071522802455 0.063440782556 0.1448052304 0.95335258792 -0.026089005509 -0.047100597638 -0.047911444612 -0.1090340241 -0.075556900657 
-0.05244881497 -0.015191083533 0.046886585151 0.048506075777 0.042430738569 0.060126255953 0.12214068494 0.14819868794 0.17717562491 
0.19307574556 0.1927367658 0.15321520515 0.13841466864 0.11528449338 0.10789195359 0.084100371779 0.093373346578 0.069412740369 
0.053850119654 0.053548003691 0.08964488549 0.052585015053 0.30667126369 0.75535671952 0.82104152432 0.34778397082 0.11226573809 
-0.070040713812 -0.029309459848 -0.027035605839 -0.086796139516 -0.05175609468 -0.090799873727 -0.070337294011 -0.034812438953 -0.036767591471 
-0.032682473427 -0.0025829013201 0.0074023698333 0.034896895661 0.084972736906 0.10577594219 0.15005492257 0.18112823838 0.18126581721 
0.16264908947 0.1377976878 0.089266283634 0.08485999698 0.065154927391 0.036058784029 0.04662984009 0.026803029452 0.026796089919 
0.17768316291 0.54232138422 0.26994072187 0.090659629756 -0.0049915868545 0.044282860924 0.049666154228 0.074069251598 -0.013966367536 
-0.0055100027429 -0.031735585145 0.004098394963 -0.01082680209 -0.0020735193395 0.013103597484 0.036036721509 0.052706265298 0.11916304076 
0.19672851899 0.19813627442 0.18581002195 0.12557103407 0.10101394523 0.091039268364 0.086747308379 0.029692142787 0.060161265372 
0.042339907601 0.0018947433057 0.012180156711 0.68603697702 0.1817423165 0.18694098911 0.17111825377 0.094797952489 0.13422833958 
0.22964040865 0.18185600356 0.13725305362 0.13233272178 0.062488220618 0.073642258965 -0.022472506364 0.075586565901 -0.031049382197 
-0.042236271892 -0.039186192089 -0.030196544833 -0.013076695542 0.0048787318744 0.073190169657 0.15511384272 0.18411539981 0.20013685374 
0.15940022935 0.090520520551 0.085642594222 0.0018359767023 -0.0037371648969 0.074597159978 0.23970117343 0.49026775217 0.52842134225 
0.28775143064 0.33444498881 0.32725199982 0.27236779896 0.11985724339 0.11708849323 0.12220695261 0.016087315077 -0.047052821358 
-0.05909508187 -0.069727600185 -0.066412680979 -0.0601317943 0.025162081032 0.066821037233 0.1178333352 0.15814408957 0.18830251797 
0.2003874429 0.18332722014 0.13533437764 0.10831826701 0.062025772899 0.019691471158 -0.029481434742 -0.019259626675 -0.016747990269 
0.0038018901738 -0.033346090871 0.032772788374 0.19126279457 0.13889051634 0.11003146706 0.13412497169 -0.016508124887 -0.03647889492 
-0.07423524949 -0.071710999375 -0.048563262999 -0.034576829362 -0.016130991097 0.020554957619 0.11727996212 0.20372425162 0.18997599334 
0.15903973178 0.1244794712 0.096690659098 0.085692228017 0.067443427649 0.021613612059 -0.024814118394 -0.048651818663 0.3634018324 
0.011633477965 0.12632704332 0.36300931045 0.082898983253 0.11662170205 0.055742899629 0.032524710818 -0.043258743362 -0.066629046023 
-0.057259188044 -0.046805097943 -0.020244229854 0.070425517661 0.16169666074 0.19636796679 0.17937439955 0.20063594726 0.15899604172 
0.18610348479 0.11314800108 0.097601385926 0.080025264553 0.039824931789 -0.05633558551 -0.043611119436 -0.071753356056 -0.063072340887 
-0.062181114308 0.24305113096 0.19237744639 0.091122258757 0.064152843875 0.023241711875 -0.034422971292 0.0339752276 -0.044200638948 
0.02408313964 -0.054865304896 -0.046763480064 0.026569896683 0.12100686699 0.080444242826 0.154220452 0.19661635136 0.14033940203 
0.080254169842 -0.017575031867 -0.057096617832 -0.083855267861 -0.078418617592 -0.074851146522 -0.095282211825 -0.059160144481 0.048784905001 
0.1274033816 0.057605409274 0.057855596571 0.003123746047 0.046824179505 0.022922244973 -0.016586971672 -0.0086530306766 0.047068978155 
0.03955939183 0.093243407109 0.12424142044 0.1845912065 0.20278470427 0.19603419853 0.17237473835 0.1500218904 0.11769510484 
0.022874856213 -0.068025914667 -0.052846716018 -0.013939995806 -0.093331890708 -0.12445862547 0.074049095362 0.0064758502398 -0.021944545252 
0.0044246789474 0.013108405758 0.076002896889 0.053255264606 0.11477458132 0.15429097532 0.20527195233 0.18022474371 0.20413402992 
0.15990577245 0.13177130989 0.0903508568 0.051809214965 0.019045446423 -0.053420157508 -0.021337183327 -0.11921960293 -0.11435180004 
-0.13560071162 -0.053302257526 -0.019978920382 0.065187341634 0.048855609389 0.024676293189 0.071791291544 0.097548861691 0.1388495558 
0.17748194264 0.17061948263 0.14814705128 0.20112378079 0.16676269715 0.14724924514 0.15699443941 0.1768239804 0.13808950966 
0.12677856419 0.053031400538 0.013188275929 0.029676585132 0.053892225794 -0.063158409662 0.067932739743 -0.1115698747 0.032920723195 
0.10939622744 0.13046048392 0.10884855476 0.099675517643 0.1172364185 0.085202480947 0.10136306268 0.079030916292 0.073996700553 
0.082748528495 0.074349224899 0.054203848893 0.07026979293 0.05331344307 0.065716734254 0.054117106351 -0.068663415714 0.017947880943 
0.076519180081 0.077916793544 0.062096852746 -0.0056651790687 0.069527524891 0.055571425948 0.075022874536 0.12322872221 0.15577984931 
0.14445111809 
Circumferential_Strain 1 1000 double
0.087065869388 0.12711745324 0.058958019219 0.058671499276 -0.054155385568 -0.026318502004 0.11781138228 0.18607478563 0.18826253957 
0.13794586648 0.18052481561 0.13875731586 0.10215063976 0.070153230345 0.1220403787 0.17865446725 0.081342123282 0.028515358015 
0.035146215052 0.04715326939 0.0075293066533 0.0037715999978 0.012644299499 -0.010091761621 0.0038802479735 0.02109291234 -0.032465648067 
-0.025412751663 -0.020630224852 -0.061871021572 -0.045290400183 -0.080866202942 -0.094135427567 -0.1076505968 -0.12537386473 -0.088556349944 
-0.11423467165 -0.13659032553 -0.13186383342 -0.15110514116 0.2876102303 0.26125563291 0.244331841 0.20335931693 0.20999520637 
0.17161885388 0.13749781973 0.081343544093 -0.063914095946 -0.11629886161 -0.1408478276 -0.15012858441 -0.16009387557 -0.16176893757 
-0.15565584352 -0.15749771354 -0.15373356577 0.35375205593 0.38093692932 0.33086143198 0.37158139246 0.29301144117 0.23074178683 
0.17894810219 0.17100312221 0.11402261993 0.067002652943 0.0075274472107 -0.1178943305 -0.15709372034 -0.18274599745 -0.17306907562 
-0.15794129022 -0.13568843631 -0.14934225341 0.3876089994 0.3404305902 0.25013407923 0.16844308857 0.14010561725 0.15998295548 
0.12770568973 0.092863685926 0.0061997856719 -0.054145296108 -0.19296167849 -0.1728430293 -0.16828376186 -0.12559634977 -0.12009090936 
-0.089311362048 -0.090239549375 -0.12042783412 -0.087299058288 -0.077116368035 0.41582686094 0.45173347726 0.42222796664 0.3561407434 
0.25724901593 0.16844383277 0.17245589768 0.13282411363 0.045192469452 -0.11278094488 -0.15831332596 -0.19000300607 -0.20742119456 
-0.20376339732 -0.18725864593 -0.15225559022 -0.10794742801 -0.070494478751 -0.07090426739 0.4227772439 0.30008015931 0.098911954987 
0.10615657434 0.10273452823 0.11612427242 0.09303754131 0.062768571871 -0.011204799877 -0.070430945792 -0.13470865025 -0.17611235146 
-0.20999852508 -0.20422600955 -0.13552666086 -0.089469905474 -0.058603681721 -0.041349570241 -0.054714007428 0.43291338895 0.36778805688 
0.31902416335 0.12612138661 0.1584006536 0.047821415474 0.061830424803 0.084972729973 0.07693192005 0.026779232666 -0.05681092682 
-0.20070399875 -0.17681211983 -0.14736169032 -0.10422851152 -0.063783914852 -0.026945972768 0.14868681205 0.22412748917 0.07362553353 
0.044955982741 0.084614461278 0.026365827046 0.018694062082 0.038270919159 0.047908147644 0.05919986275 0.03038931322 -0.0062479887146 
-0.11038373126 -0.15487866737 -0.18629313186 -0.20363443467 -0.20540824479 -0.1930654769 -0.073367957456 -0.0334929925 -0.012771445357 
0.0036168235908 0.012381452995 -0.065091457458 -0.01030460684 -0.015586417651 0.04635506608 0.002488566559 -0.034750529818 -0.082233510548 
-0.12702357665 -0.16593524586 -0.16627265288 -0.12138674151 -0.031743462006 -0.0051324140148 0.013042865934 0.027631183463 -0.08701062503 
-0.12967708193 -0.077255718409 -0.052737469608 -0.016287137817 -0.011047701354 0.0097668093791 0.022736341878 0.036455872573 0.028426811443 
0.021027777886 -0.18691774015 -0.19984063425 -0.18539778981 -0.14501972543 -0.093829364183 -0.047446597091 0.014644671457 0.01920897912 
-0.19213013667 -0.14167788151 -0.15773769178 -0.11173600234 -0.074642192935 -0.053822358129 -0.027054883722 0.028180265304 -0.0035961270929 
-0.046330403268 -0.087451775981 -0.14386495076 -0.18886416825 -0.18341210209 -0.15362750755 -0.10460742233 -0.0070987676455 0.028771417649 
0.038691933257 -0.21921777557 -0.22119749068 -0.17444494059 -0.13132564009 -0.10546124123 -0.0018694479733 0.01529866302 0.024560780273 
-0.027616707123 -0.11190924246 -0.1632462667 -0.051269885674 -0.0042733317151 0.035864414583 0.051876972245 0.031684437824 0.027051411141 
0.045087702277 0.051221524947 -0.24686175105 -0.23275819213 -0.18801605619 -0.068787840499 -0.033828529809 0.02292297158 0.035535548315 
0.043932706982 0.017260535172 -0.049174397669 -0.17316606269 -0.17244134889 -0.14958298339 -0.1046846144 -0.049973956606 0.00089102820351 
0.043207142489 0.075927892696 0.0792742081 0.042344961816 0.041581872717 0.078255012073 -0.25702382397 -0.26127455603 -0.26201457531 
-0.23742708081 -0.19026457386 -0.15339602749 -0.11010764685 -0.0031335051528 0.013107088577 0.046668638207 0.01250773789 0.0015990325499 
-0.073864209901 -0.13677223447 -0.16112412851 -0.13703167052 -0.094458242577 -0.041218900936 0.049279706842 0.059218150593 0.10972924255 
-0.2475859401 -0.26800931447 -0.27966343439 -0.28022624552 -0.24140571242 -0.22906249035 -0.19174038311 -0.068136394415 -0.027703399069 
0.067259096855 0.053430770361 -0.1185244446 -0.1428468864 0.0095104817976 0.0504640198 0.080142742489 0.095722756155 0.087535385657 
0.080385166729 0.049621286779 0.055728590548 0.13808550587 0.19323752408 -0.20759350886 -0.24236159561 -0.26534779927 -0.14361884171 
-0.10049672751 -0.057209404496 -0.011142455527 0.03793183906 0.075399935397 0.091123834296 0.066084166845 0.062475894128 -0.035189908962 
-0.1366595615 -0.088518587421 -0.030992458533 0.019071532711 0.058257410477 0.092784439896 0.090934580303 0.069888882533 0.054676983704 
0.058133990166 0.15818732584 0.21851354031 0.24475951734 -0.2102607666 -0.27472171523 -0.30090059378 -0.2326180179 -0.20173633724 
-0.16792585093 -0.12962044194 -0.037711009144 0.014870072424 0.059110843935 0.017946954199 -0.09380729754 -0.091028020154 -0.018720458743 
0.034593541315 0.083906829079 0.072058147805 0.050139475206 0.065845215299 0.16428901268 0.26115973134 -0.19276891983 -0.25371531603 
-0.30914098443 -0.29472403926 -0.26361308227 -0.22546952489 -0.087537164326 0.10034852827 0.11671171335 0.12918596393 -0.11362980233 
-0.072969130153 0.003067455742 0.070112779809 0.091118177007 0.095858739436 0.084877294226 0.077467100093 0.05290597608 0.055868240303 
0.051231225912 0.047836211987 0.15950038957 0.28876709407 -0.20338740762 -0.24342357962 -0.30812565313 -0.31151260169 -0.27882781901 
-0.1855291548 -0.15007458148 -0.11247404548 -0.072726565288 0.0054107993858 0.053696187031 0.13558350293 0.096567934009 -0.070808398634 
0.062879020803 0.094302054406 0.10739381707 0.10787947579 0.062959852297 0.025381103883 0.033049663135 0.034760783944 0.035304932484 
0.19905147463 0.26857292034 -0.20839012276 -0.31910436888 -0.28067844775 -0.24073446969 -0.19621837959 -0.15190124862 -0.12225147442 
-0.095001249775 -0.037751501064 0.034814155632 0.085859208492 0.16825819418 -0.066606152299 -0.062526141709 0.045301647867 0.1069632737 
0.13417802555 0.097832996853 0.081034419431 0.031745710661 0.035716677653 0.014316016373 0.0061444287583 0.12944676888 0.17461287729 
-0.23401868061 -0.30239259757 -0.32442368405 -0.24140609199 -0.20209305858 -0.067614513031 -0.006924062973 -0.03697956653 0.048969543204 
0.10539848679 0.20213634507 0.10710132817 0.17535140305 0.18854046396 0.13713614734 0.12826173533 0.055836622549 0.012585314308 
0.0042300624019 -0.004224750538 -0.017566233686 0.0076314553238 0.093276675689 0.098417707437 -0.23496112527 -0.28547829058 -0.31504176984 
-0.29569222904 -0.28301739179 -0.22860682244 -0.19265038737 -0.16182028076 -0.15655898265 -0.11439795233 -0.11397447562 -0.08639879344 
-0.05154648132 -0.013498130485 0.011835961872 0.04525471322 0.10137495007 0.010844290607 -0.032765317817 0.23396241054 0.24786616043 
0.18393813103 0.16516227868 0.11280496213 0.086964346878 0.028579927566 -0.023203806243 -0.032722345523 0.01840586069 -0.2994758188 
-0.26874698954 -0.10580717232 -0.07556978161 -0.056808391755 -0.026632852825 -0.0060807683771 0.00109080387 0.016654245395 0.02108554673 
0.084793058087 0.25144098345 0.24597259139 0.23799564429 0.14269636839 0.061901357354 -0.0041821319861 -0.025732619123 -0.053451783061 
-0.047394163453 -0.016850449684 0.034024065174 -0.27949958266 -0.28596197532 -0.2783932506 -0.24687146447 -0.18934188619 -0.16639412351 
-0.13493150306 -0.059256678702 -0.031061656465 -0.0062807656524 0.013005002276 0.018272489715 0.024373429024 0.27100339739 0.26974726578 
0.21950791577 0.19101865872 0.11957503822 0.096665499295 0.072691336799 0.033918308825 -0.032960220579 0.0062751874357 -0.051260972095 
-0.080207789166 -0.30574934363 -0.27556281982 -0.24463395191 -0.22201174677 -0.090779019793 -0.05535874431 -0.02848821048 -0.030392844136 
-0.00050218651617 0.01606696807 0.011833719057 0.035523212106 0.03179237892 0.092653164251 0.16311053275 0.23920272038 0.25683462798 
0.26310900024 0.1599404874 0.13483210243 0.055232566148 -0.067486471614 -0.087883634703 -0.11778690039 -0.083207196628 -0.05440192545 
-0.0048648724887 -0.29040633284 -0.24846545423 -0.25165884378 -0.15440452258 -0.12296530338 0.0071841858482 -0.0019844643132 0.016781969213 
0.023686138304 0.040327060882 0.03659014813 0.071483542332 0.070067265148 0.17341148536 0.21202425947 0.26614471736 0.2424154796 
0.20809374174 0.10639650567 -0.023546570808 0.030723832909 -0.11756474425 -0.042946350638 -0.30732302022 -0.28087321776 -0.24536985386 
-0.19530997785 -0.21518633811 -0.065864371698 -0.029169515566 0.030250583965 0.033324728361 0.049356538171 0.037660743667 0.058107475823 
0.047727891841 0.07708963171 0.075179018452 0.11176574332 0.11288119693 0.13433338274 0.16653569716 0.22971959887 0.26657625556 
0.24960584236 0.24642690487 0.17363063423 0.14643841017 0.083271802156 -0.05930597823 -0.14875931703 -0.11123960193 -0.14953412859 
-0.094321826818 -0.24273086086 -0.2081189684 -0.14737826327 -0.10682217939 0.041509427783 0.070046741016 0.090356971759 0.08642820603 
0.089216647315 0.060367334867 0.074457106801 0.079478088582 0.082350852289 0.11605721783 0.11861415459 0.14313306989 0.13815516189 
0.18408999999 0.20263130524 0.25497279424 0.21264191619 0.17754241444 0.12301334103 0.056461748075 0.00040408828961 -0.096979286069 
-0.14253015973 -0.098465243512 -0.27667944875 -0.22190806743 -0.026254049613 0.012695027926 0.11559279784 0.13488164462 0.12976721863 
0.11971116995 0.091303370369 0.08827139732 0.10481248168 0.11674293171 0.13321362839 0.15928291881 0.15464402396 0.14370519962 
0.15180444231 0.16020421579 0.22792864473 0.23594899724 0.20493810651 0.15117290359 0.098154440235 0.12662594873 -0.037586199537 
-0.14299829445 0.024876360778 -0.17066357777 -0.12037462518 -0.14624158206 -0.12580715857 -0.0629039641 0.1138758044 0.15374808687 
0.14636184897 0.11096211505 0.10029147674 0.11399894269 0.16485290384 0.18462067757 0.17465934865 0.15933724317 0.14415870422 
0.13542142165 0.1328550022 0.17874732702 0.20504825885 0.23377628601 0.2155833396 0.17199569097 0.14920779098 0.081513960841 
-0.073072003758 -0.022075766901 -0.16486346014 -0.12416149147 -0.17626673255 -0.12407745843 -0.11398669373 -0.15578720582 -0.018631470376 
0.016188777682 0.068789210666 0.075549608048 0.1002348374 0.148978543 0.15202861331 0.15388986814 0.14230634588 0.1305734263 
0.12073560453 0.10948147007 0.11845047213 0.13847969254 0.19380450516 0.19407676764 0.16369500549 0.13639576766 0.14191176707 
0.16808865731 0.20314574846 0.19136574537 0.13673237878 0.11051718699 0.018284861566 0.066839010848 -0.089676914352 -0.039258558163 
-0.16717131679 -0.11972861786 0.10932788863 0.16097389332 0.05178661724 0.11655917239 0.10323822916 0.075027893792 0.1314517771 
0.12245152372 0.12161969434 0.13645671321 0.1616218586 0.18465154223 0.20954055598 0.22050310287 0.22533319254 0.18402305451 
0.11841497884 0.1148118661 0.13215593826 0.19449295988 0.19632735544 0.16473080223 0.1495756587 0.10208470201 0.13497624216 
-0.13513686447 0.005110186797 0.057260973721 -0.059809054234 0.12938633151 0.085776686021 0.066320300475 0.093353171827 0.08730489606 
0.053102643532 0.057478952253 0.067834150588 0.049537910386 0.083903532234 0.086171342518 0.1207055593 0.094206924156 0.13497989691 
0.1618762 0.19807862642 0.22843559348 0.24438574165 0.25181081423 0.21422516733 0.1503038118 0.11804369414 0.098734177481 
0.16506042186 0.17777161145 0.16115143968 -0.083973946288 -0.043011291734 -0.14246510366 -0.13197954293 -0.049968068958 -0.0030954627562 
0.15622293071 0.06937567267 0.03187789838 0.032274714089 0.036053386721 0.04574051439 0.055183473182 0.10881164505 0.12752084344 
0.14403507059 0.16948879003 0.20079050592 0.23970830321 0.24501406957 0.21484208625 0.17740616718 0.13347086904 0.09642433298 
0.10270075135 0.12669457589 0.17141837646 0.18128502442 0.15533818639 0.13892721448 0.013679267149 0.047212999909 0.097921996228 
-0.094793873319 -0.028653875483 -0.10852055172 -0.073956758277 0.068562141891 0.08647796546 0.071909773149 0.12088849366 0.14114796111 
0.20302393523 0.24242601814 0.2637195771 0.27519581704 0.27499225111 0.25390164017 0.16524221817 0.08137764663 0.097619083085 
0.14088622907 0.15603013742 0.16955609318 0.16695512177 0.16544730145 0.16750617813 0.14929795651 0.06907992322 0.029191823997 
-0.08546329779 0.0057910120334 0.052909307448 0.091911004241 0.085551514684 0.10727700838 0.13128508698 0.17350127129 0.27794224074 
0.28995114265 0.2994874037 0.2906214639 0.20867613426 0.1123985728 0.074650201392 0.080183005689 0.064136784205 0.11946014657 
0.076363248499 0.15078978412 0.16266319032 0.16752869776 0.17879151731 0.12161153887 -0.047840714215 0.024918896131 0.044014533199 
-0.065461309097 0.094623692404 0.085749026881 0.10443295204 0.12802173508 0.16343903726 0.22206443263 0.20019900145 0.28040118536 
0.26304417942 0.31182021591 0.32064696262 0.25612833891 0.1535748086 0.20360504297 0.1113487417 0.054996418985 0.12552475781 
0.17028136529 0.18419757459 0.16603691231 0.093655294985 0.10459685574 0.1469297254 0.0030237654526 -0.04449325344 0.089436657932 
0.13916912453 0.1634851579 0.22368790762 0.32434038541 0.3112274794 0.3667390149 0.34963369066 0.30148867705 0.25498279984 
0.27963592476 0.20712145036 0.15727128393 0.073318475069 0.046353537268 0.053503111827 0.088034939733 0.11756882291 0.14903686529 
0.18989452773 0.13595434566 0.16430753675 0.17191590507 0.076206864761 -0.016498983451 0.12032772429 0.37657006776 0.33207678695 
0.33605622373 0.31263825405 0.23558745673 0.28113707167 0.17451308358 0.12029327151 0.042709684697 0.067578233235 0.041039478846 
0.087221571041 0.11569014073 0.14307101176 0.15663957542 0.10713531946 0.11987266959 0.13185296207 0.050589876856 0.0089718051081 
0.036188542011 0.09031682098 0.11384381064 0.17829892981 0.1829214221 0.31055751333 0.23964582564 0.19449731986 0.13379086047 
0.081279736837 0.043495028953 0.082261552297 0.02945182422 0.014998319485 0.019712436278 0.013016466221 0.058230373555 0.012391500948 
0.017885739835 0.075146216995 0.10510732163 0.083235240091 0.052870981675 0.056249846091 0.04880923035 0.049956049555 0.050025421947 
0.23763489028 0.047598813314 0.0022000852674 -0.0053163756427 0.032053356098 -0.0079994949259 0.050833310443 -0.0043242863111 0.0010103565343 
0.070557650247 0.017366390275 0.030384346043 0.027058802016 0.013893106163 0.023952489055 0.016775073608 0.042723986304 0.019148967805 
0.042094403722 0.029375086907 0.20450452547 0.094295404957 0.020515013444 0.042696279537 0.014240928897 0.16349061112 0.19871895948 
0.083216232053 
Radial_Circumferential_Shear 1 1000 double
0.055356528387 -0.014240360699 0.011641430487 0.040634955955 -0.010429753666 0.0017704572007 0.067762963904 0.020729418379 0.075500750054 
0.096020206243 -0.021095185522 0.013289800053 0.090059252794 0.089776535918 -0.067048277374 -0.060683530535 -0.077963840527 0.00046814299011 
0.010771819997 -0.084890592387 -0.0064278313286 -0.077506277806 0.0056996959741 -0.0062579075625 0.0071223702588 -0.1530437636 -0.058698237084 
-0.14094095335 -0.0042481764532 -0.083412025309 -0.016762410206 -0.029785860452 -0.08195741083 -0.022619938981 -0.064971396772 -0.01262061443 
-0.0039096616483 -0.024975955615 -0.015754644767 -0.030821083414 0.14928356235 0.11149934599 0.053825921693 0.12216161273 0.023127813229 
-0.10198615727 -0.12950428271 -0.15963514793 -0.14745121739 -0.11445608293 -0.098665593424 -0.060787929758 -0.092832778223 -0.055585945203 
-0.04036731838 -0.029045288669 -0.034312795867 0.138889743 0.12785171792 0.13650834576 0.14202121029 0.10846472439 0.085298743103 
0.0094058362676 -0.015042659676 -0.13226135212 -0.16148328626 -0.18057184497 -0.11553417929 -0.092826502023 -0.073044864947 -0.067688536541 
-0.023017339883 0.016778986305 -0.004744681337 0.18133127947 0.1778397641 0.14709867409 0.08651362538 0.072438163047 -0.043776315446 
-0.064947122823 -0.092572899234 -0.15292836103 -0.15127944071 -0.043025916349 -0.034620418721 -0.028338813791 0.0047095516925 -0.03222392707 
0.016922074374 0.045990847316 0.038023524806 -0.0087056424429 0.021961452044 0.17279349599 0.23299154388 0.26394424683 0.26370419522 
0.21232521847 0.14798723026 0.18618139859 0.047084690371 -0.11492132262 -0.10491999624 -0.061861133976 -0.027454295866 0.0054103951635 
0.0078417833627 -0.002128170166 -0.031188648774 -0.033640698258 -0.01302368661 0.0023361299946 0.36947792914 0.2996749325 0.2059591718 
0.15280011501 0.11672957306 0.023927987132 -0.012214421547 -0.04721873545 -0.10938777694 -0.11379935096 -0.069990054063 -0.025546080378 
0.03286861709 0.049015339634 0.0095693777012 -0.020444777697 -0.012076906568 -0.0027710956892 -0.00018951886017 0.46259824216 0.48075536271 
0.38188148271 0.20873771499 0.19994626008 0.21156814551 0.16814480808 0.10975668866 0.066227111217 -0.07372077676 -0.085951452484 
0.0079966083431 0.033257534429 0.059701830368 0.029513708007 0.0057327377012 -0.00077878319166 0.44815649793 0.40877189911 0.22832344135 
0.20019691746 0.22274752478 0.24681945872 0.20889322513 0.17449728137 0.13441776697 0.023465155393 -0.014595198946 -0.065736685456 
-0.070401089272 -0.038745915598 -0.011363781977 0.012423073458 0.036840446823 0.049926827909 0.051526031252 0.00066230903527 -0.0074060695481 
-0.015208799788 0.33396904857 0.20261927761 0.17736504475 0.25138671423 0.092118873837 -0.025023590292 -0.056298560692 -0.065018330197 
-0.051734713366 -0.029580683999 0.068208385152 0.072328107808 0.037125845517 0.010508981052 -0.022034249613 -0.04077727053 0.35095672071 
0.19903588985 0.22579690533 0.2613730509 0.24074270272 0.21455419113 0.18239822494 0.14431184539 0.052205313914 0.10446756275 
0.022456008165 -0.010254480112 0.022188101415 0.05261109431 0.075900159528 0.08368761667 0.070296926552 0.056399373115 0.024518344215 
0.25046228821 0.25761302355 0.19311840878 0.24807402718 0.24850866095 0.22933004839 0.20445195885 0.077496375716 -0.02185073609 
-0.053305129852 -0.062427307755 -0.045645976313 0.0071028521417 0.041836431177 0.071249879945 0.088760746728 0.068190348277 -0.039219860297 
-0.063290715901 0.173661809 0.17605191126 0.21277501178 0.23733206264 0.2224788174 0.17275497165 0.13212258918 0.025791047522 
-0.053443264362 -0.065021315145 -0.032160459791 0.086498135611 0.073363297545 0.074183906049 0.080029869018 0.045154885242 -0.037702234844 
-0.084004888801 -0.10615110013 0.14000989616 0.18754322578 0.21210468878 0.206145136 0.18491628279 0.11316030644 0.069395272045 
0.031678189414 -0.016886863273 -0.074288367232 -0.01102076679 0.033401168432 0.068750801779 0.089991618751 0.091109007732 0.074152319479 
0.056560600258 0.055960497031 0.072553675199 0.056068003309 -0.045853846089 -0.13903830698 0.082031258191 0.12432683815 0.13536489871 
0.16917753045 0.1882748452 0.19103176221 0.18688975047 0.15444995348 0.13217845116 0.086425674441 -0.05349219181 -0.085865826432 
-0.086902553391 -0.053335740571 -0.0060798438263 0.07094718418 0.091235242116 0.091892285308 0.04614368068 -0.065453905817 -0.17362794498 
0.016559135675 0.050890678937 0.087365871187 0.1047755601 0.15023263824 0.13082813461 0.13465152495 0.17749739065 0.16067502904 
0.04140553797 -0.0082347172158 -0.066226951546 0.050978993755 0.072294322902 0.041845125847 0.016596747959 0.016080932036 0.048382844271 
0.021576662517 0.032457005406 -0.063491095129 -0.19718845345 -0.23690495084 -0.098146172714 -0.025327046092 0.086765389844 0.14961189953 
0.1528653184 0.14825358511 0.13780070269 0.11341250709 0.075519328912 0.024534210108 -0.042650854298 -0.085551114788 -0.10769826905 
0.011011719207 0.092977972777 0.095685536045 0.075324067624 0.040688217937 -0.028566648744 -0.019397829441 -0.012759726553 0.0098437385469 
-0.067083792322 -0.22920848665 -0.27470761608 -0.32127607954 -0.12067392677 0.025346587737 0.05545594668 0.078987818446 0.079718760842 
0.10043986013 0.11368064495 0.11941971824 0.12084221294 0.10543528834 -0.12241477816 -0.07981795965 0.08793008754 0.10503411845 
0.08383440045 0.0010547491884 -0.048634826795 -0.019484995343 -0.10571526453 -0.25292256946 -0.36652761857 -0.17961298633 -0.042708396232 
0.010223220822 0.043005339206 0.031642359717 0.030255604658 0.12001782854 0.075944775979 -0.0029500581429 -0.054210915532 0.005273659025 
0.091508784446 0.11788643073 0.048691838921 0.00807789182 -0.033019436612 -0.057875812144 -0.061097331912 -0.080015557041 -0.053478658366 
-0.074619401537 -0.080750346384 -0.25589984124 -0.40968301549 -0.18602798045 -0.10193880611 -0.028847480367 6.6844612625e-05 -0.016248946536 
0.038729814451 0.058488919301 0.07755304478 0.085407316342 0.10831350325 0.11096742071 0.05590632205 -0.11804275645 -0.081731143779 
0.096130964977 0.057837022276 0.017334053029 -0.018971318417 -0.075380351553 -0.094774399418 -0.080826808591 -0.052538156712 -0.084527826068 
-0.30109025045 -0.42192797164 -0.22958863691 -0.035500277498 -0.057623786026 -0.022270765381 -0.015347707009 -0.0018667986181 0.025090634802 
0.045745568974 0.084429050554 0.10704731975 0.10507523787 0.032920450428 -0.0064117889357 0.083068252818 0.13366197464 0.10861213739 
0.066426423053 -0.04632892862 -0.062919701494 -0.092144557556 -0.086155708052 -0.076224584424 -0.096348614861 -0.24506219395 -0.3905908738 
-0.17181542864 -0.065701539941 -0.053635750814 -0.070488102789 -0.06116282053 0.042215546029 0.08281440941 0.044028288136 0.10670100647 
0.10415900333 0.014098764423 0.14282895814 0.1045292799 0.06704926361 0.025345971226 -0.010649590237 -0.073690339866 -0.094703876219 
-0.10355718554 -0.099648670971 -0.09627064447 -0.059424118422 -0.22283860459 -0.29553858796 -0.24711560856 -0.085821835534 -0.063444379407 
-0.083976195129 -0.083969646257 -0.10788368482 -0.10039374966 -0.087135924242 -0.052768886116 -0.019201339064 -0.060339729631 -0.00051169968399 
0.0018723141988 0.044562478517 0.082703388765 0.098033025179 0.11143995321 0.076008974733 -0.035818919776 0.063733916212 0.052541456195 
0.029967144233 -0.0015358778062 -0.038751855794 -0.059255408072 -0.080666013617 -0.10547314784 -0.079733196748 -0.12704671407 -0.24130432298 
-0.1800622416 -0.10118382403 -0.050472746718 -0.035828228383 0.0014740546321 0.00081874978229 0.040002748193 0.072109230293 0.061745725951 
-0.11881199077 -0.063755920834 0.038629516555 0.019189302629 -0.02868601153 -0.066988637747 -0.087393005104 -0.098409021584 -0.10445752991 
-0.070215878117 -0.10095777274 -0.17936540071 -0.098306003199 -0.060123735878 -0.079537708253 -0.10862919566 -0.13308168838 -0.1326609892 
-0.12198951923 -0.089219596299 -0.038821899134 -0.03855812407 0.020605146317 0.042814581105 -0.030728221728 -0.02146010293 -0.01982938857 
-0.00058047182066 -0.020650673211 -0.047189721139 -0.05847219542 -0.061863883576 -0.070502544105 -0.090688866713 -0.071921568458 -0.10295606524 
-0.095057944679 -0.23685217292 -0.18382774293 -0.076694593482 -0.10372108446 -0.14985712099 -0.13805751546 -0.12056497609 -0.070826572417 
-0.066607204689 -0.039382410419 -0.0062471547794 -0.0086697094803 -0.0029308266723 -0.079161482992 -0.11337271961 -0.080530213468 -0.066511141276 
-0.020833376207 -0.039155084967 -0.051753548048 -0.059536928587 -0.090500832747 -0.098064211193 -0.082441329815 -0.062600826095 -0.027610979981 
-0.09384502273 -0.22188967104 -0.14775844044 -0.059265993394 -0.1338697924 -0.15396069056 -0.14470169144 -0.1023539182 -0.089480834294 
-0.068681721113 -0.042191347209 -0.023011084391 -0.03272399057 -0.041733007512 -0.092301251759 -0.086510753486 -0.058372729501 -0.025852755741 
-0.036919202496 -0.057206563733 -0.077054619156 -0.062292810454 -0.040726904801 0.013598047219 -0.22179609178 -0.20334727668 -0.070140498936 
-0.08400016431 -0.065009897399 -0.15511064762 -0.15599018994 -0.13218187238 -0.11861498274 -0.10219718533 -0.087419118326 -0.087502543003 
-0.067389928726 -0.046934835649 -0.038762788704 -0.038087138124 -0.047141211096 -0.063068648219 -0.071547754858 -0.086582302783 -0.04843034641 
-0.077811423711 -0.04530414256 -0.049474892043 -0.056832181573 -0.056121378167 -0.066947497323 -0.050102901672 -0.069530228151 -0.015255540015 
0.033347138675 -0.15085044061 -0.104048187 -0.077597776876 -0.11970812875 -0.13152173629 -0.11877198001 -0.10905016696 -0.1019648668 
-0.085321451628 -0.091835730499 -0.091784557752 -0.080033410255 -0.06262614313 -0.045914197436 -0.040609237361 -0.024132145496 -0.028354866131 
-0.083116437102 -0.091977499327 -0.063418617006 -0.050433072829 -0.056683243687 -0.056332509563 -0.053305757043 -0.059257904881 -0.033099835036 
0.071791518179 0.10672230075 -0.187039777 -0.17795059439 -0.081788240836 -0.1240067874 -0.075290110246 -0.052652138628 -0.064364360086 
-0.063546615569 -0.081116845687 -0.090953970947 -0.082107435633 -0.066644269473 -0.050338299694 -0.034126926752 -0.026598506117 -0.038272559279 
-0.055653019021 -0.077256058626 -0.084070727612 -0.057064125613 -0.058271356465 -0.05642611292 -0.052889849504 -0.048577181022 -0.035319475936 
-0.022350483832 -0.030391787468 -0.0028259073471 0.20126534418 -0.15017216717 -0.095435813801 -0.067547282521 -0.064057452858 -0.014637497582 
-0.018309348378 -0.061872793347 -0.084456241087 -0.083429732655 -0.048310401648 -0.029767792643 -0.0059220231293 0.00075519005488 -0.0023419661267 
-0.018449474485 -0.045066289584 -0.08884624645 -0.082974375569 -0.069123609379 -0.062904958561 -0.057763535921 -0.051674881484 -0.039391124786 
-0.00041850290489 -0.0078975007085 0.027621471177 0.011867613467 0.084789021384 0.21101170283 0.30531654382 -0.12420891527 -0.09253872967 
-0.077322180671 0.010808255281 0.015805416932 -0.032269080745 0.048028265283 0.0044465618564 0.029927586634 0.043432454741 -0.027042480668 
-0.038028170745 -0.06625796942 -0.073299074007 -0.069251744671 -0.00910621723 0.02469490906 0.02991951264 0.020769371654 -0.069575723414 
-0.079247848383 -0.072230992189 -0.06013165382 -0.038530553047 -0.028801971323 0.0030538902401 -0.014128695683 0.039033685516 0.023643487239 
0.10287573211 0.26297790222 0.039831998788 0.07006380471 0.020130830295 0.091313741302 0.084964044282 0.07367451364 0.024371072257 
0.0045129572137 -0.049676324985 -0.073676565301 -0.061867172253 -0.047852365296 -0.024614293671 -0.0039363898224 0.024838995286 0.054882021587 
-0.0041331754135 -0.036036850591 -0.062008652508 -0.067570211961 -0.065437082188 -0.05684301328 -0.040954748554 -0.0057113881872 -0.022936509816 
0.061795856495 0.03463573412 0.012915678654 0.38027052068 0.13938191663 0.11433997128 0.092007185069 0.085694249594 0.11077609992 
0.11547004081 0.10858960507 0.10533396723 0.082906211938 0.057383899875 0.033184240003 -0.01552147957 0.0041453709069 -0.059584126788 
-0.057165442337 -0.043474983984 -0.02207889984 0.002483019627 0.030133547039 0.061049929956 0.055115984357 0.037470144758 0.0045931031378 
-0.070118779966 -0.066969709921 -0.053018130164 0.070711469891 0.056093090047 0.11354159656 0.19834665394 0.36042356829 0.42978382556 
0.16449073039 0.147837658 0.10571517443 0.097669060477 0.060832689477 0.04311041879 0.01960962219 -0.0032596093091 -0.029917443545 
-0.038313071431 -0.036975330883 -0.039955174842 -0.019137361395 0.068356096879 0.10174789049 0.084307598633 0.077836735766 0.049116110572 
-0.032238481336 -0.056631098646 -0.070937581873 -0.072513625989 -0.031957372698 -0.0093521868532 0.056589454199 0.035730285817 0.016226566881 
0.099478022333 0.083554610065 0.14973364336 0.26351971052 -0.015395657857 -0.016854968976 -0.031930934877 -0.0095565799242 -0.014912721982 
-0.025399781877 -0.014159530848 0.0063662712279 0.035839675575 0.072954645515 0.11061778045 0.11243777345 0.0049149279973 -0.038334833005 
-0.065381225986 -0.079961372271 -0.08186295586 -0.071266396182 -0.052146259649 -0.028407566524 -0.0043536805132 0.042056656576 0.41202433454 
0.19054352004 0.31381769238 0.44453155709 -0.015870596521 -0.032257025097 -0.015368370527 -0.013518175053 -0.015510381019 0.0097323017467 
0.03684839633 0.071038123751 0.11033746977 0.13328232796 0.098060436853 0.051928859491 0.091230038042 0.0060692169679 -0.067784076028 
-0.037101236976 -0.099733765713 -0.093022392621 -0.08179881671 -0.062007820212 0.016449752564 0.1145835748 0.086292742717 0.065666212461 
0.14321747815 0.43732801658 0.42948032246 -0.025929106145 -0.015978303463 -0.012128468376 -0.010222062095 -0.016774966931 0.0060197514621 
-0.015726123725 0.044885144339 0.091555510912 0.14135130535 0.13624651682 0.15429923162 0.12454459047 0.054161380946 -0.093585893103 
-0.1069161278 -0.041196629289 -0.02053997221 0.043823847958 0.03211168119 -0.014452210236 0.10490566721 0.19297049481 0.33991764108 
0.42791353712 -0.016066203338 -0.025011222688 0.0086028409175 -0.022580462555 0.012875286153 0.054640962286 0.13342306161 0.15464991051 
0.13927343874 0.1557653856 0.14855202924 0.096543312056 0.0076073543299 -0.035203754143 -0.071940235741 -0.11663118389 -0.11655788898 
-0.090814322422 -0.01701165984 -0.060593493115 -0.084069288558 0.053768279043 0.12330008586 0.39578902277 0.054514995667 0.10099344533 
0.087291468669 0.11438653564 0.1329990667 0.11414613978 0.1342369691 0.1236453395 0.053203945729 -0.086904798728 -0.049811923692 
-0.11538536806 -0.12469782979 -0.12532343831 -0.12139674265 -0.091103075068 -0.011558150453 -0.068423278241 0.058859724589 0.15836320985 
0.060529145277 -0.0056252665059 0.23006685299 0.38319601113 0.36131732067 0.100875131 0.11213327754 0.11720458772 0.11015598178 
0.090756615085 0.058217004677 0.082949553458 0.0097889173184 0.00037582136806 0.034081279132 -0.028344687224 -0.096669381156 -0.044230585012 
-0.058192736942 -0.083371782874 -0.057762336829 -0.037462074311 -0.048088491581 -0.005788107941 -0.020803337288 0.076429263049 -0.019283809688 
0.24792536824 0.062300246345 0.011047160881 -0.0085090937722 -0.074474220229 -0.021718548911 -0.091822681621 -0.03424000663 -0.049838397688 
-0.095512666781 -0.064500252439 -0.044288699203 -0.054880036461 -0.032140383027 -0.0035891959279 -0.014259335472 -0.0022952704159 -0.015250045449 
-0.0033525066494 0.012956845953 0.26224717151 0.081128291787 0.0033975357517 0.022936075225 0.017784364082 0.13248779297 0.16054774199 
0.08772468476 
AreaStrain 1 1000 double
0.36923245473 0.64883015979 0.48208748671 0.21195411672 0.18888444096 0.21456822508 0.40653934402 0.6963725453 0.58986356728 
0.38297438927 0.6448164586 0.63319028643 0.29329045447 0.16736891759 0.57264457941 0.4856596459 0.49600134829 0.3976550532 
0.28693727733 0.45560105143 0.38655176947 0.42840461399 0.28022230075 0.32721446902 0.25756762524 0.31051813147 0.36582794338 
0.3176799925 0.2746276526 0.32963226124 0.27237900791 0.2259096022 0.28099293868 0.14474456016 0.224872902 0.10798305549 
0.011901153565 0.031761661228 -0.051209815442 -0.082467169931 0.69206532677 0.7273406291 0.76507071348 0.53673911846 0.59778019803 
0.34632934593 0.26687594867 0.30092252428 0.23601521613 0.23511244518 0.22553939832 0.16321461466 0.19907657605 0.12418471936 
-0.010721944803 -0.022621748291 -0.084948918645 0.74971894681 0.74322370447 0.81353540279 0.81536047404 0.82744716766 0.59363738117 
0.37234142453 0.21508830998 0.13230758716 0.12577519201 0.17764960189 0.11461827267 0.12914970282 0.12524797595 0.18042811162 
0.080282342847 -0.059896697636 -0.089068466481 0.84224378723 0.89785002638 0.65722088791 0.31253905473 0.14433186457 0.12182819494 
0.057313513144 0.014070504911 0.039432520998 0.082893529281 0.1433238255 0.15708358064 0.17717153338 0.046714682475 0.21725521436 
0.020604213283 -0.092625371783 -0.11905416448 0.15494723401 -0.0075576936415 0.76335133788 0.77379090981 0.88129108361 0.95642817072 
0.77963884674 0.32361748465 0.4133267124 0.043171318538 -0.014116954392 0.0059288191905 -0.0066985739031 -0.019278077239 -0.023906041139 
0.040704395744 0.069084084194 0.23037168653 0.32354391888 0.23754209779 0.088582873988 0.94588052384 0.93321432908 0.13118776922 
0.089347070497 0.0052572539969 -0.021928882481 -0.058215426649 -0.082582046658 -0.071143270052 -0.050959559115 -0.088947565948 -0.11158909857 
-0.16067508724 -0.14496113587 0.20062964342 0.35224343876 0.35919422627 0.23307373585 0.12341259562 0.95313512012 0.95422852184 
0.96834300633 0.68085937763 0.57217362805 -0.021678309994 -0.056863596565 -0.076734809702 -0.11088272257 -0.099777140523 -0.139391748 
-0.14499421003 -0.047622342585 -0.055356029977 0.14414806618 0.33375317881 0.15328324832 0.77489971065 0.90298893718 0.67956193291 
0.2610391306 0.20091003094 0.0059930051381 -0.099764516067 -0.12053361399 -0.13928671252 -0.134393018 -0.15538255231 -0.14442245324 
-0.1508908774 -0.16791648501 -0.19737687329 -0.22772127601 -0.23911884069 -0.21647931124 0.035843717848 0.37822814166 0.27876522199 
0.21476801271 0.59384311061 0.29746823352 0.27235503748 0.024577367738 -0.15644911139 -0.18379670797 -0.18716305441 -0.19285194152 
-0.20127508575 -0.21659332304 -0.2093545865 -0.14341324272 0.25025331429 0.3820026715 0.31976803194 0.26398945048 0.46513735857 
0.0096297373559 0.0084887627145 -0.07087791119 -0.091531644185 -0.12864040522 -0.14045417964 -0.15153886586 -0.17161336869 -0.16597257285 
-0.18360624536 -0.24079825975 -0.25641151263 -0.25785593729 -0.24899313643 -0.20044171568 -0.063043954332 0.2588104431 0.35902415714 
0.29274906168 0.28863109459 0.080634354692 -0.079417359088 -0.11108623756 -0.12316624759 -0.12462055187 -0.16397971829 -0.19159373996 
-0.20215083647 -0.20637026219 -0.22414299255 -0.24671512571 -0.25216249848 -0.25296324064 -0.25039972631 0.072146767426 0.32339487557 
0.26591308413 0.022276826452 -0.11974876853 -0.1126350505 -0.10616586425 -0.10820762064 -0.12740309218 -0.14192256884 -0.17097525744 
-0.1893510569 -0.19905287112 -0.22664905293 -0.2165959259 -0.12239838149 0.021664605208 0.17033953903 0.29378404092 0.32474884026 
0.28592108262 0.32935255794 0.18768463371 0.13338362574 -0.1263569044 -0.098538824639 -0.088125277953 -0.11467442722 -0.13896860465 
-0.13332833445 -0.16471168957 -0.17158511714 -0.21673236636 -0.21958978081 -0.23129089394 -0.23330685068 -0.23104238622 -0.20509912107 
-0.14168120028 -0.054613856179 0.069157450442 0.22673704127 0.34308919396 0.39111014842 0.078774106023 -0.077955247756 -0.17299861111 
-0.16376063728 -0.10256576359 -0.091212620111 -0.074728508089 -0.094068845977 -0.06476171706 -0.088277201703 -0.1429241109 -0.11139546792 
-0.14450308385 -0.18144212492 -0.16973049502 -0.19663840433 -0.19890500988 -0.19975272852 0.19467983911 0.36972589248 0.4138682473 
0.14383548121 -0.076380763978 -0.18028389481 -0.19267439046 -0.13984900075 -0.097685482014 -0.069504442881 -0.053546817758 -0.047329664597 
-0.084436212538 -0.11276298219 -0.11812538655 -0.15582772976 -0.19647867401 -0.18138814975 -0.1570361684 -0.11806116814 -0.010368228297 
-0.059911151949 0.16812238271 0.36729434054 0.44243733634 0.41816058031 0.13964692293 0.031152013775 -0.130479898 -0.052626958055 
-0.027157472201 -0.0057014347432 -0.012891176804 -0.033703175254 -0.042350831723 -0.052272906955 -0.078669893047 -0.043142736767 -0.076774889427 
-0.088585987397 -0.1493706893 -0.14913345043 -0.15119735742 -0.15120079659 -0.16372945631 -0.16404363079 -0.076662752223 0.15223501455 
0.39086969344 0.49015171793 0.44804186297 0.48025400972 0.026162736926 -0.15479762031 -0.22969092472 -0.069333115984 -0.044898307737 
-0.035902529859 -0.012433550693 0.037946576421 0.013958372519 -0.0052876119393 -0.0053708541424 -0.043181786355 -0.087199218774 -0.085248149544 
-0.087115332502 -0.15152721448 -0.18905736212 0.16577575317 0.43967867859 0.51818269721 0.51269957146 0.07022886271 -0.13932682097 
-0.26092081507 -0.18723337833 -0.10458387107 -0.048141498559 0.020233881216 0.0066499724801 -0.013414353241 0.021479993089 -0.0096529653389 
-0.013281343619 -0.012314439242 -0.092477382185 -0.097245507816 -0.10238975444 -0.13961831745 -0.18844287863 -0.19349577959 -0.063969119157 
-0.17842533388 0.40514430733 0.54169327763 0.55453830277 -0.043172583073 -0.17660199755 -0.29578778727 -0.24202703511 -0.15100450611 
-0.017845528825 0.0028267728728 0.034390197667 0.068002363106 0.0582755856 0.036388641555 0.045154864235 0.061284517106 0.033996039107 
-0.012242728475 -0.017598946828 -0.028049488675 -0.035300487104 -0.1421062622 -0.14331015556 -0.049403395398 0.12614470779 0.4255466313 
0.6070127958 0.66369571435 -0.078375991831 -0.29462505867 -0.19894150039 -0.073922429683 -0.018087684653 0.021208607788 0.046251607867 
0.073397183831 0.084650576149 0.079253339668 0.064611004014 0.081173477454 0.11111301695 0.058495754881 0.064845114217 0.065569733609 
0.063936500534 -0.033407304744 -0.078537077939 -0.1784343055 -0.14115532643 0.13076956456 -0.01879704612 0.6201580851 0.71684860367 
-0.20565033699 -0.33054438262 -0.34880985694 -0.1135818502 -0.041704338175 0.10260489889 0.096641419035 0.12125406753 0.11070440629 
0.099282750781 0.12120445676 0.1316161304 0.1385648736 0.14166435833 0.053054951188 0.038427353067 -0.069010594602 -0.14192078653 
-0.095818685489 -0.11139674697 0.042756973374 0.31455600862 0.63756906511 0.75906006897 -0.21327027484 -0.35754694897 -0.37967244768 
-0.3260825806 -0.25936416196 -0.16307818973 -0.073299783573 -0.013670600517 0.014234242618 0.060353309728 0.053050490444 0.095099381177 
0.13571832672 0.12985159334 0.11617514767 0.14765378795 0.1369943685 0.1757606585 0.16243508177 0.17871723518 0.1970949303 
0.13933402194 0.12269734547 0.031737747265 0.0072738935716 -0.08131166306 -0.05692148579 0.12775159369 0.52098613273 -0.34090020322 
-0.31897309795 0.037837575277 0.097833460161 0.12744393534 0.15214267075 0.15760167733 0.14568955443 0.14793139888 0.18538922272 
0.21519344668 0.2391690734 0.20623415166 0.2145479266 0.1037845532 -0.00080675698905 -0.088622675564 -0.078990635718 -0.0071795387961 
0.22699906688 0.55167794209 0.769542797 -0.38208460902 -0.37398309821 -0.33314261867 -0.25160350126 -0.1841014737 -0.10494748519 
-0.027032739113 0.091967879837 0.155651615 0.17595398011 0.17484828832 0.18477652413 0.22120953282 0.25386514345 0.26477638946 
0.21192354345 0.1891363702 0.088580443139 0.07761955653 0.057427830985 -0.01750412529 -0.050731156481 -0.018734994965 -0.039223239053 
0.034937881612 -0.34929903648 -0.36651444249 -0.34916561559 -0.26262914938 -0.042621666269 0.037214234666 0.085043187254 0.13189534338 
0.17139638798 0.18017358417 0.1678814917 0.20958955454 0.21996798484 0.26236359073 0.26337160688 0.28732016684 0.29656164723 
0.27718124044 0.16127701252 0.14884567163 0.058259612891 -0.022483123747 -0.023816782491 -0.0066517478586 0.17967729275 0.48696885514 
0.7353145648 -0.35821221292 -0.38006878113 -0.31595986666 -0.20186671195 -0.1265892606 0.038780300821 0.11667699955 0.13996296681 
0.19332831439 0.18372552738 0.19215408334 0.24270145236 0.2530842395 0.30156286231 0.31995275984 0.30674945176 0.27323052385 
0.24120147513 0.13478278414 -0.00080712882902 0.056705047557 0.11941120423 0.65832378411 -0.30233094422 -0.32618931399 -0.35921251681 
-0.250531677 -0.29337177765 -0.13186275877 -0.045432382643 0.089143388966 0.10869986494 0.11675765805 0.17375298933 0.19480113863 
0.19356310426 0.20494620347 0.22537346685 0.27280618844 0.28528219984 0.30483751773 0.33104060659 0.31923996754 0.3236249303 
0.33202682561 0.31743355909 0.2098626472 0.19833646549 0.13207962872 0.0051182148083 -0.045574406789 -0.034186154979 0.085390305576 
0.40458853498 -0.37919767789 -0.35928087311 -0.23710719449 -0.1968281955 -0.028815257389 0.049351879722 0.097797218423 0.11290226381 
0.11542120712 0.13580131818 0.16458842367 0.19174931941 0.19352159727 0.23372717665 0.2566827577 0.2985836592 0.31299293536 
0.3317097271 0.32724770109 0.35483895805 0.27962641813 0.24465954337 0.19513400281 0.12540256342 0.058445347594 -0.023584663591 
0.24911418325 0.51501779263 -0.19951779739 -0.20500818882 -0.16346726948 -0.1037635858 0.061401290107 0.11190652479 0.12350608366 
0.11324761018 0.12577440719 0.18056109636 0.17856441449 0.18803979299 0.21744897492 0.25895115164 0.28287437223 0.33135729736 
0.33923800676 0.33028453931 0.34664631127 0.3454173047 0.29917093504 0.23404331192 0.18248096077 0.22873287549 0.036784560696 
-0.068212095187 0.10705868479 -0.015872466213 0.42684527419 -0.28542686699 -0.28374514939 -0.21081838387 0.02441500947 0.14190843928 
0.13789873058 0.10476736162 0.14606924173 0.15598059303 0.19906199116 0.24075319479 0.30068826027 0.3123352802 0.32695857832 
0.33543140078 0.33173988047 0.33060859776 0.35204633234 0.36994492819 0.35046184265 0.25909741303 0.24965071583 0.17821669179 
-0.0061516156407 0.051594417196 -0.065470515923 -0.061602134472 0.069075110162 0.32313558579 0.29222088551 0.036844255378 0.066523941544 
-0.09251853848 0.00025533633361 -0.003000935782 -0.0034658176124 0.15104257427 0.12795037531 0.16135450784 0.19283866753 0.11715161975 
0.096895283597 0.10957298739 0.12324837573 0.16242906243 0.27880248829 0.30148082922 0.31876339442 0.32474321365 0.32712665363 
0.33807804491 0.36380081789 0.29322781126 0.24245173296 0.21370660003 0.092540687336 0.156477891 -0.038748014645 0.017636545787 
-0.017020674967 0.16495611498 0.43162138742 0.33735841978 -0.021166971454 0.28069954266 0.28851008974 0.30522365159 0.18199480082 
0.15643964475 0.091043061953 0.1294125577 0.13071580906 0.16180121973 0.20606184347 0.2458538892 0.26974458535 0.3035034016 
0.32431163045 0.32264901939 0.32900926775 0.35054886775 0.32042938609 0.26055016315 0.24669658611 0.18283866353 0.22628680031 
-0.075806514883 0.052013141998 0.12267199507 0.22922674551 0.41963173031 0.32057062894 0.2560066882 0.24517338078 0.35409784984 
0.42502558016 0.40232792256 0.36685269778 0.35260309582 0.28775927163 0.282137835 0.1155136288 0.26360191919 0.09680148883 
0.096307318762 0.12424341809 0.1614573875 0.20034272141 0.23031131338 0.27892110705 0.30853855937 0.30864333713 0.30848502141 
0.34636033998 0.27960519738 0.2534193459 -0.053005941915 -0.010290543485 -0.067104852511 0.013893031864 0.13839232228 0.14916780371 
0.60332941506 0.54185033532 0.43739947956 0.38185530904 0.33902905295 0.3358157801 0.3386158258 0.16836305892 0.083567557501 
0.073518369703 0.067316653646 0.087217259584 0.12225857302 0.24399243191 0.25889162973 0.28900078159 0.28977183524 0.28805533201 
0.31565785259 0.32821058829 0.33802124547 0.31522189914 0.23539529795 0.20173216216 0.031476411365 0.082145408254 0.13945564307 
-0.06729555442 -0.023866944747 -0.080531225524 -0.0098725724545 0.3654899677 0.33021273734 0.39495623795 0.13146787916 0.11033989105 
0.075713326075 0.10046646799 0.15800531684 0.18757329146 0.20640298187 0.22553068868 0.26598282703 0.29360470388 0.30543763068 
0.32774807678 0.31018360602 0.28361533853 0.26089125845 0.24250028322 0.214546581 0.17331941791 0.073872408092 0.083987890922 
-0.101883427 -0.035242446318 0.069422176024 0.29901123122 0.373966954 0.26468934643 0.24233103374 0.11465485193 0.13075653831 
0.15416168414 0.16945598689 0.18799454357 0.23974195571 0.26446160178 0.27061382339 0.2504141941 0.2713170782 0.3083335261 
0.28037606257 0.28661332173 0.27417416939 0.25719874017 0.23211119562 0.12158024399 -0.064338471007 -0.0038192719186 0.027617675963 
-0.11721237579 0.011531596713 -0.040344524306 0.343050097 0.32936683116 0.26149587298 0.15712386856 0.33344849027 0.16769907188 
0.34084641506 0.16078200434 0.16402649123 0.2111271856 0.24591363384 0.23087248771 0.24908924181 0.25049403516 0.30084182326 
0.27281299335 0.19807494701 0.16120796732 0.065082534866 0.078965199418 0.13530830618 -0.056990559934 -0.13535560657 -0.075273305871 
-0.058780887106 0.37695279251 0.4350839299 0.31745470905 0.45018025254 0.39723131703 0.26034738947 0.19013638229 0.23016924895 
0.26945286067 0.26033457292 0.2547509015 0.25920436488 0.26021803066 0.27437256061 0.29429504573 0.31286552263 0.29459797387 
0.24189980039 0.14782151302 0.18884716326 0.23078151169 0.043486060168 -0.11890678679 -0.092837446604 0.33044313499 0.20611150172 
0.27781281887 0.26906306413 0.33535683381 0.35946225082 0.33130484668 0.30499870983 0.26709648306 0.33668878441 0.3150736982 
0.35780018226 0.3454064431 0.31972088894 0.30031018706 0.29243304784 0.16445700241 0.23581283409 -0.0039231974282 -0.11528840971 
-0.032839860681 0.15413308313 -0.011423941204 -0.039800259222 -0.03549730693 0.31690964789 0.40392976198 0.39931572502 0.38392722962 
0.33382708203 0.33986750542 0.38462010377 0.30704002823 0.35679876785 0.35821947969 0.35994805037 0.36681430949 0.36929193471 
0.37508845178 0.33476052548 0.28353441675 0.29756829614 0.35296773224 0.1262607992 0.3707994583 -0.0069566158661 0.28129707286 
0.21118359909 0.37430004437 0.36455746106 0.36171705366 0.37447897776 0.35879940204 0.36115397162 0.36097195681 0.35229497771 
0.35855733689 0.35752898547 0.35509561903 0.37748352255 0.35788403236 0.37937566333 0.37007241311 0.10594979683 0.22679333846 
0.36827831141 0.38179423629 0.10969624467 0.14196804927 0.32491740077 0.26804759593 0.29374393169 0.33274295772 0.39712500929 
0.40170042321 
NormalizedAreaStrain 1 1000 float
0.0257635 0.565855 0.243763 -0.278047 -0.32261 -0.272997 0.0978282 0.657691 0.451951 
0.0523084 0.558102 0.535644 -0.120932 -0.364171 0.418689 0.250663 0.27064 0.0806667 
-0.133204 0.192599 0.0592187 0.140065 -0.146175 -0.0554016 -0.189937 -0.0876534 0.0191871 
-0.0738191 -0.156982 -0.0507312 -0.161326 -0.25109 -0.144686 -0.407874 -0.253092 -0.478885 
-0.664484 -0.62612 -0.786394 -0.846773 0.649371 0.717512 0.790394 0.349332 0.467243 
-0.0184779 -0.171956 -0.106189 -0.231569 -0.233313 -0.251805 -0.372196 -0.302922 -0.447589 
-0.708184 -0.731171 -0.851567 0.760739 0.748193 0.884012 0.887537 0.910885 0.459241 
0.031769 -0.271993 -0.431898 -0.444517 -0.344312 -0.466068 -0.437998 -0.445535 -0.338945 
-0.532394 -0.803174 -0.859524 0.939467 1.04688 0.582063 -0.0837497 -0.408671 -0.452141 
-0.576762 -0.660294 -0.611302 -0.52735 -0.410618 -0.384039 -0.345236 -0.597236 -0.267807 
-0.647673 -0.866395 -0.917447 -0.388166 -0.702072 0.787073 0.807238 1.01489 1.16003 
0.818535 -0.0623498 0.110939 -0.60408 -0.714743 -0.676021 -0.700413 -0.724712 -0.733652 
-0.608846 -0.554025 -0.24247 -0.0624919 -0.228619 -0.51636 1.13966 1.11519 -0.434061 
-0.514884 -0.677318 -0.729833 -0.799926 -0.846995 -0.824899 -0.78591 -0.859291 -0.903027 
-0.997845 -0.967491 -0.299922 -0.00705376 0.0063729 -0.237251 -0.44908 1.15367 1.15579 
1.18305 0.627725 0.41778 -0.729349 -0.797315 -0.8357 -0.901662 -0.88021 -0.956733 
-0.967555 -0.779464 -0.794403 -0.409026 -0.0427709 -0.39138 0.80938 1.05681 0.625219 
-0.183231 -0.299381 -0.675897 -0.880186 -0.920305 -0.95653 -0.947077 -0.987622 -0.96645 
-0.978945 -1.01183 -1.06874 -1.12736 -1.14937 -1.10564 -0.618235 0.0431402 -0.14899 
-0.272611 0.459638 -0.112862 -0.161372 -0.639998 -0.989682 -1.04251 -1.04901 -1.06 
-1.07627 -1.10586 -1.09188 -0.964501 -0.204065 0.0504314 -0.0697857 -0.177532 0.21102 
-0.668872 -0.671076 -0.824386 -0.864282 -0.935964 -0.958785 -0.980197 -1.01897 -1.00808 
-1.04214 -1.15262 -1.18278 -1.18557 -1.16845 -1.07466 -0.809254 -0.187536 0.00604438 
-0.121977 -0.129932 -0.531714 -0.840882 -0.902056 -0.92539 -0.928199 -1.00423 -1.05757 
-1.07796 -1.08611 -1.12044 -1.16405 -1.17457 -1.17612 -1.17116 -0.548109 -0.0627798 
-0.173816 -0.644442 -0.918789 -0.905047 -0.892551 -0.896495 -0.933574 -0.961621 -1.01774 
-1.05324 -1.07198 -1.12529 -1.10587 -0.923907 -0.645624 -0.358433 -0.119978 -0.0601644 
-0.135167 -0.0512715 -0.324928 -0.42982 -0.931553 -0.877818 -0.857702 -0.908987 -0.955915 
-0.94502 -1.00564 -1.01892 -1.10613 -1.11165 -1.13425 -1.13815 -1.13377 -1.08366 
-0.961155 -0.792969 -0.553884 -0.249491 -0.0247368 0.068024 -0.535307 -0.838057 -1.02165 
-1.00381 -0.885597 -0.863666 -0.831824 -0.869184 -0.812572 -0.857996 -0.963556 -0.902653 
-0.966606 -1.03796 -1.01534 -1.06731 -1.07169 -1.07333 -0.311415 0.0267166 0.111985 
-0.40963 -0.835016 -1.03572 -1.05966 -0.957616 -0.87617 -0.821733 -0.790908 -0.778899 
-0.850576 -0.905294 -0.915653 -0.988482 -1.06701 -1.03786 -0.990816 -0.915529 -0.707501 
-0.803202 -0.362716 0.0220197 0.167171 0.120277 -0.417721 -0.627298 -0.939518 -0.789131 
-0.739933 -0.698487 -0.712375 -0.752577 -0.769281 -0.788447 -0.839438 -0.770811 -0.835777 
-0.858592 -0.976009 -0.97555 -0.979537 -0.979544 -1.00375 -1.00435 -0.835561 -0.393405 
0.0675596 0.25934 0.177998 0.240221 -0.636935 -0.986492 -1.13116 -0.821402 -0.774202 
-0.756825 -0.711491 -0.614173 -0.66051 -0.697687 -0.697848 -0.770886 -0.855914 -0.852145 
-0.855752 -0.980174 -1.05267 -0.367249 0.161843 0.313487 0.302895 -0.551814 -0.956607 
-1.19149 -1.04915 -0.889495 -0.780467 -0.648388 -0.674628 -0.713385 -0.645981 -0.70612 
-0.713128 -0.711261 -0.866109 -0.87532 -0.885257 -0.95717 -1.05148 -1.06124 -0.811041 
-1.03213 0.0951335 0.358902 0.383714 -0.770869 -1.02861 -1.25884 -1.15499 -0.979165 
-0.721945 -0.682013 -0.621043 -0.556115 -0.574904 -0.617182 -0.600249 -0.569091 -0.621804 
-0.711122 -0.721469 -0.741656 -0.755662 -0.961976 -0.964302 -0.782904 -0.443803 0.134544 
0.485078 0.59457 -0.83887 -1.25659 -1.07176 -0.830267 -0.722413 -0.646505 -0.59813 
-0.545694 -0.523956 -0.534382 -0.562666 -0.530672 -0.472839 -0.574478 -0.562214 -0.560814 
-0.563969 -0.752005 -0.839181 -1.03215 -0.960139 -0.434869 -0.723783 0.51047 0.697244 
-1.08472 -1.32598 -1.36126 -0.906876 -0.768032 -0.489274 -0.500794 -0.45325 -0.473628 
-0.495691 -0.453346 -0.433234 -0.419811 -0.413824 -0.584988 -0.613244 -0.820779 -0.961618 
-0.872564 -0.902655 -0.604881 -0.0798536 0.544102 0.778783 -1.09944 -1.37814 -1.42088 
-1.31736 -1.18848 -1.00249 -0.829064 -0.71388 -0.659977 -0.57089 -0.584997 -0.503772 
-0.42531 -0.436642 -0.463061 -0.402254 -0.422845 -0.347961 -0.373702 -0.34225 -0.30675 
-0.418325 -0.450462 -0.626166 -0.673422 -0.844541 -0.797427 -0.440699 0.318902 -1.34598 
-1.30363 -0.614383 -0.498491 -0.441293 -0.393583 -0.383038 -0.406048 -0.401718 -0.329362 
-0.27179 -0.225477 -0.289096 -0.273037 -0.486995 -0.689032 -0.858663 -0.840057 -0.701342 
-0.248985 0.378189 0.799033 -1.42554 -1.40989 -1.331 -1.17349 -1.0431 -0.890198 
-0.739692 -0.509821 -0.386805 -0.347587 -0.349723 -0.330545 -0.260169 -0.197089 -0.176012 
-0.278106 -0.322123 -0.516365 -0.537538 -0.576541 -0.721285 -0.785469 -0.723663 -0.76324 
-0.619985 -1.36221 -1.39546 -1.36195 -1.19479 -0.769804 -0.615587 -0.523197 -0.432694 
-0.356391 -0.339437 -0.363181 -0.282615 -0.262567 -0.180672 -0.178725 -0.132464 -0.114613 
-0.152049 -0.375939 -0.399952 -0.574935 -0.730903 -0.733479 -0.700322 -0.340395 0.253192 
0.732915 -1.37942 -1.42164 -1.2978 -1.07741 -0.932002 -0.612562 -0.462091 -0.41711 
-0.314026 -0.332575 -0.316294 -0.218653 -0.198597 -0.104952 -0.0694288 -0.0949333 -0.159681 
-0.221551 -0.427117 -0.689032 -0.577938 -0.45681 0.584194 -1.27148 -1.31756 -1.38135 
-1.17142 -1.25417 -0.942189 -0.775234 -0.515277 -0.4775 -0.461935 -0.351839 -0.311181 
-0.313572 -0.291584 -0.252125 -0.160501 -0.136401 -0.0986265 -0.0480107 -0.0708057 -0.0623354 
-0.0461057 -0.0742951 -0.282087 -0.304352 -0.432338 -0.677586 -0.775508 -0.75351 -0.522527 
0.0940599 -1.41996 -1.38149 -1.14549 -1.06768 -0.743135 -0.592141 -0.498561 -0.469383 
-0.464517 -0.425149 -0.369542 -0.317076 -0.313653 -0.235989 -0.191646 -0.110707 -0.0828729 
-0.0467182 -0.0553374 -0.00204006 -0.147326 -0.214871 -0.310538 -0.445236 -0.574576 -0.733031 
-0.206266 0.307373 -1.07288 -1.08348 -1.00324 -0.887911 -0.568866 -0.471306 -0.4489 
-0.468716 -0.444518 -0.338688 -0.342545 -0.324242 -0.267433 -0.187264 -0.141052 -0.047399 
-0.032176 -0.0494712 -0.0178656 -0.0202396 -0.109573 -0.235378 -0.33498 -0.245636 -0.616417 
-0.819237 -0.480671 -0.718134 0.137053 -1.23882 -1.23558 -1.09471 -0.640311 -0.413352 
-0.421098 -0.485097 -0.405315 -0.38617 -0.30295 -0.222417 -0.106642 -0.0841433 -0.0558959 
-0.0395291 -0.0466599 -0.0488452 -0.0074345 0.0271397 -0.0104952 -0.186981 -0.205229 -0.343217 
-0.699356 -0.58781 -0.813941 -0.806468 -0.554043 -0.0632806 -0.122998 -0.616302 -0.558971 
-0.866189 -0.68698 -0.69327 -0.694168 -0.395708 -0.440315 -0.375789 -0.314972 -0.461174 
-0.500303 -0.475814 -0.449398 -0.373713 -0.148918 -0.105111 -0.0717263 -0.0601752 -0.0555712 
-0.0344167 0.0152713 -0.121053 -0.219136 -0.274662 -0.508715 -0.385209 -0.762322 -0.653405 
-0.720352 -0.368832 0.146279 -0.0358068 -0.728361 -0.145253 -0.130166 -0.0978806 -0.335919 
-0.385283 -0.511608 -0.43749 -0.434973 -0.374926 -0.289429 -0.212564 -0.166415 -0.101204 
-0.0610089 -0.0642205 -0.0519346 -0.0103271 -0.0685081 -0.184175 -0.210936 -0.334289 -0.250361 
-0.833907 -0.587001 -0.450511 -0.244682 0.123118 -0.0682353 -0.192952 -0.213878 -0.00347164 
0.133538 0.0896931 0.0211666 -0.00635902 -0.131616 -0.142475 -0.464339 -0.17828 -0.500484 
-0.501439 -0.447475 -0.37559 -0.300476 -0.242587 -0.148689 -0.0914773 -0.0912749 -0.0915807 
-0.018418 -0.147367 -0.19795 -0.789863 -0.707351 -0.817098 -0.660636 -0.420144 -0.39933 
0.477962 0.359205 0.15744 0.0501467 -0.0325796 -0.0387866 -0.0333779 -0.362251 -0.526048 
-0.54546 -0.557439 -0.518998 -0.45131 -0.216159 -0.187379 -0.129218 -0.127729 -0.131044 
-0.0777252 -0.0534774 -0.0345264 -0.0785673 -0.232766 -0.297792 -0.626671 -0.528795 -0.41809 
-0.817466 -0.733576 -0.843033 -0.706544 0.0185342 -0.0496099 0.0754534 -0.43352 -0.474333 
-0.54122 -0.493405 -0.382258 -0.325143 -0.28877 -0.251821 -0.173681 -0.120325 -0.0974673 
-0.0543708 -0.0882996 -0.139621 -0.183516 -0.219042 -0.273039 -0.352677 -0.544776 -0.525236 
-0.884279 -0.75555 -0.553372 -0.109881 0.034909 -0.17618 -0.219369 -0.465997 -0.434894 
-0.389683 -0.360139 -0.324329 -0.22437 -0.17662 -0.164736 -0.203755 -0.163377 -0.0918734 
-0.145878 -0.13383 -0.157858 -0.190649 -0.23911 -0.45262 -0.811754 -0.694851 -0.634125 
-0.913889 -0.665198 -0.765406 -0.0248123 -0.0512439 -0.182348 -0.383961 -0.0433595 -0.363533 
-0.0290691 -0.376895 -0.370628 -0.279644 -0.212448 -0.241503 -0.206314 -0.2036 -0.106345 
-0.160487 -0.304857 -0.376072 -0.561755 -0.534938 -0.426102 -0.79756 -0.948936 -0.832877 
-0.801019 0.0406767 0.152967 -0.0742542 0.182128 0.0798481 -0.184567 -0.320192 -0.242861 
-0.166978 -0.184592 -0.195378 -0.186775 -0.184817 -0.157475 -0.118991 -0.083119 -0.118406 
-0.220202 -0.40193 -0.322682 -0.241679 -0.603472 -0.917162 -0.866805 -0.0491648 -0.289333 
-0.150829 -0.167731 -0.0396732 0.00689063 -0.0475003 -0.0983152 -0.17153 -0.0371003 -0.0788536 
0.00368006 -0.0202606 -0.0698767 -0.107372 -0.122588 -0.369796 -0.23196 -0.695052 -0.910173 
-0.750909 -0.389738 -0.70954 -0.764354 -0.756042 -0.0753071 0.0927874 0.0838745 0.054149 
-0.0426282 -0.03096 0.0554874 -0.094372 0.00174565 0.00449 0.00782904 0.0210924 0.0258784 
0.0370754 -0.040825 -0.139777 -0.112668 -0.00565466 -0.443579 0.0287904 -0.700911 -0.144099 
-0.279535 0.0355524 0.0167329 0.0112462 0.0358981 0.00561022 0.0101585 0.00980689 -0.0069542 
0.00514263 0.00315619 -0.00154428 0.0417019 0.00384203 0.0453569 0.027386 -0.482813 -0.249382 
0.0239204 0.0500287 -0.475576 -0.413237 -0.0598387 -0.169693 -0.120056 -0.0447223 0.0796428 
0.088481 
