# vtk DataFile Version 5.1
vtk output
ASCII
DATASET POLYDATA
POINTS 1000 float
-5.01066 -4.32886 -2.31908 -5.1955 -4.03669 -2.26999 -4.80415 -4.58399 -2.34653 
-4.60212 -4.7851 -2.27787 -4.38884 -4.9453 -2.20271 -4.88693 -4.49476 -1.76782 
-5.11083 -4.17408 -1.66467 -4.64925 -4.72274 -1.65152 -6.30192 -2.20164 -2.47605 
-6.13599 -2.52683 -2.43564 -6.44834 -1.81565 -2.49362 -5.76547 -3.13437 -2.24337 
-5.94774 -2.8433 -2.27001 -5.37792 -3.7269 -2.29215 -5.56753 -3.43738 -2.23396 
-6.079 -2.56684 -1.85283 -6.28029 -2.14138 -1.86068 -5.60231 -3.37588 -1.63228 
-5.83792 -2.9295 -1.5646 -5.34718 -3.79346 -1.69132 -5.37672 -3.59064 -1.05511 
-4.87836 -4.37113 -1.10357 -5.14612 -3.96662 -1.03865 -4.18068 -5.0631 -2.03643 
-4.92901 -4.03639 -0.532467 -4.39871 -4.89399 -1.49812 -4.58009 -4.6197 -0.943621 
-3.96407 -5.18926 -1.98274 -4.14887 -5.0404 -1.36379 -4.28242 -4.80567 -0.774179 
-4.67419 -4.28643 -0.423152 -3.74029 -5.30859 -2.04352 -3.49089 -5.3898 -2.06267 
-3.91349 -5.18373 -1.38272 -3.97931 -4.9697 -0.674191 -3.66934 -5.30491 -1.55744 
-3.22234 -5.40109 -2.02923 -3.41015 -5.31732 -1.39633 -6.57324 -1.3928 -2.46928 
-6.70239 -0.962988 -2.48978 -6.45072 -1.68528 -1.85695 -6.61795 -1.17032 -1.89173 
-6.03826 -2.40351 -1.28261 -6.23186 -1.93059 -1.23402 -5.61738 -3.13494 -1.00868 
-5.78974 -2.65452 -0.872707 -6.42745 -1.45317 -1.25466 -5.35808 -3.29791 -0.534992 
-5.09699 -3.6261 -0.37075 -4.38594 -4.47775 -0.267904 -3.69092 -5.16322 -0.903159 
-3.63602 -4.96228 -0.296699 -3.36163 -5.14969 -0.670598 -2.93817 -5.3564 -1.8849 
-3.10715 -5.28463 -1.22895 -6.83966 -0.550353 -2.51548 -6.9735 -0.1606 -2.45279 
-7.10157 0.276113 -2.43696 -6.79228 -0.645273 -1.93471 -6.5993 -0.968801 -1.27649 
-6.9623 -0.0838479 -1.84756 -6.76683 -0.501727 -1.35865 -5.96355 -2.13031 -0.740795 
-6.19521 -1.59498 -0.758863 -5.51538 -2.84839 -0.420239 -4.76166 -3.83771 -0.0340234 
-4.461 -4.09882 0.110693 -4.09679 -4.6441 -0.148301 -3.80818 -4.75378 -0.0239484 
-3.32735 -4.91078 -0.0487974 -2.64359 -5.30289 -1.83122 -3.00925 -5.09888 -0.463938 
-2.7814 -5.23656 -1.09068 -2.30782 -5.24046 -1.8978 -2.43272 -5.22831 -1.3779 
-7.18682 0.655104 -2.25298 -7.0532 0.362675 -1.60597 -6.83617 -0.0951065 -1.0953 
-5.94874 -1.74046 -0.400573 -6.38678 -1.08441 -0.7295 -6.58048 -0.562921 -0.74658 
-5.67388 -2.33734 -0.325317 -5.18369 -3.12811 -0.0773027 -4.87219 -3.41722 0.13569 
-4.14424 -4.28986 0.276868 -3.83667 -4.45877 0.382783 -3.49551 -4.64842 0.351661 
-2.99843 -4.87717 0.093958 -2.39121 -5.1495 -0.808692 -2.64168 -5.07391 -0.377005 
-1.98813 -5.17142 -1.89617 -2.06835 -5.16314 -1.36465 -1.65927 -5.09314 -1.89855 
-1.69192 -5.08416 -1.38889 -2.01238 -5.09242 -0.782313 -7.26456 1.09639 -2.09755 
-7.13657 0.86996 -1.47618 -6.13435 -1.2175 -0.358452 -6.93381 0.442652 -0.952643 
-5.33563 -2.65168 0.0124101 -4.52259 -3.68252 0.369707 -4.20057 -3.91974 0.553708 
-3.1153 -4.65828 0.463381 -2.67298 -4.88715 0.130363 -2.24192 -5.01578 -0.221373 
-2.33121 -4.87345 0.211736 -1.86382 -4.96629 -0.175064 -1.30487 -5.00354 -1.93221 
-1.62644 -5.02352 -0.822517 -0.943523 -4.90873 -1.96183 -1.31078 -4.99484 -1.41385 
-7.27281 1.46777 -1.7469 -5.86431 -1.36373 -0.0422142 -6.31263 -0.725805 -0.324154 
-6.4784 -0.289612 -0.328199 -6.69946 0.0299829 -0.575236 -5.432 -2.176 0.140162 
-5.69479 -1.86795 -0.0664437 -4.96474 -2.95923 0.280802 -5.0967 -2.5 0.355294 
-4.60381 -3.25633 0.499535 -3.84711 -4.10431 0.746326 -3.55072 -4.31827 0.753615 
-3.18954 -4.4035 0.803989 -2.71626 -4.66018 0.535835 -1.95301 -4.84538 0.277158 
-1.49907 -4.9131 -0.225194 -1.22682 -4.92787 -0.768198 -1.13525 -4.79598 -0.0261735 
-0.938046 -4.89837 -1.39463 -0.857859 -4.82678 -0.635143 -0.579942 -4.81061 -1.95371 
-0.602156 -4.80957 -1.29734 -7.33251 1.93483 -1.72052 -7.05332 1.0535 -0.960884 
-6.07342 -0.803305 -0.0287009 -6.53382 0.192233 -0.158116 -6.79098 0.564922 -0.465472 
-5.20673 -2.00209 0.460069 -5.53346 -1.57662 0.294829 -4.69464 -2.81262 0.579158 
-4.25277 -3.49605 0.742021 -3.93347 -3.73198 0.932624 -3.55042 -3.87234 1.14982 
-3.29614 -4.10112 1.09744 -2.78327 -4.41729 0.856888 -2.35101 -4.67175 0.594286 
-1.99277 -4.6822 0.622812 -1.52206 -4.79155 0.303783 -0.233733 -4.71905 -1.92044 
-0.398772 -4.71737 -0.652049 0.127369 -4.62535 -1.8215 -0.234295 -4.7191 -1.3453 
-7.15604 1.61698 -1.04713 -5.77753 -1.01157 0.248492 -6.27736 -0.222074 0.00405955 
-6.88649 1.08745 -0.438729 -4.82878 -2.37535 0.619682 -4.31493 -3.04723 0.832323 
-3.98687 -3.24968 1.07769 -3.68952 -3.50666 1.24706 -2.91884 -4.11611 1.17573 
-2.35832 -4.43304 0.908641 -1.62345 -4.67379 0.615707 -1.139 -4.62814 0.538885 
-0.824502 -4.63532 0.326062 -0.682099 -4.70421 -0.0846442 0.0645742 -4.63319 -1.06883 
0.0708093 -4.57231 -0.392458 0.461117 -4.5345 -1.62355 -7.31854 2.26781 -1.40915 
-5.7476 -0.573902 0.475406 -6.01501 -0.404119 0.241294 -6.37174 0.381357 0.151716 
-6.63004 0.718536 -0.0800617 -6.9952 1.59979 -0.504804 -4.89137 -1.91565 0.734808 
-5.22085 -1.52956 0.635657 -5.47007 -1.09463 0.566361 -4.39748 -2.61858 0.861506 
-4.54963 -2.16488 0.8597 -3.10315 -3.79367 1.40385 -3.33078 -3.48678 1.47875 
-2.54094 -4.14614 1.1742 -1.96901 -4.47037 0.934319 -1.60697 -4.48312 0.924393 
-1.25839 -4.51987 0.806507 -0.360281 -4.51756 0.364309 -0.270252 -4.60332 -0.0809672 
0.834706 -4.42432 -1.46306 0.459185 -4.51466 -0.896096 -7.16009 2.13837 -0.787699 
-5.48893 -0.562292 0.742629 -6.12632 0.118097 0.338683 -5.84775 -0.0216012 0.583359 
-6.46312 0.930263 0.233371 -6.73063 1.25541 -0.0528444 -4.88885 -1.48071 0.888718 
-4.17346 -2.26924 1.07188 -3.97209 -2.76548 1.17493 -3.63591 -3.10637 1.39453 
-2.66825 -3.79092 1.4595 -2.15372 -4.17028 1.20141 -1.81761 -4.22765 1.2122 
-1.41125 -4.23424 1.22518 -1.13634 -4.33766 1.06446 -0.811981 -4.40141 0.867949 
-0.633877 -4.47252 0.650495 0.0908667 -4.45923 0.171614 0.487457 -4.42534 -0.179681 
0.880269 -4.37649 -0.708075 -7.355 2.74608 -1.30469 -6.16812 0.639925 0.481107 
-6.90912 1.83738 -0.206443 -4.49452 -1.72408 1.0045 -5.14344 -1.02325 0.878471 
-3.76999 -2.31628 1.31499 -3.50491 -2.7088 1.49139 -3.20695 -3.08893 1.62488 
-2.91061 -3.44033 1.61823 -2.21273 -3.88822 1.4015 -2.25899 -3.59798 1.55602 
-1.41822 -3.96692 1.46963 -0.21046 -4.35687 0.695618 0.148559 -4.33058 0.540543 
1.23378 -4.30954 -1.31983 -7.14114 2.4873 -0.580613 -5.21501 -0.458034 0.989835 
-5.54039 -0.0184067 0.856528 -5.85768 0.499118 0.72874 -6.35819 1.26797 0.453045 
-6.6348 1.54332 0.181026 -6.85828 2.13931 -0.022275 -4.26589 -1.3166 1.17305 
-4.68043 -1.18504 1.08051 -4.05323 -1.82124 1.16991 -3.02658 -2.6708 1.65944 
-2.49166 -3.35813 1.65535 -2.74795 -3.03191 1.70958 -1.78559 -3.91061 1.44801 
-1.80656 -3.57978 1.58081 -0.905987 -4.11235 1.31509 -0.646752 -4.19758 1.14388 
-0.300388 -4.23877 0.968668 0.555946 -4.30096 0.312984 0.99691 -4.26505 -0.0463687 
1.37404 -4.25025 -0.658186 1.76313 -4.18947 -1.30536 -7.34219 3.13291 -1.05674 
-7.0581 2.70727 -0.285328 -5.13418 -0.0122639 1.12147 -5.50528 0.454883 0.96618 
-6.0752 1.08384 0.678774 -6.57675 1.89681 0.340877 -4.88305 -0.708566 1.11976 
-3.58226 -1.86517 1.34675 -3.30078 -2.28181 1.52412 -2.51835 -2.62693 1.69318 
-1.97056 -3.25922 1.64949 -2.24688 -2.97302 1.69197 -1.41019 -3.61439 1.64655 
-1.02337 -3.6633 1.68325 -0.964807 -3.92375 1.51192 -0.453151 -3.90354 1.46271 
-0.21211 -4.03998 1.24763 0.172669 -4.17243 0.889978 0.578445 -4.15839 0.706559 
0.973141 -4.1396 0.498907 -7.33945 3.53843 -0.900622 -7.13638 3.11335 -0.370155 
-5.75679 0.982391 0.874603 -6.30017 1.71203 0.598943 -6.78917 2.44526 0.164074 
-4.02149 -0.8636 1.27958 -4.46801 -0.791492 1.2371 -4.72692 -0.276593 1.25665 
-3.81796 -1.38457 1.25464 -3.06933 -1.84771 1.48226 -2.785 -2.24869 1.62054 
-1.47143 -3.21341 1.69365 -0.539851 -3.64561 1.68318 0.0761547 -3.80666 1.46111 
0.219907 -3.98849 1.18889 0.637684 -3.9966 1.01094 1.35267 -4.1093 0.340408 
1.59929 -4.14424 -0.0918426 2.31732 -4.09666 -1.42457 1.94556 -4.14284 -0.73513 
-4.82126 0.311802 1.26958 -5.17709 0.540697 1.14066 -5.99822 1.54993 0.794082 
-6.52438 2.30577 0.478444 -6.83123 2.86931 0.188048 -3.58365 -0.931192 1.29003 
-4.23725 -0.385293 1.32955 -3.32911 -1.41659 1.34181 -2.53491 -1.80087 1.53387 
-2.25363 -2.18491 1.62006 -1.99121 -2.55821 1.65806 -1.70278 -2.87541 1.66834 
-1.02635 -3.312 1.77619 -0.586006 -3.33984 1.80859 -0.0591707 -3.60718 1.6568 
0.736535 -3.81193 1.26881 0.579103 -3.69533 1.46399 1.05435 -3.97747 0.859801 
1.44467 -3.95628 0.75291 1.8171 -3.96969 0.548049 2.10185 -4.03825 -0.0391357 
2.86205 -4.0125 -1.49978 2.50252 -4.04657 -0.795007 -7.2837 3.83904 -0.648204 
-5.67368 1.5031 0.927074 -5.88975 1.99809 0.882494 -7.06555 3.38429 -0.14432 
-4.44912 0.0843012 1.34464 -5.41017 1.0008 1.0388 -6.22769 2.14791 0.715772 
-6.50838 2.72012 0.564933 -3.76582 -0.328987 1.33176 -3.07018 -0.958653 1.30454 
-2.7912 -1.38855 1.40734 -1.44505 -2.40673 1.62255 -1.72909 -2.08134 1.58014 
-1.19005 -2.70022 1.68705 -1.00236 -2.97094 1.76686 -0.522825 -2.95111 1.82863 
-0.097211 -3.31966 1.79957 0.452541 -3.52625 1.64671 1.14983 -3.78822 1.15525 
1.53329 -3.7693 1.06768 2.37241 -3.88246 0.473385 3.39517 -3.92161 -1.48312 
3.11021 -3.94548 -0.895977 -5.27725 1.44174 1.06687 -5.51249 1.94199 0.999711 
-4.49958 0.648821 1.32887 -4.93608 0.926884 1.21388 -6.09494 2.48188 0.835301 
-6.77115 3.22156 0.356088 -7.00465 3.70683 0.0315603 -3.33511 -0.52042 1.28884 
-4.05464 0.139346 1.36858 -2.26688 -1.28927 1.41867 -1.9974 -1.69161 1.51617 
-0.630915 -2.60702 1.74691 -0.0804845 -2.97271 1.843 0.390995 -3.28492 1.78726 
1.06426 -3.41405 1.62063 1.16726 -3.58918 1.41484 1.86143 -3.77463 0.992304 
2.17975 -3.78501 0.891011 2.70924 -3.93671 -0.175007 -7.22769 4.14739 -0.473847 
-4.0578 0.698978 1.35226 -4.45957 1.21047 1.27062 -4.8758 1.44103 1.17403 
-5.71804 2.39843 0.992113 -6.28395 2.87904 0.765108 -6.50502 3.23495 0.656598 
-6.71001 3.61769 0.524457 -3.27379 -0.0114703 1.28591 -3.63918 0.325186 1.33988 
-2.56088 -0.854712 1.30316 -2.86474 -0.406684 1.24462 -1.46638 -1.56875 1.46817 
-1.16929 -1.92542 1.535 -0.8373 -2.2256 1.61406 -0.309805 -2.23881 1.65964 
-0.0364958 -2.52828 1.77256 0.403445 -2.97045 1.85073 0.894223 -2.94213 1.87069 
0.894989 -3.24708 1.76673 1.62418 -3.35195 1.53339 1.62923 -3.56286 1.31304 
2.03885 -3.55817 1.24769 2.66322 -3.67521 0.939859 2.94843 -3.78788 0.360157 
3.82852 -3.85422 -1.31853 -7.16348 4.44672 -0.326097 -5.10822 1.93385 1.09087 
-5.30946 2.38729 1.08688 -6.94379 4.03666 0.164997 -3.96943 1.22726 1.28431 
-5.92264 2.83887 0.953954 -2.7515 0.15859 1.19731 -2.36286 -0.259154 1.20166 
-2.0449 -0.727823 1.28647 -1.73788 -1.14927 1.38097 -0.622138 -1.68149 1.46541 
0.435052 -2.59452 1.81808 0.923011 -2.60878 1.87944 1.32378 -2.95261 1.84271 
1.56952 -3.11638 1.72787 2.10976 -3.35197 1.43887 2.56611 -3.34353 1.41492 
2.37341 -3.57855 1.19374 3.18156 -3.59279 0.876855 3.36303 -3.84748 -0.423984 
3.53935 -3.71083 0.168852 4.32853 -3.77388 -1.28577 3.92705 -3.79164 -0.67154 
-7.08789 4.73183 -0.214673 -4.63037 1.8327 1.15256 -4.84975 2.34118 1.10335 
-3.57152 0.913386 1.29813 -5.51562 2.80133 1.09196 -6.17287 3.24199 0.86009 
-6.3936 3.61792 0.775015 -6.86432 4.34771 0.263195 -3.15042 0.547919 1.25526 
-6.61514 3.97673 0.626148 -1.4941 -0.564895 1.21917 -1.20044 -0.982804 1.29928 
-0.939839 -1.36721 1.38714 -0.40171 -1.12247 1.27584 -0.212094 -1.79975 1.50712 
0.208432 -1.97733 1.60082 0.560525 -2.14075 1.70214 1.00144 -2.18472 1.7952 
1.48788 -2.57092 1.89075 1.8078 -2.72122 1.84977 2.11272 -2.8581 1.77519 
2.08548 -3.12584 1.62542 2.51959 -3.12121 1.57788 2.85864 -3.45477 1.28307 
-4.35405 2.25124 1.08825 -5.04871 2.78312 1.13726 -3.54222 1.5656 1.18999 
-4.14498 1.70141 1.19158 -5.77107 3.20817 1.03012 -6.02587 3.59365 0.933739 
-2.20211 0.318326 1.10929 -2.62255 0.720538 1.13953 -3.09718 1.11739 1.20141 
-1.83098 -0.165597 1.15724 -0.937433 -0.385765 1.09924 -0.622627 -0.757899 1.16895 
-0.0109297 -1.25628 1.3121 0.381695 -1.4335 1.39546 0.779787 -1.59034 1.51654 
1.41421 -2.26159 1.86136 2.94351 -3.08944 1.58423 3.11248 -3.22024 1.49858 
3.37397 -3.37195 1.28626 3.74619 -3.53007 0.711739 4.12845 -3.65069 -0.0266182 
4.82648 -3.69996 -1.13265 4.44226 -3.72523 -0.730337 -6.99796 4.99489 -0.126389 
-4.5749 2.75686 1.08072 -6.76521 4.62647 0.347397 -2.97621 1.66797 1.09289 
-3.82827 2.12781 1.07874 -5.29664 3.16927 1.14885 -5.58022 3.54743 1.084 
-6.24773 3.97121 0.847465 -6.48775 4.2962 0.700148 -2.06499 0.898561 1.00896 
-1.64879 0.400524 1.02439 -1.25629 0.058389 1.04047 0.0305837 -0.612258 1.06427 
0.936204 -1.01535 1.28849 1.18452 -1.69011 1.64127 1.60043 -1.79637 1.74357 
1.92773 -2.03236 1.81162 2.10039 -2.29148 1.84494 2.29576 -2.51691 1.84237 
2.69192 -2.50173 1.83289 2.55592 -2.83534 1.74262 2.94866 -2.86183 1.70537 
3.91451 -3.31888 1.16997 4.35252 -3.4992 0.437572 -6.89659 5.24974 -0.0594681 
-4.06703 2.68401 1.00076 -4.78859 3.19604 1.14831 -6.68041 4.90109 0.408858 
-3.29414 2.13478 1.02721 -5.86126 3.93024 0.987289 -6.38658 4.59555 0.77721 
-2.57041 1.26742 1.07358 -1.48912 0.933039 0.884242 -0.695446 0.209904 0.895441 
-0.330922 -0.212614 0.954947 0.490195 -0.823969 1.15602 1.38447 -1.12463 1.42011 
1.79779 -1.27026 1.54918 2.49538 -1.81344 1.72846 2.67273 -2.15719 1.81829 
3.0681 -2.54726 1.81305 3.4179 -2.89889 1.66666 3.58921 -3.11874 1.53928 
5.2611 -3.64791 -1.01545 4.80587 -3.63514 -0.419754 -3.53851 2.65027 0.930037 
-4.29612 3.1707 1.04259 -2.40143 1.8475 0.943954 -2.74093 2.21382 0.93514 
-5.07364 3.5445 1.16751 -5.40948 3.88837 1.10392 -6.08388 4.31199 0.926202 
-6.04492 4.67398 1.00186 -1.58886 1.44786 0.796789 -2.07139 1.48607 0.921204 
-1.00361 0.706224 0.835832 -0.11629 0.368295 0.737212 0.263441 -0.00170322 0.819726 
0.652884 -0.218835 0.904916 1.08418 -0.455935 1.05386 1.56328 -0.541666 1.16844 
2.01696 -0.667723 1.28527 2.1631 -1.55717 1.66804 2.35849 -1.05708 1.46398 
2.97408 -1.74892 1.70789 3.17441 -2.22127 1.83893 3.40131 -2.63482 1.76467 
3.88234 -2.86786 1.63996 4.47819 -3.28983 0.960931 4.11463 -3.08114 1.45077 
4.91133 -3.48103 0.220881 5.36341 -3.59872 -0.497046 -6.61121 5.18113 0.425792 
-6.75073 5.47407 0.0495643 -3.17179 3.15081 0.78525 -3.76224 3.13766 0.903998 
-4.54115 3.61471 1.13254 -4.00287 3.56876 0.982224 -2.11365 2.37468 0.769596 
-2.99405 2.69332 0.852133 -4.96536 3.94901 1.15198 -5.66458 4.21937 1.03811 
-5.72127 4.51476 1.04882 -6.34775 4.91299 0.827225 -1.02865 1.38707 0.660084 
-0.394453 0.80748 0.667875 -0.539912 1.32532 0.550483 0.245242 0.949798 0.488867 
0.484497 0.555798 0.595533 0.981499 0.469099 0.619141 1.22372 0.105876 0.806426 
2.7369 -1.28662 1.52869 3.16588 -1.35731 1.55597 3.52468 -1.56929 1.67419 
3.20333 -1.9411 1.78441 3.6043 -2.27572 1.81698 3.83701 -2.56982 1.73871 
4.40458 -2.82634 1.57726 4.65823 -3.03881 1.33747 5.00097 -3.26606 0.815931 
5.7213 -3.60224 -0.943336 -1.74655 2.03265 0.725553 -2.45737 2.70789 0.774362 
-4.10799 3.97003 1.03612 -4.55076 4.05689 1.12956 -5.256 4.27996 1.10175 
-5.67716 4.81814 1.1165 -0.588066 1.96827 0.352639 -1.17459 1.93045 0.554129 
-6.02562 5.00129 1.05849 0.0422311 1.38139 0.389879 1.70288 0.0607654 0.889151 
2.14351 -0.0268486 0.973403 2.6088 -0.0580445 0.990218 2.55797 -0.559327 1.23351 
2.96944 -0.733475 1.27809 3.36993 -0.870652 1.34746 3.70794 -1.11409 1.49801 
3.68208 -1.88577 1.78332 4.09756 -2.25888 1.75923 4.2209 -2.61862 1.67924 
5.4353 -3.45085 0.140093 5.88559 -3.57324 -0.478731 -6.58529 5.64209 0.179062 
-2.53363 3.20476 0.680658 -2.85878 3.61378 0.668579 -3.43914 3.57319 0.804111 
-6.36926 5.2742 0.708246 -1.25257 2.46662 0.445491 -1.60665 2.73232 0.532777 
-1.98308 3.0391 0.599984 -4.82116 4.41151 1.11218 -5.31264 4.62563 1.0976 
-0.0915402 1.90563 0.2365 0.700866 1.4644 0.233529 0.937897 1.03968 0.377872 
1.5135 1.05199 0.370736 1.67375 0.622707 0.598674 2.21747 0.631274 0.624455 
3.09927 -0.168072 1.00588 4.00054 -1.34906 1.62664 4.12161 -1.96092 1.76492 
4.4857 -2.34598 1.69468 4.71542 -2.55615 1.63453 4.93406 -2.77963 1.52241 
5.19039 -3.02046 1.22906 5.50698 -3.23321 0.735073 6.13926 -3.54261 -0.807282 
5.91373 -3.38177 0.239351 -6.41627 5.85131 0.215147 -2.30121 3.70437 0.549421 
-3.03284 4.02954 0.668305 -3.59166 3.97912 0.85018 -3.73992 4.36913 0.897975 
-6.28702 5.53535 0.666804 -0.732825 2.4686 0.235798 -0.953734 3.04681 0.169766 
-4.24653 4.39087 1.04953 -4.91134 4.79769 1.08794 -5.27413 4.96248 1.14219 
-0.110497 2.58517 -0.0230575 -5.6306 5.10833 1.19175 -5.98631 5.29385 1.06136 
0.498907 1.92227 0.0949334 1.33772 1.55679 0.131686 2.66433 0.541768 0.669205 
3.12541 0.414157 0.708442 3.56457 -0.30044 1.07032 3.56281 0.297925 0.746765 
3.91629 -0.608448 1.26638 4.24941 -0.900122 1.45531 4.16428 -1.60367 1.70956 
4.67097 -2.03027 1.69073 5.0026 -2.26663 1.63865 5.19379 -2.51088 1.59793 
6.53568 -3.47194 -0.646217 5.82662 -3.05952 1.00704 6.27948 -3.48581 -0.307004 
-6.17749 6.0443 0.274716 -1.84418 3.55955 0.454048 -2.4439 4.11002 0.520073 
-3.20971 4.41944 0.689062 -6.14669 5.76674 0.64039 -0.42848 2.97252 -0.0487184 
-1.38695 3.29529 0.325212 -4.45144 4.71528 1.0371 -4.88286 5.16892 1.0949 
0.335049 2.41849 -0.0744094 -5.22818 5.27017 1.20087 -5.56828 5.39805 1.21412 
1.11369 2.03131 -0.0527007 0.888754 2.5134 -0.22732 1.71127 2.08637 -0.149587 
1.93967 1.62376 0.0720444 2.16146 1.16293 0.324619 2.74869 1.2106 0.263037 
3.19138 1.00327 0.36074 4.18585 -0.10192 1.00095 4.4779 -0.435955 1.23076 
4.53335 -1.19451 1.58931 4.58357 -1.6789 1.69141 5.05261 -1.73034 1.6303 
5.45508 -2.80063 1.41012 6.27363 -3.25503 0.458006 6.64391 -3.36626 -0.0697634 
-0.338975 3.49029 -0.237179 -0.810323 3.63421 -0.0356433 -1.28291 3.83556 0.167088 
-1.79407 4.10706 0.334377 -2.63841 4.50345 0.512664 -3.40823 4.79271 0.707534 
0.578283 2.99307 -0.377276 0.13944 3.23934 -0.347451 -3.90843 4.75709 0.899559 
-4.10451 5.07733 0.874322 -4.53012 5.06914 0.99841 -5.89342 5.57319 1.00838 
-5.87493 5.90637 0.744775 1.49067 2.58877 -0.352542 2.52468 1.72158 -0.0335606 
3.65952 0.879341 0.413237 3.9832 0.230328 0.791536 4.81284 -0.739323 1.40853 
4.91259 -1.32614 1.60285 5.29225 -2.01521 1.59966 5.55169 -2.24986 1.58352 
5.62026 -2.53055 1.55537 5.94933 -2.7533 1.38961 6.32614 -2.96823 1.0368 
6.92641 -3.42033 -0.53722 -5.89768 6.22403 0.277281 0.249818 3.83932 -0.564532 
-0.20768 4.0247 -0.415821 -0.684465 4.16828 -0.213511 -1.1698 4.32379 0.00826425 
-2.05037 4.53551 0.343619 -2.86508 4.85481 0.514921 -3.60374 5.16136 0.676344 
1.23664 3.05201 -0.532357 1.09145 3.47529 -0.693335 0.681619 3.64862 -0.654375 
-4.41946 5.40994 0.913385 -4.81181 5.47974 1.10263 -5.55146 5.72027 1.09629 
-5.18043 5.57702 1.20499 2.04714 2.62443 -0.452751 2.31107 2.22465 -0.299164 
2.83076 2.33336 -0.471601 3.05606 1.86758 -0.221724 3.36415 1.59404 -0.0630863 
3.76703 1.42741 0.0447824 4.10046 0.793216 0.46392 4.4825 0.578642 0.600407 
4.67741 0.102665 0.912428 4.99053 -0.201983 1.12226 5.23113 -0.939457 1.47004 
5.37329 -1.37606 1.55043 5.54793 -1.7219 1.54932 5.85446 -1.93879 1.5185 
6.01807 -2.4439 1.53712 7.32262 -3.3874 -0.499574 6.72118 -3.12928 0.578522 
7.05809 -3.28699 0.030265 -1.49252 4.63319 0.0998397 -2.26354 4.92985 0.329582 
-3.08459 5.2067 0.486961 -3.91737 5.44401 0.685599 -5.58465 6.07223 0.741367 
1.79767 3.1568 -0.661875 1.67323 3.68508 -0.898174 2.31715 3.12266 -0.733988 
2.68592 2.84874 -0.702994 3.33927 2.44398 -0.68634 3.65914 2.23772 -0.590716 
3.91802 1.97754 -0.382176 4.20323 1.37732 0.0897837 4.3097 1.96331 -0.344024 
4.58901 1.21336 0.201942 4.92579 0.617342 0.582282 5.21017 0.330706 0.778985 
5.32329 -0.447726 1.25776 5.72729 -1.09383 1.44603 5.70357 -0.629649 1.30769 
5.89732 -1.48443 1.47378 6.01589 -2.18352 1.54028 6.39595 -2.63437 1.40478 
7.4663 -3.25727 0.0246147 -0.0698403 4.53726 -0.585443 -0.53891 4.67111 -0.403417 
-5.52906 6.36576 0.263955 1.30373 4.02742 -0.962289 0.865448 4.22127 -0.883675 
0.402094 4.38306 -0.748194 -0.939962 4.8122 -0.233483 -1.69302 5.00666 0.0964303 
-2.52002 5.25953 0.314648 -3.33965 5.54233 0.425035 -3.59212 5.80327 0.370894 
-4.07607 5.72962 0.651759 -4.46506 5.74006 0.883338 -4.81188 5.79687 1.05567 
-5.21512 5.90743 1.04283 -5.20752 6.22988 0.674107 2.23521 3.63142 -0.960451 
2.72548 3.54678 -1.0301 3.23982 2.88305 -0.911327 3.81937 2.86402 -1.08391 
4.21695 2.55855 -0.862431 4.68435 1.84009 -0.227542 4.98836 1.13993 0.230546 
5.51649 0.0641408 0.954386 6.24171 -1.71025 1.43938 6.36739 -2.00368 1.47966 
6.42008 -2.30476 1.52581 6.80834 -2.46873 1.43564 6.79621 -2.8184 1.11721 
7.15912 -3.02752 0.656459 7.73122 -3.37718 -0.494945 0.488366 4.88406 -0.929752 
-0.0170303 5.02711 -0.751899 -1.10563 5.15448 -0.25672 -1.3855 5.44738 -0.23576 
1.85093 4.33867 -1.25188 1.45782 4.58177 -1.23743 -1.92587 5.3675 0.072343 
-2.77766 5.59724 0.235158 -3.75673 6.08181 0.260484 -4.12788 6.03325 0.535737 
2.18022 4.11796 -1.21245 -4.44166 6.07738 0.700253 -4.81941 6.09758 0.831012 
3.10287 3.34776 -1.07991 3.62729 3.34644 -1.32035 4.67825 2.43196 -0.708337 
5.05296 1.71415 -0.166666 5.36535 0.938008 0.349971 5.66783 0.639742 0.552716 
5.8643 -0.150758 1.05641 6.20087 -0.403505 1.13567 6.09763 -0.846418 1.32173 
6.27642 -1.24021 1.37631 6.60593 -1.508 1.36067 6.72378 -1.81524 1.40331 
6.75815 -2.12682 1.48235 7.22772 -2.67092 1.19107 8.10972 -3.35359 -0.494105 
7.8731 -3.23667 0.042663 7.56672 -3.01778 0.597904 -5.1017 6.5048 0.124152 
0.986828 4.7457 -1.10833 -0.507146 5.20031 -0.594289 -1.63882 5.82171 -0.357805 
-2.21097 5.65749 0.0379476 -2.5061 5.98549 -0.15655 -3.02072 5.91724 0.0735434 
-3.30437 6.1354 -0.0307744 -3.60327 6.39053 -0.203052 2.0062 4.86342 -1.64757 
-4.36711 6.3738 0.306221 -4.77756 6.36581 0.460459 2.64609 4.1211 -1.32764 
3.07486 3.9996 -1.40459 4.05713 3.54607 -1.68458 3.43944 3.79983 -1.4816 
4.29037 3.14591 -1.39567 4.69459 2.92614 -1.19231 5.0915 2.32393 -0.644139 
5.42857 1.53863 -0.0956664 5.46176 2.12982 -0.574686 5.76965 1.27204 0.0666208 
6.07974 0.946577 0.277852 5.99829 0.366977 0.712458 6.52352 -0.774619 1.21823 
6.74621 -1.14666 1.27655 7.07262 -1.91806 1.42914 7.12732 -2.26212 1.46073 
7.65887 -2.73065 1.04991 8.24496 -3.20364 0.000138135 -2.77851 6.28702 -0.495126 
-3.20111 6.40448 -0.500537 -4.6175 6.59431 -0.0614441 1.51378 5.06973 -1.56882 
1.01975 5.21853 -1.39209 0.537692 5.34885 -1.20926 0.0779521 5.48431 -1.06596 
-0.321437 5.64039 -0.969301 -0.793689 5.6193 -0.681774 -1.15139 5.83899 -0.650749 
-2.00612 6.02682 -0.39291 -3.98546 6.36075 0.105569 -4.19332 6.62994 -0.279363 
2.46933 4.64222 -1.6567 3.43628 4.33516 -1.88257 2.98598 4.5278 -1.79655 
4.1422 4.06624 -2.35923 3.81163 3.98286 -1.88708 4.46742 3.69575 -2.11821 
4.73693 3.34666 -1.70847 5.11939 2.8686 -1.19771 5.82113 1.8795 -0.466523 
6.42653 0.619406 0.445781 6.34928 0.0874839 0.833752 6.61908 -0.290979 0.990412 
7.03695 -1.53172 1.32664 7.35613 -1.6787 1.36405 7.42039 -2.01712 1.46483 
7.5049 -2.37389 1.40309 8.46121 -3.27286 -0.425407 8.00122 -2.97462 0.609201 
-2.57327 6.51827 -1.20862 -2.06175 6.51401 -1.40302 -3.03212 6.55192 -1.03922 
-3.47301 6.60443 -0.811605 1.91885 5.30711 -2.1258 2.16281 5.44877 -2.81327 
1.68923 5.61598 -2.67899 -2.2713 6.31346 -0.74958 -3.8353 6.6308 -0.537041 
2.39908 5.12796 -2.20378 1.43591 5.4894 -1.99366 0.957076 5.63209 -1.82743 
0.495059 5.76366 -1.67185 0.0600315 5.92676 -1.5679 -0.412308 6.01826 -1.3313 
-0.834264 6.12283 -1.19389 -1.31202 6.19234 -0.996891 -1.74696 6.2861 -0.917387 
2.8549 4.96419 -2.26575 4.2099 4.2742 -3.05538 3.75613 4.471 -2.39195 
3.55417 4.86077 -3.0143 3.31978 4.77437 -2.38069 4.8835 3.7991 -3.03651 
4.51602 3.95534 -2.91679 3.92734 4.58251 -3.02772 4.89963 3.63915 -2.32936 
5.18155 3.31657 -1.90744 5.53099 3.09847 -1.85019 5.49897 2.6729 -1.14305 
5.85307 2.41004 -1.06023 6.15225 1.55317 -0.250293 6.46812 1.20879 -0.039301 
6.78161 0.280329 0.582951 6.96613 -0.2011 0.839976 6.95726 -0.70207 1.09335 
7.12879 -1.15164 1.21293 7.94232 -2.54567 1.20544 8.75933 -3.15702 -0.367947 
8.61452 -3.08068 0.0756438 8.26803 -2.72645 0.91599 8.37892 -2.99404 0.435886 
1.23497 5.78597 -2.53791 0.798956 5.93247 -2.40946 -1.55345 6.49296 -1.56934 
0.42129 6.06838 -2.27924 0.0900144 6.22009 -2.21652 -0.271119 6.2924 -2.01907 
-0.66669 6.38218 -1.8829 3.10424 5.09323 -2.96367 2.64117 5.28344 -2.90381 
-1.09545 6.44693 -1.71181 5.24513 3.57946 -2.82464 5.55604 3.34497 -2.70112 
5.88034 3.11383 -2.59917 5.87045 2.83713 -1.76059 6.20154 2.51494 -1.60882 
6.1913 2.08949 -0.870011 6.51325 1.78993 -0.671979 6.81463 1.47289 -0.492146 
6.79446 0.875289 0.111414 7.12933 0.571439 0.196324 7.31084 -0.421318 0.846093 
7.38232 -0.861276 1.04897 7.47354 -1.29588 1.21231 7.68835 -1.55109 1.30329 
7.71587 -1.83625 1.42255 7.80396 -2.18245 1.44122 9.0083 -3.01869 -0.316057 
6.17679 2.80401 -2.42927 6.48163 2.47211 -2.25797 6.80884 2.21335 -2.08402 
6.52165 2.23063 -1.42673 6.84045 1.95969 -1.25105 7.11654 1.12977 -0.352913 
7.22341 0.0857726 0.544642 7.7507 -0.993725 1.00895 7.902 -1.32303 1.15766 
9.21274 -2.87559 -0.283232 8.27339 -2.3681 1.25924 8.86763 -2.92717 0.148564 
8.60893 -2.76552 0.682282 7.1269 1.94719 -1.94031 7.13086 1.63042 -1.08643 
7.43234 0.785447 -0.278595 7.51817 0.305737 0.167752 7.60019 -0.138898 0.511122 
7.68466 -0.582395 0.785897 8.04344 -1.65873 1.3114 8.05484 -1.99034 1.41641 
9.10001 -2.72565 0.225612 8.85514 -2.64782 0.606849 8.63613 -2.37936 1.06791 
7.41645 1.58681 -1.76927 7.40967 1.25759 -0.937603 7.69622 1.20011 -1.62542 
7.70414 0.892067 -0.886304 7.77193 0.472067 -0.310269 7.90867 0.0714807 0.0439588 
7.96365 -0.336296 0.423211 8.03641 -0.745242 0.722352 8.13714 -1.0908 0.94009 
8.26745 -1.41274 1.11397 8.38974 -1.73498 1.24001 8.39211 -2.04012 1.32096 
9.3711 -2.70703 -0.283875 8.96803 -2.37465 0.752171 7.98481 0.785186 -1.48917 
8.00548 0.507996 -0.816854 8.29705 -0.569943 0.371389 8.64703 -1.619 1.05362 
8.71797 -2.02648 1.11756 9.307 -2.57903 0.142928 8.26805 0.381691 -1.32176 
8.20622 0.148253 -0.540979 8.24984 -0.193973 -0.0472422 8.62343 -0.811042 0.354608 
8.39477 -0.931281 0.675868 8.52515 -1.26498 0.889511 8.89408 -1.53233 0.800098 
8.97159 -1.94842 0.900376 9.4774 -2.47996 -0.211429 9.38749 -2.24331 0.219032 
9.19881 -2.30837 0.545147 8.5194 0.0298053 -1.18135 8.52844 -0.181489 -0.581267 
8.79887 -0.342758 -1.11188 8.54789 -0.471192 -0.0558973 8.77061 -1.1522 0.603809 
9.53748 -2.19574 -0.213015 9.19903 -1.90261 0.594644 8.83365 -0.558569 -0.522497 
8.83753 -0.773656 -0.040943 8.99695 -1.11901 0.209519 9.11888 -1.48623 0.460997 
9.37982 -1.85764 0.175731 9.06072 -0.766286 -1.00812 9.2792 -1.15859 -0.848002 
9.12322 -1.04676 -0.347025 9.44982 -1.50306 -0.576449 9.29675 -1.46774 -0.0361562 
9.5504 -1.87556 -0.34992 
POLYGONS 1880 5637
OFFSETS vtktypeint64
0 3 6 9 12 15 18 21 24 
27 30 33 36 39 42 45 48 51 
54 57 60 63 66 69 72 75 78 
81 84 87 90 93 96 99 102 105 
108 111 114 117 120 123 126 129 132 
135 138 141 144 147 150 153 156 159 
162 165 168 171 174 177 180 183 186 
189 192 195 198 201 204 207 210 213 
216 219 222 225 228 231 234 237 240 
243 246 249 252 255 258 261 264 267 
270 273 276 279 282 285 288 291 294 
297 300 303 306 309 312 315 318 321 
324 327 330 333 336 339 342 345 348 
351 354 357 360 363 366 369 372 375 
378 381 384 387 390 393 396 399 402 
405 408 411 414 417 420 423 426 429 
432 435 438 441 444 447 450 453 456 
459 462 465 468 471 474 477 480 483 
486 489 492 495 498 501 504 507 510 
513 516 519 522 525 528 531 534 537 
540 543 546 549 552 555 558 561 564 
567 570 573 576 579 582 585 588 591 
594 597 600 603 606 609 612 615 618 
621 624 627 630 633 636 639 642 645 
648 651 654 657 660 663 666 669 672 
675 678 681 684 687 690 693 696 699 
702 705 708 711 714 717 720 723 726 
729 732 735 738 741 744 747 750 753 
756 759 762 765 768 771 774 777 780 
783 786 789 792 795 798 801 804 807 
810 813 816 819 822 825 828 831 834 
837 840 843 846 849 852 855 858 861 
864 867 870 873 876 879 882 885 888 
891 894 897 900 903 906 909 912 915 
918 921 924 927 930 933 936 939 942 
945 948 951 954 957 960 963 966 969 
972 975 978 981 984 987 990 993 996 
999 1002 1005 1008 1011 1014 1017 1020 1023 
1026 1029 1032 1035 1038 1041 1044 1047 1050 
1053 1056 1059 1062 1065 1068 1071 1074 1077 
1080 1083 1086 1089 1092 1095 1098 1101 1104 
1107 1110 1113 1116 1119 1122 1125 1128 1131 
1134 1137 1140 1143 1146 1149 1152 1155 1158 
1161 1164 1167 1170 1173 1176 1179 1182 1185 
1188 1191 1194 1197 1200 1203 1206 1209 1212 
1215 1218 1221 1224 1227 1230 1233 1236 1239 
1242 1245 1248 1251 1254 1257 1260 1263 1266 
1269 1272 1275 1278 1281 1284 1287 1290 1293 
1296 1299 1302 1305 1308 1311 1314 1317 1320 
1323 1326 1329 1332 1335 1338 1341 1344 1347 
1350 1353 1356 1359 1362 1365 1368 1371 1374 
1377 1380 1383 1386 1389 1392 1395 1398 1401 
1404 1407 1410 1413 1416 1419 1422 1425 1428 
1431 1434 1437 1440 1443 1446 1449 1452 1455 
1458 1461 1464 1467 1470 1473 1476 1479 1482 
1485 1488 1491 1494 1497 1500 1503 1506 1509 
1512 1515 1518 1521 1524 1527 1530 1533 1536 
1539 1542 1545 1548 1551 1554 1557 1560 1563 
1566 1569 1572 1575 1578 1581 1584 1587 1590 
1593 1596 1599 1602 1605 1608 1611 1614 1617 
1620 1623 1626 1629 1632 1635 1638 1641 1644 
1647 1650 1653 1656 1659 1662 1665 1668 1671 
1674 1677 1680 1683 1686 1689 1692 1695 1698 
1701 1704 1707 1710 1713 1716 1719 1722 1725 
1728 1731 1734 1737 1740 1743 1746 1749 1752 
1755 1758 1761 1764 1767 1770 1773 1776 1779 
1782 1785 1788 1791 1794 1797 1800 1803 1806 
1809 1812 1815 1818 1821 1824 1827 1830 1833 
1836 1839 1842 1845 1848 1851 1854 1857 1860 
1863 1866 1869 1872 1875 1878 1881 1884 1887 
1890 1893 1896 1899 1902 1905 1908 1911 1914 
1917 1920 1923 1926 1929 1932 1935 1938 1941 
1944 1947 1950 1953 1956 1959 1962 1965 1968 
1971 1974 1977 1980 1983 1986 1989 1992 1995 
1998 2001 2004 2007 2010 2013 2016 2019 2022 
2025 2028 2031 2034 2037 2040 2043 2046 2049 
2052 2055 2058 2061 2064 2067 2070 2073 2076 
2079 2082 2085 2088 2091 2094 2097 2100 2103 
2106 2109 2112 2115 2118 2121 2124 2127 2130 
2133 2136 2139 2142 2145 2148 2151 2154 2157 
2160 2163 2166 2169 2172 2175 2178 2181 2184 
2187 2190 2193 2196 2199 2202 2205 2208 2211 
2214 2217 2220 2223 2226 2229 2232 2235 2238 
2241 2244 2247 2250 2253 2256 2259 2262 2265 
2268 2271 2274 2277 2280 2283 2286 2289 2292 
2295 2298 2301 2304 2307 2310 2313 2316 2319 
2322 2325 2328 2331 2334 2337 2340 2343 2346 
2349 2352 2355 2358 2361 2364 2367 2370 2373 
2376 2379 2382 2385 2388 2391 2394 2397 2400 
2403 2406 2409 2412 2415 2418 2421 2424 2427 
2430 2433 2436 2439 2442 2445 2448 2451 2454 
2457 2460 2463 2466 2469 2472 2475 2478 2481 
2484 2487 2490 2493 2496 2499 2502 2505 2508 
2511 2514 2517 2520 2523 2526 2529 2532 2535 
2538 2541 2544 2547 2550 2553 2556 2559 2562 
2565 2568 2571 2574 2577 2580 2583 2586 2589 
2592 2595 2598 2601 2604 2607 2610 2613 2616 
2619 2622 2625 2628 2631 2634 2637 2640 2643 
2646 2649 2652 2655 2658 2661 2664 2667 2670 
2673 2676 2679 2682 2685 2688 2691 2694 2697 
2700 2703 2706 2709 2712 2715 2718 2721 2724 
2727 2730 2733 2736 2739 2742 2745 2748 2751 
2754 2757 2760 2763 2766 2769 2772 2775 2778 
2781 2784 2787 2790 2793 2796 2799 2802 2805 
2808 2811 2814 2817 2820 2823 2826 2829 2832 
2835 2838 2841 2844 2847 2850 2853 2856 2859 
2862 2865 2868 2871 2874 2877 2880 2883 2886 
2889 2892 2895 2898 2901 2904 2907 2910 2913 
2916 2919 2922 2925 2928 2931 2934 2937 2940 
2943 2946 2949 2952 2955 2958 2961 2964 2967 
2970 2973 2976 2979 2982 2985 2988 2991 2994 
2997 3000 3003 3006 3009 3012 3015 3018 3021 
3024 3027 3030 3033 3036 3039 3042 3045 3048 
3051 3054 3057 3060 3063 3066 3069 3072 3075 
3078 3081 3084 3087 3090 3093 3096 3099 3102 
3105 3108 3111 3114 3117 3120 3123 3126 3129 
3132 3135 3138 3141 3144 3147 3150 3153 3156 
3159 3162 3165 3168 3171 3174 3177 3180 3183 
3186 3189 3192 3195 3198 3201 3204 3207 3210 
3213 3216 3219 3222 3225 3228 3231 3234 3237 
3240 3243 3246 3249 3252 3255 3258 3261 3264 
3267 3270 3273 3276 3279 3282 3285 3288 3291 
3294 3297 3300 3303 3306 3309 3312 3315 3318 
3321 3324 3327 3330 3333 3336 3339 3342 3345 
3348 3351 3354 3357 3360 3363 3366 3369 3372 
3375 3378 3381 3384 3387 3390 3393 3396 3399 
3402 3405 3408 3411 3414 3417 3420 3423 3426 
3429 3432 3435 3438 3441 3444 3447 3450 3453 
3456 3459 3462 3465 3468 3471 3474 3477 3480 
3483 3486 3489 3492 3495 3498 3501 3504 3507 
3510 3513 3516 3519 3522 3525 3528 3531 3534 
3537 3540 3543 3546 3549 3552 3555 3558 3561 
3564 3567 3570 3573 3576 3579 3582 3585 3588 
3591 3594 3597 3600 3603 3606 3609 3612 3615 
3618 3621 3624 3627 3630 3633 3636 3639 3642 
3645 3648 3651 3654 3657 3660 3663 3666 3669 
3672 3675 3678 3681 3684 3687 3690 3693 3696 
3699 3702 3705 3708 3711 3714 3717 3720 3723 
3726 3729 3732 3735 3738 3741 3744 3747 3750 
3753 3756 3759 3762 3765 3768 3771 3774 3777 
3780 3783 3786 3789 3792 3795 3798 3801 3804 
3807 3810 3813 3816 3819 3822 3825 3828 3831 
3834 3837 3840 3843 3846 3849 3852 3855 3858 
3861 3864 3867 3870 3873 3876 3879 3882 3885 
3888 3891 3894 3897 3900 3903 3906 3909 3912 
3915 3918 3921 3924 3927 3930 3933 3936 3939 
3942 3945 3948 3951 3954 3957 3960 3963 3966 
3969 3972 3975 3978 3981 3984 3987 3990 3993 
3996 3999 4002 4005 4008 4011 4014 4017 4020 
4023 4026 4029 4032 4035 4038 4041 4044 4047 
4050 4053 4056 4059 4062 4065 4068 4071 4074 
4077 4080 4083 4086 4089 4092 4095 4098 4101 
4104 4107 4110 4113 4116 4119 4122 4125 4128 
4131 4134 4137 4140 4143 4146 4149 4152 4155 
4158 4161 4164 4167 4170 4173 4176 4179 4182 
4185 4188 4191 4194 4197 4200 4203 4206 4209 
4212 4215 4218 4221 4224 4227 4230 4233 4236 
4239 4242 4245 4248 4251 4254 4257 4260 4263 
4266 4269 4272 4275 4278 4281 4284 4287 4290 
4293 4296 4299 4302 4305 4308 4311 4314 4317 
4320 4323 4326 4329 4332 4335 4338 4341 4344 
4347 4350 4353 4356 4359 4362 4365 4368 4371 
4374 4377 4380 4383 4386 4389 4392 4395 4398 
4401 4404 4407 4410 4413 4416 4419 4422 4425 
4428 4431 4434 4437 4440 4443 4446 4449 4452 
4455 4458 4461 4464 4467 4470 4473 4476 4479 
4482 4485 4488 4491 4494 4497 4500 4503 4506 
4509 4512 4515 4518 4521 4524 4527 4530 4533 
4536 4539 4542 4545 4548 4551 4554 4557 4560 
4563 4566 4569 4572 4575 4578 4581 4584 4587 
4590 4593 4596 4599 4602 4605 4608 4611 4614 
4617 4620 4623 4626 4629 4632 4635 4638 4641 
4644 4647 4650 4653 4656 4659 4662 4665 4668 
4671 4674 4677 4680 4683 4686 4689 4692 4695 
4698 4701 4704 4707 4710 4713 4716 4719 4722 
4725 4728 4731 4734 4737 4740 4743 4746 4749 
4752 4755 4758 4761 4764 4767 4770 4773 4776 
4779 4782 4785 4788 4791 4794 4797 4800 4803 
4806 4809 4812 4815 4818 4821 4824 4827 4830 
4833 4836 4839 4842 4845 4848 4851 4854 4857 
4860 4863 4866 4869 4872 4875 4878 4881 4884 
4887 4890 4893 4896 4899 4902 4905 4908 4911 
4914 4917 4920 4923 4926 4929 4932 4935 4938 
4941 4944 4947 4950 4953 4956 4959 4962 4965 
4968 4971 4974 4977 4980 4983 4986 4989 4992 
4995 4998 5001 5004 5007 5010 5013 5016 5019 
5022 5025 5028 5031 5034 5037 5040 5043 5046 
5049 5052 5055 5058 5061 5064 5067 5070 5073 
5076 5079 5082 5085 5088 5091 5094 5097 5100 
5103 5106 5109 5112 5115 5118 5121 5124 5127 
5130 5133 5136 5139 5142 5145 5148 5151 5154 
5157 5160 5163 5166 5169 5172 5175 5178 5181 
5184 5187 5190 5193 5196 5199 5202 5205 5208 
5211 5214 5217 5220 5223 5226 5229 5232 5235 
5238 5241 5244 5247 5250 5253 5256 5259 5262 
5265 5268 5271 5274 5277 5280 5283 5286 5289 
5292 5295 5298 5301 5304 5307 5310 5313 5316 
5319 5322 5325 5328 5331 5334 5337 5340 5343 
5346 5349 5352 5355 5358 5361 5364 5367 5370 
5373 5376 5379 5382 5385 5388 5391 5394 5397 
5400 5403 5406 5409 5412 5415 5418 5421 5424 
5427 5430 5433 5436 5439 5442 5445 5448 5451 
5454 5457 5460 5463 5466 5469 5472 5475 5478 
5481 5484 5487 5490 5493 5496 5499 5502 5505 
5508 5511 5514 5517 5520 5523 5526 5529 5532 
5535 5538 5541 5544 5547 5550 5553 5556 5559 
5562 5565 5568 5571 5574 5577 5580 5583 5586 
5589 5592 5595 5598 5601 5604 5607 5610 5613 
5616 5619 5622 5625 5628 5631 5634 5637 
CONNECTIVITY vtktypeint64
6 1 0 0 2 5 0 5 6 
278 277 256 512 540 564 564 563 512 
833 799 768 768 832 833 1 6 19 
19 13 1 257 259 298 297 278 257 
298 297 257 542 541 513 543 542 513 
835 770 769 769 799 835 2 3 7 
7 5 2 299 259 258 258 279 299 
567 543 514 514 544 567 800 773 770 
836 800 770 770 835 836 3 4 7 
299 298 259 545 544 515 806 772 771 
771 777 840 840 806 771 25 7 4 
4 23 25 260 261 300 300 279 260 
516 518 546 569 545 516 516 546 569 
830 798 772 772 806 830 21 6 5 
5 7 21 261 262 280 261 280 301 
301 300 261 547 518 517 517 519 548 
548 547 517 773 800 801 22 19 6 
6 21 22 262 263 280 547 546 518 
774 801 802 774 802 803 26 21 7 
7 25 26 263 264 281 302 280 263 
263 281 302 519 520 570 570 548 519 
838 776 775 775 804 805 775 805 838 
8 9 15 16 10 8 8 15 16 
282 281 264 520 549 571 571 570 520 
838 778 776 9 12 15 265 266 283 
283 282 265 576 522 521 521 532 576 
777 809 840 10 16 40 40 38 10 
266 267 305 305 283 266 576 572 522 
807 779 778 838 807 778 18 12 11 
11 14 17 11 17 18 267 284 306 
306 305 267 575 524 523 523 528 573 
523 573 574 523 574 575 779 807 808 
18 15 12 268 269 314 314 311 268 
575 526 524 780 781 812 812 810 780 
19 14 13 269 292 314 525 526 552 
553 529 525 525 552 553 781 811 844 
844 812 781 19 17 14 312 290 270 
316 312 270 601 552 526 526 575 601 
847 814 782 782 815 847 42 16 15 
15 18 42 271 290 317 317 291 271 
527 550 578 579 551 527 527 578 579 
817 815 783 783 816 817 43 40 16 
16 42 43 272 291 292 528 551 573 
784 785 818 818 816 784 44 18 17 
17 19 20 17 20 44 294 274 273 
273 276 293 273 293 319 319 294 273 
529 553 580 580 554 529 819 818 785 
820 819 785 45 42 18 18 44 45 
294 275 274 554 531 530 786 787 850 
850 820 786 22 20 19 315 288 275 
275 294 315 531 554 581 581 555 531 
787 788 821 787 821 851 851 850 787 
20 22 48 47 44 20 48 47 20 
295 293 276 532 558 576 788 789 821 
24 22 21 30 24 21 21 26 30 
277 278 296 321 295 277 277 296 321 
533 535 556 533 556 557 789 790 822 
822 821 789 22 24 48 297 296 278 
559 535 534 534 536 559 790 791 852 
852 822 790 28 25 23 23 27 28 
324 299 279 279 300 325 325 324 279 
582 556 535 535 559 582 791 792 823 
791 823 852 24 30 65 65 48 24 
327 301 280 280 302 327 536 537 584 
583 559 536 584 583 536 824 823 792 
29 26 25 25 28 29 281 282 304 
328 302 281 281 304 328 537 538 584 
793 796 825 855 824 793 793 825 855 
26 29 49 49 30 26 282 283 303 
282 303 304 538 539 586 585 584 538 
586 585 538 826 795 794 856 826 794 
33 28 27 27 31 33 329 303 283 
283 305 329 539 560 586 857 796 795 
795 826 857 34 29 28 28 33 34 
284 285 307 307 306 284 540 541 565 
565 564 540 857 825 796 29 34 67 
67 49 29 285 287 308 308 307 285 
541 542 566 566 565 541 797 808 829 
30 49 66 66 65 30 310 287 286 
286 309 310 542 543 567 589 566 542 
542 567 589 798 830 831 31 32 35 
35 33 31 310 308 287 799 833 834 
799 834 835 37 35 32 32 36 37 
337 289 288 288 315 336 288 336 337 
544 545 568 590 567 544 544 568 590 
837 801 800 800 836 874 875 837 800 
800 874 875 50 34 33 33 35 50 
337 316 289 591 568 545 545 569 591 
837 802 801 34 50 51 34 51 68 
68 67 34 290 312 313 290 313 317 
546 547 593 592 569 546 593 592 546 
827 803 802 865 827 802 802 837 865 
35 37 50 318 292 291 291 317 318 
547 548 594 594 593 547 827 804 803 
54 37 36 36 53 54 339 314 292 
292 318 339 548 570 595 595 594 548 
828 805 804 804 827 828 52 50 37 
54 52 37 293 295 320 341 319 293 
293 320 341 596 571 549 805 828 861 
866 838 805 805 861 866 41 39 38 
38 40 41 342 315 294 294 319 342 
550 557 577 550 577 578 862 830 806 
806 840 867 867 862 806 39 41 58 
58 55 39 321 320 295 579 573 551 
829 808 807 839 829 807 807 838 839 
46 41 40 40 43 46 296 297 344 
343 321 296 344 343 296 606 553 552 
552 601 602 552 602 606 41 46 59 
59 58 41 297 298 323 297 323 344 
606 580 553 809 810 842 842 840 809 
62 43 42 42 45 62 298 299 322 
298 322 323 554 580 581 810 812 841 
810 841 842 63 46 43 43 62 63 
324 322 299 610 558 555 555 581 608 
555 608 610 811 813 845 811 843 844 
845 843 811 64 45 44 44 47 64 
300 301 326 326 325 300 604 557 556 
556 582 609 609 604 556 844 841 812 
81 62 45 45 64 81 346 326 301 
301 327 346 604 577 557 813 814 846 
846 845 813 79 59 46 46 63 79 
347 327 302 302 328 347 611 576 558 
558 610 611 885 846 814 814 847 885 
47 48 82 82 64 47 349 304 303 
303 329 349 612 582 559 559 583 612 
815 817 887 887 847 815 48 65 83 
83 82 48 348 328 304 349 348 304 
560 561 587 587 586 560 848 817 816 
816 818 848 84 66 49 49 67 84 
305 306 330 330 329 305 561 562 614 
614 587 561 817 848 888 888 887 817 
52 51 50 306 307 350 350 330 306 
562 563 588 562 588 615 615 614 562 
818 819 889 889 848 818 51 52 69 
86 68 51 51 69 86 307 308 331 
307 331 351 351 350 307 563 564 588 
819 820 849 819 849 890 890 889 819 
52 54 71 71 69 52 308 310 352 
352 331 308 564 565 616 616 588 564 
850 849 820 72 54 53 53 70 72 
333 310 309 309 332 333 565 566 618 
618 616 565 821 822 893 893 851 821 
72 71 54 310 333 352 566 589 619 
619 618 566 822 852 894 894 893 822 
58 56 55 311 314 340 311 340 353 
620 589 567 567 590 620 823 824 854 
853 852 823 854 853 823 60 57 56 
56 58 60 335 313 312 312 316 334 
312 334 335 621 590 568 568 591 621 
855 854 824 57 60 75 338 317 313 
313 335 357 357 338 313 592 591 569 
895 855 825 825 857 895 58 59 61 
61 60 58 314 339 340 570 571 597 
597 595 570 826 856 897 899 857 826 
826 897 899 80 61 59 59 79 80 
342 336 315 571 596 626 626 597 571 
860 828 827 827 858 860 865 858 827 
60 61 77 76 75 60 77 76 60 
337 334 316 572 576 603 603 598 572 
828 860 861 80 77 61 338 318 317 
599 574 573 573 579 628 628 599 573 
78 63 62 81 78 62 318 338 358 
359 339 318 318 358 359 600 575 574 
574 599 629 629 600 574 868 831 830 
830 862 868 63 78 97 97 79 63 
319 341 361 362 342 319 319 361 362 
575 600 601 869 832 831 831 868 869 
99 81 64 64 82 99 320 321 363 
364 341 320 320 363 364 611 603 576 
870 833 832 832 869 870 65 66 100 
100 83 65 321 343 363 605 578 577 
577 604 605 871 834 833 833 870 871 
66 84 101 101 100 66 366 323 322 
322 324 367 367 366 322 633 579 578 
578 605 633 872 835 834 834 871 872 
67 68 85 85 84 67 365 344 323 
366 365 323 633 628 579 873 836 835 
835 872 873 86 85 68 324 325 345 
324 345 367 607 581 580 580 606 634 
634 607 580 836 873 874 69 71 87 
102 86 69 69 87 102 325 326 345 
581 607 608 875 865 837 74 72 70 
70 73 74 369 345 326 326 346 369 
636 609 582 582 612 636 866 839 838 
71 72 89 103 87 71 71 89 103 
370 346 327 327 347 370 583 584 613 
639 612 583 583 613 639 72 74 88 
72 88 89 372 347 328 328 348 372 
584 585 613 840 842 876 876 867 840 
90 74 73 329 330 374 374 349 329 
585 586 643 642 613 585 643 642 585 
880 842 841 841 844 878 841 878 880 
91 88 74 74 90 91 330 350 375 
375 374 330 586 587 643 880 876 842 
75 76 95 376 351 331 331 352 377 
377 376 331 587 614 644 644 643 587 
878 844 843 843 845 882 882 877 843 
843 877 883 883 878 843 76 77 98 
96 95 76 98 96 76 378 333 332 
617 615 588 588 616 617 77 80 115 
115 98 77 398 352 333 333 378 398 
648 619 589 589 620 648 845 846 884 
884 882 845 78 81 117 112 97 78 
117 112 78 380 335 334 334 337 356 
334 356 380 649 620 590 590 621 649 
885 884 846 113 80 79 79 97 113 
381 357 335 335 380 381 591 592 622 
622 621 591 886 885 847 887 886 847 
80 113 114 80 114 115 355 337 336 
336 342 354 336 354 355 592 593 623 
623 622 592 915 888 848 848 889 915 
81 99 116 81 116 117 337 355 356 
593 594 651 651 623 593 849 850 891 
918 890 849 849 891 918 82 83 118 
118 99 82 338 357 384 384 358 338 
594 595 625 594 625 651 850 851 891 
83 100 120 120 118 83 360 340 339 
339 359 360 595 597 625 892 891 851 
893 892 851 84 85 121 121 101 84 
382 353 340 340 360 382 596 624 626 
852 853 922 922 894 852 85 86 122 
122 121 85 364 361 341 652 625 597 
597 626 652 853 854 924 923 922 853 
924 923 853 86 102 123 123 122 86 
362 354 342 598 603 631 631 627 598 
854 855 925 925 924 854 124 102 87 
87 103 124 343 344 388 387 363 343 
388 387 343 599 628 657 657 629 599 
855 895 925 104 89 88 88 91 94 
88 94 104 344 365 388 630 601 600 
600 629 658 658 630 600 856 896 897 
105 103 89 89 104 105 368 367 345 
369 368 345 630 602 601 898 895 857 
899 898 857 92 91 90 390 369 346 
346 370 390 662 606 602 602 630 659 
602 659 662 865 859 858 91 92 93 
91 93 94 371 370 347 372 371 347 
603 611 665 665 631 603 859 865 875 
859 875 902 107 93 92 348 349 373 
393 372 348 348 373 393 632 605 604 
604 609 632 108 94 93 93 107 110 
110 108 93 374 373 349 605 632 654 
655 633 605 605 654 655 106 104 94 
108 106 94 350 351 396 396 375 350 
662 634 606 862 863 864 867 863 862 
862 864 868 95 96 111 351 376 396 
635 608 607 607 634 664 664 635 607 
863 867 908 96 98 134 134 111 96 
398 377 352 637 610 608 608 635 637 
900 868 864 97 112 135 135 113 97 
382 379 353 661 632 609 609 636 660 
609 660 661 98 115 137 137 134 98 
383 355 354 354 362 405 405 383 354 
638 611 610 610 637 638 119 116 99 
99 118 119 403 356 355 355 383 429 
429 403 355 611 638 665 867 876 908 
100 101 141 141 120 100 403 380 356 
640 636 612 612 639 640 900 869 868 
101 121 142 142 141 101 357 381 406 
406 384 357 641 639 613 642 641 613 
901 870 869 869 900 901 145 123 102 
102 124 145 407 359 358 358 384 407 
614 615 645 645 644 614 903 871 870 
870 901 903 103 105 146 146 124 103 
408 360 359 359 407 408 615 617 669 
669 645 615 905 872 871 871 903 904 
871 904 905 125 105 104 104 106 125 
411 382 360 360 408 411 670 617 616 
616 618 646 616 646 670 906 873 872 
872 905 906 105 125 147 147 146 105 
410 362 361 361 364 385 361 385 410 
700 669 617 617 670 700 909 874 873 
873 906 909 106 108 126 148 125 106 
106 126 148 410 405 362 618 619 647 
647 646 618 902 875 874 909 902 874 
107 109 110 386 364 363 387 386 363 
671 647 619 619 648 671 108 110 127 
127 126 108 386 385 364 649 648 620 
876 880 907 876 907 908 129 110 109 
131 129 109 365 366 414 413 388 365 
414 413 365 621 622 673 650 649 621 
673 650 621 129 127 110 366 367 389 
366 389 414 622 623 674 674 673 622 
878 879 880 883 879 878 153 133 111 
111 134 153 367 368 416 416 389 367 
623 651 675 675 674 623 907 880 879 
112 117 139 154 135 112 112 139 154 
368 369 417 417 416 368 653 626 624 
678 653 624 155 114 113 113 135 155 
369 390 418 418 417 369 676 651 625 
625 652 677 677 676 625 881 882 884 
881 884 910 136 115 114 155 136 114 
370 371 391 391 390 370 653 652 626 
115 136 137 371 372 392 420 391 371 
371 392 420 627 631 666 627 666 679 
139 117 116 116 119 138 116 138 139 
393 392 372 628 633 656 628 656 657 
884 885 910 373 374 394 423 393 373 
373 394 423 629 657 684 684 658 629 
885 886 911 911 910 885 140 119 118 
118 120 140 374 375 394 630 658 685 
685 659 630 886 887 913 912 911 886 
913 912 886 157 138 119 119 140 157 
395 394 375 396 395 375 631 665 666 
887 888 913 158 140 120 120 141 158 
376 377 397 425 396 376 376 397 425 
661 654 632 914 913 888 915 914 888 
121 122 143 143 142 121 399 397 377 
377 398 399 633 655 656 889 890 916 
916 915 889 122 123 144 144 143 122 
401 398 378 378 400 401 634 662 663 
634 663 664 917 916 890 918 917 890 
161 144 123 123 145 161 379 382 409 
409 402 379 691 637 635 635 664 690 
635 690 691 891 892 933 919 918 891 
933 919 891 162 145 124 124 146 162 
404 381 380 380 403 404 636 640 660 
892 893 920 892 920 933 163 147 125 
125 148 163 381 404 427 427 406 381 
693 638 637 637 691 693 893 894 921 
921 920 893 126 127 128 126 128 148 
411 409 382 692 665 638 693 692 638 
922 921 894 130 128 127 127 129 130 
383 405 428 383 428 429 667 640 639 
639 641 667 895 898 937 937 925 895 
128 130 166 164 148 128 165 164 128 
166 165 128 384 406 430 430 407 384 
687 660 640 640 667 687 938 897 896 
896 926 938 132 130 129 129 131 132 
385 386 432 433 410 385 385 432 433 
641 642 695 694 667 641 695 694 641 
939 899 897 897 938 939 130 132 150 
130 150 166 386 387 435 435 432 386 
642 643 668 642 668 695 898 899 939 
939 937 898 149 132 131 387 388 412 
387 412 435 643 644 668 132 149 152 
152 150 132 413 412 388 644 645 698 
697 668 644 698 697 644 133 153 170 
415 414 389 438 415 389 389 416 438 
645 669 699 699 698 645 134 137 156 
156 153 134 390 391 419 419 418 390 
646 647 702 701 670 646 702 701 646 
135 154 172 172 155 135 441 419 391 
391 420 441 647 671 703 703 702 647 
174 137 136 136 155 173 136 173 174 
392 393 421 421 420 392 648 649 672 
704 671 648 648 672 704 174 156 137 
422 421 393 423 422 393 649 650 672 
177 139 138 138 157 176 138 176 177 
394 395 424 424 423 394 705 672 650 
650 673 706 706 705 650 178 154 139 
139 177 178 395 396 425 442 424 395 
395 425 443 443 442 395 676 675 651 
179 157 140 140 158 179 652 653 710 
710 677 652 141 142 159 159 158 141 
397 399 445 444 425 397 445 444 397 
653 678 711 711 710 653 142 143 160 
160 159 142 401 399 398 681 655 654 
654 661 680 654 680 681 143 144 181 
182 160 143 143 181 182 399 401 446 
446 445 399 682 656 655 655 681 682 
144 161 181 448 401 400 400 447 448 
683 657 656 656 682 683 912 913 927 
183 161 145 145 162 183 448 446 401 
657 683 712 712 684 657 913 914 927 
146 147 184 184 162 146 402 409 451 
451 449 402 658 684 713 713 685 658 
914 915 930 928 927 914 930 928 914 
147 163 185 185 184 147 426 404 403 
429 426 403 686 662 659 659 685 714 
714 686 659 915 916 930 164 163 148 
404 426 450 450 427 404 689 661 660 
660 687 688 660 688 689 916 917 931 
931 930 916 149 151 152 405 410 434 
434 428 405 689 680 661 917 918 932 
941 931 917 917 932 941 150 152 167 
188 166 150 150 167 168 150 168 188 
406 427 454 454 430 406 686 663 662 
918 919 932 167 152 151 169 167 151 
431 408 407 407 430 431 690 664 663 
663 686 715 715 690 663 942 932 919 
919 933 943 943 942 919 456 411 408 
408 431 456 920 921 945 944 933 920 
945 944 920 153 156 175 191 170 153 
153 175 191 409 411 457 457 451 409 
692 666 665 921 922 934 921 934 945 
154 171 172 178 171 154 410 433 434 
716 679 666 666 692 716 922 923 935 
935 934 922 155 172 193 193 173 155 
411 456 457 717 687 667 667 694 717 
923 924 946 946 935 923 156 174 196 
196 175 156 412 413 436 460 435 412 
412 436 460 696 695 668 697 696 668 
924 925 947 947 946 924 180 176 157 
157 179 180 413 414 437 437 436 413 
724 699 669 669 700 724 925 937 947 
158 159 199 199 179 158 414 415 437 
701 700 670 926 936 948 948 938 926 
159 160 200 200 199 159 461 437 415 
415 438 461 729 703 671 671 704 729 
160 182 200 416 417 439 439 438 416 
705 704 672 930 929 928 201 181 161 
161 183 201 417 418 440 440 439 417 
673 674 707 707 706 673 929 930 931 
929 931 940 202 183 162 162 184 203 
203 202 162 418 419 463 463 440 418 
674 675 708 733 707 674 674 708 733 
163 164 186 186 185 163 419 441 464 
464 463 419 675 676 708 941 940 931 
164 165 207 206 186 164 207 206 164 
420 421 466 465 441 420 466 465 420 
676 677 734 734 708 676 952 941 932 
932 942 952 165 166 187 165 187 207 
421 422 467 467 466 421 677 710 764 
764 734 677 944 943 933 188 187 166 
422 423 469 468 467 422 469 468 422 
678 709 711 934 935 959 958 945 934 
959 958 934 190 168 167 167 169 190 
423 424 469 679 716 738 935 946 960 
960 959 935 208 188 168 168 190 209 
209 208 168 424 442 470 470 469 424 
741 681 680 680 689 740 680 740 741 
970 948 936 936 963 970 169 189 190 
444 443 425 736 682 681 741 736 681 
937 939 950 962 947 937 937 950 962 
170 191 211 426 429 453 474 450 426 
426 453 474 737 683 682 682 736 737 
949 939 938 938 948 949 194 172 171 
171 178 192 171 192 194 427 450 475 
475 454 427 742 712 683 683 737 742 
939 949 950 194 193 172 453 429 428 
428 434 452 428 452 477 477 453 428 
684 712 743 743 713 684 940 941 951 
195 174 173 173 193 212 212 195 173 
685 713 744 744 714 685 952 951 941 
174 195 196 455 431 430 430 454 455 
686 714 745 745 715 686 942 943 955 
954 952 942 955 954 942 213 191 175 
175 196 213 431 455 478 478 456 431 
718 688 687 687 717 718 943 944 956 
956 955 943 197 177 176 176 180 214 
214 197 176 458 433 432 432 435 459 
459 458 432 739 689 688 688 718 739 
944 945 957 957 956 944 215 178 177 
177 197 215 480 434 433 433 458 480 
689 739 740 958 957 945 215 192 178 
480 452 434 748 691 690 690 715 747 
690 747 748 946 947 962 961 960 946 
962 961 946 198 180 179 199 198 179 
460 459 435 749 693 691 691 748 749 
180 198 214 436 437 483 482 460 436 
483 482 436 692 693 750 750 716 692 
964 949 948 981 964 948 948 970 981 
219 182 181 181 201 219 437 461 483 
693 749 750 964 950 949 218 200 182 
219 218 182 438 439 484 484 461 438 
694 695 720 719 717 694 720 719 694 
969 962 950 950 964 969 220 201 183 
183 202 220 439 440 462 439 462 484 
695 696 720 951 952 953 184 185 204 
204 203 184 485 462 440 440 463 485 
696 697 721 754 720 696 696 721 754 
954 953 952 185 186 205 205 204 185 
465 464 441 697 698 722 722 721 697 
953 954 965 206 205 186 442 443 490 
490 470 442 698 699 723 723 722 698 
954 955 966 966 965 954 187 188 208 
223 207 187 187 208 224 224 223 187 
443 444 491 491 490 443 725 723 699 
699 724 725 955 956 972 972 966 955 
444 445 471 444 471 491 700 701 726 
726 724 700 956 957 973 973 972 956 
210 190 189 225 210 189 445 446 472 
472 471 445 701 702 727 758 726 701 
701 727 758 957 958 967 957 967 973 
210 209 190 446 448 493 493 472 446 
702 703 728 728 727 702 958 959 975 
975 967 958 226 211 191 191 213 226 
493 448 447 447 492 493 759 728 703 
703 729 759 959 960 976 976 975 959 
228 194 192 192 215 227 192 227 228 
704 705 730 731 729 704 704 730 731 
960 961 968 960 968 976 193 194 212 
449 451 476 476 473 449 705 706 732 
732 730 705 961 962 969 969 968 961 
229 212 194 194 228 229 450 474 495 
495 475 450 706 707 732 231 196 195 
195 212 230 195 230 231 451 457 479 
479 476 451 760 732 707 707 733 761 
761 760 707 979 970 963 231 213 196 
497 477 452 452 480 496 452 496 497 
762 733 708 708 734 762 978 969 964 
981 978 964 197 214 234 234 215 197 
494 474 453 453 477 494 735 711 709 
766 735 709 965 966 971 198 199 216 
235 214 198 198 216 235 498 455 454 
454 475 498 710 711 765 765 764 710 
972 971 966 199 200 217 217 216 199 
499 478 455 455 498 499 711 735 765 
985 973 967 975 974 967 967 974 985 
218 217 200 500 457 456 456 478 500 
712 742 769 769 743 712 968 969 978 
977 976 968 978 977 968 237 219 201 
201 220 221 201 221 237 500 479 457 
713 743 773 773 744 713 202 203 239 
239 220 202 458 459 481 503 480 458 
458 481 502 458 502 503 714 744 774 
774 745 714 970 979 980 970 980 981 
203 204 222 203 222 239 459 460 504 
504 481 459 715 745 746 715 746 747 
971 972 982 204 205 241 262 222 204 
204 241 262 460 482 504 751 738 716 
716 750 751 972 973 983 983 982 972 
205 206 242 242 241 205 506 483 461 
461 484 507 507 506 461 752 718 717 
717 719 752 985 983 973 206 207 243 
243 242 206 508 484 462 462 485 509 
509 508 462 777 771 718 771 739 718 
718 752 777 974 975 986 990 985 974 
974 986 991 991 990 974 207 223 243 
463 464 486 486 485 463 719 720 753 
753 752 719 975 976 986 208 209 244 
244 224 208 464 465 511 511 486 464 
780 753 720 720 754 780 976 977 986 
209 210 245 245 244 209 465 466 487 
465 487 511 721 722 755 755 754 721 
977 978 988 992 986 977 977 988 992 
210 225 246 246 245 210 466 467 488 
488 487 466 722 723 756 756 755 722 
978 981 988 211 226 248 467 468 488 
723 725 756 987 980 979 212 229 252 
252 230 212 468 469 489 514 488 468 
468 489 514 757 725 724 724 726 757 
988 981 980 980 987 993 993 988 980 
232 226 213 213 231 232 469 470 489 
782 756 725 725 757 782 214 233 234 
235 233 214 515 489 470 470 490 515 
783 757 726 726 758 783 982 983 984 
254 227 215 215 234 254 471 517 518 
471 472 517 518 491 471 727 728 784 
784 758 727 989 984 983 983 985 989 
216 217 256 255 235 216 256 255 216 
519 517 472 472 493 519 785 784 728 
728 759 785 984 989 994 217 218 236 
217 236 256 473 521 522 473 476 521 
729 731 786 786 759 729 990 989 985 
218 219 238 238 236 218 474 494 524 
524 495 474 789 788 730 788 731 730 
730 732 789 992 991 986 219 237 238 
475 495 525 525 498 475 787 786 731 
788 787 731 999 993 987 240 221 220 
220 239 240 532 521 476 476 479 532 
732 760 789 993 992 988 258 237 221 
221 240 258 528 494 477 477 497 528 
762 761 733 989 990 996 996 994 989 
261 260 222 262 261 222 260 239 222 
478 499 530 530 500 478 763 762 734 
764 763 734 990 991 996 223 224 265 
265 243 223 479 500 501 479 501 532 
735 795 796 796 765 735 735 766 795 
991 992 998 998 996 991 266 265 224 
224 244 266 503 496 480 768 737 736 
736 741 767 736 767 768 992 993 998 
247 246 225 533 502 481 481 504 533 
737 768 799 799 742 737 999 998 993 
226 232 249 249 248 226 482 483 505 
534 504 482 482 505 534 738 751 797 
996 995 994 250 228 227 254 250 227 
506 505 483 739 771 772 772 740 739 
995 996 997 251 229 228 228 250 251 
508 507 484 740 772 798 798 741 740 
998 997 996 229 251 270 270 252 229 
485 486 510 510 509 485 798 767 741 
997 998 999 253 231 230 230 252 271 
271 253 230 512 510 486 486 511 512 
799 769 742 253 232 231 487 513 541 
541 540 487 487 488 513 540 511 487 
743 769 770 743 770 773 272 249 232 
232 253 272 543 513 488 488 514 543 
744 773 801 801 774 744 233 273 274 
276 273 233 274 234 233 233 235 276 
544 514 489 489 515 544 745 774 803 
803 746 745 274 254 234 545 515 490 
490 516 545 490 491 516 804 775 746 
746 803 804 775 747 746 235 255 276 
518 516 491 747 775 776 776 748 747 
278 256 236 236 257 278 236 238 257 
549 520 492 520 493 492 748 776 778 
778 749 748 237 258 259 259 238 237 
520 519 493 749 778 779 779 750 749 
259 257 238 494 523 524 528 523 494 
779 751 750 260 240 239 495 524 526 
526 525 495 751 779 808 808 797 751 
279 258 240 240 260 279 550 527 496 
527 497 496 496 503 550 809 777 752 
752 753 809 263 262 241 241 242 263 
497 527 551 551 528 497 753 780 810 
810 809 753 264 263 242 242 243 264 
498 525 529 529 499 498 781 780 754 
754 755 781 282 264 243 243 265 282 
499 529 554 554 530 499 811 781 755 
813 811 755 755 756 813 267 266 244 
244 245 267 500 530 531 531 501 500 
756 782 814 814 813 756 284 267 245 
285 284 245 245 246 285 501 531 555 
558 532 501 501 555 558 815 782 757 
757 783 815 287 285 246 246 247 287 
502 533 557 557 550 502 550 503 502 
816 783 758 758 784 816 247 286 287 
820 785 759 759 786 820 269 268 248 
248 249 269 535 533 504 504 534 535 
790 789 760 791 790 760 760 761 791 
292 269 249 249 272 292 536 534 505 
537 536 505 505 506 537 792 791 761 
761 762 792 250 275 288 250 288 289 
289 251 250 250 254 275 538 537 506 
506 507 538 762 763 792 316 270 251 
251 289 316 539 538 507 507 508 539 
824 792 763 763 793 824 763 764 793 
252 270 290 290 271 252 560 539 508 
508 509 560 764 765 793 253 271 291 
291 272 253 561 560 509 509 510 561 
796 793 765 254 274 275 510 512 563 
562 561 510 563 562 510 766 794 795 
255 256 277 295 276 255 255 277 295 
540 512 511 832 768 767 767 798 831 
767 831 832 
POINT_DATA 1000
FIELD FieldData 7
Von_Mises_Strain 1 1000 double
0.45706233918 0.45313322689 0.4562706503 0.48413871943 0.49813919438 0.51487597723 0.52985496556 0.54567096858 0.62732139593 
0.65580187652 0.55880753952 0.60071666707 0.67207702818 0.4558018842 0.50194730933 0.60693463308 0.53947640179 0.57322546101 
0.57571109097 0.51626036292 0.5375506609 0.61937253202 0.56920397364 0.50435876075 0.48473048714 0.58130958087 0.6407864529 
0.53368388988 0.60177875054 0.64532571179 0.48533592566 0.55806284359 0.57301836176 0.63289307942 0.66124735564 0.6213142828 
0.61400764928 0.66384653992 0.49425918534 0.5187095714 0.50005714256 0.53268706194 0.47831108714 0.38225826513 0.48069714345 
0.33781769285 0.36923845531 0.33610599544 0.33401716706 0.50375870277 0.72709626028 0.56683960512 0.67649075791 0.61714801461 
0.66764923798 0.59108452204 0.64425283565 0.65674898157 0.6008833657 0.41606359635 0.63443587579 0.51091313157 0.18667010465 
0.13215596504 0.18466306226 0.24360678419 0.28340518065 0.51214814538 0.4789560477 0.44216853733 0.55700058946 0.59479825982 
0.65364970812 0.47445405637 0.5565907552 0.67894036173 0.62893064841 0.41260398462 0.094484942353 0.11324863224 0.13257441362 
0.062745195573 0.1011489604 0.10188687215 0.32807456322 0.34383548394 0.3358657918 0.38123162292 0.70147572954 0.6205991062 
0.4791528972 0.57122511621 0.48443793585 0.56685280885 0.68231287678 0.71993050571 0.68965358783 0.15985295076 0.44759861239 
0.048639518965 0.14331652363 0.21082394183 0.28379363059 0.4295353055 0.60977271541 0.45042181588 0.5737627155 0.49992092169 
0.66873100207 0.51731885055 0.57023486113 0.80220549667 0.1607583171 0.18119823957 0.16995631231 0.12562261294 0.10501364243 
0.10516659282 0.081479840052 0.12959552299 0.079275185065 0.25454185937 0.2584805896 0.23078066179 0.30277879229 0.41545669865 
0.55533535876 0.61505519343 0.35793653303 0.58039808612 0.56061536013 0.53622144622 0.58429283476 0.84565688713 0.59263763419 
0.21627807999 0.21921666592 0.26195954231 0.16577477514 0.16056940797 0.10057768277 0.13124241183 0.18942124895 0.20584153582 
0.20606352811 0.22589173486 0.35877279599 0.36102856595 0.32115655036 0.53636467088 0.50763916974 0.48236038778 0.5440211497 
0.73595503491 0.19707167883 0.2482900518 0.42289174659 0.14935195892 0.079618212678 0.12949269191 0.16677360103 0.18362492035 
0.29954490543 0.31742896795 0.24756414178 0.21763598911 0.29123531541 0.48739777217 0.33243051453 0.45251261928 0.86860637154 
0.22013527957 0.23635176017 0.26829609041 0.25879618109 0.54761142295 0.18385209886 0.18949050314 0.19934902796 0.088154798884 
0.13844598861 0.17579062633 0.15718620208 0.21769963276 0.34403708847 0.33530644778 0.3076117275 0.20069060634 0.20539132752 
0.47105763103 0.43438687887 0.73444403714 0.23414961654 0.25991345845 0.25654275622 0.28773712635 0.31839498423 0.2024133295 
0.092430661763 0.075042484547 0.11621066346 0.17858836867 0.29509217831 0.34156313884 0.34331402423 0.32789109157 0.31609550547 
0.29156265509 0.084443396345 0.27360777253 0.43860286576 0.88116344185 0.2874548781 0.46498076895 0.16840782848 0.21623946152 
0.070931400754 0.064158342191 0.1172521959 0.15837467117 0.24789035412 0.21936024865 0.36105938557 0.30807261169 0.26726912559 
0.51170244439 0.67643043588 0.25233338004 0.28085277285 0.30739787953 0.30372540692 0.31259378162 0.40054671513 0.17625777903 
0.2095605419 0.12556343926 0.076814951298 0.18034050134 0.14028346588 0.33244422491 0.29371827397 0.34465664238 0.34222288494 
0.34344113154 0.14866195618 0.24417849785 0.47790864466 0.54515634278 0.84283348988 0.5661398555 0.2868464793 0.32996770417 
0.320076971 0.30596867226 0.23702495455 0.097792458911 0.04876041194 0.14283781329 0.24055781846 0.1915152375 0.35901165767 
0.38276760095 0.36335506754 0.37437497924 0.36739912374 0.33972569906 0.30463801471 0.19367975364 0.81360933968 0.67165191888 
0.34499260926 0.30829709531 0.3471745771 0.16513412068 0.20944675436 0.24309447495 0.13582741463 0.10359632649 0.10121909691 
0.31343546193 0.39822498372 0.40174075021 0.37427166127 0.36552256138 0.077526644245 0.3661054976 0.53596077716 0.55003608613 
0.28607723628 0.33019812383 0.32534677758 0.28701163778 0.37615311405 0.13391805766 0.19215213502 0.12425509332 0.1759358072 
0.19666661985 0.22445293062 0.25990639441 0.37556563072 0.40775142472 0.4242386765 0.3955502651 0.41489180557 0.34797114948 
0.29530620692 0.097889757295 0.47366965158 0.44698091553 0.55903424535 0.76473639269 0.32715680811 0.27810016229 0.60774465153 
0.23125963824 0.35101528249 0.28496574658 0.23871696701 0.14291155667 0.15950637059 0.17020398123 0.29896125933 0.28650043415 
0.31446383781 0.34755279126 0.39581591548 0.44012508254 0.44350198312 0.40166631096 0.41147930624 0.2953363632 0.36309739702 
0.49219289952 0.3154160713 0.25135025444 0.25193888774 0.31840412565 0.24580299317 0.33651454777 0.60509768043 0.14541441787 
0.18045953339 0.25429735103 0.2734541953 0.36970227653 0.43598042772 0.46820953598 0.45102368534 0.4277142136 0.37013709541 
0.22442915835 0.61486258546 0.72968965395 0.18752365451 0.25116249703 0.28669124858 0.21649213015 0.22637694082 0.21303136523 
0.33500242623 0.1553237683 0.14528450628 0.22872208787 0.19475781375 0.37144156348 0.37228367469 0.375789313 0.41986910208 
0.42708805281 0.47229670181 0.49529991848 0.47664676621 0.45698086816 0.44213789679 0.45258008159 0.20329604214 0.50057483742 
0.42881963202 0.68146809064 0.22792219325 0.17152428648 0.5910567425 0.19454210651 0.21218709482 0.22696495524 0.27660131034 
0.32306318104 0.35959698433 0.46725914861 0.45876880811 0.48636868236 0.49948027205 0.48316042244 0.46547178919 0.46202535429 
0.39280080827 0.30427988503 0.60636819463 0.61969652545 0.27713550047 0.50193294337 0.62293165102 0.21558943855 0.12870169578 
0.16330020737 0.16749060552 0.21371109641 0.22059425509 0.53727536219 0.18099294811 0.32850798139 0.44341246204 0.47412031109 
0.47239133263 0.55982192447 0.47358664444 0.46846731398 0.46053791547 0.47414275579 0.50541471346 0.50655608606 0.49804286513 
0.47677983573 0.47472221357 0.32542686746 0.11788495472 0.10316587269 0.18401406199 0.19411695405 0.18364088566 0.19702058127 
0.3240621948 0.26594929865 0.21149087019 0.38600640221 0.56702438709 0.57977393661 0.56067485993 0.53494896856 0.50288730663 
0.4960026391 0.47385521259 0.43634821476 0.24601592873 0.47171177583 0.6474621071 0.25702583299 0.38746189161 0.58479189855 
0.026683262496 0.49897724013 0.24397785562 0.14556379389 0.1261703357 0.15705495556 0.21343533016 0.30342083951 0.38931728759 
0.45111410408 0.52051660569 0.64229346459 0.56930202203 0.48970726433 0.49741936773 0.49808018028 0.49924968865 0.50612657405 
0.49468886836 0.48501021241 0.4733190492 0.30118604771 0.5676072684 0.56807512102 0.059912048207 0.07464618413 0.51244501811 
0.19734318599 0.18289216756 0.32403129893 0.30272902037 0.51542057042 0.64040022743 0.6597584536 0.61049953281 0.54532454527 
0.53478647547 0.47549444367 0.47848200473 0.47957906088 0.4719344191 0.39057868116 0.24478636807 0.46302214179 0.14328650809 
0.099977420617 0.35436894093 0.28213206882 0.10833262365 0.15005295254 0.21680348527 0.26237128592 0.51387800936 0.41187333149 
0.60154326268 0.7157905864 0.70695765066 0.6778974214 0.6387989437 0.61833350536 0.60835811079 0.51024026072 0.55532397832 
0.4387144672 0.47074790339 0.4712836168 0.45414561949 0.37097860597 0.324027248 0.57505503841 0.38259791634 0.53364833942 
0.54622262237 0.2136258233 0.15302381484 0.13472439944 0.20671764736 0.40309088777 0.22568231174 0.13812133657 0.18940132736 
0.23256139869 0.39064732401 0.63012143075 0.70973312268 0.71335489397 0.75926822198 0.74435815255 0.72950593127 0.69084677179 
0.48881205417 0.42305524417 0.3947789621 0.44360484941 0.45085057259 0.45552103335 0.39978729503 0.22919888368 0.40001280295 
0.075858466801 0.5044618478 0.31905468612 0.24203537496 0.17785171271 0.18070545097 0.27374303554 0.72787103594 0.63671578436 
0.30180730206 0.769319986 0.68884896083 0.6925800603 0.68309274667 0.61444305136 0.53813969915 0.43313275075 0.35201732802 
0.40763602071 0.42242018146 0.44673629988 0.56638467608 0.31750347204 0.52070325043 0.31528650227 0.30203715213 0.25684193676 
0.46411884311 0.63616061223 0.56208934994 0.44452905242 0.19802804631 0.2380853435 0.77791291254 0.79117708452 0.77097542684 
0.77845463659 0.74443621775 0.76919993881 0.61600735917 0.32480700883 0.38734272661 0.4171303804 0.40704856493 0.31938412706 
0.19368130505 0.45210814415 0.15306509688 0.5237017975 0.47692773845 0.38732864936 0.34807758925 0.31213061347 0.34195175886 
0.46002675951 0.72086502292 0.68978961892 0.25013439561 0.26635848998 0.29170479603 0.76925396596 0.29730185392 0.34474167247 
0.7992279716 0.80056599956 0.76129156576 0.69767021848 0.48930437852 0.59483251243 0.3617371501 0.28227572109 0.33866827003 
0.35875108339 0.37364760878 0.35574525649 0.2216882719 0.30813854924 0.34922466507 0.40432250814 0.47746767726 0.40310329647 
0.39387664024 0.42408591758 0.74314213412 0.6020721286 0.27329031276 0.33176253807 0.79316798248 0.325613491 0.28953456623 
0.80225768829 0.78993017303 0.81588009815 0.83076735353 0.81875961126 0.84533381534 0.77534656328 0.42075750508 0.31051234106 
0.24956063212 0.30521222355 0.26687564995 0.21179580068 0.51288548213 0.4027448704 0.70594371582 0.68749377756 0.62749331177 
0.52248795973 0.42788573788 0.41840302378 0.75491957433 0.72622634679 0.3455117126 0.36728787282 0.32201755606 0.34674839812 
0.32834371708 0.78407724358 0.87920553309 0.6715830439 0.51147255717 0.21762680071 0.22322293129 0.31115257608 0.33800354269 
0.30033843204 0.15379944397 0.34061592092 0.30737132112 0.29808163455 0.67025544611 0.66835164175 0.67183071895 0.64842127722 
0.50562302768 0.45090533817 0.42678506329 0.74580055933 0.70586273154 0.68907731265 0.40054671753 0.37796442891 0.23298606674 
0.30211563138 0.79274931828 0.8450307062 0.87224150957 0.88994579967 0.83244438663 0.73307675336 0.57591128135 0.49174752353 
0.39189411905 0.29022349331 0.14230226616 0.16773260887 0.23004215741 0.25588674896 0.28987071927 0.35129570503 0.52500156156 
0.43256472018 0.61889492972 0.50873368228 0.4617963508 0.44677461698 0.18443243469 0.73626342203 0.68468238743 0.74209339472 
0.79451789839 0.8447937648 0.80973743944 0.7609356379 0.63632225177 0.68387374667 0.57098869021 0.46878029674 0.4079212621 
0.19115570558 0.066118825941 0.1026749182 0.15427735563 0.3042797962 0.17150695752 0.443791043 0.64784600532 0.66403928284 
0.19581109648 0.65986294876 0.64966123762 0.64348863826 0.67405828607 0.60992841622 0.50560848795 0.47316466381 0.51037251674 
0.49386363678 0.45728135364 0.36004355738 0.16731771352 0.099681051878 0.69651824445 0.72488620943 0.80012700983 0.76368075984 
0.71920467413 0.63254581955 0.53547021242 0.32803732683 0.17220343816 0.26145124028 0.27115952522 0.18051625326 0.3277332999 
0.50149446628 0.36633671429 0.66024009786 0.66215769274 0.683008038 0.69338389258 0.66257288434 0.66173532262 0.6026402131 
0.49722088084 0.55050581051 0.52102109077 0.67058196123 0.45939384811 0.29799931386 0.75663213651 0.77270461735 0.70040852101 
0.60766552527 0.50613283938 0.46248445426 0.24790728827 0.16985524392 0.039984487888 0.062569268181 0.12199580258 0.203522409 
0.25602697186 0.27896247633 0.39215857234 0.45385225331 0.50443439682 0.22806549979 0.66425103548 0.68636860108 0.6864492686 
0.58059028939 0.56594465261 0.52024983828 0.5684789366 0.5556461974 0.71299384106 0.41723918135 0.2710505028 0.70418110938 
0.74335717515 0.81496144876 0.77299336268 0.77750788391 0.7914694141 0.70858618651 0.59324453167 0.70951263637 0.57809128581 
0.54033845046 0.4028458885 0.10207522734 0.09176008101 0.22636576825 0.19852536309 0.38903553332 0.47190697355 0.55247428788 
0.55983073615 0.35972473549 0.7218894939 0.72294665419 0.71893356008 0.72061110138 0.73428038531 0.72285712051 0.73737564573 
0.65620709028 0.52211592026 0.48428097121 0.71509628829 0.81885154637 0.78017397766 0.95446499175 0.83673026587 0.91967710254 
0.90148295386 0.85085952969 0.70937781365 0.48732236604 0.33140031429 0.24442495858 0.15316271777 0.20842381681 0.23235728215 
0.18619378784 0.42958344427 0.50941957566 0.60595654115 0.64842229333 0.59223430017 0.5713419249 0.80626929507 0.91503524169 
0.91453035897 0.60160203851 0.55511540433 0.80797599392 0.80087090325 0.79801135152 0.79449833215 0.7845134792 0.74794399424 
0.73668191004 0.70352648522 0.66124030073 0.82905129161 1.0736278611 0.9153530902 0.97824869978 0.8811859032 1.1457313684 
1.0980633986 1.0209971178 1.0512544472 0.98137954672 1.0301297874 0.87563322271 0.87736240842 0.6883114293 0.63887224337 
0.41949151758 0.30279188892 0.17758028984 0.14097355804 0.33222236794 0.45724426015 0.49124356451 0.47883147298 0.54337634653 
0.89764073636 0.87611431461 0.70923963768 0.85169568227 0.82638663875 0.80536103364 0.78651635284 0.95093174564 0.92515867387 
0.75363765921 1.1435603856 1.1477615913 1.1400178612 1.0302673934 1.0044800725 0.86868476872 0.82671486036 0.75976476473 
0.58508369304 0.54207701486 0.28223652309 0.19513191745 0.17636275255 0.21525453436 0.23906148478 0.21646387669 0.47168057647 
1.1204247892 1.0795244176 1.0413667139 0.96352359022 0.91081362883 0.69388205209 0.40351880508 0.21621959868 0.21559232988 
0.46702252169 0.31657135073 0.50268903997 0.51385044271 0.98053202925 0.84893595249 0.63159726832 0.49745905588 0.37287456381 
0.2722693205 0.23979792995 0.23776872575 0.49553888232 0.52653918666 0.39963513472 0.89888245243 0.77153092137 0.80604158514 
0.69121673258 0.57204249376 0.44650409309 0.34170950374 0.26916369247 0.23742883755 0.23724836604 0.24464995231 0.25102976165 
0.44432816074 0.44024676522 0.70218645622 0.61294588605 0.31753433824 0.23562561258 0.28046952489 0.45822606379 0.59336487897 
0.50222173319 0.39795915815 0.27165073082 0.26671983471 0.23883321157 0.20156252144 0.28392909154 0.43797605476 0.40117389046 
0.42828858162 0.49883160372 0.41587885115 0.37634030002 0.34258346645 0.21355265379 0.36736878471 0.25958805014 0.29707266729 
0.24266212146 0.14924693844 0.11780435619 0.23616132822 0.23331955866 0.18231835276 0.16194460375 0.10709577482 0.068036550232 
0.18026997536 
Lagrange_strain 9 1000 double
-0.10237515183 0.098425445939 0.034321599306 0.098425445939 -0.093553234088 -0.05424017079 0.034321599306 -0.05424017079 0.31121181083 
-0.07091024831 0.070597011291 0.067383090201 0.070597011291 -0.069243124954 -0.087213539483 0.067383090201 -0.087213539483 0.32226981314 
-0.14769592667 0.11680088396 0.02071006871 0.11680088396 -0.090187683186 -0.04306968915 0.02071006871 -0.04306968915 0.27845403436 
-0.17556291198 0.12913209566 0.0011510286898 0.12913209566 -0.094270581779 -0.019364545521 0.0011510286898 -0.019364545521 0.28731511073 
-0.19472833732 0.13010125504 -0.021232349226 0.13010125504 -0.086624348373 0.0051654538333 -0.021232349226 0.0051654538333 0.2919508746 
-0.11734175853 0.1144744514 0.060114599467 0.1144744514 -0.08756847573 -0.001575314548 0.060114599467 -0.001575314548 0.36043849433 
-0.062069534801 0.095878881848 0.10577594792 0.095878881848 -0.081301283102 -0.0071190873532 0.10577594792 -0.0071190873532 0.3964736578 
-0.15887374149 0.13120732774 0.044562642173 0.13120732774 -0.075510950691 0.036304321768 0.044562642173 0.036304321768 0.36341893411 
0.21915565001 -0.094877081616 0.29241234473 -0.094877081616 0.039328440122 -0.1428595206 0.29241234473 -0.1428595206 0.28587000219 
0.17679164909 -0.068772884958 0.31385569822 -0.068772884958 0.023304028733 -0.15275809161 0.31385569822 -0.15275809161 0.28087049615 
0.21160517545 -0.13405311056 0.23715137895 -0.13405311056 0.09224070175 -0.14221606212 0.23715137895 -0.14221606212 0.28709207004 
0.064025412047 -0.017287770672 0.26321237243 -0.017287770672 0.0023171622491 -0.14221452342 0.26321237243 -0.14221452342 0.33081337248 
0.14531772344 -0.036044672511 0.32775322849 -0.036044672511 0.0030088659565 -0.1334406194 0.32775322849 -0.1334406194 0.31273254105 
-0.053627175098 0.039254861339 0.11853340868 0.039254861339 -0.02619796073 -0.1318170338 0.11853340868 -0.1318170338 0.28916273616 
-0.020967991058 0.0077311663257 0.17786511176 0.0077311663257 0.0022182559167 -0.15421585865 0.17786511176 -0.15421585865 0.28236645601 
0.22084839042 -0.01162731377 0.31249509328 -0.01162731377 0.011832185533 -0.077324810912 0.31249509328 -0.077324810912 0.27222904958 
0.29560424735 -0.021212585599 0.27411237074 -0.021212585599 0.032490266853 -0.045581118572 0.27411237074 -0.045581118572 0.24226139384 
0.076234799011 0.036684271611 0.25581718858 0.036684271611 -0.016695091043 -0.062848537871 0.25581718858 -0.062848537871 0.36127570671 
0.18740687154 0.051315069038 0.29320685774 0.051315069038 0.0029654204076 -0.018492585993 0.29320685774 -0.018492585993 0.29290527298 
-0.015647689449 0.058587209613 0.16750267718 0.058587209613 -0.044496711525 -0.063980719665 0.16750267718 -0.063980719665 0.36886531507 
0.10459326614 0.13241904933 0.23043506599 0.13241904933 0.0044452863994 0.062185965528 0.23043506599 0.062185965528 0.29520962491 
-0.0480167818 0.16715859077 0.15950049631 0.16715859077 -0.020858818955 0.1207356249 0.15950049631 0.1207356249 0.38887140749 
0.045507580677 0.15020867486 0.19911143061 0.15020867486 -0.020794608863 0.086986634848 0.19911143061 0.086986634848 0.34608111944 
-0.18142642481 0.13404736784 -0.083350369268 0.13404736784 -0.099738204696 0.055927161657 -0.083350369268 0.055927161657 0.26591682508 
0.039051335253 0.1928994935 0.15019813284 0.1928994935 0.025684439055 0.11132038868 0.15019813284 0.11132038868 0.16780743757 
-0.17662108728 0.14072815999 0.0036714326195 0.14072815999 -0.062338805124 0.10049231092 0.0036714326195 0.10049231092 0.36875739552 
-0.095111406716 0.19400652057 0.12077413802 0.19400652057 0.017347179015 0.17245977498 0.12077413802 0.17245977498 0.35509782068 
-0.13535546132 0.12703923412 -0.15457582538 0.12703923412 -0.11867609669 0.12622685675 -0.15457582538 0.12622685675 0.21461593342 
-0.1604770627 0.14312021394 -0.063188760942 0.14312021394 -0.057217401695 0.17224867799 -0.063188760942 0.17224867799 0.32899209878 
-0.11309233045 0.20522018383 0.063937712673 0.20522018383 0.037845836512 0.21326444968 0.063937712673 0.21326444968 0.31494346339 
-0.022935633691 0.2069793018 0.11536271378 0.2069793018 0.042584313104 0.12221458385 0.11536271378 0.12221458385 0.14793711368 
-0.11260710616 0.11132193731 -0.19688596849 0.11132193731 -0.10812540831 0.16199604794 -0.19688596849 0.16199604794 0.17109588871 
-0.1557647825 0.087354316487 -0.19342113796 0.087354316487 -0.049161217187 0.15320730836 -0.19342113796 0.15320730836 0.23559294991 
-0.14416005625 0.12966183351 -0.12087211507 0.12966183351 -0.040799441552 0.22685140407 -0.12087211507 0.22685140407 0.28684811862 
-0.12256040854 0.21327649275 0.019087667437 0.21327649275 0.089048604107 0.2538332902 0.019087667437 0.2538332902 0.25308972552 
-0.1564486398 0.10199694111 -0.15975601933 0.10199694111 -0.023939317925 0.21077649233 -0.15975601933 0.21077649233 0.27285715174 
-0.1826251751 0.053504838302 -0.17471271019 0.053504838302 0.010912748486 0.16787216425 -0.17471271019 0.16787216425 0.31936916893 
-0.19169786021 0.084328737937 -0.1238711159 0.084328737937 0.077472733648 0.23764874668 -0.1238711159 0.23764874668 0.32961172291 
0.16894002242 -0.161611692 0.17598326597 -0.161611692 0.16193384075 -0.15147397281 0.17598326597 -0.15147397281 0.22991085934 
0.18670828659 -0.19819431977 0.15134079128 -0.19819431977 0.21144061659 -0.1591586366 0.15134079128 -0.1591586366 0.12128391197 
0.31573275001 -0.08225648777 0.23883025319 -0.08225648777 0.073871072718 -0.068479298881 0.23883025319 -0.068479298881 0.22122237006 
0.32846696672 -0.15721401546 0.21757777495 -0.15721401546 0.12257221614 -0.10541085963 0.21757777495 -0.10541085963 0.17594472569 
0.24743728651 0.10831648707 0.22134953086 0.10831648707 0.033679116196 0.062852829166 0.22134953086 0.062852829166 0.16238517106 
0.26468101839 0.07220404727 0.16858805681 0.07220404727 0.043361117406 0.047928306283 0.16858805681 0.047928306283 0.11418304986 
0.18246796791 0.11803516746 0.22087610115 0.11803516746 0.020862592921 0.060692141718 0.22087610115 0.060692141718 0.21246353924 
0.17660949568 0.10540878378 0.13897227828 0.10540878378 0.050009775805 0.059304599112 0.13897227828 0.059304599112 0.096691787436 
0.31338904771 0.0037243623523 0.16191555116 0.0037243623523 0.048068544634 0.014707060822 0.16191555116 0.014707060822 0.1159185562 
0.10194006885 0.13685137464 0.1191517026 0.13685137464 0.041945684627 0.061779998914 0.1191517026 0.061779998914 0.078358471356 
0.055635204255 0.14570404851 0.10668842086 0.14570404851 0.016963069793 0.059459302083 0.10668842086 0.059459302083 0.08105765468 
-0.048781057711 0.225113746 0.086464267209 0.225113746 0.051895732365 0.13761773525 0.086464267209 0.13761773525 0.12361568807 
-0.17367596122 0.15599268891 -0.042340329503 0.15599268891 0.13292066036 0.299330865 -0.042340329503 0.299330865 0.31277649968 
-0.12725732585 0.22323566199 0.017069618022 0.22323566199 0.16306517967 0.1847513199 0.017069618022 0.1847513199 0.090814978688 
-0.1743948328 0.15686450012 -0.018747142351 0.15686450012 0.2385761769 0.27206658878 -0.018747142351 0.27206658878 0.21318867856 
-0.16504769508 0.025230257928 -0.18308793362 0.025230257928 0.041562445827 0.18236861341 -0.18308793362 0.18236861341 0.32115116439 
-0.18408382248 0.067250912819 -0.11191749399 0.067250912819 0.1566698937 0.2597667029 -0.11191749399 0.2597667029 0.31046865412 
0.23525169402 -0.23287060992 0.15728890202 -0.23287060992 0.23041941482 -0.1614491014 0.15728890202 -0.1614491014 0.047739895386 
0.2853464966 -0.26480517192 0.16005096588 -0.26480517192 0.24408050662 -0.15746038561 0.16005096588 -0.15746038561 0.036264462619 
0.29384756478 -0.28507874185 0.14513249821 -0.28507874185 0.27331779288 -0.1497929716 0.14513249821 -0.1497929716 0.045487477609 
0.35753280585 -0.21352397665 0.19841660122 -0.21352397665 0.16112271901 -0.12785315856 0.19841660122 -0.12785315856 0.09138751019 
0.38197888691 -0.051843183996 0.15250673729 -0.051843183996 0.052819389594 -0.014367819447 0.15250673729 -0.014367819447 0.10167502425 
0.42495765341 -0.24127741068 0.17419721361 -0.24127741068 0.17593311247 -0.10971207946 0.17419721361 -0.10971207946 0.067614181318 
0.46241834596 -0.095892505517 0.15712441052 -0.095892505517 0.056085657964 -0.031215423044 0.15712441052 -0.031215423044 0.078617090848 
0.091860834372 0.071255613719 0.057642303618 0.071255613719 0.068627961972 0.04957830206 0.057642303618 0.04957830206 0.037036920375 
0.049322216532 0.042314257612 0.037812583551 0.042314257612 0.065577839509 0.04846251871 0.037812583551 0.04846251871 0.033779278936 
0.085546590906 0.078981430593 0.056588014176 0.078981430593 0.038187275626 0.030405877735 0.056588014176 0.030405877735 0.02548140561 
-0.018756094857 0.13197753448 0.038559558315 0.13197753448 -0.016630191966 0.022480919963 0.038559558315 0.022480919963 0.015623113632 
-0.037216769493 0.15430268534 0.031046584122 0.15430268534 -0.030090470418 0.033417444568 0.031046584122 0.033417444568 0.017440452547 
-0.061394227618 0.23770671034 0.055390202921 0.23770671034 0.056917878781 0.14645303903 0.055390202921 0.14645303903 0.091219114476 
-0.08751657955 0.22764577734 0.023544486415 0.22764577734 0.068858060564 0.12912005798 0.023544486415 0.12912005798 0.053219346566 
-0.12986718601 0.1906443577 -0.011312518451 0.1906443577 0.13295176291 0.1063423498 -0.011312518451 0.1063423498 0.020564559386 
-0.11092492973 0.0078069424721 -0.21929940479 0.0078069424721 0.035569632238 0.16722250971 -0.21929940479 0.16722250971 0.21884628582 
-0.13942137277 0.16254329956 -0.034088990073 0.16254329956 0.23577046167 0.23138085834 -0.034088990073 0.23138085834 0.11781526653 
-0.14220692204 0.043620292199 -0.15193276795 0.043620292199 0.18016761386 0.27243505038 -0.15193276795 0.27243505038 0.2463401428 
-0.063074096354 0.0031147790651 -0.22976751234 0.0031147790651 0.012415535117 0.12241383174 -0.22976751234 0.12241383174 0.10684017471 
-0.06855633089 -0.013194502245 -0.2337468311 -0.013194502245 0.0673387451 0.18975445362 -0.2337468311 0.18975445362 0.15264713421 
0.32462336722 -0.30061593338 0.15573522871 -0.30061593338 0.28019348415 -0.144311935 0.15573522871 -0.144311935 0.07190571947 
0.48898889962 -0.24551109298 0.12911753707 -0.24551109298 0.17195715522 -0.074155000176 0.12911753707 -0.074155000176 0.060595429846 
0.42180137577 -0.077049135271 0.061329391493 -0.077049135271 0.046754687408 0.0035836003337 0.061329391493 0.0035836003337 0.045558882603 
-0.026720461352 -0.01220236814 0.0025903015986 -0.01220236814 0.051975018805 0.035353768933 0.0025903015986 0.035353768933 0.020762455335 
0.073076931456 0.026431936979 0.031490196579 0.026431936979 0.05413913934 0.047425555766 0.031490196579 0.047425555766 0.036444026336 
0.14284256871 0.016330427069 0.019925484012 0.016330427069 0.038281833612 0.038773769283 0.019925484012 0.038773769283 0.036943866458 
0.02851924361 0.018718915795 0.01362550985 0.018718915795 0.042165259553 0.023876225933 0.01362550985 0.023876225933 0.013458015746 
-0.019633428397 0.051950393458 0.022616623798 0.051950393458 0.0026686278391 0.0052704808095 0.022616623798 0.0052704808095 0.0035041273318 
-0.049285865949 0.050184162099 0.012802361644 0.050184162099 -0.045280699379 -0.0049862583335 0.012802361644 -0.0049862583335 0.00012202941195 
-0.045936230329 0.17800154703 0.021752217081 0.17800154703 -0.036303107296 0.050438501287 0.021752217081 0.050438501287 0.01768564488 
-0.071643174193 0.1850913959 0.0052563755057 0.1850913959 -0.029288268867 0.058278348876 0.0052563755057 0.058278348876 0.011412592213 
-0.11447634006 0.17154293158 -0.0099523620395 0.17154293158 0.013689674634 0.054265287656 -0.0099523620395 0.054265287656 0.0050475332447 
-0.10249365635 0.1807617934 -0.027590517759 0.1807617934 0.064716830461 0.089116084905 -0.027590517759 0.089116084905 -0.00356449373 
-0.10799480518 0.020383443716 -0.16288231666 0.020383443716 0.26617672613 0.31446896274 -0.16288231666 0.31446896274 0.17683737139 
-0.10584394848 0.15844477292 -0.059565975188 0.15844477292 0.24145283785 0.2636751752 -0.059565975188 0.2636751752 0.080035913223 
-0.0051160022563 -0.015062605124 -0.24393422417 -0.015062605124 0.017182126908 0.12876506157 -0.24393422417 0.12876506157 0.022793353187 
-0.014327942657 -0.048458748525 -0.24616746379 -0.048458748525 0.10237877327 0.2048552677 -0.24616746379 0.2048552677 0.080709696953 
0.049375646772 -0.041336040883 -0.24139755899 -0.041336040883 0.029874597089 0.12604541758 -0.24139755899 0.12604541758 -0.042765437734 
0.039787996085 -0.083861419933 -0.24754656018 -0.083861419933 0.11832912763 0.18947606888 -0.24754656018 0.18947606888 0.015372447019 
-0.06673345651 -0.02420752152 -0.18272326735 -0.02420752152 0.29744930137 0.29672474893 -0.18272326735 0.29672474893 0.11078282697 
0.37178864355 -0.31642572004 0.17751498058 -0.31642572004 0.27993338625 -0.14392548843 0.17751498058 -0.14392548843 0.091515459669 
0.51353099946 -0.2912028561 0.107590312 -0.2912028561 0.19031502414 -0.0732721385 0.107590312 -0.0732721385 0.048542242096 
-0.083001277947 -0.031776232837 0.011610390934 -0.031776232837 0.049892808671 0.047752545993 0.011610390934 0.047752545993 0.028532678932 
0.41579862765 -0.13979072925 -0.035641302003 -0.13979072925 0.062489416347 0.024234644781 -0.035641302003 0.024234644781 0.032923839871 
-0.043366099956 -0.0048890011115 0.00413931265 -0.0048890011115 0.0049348380492 0.0042709829312 0.00413931265 0.0042709829312 0.0017184259214 
-0.048990730252 0.070404885412 0.006628524193 0.070404885412 -0.084854110035 -0.003233908065 0.006628524193 -0.003233908065 0.00046644603422 
-0.036335340447 0.10926674247 0.0066773264484 0.10926674247 -0.099181572985 0.012750498552 0.0066773264484 0.012750498552 0.0032721634982 
-0.11518947769 0.14448039887 -0.024722617478 0.14448039887 -0.020123751226 0.04250729456 -0.024722617478 0.04250729456 -0.0053451803871 
-0.06156901426 0.19835776541 -0.036856703532 0.19835776541 0.044338974911 0.13393246064 -0.036856703532 0.13393246064 -0.021336298008 
-0.085003116311 0.14113030072 -0.070290205781 0.14113030072 0.26608309692 0.25920836335 -0.070290205781 0.25920836335 0.033669380185 
-0.029667413863 0.19414872854 -0.0427976436 0.19414872854 0.027599503918 0.16290217657 -0.0427976436 0.16290217657 -0.048285713117 
-0.074691968733 0.095632268219 -0.082350697305 0.095632268219 0.30553037433 0.23293143045 -0.082350697305 0.23293143045 0.01430430288 
0.099546944732 -0.070678193048 -0.23227150681 -0.070678193048 0.047011517461 0.12000283864 -0.23227150681 0.12000283864 -0.093491648308 
-0.031446981778 -0.074751600472 -0.18860343905 -0.074751600472 0.33049653489 0.27011795752 -0.18860343905 0.27011795752 0.068404425954 
0.13802009495 -0.10519240745 -0.22388136576 -0.10519240745 0.072216072198 0.11041376355 -0.22388136576 0.11041376355 -0.10519749591 
0.079691581604 -0.11953062676 -0.23643865257 -0.11953062676 0.15009453209 0.17556153906 -0.23643865257 0.17556153906 -0.020799175027 
0.49876042782 -0.35684723597 0.145893809 -0.35684723597 0.23648399396 -0.11751123336 0.145893809 -0.11751123336 0.044140475391 
-0.071252027734 -0.054723054601 -0.0097343520303 -0.054723054601 0.043132622337 0.041238076936 -0.0097343520303 0.041238076936 0.026689560829 
-0.098790393651 -0.042636014123 0.016549163821 -0.042636014123 0.039505654486 0.052661147446 0.016549163821 0.052661147446 0.032757561531 
-0.083429904657 -0.049355394367 0.0058277671642 -0.049355394367 0.028735525143 0.050840359242 0.0058277671642 0.050840359242 0.038115437061 
0.076078019578 -0.037277747026 -0.041165885856 -0.037277747026 0.028751077758 0.040017139644 -0.041165885856 0.040017139644 0.04576134081 
-0.059434141909 -0.039271533094 -0.0065003872713 -0.039271533094 0.020372986045 0.015729959314 -0.0065003872713 0.015729959314 0.0079496321032 
-0.035377604491 -0.037896351871 -0.012213668794 -0.037896351871 0.037889078921 0.026284805317 -0.012213668794 0.026284805317 0.015587957163 
-0.090799368179 -0.01238643925 0.0032517351318 -0.01238643925 -0.038404816744 -0.0076036071837 0.0032517351318 -0.0076036071837 -0.0020350478826 
-0.10926572572 -0.04385909348 0.0016759762622 -0.04385909348 -0.01156805707 0.0037930395674 0.0016759762622 0.0037930395674 0.0013400948926 
-0.068436573901 0.0080980691067 -0.00014794725586 0.0080980691067 -0.083871919219 -0.011767306971 -0.00014794725586 -0.011767306971 -0.00203503732 
-0.052907631839 0.13566198968 0.00057182292781 0.13566198968 -0.09633700518 0.026578574432 0.00057182292781 0.026578574432 0.0031221744679 
-0.09291622344 0.13811930046 -0.0083625613936 0.13811930046 -0.070701774814 0.026976165975 -0.0083625613936 0.026976165975 0.00076425643597 
-0.1186656463 0.1171682334 -0.015013281151 0.1171682334 -0.062229814611 0.01938388548 -0.015013281151 0.01938388548 -0.0016649849689 
-0.069753076694 0.15099797344 -0.038201737548 0.15099797344 -0.08203719754 0.07303294503 -0.038201737548 0.07303294503 -0.023158935463 
-0.020592805531 0.16990276933 -0.04672349763 0.16990276933 0.033353902417 0.15515451197 -0.04672349763 0.15515451197 -0.064701843592 
-0.067349726968 0.042796157456 -0.080367504802 0.042796157456 0.37038813243 0.19939391614 -0.080367504802 0.19939391614 0.0081965130536 
-0.0098376248725 -0.08946123902 -0.15920986014 -0.08946123902 0.36949641145 0.2222223821 -0.15920986014 0.2222223821 0.030931717855 
-0.037191367579 0.066935486206 -0.048264164891 0.066935486206 0.22906927914 0.11286938815 -0.048264164891 0.11286938815 -0.031731125131 
0.10397024704 -0.15431407051 -0.21787004828 -0.15431407051 0.20084045613 0.16364683837 -0.21787004828 0.16364683837 -0.036387196757 
-0.00037051089633 -0.084200437862 -0.12762457858 -0.084200437862 0.39123795814 0.16967650074 -0.12762457858 0.16967650074 -0.011370778662 
0.17197265755 -0.14114246361 -0.21353444399 -0.14114246361 0.099786627793 0.0987744736 -0.21353444399 0.0987744736 -0.10454013792 
0.12421194612 -0.1821727448 -0.19094732013 -0.1821727448 0.24932607243 0.14147678711 -0.19094732013 0.14147678711 -0.059538827355 
0.49936517281 -0.38210697731 0.140156974 -0.38210697731 0.23654898467 -0.13111769996 0.140156974 -0.13111769996 0.029125856666 
0.45215763939 -0.25801158072 -0.030668653671 -0.25801158072 0.11961378821 -0.00486700924 -0.030668653671 -0.00486700924 0.029609269135 
-0.11810744285 -0.068485780556 0.0053459582046 -0.068485780556 0.036454489273 0.054765081843 0.0053459582046 0.054765081843 0.034704165668 
-0.095444178004 -0.083866792785 -0.011747170464 -0.083866792785 0.013056079635 0.056277094714 -0.011747170464 0.056277094714 0.049417639804 
0.11051854268 -0.10416643408 -0.088089867803 -0.10416643408 0.024332913388 0.048796741554 -0.088089867803 0.048796741554 0.058647833608 
-0.11278694538 -0.060304544619 -0.0020129171218 -0.060304544619 0.01452767038 0.018928964221 -0.0020129171218 0.018928964221 0.0085551149351 
-0.070927220489 -0.063669730602 -0.016387570706 -0.063669730602 0.0347087307 0.031685533421 -0.016387570706 0.031685533421 0.019762101096 
-0.097553076486 -0.031773861386 -0.00049592838807 -0.031773861386 -0.052026442829 -0.0079334827672 -0.00049592838807 -0.0079334827672 -0.0016934436873 
-0.029410364675 0.046101991799 0.00083095371826 0.046101991799 -0.115639714 -0.0037652613414 0.00083095371826 -0.0037652613414 -0.00022593025905 
-0.022914758808 0.084850002154 0.0017172173401 0.084850002154 -0.12723124305 0.009800407627 0.0017172173401 0.009800407627 0.0012382290224 
-0.063804887797 0.10064443708 -0.0055578075467 0.10064443708 -0.12333103686 0.012889837405 -0.0055578075467 0.012889837405 -0.00011103905763 
-0.10300923014 0.10279028422 -0.0093996825134 0.10279028422 -0.10008801184 0.010586635717 -0.0093996825134 0.010586635717 -0.00076689037538 
-0.095335346079 0.11126687789 -0.025174764922 0.11126687789 -0.10778258626 0.032929431267 -0.025174764922 0.032929431267 -0.008738857909 
-0.021288732539 0.15437844402 -0.044255119237 0.15437844402 -0.12455255441 0.11962205784 -0.044255119237 0.11962205784 -0.052466117597 
-0.001428037923 0.13472094174 -0.044369736755 0.13472094174 -0.13831661846 0.13651595689 -0.044369736755 0.13651595689 -0.074639540973 
-0.025417043521 0.12525011582 -0.042363146622 0.12525011582 0.067262201216 0.11362879911 -0.042363146622 0.11362879911 -0.053362365521 
0.20898819598 -0.16297212837 -0.19275482618 -0.16297212837 0.10666307019 0.073644001285 -0.19275482618 0.073644001285 -0.11128569509 
0.019756157843 -0.10849720788 -0.091174392079 -0.10849720788 0.40303715717 0.10399159649 -0.091174392079 0.10399159649 -0.022747070209 
0.2201964546 -0.17275761708 -0.16781566064 -0.17275761708 0.10535192433 0.065125912855 -0.16781566064 0.065125912855 -0.02705091392 
0.1595969846 -0.19429106347 -0.16844716217 -0.19429106347 0.23000164005 0.10340780091 -0.16844716217 0.10340780091 -0.053779625756 
0.50458722748 -0.33924820408 0.016369596363 -0.33924820408 0.16857990174 -0.051782287512 0.016369596363 -0.051782287512 0.015899947453 
-0.084261755027 -0.073646085403 -0.017487438902 -0.073646085403 0.040538898061 0.047654076925 -0.017487438902 0.047654076925 0.034302990419 
-0.1403927947 -0.082717387619 0.014273844805 -0.082717387619 0.020691294502 0.061368938109 0.014273844805 0.061368938109 0.038894987555 
0.22081027229 -0.1814668261 -0.11828427895 -0.1814668261 0.039988298853 0.050908821337 -0.11828427895 0.050908821337 0.054401084047 
-0.12329467513 -0.053084775333 0.0021048914194 -0.053084775333 -0.014960405209 0.0045421138859 0.0021048914194 0.0045421138859 0.0014033600674 
-0.037869936162 -0.0034714475848 -0.0026671454197 -0.0034714475848 -0.090100591596 -0.010708317696 -0.0026671454197 -0.010708317696 -0.00160312924 
-0.0031612326101 0.030976584014 0.0017426349018 0.030976584014 -0.11921553397 -0.0023630643902 0.0017426349018 -0.0023630643902 0.00015000427097 
-0.023243671735 0.06331485668 -0.0010189592735 0.06331485668 -0.13501889784 0.0062015805831 -0.0010189592735 0.0062015805831 0.00023086774265 
-0.10885696649 0.084136832274 -0.010835326909 0.084136832274 -0.11258385915 0.0070949754793 -0.010835326909 0.0070949754793 -0.0013245925869 
-0.03622616426 0.12131191487 -0.035685877316 0.12131191487 -0.1767552921 0.0846577567 -0.035685877316 0.0846577567 -0.032701646005 
0.0036593850145 0.10045822614 -0.039094118344 0.10045822614 -0.14520770273 0.12807140691 -0.039094118344 0.12807140691 -0.079295934609 
0.010776117562 0.072560866952 -0.024995378517 0.072560866952 -0.11451648269 0.10278837783 -0.024995378517 0.10278837783 -0.064053392634 
0.011687332416 0.081930528226 -0.02461839815 0.081930528226 -0.037117051563 0.084996825775 -0.02461839815 0.084996825775 -0.056869255874 
-0.02073528677 0.056827228961 -0.034341079763 0.056827228961 0.21152715975 0.06811631258 -0.034341079763 0.06811631258 -0.035803143704 
0.14644421278 -0.19683863562 -0.11210009807 -0.19683863562 0.29461011374 0.087939098679 -0.11210009807 0.087939098679 0.010869725862 
0.047053548138 -0.086885163494 -0.0093070172181 -0.086885163494 0.31505168579 0.015614654219 -0.0093070172181 0.015614654219 -0.00061847804245 
0.21430872467 -0.17897708308 -0.1413092322 -0.17897708308 0.14355453411 0.10319040626 -0.1413092322 0.10319040626 0.064629450677 
0.5163680247 -0.39972819393 0.10761320441 -0.39972819393 0.21727531414 -0.12144269864 0.10761320441 -0.12144269864 0.0075863537512 
-0.089032119813 -0.084405571988 -0.024697679583 -0.084405571988 0.039029499828 0.053008675771 -0.024697679583 0.053008675771 0.042282569902 
-0.11888060331 -0.084125125613 -0.0061797431072 -0.084125125613 0.030610822711 0.058190935207 -0.0061797431072 0.058190935207 0.043026780871 
-0.13620720581 -0.10264588874 -0.00051545141343 -0.10264588874 0.005428632293 0.063617950049 -0.00051545141343 0.063617950049 0.049441876056 
-0.068564605493 -0.11138417741 -0.043717421074 -0.11138417741 0.0028017845557 0.059554762239 -0.043717421074 0.059554762239 0.064905804264 
0.32380412057 -0.23273756593 -0.13511985324 -0.23273756593 0.051878133682 0.042318658487 -0.13511985324 0.042318658487 0.040276194901 
-0.13569884186 -0.060147493338 0.0042591839759 -0.060147493338 0.015136405987 0.019984990272 0.0042591839759 0.019984990272 0.0077801951017 
-0.11073307346 -0.068427432859 -0.0075092043699 -0.068427432859 0.031896621448 0.03234569703 -0.0075092043699 0.03234569703 0.017978558553 
-0.08287418679 -0.078048187152 -0.022797747386 -0.078048187152 0.041255028297 0.0435759862 -0.022797747386 0.0435759862 0.030703703404 
-0.070416430783 -0.035853746389 -0.0046095593157 -0.035853746389 -0.046313714397 -0.0076035387295 -0.0046095593157 -0.0076035387295 -0.0014273525966 
-0.11116006257 -0.04896526395 -0.0012235188236 -0.04896526395 -0.0065391294395 0.0051097276534 -0.0012235188236 0.0051097276534 0.0018342309885 
-0.096151217894 0.07455483165 -0.0069058301046 0.07455483165 -0.13344433539 0.0027862839558 -0.0069058301046 0.0027862839558 -0.00070294119362 
-0.062794617683 0.057568337853 -0.0059269806391 0.057568337853 -0.14005428787 0.0035245246878 -0.0059269806391 0.0035245246878 -0.00069851293541 
-0.073354016349 0.092159008232 -0.020370556924 0.092159008232 -0.16106753716 0.032179825348 -0.020370556924 0.032179825348 -0.0086219506045 
-0.0020760791495 0.11457052537 -0.037363325838 0.11457052537 -0.19609422498 0.12241908991 -0.037363325838 0.12241908991 -0.059051833086 
0.0088713322173 0.090910597835 -0.032750139822 0.090910597835 -0.19853504108 0.13121890616 -0.032750139822 0.13121890616 -0.072465992401 
0.016966617335 0.06730672181 -0.023218921685 0.06730672181 -0.18838972931 0.12599098025 -0.023218921685 0.12599098025 -0.072771989606 
0.029750058062 0.0548275508 -0.0053698593763 0.0548275508 -0.068612127027 0.087000598204 -0.0053698593763 0.087000598204 -0.054192801843 
-0.0045089585402 0.044030918424 -0.019423939868 0.044030918424 0.16281874939 0.03189865562 -0.019423939868 0.03189865562 -0.026609322045 
0.20489130939 -0.19084772823 -0.12009631466 -0.19084772823 0.21278875875 0.13525895849 -0.12009631466 0.13525895849 0.08873334642 
0.1658378709 -0.19835107241 -0.056624967289 -0.19835107241 0.30624684161 0.062433800541 -0.056624967289 0.062433800541 0.05012998885 
0.47637427448 -0.34406949149 -0.030748053875 -0.34406949149 0.13248010151 -0.03978286064 -0.030748053875 -0.03978286064 0.0078216575965 
-0.09226011883 -0.092704411022 -0.028624563957 -0.092704411022 0.041390397026 0.053749607759 -0.028624563957 0.053749607759 0.04180884644 
-0.13344698944 -0.096109409613 -0.0041823856195 -0.096109409613 0.016678150917 0.061777781068 -0.0041823856195 0.061777781068 0.048568009221 
-0.11138242676 -0.099792987444 -0.022883517521 -0.099792987444 0.02813104101 0.060801380958 -0.022883517521 0.060801380958 0.051534755108 
-0.11870150503 -0.12139443017 -0.024435936951 -0.12139443017 -0.0073286236654 0.063185865534 -0.024435936951 0.063185865534 0.061528847449 
-0.00012505157824 -0.14206818616 -0.090161213668 -0.14206818616 -0.0013866019907 0.059127941839 -0.090161213668 0.059127941839 0.076371275593 
-0.1348556984 -0.064930804929 0.0020652005742 -0.064930804929 0.031182065308 0.032125123547 0.0020652005742 0.032125123547 0.015526805625 
-0.064363381889 -0.041297225031 -0.0061815971982 -0.041297225031 -0.017746999864 -0.0017104348259 -0.0061815971982 -0.0017104348259 -0.00014289016143 
-0.015128289683 -0.017054802683 -0.0031928564226 -0.017054802683 -0.074306989085 -0.008307791689 -0.0031928564226 -0.008307791689 -0.0011912617328 
-0.020347112689 0.021605226027 -0.0024504663697 0.021605226027 -0.11896800566 -0.00029300019491 -0.0024504663697 -0.00029300019491 -0.00043524610368 
-0.085183490024 0.066199834792 -0.0064412608767 0.066199834792 -0.15774156866 0.0069483468963 -0.0064412608767 0.0069483468963 -0.0009273192838 
-0.024637428498 0.10697489655 -0.027009627447 0.10697489655 -0.20724540912 0.0757392694 -0.027009627447 0.0757392694 -0.024610254515 
0.0047330000279 0.10961293463 -0.028839078425 0.10961293463 -0.21835555552 0.11094196569 -0.028839078425 0.11094196569 -0.044565175872 
0.024102303953 0.097597961831 -0.022959641265 0.097597961831 -0.2130583531 0.12091856004 -0.022959641265 0.12091856004 -0.053744500739 
0.032076958526 0.074650708507 -0.016692828373 0.074650708507 -0.20316451997 0.12649415612 -0.016692828373 0.12649415612 -0.064278738223 
0.039831878338 0.056739609363 -0.0075904758648 0.056739609363 -0.18756152853 0.130772731 -0.0075904758648 0.130772731 -0.073691163702 
0.039160350649 0.052011645845 -0.005035585293 0.052011645845 -0.15541262437 0.12649082168 -0.005035585293 0.12649082168 -0.078700652934 
0.037582226028 0.023254809084 0.015810794903 0.023254809084 -0.0024071013265 0.030682267085 0.015810794903 0.030682267085 -0.0095200154842 
0.1093830453 -0.11390072267 0.039681288036 -0.11390072267 0.21694387479 -0.031400209134 0.039681288036 -0.031400209134 0.023226484864 
0.20304162326 -0.21233922469 -0.030093516195 -0.21233922469 0.30172441128 0.036014189738 -0.030093516195 0.036014189738 0.044544160003 
0.52436279758 -0.40839774608 0.073222110111 -0.40839774608 0.17946003368 -0.11302354086 0.073222110111 -0.11302354086 -0.012035039548 
-0.13459935611 -0.11520815511 -0.014281839511 -0.11520815511 0.0055309638968 0.065466345208 -0.014281839511 0.065466345208 0.056357201887 
0.18238742611 -0.20643170198 -0.14044225204 -0.20643170198 0.016588265934 0.047934414276 -0.14044225204 0.047934414276 0.058466523343 
-0.12379634703 -0.052753734173 0.0030195474171 -0.052753734173 0.019766877925 0.018661624028 0.0030195474171 0.018661624028 0.0069971793358 
-0.11249355829 -0.079178527976 -0.012844656297 -0.079178527976 0.040550132877 0.044049002651 -0.012844656297 0.044049002651 0.027817853799 
-0.038657383471 -0.035761456981 -0.0051004161547 -0.035761456981 -0.018472239525 -0.0029697544434 -0.0051004161547 -0.0029697544434 -0.00055522188433 
-0.034464294284 -0.0090074847267 -0.003407274282 -0.0090074847267 -0.071931164876 -0.0019710235555 -0.003407274282 -0.0019710235555 -0.00053293697885 
-0.062483722449 0.028095462775 -0.0041768272531 0.028095462775 -0.12323996601 0.0028760787161 -0.0041768272531 0.0028760787161 -0.00048019904758 
-0.085402420101 0.051051881113 -0.0033745939556 0.051051881113 -0.15137462915 0.0020751716064 -0.0033745939556 0.0020751716064 -0.00026858205537 
-0.039150610471 0.090307419125 -0.01695996844 0.090307419125 -0.19754687831 0.043497843615 -0.01695996844 0.043497843615 -0.010519268907 
-0.044353470603 0.077201640998 -0.0094959095291 0.077201640998 -0.18869197632 0.022603854998 -0.0094959095291 0.022603854998 -0.0033409417091 
0.036799602437 0.10938869006 -0.016987807754 0.10938869006 -0.22555161153 0.11429629495 -0.016987807754 0.11429629495 -0.04157053312 
0.058769114315 0.040416594876 0.013526959768 0.040416594876 -0.15935915437 0.13288484239 0.013526959768 0.13288484239 -0.078565048646 
0.06136603649 0.030128822473 0.024510024454 0.030128822473 -0.13259072519 0.11275363946 0.024510024454 0.11275363946 -0.059123088362 
0.28065519846 -0.22743349977 -0.1045761728 -0.22743349977 0.21283215611 0.10516982816 -0.1045761728 0.10516982816 0.053816692853 
0.40876174103 -0.31942320557 -0.068890266716 -0.31942320557 0.085499117092 -0.028306383286 -0.068890266716 -0.028306383286 0.0095400710183 
-0.10589364415 -0.099458623715 -0.025499642436 -0.099458623715 0.046294138386 0.056897497239 -0.025499642436 0.056897497239 0.04064575412 
-0.10674892742 -0.11427289879 -0.031816864878 -0.11427289879 0.040184815354 0.066184615312 -0.031816864878 0.066184615312 0.052351475167 
-0.13098185506 -0.12469547361 -0.021509091235 -0.12469547361 0.021697047782 0.073225171083 -0.021509091235 0.073225171083 0.058890575444 
-0.1282750013 -0.13056131926 -0.02532732914 -0.13056131926 -0.014844615801 0.062812321132 -0.02532732914 0.062812321132 0.061481258136 
-0.068337778993 -0.14107035849 -0.0650510666 -0.14107035849 -0.018565584187 0.057409409328 -0.0650510666 0.057409409328 0.073046970794 
0.088726215182 -0.18029416403 -0.12755895235 -0.18029416403 -0.015430739335 0.041841171929 -0.12755895235 0.041841171929 0.063430211568 
-0.11989219246 -0.047732910776 0.0084710926305 -0.047732910776 0.039438011571 0.028478114743 0.0084710926305 0.028478114743 0.010207417861 
-0.13533153325 -0.065114381264 0.0046641107924 -0.065114381264 0.037668545189 0.037546768392 0.0046641107924 0.037546768392 0.017911754228 
-0.085525417982 -0.044350261867 -0.0014861178838 -0.044350261867 0.019770745981 0.009717832098 -0.0014861178838 0.009717832098 0.00261835479 
-0.059052020941 0.025908474834 -0.0015339637572 0.025908474834 -0.065249362432 0.0017080818469 -0.0015339637572 0.0017080818469 -0.00016543140707 
-0.059778613727 0.063576821374 -0.0031177555041 0.063576821374 -0.16268704136 0.0072349080014 -0.0031177555041 0.0072349080014 -0.00047246217635 
-0.065858261804 0.050996495328 -0.0015115432063 0.050996495328 -0.12565528131 0.0040948769022 -0.0015115432063 0.0040948769022 -0.00016073504414 
0.01066612534 0.10845193498 -0.021040544824 0.10845193498 -0.22554539588 0.093367516156 -0.021040544824 0.093367516156 -0.030587887068 
0.0058435007566 0.10223696477 -0.015707890295 0.10223696477 -0.21011796214 0.062885703588 -0.015707890295 0.062885703588 -0.016523739495 
0.052827016544 0.086743197617 -0.0091135142241 0.086743197617 -0.20853987909 0.12115482238 -0.0091135142241 0.12115482238 -0.051476094789 
0.061637626829 0.070757599632 -0.0012075011127 0.070757599632 -0.19782232546 0.13112635702 -0.0012075011127 0.13112635702 -0.06359230098 
0.069516073534 0.054390854739 0.010675341301 0.054390854739 -0.18265223435 0.14209388759 0.010675341301 0.14209388759 -0.078274451816 
0.070067646617 0.0021362188483 0.045120925281 0.0021362188483 -0.050541507365 0.040724669575 0.045120925281 0.040724669575 8.9855412536e-05 
0.10406486203 -0.097246764977 0.048489236681 -0.097246764977 0.19290865196 -0.037290907585 0.048489236681 -0.037290907585 0.029713986232 
0.25212517154 -0.2363968637 -0.020045587733 -0.2363968637 0.28105997603 0.0036514864299 -0.020045587733 0.0036514864299 0.023955298968 
0.355472383 -0.24081820382 -0.091682042249 -0.24081820382 0.14960348293 0.047618589301 -0.091682042249 0.047618589301 0.0087976358519 
0.51102260767 -0.388681423 0.0069269048655 -0.388681423 0.11524572961 -0.083051571193 0.0069269048655 -0.083051571193 -0.031586597372 
0.29093812558 -0.26269782736 -0.11620222121 -0.26269782736 0.020703272469 -0.002254237566 -0.11620222121 -0.002254237566 0.020951798962 
-0.10964338839 -0.11486776915 -0.026989837164 -0.11486776915 0.055898715516 0.069376969687 -0.026989837164 0.069376969687 0.047418327131 
-0.1199118803 -0.13676039165 -0.030299057975 -0.13676039165 0.0454976881 0.081886971415 -0.030299057975 0.081886971415 0.059631432548 
-0.14817998812 -0.13216625629 -0.011288004144 -0.13216625629 -0.0020724912963 0.072737385499 -0.011288004144 0.072737385499 0.058217377022 
-0.089205609223 -0.1403167201 -0.055794021248 -0.1403167201 -0.033902749268 0.048462033382 -0.055794021248 0.048462033382 0.064430158603 
-0.12287078963 -0.084784791735 -0.0088497234633 -0.084784791735 0.046524679312 0.051780433432 -0.0088497234633 0.051780433432 0.031222441841 
-0.057935484427 -0.025759429108 -0.0012397381089 -0.025759429108 0.041109792104 0.0063622908986 -0.0012397381089 0.0063622908986 0.0010316371686 
-0.047615378034 -0.0067270231574 -0.001656732324 -0.0067270231574 -0.00059041251131 -0.00035499382711 -0.001656732324 -0.00035499382711 -0.00013006969528 
-0.035317409036 0.076460227928 -0.0019219738715 0.076460227928 -0.061348976092 -0.00047253509032 -0.0019219738715 -0.00047253509032 8.3311438032e-05 
-0.0091005924853 0.09513026793 -0.011065016301 0.09513026793 -0.17386297751 0.029185710268 -0.011065016301 0.029185710268 -0.0052492102556 
-0.02509420613 0.087554937778 -0.0058510124484 0.087554937778 -0.12659185316 0.0082388703125 -0.0058510124484 0.0082388703125 -0.00069107989557 
0.048511820708 0.11434552602 -0.013212812049 0.11434552602 -0.2213616587 0.10278254411 -0.013212812049 0.10278254411 -0.033279722697 
0.072335286542 0.11351653857 -0.0088848758925 0.11351653857 -0.22485684286 0.11560841998 -0.0088848758925 0.11560841998 -0.040512938407 
0.059883814311 0.10138198788 -0.0088886950248 0.10138198788 -0.2192383472 0.117213081 -0.0088886950248 0.117213081 -0.043533786332 
0.087674827335 0.089836538462 0.0038535949602 0.089836538462 -0.20997515225 0.12827159225 0.0038535949602 0.12827159225 -0.051515502218 
0.088236534491 0.073502903509 0.01211012222 0.073502903509 -0.19389671364 0.13963670112 0.01211012222 0.13963670112 -0.064641875936 
0.082287379105 0.042594244462 0.028088702649 0.042594244462 -0.16503242925 0.14192662092 0.028088702649 0.14192662092 -0.077414210506 
0.081693089275 0.033239598 0.039297271998 0.033239598 -0.13637820648 0.12643917226 0.039297271998 0.12643917226 -0.062413490329 
0.063763316892 0.030395425054 0.033422746197 0.030395425054 -0.057570653163 0.079609922447 0.033422746197 0.079609922447 -0.03343164394 
0.46868754938 -0.37497919056 0.0038039519722 -0.37497919056 0.06490487352 -0.094394554732 0.0038039519722 -0.094394554732 -0.034993838939 
0.37838934131 -0.31455498107 -0.064816806823 -0.31455498107 0.037277920939 -0.048433760643 -0.064816806823 -0.048433760643 -0.0098195289751 
-0.14821746998 -0.14049842758 -0.010262925373 -0.14049842758 0.022142093996 0.087031075281 -0.010262925373 0.087031075281 0.059414274434 
-0.14274895419 -0.13506506205 -0.016336143293 -0.13506506205 -0.028329354151 0.058808448737 -0.016336143293 0.058808448737 0.053473768613 
0.0083976306952 -0.1593615403 -0.10562047521 -0.1593615403 -0.04366403007 0.030628104217 -0.10562047521 0.030628104217 0.060005555785 
-0.097264885103 -0.031290916724 0.013434644846 -0.031290916724 0.061167931932 0.036578728509 0.013434644846 0.036578728509 0.012785207681 
-0.12461511778 -0.061402389957 0.007751168678 -0.061402389957 0.0499481608 0.045218652902 0.007751168678 0.045218652902 0.02087740715 
-0.11345920923 -0.084898075396 -0.0068466600793 -0.084898075396 0.060206500633 0.060521225398 -0.0068466600793 0.060521225398 0.034389656809 
-0.084824906162 -0.025869804688 0.0064068579551 -0.025869804688 0.054768386359 0.02073294048 0.0064068579551 0.02073294048 0.0053168315098 
-0.03884285107 0.022048436346 0.002108642217 0.022048436346 0.070551948768 0.0037672267117 0.002108642217 0.0037672267117 0.00028321472931 
-0.038600384009 0.0521105849 0.00066239972505 0.0521105849 0.011865731731 -0.0017160335028 0.00066239972505 -0.0017160335028 -7.1561261294e-06 
0.050515387552 0.11958835417 -0.014093655611 0.11958835417 -0.17616536553 0.069242047295 -0.014093655611 0.069242047295 -0.020160415267 
0.10093430391 0.10714813552 -0.00089692793622 0.10714813552 -0.22272438749 0.12294322697 -0.00089692793622 0.12294322697 -0.045820797944 
0.11676049188 0.086735635226 0.019559372876 0.086735635226 -0.19828980762 0.14468883073 0.019559372876 0.14468883073 -0.061540131358 
0.1040792505 0.06390056378 0.027202093169 0.06390056378 -0.17924574144 0.14643042826 0.027202093169 0.14643042826 -0.070433959295 
0.10483253717 0.048550389889 0.042049505227 0.048550389889 -0.15863654529 0.14912850937 0.042049505227 0.14912850937 -0.076408914194 
0.04134141897 0.016806546541 0.026609975678 0.016806546541 0.051499413875 0.016817346593 0.026609975678 0.016817346593 0.0004544502446 
0.1344808968 -0.15343451669 0.057924806473 -0.15343451669 0.27421442538 -0.067251989224 0.057924806473 -0.067251989224 0.04582842375 
0.37741875103 -0.22025739101 -0.094697342471 -0.22025739101 0.10441831141 0.033881523892 -0.094697342471 0.033881523892 0.0053969043176 
0.3260834175 -0.2692488959 -0.016232764422 -0.2692488959 0.24973113614 -0.011428340187 -0.016232764422 -0.011428340187 0.0059494603581 
-0.099284903693 -0.10824051211 -0.02133708228 -0.10824051211 0.079249913104 0.077781291095 -0.02133708228 0.077781291095 0.047171211223 
-0.10477679551 -0.13488823486 -0.03302655126 -0.13488823486 0.071017866906 0.086494374729 -0.03302655126 0.086494374729 0.057634835857 
-0.16584379038 -0.13373762885 0.0085165701843 -0.13373762885 -0.013615850799 0.073261404478 0.0085165701843 0.073261404478 0.046262680367 
-0.10311809889 -0.13563256854 -0.045959018347 -0.13563256854 -0.054537749672 0.031705729704 -0.045959018347 0.031705729704 0.047918308544 
0.075101125171 -0.167887763 -0.11957178169 -0.167887763 -0.058168106886 0.0049211588421 -0.11957178169 0.0049211588421 0.03389994801 
-0.05723845049 0.0036601265424 0.01336600555 0.0036601265424 0.083461093213 0.028747209958 0.01336600555 0.028747209958 0.0075051787484 
-0.097239913774 -0.047996297011 0.0088102030015 -0.047996297011 0.067886546508 0.051282627957 0.0088102030015 0.051282627957 0.02325569932 
-0.047889758907 0.0088265716294 0.0062631668806 0.0088265716294 0.088847638677 0.01576872309 0.0062631668806 0.01576872309 0.002614826947 
-0.0041402593344 0.08807018251 0.0040892799487 0.08807018251 0.08519275528 0.00029019566992 0.0040892799487 0.00029019566992 -7.7042712129e-05 
0.0034359764323 0.1131150174 -0.00059852284403 0.1131150174 0.016684431847 -0.004468794618 -0.00059852284403 -0.004468794618 5.4623817373e-05 
0.014032463357 0.12394428852 -0.0068707299901 0.12394428852 -0.056216881093 0.0022246287449 -0.0068707299901 0.0022246287449 -0.00023884972621 
0.029290786402 0.12486834151 -0.01315406191 0.12486834151 -0.11952194898 0.026196510969 -0.01315406191 0.026196510969 -0.0052628088998 
0.087025194848 0.12404038319 -0.011428912536 0.12404038319 -0.2001508356 0.10368960577 -0.011428912536 0.10368960577 -0.0367518264 
0.11555265097 0.12403955483 -0.0086715630576 0.12403955483 -0.20997264124 0.11604448032 -0.0086715630576 0.11604448032 -0.04516018701 
0.12829978262 0.10404596723 0.01146098675 0.10404596723 -0.21353340484 0.14054511408 0.01146098675 0.14054511408 -0.057158777487 
0.12767173583 0.06308904044 0.043435349624 0.06308904044 -0.17028550364 0.15254288146 0.043435349624 0.15254288146 -0.070981453777 
0.13886473065 0.08010238837 0.035571929938 0.08010238837 -0.18541007213 0.15111353082 0.035571929938 0.15111353082 -0.064726711431 
0.08812417732 0.046693810069 0.042479378997 0.046693810069 -0.12609104334 0.15221359715 0.042479378997 0.15221359715 -0.091139057957 
0.057794368469 0.049427195301 0.025902692474 0.049427195301 -0.078162964276 0.13677633747 0.025902692474 0.13677633747 -0.0989377079 
0.056801062564 -0.0011443470441 0.045478691228 -0.0011443470441 0.045097567874 0.016646543209 0.045478691228 0.016646543209 0.001558112742 
0.22236630802 -0.21861344147 0.080126823363 -0.21861344147 0.27796773476 -0.081504105374 0.080126823363 -0.081504105374 0.051473517702 
0.30943688556 -0.17462206868 -0.1089842222 -0.17462206868 0.085138221392 0.052013524917 -0.1089842222 0.052013524917 0.033482737366 
0.35977302906 -0.26928294393 -0.033373386485 -0.26928294393 0.21700716544 0.0075649330924 -0.033373386485 0.0075649330924 0.012383261227 
0.43070575257 -0.34618625027 -0.025733707716 -0.34618625027 0.0090999020784 -0.085739971187 -0.025733707716 -0.085739971187 -0.040736140785 
-0.15249012757 -0.1317186332 0.0027299746875 -0.1317186332 0.013287358005 0.08180329922 0.0027299746875 0.08180329922 0.049867663422 
-0.16687702219 -0.11557862877 0.020184998751 -0.11557862877 -0.034517604445 0.049057610319 0.020184998751 0.049057610319 0.024534194185 
0.31864248422 -0.27757735276 -0.085805910807 -0.27757735276 -0.011164352142 -0.049533488951 -0.085805910807 -0.049533488951 -0.011118225646 
-0.09468672141 -0.071697226115 -0.0032572285522 -0.071697226115 0.080416709272 0.066444435511 -0.0032572285522 0.066444435511 0.035140487526 
-0.12003509951 -0.1438229324 -0.026532070827 -0.1438229324 0.057789455481 0.093953498956 -0.026532070827 0.093953498956 0.062934657108 
-0.15711995375 -0.12709028575 0.00096071335933 -0.12709028575 -0.047882726723 0.043116454488 0.00096071335933 0.043116454488 0.032480958019 
-0.11417652582 -0.11744216831 -0.028800809267 -0.11744216831 -0.0794986798 0.00039162220505 -0.028800809267 0.00039162220505 0.013692786444 
-0.049422090407 -0.0018732553507 0.014562490639 -0.0018732553507 0.088973139596 0.042398914968 0.014562490639 0.042398914968 0.015410477489 
-0.015216062825 0.047437467755 0.014260560534 0.047437467755 0.12123239965 0.02413258791 0.014260560534 0.02413258791 0.0043207072351 
-0.0093465874608 0.062178144258 0.008200645782 0.062178144258 0.12498203121 0.011997739757 0.008200645782 0.011997739757 0.0012111148485 
0.066610913972 0.16352208104 -0.010393179862 0.16352208104 -0.036012662457 0.014388074971 -0.010393179862 0.014388074971 -0.0024665186829 
0.054429141917 0.16312914093 -0.002358526725 0.16312914093 0.027248051138 -0.0013531480395 -0.002358526725 -0.0013531480395 -6.2004482917e-05 
0.082675332895 0.15101025291 -0.015591388869 0.15101025291 -0.093406371093 0.046315885931 -0.015591388869 0.046315885931 -0.012907593668 
0.097357805382 0.13806247713 -0.015415048647 0.13806247713 -0.1438807965 0.080049235843 -0.015415048647 0.080049235843 -0.028325190644 
0.1321806957 0.1484658204 -0.018785075057 0.1484658204 -0.15530192124 0.094452811939 -0.018785075057 0.094452811939 -0.038701172881 
0.145604566 0.1222177224 0.00078096969059 0.1222177224 -0.21037448883 0.13326064098 0.00078096969059 0.13326064098 -0.056483355915 
0.1507680534 0.1008758417 0.026550563416 0.1008758417 -0.19877405619 0.15357601078 0.026550563416 0.15357601078 -0.064744471963 
0.12152937785 0.056546258137 0.053077093357 0.056546258137 -0.15024467142 0.16546108578 0.053077093357 0.16546108578 -0.090277939225 
0.092588185391 0.054214465684 0.049308507586 0.054214465684 -0.11552668144 0.18580090057 0.049308507586 0.18580090057 -0.14244189984 
0.15251722664 -0.1022963395 0.11059658574 -0.1022963395 0.12249577113 -0.072512454333 0.11059658574 -0.072512454333 0.085689552559 
0.23418701384 -0.13094478099 -0.11409996787 -0.13094478099 0.059041235348 0.05440390257 -0.11409996787 0.05440390257 0.049365381266 
0.31125064324 -0.22988203096 -0.076356825827 -0.22988203096 0.17025756373 0.045329176628 -0.076356825827 0.045329176628 0.0282640515 
-0.11315290942 -0.126800363 -0.020655096303 -0.126800363 0.051088029678 0.085363104763 -0.020655096303 0.085363104763 0.057739793023 
-0.14215756322 -0.10259878042 0.0086154097241 -0.10259878042 -0.012852776081 0.049299183488 0.0086154097241 0.049299183488 0.029936539476 
-0.075642276434 -0.079281516982 -0.012046311877 -0.079281516982 0.1048201548 0.07945020509 -0.012046311877 0.07945020509 0.043209969559 
-0.089105093012 -0.12303993502 -0.028877626208 -0.12303993502 0.093474295183 0.092145747859 -0.028877626208 0.092145747859 0.05685650633 
-0.1582009626 -0.11224536602 0.010213277412 -0.11224536602 -0.064671049135 0.01955033282 0.010213277412 0.01955033282 0.0094009987723 
0.060370112095 -0.14553125906 -0.10154676688 -0.14553125906 -0.086196199603 -0.028713140388 -0.10154676688 -0.028713140388 0.00065770046085 
0.3069412009 -0.26904749022 -0.085121848444 -0.26904749022 -0.044062667503 -0.060425297521 -0.085121848444 -0.060425297521 -0.023124387371 
-0.016966479801 0.035640782513 0.017834818927 0.035640782513 0.10803238085 0.033162317862 0.017834818927 0.033162317862 0.0086200782417 
-0.061360659858 -0.033567184869 0.0051164393412 -0.033567184869 0.094811395886 0.05967637187 0.0051164393412 0.05967637187 0.02815997833 
0.036894448427 0.1245484671 0.011318605469 0.1245484671 0.14714581445 0.0095934041433 0.011318605469 0.0095934041433 0.00062415073794 
0.044844863267 0.1503508982 0.0050183907811 0.1503508982 0.095516647739 -0.0013335752375 0.0050183907811 -0.0013335752375 -0.00020680621598 
0.13122114623 0.17246822277 -0.02411462164 0.17246822277 -0.077078778192 0.059551082372 -0.02411462164 0.059551082372 -0.023115732892 
0.16368522791 0.14872765772 -0.014637959796 0.14872765772 -0.1680618659 0.11272690998 -0.014637959796 0.11272690998 -0.051302531394 
0.16692372255 0.1216447597 0.015919555271 0.1216447597 -0.19976406847 0.15333200693 0.015919555271 0.15333200693 -0.068289866123 
0.17417438877 0.091023995838 0.043749834691 0.091023995838 -0.18273213807 0.15640632344 0.043749834691 0.15640632344 -0.06671765635 
0.15350537312 0.071087622839 0.053041613769 0.071087622839 -0.16901499035 0.16018188242 0.053041613769 0.16018188242 -0.073706417978 
0.063997081339 0.049418886339 0.036038725049 0.049418886339 -0.078879617274 0.17118189398 0.036038725049 0.17118189398 -0.15763576046 
0.063166186497 0.029007795706 0.046830133671 0.029007795706 -0.045498630375 0.096596665119 0.046830133671 0.096596665119 -0.057620170427 
0.33737618704 -0.2993033142 0.073068605255 -0.2993033142 0.29375780921 -0.065860419531 0.073068605255 -0.065860419531 0.034761358312 
0.38646812294 -0.3287907296 -0.017393845042 -0.3287907296 -0.032990412209 -0.097496267611 -0.017393845042 -0.097496267611 -0.039487087339 
-0.031650982595 -0.028934168811 -0.0025302101013 -0.028934168811 0.12294326704 0.069730117986 -0.0025302101013 0.069730117986 0.03455776277 
-0.050327990604 -0.075671480055 -0.018031934486 -0.075671480055 0.12312753617 0.086094431065 -0.018031934486 0.086094431065 0.04765860236 
-0.079051554708 -0.10722890346 -0.024475310208 -0.10722890346 0.085728561798 0.087224557327 -0.024475310208 0.087224557327 0.055414419966 
-0.14969993431 -0.095107812136 0.016828380115 -0.095107812136 -0.05274550594 0.017126573356 0.016828380115 0.017126573356 0.0034323899594 
-0.1554013153 -0.10860453 0.0099025092204 -0.10860453 -0.090627296034 -0.0060148081828 0.0099025092204 -0.0060148081828 -0.012053864391 
-0.12944868535 -0.10493534723 -0.008310091944 -0.10493534723 -0.10944330089 -0.030675265733 -0.008310091944 -0.030675265733 -0.024483731897 
0.041630413809 -0.15575632011 -0.076580378894 -0.15575632011 -0.10847838962 -0.039787950263 -0.076580378894 -0.039787950263 -0.019136373948 
0.016199511914 0.049987238145 0.01722891243 0.049987238145 0.12017312856 0.038780691526 0.01722891243 0.038780691526 0.012337560423 
-0.0057252133241 0.016049006128 0.0098557929961 0.016049006128 0.11588288975 0.051080566053 0.0098557929961 0.051080566053 0.021546834521 
0.030945350673 0.098411411771 0.017288568352 0.098411411771 0.15909884912 0.023631580338 0.017288568352 0.023631580338 0.0035352284208 
0.02956750291 0.078615191943 0.020647174815 0.078615191943 0.1394076663 0.031979998151 0.020647174815 0.031979998151 0.0070677140659 
0.096439873848 0.20521052313 0.0029364660149 0.20521052313 0.11599212785 -0.0017402472022 0.0029364660149 -0.0017402472022 -0.0001469946712 
0.10532465721 0.20812217421 -0.006862886298 0.20812217421 0.056081746739 0.0045795381472 -0.006862886298 0.0045795381472 -0.00070781655479 
0.12389196662 0.20212645696 -0.020546734978 0.20212645696 0.0047955577529 0.023360536495 -0.020546734978 0.023360536495 -0.0071452512895 
0.16507249364 0.21486851884 -0.03445674688 0.21486851884 -0.00073905701199 0.035994139997 -0.03445674688 0.035994139997 -0.01640296468 
0.17935426252 0.18988011223 -0.030778612857 0.18988011223 -0.075393546277 0.071445027245 -0.030778612857 0.071445027245 -0.034120480695 
0.18615253869 0.14588614303 0.0022316284875 0.14588614303 -0.17053933832 0.13935661584 0.0022316284875 0.13935661584 -0.066478750828 
0.20421921674 0.14054419519 0.016439058869 0.14054419519 -0.17005907378 0.15450219446 0.016439058869 0.15450219446 -0.0755336722 
0.18618250176 0.11416838564 0.030880277243 0.11416838564 -0.18759681796 0.15868300194 0.030880277243 0.15868300194 -0.070735610376 
0.17171391409 0.081879960036 0.058858677191 0.081879960036 -0.1586978529 0.17133002944 0.058858677191 0.17133002944 -0.085059484771 
0.13285528477 0.065237296132 0.060687291849 0.065237296132 -0.13857134782 0.18555403556 0.060687291849 0.18555403556 -0.11741871496 
0.09516160132 0.056403964463 0.057883840585 0.056403964463 -0.096346942002 0.20275327055 0.057883840585 0.20275327055 -0.18606391835 
0.10623515178 -0.01285389023 0.090845302071 -0.01285389023 -0.016478964071 0.037072146816 0.090845302071 0.037072146816 0.019228363588 
0.26906300071 -0.21431785307 0.13501067817 -0.21431785307 0.1994595281 -0.10334587239 0.13501067817 -0.10334587239 0.084526494906 
0.25593182468 -0.18494870336 -0.10446367422 -0.18494870336 0.11648525695 0.065929522749 -0.10446367422 0.065929522749 0.041619068038 
0.33270517471 -0.30529928334 -0.012946669885 -0.30529928334 -0.078540593043 -0.10164985474 -0.012946669885 -0.10164985474 -0.03549865066 
-0.10108137152 -0.088476140829 -0.0058799009347 -0.088476140829 0.025200762006 0.058766362824 -0.0058799009347 0.058766362824 0.039776391306 
-0.12058527028 -0.072767871241 0.015654707257 -0.072767871241 -0.034847654661 0.016212914319 0.015654707257 0.016212914319 0.0028943444899 
0.26898592774 -0.2694523604 -0.072266819914 -0.2694523604 -0.074302659681 -0.066316577559 -0.072266819914 -0.066316577559 -0.022190426263 
-0.0027789970544 -0.017721358661 -0.0072107775467 -0.017721358661 0.15188367857 0.076271017293 -0.0072107775467 0.076271017293 0.037724444401 
-0.14705537056 -0.10022203838 0.0098986294901 -0.10022203838 -0.077964250427 -0.0014027228658 0.0098986294901 -0.0014027228658 -0.0075814843668 
0.076157835211 0.10143524379 0.021912265817 0.10143524379 0.15193861782 0.036402808862 0.021912265817 0.036402808862 0.0095361031157 
0.077826226503 0.12822883014 0.025754550606 0.12822883014 0.1764757059 0.033011971627 0.025754550606 0.033011971627 0.0062281190518 
0.081341864214 0.1583922217 0.021159162823 0.1583922217 0.18935063265 0.0209018573 0.021159162823 0.0209018573 0.0022961928704 
0.089351850621 0.18926380866 0.012618005887 0.18926380866 0.1682853145 0.0054928462456 0.012618005887 0.0054928462456 -4.8008306529e-05 
0.15667580116 0.25673022679 -0.017771170476 0.25673022679 0.10945829625 0.0009352842197 -0.017771170476 0.0009352842197 -0.0010138841765 
0.20309230318 0.17819225258 -0.013808008708 0.17819225258 -0.10313175575 0.1060270931 -0.013808008708 0.1060270931 -0.052899681697 
0.21996464297 0.16965316385 0.0013439511424 0.16965316385 -0.11775657137 0.13002980184 0.0013439511424 0.13002980184 -0.066953265945 
0.22013450582 0.12732262474 0.027575503795 0.12732262474 -0.16976274632 0.15692114903 0.027575503795 0.15692114903 -0.078151060229 
0.20552614941 0.10465318188 0.046094766488 0.10465318188 -0.16910034366 0.16309786093 0.046094766488 0.16309786093 -0.077450319926 
0.1341069823 0.073481022214 0.063168769502 0.073481022214 -0.11665412416 0.19804190722 0.063168769502 0.19804190722 -0.14513092012 
0.093743421833 0.05815284433 0.060662362202 0.05815284433 -0.073476497535 0.20215911894 0.060662362202 0.20215911894 -0.2105599844 
0.071123331643 0.045363411194 0.050011836074 0.045363411194 -0.075328740144 0.17811022478 0.050011836074 0.17811022478 -0.17344882472 
0.17518953771 -0.09025688155 0.1306136471 -0.09025688155 0.059014491966 -0.043240662234 0.1306136471 -0.043240662234 0.081947862186 
0.36084370712 -0.30286914324 0.0051633549009 -0.30286914324 0.25694284957 -0.011417309047 0.0051633549009 -0.011417309047 0.019194042946 
0.33792313828 -0.29100818451 0.11209823941 -0.29100818451 0.2624580324 -0.094334430384 0.11209823941 -0.094334430384 0.052601699199 
0.14106174752 -0.10635311529 -0.09356361893 -0.10635311529 0.052414686552 0.054097829729 -0.09356361893 0.054097829729 0.052747010482 
0.30324173991 -0.24907451669 -0.040855171608 -0.24907451669 0.19128670207 0.018412136122 -0.040855171608 0.018412136122 0.022770497774 
0.27633758085 -0.27411208963 -0.015927085694 -0.27411208963 -0.12467345377 -0.099218960761 -0.015927085694 -0.099218960761 -0.032472685618 
-0.053679085248 -0.06804655082 -0.013394127896 -0.06804655082 0.085944664451 0.074308997845 -0.013394127896 0.074308997845 0.04551005461 
-0.07135262061 -0.048721206959 0.0067356902472 -0.048721206959 0.0056711448155 0.029315128857 0.0067356902472 0.029315128857 0.014899436321 
0.026943065063 0.027698133228 0.0035890026918 0.027698133228 0.14494404879 0.058744472778 0.0035890026918 0.058744472778 0.026522670124 
-0.12441425876 -0.077888555882 0.012592901311 -0.077888555882 -0.064044760725 -0.0056543192878 0.012592901311 -0.0056543192878 -0.013308518424 
-0.15421456632 -0.10279410071 0.017619302064 -0.10279410071 -0.10619574454 -0.020692335609 0.017619302064 -0.020692335609 -0.030068457872 
-0.15034933591 -0.10535255235 0.014708930234 -0.10535255235 -0.13375895061 -0.038827250689 0.014708930234 -0.038827250689 -0.042123218199 
0.20475989024 -0.24657156865 -0.062058789191 -0.24657156865 -0.11430575048 -0.068678882867 -0.062058789191 -0.068678882867 -0.019702047578 
0.060033443383 0.069980632844 0.013132063308 0.069980632844 0.14055446901 0.043177714688 0.013132063308 0.043177714688 0.016070709569 
-0.0013464242283 -0.16160023661 -0.057158506681 -0.16160023661 -0.1332403823 -0.03809553217 -0.057158506681 -0.03809553217 -0.018595570477 
0.13812772863 0.22879060564 0.020551139774 0.22879060564 0.22280700961 0.011427624955 0.020551139774 0.011427624955 7.215726258e-05 
0.14412126627 0.25303321056 0.0070389765795 0.25303321056 0.20163812709 -0.0028905752922 0.0070389765795 -0.0028905752922 -0.00049216564328 
0.14603183729 0.25813396553 -0.005425574174 0.25813396553 0.15746776308 -0.0055060435538 -0.005425574174 -0.0055060435538 0.00016882100506 
0.1869700331 0.3023833582 -0.01502797287 0.3023833582 0.20327432596 -0.01014435172 -0.01502797287 -0.01014435172 0.00042270554499 
0.17712796726 0.25555478889 -0.030517116627 0.25555478889 0.087275545233 0.011422176958 -0.030517116627 0.011422176958 -0.0060703830955 
0.20182790153 0.24108664388 -0.035671942752 0.24108664388 0.044286670933 0.032037490144 -0.035671942752 0.032037490144 -0.01687920069 
0.21783476615 0.21850461324 -0.024603744411 0.21850461324 0.00019284956401 0.06234242909 -0.024603744411 0.06234242909 -0.031913842223 
0.2335570228 0.20400998446 -0.013572894492 0.20400998446 -0.033048863709 0.089587564987 -0.013572894492 0.089587564987 -0.048109129324 
0.24500061005 0.15759712848 0.004478107808 0.15759712848 -0.130756297 0.13759307755 0.004478107808 0.13759307755 -0.077721466456 
0.23845832842 0.12889646777 0.027998075228 0.12889646777 -0.14888747512 0.15709953393 0.027998075228 0.15709953393 -0.088766526308 
0.21416263813 0.11263459035 0.04888076994 0.11263459035 -0.14070038432 0.17343910344 0.04888076994 0.17343910344 -0.097916050309 
0.17870163116 0.093442306211 0.060497728515 0.093442306211 -0.13922508543 0.1822572653 0.060497728515 0.1822572653 -0.10143727096 
0.13804653108 0.081344575117 0.063460651658 0.081344575117 -0.098419717598 0.20017386504 0.063460651658 0.20017386504 -0.15705562281 
0.078133633904 0.03788733153 0.059872613642 0.03788733153 -0.062619980507 0.14210885918 0.059872613642 0.14210885918 -0.116334423 
-0.01107500056 -0.020848479027 -0.0061613290959 -0.020848479027 0.072432089024 0.049154532456 -0.0061613290959 0.049154532456 0.030030704109 
-0.085267654951 -0.045783860871 0.017782461446 -0.045783860871 -0.045855316515 -0.0098187151312 0.017782461446 -0.0098187151312 -0.021381819388 
0.05720260189 0.03474005938 -0.0044113750934 0.03474005938 0.17317734229 0.066002007918 -0.0044113750934 0.066002007918 0.031370053886 
-0.0023287483092 -0.028926695272 -0.012929565671 -0.028926695272 0.14228941826 0.077852672505 -0.012929565671 0.077852672505 0.041683986806 
-0.12744514122 -0.088522020479 0.0059474601053 -0.088522020479 -0.088952730423 -0.018445020133 0.0059474601053 -0.018445020133 -0.01888203854 
-0.14136580743 -0.092405662938 0.018596250001 -0.092405662938 -0.12052756143 -0.037262542398 0.018596250001 -0.037262542398 -0.043356372727 
0.12757517184 0.1553569039 0.028321277183 0.1553569039 0.19180149708 0.03598747588 0.028321277183 0.03598747588 0.0072952302662 
0.12271428109 0.12366158356 0.018329046752 0.12366158356 0.16840843614 0.03785970407 0.018329046752 0.03785970407 0.011477178291 
0.095146456373 0.085093341404 0.0070583075897 0.085093341404 0.1657577526 0.047887718278 0.0070583075897 0.047887718278 0.019830534481 
0.13095167467 0.19124804159 0.028720815533 0.19124804159 0.2164734892 0.027613755436 0.028720815533 0.027613755436 0.0033429762874 
0.1941707748 0.29730755712 0.012001240963 0.29730755712 0.26131890101 -0.0030594565202 0.012001240963 -0.0030594565202 -0.0013828157736 
0.19078133754 0.30878469016 -0.003042056484 0.30878469016 0.24497150173 -0.01094548107 -0.003042056484 -0.01094548107 -7.8299337322e-05 
0.19952743705 0.30271050108 -0.022943837267 0.30271050108 0.18646731942 -0.0032796120209 -0.022943837267 -0.0032796120209 -0.0012084522436 
0.21377347297 0.28558556478 -0.028356230698 0.28558556478 0.15385203345 0.0093625143895 -0.028356230698 0.0093625143895 -0.0062528219425 
0.22920087937 0.26077820136 -0.02560812182 0.26077820136 0.11630025919 0.026928550935 -0.02560812182 0.026928550935 -0.014805159663 
0.25161080348 0.19170167233 -0.013741163585 0.19170167233 -0.072402757488 0.10607611865 -0.013741163585 0.10607611865 -0.061089527387 
0.11251493612 0.066009046067 0.066716039883 0.066009046067 -0.069979557764 0.20120540349 0.066716039883 0.20120540349 -0.2060758101 
0.087822356243 0.050634736956 0.063193812602 0.050634736956 -0.058617088686 0.18600636337 0.063193812602 0.18600636337 -0.21089520655 
0.11194171986 0.00069326005854 0.093535123537 0.00069326005854 -0.035232908578 0.070001647589 0.093535123537 0.070001647589 -0.019351459903 
0.24793600946 -0.18460261491 0.1538078359 -0.18460261491 0.15042403114 -0.10432823295 0.1538078359 -0.10432823295 0.10159676353 
0.34717380323 -0.32261621806 0.057071454368 -0.32261621806 0.28606989577 -0.053958494576 0.057071454368 -0.053958494576 0.023949281752 
0.10206748142 -0.10415638591 -0.08402797375 -0.10415638591 0.057518416057 0.058272671095 -0.08402797375 0.058272671095 0.05412307304 
0.21203101156 -0.19096947332 -0.061811077722 -0.19096947332 0.14042896236 0.038409684285 -0.061811077722 0.038409684285 0.031365158205 
0.24233038439 -0.24303403563 -0.0042331662734 -0.24303403563 -0.15957378499 -0.11245220147 -0.0042331662734 -0.11245220147 -0.033784618262 
-0.023411208352 -0.010712500879 0.0070508642717 -0.010712500879 -0.010677324694 -0.0042575411283 0.0070508642717 -0.0042575411283 -0.010518502425 
0.18049432628 -0.20924753013 -0.052688015851 -0.20924753013 -0.15177866836 -0.08978842984 -0.052688015851 -0.08978842984 -0.033670547069 
0.13175364432 0.10247951856 0.0013015924478 0.10247951856 0.18528294581 0.048552503407 0.0013015924478 0.048552503407 0.021431169194 
0.04947920236 0.017375670824 -0.010953115101 0.017375670824 0.13692023712 0.059436654809 -0.010953115101 0.059436654809 0.033278393263 
-0.093847154224 -0.058902641051 0.009730664793 -0.058902641051 -0.072430920725 -0.024758275018 0.009730664793 -0.024758275018 -0.027971792736 
-0.10328936709 -0.072103984207 0.0035616765919 -0.072103984207 -0.1000015195 -0.037502640001 0.0035616765919 -0.037502640001 -0.032336011381 
-0.14067634209 -0.094494031549 0.016031441041 -0.094494031549 -0.15027729557 -0.057843173341 0.016031441041 -0.057843173341 -0.056653280157 
-0.012785379796 -0.13401426763 -0.04807247715 -0.13401426763 -0.15884064684 -0.066050304734 -0.04807247715 -0.066050304734 -0.039285485474 
0.18602895295 0.19040275087 0.021231788376 0.19040275087 0.21635067864 0.030311835979 0.021231788376 0.030311835979 0.0062283226674 
0.18467977367 0.22505483984 0.028422724401 0.22505483984 0.24265259992 0.026321066336 0.028422724401 0.026321066336 0.0026393963808 
0.19090332272 0.26672059766 0.02464031916 0.26672059766 0.26154544817 0.012989205185 0.02464031916 0.012989205185 -0.00059620093523 
0.22047883538 0.34046772004 -0.013490422755 0.34046772004 0.27619893335 -0.011925744596 -0.013490422755 -0.011925744596 0.00037739979951 
0.23471847077 0.29894263789 -0.022524854291 0.29894263789 0.22034931941 0.0055936414989 -0.022524854291 0.0055936414989 -0.0053477529715 
0.24383596203 0.24279786308 -0.02506765828 0.24279786308 0.076267632425 0.043106220866 -0.02506765828 0.043106220866 -0.025533325213 
0.26103625316 0.22760147144 -0.034162778997 0.22760147144 0.013611035632 0.061146017921 -0.034162778997 0.061146017921 -0.039838756679 
0.27045929356 0.19228471251 -0.029648926642 0.19228471251 -0.06054203821 0.091192392813 -0.029648926642 0.091192392813 -0.060591632635 
0.26188862494 0.15531452807 -0.00063099600778 0.15531452807 -0.099364889464 0.1295404623 -0.00063099600778 0.1295404623 -0.088033669407 
0.24138609049 0.1314129603 0.030221844603 0.1314129603 -0.11823407418 0.16008271055 0.030221844603 0.16008271055 -0.10498182293 
0.21682095261 0.11914829241 0.045372962367 0.11914829241 -0.10235691159 0.17170481098 0.045372962367 0.17170481098 -0.11911566022 
0.18149447012 0.10159187524 0.059087226994 0.10159187524 -0.11463508266 0.18678026744 0.059087226994 0.18678026744 -0.11943671422 
0.14953191554 0.083423901361 0.06459478933 0.083423901361 -0.087563482472 0.1932754474 0.06459478933 0.1932754474 -0.15982446626 
0.16990185078 -0.070647381311 0.13642538871 -0.070647381311 0.011827611872 -0.0074327950966 0.13642538871 -0.0074327950966 0.059275496791 
0.2861183076 -0.25884580568 0.12877979466 -0.25884580568 0.22608419563 -0.10838207675 0.12877979466 -0.10838207675 0.073129241139 
0.21153782383 -0.22486158998 0.022956477376 -0.22486158998 -0.17995735761 -0.13262754071 0.022956477376 -0.13262754071 -0.025665624602 
0.043313262843 0.023001573655 -0.0071745523389 0.023001573655 0.047198114125 0.014579091101 -0.0071745523389 0.014579091101 0.010631347325 
-0.039729971781 -0.017993667958 0.011691781721 -0.017993667958 -0.053855245655 -0.036590606797 0.011691781721 -0.036590606797 -0.041854671178 
0.1999127143 -0.1913947772 -0.027348925968 -0.1913947772 -0.17185304852 -0.11919672351 -0.027348925968 -0.11919672351 -0.050616973839 
0.11180783772 0.068455242277 -0.007548744765 0.068455242277 0.17177856753 0.054817477153 -0.007548744765 0.054817477153 0.027763434148 
-0.12064920325 -0.073780662991 0.015634687137 -0.073780662991 -0.13298146263 -0.064042619597 0.015634687137 -0.064042619597 -0.063831040506 
0.029296577006 -0.09990073776 -0.045100069768 -0.09990073776 -0.17554866199 -0.11169639357 -0.045100069768 -0.11169639357 -0.080496906069 
0.16065099212 0.14257470825 0.011198419934 0.14257470825 0.18610018297 0.036473810861 0.011198419934 0.036473810861 0.012723040026 
0.23060034529 0.25785167264 0.020985604456 0.25785167264 0.27138159418 0.018848603082 0.020985604456 0.018848603082 0.0008678397098 
0.24128067732 0.33276983533 0.013371375183 0.33276983533 0.30016989106 -0.0053567657038 0.013371375183 -0.0053567657038 -0.0025543178906 
0.23032137878 0.34684573158 0.0012985460981 0.34684573158 0.29891323543 -0.012019625717 0.0012985460981 -0.012019625717 -0.000728180099 
0.22508557918 0.32324807626 -0.020011607491 0.32324807626 0.25145310738 -0.0027082681863 -0.020011607491 -0.0027082681863 -0.0015157496351 
0.24804811935 0.28266450222 -0.031761549242 0.28266450222 0.18776173403 0.0068286642071 -0.031761549242 0.0068286642071 -0.0096672179898 
0.26380295436 0.26989037892 -0.05195676457 0.26989037892 0.12226553524 0.011879355471 -0.05195676457 0.011879355471 -0.0165549254 
0.27338301484 0.18335168386 -0.039256811133 0.18335168386 -0.027905042912 0.076162082947 -0.039256811133 0.076162082947 -0.064705126863 
0.25067829719 0.14059090086 0.011286932393 0.14059090086 -0.068612154477 0.13295105194 0.011286932393 0.13295105194 -0.10841040203 
0.19280186824 0.099359094095 0.057300203982 0.099359094095 -0.093773183271 0.17786932886 0.057300203982 0.17786932886 -0.13493892319 
0.12712790906 0.059669238274 0.07620329012 0.059669238274 -0.065056600392 0.18976957078 0.07620329012 0.18976957078 -0.2116192105 
0.1065313799 0.035434891847 0.08309337177 0.035434891847 -0.069592736221 0.15888785233 0.08309337177 0.15888785233 -0.15203129147 
0.11868796306 -0.09682457219 -0.083085311873 -0.09682457219 0.023605978806 0.0316377721 -0.083085311873 0.0316377721 0.035055672241 
0.24601807222 -0.23912962589 -0.023968264647 -0.23912962589 0.19307753572 0.0028934035298 -0.023968264647 0.0028934035298 0.022088957461 
0.10634548474 0.058199853744 -0.011888906914 0.058199853744 0.10390981004 0.030658140925 -0.011888906914 0.030658140925 0.020741025507 
0.032875738679 0.023605748488 -0.0023999872945 0.023605748488 -0.023753408658 -0.038588009933 -0.0023999872945 -0.038588009933 -0.03331048604 
0.20481057054 0.16962176657 0.0034465162114 0.16962176657 0.2017660205 0.03003436752 0.0034465162114 0.03003436752 0.012202089516 
0.17813778029 0.12754991004 -0.0026286305491 0.12754991004 0.18254739836 0.039628103784 -0.0026286305491 0.039628103784 0.018957667065 
-0.0586937518 -0.037114884966 0.0056898249119 -0.037114884966 -0.081966287437 -0.04594631701 0.0056898249119 -0.04594631701 -0.042637229225 
-0.078687894321 -0.052434271312 0.003825902939 -0.052434271312 -0.11382514212 -0.061545207101 0.003825902939 -0.061545207101 -0.052273449275 
-0.11540142492 -0.065824831955 0.013593337136 -0.065824831955 -0.15861285233 -0.10129057029 0.013593337136 -0.10129057029 -0.10135703631 
-0.082065559395 -0.04432911694 0.0066083070579 -0.04432911694 -0.16958944488 -0.13769676627 0.0066083070579 -0.13769676627 -0.13946383092 
0.25670957262 0.25618178257 0.010208065051 0.25618178257 0.26215105045 0.012818837276 0.010208065051 0.012818837276 0.001834693286 
0.22152306777 0.20153105266 0.010163206133 0.20153105266 0.21965536328 0.024270337816 0.010163206133 0.024270337816 0.0067768931053 
0.24756538591 0.30673248853 0.017997804726 0.30673248853 0.3011349251 0.0050882437677 0.017997804726 0.0050882437677 -0.0020519665363 
0.2630449237 0.37324709167 0.0039876253089 0.37324709167 0.33351999026 -0.013951777207 0.0039876253089 -0.013951777207 -0.0018163238887 
0.24636772364 0.36946199225 -0.0048133558654 0.36946199225 0.33371964281 -0.011515997036 -0.0048133558654 -0.011515997036 5.661354253e-05 
0.23768954433 0.35209178114 -0.012904391595 0.35209178114 0.32999404823 -0.0071009585757 -0.012904391595 -0.0071009585757 -5.6275236539e-05 
0.23996913561 0.3303554739 -0.019633995276 0.3303554739 0.30818484955 -0.0059038847137 -0.019633995276 -0.0059038847137 -0.0014384996604 
0.24748089721 0.31885277522 -0.033518177022 0.31885277522 0.28619106289 -0.014377093591 -0.033518177022 -0.014377093591 -0.0019030798713 
0.25647216924 0.31319922818 -0.065347246179 0.31319922818 0.23541686086 -0.030917541437 -0.065347246179 -0.030917541437 0.0013890898192 
0.27548871894 0.23445221552 -0.06305655664 0.23445221552 0.028496086743 0.035832236968 -0.06305655664 0.035832236968 -0.032147065185 
0.26538778575 0.27751193581 -0.085172923595 0.27751193581 0.12660341163 -0.015979191345 -0.085172923595 -0.015979191345 -0.0049297259111 
0.25545304053 0.15493724801 -0.016894975643 0.15493724801 -0.016893071159 0.086885895955 -0.016894975643 0.086885895955 -0.083994781342 
0.22413660663 0.11423754944 0.036430352378 0.11423754944 -0.072780024074 0.15245288181 0.036430352378 0.15245288181 -0.13078276076 
0.17106042097 0.079144218006 0.068844942301 0.079144218006 -0.082196544432 0.18118223836 0.068844942301 0.18118223836 -0.16175394658 
0.12546299529 0.041462290272 0.089120888153 0.041462290272 -0.064174260138 0.17550112703 0.089120888153 0.17550112703 -0.20995826706 
0.18235355412 -0.12863008345 0.14549271094 -0.12863008345 0.076693246616 -0.071008962514 0.14549271094 -0.071008962514 0.098158603787 
0.12401617437 0.003832960946 0.10636870323 0.003832960946 -0.06854830605 0.10710726135 0.10636870323 0.10710726135 -0.065967581071 
0.26312535648 -0.28290530882 0.08204995951 -0.28290530882 0.26790412841 -0.087706315759 0.08204995951 -0.087706315759 0.048049463868 
0.18414508097 -0.19608880133 -0.03771148426 -0.19608880133 0.14518132489 -0.0034882552935 -0.03771148426 -0.0034882552935 0.004703492559 
0.20005375295 -0.20096789818 0.0038459232037 -0.20096789818 -0.18327599869 -0.13066591102 0.0038459232037 -0.13066591102 -0.037923904155 
0.18045296194 -0.2132727557 0.034966275534 -0.2132727557 -0.19654320888 -0.13118763842 0.034966275534 -0.13118763842 -0.01124714011 
0.16649861851 0.090104108911 -0.015402381767 0.090104108911 0.060021120451 -0.0032974080725 -0.015402381767 -0.0032974080725 0.0035678959034 
0.10374871446 0.059571435988 -0.01463170759 0.059571435988 0.01880797028 -0.022734364748 -0.01463170759 -0.022734364748 -0.010596603283 
0.012156159199 0.01193180348 0.0011601436403 0.01193180348 -0.061345863266 -0.064505432366 0.0011601436403 -0.064505432366 -0.059015184799 
0.093576871792 0.058854191068 -0.015907682781 0.058854191068 -0.027456404106 -0.067857133609 -0.015907682781 -0.067857133609 -0.049286672869 
0.24990033802 0.19517494336 -0.006108133074 0.19517494336 0.19051630507 0.012287017743 -0.006108133074 0.012287017743 0.0080932573848 
0.16577264182 0.098794737762 -0.0085826353194 0.098794737762 0.13758350665 0.033493630105 -0.0085826353194 0.033493630105 0.019508183419 
-0.030329392585 -0.018953064253 0.0026662115036 -0.018953064253 -0.098147750717 -0.069527130323 0.0026662115036 -0.069527130323 -0.059046384972 
-0.09935164796 -0.053218047874 0.016515294223 -0.053218047874 -0.13989607489 -0.090449608392 0.016515294223 -0.090449608392 -0.091662580607 
-0.099027715562 -0.042605614518 0.026809251825 -0.042605614518 -0.15110440621 -0.12137299493 0.026809251825 -0.12137299493 -0.14102485371 
0.097117329294 -0.11043765061 -0.038851289903 -0.11043765061 -0.18985217946 -0.12694325593 -0.038851289903 -0.12694325593 -0.083519069249 
0.28328913429 0.31781098031 0.0043114621929 0.31781098031 0.32258938034 -0.0036636803736 0.0043114621929 -0.0036636803736 -0.0016705654045 
0.28098366987 0.36633670215 0.0068201814464 0.36633670215 0.33793862469 -0.014053699905 0.0068201814464 -0.014053699905 -0.0035059487265 
0.29847697041 0.36328281314 -0.0013726052545 0.36328281314 0.35669069215 -0.018604278833 -0.0013726052545 -0.018604278833 -0.0031220199247 
0.28440119036 0.39333161388 0.00080098448974 0.39333161388 0.36395373233 -0.018712586299 0.00080098448974 -0.018712586299 -0.0022579762006 
0.26421119705 0.38636495614 -0.00064609153507 0.38636495614 0.36238751339 -0.012099187127 -0.00064609153507 -0.012099187127 -0.00065295987102 
0.25062362672 0.37349464224 -0.0096454479413 0.37349464224 0.38242638505 -0.011031446095 -0.0096454479413 -0.011031446095 0.00027984359244 
0.24409014072 0.35159755068 -0.016745176475 0.35159755068 0.36798919512 -0.010886025399 -0.016745176475 -0.010886025399 -5.9659003154e-05 
0.26443542346 0.22801028597 -0.075206519221 0.22801028597 0.06159181752 0.012435304388 -0.075206519221 0.012435304388 -0.023212141517 
0.2490222836 0.18298583041 -0.041488370186 0.18298583041 0.042242421357 0.039070263996 -0.041488370186 0.039070263996 -0.045972847056 
0.22938131488 0.14526284903 -0.0099755869529 0.14526284903 0.0096266943539 0.074354751432 -0.0099755869529 0.074354751432 -0.079098736743 
0.24037961708 0.1321207015 0.009973751836 0.1321207015 -0.034844973403 0.11612834779 0.009973751836 0.11612834779 -0.11368217588 
0.20006984522 0.086093686937 0.053276772746 0.086093686937 -0.076947341874 0.15650976563 0.053276772746 0.15650976563 -0.14209241218 
0.16017427075 0.05712342955 0.076954709185 0.05712342955 -0.07397548889 0.17082534384 0.076954709185 0.17082534384 -0.18335279976 
0.10321393219 0.025042310537 0.085753251537 0.025042310537 -0.066880548831 0.15625698793 0.085753251537 0.15625698793 -0.18416924356 
0.096615913672 -0.021730612049 0.097594642354 -0.021730612049 -0.042136520782 0.049145757159 0.097594642354 0.049145757159 -0.0020217499172 
0.15139723075 -0.16088047755 0.12275037942 -0.16088047755 0.14334863433 -0.1076443547 0.12275037942 -0.1076443547 0.098904538737 
0.00098879743848 -0.037069779127 -0.01744556651 -0.037069779127 -0.021244907531 -0.010369697695 -0.01744556651 -0.010369697695 -0.015188976008 
0.27871229522 0.24999728628 -0.0062430628772 0.24999728628 0.24110748212 0.0011846741476 -0.0062430628772 0.0011846741476 0.0033867959382 
0.2197545311 0.14891311165 -0.0056547940014 0.14891311165 0.15566451879 0.022398346249 -0.0056547940014 0.022398346249 0.012812660526 
0.086049791696 0.060282515106 -0.013428449296 0.060282515106 -0.051052434164 -0.091769319681 -0.013428449296 -0.091769319681 -0.070680790181 
0.024939496011 0.02189800711 0.00055920046966 0.02189800711 -0.079308873007 -0.082163292807 0.00055920046966 -0.082163292807 -0.069475509804 
-0.059038298033 -0.030687368763 0.010570119516 -0.030687368763 -0.12887548416 -0.092730925164 0.010570119516 -0.092730925164 -0.087701009419 
-0.087960624333 -0.030675449326 0.030721828009 -0.030675449326 -0.15712679635 -0.14466712517 0.030721828009 -0.14466712517 -0.17646130442 
0.32042071744 0.36691957468 -0.020130783169 0.36691957468 0.36869038174 -0.034515438408 -0.020130783169 -0.034515438408 -0.00094287294915 
0.31192631049 0.31947346851 -0.014268400631 0.31947346851 0.31243504115 -0.018895820046 -0.014268400631 -0.018895820046 -0.00012524292148 
-0.01755556183 -0.051042411861 -0.010216338757 -0.051042411861 -0.19203085101 -0.14118601711 -0.010216338757 -0.14118601711 -0.12287217854 
0.30344103964 0.3948680701 -0.006256021057 0.3948680701 0.37652836088 -0.028559420147 -0.006256021057 -0.028559420147 -0.0028275081937 
0.24607258468 0.34865528055 -0.035103628055 0.34865528055 0.36696434257 -0.028826210484 -0.035103628055 -0.028826210484 0.0020835466226 
0.24664147353 0.35049546962 -0.065628907209 0.35049546962 0.34365949976 -0.055973957899 -0.065628907209 -0.055973957899 0.0092382065275 
0.24049651045 0.34446523311 -0.093446338674 0.34446523311 0.304021474 -0.075569680621 -0.093446338674 -0.075569680621 0.018701780069 
0.25227760587 0.31193250033 -0.095765005018 0.31193250033 0.21201783178 -0.052171026487 -0.095765005018 -0.052171026487 0.011374723515 
0.24440054881 0.26851875774 -0.090412091074 0.26851875774 0.16030925034 -0.035796995461 -0.090412091074 -0.035796995461 0.0033158509487 
0.22777107516 0.21056074187 -0.061122589394 0.21056074187 0.12618748715 -0.013731193744 -0.061122589394 -0.013731193744 -0.0103267061 
0.20753635793 0.16082357656 -0.030836095733 0.16082357656 0.076410534814 0.017054671899 -0.030836095733 0.017054671899 -0.030371744682 
0.21491288193 0.11138288206 0.019272206523 0.11138288206 -0.036803526338 0.11438549951 0.019272206523 0.11438549951 -0.11358155333 
0.17916529728 0.059941400441 0.061965550225 0.059941400441 -0.07517077327 0.1486436907 0.061965550225 0.1486436907 -0.15132695953 
0.13097594952 0.039803978933 0.085729174018 0.039803978933 -0.060510092828 0.16617906551 0.085729174018 0.16617906551 -0.21461733448 
0.21474250422 -0.28478115454 0.051775922759 -0.28478115454 0.28990766458 -0.075746279131 0.051775922759 -0.075746279131 0.033239262352 
0.065573776352 -0.16343336432 0.0024058930142 -0.16343336432 0.14805270303 0.0015702791168 0.0024058930142 0.0015702791168 -0.017887276504 
0.15345251085 -0.20006334832 0.034584479869 -0.20006334832 -0.19829097955 -0.13483313082 0.034584479869 -0.13483313082 -0.010797940685 
0.23217863668 0.14087120309 -0.012731203436 0.14087120309 0.10017667098 -0.00086617872336 -0.012731203436 -0.00086617872336 0.0039598980029 
0.21791532387 0.11780935152 -0.020021865656 0.11780935152 0.031313236477 -0.033015704213 -0.020021865656 -0.033015704213 -0.013231001203 
0.16215601046 0.091240888835 -0.023688797092 0.091240888835 0.0023287902263 -0.052213044228 -0.023688797092 -0.052213044228 -0.027176256939 
0.14761405476 -0.1581833233 -0.010482993337 -0.1581833233 -0.20135872162 -0.12696879491 -0.010482993337 -0.12696879491 -0.044507699377 
0.33573621891 0.31664061768 -0.03196765652 0.31664061768 0.28180289661 -0.036466192999 -0.03196765652 -0.036466192999 0.00106883152 
0.32355751033 0.2758499523 -0.031385774624 0.2758499523 0.22800799853 -0.030663048768 -0.031385774624 -0.030663048768 0.0018453553256 
0.28477024287 0.21305401756 -0.018726600155 0.21305401756 0.16831889878 -0.010663235119 -0.018726600155 -0.010663235119 0.0032372082466 
-0.00066951544984 0.0086966165448 0.0067394699633 0.0086966165448 -0.11133520726 -0.098000146761 0.0067394699633 -0.098000146761 -0.085237520662 
-0.05526330873 -0.019159229031 0.021538956657 -0.019159229031 -0.1430368655 -0.12500042509 0.021538956657 -0.12500042509 -0.13836941771 
0.31684301773 0.39421058214 -0.021355078206 0.39421058214 0.39542203368 -0.042416957638 -0.021355078206 -0.042416957638 -0.0010030801755 
0.28920630605 0.40652486501 -0.01224062059 0.40652486501 0.39605018939 -0.032559576122 -0.01224062059 -0.032559576122 -0.00085711370457 
0.26863573226 0.39597898376 -0.0088019714173 0.39597898376 0.39581758782 -0.020221583127 -0.0088019714173 -0.020221583127 -6.0057115965e-05 
0.25206456721 0.39074096928 -0.030189127542 0.39074096928 0.43532847373 -0.039093757668 -0.030189127542 -0.039093757668 0.003920497897 
0.24629217695 0.37207869545 -0.035643018616 0.37207869545 0.41968031165 -0.038264764939 -0.035643018616 -0.038264764939 0.0041912010194 
0.23959868396 0.37922092192 -0.072930804761 0.37922092192 0.42355798283 -0.081380613661 -0.072930804761 -0.081380613661 0.016876672196 
0.22413702509 0.30781722223 -0.098981276768 0.30781722223 0.25762084327 -0.073160984643 -0.098981276768 -0.073160984643 0.019699376768 
0.19035342965 0.12366955289 -0.0082819860251 0.12366955289 0.020288789979 0.056114107053 -0.0082819860251 0.056114107053 -0.062826084291 
0.18902922056 0.078540447557 0.037214852444 0.078540447557 -0.059222237374 0.12425335294 0.037214852444 0.12425335294 -0.1217391335 
0.13966412363 0.043341981194 0.073269141009 0.043341981194 -0.061357277178 0.15241129357 0.073269141009 0.15241129357 -0.18945598444 
0.095549921071 0.026402019532 0.076455798807 0.026402019532 -0.052504001098 0.15172288432 0.076455798807 0.15172288432 -0.22456928493 
0.066515234238 0.0075069763094 0.070523000714 0.0075069763094 -0.068535595036 0.13028538414 0.070523000714 0.13028538414 -0.15039152738 
0.069135482943 -0.055859606532 0.08881202121 -0.055859606532 -0.0071997957072 -0.0045697468994 0.08881202121 -0.0045697468994 0.0384432586 
0.13143603313 -0.19237716465 0.10996090352 -0.19237716465 0.18779219505 -0.12904689904 0.10996090352 -0.12904689904 0.090626191438 
-0.11896697785 -0.018160925835 0.06098979484 -0.018160925835 -0.0015693903775 0.0086799138059 0.06098979484 0.0086799138059 -0.033481375674 
0.1363476357 -0.26649688479 0.040070832409 -0.26649688479 0.28498275331 -0.05648384689 0.040070832409 -0.05648384689 0.036756553096 
0.10612312713 -0.19370760124 0.041013149902 -0.19370760124 -0.19190760429 -0.11576747267 0.041013149902 -0.11576747267 0.012088368336 
0.27023138764 0.1640519414 -0.022348414397 0.1640519414 0.063559899272 -0.035935366307 -0.022348414397 -0.035935366307 -0.01164603115 
0.2160665328 0.12221203535 -0.030232668545 0.12221203535 -0.0062662074491 -0.073491989621 -0.030232668545 -0.073491989621 -0.037688467617 
0.1579381803 0.099282126552 -0.02988084382 0.099282126552 -0.023485431026 -0.091734848359 -0.02988084382 -0.091734848359 -0.056241682596 
0.14469595543 0.10936915273 -0.025429230191 0.10936915273 -0.035138766683 -0.11383725574 -0.025429230191 -0.11383725574 -0.071609995271 
0.13136563944 -0.16794031183 0.0052281828144 -0.16794031183 -0.2060590079 -0.117364008 0.0052281828144 -0.117364008 -0.022639639227 
0.34624622319 0.36116806982 -0.039833259828 0.36116806982 0.33412538429 -0.053879324412 -0.039833259828 -0.053879324412 0.0014527810197 
0.36235572461 0.33880497223 -0.059627853713 0.33880497223 0.27098850865 -0.073747379718 -0.059627853713 -0.073747379718 0.0033035735742 
0.071634138969 0.060574834888 -0.0045939616914 0.060574834888 -0.070538384115 -0.10063527175 -0.0045939616914 -0.10063527175 -0.076613168764 
-0.0018918436477 0.017025990176 0.015797843037 0.017025990176 -0.13149573886 -0.13218575761 0.015797843037 -0.13218575761 -0.13235485916 
-0.046358545145 -0.0091146310006 0.028635750074 -0.0091146310006 -0.14764011114 -0.14965156721 0.028635750074 -0.14965156721 -0.18361456105 
0.33109259648 0.38716583924 -0.039936045678 0.38716583924 0.37745565532 -0.061855785219 -0.039936045678 -0.061855785219 0.0018762324927 
-0.065524580406 -0.018467648874 0.02471875747 -0.018467648874 -0.17734322874 -0.15685268842 0.02471875747 -0.15685268842 -0.16987277416 
0.04413097899 -0.072277224104 -0.018503411353 -0.072277224104 -0.21621164965 -0.1307812534 -0.018503411353 -0.1307812534 -0.084373382832 
0.30387519942 0.4070836778 -0.022471458497 0.4070836778 0.40540804382 -0.046508620633 -0.022471458497 -0.046508620633 -0.00015162070536 
0.26629784113 0.40598217131 -0.027569322175 0.40598217131 0.42841917288 -0.044500677975 -0.027569322175 -0.044500677975 0.0031090027932 
0.22651081389 0.37144817199 -0.099877483418 0.37144817199 0.39651621183 -0.10725183303 -0.099877483418 -0.10725183303 0.029499619523 
0.20513045147 0.33931261166 -0.10581111826 0.33931261166 0.34654295054 -0.10532957853 -0.10581111826 -0.10532957853 0.031960649061 
0.19457700818 0.23760594273 -0.07907728777 0.23760594273 0.227061058 -0.065963735769 -0.07907728777 -0.065963735769 0.017313692019 
0.17535472869 0.28265638618 -0.094214161563 0.28265638618 0.31167935189 -0.095337482105 -0.094214161563 -0.095337482105 0.028326690753 
0.181380682 0.17462202972 -0.051950606976 0.17462202972 0.15695360988 -0.041947910663 -0.051950606976 -0.041947910663 0.0093165398833 
0.16466659896 0.13296127048 -0.030847366193 0.13296127048 0.086763945614 -0.0053333265009 -0.030847366193 -0.0053333265009 -0.012674950316 
0.18583710831 0.098576066511 0.010828162671 0.098576066511 -0.022662527563 0.088014578497 0.010828162671 0.088014578497 -0.089728077985 
0.14407934937 0.045661652633 0.053070548131 0.045661652633 -0.061660056626 0.12700939333 0.053070548131 0.12700939333 -0.14279373857 
0.09222013469 0.022835849408 0.066862033099 0.022835849408 -0.050470245941 0.1361931561 0.066862033099 0.1361931561 -0.2109016231 
0.054757751444 0.0083870852397 0.064017987423 0.0083870852397 -0.051908492131 0.13468608198 0.064017987423 0.13468608198 -0.22461621202 
-0.11918413505 -0.058383267638 0.027904456417 -0.058383267638 0.058085502307 0.060137288204 0.027904456417 0.060137288204 0.015991230126 
0.069818359463 -0.13596849427 0.085747132256 -0.13596849427 0.092258669059 -0.074870705499 0.085747132256 -0.074870705499 0.065714810162 
-0.025757286328 -0.15795140381 0.017132558845 -0.15795140381 0.18424418749 0.046361871525 0.017132558845 0.046361871525 -0.0026566192127 
0.070210512375 -0.18276400083 0.041448242731 -0.18276400083 -0.15441381744 -0.073500194676 0.041448242731 -0.073500194676 0.021662578051 
0.30718711329 0.21935655844 -0.033408673201 0.21935655844 0.12346736764 -0.043700324315 -0.033408673201 -0.043700324315 -0.0065538122782 
0.26703879407 0.15626333967 -0.029117373344 0.15626333967 0.021830825772 -0.063432845792 -0.029117373344 -0.063432845792 -0.027401509865 
0.20708454434 0.13606563684 -0.035911610118 0.13606563684 -0.019958606491 -0.1070642058 -0.035911610118 -0.1070642058 -0.057031277885 
0.098531140201 -0.17257973857 0.019116438786 -0.17257973857 -0.18973608452 -0.091186423775 0.019116438786 -0.091186423775 0.00058049029271 
0.35434403162 0.37075569259 -0.055544030807 0.37075569259 0.32251608773 -0.076830837998 -0.055544030807 -0.076830837998 0.0035319167147 
0.34807152897 0.2884882063 -0.053427882671 0.2884882063 0.19892372095 -0.064241671675 -0.053427882671 -0.064241671675 -0.00070324658199 
0.05522627051 0.05892877232 0.0036355888309 0.05892877232 -0.096712083677 -0.11793616393 0.0036355888309 -0.11793616393 -0.092780244214 
0.011541911617 0.032542635616 0.01768651245 0.032542635616 -0.13145235849 -0.16090205299 0.01768651245 -0.16090205299 -0.17373984967 
0.31230757179 0.40033878414 -0.034007467704 0.40033878414 0.40661241602 -0.058297929325 -0.034007467704 -0.058297929325 0.0017359380165 
-0.032291685364 0.0067436221549 0.032132391713 0.0067436221549 -0.16107889125 -0.16493002545 0.032132391713 -0.16493002545 -0.1901994382 
-0.035403468872 -0.011329095065 0.01306786798 -0.011329095065 -0.21090970482 -0.14111697443 0.01306786798 -0.14111697443 -0.11371827242 
0.28197597728 0.40861139128 -0.027725385591 0.40861139128 0.41360647881 -0.05152524113 -0.027725385591 -0.05152524113 0.0021584647944 
0.29152621015 0.39976832151 -0.034063262761 0.39976832151 0.40708045688 -0.060377388991 -0.034063262761 -0.060377388991 0.0027290229267 
0.25616070368 0.41088215212 -0.04750302402 0.41088215212 0.43246433499 -0.075411999345 -0.04750302402 -0.075411999345 0.0095810491438 
0.24325958404 0.40997105602 -0.061729611333 0.40997105602 0.46617419311 -0.086470526234 -0.061729611333 -0.086470526234 0.015874281022 
0.23719103044 0.3996250487 -0.072040474081 0.3996250487 0.46706755282 -0.091771789968 -0.072040474081 -0.091771789968 0.019264939826 
0.20898960439 0.39540945423 -0.11657285278 0.39540945423 0.47018689336 -0.15265083161 -0.11657285278 -0.15265083161 0.050277321226 
0.18281458394 0.35522483791 -0.1194308372 0.35522483791 0.43277578761 -0.15047512647 -0.1194308372 -0.15047512647 0.052788678817 
0.14747058374 0.1854651783 -0.071040044277 0.1854651783 0.24286424852 -0.095767219281 -0.071040044277 -0.095767219281 0.039072019026 
0.13536364881 0.13973154595 -0.053690957712 0.13973154595 0.16422093747 -0.07100849808 -0.053690957712 -0.07100849808 0.033844612687 
0.14800779374 0.094872819961 -0.0083955296978 0.094872819961 0.016316545337 0.04115094946 -0.0083955296978 0.04115094946 -0.04814269545 
0.15774766698 0.070507345896 0.022512136139 0.070507345896 -0.038727941441 0.091373372101 0.022512136139 0.091373372101 -0.091224928139 
0.11541563265 0.038205678647 0.034034024805 0.038205678647 -0.049525078453 0.092734798685 0.034034024805 0.092734798685 -0.098071283161 
0.032464806553 -0.016122865169 0.054141257915 -0.016122865169 -0.063920508561 0.086259077563 0.054141257915 0.086259077563 -0.093150788837 
0.075494799854 -0.25861471422 0.033988607557 -0.25861471422 0.28459584894 -0.040192559305 0.033988607557 -0.040192559305 0.034092016095 
-0.041167196894 -0.1785755404 -0.0093683232768 -0.1785755404 0.2153152372 0.065138874149 -0.0093683232768 0.065138874149 0.022221762866 
0.36154059544 0.34661687501 -0.062100533018 0.34661687501 0.25016153957 -0.088811545581 -0.062100533018 -0.088811545581 0.00025184512493 
0.37005949885 0.32750999413 -0.076575359794 0.32750999413 0.2151002817 -0.10072504945 -0.076575359794 -0.10072504945 0.0013375989998 
0.35398890208 0.29168296944 -0.070504333316 0.29168296944 0.16831084855 -0.095306905357 -0.070504333316 -0.095306905357 -0.0043514165603 
0.31837894586 0.22943333421 -0.049681675417 0.22943333421 0.091146536151 -0.080866448626 -0.049681675417 -0.080866448626 -0.017331435749 
0.25691290987 0.15621395673 -0.035233481918 0.15621395673 -0.007165983123 -0.092001659548 -0.035233481918 -0.092001659548 -0.04381988781 
0.18556024028 0.15151326525 -0.032155308018 0.15151326525 -0.022656816188 -0.12796753899 -0.032155308018 -0.12796753899 -0.064998143254 
0.30550397612 0.38216894947 -0.040408991681 0.38216894947 0.36371460183 -0.068401784377 -0.040408991681 -0.068401784377 0.0025433075072 
0.33516985783 0.36560977928 -0.046530389963 0.36560977928 0.30562484116 -0.074746451507 -0.046530389963 -0.074746451507 0.00026899079965 
0.12147750454 0.114438152 -0.013992719568 0.114438152 -0.047510733779 -0.12295736133 -0.013992719568 -0.12295736133 -0.075841152762 
0.099628939306 0.11424123857 -0.00517538158 0.11424123857 -0.06907949407 -0.14402938243 -0.00517538158 -0.14402938243 -0.094664148591 
0.048368237859 0.062666155745 0.009506885723 0.062666155745 -0.11341924694 -0.14516939742 0.009506885723 -0.14516939742 -0.12627606741 
0.068789956111 -0.10223356191 -0.016459148286 -0.10223356191 -0.2178039639 -0.091241622104 -0.016459148286 -0.091241622104 -0.035913217875 
0.064542574969 -0.14324630614 0.011816629169 -0.14324630614 -0.15583227427 -0.047989113067 0.011816629169 -0.047989113067 0.0043503016068 
0.26478762745 0.39706196937 -0.040252465824 0.39706196937 0.40404666647 -0.069439478757 -0.040252465824 -0.069439478757 0.0058880238547 
0.21649968166 0.41728846581 -0.10784398013 0.41728846581 0.48425378925 -0.15197211431 -0.10784398013 -0.15197211431 0.04596477943 
0.15073430292 0.30226351304 -0.10275582702 0.30226351304 0.39115332242 -0.12865122511 -0.10275582702 -0.12865122511 0.042353744912 
0.14597685887 0.22934559187 -0.082827108751 0.22934559187 0.29770533248 -0.10069456649 -0.082827108751 -0.10069456649 0.03331881335 
0.11543860545 0.10231888526 -0.036459947872 0.10231888526 0.089784988584 -0.030973018417 -0.036459947872 -0.030973018417 0.0099057373753 
0.12331948674 0.059995578356 0.0097916661525 0.059995578356 -0.020767110806 0.059900751495 0.0097916661525 0.059900751495 -0.060112446224 
0.083379529701 0.017712229202 0.052701739447 0.017712229202 -0.051618759241 0.11523479338 0.052701739447 0.11523479338 -0.16861015669 
0.035082132635 -9.3698755681e-05 0.05777619413 -9.3698755681e-05 -0.041219610802 0.11765788973 0.05777619413 0.11765788973 -0.24459616739 
0.013955960773 -0.0099181005784 0.046450594903 -0.0099181005784 -0.059122360553 0.11997030103 0.046450594903 0.11997030103 -0.21298053214 
-2.4753026676e-05 -0.042785851832 0.047583040176 -0.042785851832 -0.053293277294 0.051049787884 0.047583040176 0.051049787884 -0.064388979265 
0.03517093387 -0.16476043064 0.077067688389 -0.16476043064 0.09999648402 -0.066784654635 0.077067688389 -0.066784654635 0.052398616091 
-0.094235117743 -0.11059068629 -0.034892554577 -0.11059068629 0.10336015934 0.086000738748 -0.034892554577 0.086000738748 0.056161522064 
0.041499363222 -0.15214386383 0.041270277027 -0.15214386383 -0.067184929449 -0.038472042856 0.041270277027 -0.038472042856 0.018782947071 
0.33417535457 0.33178643375 -0.04989052129 0.33178643375 0.21751538811 -0.086588037477 -0.04989052129 -0.086588037477 -0.0049193563227 
0.35370254868 0.31905442322 -0.066658148932 0.31905442322 0.18494144146 -0.10245175871 -0.066658148932 -0.10245175871 -0.0047719552075 
0.35700802538 0.31157015592 -0.082678680307 0.31157015592 0.17130350281 -0.11911791733 -0.082678680307 -0.11911791733 -0.0026577930182 
0.34545401469 0.29255766187 -0.084619280366 0.29255766187 0.14291847943 -0.12672819738 -0.084619280366 -0.12672819738 -0.0073159160589 
0.29901856919 0.20632356002 -0.048342101214 0.20632356002 0.038845243659 -0.099369120445 -0.048342101214 -0.099369120445 -0.032426604272 
0.23863944473 0.16527725734 -0.037356777691 0.16527725734 -0.019877021087 -0.11587182597 -0.037356777691 -0.11587182597 -0.054256832656 
0.15492291988 0.16201395928 -0.023242753697 0.16201395928 -0.025039267692 -0.1414961741 -0.023242753697 -0.1414961741 -0.067065563401 
0.26899948473 0.37694830318 -0.042270389297 0.37694830318 0.37584347055 -0.072156928128 -0.042270389297 -0.072156928128 0.0055517058796 
0.27836844533 0.35955550538 -0.041337225176 0.35955550538 0.31844214164 -0.074863544049 -0.041337225176 -0.074863544049 0.0030117655671 
0.30634481604 0.34932826637 -0.042606271904 0.34932826637 0.27075516546 -0.078409276595 -0.042606271904 -0.078409276595 -0.0010996858453 
0.069483907039 0.10192028659 0.0017490994327 0.10192028659 -0.089955809866 -0.17729703882 0.0017490994327 -0.17729703882 -0.13631835706 
0.023301843105 0.058186099425 0.020246409976 0.058186099425 -0.13332892866 -0.18099806094 0.020246409976 -0.18099806094 -0.17662644706 
0.0064932386521 -0.038473997623 0.00061281861646 -0.038473997623 -0.19642679114 -0.071748060082 0.00061281861646 -0.071748060082 -0.035680361843 
-0.023975815342 0.034939978555 0.035126265774 0.034939978555 -0.18459806993 -0.14609893568 0.035126265774 -0.14609893568 -0.12721195639 
0.23811969127 0.40028433445 -0.05602264693 0.40028433445 0.3978935337 -0.094401691231 -0.05602264693 -0.094401691231 0.013913819014 
0.22647490058 0.41543195547 -0.0815101591 0.41543195547 0.4459926643 -0.12352955816 -0.0815101591 -0.12352955816 0.028866972657 
0.1922392907 0.41401323254 -0.11561228055 0.41401323254 0.4414520582 -0.17656297368 -0.11561228055 -0.17656297368 0.059198475777 
0.17178412854 0.39869519436 -0.13665149712 0.39869519436 0.48640340087 -0.20199787948 -0.13665149712 -0.20199787948 0.07917245209 
0.15136289844 0.35471705241 -0.13402534049 0.35471705241 0.4895224303 -0.19823256348 -0.13402534049 -0.19823256348 0.079713833697 
0.12160861682 0.29990906807 -0.11307953357 0.29990906807 0.46268513712 -0.17373324166 -0.11307953357 -0.17373324166 0.065420998551 
0.11788116755 0.24627328815 -0.087304921895 0.24627328815 0.36057275102 -0.11886908277 -0.087304921895 -0.11886908277 0.038498838635 
0.09066041811 0.1908274129 -0.080444823028 0.1908274129 0.32040117156 -0.12922612167 -0.080444823028 -0.12922612167 0.052323641647 
0.092510626387 0.1441097673 -0.070829334873 0.1441097673 0.24653508823 -0.12634742831 -0.070829334873 -0.12634742831 0.06683852374 
0.079592430287 0.10611787565 -0.058160020281 0.10611787565 0.16849544836 -0.10116548754 -0.058160020281 -0.10116548754 0.06348220206 
0.088656372773 0.061742090683 -0.013433792448 0.061742090683 0.027884808224 0.0066934339802 -0.013433792448 0.0066934339802 -0.014995935692 
0.080156157005 0.030450562087 0.016626628023 0.030450562087 -0.029358978122 0.055059201534 0.016626628023 0.055059201534 -0.054810281455 
0.067406136283 0.013422514176 0.035535859448 0.013422514176 -0.051498204778 0.089788988253 0.035535859448 0.089788988253 -0.10952216642 
0.020478455548 -0.0063141081465 0.04122020245 -0.0063141081465 -0.045776203979 0.097178735565 0.04122020245 0.097178735565 -0.18187573163 
-0.013244928492 -0.024864372463 0.04397613085 -0.024864372463 -0.059504155686 0.11226209846 0.04397613085 0.11226209846 -0.22861228359 
-0.11003557655 -0.12976879797 -0.054595567257 -0.12976879797 0.11617290465 0.08678079815 -0.054595567257 0.08678079815 0.057624994493 
0.02695071913 -0.25920193094 0.027773328138 -0.25920193094 0.28651668366 -0.034137206775 0.027773328138 -0.034137206775 0.023584427123 
-0.059056270826 -0.19120965858 -0.031531759893 -0.19120965858 0.22593820312 0.059790844707 -0.031531759893 0.059790844707 0.030480056788 
0.32457523815 0.27112393015 -0.079760532136 0.27112393015 0.10641725617 -0.13432478941 -0.079760532136 -0.13432478941 -0.016014063844 
0.27887143712 0.20168324368 -0.048242002829 0.20168324368 0.013267463654 -0.11766788046 -0.048242002829 -0.11766788046 -0.041955551434 
0.20894652515 0.18153733584 -0.03468840661 0.18153733584 -0.014785421982 -0.13032001076 -0.03468840661 -0.13032001076 -0.052206742957 
0.11868162364 0.1651846754 -0.014908277456 0.1651846754 -0.032040279915 -0.16795182874 -0.014908277456 -0.16795182874 -0.080863013516 
0.027790875087 -0.08931137412 0.015797209888 -0.08931137412 -0.071671753317 -0.019113138591 0.015797209888 -0.019113138591 0.006722355023 
0.2394664987 0.37258804086 -0.0469870359 0.37258804086 0.36770531143 -0.081513519301 -0.0469870359 -0.081513519301 0.0090902665393 
0.23544911008 0.34654354309 -0.049334086538 0.34654354309 0.32261098571 -0.087615822837 -0.049334086538 -0.087615822837 0.0098021853817 
0.21524133994 0.37603030375 -0.056647239678 0.37603030375 0.35224987819 -0.10104983561 -0.056647239678 -0.10104983561 0.015104963038 
0.20381133545 0.39653299238 -0.079596780531 0.39653299238 0.37068515722 -0.13419325039 -0.079596780531 -0.13419325039 0.031068882089 
0.14388576852 0.38380756605 -0.12402388439 0.38380756605 0.43897059142 -0.1945826136 -0.12402388439 -0.1945826136 0.075297386232 
0.10853582095 0.33440537697 -0.12474838691 0.33440537697 0.48307082311 -0.20242151434 -0.12474838691 -0.20242151434 0.082785451891 
0.093582790928 0.28819719855 -0.11568568626 0.28819719855 0.49690676001 -0.20179529141 -0.11568568626 -0.20179529141 0.081857924141 
0.08714760655 0.24839284139 -0.092447436377 0.24839284139 0.42505549059 -0.14933955619 -0.092447436377 -0.14933955619 0.052076552666 
0.058281864716 0.23547440815 -0.095295774609 0.23547440815 0.47838422629 -0.18529796152 -0.095295774609 -0.18529796152 0.071547991595 
0.053430658768 0.21055383142 -0.085355190862 0.21055383142 0.38491481653 -0.14231376015 -0.085355190862 -0.14231376015 0.051835109956 
0.048832796869 0.14659625089 -0.079688035242 0.14659625089 0.31062597223 -0.15791778109 -0.079688035242 -0.15791778109 0.079643378279 
0.037427993458 0.11108565246 -0.073284045329 0.11108565246 0.2548737809 -0.15863115457 -0.073284045329 -0.15863115457 0.098041603542 
0.055920982005 0.071231719561 -0.041956405925 0.071231719561 0.1033469719 -0.066064892793 -0.041956405925 -0.066064892793 0.044180040673 
0.035905435861 0.017649541772 0.0025077855835 0.017649541772 -0.0054855984074 0.017781916029 0.0025077855835 0.017781916029 -0.019211154799 
0.025056734492 0.03531377821 -0.023564933653 0.03531377821 0.054139850231 -0.038116141918 -0.023564933653 -0.038116141918 0.027676035944 
0.028710220049 -0.00082471557954 0.024476005367 -0.00082471557954 -0.0447841865 0.065605879933 0.024476005367 0.065605879933 -0.079021292659 
-0.011188122316 -0.019574315348 0.045806181459 -0.019574315348 -0.039817577299 0.099752690163 0.045806181459 0.099752690163 -0.25933095393 
-0.030891735295 -0.063032119602 0.048442952741 -0.063032119602 -0.06340827297 0.054008291607 0.048442952741 0.054008291607 -0.077343588851 
-0.09848180855 -0.18573702112 -0.048609980839 -0.18573702112 0.21975442261 0.056152789166 -0.048609980839 0.056152789166 0.029784325233 
0.328339136 0.30348688295 -0.073907725461 0.30348688295 0.15345427958 -0.1208431118 -0.073907725461 -0.1208431118 -0.0045759359699 
0.32961872258 0.3033340565 -0.088591414928 0.3033340565 0.14879141722 -0.13997413149 -0.088591414928 -0.13997413149 -0.0017639011863 
0.022135209989 -0.094405671358 0.039600140591 -0.094405671358 0.0600810323 -0.043082217383 0.039600140591 -0.043082217383 0.025232564189 
0.26119944178 0.33477947062 -0.050579794284 0.33477947062 0.25983910821 -0.09419415495 -0.050579794284 -0.09419415495 0.0057776840068 
0.29135376829 0.32360271026 -0.055151491894 0.32360271026 0.20913439111 -0.1022794187 -0.055151491894 -0.1022794187 0.00059379974204 
0.31521410297 0.31073801801 -0.062648433884 0.31073801801 0.17266059056 -0.10964712687 -0.062648433884 -0.10964712687 -0.003691803429 
0.3235658262 0.30131054248 -0.097084780686 0.30131054248 0.14290151028 -0.15682130407 -0.097084780686 -0.15682130407 -0.0022565004327 
0.29804252097 0.26266155078 -0.077460517134 0.26266155078 0.085412812047 -0.1502186978 -0.077460517134 -0.1502186978 -0.021423666266 
0.25029041943 0.20623134144 -0.045338393417 0.20623134144 0.0072832139865 -0.12746369797 -0.045338393417 -0.12746369797 -0.041062455971 
0.16393659225 0.2007141943 -0.032174531438 0.2007141943 0.01153888075 -0.14761792519 -0.032174531438 -0.14761792519 -0.043138853902 
0.113235411 0.21275581389 -0.030762983249 0.21275581389 0.038623548967 -0.18693121413 -0.030762983249 -0.18693121413 -0.037388124466 
0.086831717385 0.17057956624 -0.012995959479 0.17057956624 -0.024618665556 -0.20938583663 -0.012995959479 -0.20938583663 -0.092421871439 
0.054569727838 0.13215814151 0.0076545777668 0.13215814151 -0.069171441987 -0.20783285761 0.0076545777668 -0.20783285761 -0.13166217606 
0.0049246567186 0.10553920631 0.035446948834 0.10553920631 -0.1102952554 -0.16209232859 0.035446948834 -0.16209232859 -0.11324801382 
-0.018205617878 0.037470896912 0.022570255746 0.037470896912 -0.1233302983 -0.065467372566 0.022570255746 -0.065467372566 -0.03747480354 
-0.010077374634 -0.0046472145478 0.019445732247 -0.0046472145478 0.04578287677 -0.046167408366 0.019445732247 -0.046167408366 0.016256431666 
0.19983422763 0.34809282074 -0.059925710325 0.34809282074 0.33800614581 -0.10648993837 -0.059925710325 -0.10648993837 0.018880936049 
0.17956430156 0.35920897368 -0.074818245754 0.35920897368 0.32846867385 -0.13622508497 -0.074818245754 -0.13622508497 0.032042972997 
0.15881829247 0.38565555833 -0.10234255614 0.38565555833 0.36948440966 -0.16877799697 -0.10234255614 -0.16877799697 0.054753619501 
0.085014454379 0.32909833391 -0.11302126793 0.32909833391 0.40992993975 -0.19459121683 -0.11302126793 -0.19459121683 0.082563245466 
0.041854374354 0.24945712824 -0.10298996509 0.24945712824 0.47845144598 -0.20523860625 -0.10298996509 -0.20523860625 0.088640288553 
0.023404172211 0.21077655912 -0.089520424149 0.21077655912 0.43605726963 -0.17208916882 -0.089520424149 -0.17208916882 0.067754670216 
0.022089884924 0.16882975618 -0.083549796139 0.16882975618 0.36346317996 -0.16118417519 -0.083549796139 -0.16118417519 0.070574349763 
0.018390080843 0.07717346143 -0.063277017453 0.07717346143 0.18581027595 -0.1374762103 -0.063277017453 -0.1374762103 0.09926309536 
-0.023386353305 -0.024551679828 0.023467061673 -0.024551679828 -0.049632764082 0.073836501039 0.023467061673 0.073836501039 -0.1330570496 
-0.04065962056 -0.031552813313 0.034019865641 -0.031552813313 -0.042274814808 0.086530978359 0.034019865641 0.086530978359 -0.24004508628 
-0.04952848814 -0.038879754348 0.033989301383 -0.038879754348 -0.056982148431 0.099313740462 0.033989301383 0.099313740462 -0.24271623635 
-0.075104907579 -0.068610501218 0.033595556627 -0.068610501218 -0.071620358282 0.06593154696 0.033595556627 0.06593154696 -0.11839503869 
-0.020474329758 -0.16356152944 0.061681348353 -0.16356152944 0.082690755435 -0.050831567153 0.061681348353 -0.050831567153 0.033207536653 
-0.036700057279 -0.23608837822 0.014921234847 -0.23608837822 0.26928596824 -0.039265007305 0.014921234847 -0.039265007305 0.022645773366 
-0.15761912264 -0.12440045017 -0.048731293984 -0.12440045017 0.1069066995 0.084157161654 -0.048731293984 0.084157161654 0.057855798906 
0.26459479491 0.31015788031 -0.091619594037 0.31015788031 0.20016222592 -0.15840035851 -0.091619594037 -0.15840035851 0.023201272325 
0.27237822397 0.30703679715 -0.095229424419 0.30703679715 0.1894925752 -0.16233075607 -0.095229424419 -0.16233075607 0.020636208785 
0.2887363843 0.30293531669 -0.10252391619 0.30293531669 0.15294401417 -0.18232032436 -0.10252391619 -0.18232032436 0.0061186966918 
0.23812772902 0.30471894004 -0.10433578043 0.30471894004 0.18293373912 -0.20983994946 -0.10433578043 -0.20983994946 0.022969372256 
0.19428979896 0.32186481859 -0.076174373087 0.32186481859 0.29541654211 -0.14001545827 -0.076174373087 -0.14001545827 0.034326715943 
0.21789756704 0.3191268757 -0.083215373024 0.3191268757 0.25817515417 -0.15163674717 -0.083215373024 -0.15163674717 0.034577441926 
0.25656016051 0.26352850368 -0.075627795122 0.26352850368 0.095733321267 -0.16573879406 -0.075627795122 -0.16573879406 -0.013241014151 
0.19906817376 0.2240718572 -0.048076096691 0.2240718572 0.058998836378 -0.13324573938 -0.048076096691 -0.13324573938 -0.018249331402 
0.041507168331 0.20417901925 -0.018553499333 0.20417901925 0.087768418228 -0.23806700189 -0.018553499333 -0.23806700189 -0.0083277129613 
0.036554017456 0.18034490365 0.00041366637544 0.18034490365 0.025441268008 -0.2346972082 0.00041366637544 -0.2346972082 -0.061461279745 
0.17886032443 0.32454150538 -0.074028665764 0.32454150538 0.32720593907 -0.13268279558 -0.074028665764 -0.13268279558 0.034083635861 
-0.0033907176739 0.16286714468 0.023415915508 0.16286714468 0.019497519985 -0.20447391739 0.023415915508 -0.20447391739 -0.055184401626 
-0.040029161028 0.12223866248 0.029720777745 0.12223866248 0.0076894701053 -0.11481785325 0.029720777745 -0.11481785325 -0.024508086702 
0.16537436945 0.36976505865 -0.09276437854 0.36976505865 0.31726456741 -0.16580522218 -0.09276437854 -0.16580522218 0.049692708439 
0.11553707181 0.35245342276 -0.1187221074 0.35245342276 0.32699548177 -0.21022652783 -0.1187221074 -0.21022652783 0.09479181173 
-0.00034292500532 0.20742530501 -0.10100321629 0.20742530501 0.46950218173 -0.22314469468 -0.10100321629 -0.22314469468 0.10830653858 
-0.0059867855611 0.19164136108 -0.091559163098 0.19164136108 0.40371104079 -0.17622473219 -0.091559163098 -0.17622473219 0.076902235252 
-0.005615117413 0.12104633026 -0.080862093657 0.12104633026 0.33094786956 -0.18619896913 -0.080862093657 -0.18619896913 0.10240342849 
-0.023553013509 0.082418461905 -0.075288342316 0.082418461905 0.27398424257 -0.19157450118 -0.075288342316 -0.19157450118 0.12834224378 
-0.0055337591089 0.045265823908 -0.049319879095 0.045265823908 0.12566383643 -0.1071163937 -0.049319879095 -0.1071163937 0.086186208465 
-0.030260808179 0.012871655114 -0.031353646307 0.012871655114 0.070791176999 -0.072575536117 -0.031353646307 -0.072575536117 0.064360069043 
-0.007458675055 0.0041441309425 -0.0091684888292 0.0041441309425 0.016713736684 -0.0162489209 -0.0091684888292 -0.0162489209 0.012673824211 
-0.021701183425 -0.018064516647 0.0085520842219 -0.018064516647 -0.030368346381 0.02925078408 0.0085520842219 0.02925078408 -0.035696737208 
-0.064430083169 -0.041151482441 0.0046865599974 -0.041151482441 -0.05207481151 0.052044561792 0.0046865599974 0.052044561792 -0.096935156701 
-0.077422993658 -0.048195619746 0.011468438419 -0.048195619746 -0.051496576818 0.070405477253 0.011468438419 0.070405477253 -0.20114707228 
-0.085191115935 -0.052908856729 0.020673907152 -0.052908856729 -0.054759324092 0.084972266918 0.020673907152 0.084972266918 -0.25304381029 
-0.092506498548 -0.13661457208 0.022160605236 -0.13661457208 0.055022638655 -0.03502681349 0.022160605236 -0.03502681349 1.6915423362e-05 
-0.2251870994 -0.10895334092 0.0040247933278 -0.10895334092 0.095751081668 0.0939413177 0.0040247933278 0.0939413177 0.055287644846 
-0.1648960857 -0.16848646136 -0.0334431326 -0.16848646136 0.20579538648 0.068881287257 -0.0334431326 0.068881287257 0.033505478081 
-0.10266787463 -0.21453828648 -0.013589897932 -0.21453828648 0.27550976992 -0.033337689248 -0.013589897932 -0.033337689248 0.01415738197 
-0.0095911516931 -0.028261415984 0.022902587982 -0.028261415984 0.14869639129 -0.098704899503 0.022902587982 -0.098704899503 0.06455437713 
0.24397546669 0.3157547668 -0.089587708948 0.3157547668 0.22623144658 -0.15920134066 -0.089587708948 -0.15920134066 0.030709208189 
0.26531070091 0.31027824083 -0.10585376172 0.31027824083 0.19198290501 -0.18556825443 -0.10585376172 -0.18556825443 0.025350014136 
0.13606884574 0.27053259443 -0.097919607498 0.27053259443 0.28168096046 -0.25274559775 -0.097919607498 -0.25274559775 0.085016038645 
0.19895887357 0.26226467531 -0.074253722445 0.26226467531 0.1492062711 -0.1694895843 -0.074253722445 -0.1694895843 0.0123441729 
0.10790401653 0.22127994708 -0.078074367145 0.22127994708 0.27245488401 -0.20190554394 -0.078074367145 -0.20190554394 0.078345656419 
0.11688067961 0.22594450442 -0.054589674731 0.22594450442 0.15506854031 -0.17779279421 -0.054589674731 -0.17779279421 0.023535863591 
0.032310840358 0.20384635596 -0.038591997605 0.20384635596 0.19373944492 -0.23950002444 -0.038591997605 -0.23950002444 0.063881647624 
-0.044383348245 0.12218866968 0.022572140842 0.12218866968 0.19254862994 -0.26985846903 0.022572140842 -0.26985846903 0.11710156023 
0.10486119695 0.27439378463 -0.10893203935 0.27439378463 0.33871288762 -0.25776480262 -0.10893203935 -0.25776480262 0.14089969882 
-0.067019964962 0.11587171424 0.032436623833 0.11587171424 0.12096574418 -0.18597708827 0.032436623833 -0.18597708827 0.046644342593 
-0.04812418079 0.053137875905 0.022962874557 0.053137875905 0.12122754812 -0.11803227534 0.022962874557 -0.11803227534 0.047074637095 
0.14213073737 0.32501831353 -0.092204682935 0.32501831353 0.34077225826 -0.17497631281 -0.092204682935 -0.17497631281 0.0625346421 
0.12500559164 0.33355121089 -0.1101613254 0.33355121089 0.32397902518 -0.21226686367 -0.1101613254 -0.21226686367 0.092055072481 
0.043603424206 0.30905059216 -0.14833384929 0.30905059216 0.34246577982 -0.28548326517 -0.14833384929 -0.28548326517 0.20423505241 
0.12051561423 0.34199892886 -0.12630437649 0.34199892886 0.30218606618 -0.23434696327 -0.12630437649 -0.23434696327 0.11511187853 
0.0078520796245 0.25819092339 -0.12915159463 0.25819092339 0.432439902 -0.26876301848 -0.12915159463 -0.26876301848 0.16931634295 
-0.021528612693 0.22072484348 -0.13043290736 0.22072484348 0.4499929886 -0.2957719193 -0.13043290736 -0.2957719193 0.20834289271 
-0.026536570446 0.20994275951 -0.11347463778 0.20994275951 0.43506209317 -0.23531844512 -0.11347463778 -0.23531844512 0.13140872842 
-0.035288024264 0.15004761979 -0.091580851931 0.15004761979 0.3845987017 -0.20180388663 -0.091580851931 -0.20180388663 0.10514289756 
-0.04752911045 0.19450347802 -0.12104964516 0.19450347802 0.40848891711 -0.25138847936 -0.12104964516 -0.25138847936 0.16044271915 
-0.05993588899 0.10088486427 -0.087629279865 0.10088486427 0.35075236566 -0.22664733033 -0.087629279865 -0.22664733033 0.14167645282 
-0.076489769572 0.066705391381 -0.081730056769 0.066705391381 0.29422485104 -0.22549846921 -0.081730056769 -0.22549846921 0.16324336708 
-0.041777012195 0.053175973207 -0.068040107662 0.053175973207 0.20779298787 -0.17361499258 -0.068040107662 -0.17361499258 0.13566729957 
-0.057084852629 -0.019461434606 -0.013260725514 -0.019461434606 0.0138452095 -0.029432157111 -0.013260725514 -0.029432157111 0.027201365441 
-0.081034437405 -0.041744151812 -0.0075882048497 -0.041744151812 -0.031135231453 0.012850622407 -0.0075882048497 0.012850622407 -0.030460944749 
-0.11859754909 -0.069782648546 -0.0029676662708 -0.069782648546 -0.060545243733 0.065334143615 -0.0029676662708 0.065334143615 -0.23542400081 
-0.11737708686 -0.070764538261 -0.0018888735377 -0.070764538261 -0.076653904988 0.07230135278 -0.0018888735377 0.07230135278 -0.18334345569 
-0.13939504899 -0.16285269874 0.0082572985737 -0.16285269874 0.1330860682 -0.07113575745 0.0082572985737 -0.07113575745 0.023598741338 
-0.22792837745 -0.15129983918 0.0088625003044 -0.15129983918 0.17413297006 0.097459248272 0.0088625003044 0.097459248272 0.036747605234 
0.01346817067 0.10434977183 -0.023107067481 0.10434977183 0.29476296175 -0.26495801697 -0.023107067481 -0.26495801697 0.18583437024 
-0.040056158589 0.071740471888 0.028867553999 0.071740471888 0.23917791427 -0.27656239716 0.028867553999 -0.27656239716 0.18634411956 
-0.066212236021 0.037338827123 0.030192601062 0.037338827123 0.16790581165 -0.1625804533 0.030192601062 -0.1625804533 0.096441581916 
0.12234642944 0.27873880454 -0.11442622137 0.27873880454 0.32470523429 -0.26489419518 -0.11442622137 -0.26489419518 0.13669393002 
0.13958723397 0.28169037156 -0.11619905654 0.28169037156 0.3171063902 -0.26464818483 -0.11619905654 -0.26464818483 0.12663136111 
0.14895160438 0.28105547657 -0.11509954829 0.28105547657 0.31910302142 -0.26152912235 -0.11509954829 -0.26152912235 0.11896589898 
0.15131256835 0.2824447161 -0.11505132385 0.2824447161 0.3148905535 -0.26188355654 -0.11505132385 -0.26188355654 0.11298671746 
0.13927042985 0.28160361117 -0.11595610788 0.28160361117 0.31665809185 -0.27349865837 -0.11595610788 -0.27349865837 0.11428000271 
0.17264009103 0.29540090171 -0.11516820462 0.29540090171 0.27350153662 -0.25391388077 -0.11516820462 -0.25391388077 0.082004721259 
0.12165086243 0.27654496805 -0.10847856502 0.27654496805 0.31354062606 -0.28265093401 -0.10847856502 -0.28265093401 0.10943949093 
0.080820018654 0.22122154954 -0.088034433983 0.22122154954 0.34160552907 -0.25926162324 -0.088034433983 -0.25926162324 0.12242055004 
-0.045013616921 0.14574366673 0.026039567307 0.14574366673 0.13297681631 -0.2470076617 0.026039567307 -0.2470076617 0.050939132596 
-0.08676711484 0.085513644808 0.044635064932 0.085513644808 0.16729457422 -0.226482956 0.044635064932 -0.226482956 0.10598547044 
0.0933448288 0.27903687952 -0.10859572361 0.27903687952 0.35128262533 -0.24861466072 -0.10859572361 -0.24861466072 0.13821742016 
0.051960551694 0.28543797003 -0.14317649022 0.28543797003 0.30399711598 -0.32263265381 -0.14317649022 -0.32263265381 0.2463712201 
0.054814471558 0.27389369727 -0.12574479838 0.27389369727 0.34607388925 -0.30141522707 -0.12574479838 -0.30141522707 0.2027779804 
-0.025737506299 0.21674199162 -0.1468715098 0.21674199162 0.18368340545 -0.38339764197 -0.1468715098 -0.38339764197 0.56010113643 
0.06529836639 0.30750376537 -0.15884732296 0.30750376537 0.28403648691 -0.31602419191 -0.15884732296 -0.31602419191 0.24709519071 
-0.043718753634 0.22150894781 -0.15542983792 0.22150894781 0.29703211975 -0.37341605399 -0.15542983792 -0.37341605399 0.47411892717 
-0.044753111871 0.22812456921 -0.16302497932 0.22812456921 0.39205419322 -0.36663873026 -0.16302497932 -0.36663873026 0.34813631459 
-0.044440698191 0.21704129639 -0.15855179363 0.21704129639 0.40722424772 -0.33652138242 -0.15855179363 -0.33652138242 0.3017425639 
-0.074315281919 0.14982037568 -0.12085023457 0.14982037568 0.38783154835 -0.27679690032 -0.12085023457 -0.27679690032 0.20181108414 
-0.091690716568 0.039744611843 -0.074610610791 0.039744611843 0.22807702868 -0.20679497952 -0.074610610791 -0.20679497952 0.17337351245 
-0.061723568566 0.024021185763 -0.05595190947 0.024021185763 0.14177979099 -0.14164614733 -0.05595190947 -0.14164614733 0.12635401418 
-0.079644064854 -0.0065292147041 -0.038122829382 -0.0065292147041 0.075593500125 -0.096088719162 -0.038122829382 -0.096088719162 0.095352672249 
-0.11506447772 -0.062937846144 -0.012190846309 -0.062937846144 -0.05593278083 0.045156208312 -0.012190846309 0.045156208312 -0.13438403457 
-0.15203655129 -0.082188448414 -0.019235117518 -0.082188448414 -0.061564444355 0.047644712498 -0.019235117518 0.047644712498 -0.20228210617 
-0.154672146 -0.083510952879 -0.018198683386 -0.083510952879 -0.076712842319 0.071152410768 -0.018198683386 0.071152410768 -0.22672337337 
-0.15603023566 -0.08997388322 -0.01574558344 -0.08997388322 -0.06024083662 0.024340103602 -0.01574558344 0.024340103602 -0.076839709038 
-0.26005418612 -0.11061693007 0.059484147897 -0.11061693007 0.081481287999 0.10636681206 0.059484147897 0.10636681206 0.036379664889 
-0.16898895349 -0.20492022739 -0.0065732438915 -0.20492022739 0.25146651308 -0.005176253563 -0.0065732438915 -0.005176253563 0.014140766015 
0.0040632210977 -0.016011198508 0.015860337318 -0.016011198508 0.29335271063 -0.30342243658 0.015860337318 -0.30342243658 0.31210249391 
0.013962997398 -0.025702542137 0.013500524994 -0.025702542137 0.32725290131 -0.32511923906 0.013500524994 -0.32511923906 0.33553925084 
-0.044031365637 0.0037007569065 0.06006785984 0.0037007569065 0.24306829461 -0.2908345537 0.06006785984 -0.2908345537 0.25540965116 
-0.068792730385 0.035428673511 0.070696264054 0.035428673511 0.20033134401 -0.28023499826 0.070696264054 -0.28023499826 0.19902225746 
-0.00071631950752 0.14589576026 -0.053442848991 0.14589576026 0.34646710936 -0.38910898933 -0.053442848991 -0.38910898933 0.35460424946 
-0.053534656647 0.058699585003 0.0068726580177 0.058699585003 0.31080054808 -0.4423432611 0.0068726580177 -0.4423432611 0.50313672598 
-0.047205103632 0.048216383721 0.018764590632 0.048216383721 0.3313204499 -0.44974462864 0.018764590632 -0.44974462864 0.47978996349 
0.027025376406 0.071054133596 -0.035448202372 0.071054133596 0.3550269275 -0.29412578098 -0.035448202372 -0.29412578098 0.24385161583 
-0.083605439915 0.079174322295 0.060591508636 0.079174322295 0.17783036371 -0.27003273478 0.060591508636 -0.27003273478 0.13832022646 
-0.010068544849 0.15082440588 -0.060077085509 0.15082440588 0.33622783752 -0.38345869385 -0.060077085509 -0.38345869385 0.36969725431 
0.0089712732565 0.14502666817 -0.051316838135 0.14502666817 0.36052035687 -0.38982350586 -0.051316838135 -0.38982350586 0.33245695479 
0.014769899506 0.14499838057 -0.054878446758 0.14499838057 0.38726383605 -0.38702650413 -0.054878446758 -0.38702650413 0.30723009684 
0.018303063878 0.15480342346 -0.059702241676 0.15480342346 0.39542542284 -0.38148093954 -0.059702241676 -0.38148093954 0.28030231352 
0.013874522432 0.15847580668 -0.058599071919 0.15847580668 0.38420068575 -0.37570555237 -0.058599071919 -0.37570555237 0.25816471099 
0.034916723986 0.17842999631 -0.070343507084 0.17842999631 0.37784970585 -0.34672247908 -0.070343507084 -0.34672247908 0.22094672291 
0.028153837066 0.16620363946 -0.062428476064 0.16620363946 0.37691705992 -0.34480038759 -0.062428476064 -0.34480038759 0.2183019428 
0.025076883807 0.14143705477 -0.054886248374 0.14143705477 0.38208588866 -0.33155826317 -0.054886248374 -0.33155826317 0.22626343752 
0.021076142188 0.095948244208 -0.036688517364 0.095948244208 0.37192119009 -0.32195299877 -0.036688517364 -0.32195299877 0.24447793994 
-0.022794819614 0.16071699117 -0.069738789279 0.16071699117 0.30558589375 -0.38526871784 -0.069738789279 -0.38526871784 0.40421547477 
-0.064028170324 0.16690969787 -0.12678997887 0.16690969787 0.090179465706 -0.39457588152 -0.12678997887 -0.39457588152 0.74517384533 
-0.022193646743 0.20622824308 -0.12581606151 0.20622824308 0.20811910616 -0.39216215829 -0.12581606151 -0.39216215829 0.49500193512 
-0.074852601887 0.12924691836 -0.057960957947 0.12924691836 0.17381999228 -0.41578213499 -0.057960957947 -0.41578213499 0.62548274669 
-0.03551437166 0.17589983514 -0.089259540641 0.17589983514 0.25799209148 -0.3965814728 -0.089259540641 -0.3965814728 0.46241462298 
-0.13894116819 0.11020586833 -0.097342961207 0.11020586833 0.042875828042 -0.28574050083 -0.097342961207 -0.28574050083 0.9409574439 
-0.098934946851 0.142836786 -0.11961746806 0.142836786 0.10995100921 -0.37279798917 -0.11961746806 -0.37279798917 0.81294294486 
-0.059683062057 0.15629253968 -0.10236557382 0.15629253968 0.11879345198 -0.40411867557 -0.10236557382 -0.40411867557 0.68062415997 
-0.10399628149 0.15524640636 -0.14672158474 0.15524640636 0.16964137814 -0.36189920828 -0.14672158474 -0.36189920828 0.75336305029 
-0.076263855746 0.19277198379 -0.18321697798 0.19277198379 0.25072558458 -0.36736049763 -0.18321697798 -0.36736049763 0.60285140535 
-0.080298527076 0.18643108398 -0.21264193771 0.18643108398 0.2016132677 -0.35585273807 -0.21264193771 -0.35585273807 0.67851555965 
-0.052294937528 0.22118046035 -0.17903360743 0.22118046035 0.36396663383 -0.34441130942 -0.17903360743 -0.34441130942 0.35077002377 
-0.062906788803 0.20005400811 -0.18729405607 0.20005400811 0.33569749704 -0.34750548865 -0.18729405607 -0.34750548865 0.38743033269 
-0.097083234675 0.10420939774 -0.11319703524 0.10420939774 0.35064652558 -0.28411681246 -0.11319703524 -0.28411681246 0.22797244835 
-0.11092354898 0.073245996859 -0.10178964775 0.073245996859 0.30144404317 -0.26792839699 -0.10178964775 -0.26792839699 0.22974915736 
-0.11130531997 0.0099067476333 -0.063346300326 0.0099067476333 0.1522207131 -0.17208408209 -0.063346300326 -0.17208408209 0.17117985678 
-0.11872239865 -0.019617574086 -0.043524935808 -0.019617574086 0.075083011899 -0.1103461732 -0.043524935808 -0.1103461732 0.120116502 
-0.10990162756 -0.038960311062 -0.023816574659 -0.038960311062 0.011752475456 -0.043571836945 -0.023816574659 -0.043571836945 0.043034319459 
-0.12647843506 -0.058898933257 -0.020868144197 -0.058898933257 -0.035945183045 0.0074483832211 -0.020868144197 0.0074483832211 -0.038244202706 
-0.18456945089 -0.14278131527 0.0053016658432 -0.14278131527 0.045428009139 -0.035425999199 0.0053016658432 -0.035425999199 0.005853007718 
-0.26362526955 -0.12935167637 0.086191311105 -0.12935167637 0.06390980076 0.1187855645 0.086191311105 0.1187855645 0.017617670928 
-0.25069886493 -0.15495626227 0.05661080532 -0.15495626227 0.14199198335 0.11346809403 0.05661080532 0.11346809403 0.019076514621 
-0.19652797928 -0.20106747016 0.034373381345 -0.20106747016 0.17164282994 -0.027765526617 0.034373381345 -0.027765526617 0.0093640032055 
-0.21499488858 -0.2048180551 0.013207638514 -0.2048180551 0.24017662618 0.067073489703 0.013207638514 0.067073489703 0.011678842147 
-0.040322803607 0.044338822084 0.016154832725 0.044338822084 0.36328784144 -0.44673143294 0.016154832725 -0.44673143294 0.44111634761 
-0.035793546202 0.054461412981 0.005205415419 0.054461412981 0.38397026037 -0.43838084106 0.005205415419 -0.43838084106 0.39749905799 
-0.0076267808381 0.010268874317 0.0029874085785 0.010268874317 0.37157311528 -0.35375461071 0.0029874085785 -0.35375461071 0.32127982816 
-0.034450216552 0.080276967601 -0.008562892408 0.080276967601 0.37922058876 -0.4264958089 -0.008562892408 -0.4264958089 0.3506931075 
-0.033576546636 0.093404891922 -0.015281934869 0.093404891922 0.37638102206 -0.41178720327 -0.015281934869 -0.41178720327 0.3172988935 
-0.028409850746 0.08928386023 -0.021649636771 0.08928386023 0.39707250567 -0.39723952599 -0.021649636771 -0.39723952599 0.30312232602 
-0.027079389776 0.07888723733 -0.019399172514 0.07888723733 0.40143616078 -0.38683386297 -0.019399172514 -0.38683386297 0.29749114781 
-0.074563148846 0.095486220154 -0.021630363332 0.095486220154 0.22696361985 -0.42707838717 -0.021630363332 -0.42707838717 0.58623755938 
-0.063165187621 0.072632115554 -0.0050375858527 0.072632115554 0.2791817939 -0.43528931974 -0.0050375858527 -0.43528931974 0.5365928338 
-0.020363692665 0.056156840851 -0.016772908324 0.056156840851 0.39825228086 -0.37128695446 -0.016772908324 -0.37128695446 0.30152071289 
-0.11759066999 0.14218070199 -0.16525208881 0.14218070199 0.077132861229 -0.32319856771 -0.16525208881 -0.32319856771 0.88715726375 
-0.10974806959 0.14808910978 -0.20627882203 0.14808910978 0.07971075707 -0.31618966339 -0.20627882203 -0.31618966339 0.87776573261 
-0.093961177192 0.15184521413 -0.23551995233 0.15184521413 0.071280626107 -0.29921567303 -0.23551995233 -0.29921567303 0.8689961236 
-0.068618451124 0.18438754923 -0.23335977241 0.18438754923 0.17763429179 -0.34082508768 -0.23335977241 -0.34082508768 0.68863623189 
-0.074229362851 0.15619658058 -0.24031241635 0.15619658058 0.14620029256 -0.29854166618 -0.24031241635 -0.29854166618 0.7132702087 
-0.087970960977 0.15671877114 -0.1849749231 0.15671877114 0.30856691133 -0.34769905881 -0.1849749231 -0.34769905881 0.42281696913 
-0.10585790956 0.12333814919 -0.1723957221 0.12333814919 0.28593419049 -0.33277483401 -0.1723957221 -0.33277483401 0.40834090598 
-0.10746044157 0.10524696093 -0.15348224991 0.10524696093 0.26124204667 -0.30781145586 -0.15348224991 -0.30781145586 0.37208820354 
-0.12096484733 0.049340064854 -0.092220750873 0.049340064854 0.24262792266 -0.2449249706 -0.092220750873 -0.2449249706 0.23516197309 
-0.12982060586 0.032529253371 -0.088547268853 0.032529253371 0.18040467053 -0.2191562959 -0.088547268853 -0.2191562959 0.25086450166 
-0.1453628013 -0.034854843663 -0.04257952009 -0.034854843663 0.041299043921 -0.084688736441 -0.04257952009 -0.084688736441 0.09937914603 
-0.15357106211 -0.05743111097 -0.032654926136 -0.05743111097 -0.014180599048 -0.023606965712 -0.032654926136 -0.023606965712 0.0096030049751 
-0.16310533576 -0.075124970179 -0.031674556681 -0.075124970179 -0.048681331531 0.020987276859 -0.031674556681 0.020987276859 -0.10123849724 
-0.1868297383 -0.087543659234 -0.030401268541 -0.087543659234 -0.056929715953 0.038088327967 -0.030401268541 0.038088327967 -0.18156600968 
-0.18946150444 -0.090558054088 -0.023627245485 -0.090558054088 -0.068572841108 0.061159192728 -0.023627245485 0.061159192728 -0.22224526715 
-0.19548792317 -0.092390168166 -0.016856039432 -0.092390168166 -0.086092096649 0.061539834986 -0.016856039432 0.061539834986 -0.13308525947 
-0.25782239515 -0.15782248759 0.078526142619 -0.15782248759 0.044926716796 0.12322104468 0.078526142619 0.12322104468 0.015890389038 
-0.074863823383 0.14534401771 -0.25333346727 0.14534401771 0.050826905496 -0.26583862663 -0.25333346727 -0.26583862663 0.86865422441 
-0.086986608937 0.10524292343 -0.26527248517 0.10524292343 0.020334145922 -0.17442829031 -0.26527248517 -0.17442829031 0.87283174671 
-0.090878274342 0.080795120653 -0.2891764366 0.080795120653 0.014686604413 -0.13227773175 -0.2891764366 -0.13227773175 0.8297416447 
-0.092943347141 0.11864867091 -0.24783933385 0.11864867091 0.12545445441 -0.25068056429 -0.24783933385 -0.25068056429 0.70732483067 
-0.085625431468 0.11133356854 -0.24571083525 0.11133356854 0.13136039747 -0.24921277219 -0.24571083525 -0.24921277219 0.64708008892 
-0.1018151511 0.087822002227 -0.1402193883 0.087822002227 0.21457611091 -0.27679814651 -0.1402193883 -0.27679814651 0.36365974163 
-0.13831768716 -0.0055242898099 -0.062789820299 -0.0055242898099 0.10643131367 -0.15078042392 -0.062789820299 -0.15078042392 0.17842096724 
-0.19122730628 -0.067574089334 -0.045062665796 -0.067574089334 -0.026260319056 -0.0096130486738 -0.045062665796 -0.0096130486738 -0.029545338 
-0.20661091535 -0.082378566092 -0.041926236735 -0.082378566092 -0.045961234263 0.022275537299 -0.041926236735 0.022275537299 -0.12804719831 
-0.24148508369 -0.17750574971 0.070681022966 -0.17750574971 0.0074669422281 0.1224369024 0.070681022966 0.1224369024 0.01392038577 
-0.21661206712 -0.13999449273 0.02972943861 -0.13999449273 -0.013485846678 0.015375665755 0.02972943861 0.015375665755 -0.030691988085 
-0.2445655082 -0.17928651869 0.070568434473 -0.17928651869 0.11347664489 0.11593073973 0.070568434473 0.11593073973 0.0041703080747 
-0.21480976366 -0.2135457284 0.060100971869 -0.2135457284 0.16822611367 0.044558947309 0.060100971869 0.044558947309 -0.0031250003033 
-0.057510972374 0.09528189943 -0.28336649854 0.09528189943 0.036508153362 -0.17499159364 -0.28336649854 -0.17499159364 0.76074534174 
-0.058631349109 0.11402038635 -0.22532006504 0.11402038635 0.13352138636 -0.25757599612 -0.22532006504 -0.25757599612 0.58758565897 
-0.095042695395 0.071029723922 -0.13533900645 0.071029723922 0.1520735756 -0.23494434118 -0.13533900645 -0.23494434118 0.37120062421 
-0.1347905922 0.024946806578 -0.091724485818 0.024946806578 0.11929305507 -0.18213962836 -0.091724485818 -0.18213962836 0.26135145698 
-0.15817728687 -0.013768844314 -0.064019372553 -0.013768844314 0.066376880419 -0.11955963331 -0.064019372553 -0.11955963331 0.16733513306 
-0.17619398859 -0.044612056708 -0.048360265089 -0.044612056708 0.014776143197 -0.059423569303 -0.048360265089 -0.059423569303 0.071600155053 
-0.2250522713 -0.085699517981 -0.028157691735 -0.085699517981 -0.057247288224 0.055554350788 -0.028157691735 0.055554350788 -0.19324120242 
-0.22447064707 -0.089447526675 -0.016643824679 -0.089447526675 -0.080650015181 0.073006028055 -0.016643824679 0.073006028055 -0.16661078108 
-0.22388662073 -0.20668010743 0.070002455535 -0.20668010743 0.07581569355 0.101302275 0.070002455535 0.101302275 -0.0065433050024 
-0.20258328015 -0.22783777003 0.078924840454 -0.22783777003 0.13824900256 0.072157843666 0.078924840454 0.072157843666 -0.023182234396 
-0.20322881524 -0.17572534236 0.083035199857 -0.17572534236 0.029136571972 0.029860644516 0.083035199857 0.029860644516 -0.030342588569 
-0.024486270536 0.099914866731 -0.25706488158 0.099914866731 0.051069344328 -0.19777616446 -0.25706488158 -0.19777616446 0.69017109751 
-0.041594436361 0.098912886112 -0.204963149 0.098912886112 0.11090896219 -0.23164399413 -0.204963149 -0.23164399413 0.54598809827 
-0.012630342051 0.084821699046 -0.23273314805 0.084821699046 0.045315001528 -0.17523848102 -0.23273314805 -0.17523848102 0.625424342 
-0.036343526793 0.076859277281 -0.19111269517 0.076859277281 0.072369318214 -0.18207198467 -0.19111269517 -0.18207198467 0.51012249154 
-0.091473321474 0.05680402202 -0.14026953596 0.05680402202 0.08849926435 -0.17853817709 -0.14026953596 -0.17853817709 0.37081077559 
-0.13428607044 0.02180178114 -0.10143251091 0.02180178114 0.067834273296 -0.13479701814 -0.10143251091 -0.13479701814 0.25299797541 
-0.17549336438 -0.016202221149 -0.072677166768 -0.016202221149 0.036035614355 -0.08647063509 -0.072677166768 -0.08647063509 0.1403712047 
-0.20537439412 -0.049395131981 -0.062406214728 -0.049395131981 -0.0021538007552 -0.037495780663 -0.062406214728 -0.037495780663 0.031343605385 
-0.22526565226 -0.070105053027 -0.055492761008 -0.070105053027 -0.028627425158 0.001685475268 -0.055492761008 0.001685475268 -0.068795948016 
-0.24206338782 -0.076967006314 -0.039595808518 -0.076967006314 -0.042190459937 0.035797511199 -0.039595808518 0.035797511199 -0.14442190723 
-0.25009950748 -0.073678504406 -0.010951776728 -0.073678504406 -0.059285952784 0.07240103516 -0.010951776728 0.07240103516 -0.16792601097 
-0.24125544222 -0.091009150162 0.018082309253 -0.091009150162 -0.075045220655 0.071410479401 0.018082309253 0.071410479401 -0.12395548896 
-0.19989408928 -0.17506523628 0.083479306825 -0.17506523628 -0.037739631449 0.13192677918 0.083479306825 0.13192677918 -0.0063755724473 
-0.18507894832 -0.19770107328 0.099382488168 -0.19770107328 0.039165080278 0.050955103937 0.099382488168 0.050955103937 -0.035192821815 
-0.014825271329 0.063010670266 -0.21298069802 0.063010670266 0.02653424941 -0.12480393435 -0.21298069802 -0.12480393435 0.55088790899 
-0.035810239119 0.057230590592 -0.18481841663 0.057230590592 0.037477394346 -0.12527861492 -0.18481841663 -0.12527861492 0.46158361219 
-0.19830421481 -0.021708965446 -0.090117152084 -0.021708965446 0.013240209363 -0.054666865255 -0.090117152084 -0.054666865255 0.087807216799 
-0.25488814369 -0.061246009144 -0.0054146154104 -0.061246009144 -0.051383766669 0.065205462175 -0.0054146154104 0.065205462175 -0.13409721256 
-0.22509500549 -0.1004851799 0.061422490797 -0.1004851799 -0.05638873429 0.066861596815 0.061422490797 0.066861596815 -0.092831544419 
-0.18066382525 -0.19561429042 0.079145604118 -0.19561429042 0.012585728227 0.12224107638 0.079145604118 0.12224107638 -0.024486474816 
-0.029377395907 0.048348952114 -0.19007306345 0.048348952114 0.016204874308 -0.088790630651 -0.19007306345 -0.088790630651 0.45327901506 
-0.072855301508 0.041001394721 -0.15879048002 0.041001394721 0.03187107127 -0.097867771364 -0.15879048002 -0.097867771364 0.34635944159 
-0.14472908806 0.015476889724 -0.11523537226 0.015476889724 0.033113578815 -0.088001645298 -0.11523537226 -0.088001645298 0.21039036108 
-0.20073359596 -0.012592896444 -0.088687399089 -0.012592896444 0.003411310503 -0.02500952722 -0.088687399089 -0.02500952722 0.030138025279 
-0.23169006049 -0.049555573945 -0.072673550193 -0.049555573945 -0.010575295568 -0.016625942998 -0.072673550193 -0.016625942998 -0.019006283728 
-0.24956811237 -0.059147771057 -0.046736182533 -0.059147771057 -0.02804700083 0.023087861838 -0.046736182533 0.023087861838 -0.098929442549 
-0.22543960589 -0.037135598392 0.0085764056611 -0.037135598392 -0.039058102393 0.056040107263 0.0085764056611 0.056040107263 -0.10406023332 
-0.20294335275 -0.10252110411 0.075861187245 -0.10252110411 -0.04608393616 0.061627821432 0.075861187245 0.061627821432 -0.080110751405 
-0.12535715243 -0.18260262721 0.077526075952 -0.18260262721 -0.014955188876 0.14589946155 0.077526075952 0.14589946155 -0.042595601297 
-0.071782115748 -0.17304778968 0.090781236959 -0.17304778968 0.0082672468161 0.11399212105 0.090781236959 0.11399212105 -0.082665612367 
-0.15506026863 -0.1952079432 0.096504288551 -0.1952079432 0.024563519848 0.074742448505 0.096504288551 0.074742448505 -0.050564271227 
-0.046649953108 0.033699682567 -0.18233711785 0.033699682567 0.0059004423939 -0.046258045595 -0.18233711785 -0.046258045595 0.35002355865 
-0.081199331552 0.027128232999 -0.15661871695 0.027128232999 0.011380679899 -0.047037497622 -0.15661871695 -0.047037497622 0.25507904605 
-0.019446675984 0.02153629209 -0.15210717702 0.02153629209 -0.0010234198297 -0.013441680937 -0.15210717702 -0.013441680937 0.25440472093 
-0.15354101957 0.0097921632932 -0.12265772812 0.0097921632932 0.013322205562 -0.049056526755 -0.12265772812 -0.049056526755 0.13926797219 
-0.22096482449 -0.023945407473 -0.049144648894 -0.023945407473 -0.012423703798 0.013071837589 -0.049144648894 0.013071837589 -0.057454659988 
-0.02562564489 -0.15654112289 0.067565972664 -0.15654112289 -0.0015261678279 0.11861922785 0.067565972664 0.11861922785 -0.085002934013 
-0.11527969622 -0.090239291308 0.086788397786 -0.090239291308 -0.032228400113 0.069888059563 0.086788397786 0.069888059563 -0.096856597172 
-0.044887090307 0.020745643172 -0.12837004364 0.020745643172 0.0015828459928 -0.015613493273 -0.12837004364 -0.015613493273 0.16589383342 
-0.11426524695 0.017995505117 -0.099257311821 0.017995505117 0.0032114780748 -0.017924115624 -0.099257311821 -0.017924115624 0.075021732074 
-0.11905153087 0.015044119016 -0.05619174406 0.015044119016 -0.0051538655877 0.0081686931296 -0.05619174406 0.0081686931296 -0.015268474387 
-0.12325402424 -0.010258936029 0.01408112039 -0.010258936029 -0.024762683405 0.04322140248 0.01408112039 0.04322140248 -0.083368808695 
-0.01638537308 -0.082775596016 0.062920666648 -0.082775596016 -0.013402872696 0.073078118047 0.062920666648 0.073078118047 -0.10040341297 
0.021292709846 0.011283131629 -0.10426233291 0.011283131629 -0.0041189622866 0.0047627705459 -0.10426233291 0.0047627705459 0.15312690396 
0.018552888192 0.011279334911 -0.094232837008 0.011279334911 -0.0072366767468 0.018187688184 -0.094232837008 0.018187688184 0.074415844227 
-0.012004050185 0.019639566239 -0.082609621502 0.019639566239 -0.0065743264111 0.0096223561176 -0.082609621502 0.0096223561176 0.056254596056 
0.015269619778 0.0052944496772 -0.052627792698 0.0052944496772 -0.01198216978 0.02796723158 -0.052627792698 0.02796723158 -0.011504071308 
-0.016859369568 0.0020241238812 -0.011868559725 0.0020241238812 -0.015678114559 0.031364111089 -0.011868559725 0.031364111089 -0.051509682592 
0.02073561551 -0.061143331394 0.027744737714 -0.061143331394 -0.012048561189 0.061421810255 0.027744737714 0.061421810255 -0.078411615734 

Principal_Strains 3 1000 double
0.31948374176 -0.0001639087415 -0.2040364081 0.34733913062 -3.2152039425e-06 -0.16521947554 0.28355054882 -0.00021213096327 -0.24276799335 
0.28836408474 -0.00031246619904 -0.27057000156 0.29287614458 1.5229215092e-05 -0.28229318488 0.36825046138 0.0088794262366 -0.22160162755 
0.42008065293 0.011667076541 -0.17864488957 0.37253995327 0.011703035894 -0.25520874723 0.59844945906 0.000553395165 -0.054648761898 
0.59274020241 -3.3530019016e-05 -0.11174049842 0.56937046629 0.019852661319 0.0017148196326 0.52529005039 0.0030614820797 -0.13119558569 
0.59494918279 0.00034436858977 -0.13423442094 0.36097675555 -0.00062134850614 -0.15101780671 0.41132618389 0.00042083798166 -0.14813030101 
0.56767221695 0.024905285918 -0.087667877324 0.54850662678 0.037003982743 -0.015154701483 0.51401346269 0.022444606913 -0.11564265493 
0.53873024627 0.031631880839 -0.087084562182 0.43491175478 0.01546159897 -0.14165243965 0.48283560395 0.034511636948 -0.11309906345 
0.49718305242 0.027578691906 -0.20476593759 0.48790887068 0.033398740858 -0.15051352029 0.28380225873 -0.00052254948184 -0.29852751368 
0.38464568451 0.010977479844 -0.16307995247 0.39321494114 0.012485571001 -0.27590300903 0.49043933135 0.027868843733 -0.24097458211 
0.28830913591 -0.00019664947024 -0.32752811103 0.39477987836 0.015615035395 -0.29909727936 0.47415844679 0.03188231196 -0.26634378931 
0.35532240479 0.012242746386 -0.19997935808 0.29710362236 -7.9817231274e-05 -0.3466604309 0.34745619293 -0.0029758359069 -0.3138134068 
0.40756471788 0.016968105043 -0.32264420211 0.47388487058 0.032012029055 -0.28631897855 0.40000562976 0.0088827004354 -0.31641913618 
0.42616763313 -0.0010501203234 -0.27746077049 0.4787335122 0.018986821482 -0.28233373734 0.51543006495 0.044940027665 0.0004146298823 
0.51894797937 0.0014199787967 -0.00093514301682 0.53668865741 0.049139553667 0.024997981718 0.56389629977 0.04244222334 0.02064538543 
0.46570489647 0.010784426354 -0.032987749055 0.39538461378 0.022073484272 0.0047670876057 0.45514101382 0.023612268788 -0.062959182538 
0.33229915009 0.010684194804 -0.019672285978 0.40460540923 0.052207709753 0.020563029561 0.29330610205 0.0046081564902 -0.075670033707 
0.26261061363 0.0061381011282 -0.11509278603 0.34847785827 0.00852604653 -0.23027354208 0.54054851425 0.022045335738 -0.29057265116 
0.38570208862 0.006882646926 -0.26596190303 0.5135256056 0.02182323823 -0.25797882118 0.45055641269 -3.2229134996e-05 -0.25285826842 
0.50815042043 0.029448825085 -0.25454452017 0.56408613933 0.00022676940437 -0.050901904503 0.61704763247 -8.2702800383e-05 -0.051273463826 
0.64173133384 -6.920531535e-05 -0.02900929326 0.60320946513 0.024309845933 -0.01747627601 0.45598650268 0.049670098363 0.03081669971 
0.64530531487 0.029170828262 -0.0059711959281 0.53955647148 0.035661886639 0.021902736651 0.19018512288 0.0080652815765 -0.00072468773336 
0.13709075216 0.014482185063 -0.0028936022508 0.17197603968 0.0012801657787 -0.024040933315 0.13053361281 0.00021556344138 -0.15051234944 
0.13794559023 0.00019171940255 -0.18800409699 0.33558981922 0.0055552462274 -0.25440229981 0.29192443937 0.0035922556488 -0.26095586744 
0.26621169397 0.001685127715 -0.24424768539 0.39041728389 0.0006021019906 -0.24752839756 0.43678576841 0.022074980018 -0.24469639299 
0.49948009951 0.032320197413 -0.2474994623 0.30171698781 -0.00040291513131 -0.24513245921 0.39096084122 0.0079733108814 -0.24750460368 
0.67819671084 0.0009888130425 -0.0024629530429 0.65969895465 0.03892912619 0.022913403835 0.44586205489 0.049573516853 0.018679374039 
0.075778372265 0.00048530673823 -0.030246666215 0.1251920153 0.042314771461 -0.0038466896318 0.15161436589 0.067676892171 -0.0012229892802 
0.06882843736 0.015719707976 -0.00040562642702 0.051856242522 -0.00057327122637 -0.064743644522 0.0076109896598 -0.0029222141545 -0.099133311421 
0.15611213477 0.000180969452 -0.22084679697 0.15190595546 0.00025876497873 -0.24168357129 0.14395460246 0.00017342907628 -0.23986716372 
0.19929140031 -0.0003324306483 -0.24030028928 0.55235110358 0.026888158238 -0.24421996947 0.45266633346 0.021608198689 -0.25862972956 
0.29389484888 -1.9520013058e-05 -0.25901585103 0.40667935446 0.010142637992 -0.24806146489 0.29773517369 -1.6562459351e-06 -0.26124871132 
0.40692322598 0.0086136703454 -0.24204732559 0.54312386854 0.0294393222 -0.23106451891 0.72762953335 0.014900996101 0.00070696001318 
0.71045651055 0.029621092547 0.012310662591 0.09001418033 -3.9795525705e-05 -0.094550175147 0.46839898934 0.034849972879 0.0079629216492 
0.0079491460469 -0.00035436627787 -0.044307615754 0.0073364957396 -0.00082740947803 -0.13988748051 0.049599976316 -0.00018426644275 -0.18166045981 
0.088971942105 -0.0007835494184 -0.22884680199 0.22831427234 0.00026858858712 -0.26714919829 0.44681952182 0.019387050978 -0.251457212 
0.23355256295 0.0016613382053 -0.28556752422 0.43853679084 0.022646159668 -0.21604024203 0.31475465929 3.1020640533e-06 -0.26169094747 
0.54766361525 0.026016639249 -0.20622627543 0.34971694951 -0.00016188770717 -0.24451639057 0.42494601149 0.0091502452215 -0.22510931805 
0.7943720906 0.0059857502978 -0.020972943731 0.092043423116 0.00010826025522 -0.093581527939 0.091146194883 -0.00013422354296 -0.11753914897 
0.089786041796 -0.00012545865038 -0.1062395256 0.13261781219 0.021848314961 -0.0038756890038 0.044403125475 2.9964308609e-06 -0.075517645667 
0.069523570237 4.4387493337e-05 -0.051468526138 -0.00014708430474 -0.037486991056 -0.093605157444 0.0068286534509 -0.00018915546459 -0.12613318588 
-0.00035242179324 -0.065299611962 -0.088691496684 0.067713826152 1.1913615808e-06 -0.21383748006 0.060248807588 -5.0980344485e-05 -0.22305156906 
0.031223940668 -0.00014693982921 -0.21363744672 0.081511589221 -0.002157278815 -0.2543035201 0.21215842772 0.0022698217932 -0.26636899622 
0.45873549408 0.017273981499 -0.16477455707 0.5236663669 0.033381665498 -0.16645752796 0.27810079127 0.010538278098 -0.12849228294 
0.45613759679 0.013175398746 -0.20088948913 0.48527534423 0.037790239095 -0.14356891474 0.38947226125 -0.00016971449706 -0.22208339934 
0.47672185528 0.0185407413 -0.18126340539 0.81795641847 -3.7178513425e-06 -0.052912686471 0.59390573084 0.034940071682 -0.027465105789 
0.10069184116 -6.0082692349e-05 -0.14758054637 0.10980063053 -0.00014062291264 -0.14263046619 0.23677044881 0.0031913299424 -0.046462489071 
0.047267568964 2.7926583498e-05 -0.13699965561 0.084306502901 8.8648485961e-05 -0.10085154008 -0.00023274710747 -0.037016066736 -0.11402414916 
-6.2188022261e-05 -0.0094620138323 -0.13575180708 0.026130501471 -2.7862936523e-05 -0.17501041137 0.012307677531 -9.8350827593e-05 -0.19945629042 
0.0018031879219 -0.00034250988196 -0.2053248104 0.011378894186 -0.0022272900451 -0.22100839439 0.10054806115 -0.0008455204158 -0.29800994529 
0.092034061999 -0.00024137450881 -0.30617688485 0.17857099576 0.0020405832852 -0.19212878687 0.40620361044 -6.6490049738e-05 -0.20177154931 
0.46365207245 0.03202467487 -0.095630502513 0.41432452237 -0.0011603588951 -0.11466669846 0.46151468035 0.020824053797 -0.14651973526 
0.7175793799 0.030638421991 -0.059150725216 0.10897537411 0.00011817446594 -0.11851341512 0.10105373919 -2.6980823003e-05 -0.18183327101 
0.38267917082 0.0088149333071 -0.076294448934 0.008397838036 -0.00018781083623 -0.14506174747 -0.00019245190003 -0.037739731486 -0.091641473611 
0.0048574736608 -6.0222613454e-05 -0.12702401336 0.0058113361876 -3.4645582288e-05 -0.16380839244 -0.00020844322567 -0.02685582735 -0.19570114765 
0.036903678984 -0.0022814550528 -0.28030532629 0.061320237112 9.6584007262e-05 -0.28226107345 0.050659538556 -0.00010223659974 -0.21835105972 
0.082314769343 -0.00011778349054 -0.16449596087 0.23766511381 0.0068806288718 -0.08955701341 0.47140851047 0.035167139656 -0.054651597739 
0.34166131836 0.022199753347 -0.0023743158231 0.44223608105 0.0011772624454 -0.020920634035 0.82410448948 0.00065087755911 -0.083525674448 
0.12319041364 4.8869141583e-05 -0.13095933287 0.11323607047 -4.505759872e-05 -0.15843401259 0.11245732605 -2.329091515e-05 -0.1937707326 
0.14898969388 -4.7110297079e-06 -0.14984199952 0.49918156007 0.00812467127 -0.091347782186 0.044590446748 6.3105294419e-05 -0.15743579281 
0.077530619856 3.5942425307e-05 -0.13842445574 0.10955324394 7.6534122908e-05 -0.12054523315 -0.00013591564711 -0.021129319733 -0.096892262396 
0.01487744202 -0.00023686093332 -0.13050554211 -0.00011844552852 -0.038313551647 -0.19186649731 -9.601496037e-05 -0.032494425388 -0.17095697814 
-0.0019475163245 -0.015148663051 -0.22594732473 0.055998936936 -0.0004495839935 -0.31277149016 0.047440186735 -0.00036623785442 -0.30920365014 
0.040966828893 -6.1747621415e-05 -0.28510018285 0.066123691749 8.5995033606e-05 -0.15926455759 0.17715643058 0.0045472794451 -0.050003241212 
0.48262817825 0.02194786889 0.001837367408 0.46339957118 0.040098670298 0.018716459887 0.68910980838 0.030389488879 -0.10282326368 
0.13060015938 5.8887499246e-05 -0.13971992225 0.11472080975 -9.3170932468e-05 -0.18282846813 0.13197428272 -1.4896781453e-06 -0.16368942369 
0.13282658657 1.8197027392e-06 -0.19732968752 0.21979404479 0.00046820325044 -0.14540262601 0.069965570176 2.9552792611e-05 -0.15814195044 
0.0067781974776 -0.0001221925374 -0.088909276855 -0.00011261205898 -0.010647900116 -0.079866028327 -5.1601599371e-05 -0.016204909097 -0.12349385375 
-0.00040309069533 -0.046061164521 -0.19738812275 0.026517714943 -0.0014487181618 -0.28156208891 0.053656588345 -0.00020647222882 -0.31163784748 
0.06431490959 -0.00030000905576 -0.30671545042 0.059260110102 -0.00029842845106 -0.29432798132 0.060457912241 -0.00027960090367 -0.28159912524 
0.061324913343 -0.00019070430521 -0.25608713569 0.059928334238 0.0027939433351 -0.037067168356 0.29747384174 0.045912410981 0.0061671522376 
0.47548771259 0.039689273822 0.034133208138 0.81376502084 0.00026247683415 -0.12223970596 0.12830221132 -4.6445541107e-05 -0.2009669561 
0.38526629263 0.0054804254815 -0.13330450273 0.044639133947 -6.1995743179e-05 -0.14160942797 0.10212721645 7.4484078058e-06 -0.14626023647 
0.0086511723805 -9.0222971326e-05 -0.06624579429 -0.00017765272552 -0.032668725689 -0.074082017724 -0.00019121554455 -0.051640364203 -0.13437230776 
-0.00013500231541 -0.057674724958 -0.17923590404 0.0031176614163 -0.0027027663509 -0.24763165275 -0.00062032285029 -0.010849742862 -0.22491632292 
0.082471321461 -7.9053273466e-05 -0.3127148104 0.08063323969 -3.9185745538e-05 -0.25974914265 0.084505053235 -4.0666652492e-05 -0.21481216364 
0.52329467848 0.023864049552 0.00014531938733 0.60835947187 0.031614680597 -0.13617322332 0.13610478661 5.6366036604e-07 -0.15505910191 
0.15499219284 -3.6034171712e-09 -0.16920482614 0.15171953359 -6.5893505807e-05 -0.20204787192 0.13294754409 -2.6489643347e-06 -0.2145832541 
0.1734466958 0.00010950423735 -0.18741259243 0.29526914887 0.0026973701995 -0.16124083165 0.064586654715 1.700344359e-05 -0.13485042119 
0.078898670364 7.4835100652e-06 -0.1586573877 0.038548700126 6.7179565615e-05 -0.1017521969 -0.00010562927217 -0.036057578305 -0.088303607203 
-0.00014803992125 -0.02944627075 -0.19334380659 -2.6758858721e-05 -0.036656241986 -0.15499127731 0.056344727616 -0.0008322691898 -0.30097961603 
0.048047549543 -0.0015382528841 -0.26730749754 0.086336884303 -0.00018793206294 -0.29333790957 0.089440672163 -0.00045922522944 -0.28875844654 
0.094938504044 -0.0002830139697 -0.28606610271 0.095095574969 0.00079652600205 -0.076276106306 0.26934605362 0.052465149746 0.0048762968515 
0.50399198564 0.039077025889 0.014071435021 0.53452221503 0.00028462439619 -0.020933337638 0.75241338923 0.001431871867 -0.15916352119 
0.47279815874 0.022585582899 -0.16279054463 0.16245430702 -3.2695539371e-05 -0.16874795723 0.18307187603 -7.9222817985e-06 -0.1978467134 
0.1369034502 -7.0820976464e-05 -0.22886773161 0.14650094029 -5.0585132423e-06 -0.20517408166 0.11368187419 -3.2019498813e-05 -0.15877352317 
0.048295633878 0.00014610944699 -0.06423579848 0.00038526337669 -0.00010345351452 -0.048617670103 0.029334500034 -1.8100234332e-05 -0.12589947349 
0.034479799632 -0.00088843127485 -0.22180414861 0.025392072164 -0.00015481530471 -0.17761439605 0.095698572093 -0.00028031974654 -0.30154781304 
0.11730808105 3.3984614954e-05 -0.31037656039 0.10005511865 -7.6920384384e-05 -0.30286651748 0.12359259844 -0.00036780269843 -0.29704062288 
0.12142532548 -0.00033167985012 -0.29139570071 0.11062957594 -0.0001344896824 -0.2706543469 0.11403483017 2.9487387192e-05 -0.2311629251 
0.096786957893 0.0020037740032 -0.12602971211 0.69635878777 0.00037590708973 -0.1981361109 0.5673311683 0.021104301557 -0.18258773658 
0.16497272686 -9.155266116e-05 -0.23154227575 0.11596279477 -5.5802264498e-05 -0.23351153224 0.21226422159 0.00089089261771 -0.1884159578 
0.083431605757 2.6639008506e-05 -0.10676999026 0.093032752046 -7.3134504332e-06 -0.14681498842 0.1308224957 -1.6929957882e-05 -0.14966861753 
0.065634745518 0.00015437257461 -0.090528806386 0.075053452322 0.00010062284809 -0.043161762744 0.04455830516 -3.9992403577e-06 -0.071296114323 
0.10383400771 -0.0010507346537 -0.2485936663 0.14107215874 -0.00016208355603 -0.30852095672 0.15684612749 -0.00021691306541 -0.29969866153 
0.13935536686 -0.00029342593097 -0.28466239118 0.14270180015 -0.00022605609671 -0.27268866637 0.075846366718 0.031122597714 -0.013673681342 
0.39508904341 0.043093473648 0.016341228874 0.51922152972 0.0003210921511 -0.032308655111 0.5598901975 0.0308532522 -0.0089794356976 
0.17854981511 -1.755142189e-06 -0.15141183933 0.20244719002 1.3026128695e-05 -0.1785843089 0.11729190921 -4.2401741884e-05 -0.25044646829 
0.10784122347 -8.970204167e-05 -0.21748906145 0.24136259257 0.0016426254075 -0.19217225168 0.093513763667 0.00013381683819 -0.059919759035 
0.10787636871 -1.5841352082e-07 -0.11397387824 0.092324474334 0.00025711997331 -0.04900888759 0.13931659682 7.2559977493e-05 -0.058413703562 
0.12347767685 1.2956044453e-05 -0.1033156008 0.10789162788 -0.00016377236661 -0.15015112297 0.10026264268 -0.00076754921455 -0.19498906495 
0.13756993018 -5.3431106688e-05 -0.28739396623 0.16215970141 -1.2757028436e-05 -0.30172712166 0.17043021216 -0.00025638639004 -0.31256622547 
0.16936562598 -0.00025395604147 -0.28270689152 0.18181464998 -0.00012359728267 -0.29296310561 0.13288085827 -2.9908454625e-05 -0.26195687379 
0.10760843609 -0.00041509865278 -0.22649964115 0.083792374381 0.046856027534 -0.027191658735 0.49960939396 0.033191907889 0.019006258631 
0.44054771843 0.0012442072316 -0.013734081343 0.56870928418 0.024567257069 -0.0041130855226 0.62580347834 -0.00015805958261 -0.2265759049 
0.14235882901 0.00014346838533 -0.23183740354 0.06381616553 -2.3664989054e-05 -0.24065293299 0.48181075939 0.021674067372 -0.20712492034 
0.14381697192 1.7627621174e-07 -0.12294667281 0.20297363443 5.9172301682e-05 -0.20234379365 0.070605847792 -7.8108455348e-05 -0.24304946179 
0.03807840989 -0.00048735991408 -0.21757346915 0.10844216532 2.6630926792e-05 -0.053507269571 0.14154176648 0.00018798808463 -0.031392710502 
0.15068697747 0.00017975279269 -0.034020171663 0.18668292168 -0.00044264385506 -0.158108545 0.20456724889 -9.3425572661e-05 -0.12285863475 
0.16995292882 -0.00064896300012 -0.19294259768 0.16216618256 -0.00016388907846 -0.23685047524 0.19687335016 7.3854517109e-05 -0.2587696031 
0.19120001579 -0.00023006389569 -0.31222323064 0.19766306645 -9.7253233283e-05 -0.31031628797 0.17018493298 -0.00053684201456 -0.28864132376 
0.15031985013 -0.0004266102384 -0.31527363578 0.31590143109 0.041381303112 0.0034198161265 0.35613649738 -8.5762619082e-08 -0.013542781169 
0.49783034019 0.016430398354 -0.0044884800809 0.17975134008 0.0003698249481 -0.18444625175 0.077965362577 7.1273640908e-05 -0.20311043604 
0.1801386503 9.1261531996e-06 -0.10775992853 0.21358084851 2.6642761085e-05 -0.15238178277 0.021124578059 -2.552264556e-05 -0.23457006838 
0.1811832414 0.00071831193521 -0.20706994038 0.45721428011 0.014895980355 -0.23235611444 0.12869760607 7.8808379788e-05 -0.029090435165 
0.13346395678 1.4331837939e-06 -0.071854675611 0.22910740867 0.00014606564154 -0.044589060697 0.22267356799 3.8545175294e-05 -0.082557408374 
0.22882944593 -0.00012174762639 -0.19768106316 0.22346055952 -0.00018090669527 -0.27895882221 0.21824007258 -0.0001099755524 -0.31926030906 
0.22194702878 -0.00016487330411 -0.29705756113 0.20128500504 -0.00050640302366 -0.28999463724 0.12190284674 -0.00049152317444 -0.29392961997 
0.10861579273 0.00080693775042 -0.14937534479 0.63186596214 0.019168745121 0.014860647299 0.56840125785 4.5725703968e-05 -0.25445636016 
0.16491194543 1.3356606565e-05 -0.039075254817 0.20100198463 1.6639365479e-05 -0.080560476079 0.19551922716 0.00018318260843 -0.13361098271 
0.011530817072 -3.2587690849e-05 -0.21051127967 -2.7546385839e-05 -0.021625508735 -0.23642942061 -0.00017624886867 -0.034800578364 -0.2283988909 
0.15175045707 -0.0048606796864 -0.23287412714 0.15308644022 6.9021193673e-05 -0.0044452605155 0.14062075498 3.0891617897e-06 -0.0089193331961 
0.21641154799 0.00025119588605 -0.023083315658 0.18831513184 0.00017035409806 -0.012442602661 0.31166114334 -3.7346678472e-05 -0.099338789638 
0.29029169851 -0.00022755819405 -0.12936555292 0.27508110271 -0.00057050607222 -0.15296832356 0.31267507926 -0.00025931619883 -0.16448529112 
0.28076390761 -0.00020994799296 -0.21071372407 0.24686534033 -2.4008769584e-05 -0.29770688202 0.26502662932 -2.5711895488e-06 -0.30639758737 
0.23834505215 -3.0382263606e-05 -0.31046459646 0.22740371885 -0.00071963285537 -0.29872750959 0.19190105771 -0.0011078805811 -0.31392795514 
0.16241309299 -0.0005755847363 -0.34908676729 0.16391178609 0.01213745873 -0.067064693522 0.51793272168 0.025732437889 0.0093838641489 
0.42373285016 0.0034065768072 -0.013103277297 0.49770331538 -5.9174011954e-05 -0.27897821037 0.1130128002 0.00019782846019 -0.14931484687 
0.012492611176 -6.5567601694e-05 -0.16496562403 0.41913287326 0.012194972484 -0.25883500394 0.19193734458 8.8033504059e-06 -0.0051170220113 
-1.9393138146e-05 -0.013814338299 -0.21876737392 0.23046763069 0.0070567234603 0.00010820199321 0.2711333132 0.00023631621931 -0.010839577965 
0.3055259613 0.00024455320563 -0.032781824771 0.32261663404 0.00010736680728 -0.065134844031 0.39127903516 -0.00012568616705 -0.12603313576 
0.28806844011 -3.5873929493e-05 -0.24097170045 0.29825819247 -2.1738455706e-05 -0.26298164837 0.27436001521 2.6487302212e-05 -0.30216580324 
0.25822845971 -7.3445847381e-05 -0.29917952804 0.20326861569 -0.0014678943168 -0.32947878336 0.16620828097 -0.0004722890828 -0.35602905199 
0.13253408157 -0.00064624694721 -0.30954206785 0.30670984102 0.026238488791 -0.01679643794 0.61639967998 0.020521144295 5.9775363628e-05 
0.63074625347 0.016440998808 0.0057956176074 0.26643980563 0.00030490365558 -0.020521264731 0.50644825955 0.022867757973 -0.01201707777 
0.41760774388 -2.8636392096e-05 -0.29838766602 0.16120924919 0.00031421837523 -0.083747833749 0.047515759307 -9.0871656608e-05 -0.098206927124 
0.17409691394 0.024297810755 1.505928007e-05 -1.8874560315e-05 -0.023670532741 -0.1780781306 -5.8575287564e-05 -0.054649861601 -0.23577033184 
-0.00019044850599 -0.077097712825 -0.24894334338 0.34026665047 0.010176132128 -0.27969069042 0.19204467274 0.024592564226 2.1384994617e-05 
0.11295412446 -0.0073828170233 -0.25875368445 0.41430391706 0.00028082813923 -0.053577849693 0.42755690571 0.00012154720238 -0.082411225202 
0.41009285259 2.3063810049e-05 -0.10644749502 0.4982484106 -8.3326188319e-05 -0.1074980198 0.39232284504 -0.00038265264557 -0.133607063 
0.3769462742 -0.00028138734152 -0.14742951509 0.35349280349 -8.9690455591e-05 -0.16728933954 0.34643625711 -0.00013529820769 -0.19390192914 
0.3097543268 0.0002513437799 -0.27348282399 0.29281394547 9.6946221905e-05 -0.2921065647 0.27520899705 4.3394444382e-05 -0.29970618799 
0.24403151486 -0.00058432164754 -0.30540791845 0.21415884548 -0.0014799545616 -0.33010770024 0.13575149894 -0.0008588135232 -0.23571345503 
0.10839672695 0.0002699912086 -0.017278925581 -1.7664010399e-05 -0.036107089787 -0.11638003706 0.20556211388 0.056178475293 9.4088941218e-06 
0.18986889094 8.1543759318e-05 -0.0083057779365 -2.3307334527e-05 -0.036197266699 -0.19905933615 -0.00013740932859 -0.080478356272 -0.22463397599 
0.32493022565 0.0016494181096 9.2255413908e-05 0.27758843968 0.024891006484 0.00012044935071 0.23170636432 0.049007664182 2.0714952579e-05 
0.37389580976 0.00029372204466 -0.023421391641 0.52700392191 0.00023929146351 -0.073136353335 0.52804174988 1.5454946392e-05 -0.092382664891 
0.49648074136 -0.00019914807401 -0.11149528905 0.47142562549 -0.00019767765708 -0.10985526337 0.43958892371 -0.00021035113257 -0.10868259369 
0.34329475398 0.00023833507164 -0.22541457044 0.18819004613 -0.00074384113408 -0.35098663674 0.15572093702 -0.00023457829396 -0.33717629771 
0.16640927891 0.0079545818168 -0.11700650935 0.48090858666 0.019667636075 -0.00061941859479 0.65052299859 0.014211005396 -0.007541023233 
0.24178430299 0.0003080518572 -0.028383384335 0.38522452466 0.019210210383 -0.020609602917 0.36185664987 -7.9798851436e-05 -0.31280486989 
0.00039687545126 -0.014593309553 -0.030410601369 0.28177817103 0.0074426973934 -0.29417575757 0.27070103117 0.067758559449 8.1687063404e-06 
0.16507340051 0.054431037464 0.0001733947691 -4.4455015995e-05 -0.050560075475 -0.14364533719 -8.303574673e-06 -0.057839346478 -0.17777924791 
-0.00029050834487 -0.1017826595 -0.24553374997 0.067486142231 -0.010947083491 -0.26745057085 0.39564940445 0.012658829416 0.00029972039334 
0.44394522478 0.00041393461048 -0.014387389421 0.49663447654 0.00034037600068 -0.045122282585 0.59048826659 -0.00013000733548 -0.093303090726 
0.52684333925 -0.00016898998774 -0.076954312055 0.41694769953 -9.1050964083e-05 -0.12228637932 0.39638264524 0.00032008054426 -0.16189419368 
0.35896415083 4.3837280275e-05 -0.20968236539 0.32465389269 6.8604625001e-05 -0.25023243125 0.30126636785 -3.310883695e-05 -0.28306306563 
0.28333756536 -0.0001146614097 -0.28787452315 0.2535214728 -0.00036777928836 -0.30573102027 0.22343431036 -0.00094349809903 -0.32034684546 
0.27685958277 0.017727151389 -0.053581774714 0.5732855661 0.017443733692 -0.0053975554241 0.33101366509 -0.00016629240832 -0.32493253106 
0.068985716824 0.032308931163 -0.00015192369343 -1.2388864683e-05 -0.04956089406 -0.085866605689 0.28230738742 0.0042001938502 -0.30906488933 
0.22572025527 0.085592997535 3.6586600835e-05 -6.9002303606e-05 -0.10613873646 -0.21125396763 0.069950358468 -0.010097033819 -0.2866023157 
0.32039075706 0.038990140304 9.3317750503e-05 0.51119333168 0.00019361559505 -0.0085371680963 0.60483772352 0.00025986984787 -0.066201342878 
0.61325968373 0.00013709077074 -0.084890340379 0.56222988663 -0.00010781345225 -0.087099136252 0.50288213954 3.7059350894e-05 -0.076776563504 
0.47440085969 0.00057031058942 -0.10545760607 0.36006058548 -0.00046078417787 -0.17882695624 0.31230154862 -9.572476574e-05 -0.23855008317 
0.25877244324 -6.8724930542e-05 -0.29461395654 0.19453267989 -0.00043380978018 -0.34364677194 0.16609678665 -0.00096183232218 -0.28022760212 
0.22034891051 0.00033030553508 -0.043329601945 0.46103073748 0.025316277149 -0.025162449236 0.16457393577 0.066250830173 0.000171554349 
0.045229133688 -4.1483662521e-05 -0.069375806044 0.37445752455 0.044252867395 6.8288617343e-05 0.31033549317 0.069285261536 2.2091012701e-05 
-5.8397243139e-05 -0.058190238788 -0.12504863243 -5.0783626751e-06 -0.072265369819 -0.17251603753 -0.00069318698187 -0.12365476883 -0.25102335775 
-0.00082419104427 -0.093367801514 -0.29692684264 0.51614264078 0.0042789321106 0.00027374346223 0.42354303623 0.024338775569 7.3512352624e-05 
0.58268297085 0.00036261828947 -0.036397244656 0.67327558039 8.2107660616e-05 -0.078609097982 0.66228875068 4.6272903468e-05 -0.082191043581 
0.63924552552 -3.3272639662e-06 -0.071614880938 0.60669429144 -7.1767517263e-07 -0.059978088269 0.58817194161 0.00020073737547 -0.056603798755 
0.5676124321 0.00087335161817 -0.075207663793 0.4198125556 0.00018967798806 -0.14816449309 0.49399070513 0.000317013691 -0.10724624736 
0.32661540708 -5.3680407124e-06 -0.17204485102 0.28198445711 4.9845843226e-05 -0.26146048116 0.23511901101 -0.00049980759082 -0.30750927346 
0.1842650271 0.00010111766261 -0.33303567667 0.36533415776 0.01568276565 -0.023811518893 0.18183176145 -5.6340678701e-05 -0.19227513352 
0.57574324747 0.021039100482 -0.01770339919 0.3635554188 0.018184273244 -0.047709793619 0.29588014856 0.0030493063006 -0.32007560474 
0.30160366445 -1.7895865969e-05 -0.32892315563 0.21896375319 0.011208735314 -8.4853644787e-05 0.13815640012 0.00029768771127 -0.026494006374 
0.017185063515 -5.887621289e-05 -0.12533107617 0.1276820605 -3.3677316787e-05 -0.11081458837 0.41765672793 0.030627210636 0.00022596190711 
0.25252088543 0.070251857804 9.15886563e-05 -4.0896141175e-05 -0.035153106442 -0.15232952569 -0.00018158422583 -0.11186198111 -0.21886673813 
-0.00029042385256 -0.12239431022 -0.26847224142 0.13479676316 -0.0046187394662 -0.30643194312 0.62135726692 0.00034697016806 -0.017496287865 
0.67695053218 9.209337282e-05 -0.061626279723 0.69233747089 0.0002062423197 -0.040498070572 0.7197618829 -7.5515239561e-05 -0.073589421173 
0.70289862835 -4.0045836533e-05 -0.076912831942 0.69609755121 -2.7202296324e-05 -0.062740493552 0.66360299964 5.5733202206e-05 -0.051639056007 
0.41980136432 -0.00026484982406 -0.11672141503 0.35646577643 -0.00024474324356 -0.11092917529 0.30322928662 -0.00022601331611 -0.14309400082 
0.30069430482 -7.0677736144e-05 -0.20877115929 0.25071083343 8.7396546385e-05 -0.26976813881 0.21324733019 -0.00055540252743 -0.30984594556 
0.15334549407 -0.0006432584537 -0.30053809581 0.15692697143 0.0018749111791 -0.10634423963 0.39740417392 0.012085904403 -0.015839674511 
0.030065810595 -0.0082062025341 -0.057304694162 0.51064128941 0.012173612467 0.00039167139921 0.34031860411 0.047837825101 7.5281205925e-05 
0.12153086746 -2.4080043767e-05 -0.15719022007 0.034393467584 -7.0434441775e-05 -0.15816791994 -0.00017115854184 -0.070060216161 -0.20538341691 
-0.00032113487883 -0.10943368086 -0.31179390936 0.7143895991 0.0003004968043 -0.026521869669 0.63252361923 0.00038924660343 -0.0086767571109 
0.012084914894 -0.034310083912 -0.31023342237 0.73740651863 7.4653877725e-05 -0.060339280177 0.66339089192 0.00050047891459 -0.04877089696 
0.66017232217 0.00073300253887 -0.061366144894 0.64088787054 0.00029738027327 -0.077965486287 0.56489691356 0.00024740862463 -0.089474161023 
0.49153424494 -0.00013032038694 -0.08337827445 0.40136911494 -4.2156419525e-06 -0.057733043097 0.31639905552 -8.7303874611e-05 -0.062736603588 
0.26687678762 -5.6890884905e-06 -0.20234329627 0.21998430892 -0.00027213632843 -0.26704460812 0.18249904928 -4.7518269584e-05 -0.3266030088 
0.55546968666 0.019508653933 -0.037088909442 0.27536953297 -0.017701361682 -0.061928968404 0.27283209275 -0.00082792100117 -0.32764058113 
0.32213877764 0.014129067815 4.7360198133e-05 0.27851057595 8.3098048535e-05 -0.04259611485 0.21151823651 0.00010779993482 -0.074317492691 
0.21431554351 0.0050255946799 -0.31759350442 0.63025086664 0.00029736621687 -0.011940285819 0.55917489503 0.00060446936326 -0.0063685002083 
0.44843602385 0.0073093414403 0.0005809846057 0.00099142239219 -0.00047025099571 -0.19776341477 -0.00053205071015 -0.070402539201 -0.26573500203 
0.75506858697 0.0001811822231 -0.043987797969 0.75405194266 -3.0073081401e-05 -0.069622487846 0.73388586485 -6.8245916626e-05 -0.06942435597 
0.74831483541 0.00065025529598 -0.057651551857 0.71883412678 0.00072874226532 -0.049399179434 0.73828117348 0.0011964422293 -0.059444276717 
0.57560216271 -0.00012711752662 -0.074017800054 0.25654301516 -9.0152498343e-05 -0.10863672732 0.22769121948 -7.5368520789e-05 -0.21954800127 
0.18347989363 -0.00060299281536 -0.29402603881 0.13837942555 -6.8880504412e-05 -0.31983391001 0.10403697481 -0.0016531607118 -0.25479570228 
0.15705369883 0.0040282282508 -0.060702981247 0.43702227678 0.0076749652119 -0.034842822376 0.001249350737 -0.0019006564573 -0.15336643818 
0.49772419124 0.026416306345 -0.066053555479 0.23799067393 -0.00054282613311 -0.31114395663 0.36441776116 0.00024586604893 -0.042518371448 
0.2807410824 0.00013931180877 -0.10876853648 0.21788336481 2.8007689611e-05 -0.13970030583 0.21611286507 -3.867154835e-05 -0.17812700004 
0.21233302487 0.0051812723583 -0.31484730491 0.70760819059 0.00034943870647 -0.026133240794 0.67161223331 0.00039292893663 -0.035357355402 
0.10501047252 -1.407077286e-05 -0.18051381566 0.0011083023748 -0.00070067495226 -0.26615006909 -0.00021280436224 -0.06016462481 -0.31723578816 
0.74915169845 9.4804103982e-05 -0.038822018266 -0.0019763008362 -0.080196337413 -0.33056794506 0.065250503206 -0.010603204128 -0.31110135257 
0.76809944713 0.00010288281289 -0.059070707414 0.76488919251 0.00028249763616 -0.067345673345 0.7233438055 0.00046000133086 -0.071277161591 
0.6576885807 2.5778811596e-06 -0.07405710751 0.47196195025 1.4786348359e-05 -0.033024978397 0.56721710557 -7.9870442117e-05 -0.051776463796 
0.35697739669 0.00015975040381 -0.0094863153361 0.26705178774 6.7008897068e-05 -0.028363202382 0.2311089337 -2.0680945205e-05 -0.15764175 
0.17663236289 -0.0007505293456 -0.23625627938 0.12597643878 -0.00060817873745 -0.29451999439 0.084825905086 -0.00070499010745 -0.30588786768 
0.10568628293 -0.0015623623946 -0.14923132316 0.27793902983 0.0072410779209 -0.05738826907 0.27285935717 0.0051229999231 -0.12215207515 
0.20190307941 -0.00077205654181 -0.26367174989 0.4589631962 0.0010412503637 -0.035903777919 0.35084468806 0.00020392131178 -0.089580499397 
0.28925155707 0.0002197023814 -0.15937659949 0.1962791717 0.0030993427284 -0.29000296845 0.72164483899 0.00013925200102 -0.041392054935 
0.58288210555 0.00065113895853 -0.037241241164 0.085829472104 -1.7915560705e-05 -0.22007761392 0.025473107953 -0.00057690142457 -0.31854650307 
0.7682786049 5.6130329051e-05 -0.047678809401 -0.00055179883729 -0.039238021213 -0.34378019477 -0.0037084528838 -0.044749352525 -0.31157364071 
0.76595417674 0.00014784753877 -0.068361103391 0.75932824403 6.7605126369e-05 -0.058060159207 0.77478418051 0.00075051620828 -0.077328608895 
0.79405855933 0.0015497559697 -0.070300257131 0.78570772091 0.0015950819182 -0.063779279737 0.80486480459 0.0017261074974 -0.077137093111 
0.73807097633 0.00056447858445 -0.070256404542 0.42362519904 0.0054380814041 0.00034357084603 0.31796952694 0.015240897158 0.00021877486095 
0.19821189501 1.7144833156e-05 -0.08204739621 0.18998080587 -0.00011257268325 -0.16207343578 0.13793874106 -0.00041480563397 -0.16970466438 
0.055543522325 -0.0012817913343 -0.17886822184 0.46534404063 0.027995864836 -0.099157240573 0.31997792559 0.012236344836 -0.13584446726 
0.67327900516 1.2502204716e-05 -0.06133752724 0.65225211322 1.2802625466e-05 -0.065767536297 0.58890973242 0.00050283989492 -0.071464238247 
0.47550027085 0.0013431913003 -0.084649415888 0.34272655864 6.2772313804e-05 -0.13686229201 0.28883728073 5.3768990377e-05 -0.19098576888 
0.72621826466 -1.2971631018e-05 -0.054443407573 0.69677025557 -1.1861271433e-05 -0.055694704505 0.19851134995 6.3696447887e-05 -0.2004494284 
0.17908653949 0.00017459880865 -0.24337584165 0.082085864395 -0.00029383584904 -0.27311910503 0.10280539041 -0.0031686122593 -0.28456400381 
0.14260388463 0.0029390709933 -0.23248235332 0.74598645063 0.00018979698095 -0.071453929832 0.83274451438 0.0018975726398 -0.08792383668 
0.64124472921 0.00015451763237 -0.057157876595 0.49972386756 0.0001276053731 -0.022850468233 0.21679029256 0.00010466406031 -0.0017656252089 
0.14951953736 -1.2922675323e-05 -0.10706668497 0.10761246883 -0.0011415132462 -0.24332034181 0.056075013862 -0.00025429489926 -0.30655436452 
0.028909425878 -0.0015558268713 -0.28550053093 0.029325082509 -0.0074908709402 -0.13954122116 0.28005015924 0.010186628478 -0.10267075373 
0.20911357739 -3.1875084015e-05 -0.14379513865 0.16947253058 -0.0016544773196 -0.17472067242 0.62671278764 -7.2958416245e-05 -0.079868442865 
0.62068965931 5.4341479597e-05 -0.086871965859 0.61978556785 7.081020027e-05 -0.094202642881 0.5881075262 0.00050305457493 -0.10755400272 
0.43076657464 0.0010540742117 -0.12638344027 0.33818050411 0.00010190372466 -0.17377681684 0.27713041697 3.4186638409e-05 -0.21434651482 
0.71269538458 5.0552673366e-06 -0.062305778697 0.66882391435 2.7317915494e-05 -0.069028879727 0.64942930757 -4.3854837882e-05 -0.073385157076 
0.14869899758 -0.00046263911945 -0.30502661835 0.059076801978 -0.00056694480966 -0.34516338978 0.01917044369 -0.015555026998 -0.22922933102 
-0.0048188060587 -0.017766778596 -0.31320025701 0.74235865469 0.00069475711023 -0.09312636781 0.79438585935 0.0015877797449 -0.094639101559 
0.80845393664 0.0012107574092 -0.11677486937 0.83626041679 0.00061706505767 -0.099517500348 0.79353789952 0.00028019737452 -0.073218934462 
0.70426133399 0.00016524132805 -0.054711822826 0.55560619065 4.6426195855e-05 -0.038699859647 0.48209276199 0.00057829847639 -0.019285829151 
0.39651433914 0.0087971280232 0.00057277118371 0.29716837877 0.014236685051 0.00016501687775 0.12752273041 4.3443157511e-06 -0.025981829421 
0.094864027206 -7.2618479532e-05 -0.098804511298 0.083558929614 -0.00048566110306 -0.17668750342 0.0327998907 -0.0014760804188 -0.23849729034 
-0.0012387877938 -0.0064450226526 -0.29367755733 0.23391791689 -0.00012603280929 -0.17002956149 0.45106703185 0.019339865989 -0.13335506792 
0.33681783958 0.015580882906 -0.1550367334 0.54385644833 0.0014082150286 -0.13028623288 0.40957287341 0.00077705580282 -0.16016657987 
0.33438373998 0.0001195577505 -0.19254893753 0.26083285705 -7.3627295101e-06 -0.2550471641 0.087071067988 0.0004921823768 -0.12472177357 
0.69417694959 0.00019099305774 -0.078105865978 0.64357728351 0.00059855985714 -0.076313562197 0.68533172207 0.00019599009756 -0.102931531 
0.72674322764 0.00096530445603 -0.12214315733 0.7782766361 0.00012096354561 -0.12024385347 0.76224497042 -9.9572141323e-05 -0.087753302325 
0.73030582509 -5.782385457e-05 -0.057900526151 0.61142932929 5.9269892539e-05 -0.047208949371 0.65775193229 5.4323376011e-05 -0.049592173063 
0.54282713494 0.00010836903213 -0.05275491872 0.45866376471 0.00046041969637 -0.020022037036 0.4019642438 0.00050275646392 -0.012123622359 
0.19516471735 0.0082520790633 3.1198159007e-05 0.043647823924 -1.6749762952e-05 -0.032422391506 0.10405491344 0.00281422772 3.479508016e-06 
0.037543819775 -0.00045628445574 -0.13218279443 -0.00014339191012 -0.0039061459673 -0.30628711567 0.018433440013 -0.020789498158 -0.16928753897 
0.3226353963 0.014443526784 -0.1860219838 0.58629760317 0.00032806434794 -0.1094081879 0.59610036836 0.00037991468069 -0.11983404442 
0.16230987297 0.00050131091126 -0.055362377401 0.61259851353 0.00089784505726 -0.086680124592 0.59646543533 0.0010294400155 -0.096412916206 
0.5862090317 0.00070932812338 -0.10273546972 0.5974072876 0.0003625867066 -0.13355903826 0.51673760531 0.0023737767599 -0.15707971532 
0.39328225539 0.00037646293955 -0.17714754089 0.33654816169 0.00031090402277 -0.20452244662 0.34995456291 0.00021315366302 -0.23569688107 
0.26997507638 -0.00015308626704 -0.30003080972 0.18771647348 -0.00036742923638 -0.33361293445 0.091998282494 -0.0042336928084 -0.30638320219 
-0.00124490541 -0.0065931793484 -0.17117263496 0.082051391243 -0.002023520484 -0.028065936956 0.64688132561 0.00084448635173 -0.09100450247 
0.65824505234 0.0011877617357 -0.11935686567 0.72172495477 1.6148674054e-05 -0.13868478181 0.69685417189 0.00053342908588 -0.11987996138 
0.68059617573 0.00067160739039 -0.072321674232 0.59555401248 0.0002945767748 -0.068632477201 0.5077439291 0.00033502015488 -0.051951534606 
0.31963827201 0.00016617894884 -0.016340998808 -0.0011103598358 -0.022113689965 -0.18285211719 -0.00050942876075 -0.042177599719 -0.28029249317 
-0.0016872858211 -0.052780677441 -0.29475890966 0.001826822264 -0.064480995379 -0.20246613143 0.23282900671 0.0054321591634 -0.14283720355 
0.40218496408 0.018252559808 -0.16520583956 0.2152041416 -0.0002808341725 -0.20777993166 0.59743129627 0.0046889427723 -0.11416194589 
0.5966049818 0.0040228266589 -0.1181208005 0.59605763597 0.0019178432837 -0.15017638409 0.60068028819 0.002778946463 -0.15942839427 
0.61280581398 0.0042662995001 -0.093039056472 0.60704405044 0.0051974282618 -0.10159131556 0.50223246112 0.0046781204509 -0.16785811394 
0.39806463404 0.0015406622538 -0.15978761756 0.37527763534 0.002717328987 -0.25704709073 0.3004878707 0.0011790996011 -0.30113296458 
0.6240818032 0.0029805148858 -0.086912418717 0.24575109134 -0.00055725590263 -0.28427143475 0.14406125555 -0.0021088197806 -0.19880021339 
0.67492511397 0.00091855288593 -0.14351202155 0.68639919612 0.0030252450793 -0.1521000759 0.65694888954 0.0018698766737 -0.081352970913 
0.56022154727 0.00050522356053 -0.086100280355 0.47865548226 0.00060682639726 -0.051526128029 0.43293505175 0.00047095747746 -0.054632536385 
0.23330023759 6.8099499539e-05 -0.027052051307 0.14571375887 2.6448703877e-05 -0.040849769712 0.033165600677 -3.9751101803e-06 -0.011232739727 
-0.00010004975392 -0.017998165356 -0.069668051905 -0.00054349407231 -0.071485667905 -0.1414108894 -0.00099301885178 -0.094596840776 -0.23447678313 
-0.00066308989218 -0.10072172831 -0.29160943212 0.14810817438 -0.011569111936 -0.17400600691 0.18896829803 -0.0011090821267 -0.26200758879 
0.29334596765 0.011250413404 -0.2301916022 0.37410811029 0.015602690011 -0.20271152305 0.21964189932 0.00011381628656 -0.016096098883 
0.60482074997 0.0054311335403 -0.10933576205 0.61175155831 0.0030544378814 -0.13216237614 0.61804838889 0.012254079499 -0.12753662355 
0.49756873557 0.0058961717876 -0.14295558979 0.52609996873 0.014329763027 -0.081725174803 0.43354853415 0.0085848043053 -0.14664825495 
0.46016808081 0.0076743660858 -0.17791051399 0.44011157049 0.013325910062 -0.18817063863 0.66534602611 0.01796415745 -0.098836400171 
0.28788979013 0.0038455495932 -0.19114521791 0.21129858963 0.0044126657083 -0.095533250917 0.64685157491 0.0049201027492 -0.10633403993 
0.66937444495 0.0053458920909 -0.13368064774 0.73158588058 0.012213470766 -0.15349509491 0.68650894376 0.0044260721208 -0.15312145694 
0.71680523069 0.0069453977493 -0.11414230386 0.73526799751 0.011284519541 -0.10974524843 0.64774509226 0.003193737542 -0.11100457867 
0.54351000313 0.000749188239 -0.089805616376 0.64100941583 0.004148399521 -0.12375528954 0.52569203125 0.00055932861003 -0.093758430376 
0.48236348496 0.00035301226193 -0.10173804867 0.36645558855 0.00032506553769 -0.065097378841 0.050735710224 -6.7469114511e-06 -0.066767241 
-0.0001155595938 -0.037797436651 -0.10471761736 -0.00025454871234 -0.15413662976 -0.26017561516 -0.0029590052906 -0.14452778632 -0.22988765593 
0.23149961485 0.0034928581311 -0.21770271243 0.26098965593 0.0055374695288 -0.28357492761 0.52863421862 0.031707976431 -0.066276692387 
0.49274490192 0.01677479365 -0.12405382034 0.29892345497 -0.00079879584116 -0.099989501587 0.67085671845 0.016276242045 -0.10338736674 
0.67128027971 0.016734687524 -0.10468998196 0.66997432315 0.018251994003 -0.10120579238 0.66828913705 0.01639082677 -0.10549012451 
0.67418908298 0.010808919388 -0.11478947797 0.65105357307 0.008916665192 -0.13182388935 0.6667196321 0.0074695742433 -0.12955822692 
0.61569385354 0.011669805853 -0.082517561635 0.36543009038 0.0070926989102 -0.2336204573 0.36799421427 -0.0011296486443 -0.1803516358 
0.66629872686 0.016187884813 -0.099641737372 0.73855184081 0.013153824524 -0.14937677756 0.71541211047 0.011928029174 -0.12367379844 
0.86422601241 0.030902614479 -0.17708159131 0.74720358756 0.013048964887 -0.16382250844 0.8455641656 0.036590309392 -0.1547221817 
0.82619871995 0.011555939122 -0.14231726313 0.78206742952 0.016403029195 -0.13394434529 0.63864802643 0.0036213014196 -0.12694197728 
0.42155142107 0.00045796884039 -0.11224956535 0.28499210798 0.00014963518453 -0.078731506568 0.18427722767 2.8290682293e-05 -0.093003410828 
-0.0008839566026 -0.13873889181 -0.16575844471 -0.00019536503583 -0.19747425779 -0.21821347898 -0.0016448885227 -0.19852030863 -0.25794316454 
0.004156281509 -0.087196843956 -0.21007021887 0.17395080415 -0.00069478537224 -0.31544925201 0.33483347049 0.014366312161 -0.25258145704 
0.60713669122 0.0032715822232 -0.00088984780023 0.6577308158 0.018893952158 0.00013038159394 0.54292676542 0.0003937774441 -0.088873962741 
0.48105654377 -6.5764420396e-05 -0.15042990827 0.76564881397 0.032657909424 -0.097951684094 0.86073244227 1.9755634297e-05 -0.10034958049 
0.86169988757 1.9510178037e-05 -0.09781408798 0.60905506886 0.028154630065 -0.011305779191 0.42939553697 0.00083605917458 -0.19768644589 
0.76513452414 0.031662180576 -0.10094015774 0.76274420568 0.033685328401 -0.094480949159 0.76431339785 0.029671991504 -0.08472155695 
0.75690548771 0.025551485261 -0.088426172737 0.73721327069 0.019078952912 -0.10005230442 0.7053214621 0.022370979394 -0.093979288749 
0.69448909236 0.021395934529 -0.092512187097 0.677123751 0.024292063161 -0.067989604175 0.65149292538 0.027700336376 -0.041717989533 
0.77508653725 0.029801659946 -0.11788164828 0.96429007664 -0.00084706196097 -0.19211787397 0.82747938526 0.020729366209 -0.16728135693 
0.88687106444 6.6805354086e-06 -0.1624276079 0.80781647539 0.021891423853 -0.14481555645 1.0373554502 -0.00017508907005 -0.19228825742 
0.99919738542 0.0028848820181 -0.17812326022 0.91928318125 0.0001109490688 -0.17965958043 0.96385123207 0.029680774266 -0.1745238594 
0.90238707696 0.040786784547 -0.16586072733 0.94286006456 0.032104367179 -0.17513413146 0.79648309584 0.016833861174 -0.15087523695 
0.796987169 0.015081809793 -0.15184793787 0.61264385343 0.0023189072707 -0.13342702145 0.55825846503 0.0010331549905 -0.13902196848 
0.34027487593 0.00036257679256 -0.12854220282 0.21162825343 7.0947147638e-05 -0.13522208534 0.073741036715 -2.2720902224e-05 -0.12883314846 
-3.1935577927e-05 -0.043115783978 -0.15752010126 0.12373510898 -0.0036876111287 -0.25333593189 0.16770860526 -7.9992516137e-05 -0.34972641061 
0.2349326792 0.0045927980785 -0.32915584424 0.26618600947 0.0047467357334 -0.28645389135 0.32938907027 0.0054062060372 -0.29793469656 
0.85099171482 0.00022424038356 -0.087134569772 0.83054505231 0.00031559944189 -0.085184879594 0.70111607922 0.0012439609865 -0.017133877601 
0.79658429665 0.00020501213425 -0.10132582908 0.76746556198 -3.7078802936e-05 -0.10732511426 0.75849160442 4.8396904386e-05 -0.086755020375 
0.74651796699 3.3461276313e-06 -0.074673394296 0.87523305036 6.7360516676e-05 -0.13666238049 0.86424812306 0.00014026453222 -0.11177894751 
0.72810481494 4.3829583706e-05 -0.048739343438 1.0361902831 0.0030891476316 -0.19257997574 1.0396585468 0.00015237637112 -0.19208250306 
1.0343281628 -1.6801267373e-05 -0.187995789 0.94322116063 0.025844913877 -0.17141400195 0.92176950057 0.029738412807 -0.16626677497 
0.7853542958 0.013331840975 -0.1552732173 0.73844649297 0.010109617508 -0.16013892356 0.6734046434 0.0057654045652 -0.15330023934 
0.49995936695 0.00072935448138 -0.143863673 0.45113908611 0.00084700698598 -0.15053752677 0.16058192499 3.8421422546e-05 -0.16530495776 
0.024200469011 -0.00031740861789 -0.18203171658 -0.00053887431297 -0.10842403965 -0.20406225057 -0.00029666459931 -0.19171257693 -0.2333162224 
-0.00097860209216 -0.23177403986 -0.24752697075 -0.0036658864337 -0.16033435921 -0.25066503364 0.16785733976 -5.7682585265e-05 -0.36480494649 
1.0214356801 0.00027767786123 -0.1770960514 0.98104807721 0.0014816141095 -0.17635040763 0.93729459627 -0.00011155240912 -0.18363306909 
0.87763450687 0.035106309535 -0.17290487848 0.82740525976 0.031181169492 -0.16577137432 0.61371631861 0.0040421726508 -0.14133778983 
0.30228245838 0.00024679619369 -0.15599466083 -0.00021334505364 -0.020820748499 -0.22599886978 -0.00030008647152 -0.1311867382 -0.24913252325 
0.1525783354 -0.00082459366629 -0.37185149743 0.057906735775 -0.026410161091 -0.29228647657 0.22079374749 0.0059101119123 -0.35362241464 
0.26456892703 0.012375104563 -0.32665268189 0.89392089948 0.0016137757075 -0.15579215247 0.77982506388 0.017942164932 -0.13529153258 
0.55649346488 0.0035457205259 -0.13180768099 0.40094327455 0.0010148375952 -0.1561041923 0.25184319198 0.00023353336064 -0.17654199873 
0.1102000041 -0.00010418980777 -0.19991350463 -0.0011193327138 -0.2129626453 -0.26145878394 -0.0046481438897 -0.19638553792 -0.27069776152 
0.19979237134 0.0084783669993 -0.36288497053 0.25562327322 0.0061466552671 -0.34928644047 0.12485021588 -0.005580487172 -0.32370456054 
0.83430358479 0.00010604410125 -0.11765545759 0.71461217188 0.011326092605 -0.11063564038 0.75386967405 7.7832658533e-05 -0.095838505225 
0.63873432388 0.0069927153204 -0.099578756232 0.49607546598 0.0027495432699 -0.13098829078 0.34487650299 0.0015701483366 -0.15990047307 
0.19766122514 0.00016307630229 -0.19691084677 0.058944619062 -0.00024227418149 -0.23488693438 -0.00022886162368 -0.060481120013 -0.2619790438 
-0.00058877821338 -0.15425532375 -0.27383165302 -0.0026185821852 -0.19752840085 -0.2771644882 -0.0047620719474 -0.14103688277 -0.29445719712 
0.12520745309 -0.00072283966574 -0.3684939066 0.15454607574 0.0052759109083 -0.3409286765 0.65269828347 0.00045453185759 -0.090555928255 
0.55872507091 0.0035990983142 -0.09907340181 0.13252254496 2.371134043e-05 -0.22980304495 -0.0027783715808 -0.16446280948 -0.27312794186 
0.0066369576588 -0.075281230063 -0.30567101179 0.16029046396 0.0030087532719 -0.35586378906 0.53821128312 -5.153714971e-05 -0.098053252503 
0.42799684155 0.0040208679422 -0.12664249814 0.27686802451 0.0012824217805 -0.17937559446 0.06651143738 -0.0011276521345 -0.23256804542 
0.0038609321306 -0.00024460168255 -0.26488797024 -0.00087500987798 -0.10203005288 -0.27363949298 -0.0031928454567 -0.12973321159 -0.23563188456 
0.012572157973 -0.045728269663 -0.29598192863 0.15541976985 0.00060902561894 -0.33893673807 0.15185253669 0.0041917455005 -0.30222476349 
0.150338958 0.0011836961617 -0.33258367417 0.42835721623 0.00042432131094 -0.11950748961 0.32589711394 0.0026394299004 -0.14327614945 
0.32350401249 -8.0292996445e-05 -0.089489094378 0.19716993914 0.00028919984809 -0.19840998081 -0.0021200991161 -0.052397589443 -0.23632549971 
0.15256555254 0.0015268278505 -0.26624712712 0.027855975288 -0.019919392315 -0.25230127648 0.22892175603 0.00061935589753 -0.10695152282 
0.12220342881 -0.00089860667531 -0.15733685893 0.0094920405768 -0.0032489548554 -0.14571695656 -0.0017960169195 -0.095566708345 -0.13402279108 
0.068466662002 -0.0033834553458 -0.1952748654 0.21056929634 -1.918092663e-05 -0.040249463895 0.14517686896 -2.1993079361e-07 -0.059444593353 
0.11158119893 0.00030247867636 -0.074207458151 0.058781224276 -0.0021201643603 -0.064877681224 0.0034782586796 -0.015494575215 -0.072030850185 
0.06970794356 -0.0037411117812 -0.13569139319 
Radial_Strain 1 1000 double
-0.0089544462576 -0.0094627471154 -0.013721317442 -0.012307922032 -0.010629022102 0.0032282179017 0.019339296708 0.0070404013634 0.16268840097 
0.12765029788 0.15183929867 0.044721626775 0.10903698027 -0.016997677553 -0.01162473061 0.19581764253 0.26846240871 0.088174261388 
0.19871905002 0.026557053512 0.19091834484 0.12151989123 0.16084858561 -0.002436670896 0.21244032342 0.021714254689 0.1465210804 
-0.0021941359727 0.040557170225 0.17051112511 0.20184253118 -0.0070320970098 -0.00013232290332 0.046661961105 0.21413969757 0.030335881088 
0.016346906554 0.086108989511 0.11581859957 0.13769745702 0.27203434605 0.27448860967 0.28922706164 0.28541105871 0.24225758343 
0.22730019299 0.30539878557 0.1953129591 0.16942275139 0.22046225817 0.18262550388 0.2778032062 0.2725368337 0.02985829989 
0.14699497219 0.19257739571 0.25009217426 0.27379832493 0.3071925687 0.36037083654 0.38917122164 0.43778253767 0.12508006916 
0.065977687137 0.13140557781 0.10170105344 0.11453592108 0.23862187573 0.22971859643 0.2312167806 0.025492829879 0.29260050643 
0.16732830968 0.0092186475464 0.048951670835 0.31897941845 0.469793593 0.40907841012 -0.028364225971 0.080218012727 0.14503713287 
0.039425323295 0.022058207019 -0.0072190642686 0.13578615716 0.1357908544 0.13250103757 0.17691680142 0.24527469048 0.30286715343 
0.010767087991 0.076006438605 0.01932176354 0.090734656966 0.26814417266 0.38843147987 0.51797273916 -0.089214111681 0.40979347359 
-0.041353013246 0.0044358315909 0.045900951347 0.082304197835 0.1704807012 0.31464619858 0.13927121947 0.32814764146 0.036508816306 
0.29730204166 0.066899803353 0.12652831199 0.54347205262 -0.084228927002 -0.10544039446 -0.088487437066 0.072875201663 -0.073328905189 
-0.047541387216 -0.09192897999 -0.12553371172 -0.065065495654 0.062051009546 0.056392703534 0.029276875955 0.037588187355 0.11127201066 
0.37295062586 0.34739470359 0.23977725771 0.18677570728 0.38123856147 0.10553448166 0.24746175712 0.58167754225 0.47085242234 
-0.12786368868 -0.095401437102 0.11302711278 -0.13204325483 -0.087765066751 -0.11307247114 -0.01220924992 0.020122260662 0.0083445609271 
1.6848440611e-06 -0.010589643636 -0.011422561038 -0.058711365624 0.10641074516 0.12645073609 0.40468137903 0.14011092839 0.2454687973 
0.56497774002 -0.095507778292 -0.14384168359 0.24348342905 -0.14322840279 -0.050493046261 -0.0062262338785 -0.0029033740544 -0.032722010353 
-0.070713331713 -0.10152038537 -0.098433964514 -0.028713527663 0.21496568861 0.3214766625 0.32560497392 0.19226643864 0.63133792298 
-0.091358365531 -0.1215817369 -0.12603390472 -0.0560024852 0.37320441581 -0.15264039137 -0.12599947555 -0.093476127504 -0.090518476034 
-0.1278407131 -0.042863314575 -0.038720899918 -0.06445754762 -0.11801009963 -0.15464264237 -0.16854362375 -0.071109666085 0.16036964382 
0.28080078212 0.35194908129 0.57602143356 -0.089966472887 -0.12463337184 -0.099358205661 -0.090964461089 0.031274320465 -0.14668955289 
-0.082467699024 -0.037330967836 -0.028027527628 -0.071558468601 -0.10886067838 -0.1439328315 -0.17354119944 -0.18564509066 -0.18305062694 
-0.15422861919 -0.0060357455316 0.2448908087 0.37509970662 0.67743191893 -0.10713788839 0.2433587651 -0.13579098785 -0.11814678061 
-0.057606060171 -0.048820449719 -0.056521583143 -0.068098503219 -0.097063304176 -0.08429280424 -0.17433630498 -0.16356495202 -0.13686809408 
0.32097287808 0.52524943635 -0.094430507926 -0.084131465075 -0.095135021032 -0.080633749237 -0.020799460529 0.15811227063 -0.12394122754 
-0.13999799635 -0.097050713461 -0.038152841055 -0.060509249826 -0.041068952958 -0.14028369473 -0.11131798342 -0.19877019391 -0.19825175117 
-0.18848214274 -0.048088344366 0.22916296878 0.39433288913 0.30761734059 0.68169807616 0.40237046772 -0.074540203546 -0.068502432295 
-0.093971816357 -0.025108856002 -0.11578184425 -0.063961790791 -0.046484394422 0.028544459463 -0.052536773298 0.0034051492893 -0.15632511336 
-0.1994442589 -0.20351964761 -0.21916732365 -0.2054237744 -0.17201176405 -0.14085100783 -0.064753682085 0.6552948695 0.52650370082 
-0.079808702822 -0.072219328789 0.085917445627 -0.091909619326 -0.11707416557 -0.087437499114 -0.087063038858 -0.024308286959 0.0080867561294 
-0.082605777232 -0.23131754531 -0.21847798411 -0.19260198482 -0.16638356737 0.041795871675 0.34763892812 0.2918686393 0.42211332172 
-0.040843279004 -0.035971398913 -0.086162268662 -0.023869757064 0.16237399019 -0.056904612168 -0.077595997901 -0.04642885558 0.046998880505 
0.10457182921 0.10170857388 0.023003598105 -0.16462433765 -0.21765927351 -0.23819613015 -0.18090958362 -0.20320720363 -0.13434258148 
-0.094201588969 0.047283654586 0.41722743201 0.2633104114 0.43377105331 0.61187712547 -0.059578149714 -0.07585586246 0.45960425361 
-0.052588174221 -0.032371197375 -0.070115330013 -0.033056342267 -0.041980921475 -0.023036178815 -0.0012375795921 0.1374870253 0.20336491682 
0.0063245101421 -0.096885985167 -0.17110438405 -0.24232813678 -0.22558805095 -0.1555261964 -0.12378632443 0.20617409069 0.21665632365 
0.39324939102 -0.008614014166 -0.048047284649 -0.0067178565161 0.0043017556015 -0.065278171784 0.14091327055 0.44840960865 -0.026095502175 
-0.029774943432 0.049239772616 0.14217371016 -0.076029317583 -0.21559056312 -0.23633795802 -0.19257379915 -0.17268618803 -0.092038057654 
-0.04792330766 0.53851348738 0.56395367691 0.013211904092 0.039589713886 0.028047895598 -0.058767824302 -0.063953568752 -0.045888825302 
0.13561371599 -0.0038067383261 0.00023720535109 0.0040119893363 -0.0045271718536 0.26257948161 0.26655744792 0.084136312022 -0.069489565426 
-0.1576290728 -0.22243933148 -0.20567785593 -0.21099831636 -0.15114701192 -0.13818821437 -0.10016842301 0.025695616329 0.40257585988 
0.33112747602 0.49506454702 -0.0051628340897 -0.039432718348 0.41643507334 0.049841745334 -0.051481124917 0.0098122060861 0.00081463120171 
0.014191808408 0.096462310593 0.18919817025 -0.18492513117 -0.17541212969 -0.17597390931 -0.15958274451 -0.11204208238 -0.072977852048 
-0.077922592261 0.18160633631 0.55505415318 0.56108099762 0.19023639713 0.46671174455 0.40997369143 0.039040397756 -0.005413718614 
0.031859952314 -0.040888703948 -0.058006855819 -0.05658221617 0.33788892746 0.019629530064 0.10577446559 -0.012235472286 0.1208648866 
0.40287267613 0.20557823107 -0.041174625773 -0.12160477897 -0.1347069929 -0.12612760721 -0.13823219196 -0.12084158213 -0.10817771036 
-0.12120653313 -0.08697739628 -0.051739962225 0.037096177137 -0.030103955203 0.065128556622 0.065832220191 -0.037929022841 -0.051630674427 
0.0027061838113 0.020820210921 0.038639687917 -0.013818219643 -0.071043609137 -0.028698888646 -0.10057617577 -0.10216898983 -0.081362367319 
-0.11489509359 -0.055579313118 -0.046812221361 0.024513034202 0.37150604755 0.62901252446 0.18227416213 0.35931527799 0.33741693862 
-0.0081695254939 0.2696059092 0.054353118345 0.067311487257 -0.031032470445 -0.033535571618 -0.056467982888 0.065687175144 0.010737942693 
-0.012269603585 -0.040498144709 0.4018245181 0.012546193296 -0.062121398444 -0.052198555021 -0.051600849926 -0.056152103629 -0.065388365597 
-0.041625250077 -0.079538290389 -0.053016446558 0.15980997774 0.51410207081 0.27922212729 0.02218301264 -0.0278291338 0.24677696958 
0.072342924151 -0.054327314324 0.049426426412 0.030271447291 0.011537877035 0.028645292223 0.19267954146 0.050522406489 0.022517643296 
0.021800015001 0.019520707036 0.0021187554015 -0.022598814921 -0.020590302014 -0.016039337609 0.17128499238 0.45851188804 0.046919871853 
-0.01770262614 0.036509685754 0.055099261754 -0.031813108573 -0.04163604794 -0.067903836245 -0.076245429275 0.02751481748 0.023440545555 
0.028379864364 0.34853393949 0.65553841072 0.46442747238 0.21459419355 0.15610441452 0.12055863199 0.010288809191 0.065944579735 
0.057524002569 0.020998969794 -0.0068998385587 0.0092333428458 0.26389426466 0.038823995986 0.54600856956 0.36139595329 0.23667018221 
0.22603781095 0.012156549058 -0.0020878201566 -0.036687878541 -0.03360256642 0.031222670384 0.052156188249 -0.04445460469 -0.0639899811 
-0.080459415053 0.084225011116 0.079960254192 0.19338388855 0.18036823473 0.49846794017 0.65892085975 0.66838787261 0.46549976647 
0.064971926357 0.083985451086 0.081299636472 0.05187508317 0.039019647564 0.027102440379 0.023306192312 0.068896020417 0.30343207236 
0.028471743891 0.032630883049 0.038027283012 -0.055741758332 -0.054921325414 -0.062650730495 -0.092351679333 0.19879082111 0.08078791735 
-0.051189469529 0.38294890625 0.35072460155 0.268385269 0.21875424824 0.1308663607 0.10842273957 0.10751566061 0.098149573247 
0.068621763292 0.062976096976 0.035039212505 0.51629915974 0.24979936552 0.18170713898 0.010764211034 -0.022621414807 -0.028246142989 
0.14062987713 0.072146338077 0.03613857585 0.020344682966 -0.071874932384 -0.082547621418 0.33882602396 0.6288258011 0.72015556937 
0.71548049341 0.56724646935 0.46260403258 0.16410484199 0.090424828461 0.076855204754 0.055741580467 0.035953386024 0.024165812519 
0.097831131391 0.32417129455 -0.063846801711 0.42061911998 0.13891607043 -0.026214750092 -0.055795701858 -0.05691477203 -0.0807007321 
0.12410065438 0.1586735396 0.10030867223 -0.076940838048 -0.096387519632 -0.095796527386 0.309809266 -0.10893797415 -0.021811815205 
0.52638384467 0.7549090546 0.35436311531 0.25171355776 0.1275904719 0.17621316944 0.10983466388 0.095896254727 0.086745840825 
0.074064627082 0.048929470936 0.027127719352 -0.0211255837 0.18840358143 0.17479801155 0.11730840036 -0.0061027122007 -0.05416223255 
-0.081341823548 0.10649433216 0.20339442734 0.033190472885 -0.099213427194 -0.11198254673 0.44802083004 -0.11874855451 -0.12904703263 
0.67901254749 0.57619318528 0.75926553728 0.75630555841 0.63491348828 0.51436609899 0.35403110755 0.11079080665 0.092588791836 
0.085735191401 0.084230077632 0.072473440629 0.024950436662 0.33686266362 0.16149131033 0.15970605278 0.082632563554 0.023219891267 
-0.030420550581 -0.079662228335 -0.10218659007 0.43216854941 0.28334064332 -0.10234242254 -0.12430547054 -0.11933128937 0.0043888180845 
0.068405593396 0.67505695515 0.68803068537 0.23873894834 0.13159479128 0.075439121652 0.079365294782 0.053860751952 0.024709033535 
0.0094478900351 0.022874378671 0.16746749979 0.038068140935 0.11794910696 0.2084719646 0.12264935907 0.067879810979 0.015874022845 
-0.064727449598 -0.10033589291 -0.11993250148 0.5632673956 0.4524214115 0.32969942937 -0.13663488162 -0.13823707945 -0.085230979188 
-0.16312031173 0.718363601 0.75538430151 0.69628918951 0.57983244218 0.42996845858 0.29369954849 0.1614694989 0.10050403205 
0.075368537487 0.058563725985 0.061526051493 0.057510629097 0.049270007898 0.01809397476 -0.0026201660202 0.026206195089 0.25901169954 
0.13036303738 -0.020205286267 -0.086649087734 -0.11386001925 -0.13671266207 0.04624596843 0.62341116628 0.52067405105 0.6540285293 
0.69083327351 0.58648083626 0.45445947213 0.33827198704 0.19895378614 0.23645858575 0.1190024435 0.056060914741 0.033051771064 
0.038610336502 0.027521519998 0.016136879292 0.02494067464 -0.0023122352375 0.0054369473758 0.068161272003 0.1115605627 0.067648257867 
0.13566173099 0.39256032085 0.27551212978 0.1791094358 0.035355044144 -0.03916603495 -0.099679189499 -0.11531481967 -0.11300977425 
-0.14236172448 -0.15291433954 -0.17276259026 -0.1252521726 0.033951399299 0.58972845232 0.61601063563 0.62951545611 0.48358148742 
0.3174010861 0.15173170667 0.062997396127 0.010982551609 -0.01347616825 -0.024828720536 -0.028609713106 -0.038829933266 0.09281963654 
0.14887985197 -0.036056474678 0.21299448971 0.15452095289 0.03848964025 0.052334867904 0.46762188379 0.38187922873 -0.036530506458 
-0.074942009478 -0.07862352676 -0.1196575815 0.5348228031 -0.12343973367 -0.11221901877 0.61718398878 0.556778367 0.19686024625 
0.086996929462 0.012784868547 -0.018612950871 -0.010962380638 -0.031684161984 -0.00813518759 -0.015631082868 -0.048988949974 -0.05655216028 
-0.059095051258 -0.012119377799 -0.122473292 -0.02607577052 0.053568178768 0.13190839414 0.29384919335 0.11685767737 0.14795907641 
0.0014976187231 0.12136887963 -0.0064168141303 0.024112028687 0.065083270023 0.46933520207 -0.013285862923 0.034675450542 0.56804425546 
0.57194227284 0.45959909354 0.56183831289 0.35442966091 0.24080556853 0.13487871697 0.021638377158 0.071167859699 -0.032266381656 
-0.065087174297 -0.041707233893 -0.052144011293 -0.069073296698 -0.090996839569 -0.085495258631 -0.048892159215 -0.1146085344 0.19748275536 
0.15252762081 0.08527162837 0.41932910128 0.37104007089 0.3324082634 0.29121485887 0.26336094946 0.18335883824 0.20593081809 
0.20792604275 -0.013367753192 0.0520459665 0.51201076839 0.48775804688 0.51030021513 0.28685615826 0.48493872328 0.28119138123 
0.2582871204 0.17364951739 -0.0012698092822 -0.087991158579 -0.062602460989 -0.078642811062 -0.094785638742 -0.12788045549 -0.12578077584 
-0.11779093864 -0.17168167317 -0.041983251014 0.27472059773 0.31844091042 0.20538045859 0.13564165707 0.39437405362 0.31510514365 
0.33599086766 0.28895495564 0.074935454087 0.39253413758 0.39629153426 0.40767281501 0.39925406044 0.36958884584 0.33913570209 
0.32166735508 0.31445434536 0.30811051221 0.36988651336 0.17724925703 0.31847619586 0.21710597274 0.33432639737 0.012921761964 
0.11653679277 0.19909215229 0.10553023888 0.137346583 0.0862194423 0.12288925556 0.062876356687 -0.05824265842 -0.09117634334 
-0.1109168883 -0.1177502922 -0.10365153204 -0.11302181051 -0.12489980121 -0.18289126842 -0.15956767604 -0.10856038712 -0.099912396756 
0.36809880126 0.38817442029 0.34961933427 0.37882758899 0.36769148628 0.37924986866 0.37488492804 0.24229324771 0.28396288697 
0.36731672655 0.039673073271 0.026437154768 0.019670621149 0.062091706133 0.013763765378 -0.0091275414586 -0.055079775959 -0.073340409952 
-0.11155964951 -0.12530257405 -0.14353044815 -0.14614235839 -0.14811984494 -0.16848977623 -0.16622278797 -0.16625731407 -0.18168602172 
0.010599374369 -0.037086831979 -0.057817539289 -0.036305474333 -0.040874617766 -0.08037926832 -0.13843158622 -0.18449133387 -0.1956292357 
-0.17461415351 -0.17517732792 -0.16406740847 -0.1293109834 -0.025043747665 -0.022384033025 -0.082182760402 -0.13200208983 -0.15852012999 
-0.17457885505 -0.21052690471 -0.20376666944 -0.15698671345 -0.12954787817 -0.15930117872 0.0024484256449 -0.017420397935 0.0051734334141 
-0.021995288218 -0.083501039714 -0.13210809713 -0.17596035488 -0.20438426942 -0.22106507583 -0.2349048891 -0.24026973302 -0.22368237988 
-0.14897110499 -0.14238053953 -0.004823414298 -0.027705619805 -0.19895064851 -0.25004483335 -0.20990446813 -0.13251577529 -0.023393331804 
-0.068195006973 -0.1433494221 -0.20112018081 -0.23151524129 -0.24748224402 -0.22403256045 -0.1918982151 -0.087348125339 -0.046668128001 
-0.12101338994 -0.043262659985 -0.078607426579 -0.017817135542 -0.15272492047 -0.22115499087 -0.005233505678 -0.10806717993 -0.043399055317 
-0.11319752295 -0.11862384014 -0.12312173945 -0.011113260813 0.021759325626 0.018681162153 -0.011381573382 0.01519018595 -0.016874110765 
0.024654294333 
Circumferential_Strain 1 1000 double
-0.18697393966 -0.13069062615 -0.22416229241 -0.25752557172 -0.27072366359 -0.20813845216 -0.16271011461 -0.24142509355 0.095795689155 
0.07244537994 0.15200657853 0.021620947521 0.039289609125 -0.062827458275 -0.0071250045314 0.036862933424 0.059632105494 -0.02863455342 
-0.0083467580781 -0.086701454486 -0.081879792296 -0.19039549199 -0.1361356138 -0.27872795861 -0.14770454912 -0.26067414709 -0.2242853081 
-0.25183742204 -0.25825163461 -0.24575761906 -0.18219385177 -0.21370041747 -0.20479367679 -0.23162145891 -0.24765150201 -0.21072383881 
-0.18805933317 -0.20033411607 0.21505526359 0.26045144616 0.11756947669 0.17655057318 -0.0081106589271 0.022631077084 -0.038927022596 
-0.00068092150762 0.056058806774 -0.051427205631 -0.096824477344 -0.21734758351 -0.22338080473 -0.24199535238 -0.20835548961 -0.15334354915 
-0.17440890097 0.27309371313 0.27933482897 0.29336703273 0.21146295616 0.07442743996 0.21171954425 0.080721466253 0.035408727184 
0.048922368904 -0.007671711275 -0.13708734026 -0.18184316099 -0.24309822457 -0.24837711542 -0.22813220369 -0.10084812737 -0.19625141753 
-0.12936761786 -0.059877208784 -0.050169256625 0.28583743292 0.19115246183 0.059477653056 0.053618783424 0.046998058069 0.036087269457 
0.031259179868 -0.039023007577 -0.08734750106 -0.21802549478 -0.23672229746 -0.233287703 -0.21469362731 -0.08709276952 -0.16725826406 
0.0012990366603 0.012044392008 0.059928480321 0.067382466747 -0.037428327801 0.26329054993 0.18587328443 0.056105642406 0.068494570407 
0.0029217513393 -0.13828067188 -0.18141786478 -0.21761742675 -0.18771074055 -0.13356621796 -0.14133912942 -0.097309235856 0.11004964589 
0.001747511453 0.1433363638 0.1032578017 0.19177236916 0.056109521605 0.046155655291 0.033793057552 0.031953895672 0.034267749325 
0.050052861645 -0.037275204932 0.0046999289325 -0.087242997466 -0.21129564656 -0.22001070179 -0.21017233687 -0.18937846159 -0.098510913779 
-0.069912220401 0.012264082989 -0.04789934615 0.11803499589 0.0096288857683 0.16622480368 0.12607626143 0.15423661523 0.10091900526 
0.046210735111 0.013013338734 0.021824343292 0.033783979828 0.051546576961 -0.036507048173 -0.13284082876 -0.17026826252 -0.19548048559 
-0.20309892683 -0.1925282887 -0.13441872591 -0.081033290763 -0.064565587466 0.18920053008 0.01811193598 0.18543745054 0.14412982734 
0.1081893892 0.051784921326 0.024140183391 0.017315142088 0.0049733224545 -0.077477481496 -0.11615053271 -0.15535919552 -0.18871881529 
-0.14226812464 -0.040027932349 -0.0053064006126 0.0032838085161 -0.02417381563 0.11957766402 0.036500260009 0.16559682014 0.10230541585 
0.041355745545 0.033311956299 -0.0047446687903 -0.0097603357374 0.0024778384432 0.0320779555 0.047163023547 0.051856969011 -0.026211669147 
0.010141521082 -0.18673223871 -0.16412800563 -0.16996400589 -0.080160204503 -0.035021066492 -0.002879488221 0.03224759712 -0.0020598529698 
0.13687928602 0.12013563123 0.032832942429 0.039096751083 0.0078645333151 0.01610681991 -0.03506566761 -0.032785974034 0.043015919794 
0.00035731727081 -0.052104310933 -0.11128759072 -0.17136659009 -0.12302215924 -0.069689723985 -0.015414849706 0.014557529216 0.035320976739 
0.037976345464 0.041210870233 0.081436111389 0.12966632793 0.026390912333 -0.021930503823 -0.044383073057 0.031761518741 0.046203355197 
0.00047643717397 -0.057575009441 -0.12920210531 -0.16867854603 -0.1396341846 -0.14875264268 -0.014415704107 0.062974911959 0.065643405382 
0.17251447649 -0.030988578223 0.034831002165 0.01756735301 -0.014149786249 -0.062485867864 -0.066103902652 -0.084816794782 0.043487046655 
0.042335008293 0.03129604146 -0.086148542317 -0.16195640526 -0.15044459015 -0.074595575811 -0.092956477965 0.043057331362 0.062067052542 
0.075345981924 0.067614483618 0.067810545207 0.13885225845 0.19745852534 -0.055429738876 -0.090729069676 0.020795530669 -0.005911759909 
-0.056280663061 -0.097999502489 0.039435733936 0.047136098467 -0.0017213961239 -0.12521084459 -0.1304267967 -0.15509120858 -0.016524724634 
0.046922702586 0.044165114723 0.096866998729 0.099763595251 0.089266713905 0.086165890617 0.070946345814 -0.1217024466 -0.11083643857 
-0.046266673163 -0.098858979556 -0.121183845 0.055812666155 0.04240720859 0.034184790517 0.057006519055 0.056017384656 -0.034821408407 
-0.043044200743 0.10952746172 0.13694866837 0.11743549387 0.11257955925 0.051044961171 0.061056394057 0.18996842314 0.15370123193 
0.020808288415 0.0022124703081 -0.093297372521 -0.1337860915 -0.1454409719 0.08312725489 0.048242630635 0.08738673535 0.034053615441 
-0.084451420928 -0.14389299162 -0.11323476069 0.051498696895 0.12323928324 0.15296250794 0.13829581581 0.15666186215 0.096375715462 
0.073832993162 0.054614975852 0.083106610767 0.13126469555 0.14300914119 -0.17207147082 -0.07962461985 -0.12553876417 -0.15212612154 
0.038318162083 -0.02987444665 -0.13488735046 -0.16061886335 0.081531970664 0.12905251564 0.11687302334 -0.10688877378 -0.12168772377 
-0.017055548339 0.050362994049 0.14798315851 0.17755821395 0.17758204817 0.12681090283 0.10084782838 0.06883890708 0.076571925535 
0.08825881594 -0.053450865573 -0.10696305465 0.035895734879 6.7446569895e-05 -0.15759383995 -0.16673935806 -0.18553107525 0.11716140322 
0.063225679459 0.13480049027 -0.0018121991561 0.13017168562 0.21121392513 0.20349761211 0.18401604985 0.15717657079 0.077155521719 
0.065590863782 0.092620508865 -0.21047596618 0.078080380357 0.033209831675 -0.021370888508 -0.14367761595 -0.18207504258 -0.19300316094 
-0.2024616918 0.1401793788 0.10992047107 0.18603221046 0.17350234106 -0.050147479914 -0.10515104397 0.04455121235 0.23382300205 
0.26158978904 0.23805253184 0.23983799889 0.20958400016 0.1641630731 0.13247215132 0.098983082325 0.064060571383 0.065946668923 
0.041289605618 -0.24089996536 -0.070717775421 -0.1160002066 -0.22175180528 0.09926293618 -0.17353849607 0.21828424694 0.2534873012 
0.25650068845 0.16117485453 0.076935927162 0.2848856786 0.27762020128 0.22634566881 0.19600855026 0.12949494051 0.093244776345 
0.073717183759 0.052597693373 0.062732403503 0.039300173067 0.0032400369436 0.027816697433 -0.25830956435 -0.0067748185533 -0.060267757181 
0.14002716154 -0.14757031553 -0.20240345504 -0.22752607035 -0.24743478769 0.18095838233 -0.24036127212 0.37317021053 0.22489450676 
-0.099373075762 0.184666128 0.30557813827 0.36771935143 0.35273460861 0.3266357663 0.25247650501 0.21041243543 0.18163996417 
0.16068307886 0.12660420977 0.067253615622 0.024260911326 -0.10101901626 0.16525138756 0.074128449763 -0.1784688488 -0.21026269443 
0.3166704851 0.2703025063 0.22226452105 0.36124338352 0.52653328495 0.46445172792 0.48657093225 0.46979449625 0.42686350587 
0.29410313959 0.098114691478 0.076017488918 0.052195777077 0.026853993055 0.004231174546 -0.022688264652 -0.0068553040634 -0.25466033923 
-0.025919007552 -0.24089025128 0.26268347179 0.11908795222 -0.1352456045 -0.16975531497 -0.23448565477 -0.23731320178 0.3916416889 
0.43960197718 0.4929469156 0.09485325063 0.44252159688 0.3822249929 0.32684584381 0.26151810528 0.2186758391 0.18854038191 
0.15608929109 0.14639767784 0.11498487962 0.021919484908 -0.0018995675748 -0.24764166107 0.068328364328 -0.065756083636 -0.21871730381 
0.2112434811 -0.19930335156 -0.19567851139 0.3164797278 0.49044406244 0.51280527616 0.33655507276 0.42601628007 0.41329221008 
0.36426847461 0.22595726489 0.17994738731 0.12162749988 0.082661610682 0.052977981284 -0.028991050517 -0.019416280102 0.16333542293 
0.026824956161 0.37006690529 0.3055859169 -0.10884693066 -0.1508769885 -0.206110441 -0.175409575 0.49134580559 0.41773788549 
0.52032044665 0.24803097447 -0.075451044262 0.10325612018 0.33355979161 0.37756754558 0.37133039811 0.29369599649 0.32604661764 
0.1810359668 0.13035761276 0.095763715097 0.052055392305 -0.00484746393 0.016643872333 -0.014979084671 -0.032069547422 -0.21989242794 
-0.24212805788 0.2143631899 0.1246445049 -0.012501825525 0.099723034106 0.4091939727 0.25119996022 -0.084022538612 -0.17525774175 
-0.16967270672 -0.17695986129 0.52591826044 0.42553840601 0.47479942784 0.14988698252 -0.0323221493 -0.035337860849 0.14657956937 
0.26105531462 0.20727925387 0.15770837276 0.15365956051 0.084102855783 0.059096341481 0.013027191049 -0.014416627527 -0.008686207282 
-0.048727853984 0.48718889429 0.33739176688 0.090739115864 0.00055194841807 -0.1252630517 -0.15273574135 0.49032027807 0.5435734343 
-0.15839694331 0.29702049427 0.26231232571 0.32191570429 0.32576373621 0.33342907694 0.29628705959 0.24644290169 0.1857973195 
0.1094875923 0.041018427031 0.035426644187 -0.011648990933 -0.036172886136 -0.22654560767 0.32159109662 0.27184997515 0.19273094368 
-0.19437454398 0.54539277744 0.51542693301 0.43274445868 -0.040129790324 -0.11575255281 0.37343902745 0.056430694337 -0.055702249294 
-0.028087452458 0.098726019249 0.20055263421 0.31765302637 0.12021739117 0.052951778431 0.022565265987 0.0070925339498 -0.026186173317 
-0.035895444155 -0.004943066365 -0.056689566519 0.00071126903254 -0.2247005476 0.36000603701 0.26559602721 0.1913675213 0.19025792085 
-0.19879402284 0.52169806788 0.53303556104 0.078036592901 -0.037000062879 -0.098202128901 0.3987389858 -0.13392983499 -0.15026885545 
0.18289939857 -0.06019204059 0.2686639104 0.29995984425 0.29404759429 0.31082091114 0.22849962799 0.15553428984 0.076428739921 
0.0083546656592 -0.0071795821877 -0.024278460039 -0.039973049044 -0.026326552909 -0.016311110387 -0.20151170543 0.43675719312 0.34303185239 
0.26846776139 -0.19769927648 0.47346569201 0.51380477704 0.057727614027 -0.0079279001382 0.27089915778 -0.074622022108 -0.11726614107 
0.0165699086 0.12241348174 -0.070640498602 -0.046871781263 0.069345094985 0.16481039875 0.26155926401 0.27954402562 0.20699579444 
0.07858914768 0.034789647907 -0.00658288643 -0.05640613867 0.023227985176 0.012656729981 0.45199608222 0.50252721699 0.49907985936 
0.43994603259 0.32940915508 0.26509001416 0.23705002854 0.35745405568 0.17630919331 0.15485491578 0.05428028029 -0.15340282587 
-0.1596952927 -0.0062226612291 0.01272278554 0.30314867699 0.31208740007 0.12978447238 0.023187081154 -0.022099981492 -0.030846511703 
-0.054614289815 -0.076192408991 -0.032300081905 -0.028943099344 -0.14363467319 0.34321877808 0.41599463107 0.46043171721 0.47249847127 
0.40259126245 0.31909831656 0.24981615367 0.081575559666 0.14438917547 0.24740055214 0.1161629788 0.028209993897 -0.1047025733 
-0.045453573547 -0.082350376026 -0.082916736626 -0.062597840607 0.07835508723 0.21091687016 0.29059420545 0.31698441967 0.31055755762 
0.26367717712 0.18952415266 0.055015129504 -0.0067134502141 -0.033362076393 -0.04339172319 -0.070128918159 -0.02006886699 0.054455703251 
0.036518894908 0.45119778059 0.37878798851 0.30802112242 0.2233540058 -0.09012684666 -0.016239356148 0.037386044736 -0.086537311169 
-0.11633678085 -0.0036244763124 0.13714717194 0.2522175639 0.313249311 0.30020750526 0.3193430318 0.30339785435 0.2592500033 
0.1206576174 0.0028983174553 0.063059705431 -0.041014641091 -0.048693464377 -0.099736955641 0.053111342052 0.37023285288 0.41076188194 
-0.053445488697 0.12847822914 0.22497602962 0.30876525774 0.43111229233 0.42262136796 0.35725282291 0.29079029266 0.26486873422 
0.20457477631 0.13831262539 0.067391991574 -0.016283743583 0.0017541028374 -0.051888078878 -0.10797766022 -0.10121275398 0.011362906705 
0.20290473423 0.30772973517 0.32255566876 0.19321780518 -0.059542949138 -0.058105714831 -0.077900923465 -0.1078953326 -0.030603210864 
0.083706058987 -0.014655948459 0.25176253112 0.30734984628 0.40319075823 0.36872660023 0.022084457268 0.094193492481 0.38882398824 
0.33300901961 0.20789911332 0.18165286696 -0.028756539593 0.13954653598 0.079879327845 -0.13454505191 -0.11424581343 0.27229901047 
0.31072732576 0.3125478836 0.26904417994 0.13109245796 0.072214530803 0.017390249219 -0.036438446938 -0.067515944705 -0.072367410195 
-0.08085538877 -0.025364482095 -0.0069627257332 0.066975071301 0.11927371652 0.007196845459 0.17635771993 0.34043592854 0.26979072978 
0.34666752594 0.2589900209 0.27836603405 0.20193825659 0.083082011676 -0.0257611175 0.067231642142 0.038427916785 -0.085141259831 
-0.12295765602 -0.073529889508 -0.13913663248 0.085862320719 0.18765880737 0.27364680575 0.32767230027 0.28979194696 0.32308285833 
0.28282225577 0.20772320957 0.0089043681642 -0.043096372159 -0.088145953253 -0.10853573322 0.042583178423 0.060813127016 0.11074837706 
0.046594134868 0.016421947255 0.027722562451 0.085653553279 0.1356463624 0.17498826299 0.19256757224 0.26278278942 0.22926067041 
0.21449950497 0.10133095259 0.028481492876 -0.06738331426 -0.1318003792 -0.10941185433 -0.12891025911 -0.13560386998 -0.027878015104 
0.089013960946 0.18913403214 0.31478607571 0.22437747069 0.14265868341 0.074592246333 -0.076211619812 -0.085720540149 -0.10560421248 
-0.098480133635 -0.0068912249508 0.1244608106 0.022695333999 0.022774988283 -0.0063435296194 -0.0041030434449 -0.048623263766 -0.057839252215 
-0.051875521384 0.093097348268 0.019289469711 -0.066374844907 -0.026799904132 -0.0056390794559 0.014474426275 0.028486362344 0.07363072775 
0.08340354191 0.092708427105 0.084886820072 -0.087095439226 -0.15109796165 -0.13255073645 -0.11813858235 -0.11184867755 -0.10898710211 
-0.10552073041 -0.13998176237 -0.039885142224 0.037115145834 0.035095298328 0.18878244074 0.20991435155 0.31180594932 0.28169683753 
0.15183228143 0.074110905447 0.0055023799344 -0.049401807593 -0.014241640536 -0.016824200371 0.050860794462 0.083675237773 0.12509413436 
-0.04513376343 -0.039997706118 0.014327000171 -0.034057216785 -0.024887010865 -0.010587213734 -0.00052815703084 -0.089892776703 -0.0679462807 
0.010571861646 -0.080130882035 -0.056474467291 -0.042351172234 0.046924134536 0.05820716433 0.22972349181 0.23515605689 0.22712201505 
0.23322272483 0.17588663871 0.039466690774 -0.021609302772 -0.063666822351 -0.075269678022 -0.091811557579 -0.11532270575 -0.03120965663 
-0.034636292257 -0.029565631036 -0.01837413064 0.0688165816 0.086609583765 0.19314022812 0.10654521273 -0.032996291467 -0.056942913916 
-0.059403987957 -0.054920585878 0.032978545153 0.082727333405 0.0040409286527 0.09727407028 0.13921364061 0.1165045527 0.06671972354 
0.013161009656 -0.071772654817 -0.1013539928 0.0089157862698 0.065213600579 -0.014791064552 0.024134648146 0.086734923766 0.027511226063 
0.058021079639 0.08052698259 0.065656299983 0.036502604859 -0.003143925458 -0.032828001585 -0.049348958653 -0.069115727244 -0.092618282996 
-0.088662615738 -0.0035333285099 0.016532392379 0.029372775032 0.013886643063 -0.056227077012 -0.071579271649 -0.035562321725 0.010220810206 
0.027210776735 0.031733912859 0.003797895355 -0.010750114771 -0.030132869171 -0.040465147829 -0.057129073806 -0.052964215968 -0.016846740931 
-0.0094833588424 0.0025131492709 0.0087887749271 -0.0026529602719 0.012506106469 -0.012233537419 -0.02191830704 -0.039440916399 9.4811002654e-05 
0.0021437540777 -0.005581556317 -0.024894968196 -0.018674984962 -0.004585578066 -0.0073649507074 -0.0071968032147 -0.011902735951 -0.015663373362 
-0.015967240012 
Radial_Circumferential_Shear 1 1000 double
0.042240856514 0.036201977357 0.058291466135 0.057395861663 0.054181630059 0.046443996516 0.031618475291 0.059320536359 -0.12636240836 
-0.099284572642 -0.14673853907 -0.033428037522 -0.071735606225 0.034697872971 0.013751711212 -0.068851201988 -0.08279306484 -0.009677401293 
-0.020465490783 0.020824390519 0.037914419162 0.061673184073 0.040146449571 0.023509981599 0.069489573075 0.055979662838 0.080161829833 
-0.025061419293 0.028763858811 0.067014845901 0.083920565862 -0.041468620185 0.0005377733662 0.011073832785 0.058040312841 0.016297513673 
0.042208079546 0.06864491975 -0.15384613016 -0.18885649304 -0.12419963184 -0.18142889513 0.032452583838 0.01398997495 0.026366254913 
0.046087273995 -0.045497329114 0.066392417128 0.062302941702 0.072737805047 0.081386795173 0.057950968189 0.097099837567 0.054016424578 
0.087896795321 -0.22937706806 -0.26520504585 -0.28509563897 -0.23009928178 -0.09660902071 -0.25660440361 -0.13637735797 0.05658680662 
0.042235491554 0.044307668409 0.056251446486 0.043149445695 0.044613395 0.028142130926 0.029382796978 0.037889354079 0.043226166817 
0.076661247617 0.015518170737 0.048318973955 -0.30097980867 -0.25689055748 -0.10269567432 0.0041035326474 0.022636606153 0.005692231121 
0.019500763362 0.043479421735 0.030287272405 0.020299722874 0.0039745764853 0.0091246109198 -0.036400284419 0.088314983848 -0.0020083497724 
0.018132090756 0.068779203565 0.037303011254 0.091861765126 0.1019786062 -0.31355943662 -0.28869314699 -0.01206154243 -0.14706142375 
0.010820526334 0.013652593221 -0.0028587067639 -0.02541089373 -0.10037256302 -0.022573246938 -0.13721538465 -0.0058651217851 0.065828081761 
0.12845411245 0.10337963046 0.12406182101 -0.3370667811 -0.036631335063 -0.029222223703 -0.042931294212 -0.039127381177 -0.015501216532 
-0.019924252984 0.0096416985176 -0.0083443637446 -0.0014767524745 -0.014003730155 -0.010030003667 -0.013808124853 -0.099798035824 -0.13635356249 
0.026518754311 0.12609027658 -0.038917672198 0.15804262197 0.10442975736 0.14248884855 0.18280231251 -0.34292476256 -0.24495641603 
-0.055562339751 -0.08389442475 -0.10309292106 -0.028534593212 -0.0446277898 -0.0078854842484 -0.018608448779 -0.029289371063 -0.025079492113 
-0.015984720651 -0.0643710643 -0.15072008513 -0.15069766398 -0.10259983204 0.1679081246 0.10554023713 0.18063467937 0.19084240753 
-0.30191170125 -0.062400014486 -0.07921306871 -0.16827457321 -0.016159642333 -0.022627888851 -0.036136700254 -0.036352468889 -0.031602661124 
-0.13554950215 -0.12118942697 -0.083794108043 -0.083976907829 -0.04918200225 0.18450726443 0.067892548783 0.18195196619 -0.33492968367 
-0.082589263038 -0.08164523455 -0.10896598756 -0.11465226246 -0.19568638529 -0.027844605136 -0.047663489811 -0.068286951839 -0.01992197308 
-0.019344450084 -0.02704718548 -0.029574349384 -0.087371591765 -0.14892619606 -0.12426486779 -0.090619261899 -0.052480084092 -0.048399657857 
0.17680525597 0.17560594746 -0.27237140324 -0.094315396276 -0.10238400432 -0.10719887701 -0.13060022425 -0.1384118386 -0.045946736358 
-0.023102742964 -0.033344159814 -0.034135705613 -0.056640723352 -0.14046319893 -0.15191810816 -0.13166499477 -0.096887018381 -0.064998340902 
-0.054168116512 -0.01955791517 0.095845438688 0.18017528594 -0.30093952893 -0.12793346339 -0.16966893235 -0.030283588677 -0.07329454522 
-0.023180761204 -0.020320329725 -0.019788146342 -0.03413636483 -0.11821465391 -0.1006465436 -0.1509280482 -0.026427429859 -0.007734690707 
0.21763734476 -0.22540116027 -0.10726212576 -0.12597624455 -0.14048850814 -0.14205820911 -0.14144624693 -0.14305425779 -0.04021072618 
-0.058402125702 -0.024910718361 0.010244705644 -0.064161257774 -0.022445621359 -0.15694604375 -0.14841815626 -0.099912000638 -0.069964524754 
-0.038134749421 0.017158651932 0.070154022713 0.19943719496 0.2560374331 -0.23322463198 -0.16272700763 -0.1333170127 -0.15672934628 
-0.14983195153 -0.13829360771 -0.091318360635 -0.0055095044549 0.0098568850059 0.010266630144 -0.11966501084 -0.062936764717 -0.16247087699 
-0.14068626459 -0.12007775545 -0.072457283969 -0.044918109942 -0.0062793950335 0.01046304635 0.00086054839288 -0.17446575131 -0.162737436 
-0.16344459756 -0.1460757148 -0.12389902548 -0.042413352154 -0.070920807057 -0.1051172325 -0.018756578699 0.043184322654 0.05377678516 
-0.16357302902 -0.092874271844 -0.027481209943 -0.010987960087 0.016000725216 -0.016937231404 0.088832023812 0.25406635903 0.23651875861 
-0.13687384601 -0.15986330026 -0.15383875435 -0.12635587081 -0.094546074988 -0.0077624724107 -0.071843520168 0.016599224296 0.098537094287 
0.062501522229 -0.038934522093 -0.1284063381 -0.15596872527 -0.11324545745 -0.042270264603 0.026492157426 0.018124387575 0.01856391535 
0.0022894364282 0.004702702337 0.14372033836 0.19675192957 0.23764091495 -0.10314525079 -0.15530575254 -0.13084752811 -0.10338670668 
-0.1036330285 -0.16908243709 -0.13448524089 -0.10012618015 -0.031272358025 0.03349800486 0.069925942543 -0.12017690212 0.019519599231 
-0.17440937853 -0.16789787932 -0.13133715633 -0.050411374269 0.0091828550028 0.041643767529 0.033941598164 0.077295697541 0.14110151293 
0.18590507673 -0.14939718125 -0.11763789674 -0.11820850927 -0.15319318364 -0.11249638983 -0.053732981676 -0.052127566874 0.006768229686 
-0.071147063778 0.12930971535 0.13440355094 -0.1730976287 -0.063979933837 0.0069713264855 0.068380965563 0.062096186843 0.019724280809 
0.02391852919 0.20088050563 -0.046415423334 -0.075895005283 -0.11505521332 -0.13294963475 -0.097944464086 -0.096724824548 -0.075503801312 
-0.036324222403 0.004283892599 -0.030774966873 0.074214523737 0.035678241411 0.13325686979 -0.096846552444 -0.20978405141 -0.17332691532 
-0.091337040741 0.0087664966794 0.071781865866 0.061153855148 0.095614849089 0.066028407819 0.049345285787 0.059682020805 0.13716231239 
0.13440930551 0.0088023809119 -0.10363618685 -0.075281157695 -0.015675301488 -0.075389447765 -0.086679595259 0.029319660325 0.053987899415 
0.11543903617 0.19060819464 -0.25162885315 0.0039016924688 0.07737265299 0.11726362113 0.12011348207 0.080837555609 0.058863300236 
0.040880753295 0.08578844615 0.18393854592 0.13433429118 0.067332390468 0.13043918848 0.060739383127 -0.094759022985 -0.055719653004 
-0.036375930732 -0.06428455995 -0.077009638916 -0.062149176881 0.024439647327 0.0033835221394 -0.022608699331 0.13039709084 0.24929362707 
0.060026164594 -0.30231246054 -0.19304726032 -0.066843500379 0.013654239318 0.090227935499 0.14822903472 0.16337437451 0.15221669094 
0.11889228542 0.095873541616 0.053371125066 -0.046225875528 -0.035032250146 -0.045423138485 -0.077769855142 -0.05717257963 -0.048542097444 
0.022882901508 0.015931800648 -0.0076056363226 0.056890307283 0.015635381229 0.18783701897 -0.074100320615 0.02590757012 0.081354307 
0.14551920634 0.082327349498 0.064445480156 0.072277173852 0.082213212113 0.086178374499 0.029022550458 0.065044825417 0.10866649473 
-0.0087484052841 0.078957470446 -0.019183696534 -0.039283546117 -0.029480341916 -0.02372198146 -0.032087282525 0.018454053244 -0.014530771831 
-0.021045467563 -0.035306466757 0.30518291393 0.20784274573 0.12887846876 0.17660287455 0.19963218941 0.19459195389 0.1829783584 
0.17289355941 0.13957908757 0.11813971753 0.080526217681 0.036575293088 0.13958327639 0.00070500876933 0.0037469382322 0.13043456866 
-0.027602556463 -0.015069656382 0.073833886227 -0.0032661603913 -0.097803267039 -0.23021734441 -0.34103244727 0.26346578178 0.20647431407 
0.22029041157 0.21367604055 0.19325279805 0.15875527439 0.1006424366 0.088429124461 0.040093894453 0.027925250313 -0.00074897966906 
0.029381457542 -0.030963790793 -0.024247672726 0.0054189462303 0.0086379152628 0.0049445896489 0.037706714149 -0.10886556737 -0.041809558684 
-0.18520491159 -0.37152370543 -0.069450394822 0.30575720155 0.32674130695 0.29963349594 0.28719848252 0.22391800508 0.25478399206 
0.19681171365 0.17916545677 0.14022706074 0.10124851454 0.035793775172 0.095718190006 -0.036936917481 -0.011251067337 0.15814919057 
0.16193201149 0.02704132838 0.036567990618 0.036698276128 0.05178948094 -0.057090261986 -0.0073791093554 0.033431208785 0.012165303866 
0.022438381473 0.1254191573 -0.22731104396 -0.34862532333 -0.33339043148 -0.35484466912 -0.17953635347 0.14154067463 0.31942300878 
0.22948398384 0.20093021559 0.17808634106 0.18385593167 0.16151974957 0.12928151941 0.088508394906 0.05958212559 -0.039297174325 
0.0027943613976 -0.10581317141 -0.028235149905 0.054489219898 0.049265934465 0.034364910178 0.035005917969 -0.33758718628 -0.22027426793 
0.085687652749 -0.39422114215 0.35108407299 0.35282264907 0.34176365289 0.2957180813 0.25504295559 0.20515954225 0.16805411715 
0.16682005266 0.14015757512 0.10368724761 -0.11327154923 -0.089253155288 0.17113923517 -0.0068911099479 0.030096148995 0.050033655369 
0.16556108509 -0.21212716349 -0.14472833572 -0.07914448517 0.053716072679 0.044916405765 -0.39578546399 -0.29361084817 -0.1017561938 
0.15116744821 0.30179556638 0.3675609197 0.29855899348 0.1493410678 0.14639998308 0.10819316646 0.077258141365 0.063104720076 
0.010313344838 -0.10355632325 -0.061339718858 -0.18017502137 0.1633216237 -0.017311597452 0.038348175345 0.051716032753 0.041135088269 
0.17493585496 -0.31230177923 -0.2646935231 0.052135076252 0.060062128254 0.051440438094 -0.38530201999 0.057539189311 0.13432522249 
-0.37255732334 -0.072766105601 0.37863321946 0.34576074982 0.22314433445 0.28286201996 0.16468661239 0.13530237059 0.14338289572 
0.10764623801 0.069459022011 0.047477534251 -0.10571627256 -0.084178772023 -0.16383872129 0.14354489689 -0.086742792379 -0.003030342562 
0.028448535728 0.16560442775 -0.34565650014 -0.17617941138 0.055554419 0.058855934995 -0.39325751271 0.060870557944 0.088285110624 
-0.24816799524 -0.33417645343 -0.066399385824 0.13865618547 0.30486731796 0.37796474114 0.37372058525 0.17190959238 0.12829984469 
0.1154284701 0.11836749122 0.081844717079 0.030459086267 -0.23069613068 -0.20687460043 -0.31919620336 -0.26303613061 -0.19258079407 
-0.10117863516 0.0015383517239 0.0084752105093 -0.37065134004 -0.36402683724 0.028699582792 0.026154619861 0.054181180822 0.15735682127 
0.14019011808 -0.21557133062 0.27936094813 0.32369183534 0.22407674462 0.099475258274 0.089446679082 0.058543567634 0.026151350647 
0.020186338431 -0.009298168206 -0.13498079796 -0.14445984458 0.09483831324 -0.33006885438 -0.29563988339 -0.25917803671 -0.20909011109 
-0.069966110301 -0.0065573280234 -0.012907487913 -0.29485110885 -0.32551600902 -0.3473522955 0.027682324527 0.050919198497 0.10807218593 
0.064879225876 -0.079522011649 0.09457041897 0.20725908054 0.34761227719 0.37738078239 0.34500193695 0.26330421756 0.19641711754 
0.13354202635 0.094600644022 0.068737060601 0.053800045038 0.044807467336 0.013862365449 -0.0037226521839 -0.17057891085 -0.27123509099 
-0.23380529359 -0.17277499505 -0.064456035218 -0.031206985104 -0.023521239586 0.076159956575 -0.2016059244 -0.25219020824 -0.094774380524 
0.036321591127 0.28639298342 0.34889009608 0.34910434017 0.29492129701 0.3139326588 0.24853423266 0.15274320612 0.10662682465 
0.062875471571 0.024253561148 0.030134397846 0.016233027629 -0.0070894739131 -0.038366547123 -0.24445897534 -0.28813647451 -0.26599706514 
0.018221333877 -0.30764089257 -0.32522337897 -0.31214713481 -0.24452401088 -0.16426209898 -0.07139870919 -0.069728852312 -0.1046839388 
-0.045950533036 -0.0095109079739 0.0062350069377 0.034617020287 -0.023292102737 -0.15173509257 -0.059451254448 0.16227856804 0.28098155552 
0.3265053689 0.28445308287 0.20197721156 0.068269331842 -0.015635422179 -0.026821496114 -0.0303004737 -0.05931213242 -0.16001510178 
-0.27943277986 -0.18125797642 -0.31122348795 -0.3002497874 -0.25125280432 -0.26189557934 -0.23775558118 -0.28558144739 -0.17516272083 
-0.11621979811 -0.14731018937 -0.09928827213 -0.1772663961 -0.096779285828 -0.079285016562 0.034924475749 0.15110829666 0.31111269896 
0.25724631377 0.14320058946 0.090764813259 0.036156642414 0.0044520603926 0.00060267115181 -0.015390584467 -0.040568402829 -0.049278108758 
-0.053967513718 -0.1551157461 -0.18516340563 -0.24612215413 -0.28408089456 -0.0563400533 -0.31036869001 -0.29175335396 -0.2734554236 
-0.19903774533 -0.22582995228 -0.17646580292 -0.20040607176 -0.16995079551 -0.16638362581 -0.14366678014 -0.099950565911 -0.094014298039 
-0.02079757968 0.21629913841 0.048711775871 0.30610317475 0.32186405064 0.30418768584 0.20778910785 0.27905302443 0.144137767 
0.092448357702 0.053339420959 -0.026547875748 -0.046865304299 -0.075565228043 -0.0727289378 -0.20734164305 -0.2358215073 -0.16967572502 
-0.1477637855 -0.11794885936 -0.222696368 -0.258585309 -0.27667895776 -0.28824868007 -0.29311135071 -0.29703183251 -0.2924832802 
-0.25676923879 -0.16084904941 -0.15267808554 -0.10281138605 0.037313286349 -0.014663125332 0.12135049257 0.10125156566 0.23283691815 
0.30426571265 0.31312503514 0.22553988015 0.052430399176 0.019934576819 -0.014037818064 -0.068913448084 -0.091415955776 -0.091606326644 
-0.10146908448 -0.18603427717 -0.28153524295 -0.07279613504 -0.057824538618 -0.097023128861 -0.12033281943 -0.048559246086 0.043113756842 
0.023132971972 -0.14951552993 -0.15027183459 -0.0088844789879 -0.08472209108 -0.11404289996 -0.15001858753 -0.17410405524 -0.20884156255 
-0.20938047905 -0.19893588108 -0.16589732757 0.024089380014 0.082769994506 0.070247817504 0.063773448618 0.05205010674 0.1292062137 
0.13777988676 0.060399044491 0.19373804637 0.24774982544 0.23231808918 0.30191677996 0.27264978883 0.16352703174 0.11453441215 
0.014154667948 -0.023922870065 -0.047320100469 -0.067128798411 -0.17478531049 -0.19146042405 -0.22692054446 -0.25510180297 -0.28476082577 
0.0010154860764 -0.034403726158 -0.089153534744 -0.081282283484 -0.11050478162 -0.12343896832 -0.12998401583 0.065271185034 0.060131294473 
-0.12307192791 0.16157480774 0.17083753076 0.17006324332 0.22158826199 0.18987068258 0.22273053282 0.18035618035 0.14997628741 
0.075931852222 0.049389749756 -0.039414883335 -0.065411293522 -0.084462394438 -0.098538822532 -0.10232311854 -0.10430350573 -0.20533243697 
0.15672541891 0.11807356572 0.094471645516 0.15244423694 0.1417844158 0.11847081079 -0.0016211489791 -0.075047300415 -0.091814128529 
-0.20900771139 -0.1621668966 -0.23342113159 -0.26653487014 0.10524761166 0.13657159851 0.089764931533 0.036374170301 -0.010605502378 
-0.047917316416 -0.097830721162 -0.10271253323 -0.241435553 -0.26733630932 -0.19788133052 0.10626650585 0.11351650947 0.088934763139 
0.085213346315 0.067808051178 0.030179244654 -0.01278717583 -0.051382024543 -0.075650958481 -0.085460318596 -0.084897301207 -0.10437756214 
-0.19055727625 -0.21641955426 0.065452115601 0.061673527667 -0.018278726963 -0.068653119631 -0.11148658157 -0.21272354137 0.050740313108 
0.046340606024 0.02197712698 -0.0089169649858 -0.049943762917 -0.062898106869 -0.040488518558 -0.11009593803 -0.18998764314 -0.17698921957 
-0.2075152536 0.036085986805 0.031131682355 0.022162534059 0.015211751081 -0.02310170699 -0.15678240879 -0.093220803098 0.022300590882 
0.021169102208 0.016578768746 -0.010874611512 -0.082702649322 0.010734702691 0.011130984332 0.019715601989 0.0054945064945 0.0020197641126 
-0.059955652538 
AreaStrain 1 1000 double
-0.016431670843 0.063650427714 -0.10342813563 -0.150976774 -0.17113262906 -0.015455146095 0.090255051253 -0.072980884293 0.39763587976 
0.30172070274 0.49105007491 0.22899574424 0.26447895671 0.090098628252 0.12936772554 0.33921129135 0.44862080936 0.25752621247 
0.32448984938 0.1594119615 0.25148960052 0.096873479623 0.19090617554 -0.21195622619 0.090840828851 -0.10513175338 0.023429508801 
-0.2676278316 -0.15380633531 -0.035309176278 0.012986714201 -0.30236254459 -0.21662905656 -0.1967134095 -0.079321717331 -0.19463090103 
-0.096747879834 -0.073811352134 0.48606194326 0.42453594037 0.51336054177 0.52317831427 0.34397652555 0.35677898871 0.30098581523 
0.26376100194 0.41297861067 0.15623614624 0.078762934188 -0.044892494869 -0.063189254495 -0.095067323412 -0.0050902739762 -0.031661207063 
0.0046715551897 0.38023629711 0.41536986418 0.46620842316 0.47326094078 0.46018414325 0.52282768004 0.49592234532 0.17774609616 
0.13507755734 0.12651540324 -0.065150369777 -0.11184170898 -0.096676577164 -0.13414797282 -0.11918481099 -0.059286142431 -0.020731650967 
0.012021740654 -0.10139332483 -0.055170186809 0.53213524313 0.58274470848 0.44018120835 0.038146576143 0.14885303106 0.20043477998 
0.078519882073 -0.023933459863 -0.1036524927 -0.1471254276 -0.18171222969 -0.18449575899 -0.15427308275 0.044016605757 -0.040053338459 
-0.12713969351 -0.046351801917 -0.12864803118 -0.035240706963 0.06882925861 0.59017350449 0.59251891912 -0.023873294873 0.42899477987 
-0.040286923785 -0.14841515871 -0.16600248085 -0.20443841023 -0.18481494639 -0.029381701097 -0.21385660038 0.034473333621 -0.12005632091 
0.11847386404 -0.069391421643 0.0064890133786 0.57764108544 -0.019945011646 -0.052150232517 -0.040546171737 0.1352867078 -0.039963375125 
0.010222101125 -0.13423352914 -0.13014472743 -0.15655295855 -0.19564088037 -0.2141903427 -0.22132055543 -0.25197305616 -0.19288187194 
0.13349598383 0.18079166991 0.064205460249 0.070079138746 0.19897800476 -0.0067970460511 0.11952451685 0.53482376797 0.45387336539 
-0.080716119499 -0.069510829942 0.14831875137 -0.10894379131 -0.03443810105 -0.15621309752 -0.15663000875 -0.17475188745 -0.21676217005 
-0.23241646431 -0.25047914097 -0.30840404009 -0.32641061 -0.10220488065 0.038184973057 0.25945134758 0.18292826096 0.1707499298 
0.48084563253 -0.036488459257 -0.12584675395 0.21607590561 -0.15136507351 -0.13290184347 -0.13375737322 -0.17659982043 -0.24213232938 
-0.32048932434 -0.30512854473 -0.22032052038 -0.12328721981 0.090947203186 0.33416809261 0.29638986451 0.34273743907 0.48511220149 
-0.041166752947 -0.085369091703 -0.13434653477 -0.050461063057 0.27304028169 -0.13623111024 -0.086411112213 -0.038234504768 -0.12330730217 
-0.12903351557 -0.24655934946 -0.21668683446 -0.27692012316 -0.35687889319 -0.35535080118 -0.31911128828 -0.13019139994 0.09548772633 
0.43295622359 0.4409462882 0.3882828139 -0.047018248831 -0.11749146558 -0.07864586903 -0.12538802456 0.0044916687492 -0.11727860522 
-0.088860618188 -0.094650830529 -0.14778504424 -0.26026909062 -0.32582182468 -0.35498316977 -0.34046555086 -0.32264889311 -0.30114760448 
-0.26217822296 0.010603571514 0.30893435784 0.47129341791 0.40873588439 -0.13359197787 0.13236867947 -0.11738887994 -0.077389103238 
-0.061770827684 -0.10910377263 -0.19135460782 -0.24702841861 -0.29371107471 -0.26829776292 -0.33978723257 -0.2543512005 -0.18563867594 
0.46245205437 0.28126424014 -0.063612222655 -0.069639567355 -0.11967156989 -0.15049527343 -0.084781815722 0.030533460462 -0.092404512679 
-0.11114456422 -0.074841263134 -0.1274715245 -0.2410049163 -0.20119167786 -0.33701471718 -0.29003310915 -0.30455060301 -0.29527284688 
-0.28721180559 -0.0059527081309 0.28880307662 0.46338697952 0.40519516429 0.30548047441 0.14884443711 -0.063775176882 -0.092146965897 
-0.16955241563 -0.12878896077 -0.085346932139 -0.023177606009 -0.051098607894 -0.11157657544 -0.23140599401 -0.17830323949 -0.31338555114 
-0.3159552005 -0.31270600337 -0.28952686789 -0.2807288603 -0.25222594511 -0.18915852362 -0.066371962123 0.20096513 0.16789173486 
-0.15597798145 -0.19067084034 -0.062572866935 -0.042715101804 -0.08516093048 -0.060562948442 -0.038093482053 0.023646575856 -0.035536163274 
-0.22432856259 -0.30002284532 -0.2753483572 -0.25872349177 -0.23628462243 0.076509864814 0.39665885781 0.38072527942 0.4640104412 
-0.028095203444 -0.050091401993 -0.21579920156 -0.17385442799 -0.052414464388 0.021457778357 -0.032125994689 0.032985823115 0.061096502928 
-0.006844384173 -0.079184179557 -0.14677699015 -0.26465524789 -0.27601775106 -0.29209291496 -0.2380520785 -0.24927447431 -0.22701323201 
-0.19324419061 0.072827246173 0.465653105 0.35162262748 0.47208959931 0.10861776818 -0.17093781897 -0.23620427443 0.07839846239 
-0.015504784665 -0.085743510288 -0.23556379039 -0.22509586066 0.041263484016 0.095915369153 0.10028259945 -0.032610483179 0.029788913261 
-0.095423317386 -0.16693008091 -0.18181171028 -0.28054905059 -0.27312235449 -0.24949061059 -0.3100928678 0.31452777462 0.29045600403 
0.41371583258 -0.07433574612 -0.17284479367 0.031594764741 -0.0049728842141 -0.25694110162 -0.1153389592 0.015971606023 0.087567869596 
0.040378489108 0.15135976082 0.097279244567 -0.063414839644 -0.20241459508 -0.28014433806 -0.23532432143 -0.23384853518 -0.29266690738 
-0.097232222658 0.53979685519 0.023708676102 0.10552032096 0.082661444191 0.0088547858275 -0.23134271315 -0.29011634014 -0.29245673901 
-0.18357341038 0.13671089762 0.1205396703 0.16848747827 0.1580961136 0.139494916 0.081124459753 0.035092489596 0.042375128145 
-0.052610314951 -0.22419926863 -0.23113341349 -0.25248657414 -0.2370710851 -0.28664378266 -0.3702432051 0.058101536668 0.45817047674 
0.33826848049 -0.061894345922 -0.074129894333 -0.17240321197 -0.056226276033 0.16872633099 -0.26102469242 0.21652981345 0.22779993344 
0.22604151954 0.19518622039 0.15343774001 -0.099151570037 -0.13203342702 -0.21793953303 -0.22056468748 -0.31289676288 -0.38233485381 
-0.31501231158 0.2567186885 0.50551854047 0.52322769442 0.21046283063 0.41071158524 -0.14085677417 0.047742099312 -0.064055142779 
0.18750630557 -0.2178672358 -0.3144119898 -0.34960257551 -0.13899722988 0.20401404816 -0.24836638515 0.27680570331 0.2439291781 
0.19597775495 0.25109989652 0.14209079222 0.10977725135 0.063143579179 0.015439394346 -0.14548128245 -0.18937542114 -0.21278908621 
-0.24131230686 -0.30813596816 -0.20420639176 0.081831342045 -0.15779212782 0.250968922 0.16313091919 -0.25350536326 -0.321165207 
0.28573177957 0.27701210538 0.2663702284 0.2897712497 0.32366473313 0.29414827543 0.2434142842 0.22991413375 0.21085819624 
-0.039916296969 -0.36217932683 -0.35096361529 -0.014569814861 0.41083153777 0.51424677695 0.18190413354 0.30729526063 -0.19802255386 
-0.046823252331 -0.19830608979 0.32151561577 0.21296247657 -0.20118313176 -0.24604373333 -0.36568886248 -0.29252481571 0.35417870979 
0.35312086936 0.34570247741 0.33130842567 0.31707823113 0.17501490077 0.098617143925 -0.0046246666738 -0.095405247878 -0.16762711372 
-0.18604396993 -0.23627752286 -0.28210940716 0.17055711551 0.46702264614 -0.23914932344 0.097805368447 -0.13787187008 -0.23047657918 
0.30253756585 -0.32680239761 -0.32006445652 0.32909598144 0.40918951743 0.38417957435 0.35927699644 0.32355253468 0.30182652687 
0.23834728805 0.046086924785 -0.082198120146 -0.21158014993 -0.34361644986 -0.25168883043 0.14416751889 0.36032243543 0.22504583081 
-0.032677254383 0.3782104215 0.35674421595 -0.18784749068 -0.25256797352 -0.39246029268 -0.42907738533 0.43060187277 0.39108469016 
0.41607007916 0.40599553878 0.39341214434 0.39664269349 0.39513088268 0.38865150698 0.34584701261 0.13493694724 0.24781522175 
0.038551636071 -0.13760855805 -0.25006521925 -0.32542025172 0.2851083808 -0.10972875006 0.45299186404 0.25051521183 -0.24462680632 
-0.25978938178 0.21054708598 0.097486623475 -0.12157774552 -0.012940681036 0.39371937133 0.30878492812 -0.19732182631 -0.34110391691 
-0.41028068296 -0.31192255187 0.47053788879 0.4362477 0.48008963776 0.44203993759 0.42642171247 0.44581946064 0.444336578 
0.18372966503 0.15136938201 0.067561394063 -0.036132152175 -0.17043538371 -0.26667499361 -0.28383545354 -0.0044399563079 0.31971662511 
-0.048889991215 0.43730169404 0.35568037259 -0.078120682591 -0.14640539006 -0.29003451129 -0.45901454998 0.51623120956 0.49109493425 
-0.40841559779 0.47501955339 0.44881353297 0.42613111768 0.38699217901 0.32147869207 0.28255428817 0.25960805682 0.19209754245 
-0.047970454684 -0.18248393196 -0.3126329494 0.40975202605 0.11796399768 -0.27278173676 0.29769631319 0.19222813018 0.099289431941 
-0.28221834557 0.48483527691 0.4446514765 0.3850642187 -0.2240055197 -0.36798367379 0.51296378417 0.46899062295 0.45726747705 
0.48608785473 0.48217670645 0.47709254358 0.35158283665 0.084976202695 -0.09832420031 -0.25223994327 -0.32242090388 -0.24097272827 
0.0597187411 0.32177390209 -0.16982544486 0.33122826219 -0.25539084259 0.25651844894 0.10443454593 0.016133398325 -0.040756754886 
-0.27373679245 0.51217483132 0.47449340005 -0.12232142603 -0.31848529816 -0.4343491189 0.51754097344 -0.47097680469 -0.3641050843 
0.49545167121 0.47928217523 0.44777360758 0.40299159075 0.34396563485 0.38115117712 0.29421644736 0.20043091938 -0.0012462121215 
-0.15856255987 -0.28525572484 -0.32945018655 -0.086992933001 0.16469764332 0.065957863322 -0.18899515928 0.33201959916 0.1807015366 
0.036432356889 -0.2371109806 0.49637240553 0.41456077645 -0.19174223822 -0.38517443689 0.51472274392 -0.46510550147 -0.42579501879 
0.47832205662 0.49193512221 0.46810154417 0.49178446289 0.49811937662 0.48557672397 0.45755420188 0.3644925908 0.29617219855 
0.076643868452 -0.037005623964 -0.084619027735 -0.17223617984 0.26021879205 0.09067749294 0.43394396117 0.41416439639 0.36543867198 
0.27162969562 0.10568972583 -0.013001490594 0.47765094856 0.45736220426 -0.086357803571 -0.16712876527 -0.27542996823 -0.29017218549 
-0.17416062481 0.46138304646 0.48266822894 0.41967987388 0.380193703 0.19246600347 0.0088331185661 -0.21434052744 -0.34545801595 
-0.33169646157 -0.15153669184 0.11028414289 0.0040839635183 -0.073920279201 0.37514316287 0.36048835985 0.34791802708 0.30645939974 
0.17871886935 0.045429546647 -0.058360325825 0.45683608075 0.41894865407 0.3994797805 -0.29296658846 -0.41384122851 -0.27560531912 
-0.41254404758 0.42193244856 0.44896800034 0.41615781147 0.46241488152 0.48441753145 0.46219244319 0.39394469588 0.37246531492 
0.34921956796 0.27792531467 0.08716759244 -0.025238785232 -0.13350219799 -0.25883230059 -0.36652832147 -0.016161987208 0.19145572465 
0.080649818044 0.24237232141 0.11145924428 0.012516452885 -0.13859020183 -0.06939141203 0.41946865643 0.3919798606 0.37187497017 
0.36146819398 0.39181383864 0.44028749198 0.4732699159 0.41709226373 0.44296920686 0.36477894376 0.35587757099 0.32506141266 
0.18571644131 0.0061011830034 0.099407773717 -0.11359007134 -0.38089800071 -0.20549509559 0.022427512509 0.30273492812 0.2909801222 
0.081620250409 0.35598383398 0.33047545376 0.31381893334 0.26824912324 0.18120524109 0.073407243906 -0.0072607772883 -0.056397873085 
-0.21925855289 -0.32632457391 -0.33722955619 -0.21494723303 0.033537672558 0.37001283285 0.32816314525 0.32776005374 0.34457603719 
0.41872044843 0.37405501229 0.34251012329 0.25679110568 -0.22558781631 -0.36807012066 -0.39824296527 -0.29333750631 0.015413332913 
0.10804221668 -0.087879508038 0.30338558436 0.29571099693 0.23882729475 0.22480802773 0.34771600163 0.33048218415 0.15457875637 
0.10348719052 -0.083566363503 -0.20752662612 0.36416169467 -0.2081747981 -0.13441737393 0.29461040681 0.28525267561 0.39167961483 
0.32395751438 0.32360566532 0.28761319048 0.17502665005 0.086478396246 0.019214210941 -0.091954338534 -0.21860627984 -0.34756494409 
-0.42494140833 -0.10788325508 -0.19435868244 -0.073445610462 0.026382368645 0.17752483235 0.3162694089 0.27960299194 0.29342618793 
0.19216567182 0.31396192329 0.14755412934 0.10972578556 0.083548949946 0.37623375993 -0.01852432959 0.065995632939 0.3460666357 
0.3111968862 0.30857864235 0.28512957171 0.36870358831 0.39088682672 0.3364973426 0.30693820499 0.31064190667 0.28943803789 
0.24950497018 0.2258338049 -0.025409092985 -0.14706697372 -0.42593851702 -0.39218655029 -0.095468464923 -0.19078646663 0.35151913456 
0.22689400455 0.12567167992 0.37054749108 0.36842120303 0.3740471143 0.36476025916 0.34891884563 0.3043932485 0.31640275804 
0.36766306507 -0.042855097844 0.049143587977 0.37448236351 0.3235009328 0.35819594299 0.33817198686 0.30042687626 0.37339391739 
0.38034739747 0.3747871549 0.30249302141 0.19409160174 0.1478015113 0.05296387718 -0.30848095576 -0.41792775711 -0.46242722784 
-0.31674355111 -0.29695333773 -0.086699029774 0.49051700675 0.5500657254 0.30853714063 0.16868541201 0.44313579216 0.47453735366 
0.47981202455 0.48995424702 0.059621738069 0.43706022429 0.44805403155 0.46399421779 0.45112635055 0.41575576562 0.40904609945 
0.40412523546 0.43734815154 0.46693130042 0.41033784783 0.34075370182 0.33790069315 0.36667702236 0.37289726858 0.3735496623 
0.38363302618 0.34667022665 0.39149655714 0.38353262868 0.38253689725 0.35166571432 0.34835972678 0.27611071395 0.23457601064 
0.11512196818 0.017203937244 -0.079329692568 -0.21063478744 -0.22671910085 -0.36735853605 -0.29254047257 -0.19704648745 -0.18345226428 
0.49344496196 0.48559365901 0.52330260891 0.43761414647 0.41037486318 0.44219256787 0.45612469714 0.4125977146 0.45483355603 
0.48843396556 0.37457938862 0.37604744692 0.38278886038 0.38760669106 0.38859238479 0.33456963245 0.29961410638 0.27561761473 
0.19198760761 0.15199889561 -0.061285172335 -0.18538038287 -0.32172374642 -0.42788561256 -0.48112284375 -0.42757668354 -0.40011732828 
0.40126742382 0.38179202359 0.34761912807 0.35658394473 0.34465356307 0.26340316238 0.049304482314 -0.2768932774 -0.39317959182 
-0.42419944552 -0.34875646061 -0.34964350102 -0.27182856746 0.38420629481 0.37268329135 0.24716357757 0.11240155622 -0.014996408945 
-0.14562964603 -0.47904030107 -0.47958570028 -0.3790245436 -0.32420765324 -0.35167153563 0.42749197828 0.37920247382 0.42298977062 
0.3528011947 0.21251926438 0.07124272729 -0.081755377049 -0.2316125609 -0.3543214285 -0.44236150708 -0.48518888719 -0.46818744362 
-0.42906689773 -0.35778722966 0.37350448262 0.30343813281 -0.17481541963 -0.45365681483 -0.43183187909 -0.39026540466 0.29088087276 
0.17765383298 -0.0029276213928 -0.22510920405 -0.31278024795 -0.40188633873 -0.38258966011 -0.3963991992 -0.3539712763 -0.28873657533 
-0.35280127877 0.18768729135 0.084852276601 0.15966579207 -0.085055242517 -0.31876804537 -0.22502774791 -0.30478411326 0.065645567886 
-0.082545302154 -0.15854935346 -0.24149731683 -0.18234423112 0.14160567197 0.064906779444 0.018640533495 -0.02026367946 -0.091991622607 
-0.10405295986 
