# vtk DataFile Version 4.2
3D Slicer output. SPACE=LPS
ASCII
DATASET POLYDATA
POINTS 5814 float
-39.6436 -37.8569 27.0993 -39.5878 -37.7679 27.1536 -39.5436 -37.9123 27.1395 
-39.7446 -37.8967 27.0842 -39.7201 -37.7613 27.1278 -39.6548 -37.9746 27.0887 
-39.44 -37.7645 27.2515 -39.6395 -37.5852 27.2451 -39.5776 -38.0691 27.1317 
-39.4176 -38.0627 27.2307 -39.8512 -37.8336 27.1152 -39.7605 -38.0187 27.0873 
-39.8557 -37.9604 27.1026 -39.8848 -37.673 27.1817 -39.6918 -38.1037 27.1096 
-39.4437 -37.5672 27.3253 -39.3019 -37.621 27.4242 -39.248 -37.8904 27.3713 
-39.5136 -37.4435 27.3842 -39.6831 -37.3868 27.3678 -39.9153 -37.4084 27.3108 
-39.6196 -38.2826 27.1905 -39.2193 -38.1624 27.3756 -39.3709 -38.3421 27.2914 
-40.057 -37.9001 27.1711 -39.8661 -38.1593 27.1487 -40.1389 -37.5916 27.2245 
-39.3981 -37.4925 27.409 -39.3972 -37.4014 27.5687 -39.1864 -37.5573 27.623 
-39.1313 -37.76 27.5341 -39.0989 -37.9938 27.5134 -39.5947 -37.3218 27.4886 
-39.7923 -37.2427 27.4905 -40.2277 -37.3172 27.3044 -40.0652 -37.1237 27.4718 
-39.8117 -38.3694 27.2008 -39.5104 -38.511 27.287 -39.7578 -38.5743 27.2859 
-39.2068 -38.4071 27.4147 -39.0901 -38.2426 27.5382 -39.3338 -38.5562 27.371 
-40.328 -37.7591 27.2269 -40.1245 -38.1832 27.2222 -40.3863 -38.0473 27.2832 
-40.0047 -38.4211 27.2553 -40.4127 -37.5138 27.2485 -39.4178 -37.2806 27.8245 
-39.2433 -37.4099 27.8038 -39.6339 -37.2074 27.7061 -39.1092 -37.546 27.7783 
-39.0594 -37.6874 27.7064 -39.0345 -37.8591 27.6501 -39.0112 -38.0516 27.6962 
-39.8922 -37.0736 27.6814 -40.5086 -37.2277 27.2807 -40.3274 -37.0594 27.3793 
-40.071 -36.9471 27.6683 -40.2522 -36.857 27.559 -39.5133 -38.7211 27.4023 
-39.9841 -38.6349 27.3314 -39.7394 -38.7896 27.4052 -39.8925 -38.7465 27.375 
-39.2152 -38.5567 27.4479 -39.1184 -38.4997 27.5763 -39.0145 -38.2969 27.7417 
-39.2671 -38.6932 27.5076 -40.6211 -37.7411 27.2864 -40.2858 -38.3626 27.3355 
-40.6502 -38.0291 27.367 -40.5909 -38.3298 27.4801 -40.1783 -38.5947 27.3844 
-40.6297 -37.4482 27.2609 -39.3183 -37.3155 27.9086 -39.3919 -37.2639 27.9955 
-39.5756 -37.1668 28.0317 -39.1197 -37.508 27.9494 -39.261 -37.3636 28.0504 
-39.806 -37.0443 27.9397 -39.0419 -37.6352 27.8606 -38.997 -37.8297 27.8571 
-38.9728 -38.0872 27.9387 -39.9993 -36.916 27.876 -40.5082 -36.9857 27.3289 
-40.7145 -37.0047 27.2842 -40.7335 -37.2668 27.2668 -40.42 -36.8594 27.4159 
-40.1603 -36.7833 27.8033 -40.3059 -36.6236 27.7342 -40.4549 -36.6241 27.5235 
-39.4001 -38.8582 27.5477 -39.6418 -38.9345 27.5618 -40.0696 -38.7688 27.4431 
-39.9042 -38.8839 27.5031 -39.0335 -38.5134 27.7834 -39.1267 -38.6937 27.7117 
-38.9807 -38.3514 27.9766 -39.2586 -38.8395 27.6351 -40.8616 -37.7271 27.3515 
-40.8485 -37.483 27.3004 -40.7961 -37.899 27.3777 -40.3896 -38.5525 27.4744 
-40.8168 -38.1052 27.4809 -40.6403 -38.3254 27.5075 -40.447 -38.5925 27.5441 
-40.5836 -38.3987 27.5199 -40.6143 -38.3555 27.5132 -40.3002 -38.7585 27.5548 
-39.4188 -37.2532 28.2073 -39.5964 -37.1453 28.3619 -39.7765 -37.0303 28.2429 
-39.0345 -37.662 28.0521 -39.1339 -37.5068 28.198 -39.2737 -37.3718 28.3426 
-39.9563 -36.9017 28.1477 -38.9839 -37.8714 28.1451 -38.9679 -38.1288 28.2448 
-40.1118 -36.7604 28.0602 -40.5877 -36.783 27.3608 -40.7973 -36.7154 27.3053 
-40.9229 -36.8944 27.275 -40.9475 -37.1629 27.2887 -40.2439 -36.6056 27.971 
-40.4289 -36.4237 27.7192 -40.3448 -36.4658 27.8888 -40.5868 -36.3288 27.5691 
-40.671 -36.5245 27.4048 -39.374 -39.0101 27.7378 -39.6539 -39.0989 27.744 
-39.9479 -39.0593 27.7378 -40.1322 -38.9084 27.6037 -39.0127 -38.5516 27.9185 
-39.0474 -38.6311 27.8373 -39.1905 -38.8565 27.7687 -39.075 -38.7267 27.977 
-38.9759 -38.3579 28.1846 -38.9982 -38.5023 28.0544 -41.0101 -37.6219 27.3928 
-40.9898 -37.8715 27.48 -41.0858 -37.3928 27.3689 -40.3595 -38.7375 27.5829 
-40.84 -38.1123 27.5029 -40.8185 -38.1391 27.5026 -40.3021 -38.8149 27.6044 
-40.3323 -38.7783 27.5927 -40.2321 -38.9027 27.6466 -39.4328 -37.257 28.4957 
-39.5916 -37.1519 28.6616 -39.7647 -37.0324 28.5554 -39.9349 -36.9024 28.4473 
-39.0447 -37.6782 28.3289 -39.15 -37.5157 28.4873 -39.2854 -37.3797 28.6349 
-40.0882 -36.7578 28.3472 -38.9946 -37.8766 28.457 -38.9825 -38.0744 28.5902 
-38.9838 -38.3 28.412 -40.2217 -36.5969 28.2446 -40.9009 -36.4337 27.3335 
-41.0145 -36.6729 27.2834 -41.1368 -36.921 27.3037 -41.1555 -37.1677 27.3404 
-40.3469 -36.4117 28.1313 -40.5122 -36.2519 27.7401 -40.4433 -36.2838 27.928 
-40.6103 -36.1473 27.6892 -40.7588 -36.2981 27.4411 -40.768 -36.0906 27.5741 
-39.237 -39.0615 27.9056 -39.3563 -39.1594 27.9135 -39.1835 -38.9427 27.866 
-39.5438 -39.2038 27.8858 -39.7968 -39.2164 27.9016 -40.1168 -39.0253 27.7649 
-39.9967 -39.1737 27.911 -39.9736 -39.202 27.9419 -40.0563 -39.0883 27.8385 
-40.1883 -38.9545 27.6952 -39.131 -38.9293 27.9828 -39.0083 -38.5067 28.2331 
-39.0506 -38.6649 28.2827 -39.1172 -38.9084 28.2095 -41.1556 -37.6185 27.498 
-41.089 -37.7618 27.5078 -41.0251 -37.8853 27.518 -40.9918 -37.9308 27.5157 
-41.1882 -37.5636 27.5028 -41.2808 -37.2877 27.445 -39.4317 -37.2639 28.7773 
-39.561 -37.1682 28.9056 -39.735 -37.0458 28.878 -39.9125 -36.913 28.7499 
-40.07 -36.7667 28.6525 -39.0602 -37.6795 28.633 -39.162 -37.5155 28.7842 
-39.2883 -37.3774 28.9176 -40.2094 -36.6061 28.5417 -39.0097 -37.8566 28.7775 
-38.998 -38.0429 28.9085 -39.0013 -38.2649 28.7041 -39.0198 -38.4813 28.4903 
-40.3306 -36.4365 28.4318 -40.9275 -36.1608 27.4163 -41.0936 -36.2486 27.331 
-41.0934 -36.4684 27.2912 -41.2407 -36.6265 27.3071 -41.3537 -36.8598 27.376 
-41.2855 -37.0658 27.3798 -40.448 -36.2408 28.1428 -40.435 -36.2718 28.3408 
-40.5634 -36.1191 27.8576 -40.5367 -36.1182 28.0742 -40.6949 -35.9984 27.7761 
-40.8428 -35.8945 27.7045 -41.0471 -35.8881 27.539 -39.1677 -38.9998 27.9237 
-39.2446 -39.1642 28.1003 -39.1683 -39.022 28.0081 -39.4382 -39.2998 28.0473 
-39.6992 -39.3704 28.106 -39.9118 -39.2801 28.044 -39.8783 -39.3277 28.1059 
-39.0654 -38.6898 28.5182 -39.1583 -39.1051 28.3428 -39.1063 -38.9207 28.5474 
-41.2398 -37.5102 27.5123 -41.4545 -37.0874 27.5175 -41.3681 -37.3462 27.5497 
-39.4265 -37.2562 29.0424 -39.5999 -37.1182 29.163 -39.7823 -36.9936 29.1196 
-39.8838 -36.9266 28.9871 -40.0373 -36.7836 28.9813 -40.1966 -36.6167 28.8475 
-39.0712 -37.664 28.939 -39.1667 -37.4971 29.0725 -39.2829 -37.3602 29.1759 
-40.3281 -36.4505 28.728 -39.0188 -37.8267 29.0949 -39.0062 -38.0155 29.2255 
-39.0176 -38.2428 29.0079 -39.0379 -38.469 28.7727 -40.4438 -36.2852 28.6078 
-41.0565 -36.0749 27.3975 -41.2944 -36.2271 27.3359 -41.1898 -36.0514 27.3857 
-41.2268 -36.3941 27.3033 -41.4236 -36.6597 27.3725 -41.4096 -36.4365 27.3544 
-41.5287 -36.8025 27.4789 -40.5162 -36.1457 28.262 -40.5465 -36.1315 28.4785 
-40.6616 -35.9713 28.0028 -40.643 -35.9923 28.2895 -40.8019 -35.836 27.905 
-40.9607 -35.7234 27.8006 -41.1427 -35.5877 27.7271 -41.3309 -35.6441 27.5589 
-41.2903 -35.8879 27.4476 -39.34 -39.3726 28.1928 -39.2238 -39.3174 28.3341 
-39.506 -39.4783 28.2225 -39.7338 -39.5821 28.3687 -39.769 -39.5645 28.3675 
-39.8193 -39.4141 28.2213 -39.0767 -38.691 28.8132 -39.1342 -39.1889 28.5924 
-39.1019 -38.9277 28.8501 -41.5952 -36.9989 27.6371 -41.4372 -37.247 27.5701 
-41.5038 -37.1517 27.6086 -39.3977 -37.2489 29.3007 -39.5287 -37.1204 29.524 
-39.7494 -36.9843 29.3615 -39.9114 -36.879 29.2048 -40.0537 -36.7408 29.2794 
-40.1819 -36.6191 29.1448 -40.3201 -36.4608 29.0324 -39.075 -37.6283 29.2343 
-39.1749 -37.4481 29.3548 -39.279 -37.3387 29.3457 -40.4508 -36.2954 28.9014 
-39.0174 -37.7742 29.4364 -39.0036 -38.0021 29.5392 -39.0271 -38.2284 29.3139 
-39.0535 -38.4585 29.0718 -40.57 -36.1352 28.7638 -41.4616 -36.2323 27.3788 
-41.3862 -36.053 27.3875 -41.5441 -36.5842 27.4356 -41.6384 -36.3655 27.482 
-41.6743 -36.6655 27.5753 -41.6335 -36.929 27.65 -40.6831 -35.9802 28.6118 
-40.7875 -35.8186 28.1632 -40.8027 -35.8207 28.4578 -40.9218 -35.6758 28.0453 
-41.0641 -35.5361 27.9568 -41.2966 -35.4336 27.7068 -41.2138 -35.3889 27.8865 
-41.482 -35.3626 27.6322 -41.5873 -35.5828 27.5231 -41.5233 -35.8654 27.4675 
-39.3384 -39.5687 28.3718 -39.181 -39.4696 28.5191 -39.5378 -39.6465 28.3862 
-39.7619 -39.5834 28.3857 -39.6875 -39.8137 28.5895 -39.6998 -39.8066 28.5893 
-39.7562 -39.6019 28.4037 -39.0869 -38.6861 29.1145 -39.1042 -39.3988 28.7366 
-39.0982 -39.1593 28.9092 -39.1007 -38.9174 29.1532 -39.2904 -37.3017 29.5383 
-39.3772 -37.1876 29.8389 -39.5751 -37.0491 29.8031 -39.7308 -36.9572 29.6563 
-39.9253 -36.8278 29.4974 -40.0756 -36.6977 29.4805 -40.16 -36.6253 29.3666 
-40.2933 -36.4771 29.36 -40.4476 -36.303 29.2071 -39.0735 -37.5772 29.4707 
-39.1323 -37.4492 29.617 -40.5817 -36.1427 29.0626 -39.0384 -37.6047 29.6864 
-38.994 -37.7943 29.7558 -38.9955 -38.0054 29.8406 -39.0302 -38.2233 29.6161 
-39.0643 -38.4514 29.3732 -40.7073 -35.9869 28.9162 -41.5613 -36.1125 27.4334 
-41.7799 -36.0768 27.5489 -41.8045 -36.3216 27.5986 -41.8104 -36.5129 27.6693 
-41.6626 -36.8819 27.6604 -41.7521 -36.7279 27.7019 -40.8298 -35.8296 28.7663 
-40.9268 -35.661 28.3131 -40.9529 -35.6643 28.6137 -41.0275 -35.5378 28.1777 
-41.1641 -35.3753 28.1579 -41.3649 -35.2641 27.8067 -41.3076 -35.2223 28.03 
-41.5037 -35.1719 27.7479 -41.682 -35.1667 27.6561 -41.6765 -35.3816 27.5596 
-41.8038 -35.5459 27.533 -41.7364 -35.7663 27.5147 -39.2192 -39.6874 28.526 
-39.3191 -39.7601 28.4859 -39.4567 -39.7744 28.4872 -39.1218 -39.6251 28.6708 
-39.525 -39.9315 28.6327 -39.6981 -39.8142 28.5965 -39.6456 -40.0523 28.8049 
-39.6853 -39.8789 28.6525 -39.6968 -39.8214 28.6033 -39.096 -38.6807 29.415 
-39.0665 -39.3708 28.9829 -39.0665 -39.5568 28.8404 -39.0862 -39.1438 29.1982 
-39.1055 -38.9106 29.4505 -39.2065 -37.3353 29.7738 -39.3592 -37.1721 30.1693 
-39.2045 -37.3096 30.0103 -39.5415 -37.0513 30.0549 -39.7203 -36.9372 29.9418 
-39.8895 -36.8237 29.808 -40.0463 -36.7025 29.6915 -40.1771 -36.5873 29.5686 
-40.4427 -36.3005 29.5181 -40.305 -36.4452 29.6813 -40.5831 -36.1462 29.3653 
-39.0957 -37.4534 29.8624 -40.718 -35.9944 29.2176 -39.0135 -37.6128 29.9543 
-38.9787 -37.803 30.0463 -38.9884 -38.0163 30.1342 -39.03 -38.2287 29.9129 
-39.0714 -38.4507 29.672 -40.8478 -35.8424 29.0716 -41.9922 -36.0793 27.6781 
-41.9841 -35.7912 27.6052 -41.9538 -36.3285 27.7557 -41.8059 -36.6387 27.725 
-41.8507 -36.549 27.7479 -40.9729 -35.6842 28.9267 -41.0832 -35.4819 28.4406 
-41.0945 -35.5146 28.7821 -41.2823 -35.2176 28.2544 -41.2127 -35.3093 28.3994 
-41.4545 -35.1014 27.9224 -41.4231 -35.0639 28.2062 -41.5937 -35.0437 27.8094 
-41.9403 -35.0681 27.6331 -41.7816 -34.9213 27.7935 -41.8602 -35.3105 27.5653 
-41.989 -35.4876 27.5649 -39.257 -39.8403 28.5723 -39.1638 -39.8233 28.667 
-39.3709 -39.9002 28.584 -39.0618 -39.7822 28.8544 -39.4478 -40.0608 28.7401 
-39.6401 -40.081 28.8332 -39.1045 -38.6819 29.7124 -39.0447 -39.3671 29.249 
-39.024 -39.5865 29.0431 -39.0846 -39.1373 29.4882 -39.1128 -38.9112 29.7456 
-39.3631 -37.1695 30.475 -39.1976 -37.301 30.2978 -39.5396 -37.049 30.3506 
-39.0793 -37.4492 30.1283 -39.7195 -36.9308 30.2299 -39.8844 -36.8152 30.0962 
-40.0313 -36.6996 29.9603 -40.1709 -36.576 29.832 -40.4402 -36.2948 29.827 
-40.5796 -36.1452 29.6701 -40.301 -36.4428 29.9811 -40.7186 -35.9967 29.5184 
-40.8545 -35.8495 29.3725 -38.9994 -37.6186 30.2351 -38.9687 -37.8163 30.3357 
-38.9822 -38.0372 30.4294 -39.0283 -38.2451 30.2073 -39.0757 -38.4602 29.9678 
-40.9845 -35.699 29.2313 -42.1095 -35.998 27.7404 -42.0718 -36.1637 27.7877 
-42.0323 -36.2492 27.7906 -42.2242 -35.8344 27.7698 -42.1999 -35.5443 27.6487 
-41.998 -36.3273 27.8047 -41.9473 -36.4085 27.7961 -41.976 -36.3578 27.8101 
-41.1071 -35.5399 29.0941 -41.2143 -35.338 28.6532 -41.2235 -35.3707 28.9625 
-41.337 -35.1602 28.5016 -41.6037 -34.9272 28.0135 -41.5707 -34.886 28.311 
-41.4647 -34.9975 28.4629 -42.2182 -34.98 27.6195 -42.0371 -34.8199 27.7193 
-42.0927 -35.2663 27.5879 -41.7612 -34.7889 27.9711 -41.9155 -34.7114 27.8895 
-39.263 -39.9967 28.7075 -39.13 -39.9662 28.7964 -39.0364 -40.0498 28.9811 
-38.9708 -39.8264 29.1146 -39.3476 -40.19 28.8572 -39.5192 -40.2167 28.9053 
-39.636 -40.1201 28.866 -39.111 -38.6932 30.006 -39.0327 -39.362 29.5357 
-38.9794 -39.5978 29.3101 -39.0885 -39.1353 29.7822 -39.1197 -38.9198 30.0369 
-39.3862 -37.1764 30.7888 -39.2004 -37.3048 30.6061 -39.5654 -37.0551 30.6539 
-39.0714 -37.4521 30.4162 -39.7376 -36.9374 30.5253 -39.9219 -36.8015 30.4046 
-40.037 -36.6972 30.22 -40.1633 -36.5808 30.1038 -40.4375 -36.3002 30.1354 
-40.5754 -36.1452 29.9777 -40.7137 -35.9952 29.822 -40.2913 -36.4665 30.2979 
-40.8523 -35.8484 29.6737 -40.9871 -35.7018 29.5317 -38.9907 -37.6323 30.5278 
-38.9605 -37.8386 30.6264 -38.9747 -38.0688 30.7437 -39.0248 -38.2726 30.4996 
-39.0773 -38.4822 30.2633 -41.1134 -35.5514 29.3949 -42.0983 -36.1328 27.7958 
-42.1675 -36.0413 27.8347 -42.3246 -35.6824 27.7649 -42.3373 -35.7932 27.842 
-42.2174 -35.9679 27.8462 -42.2789 -35.8732 27.8698 -42.3454 -35.2359 27.6434 
-42.4024 -35.5043 27.7554 -41.231 -35.392 29.2658 -41.3372 -35.1962 28.833 
-41.3433 -35.2231 29.1417 -41.4524 -35.0266 28.7172 -41.7123 -34.7587 28.1747 
-41.569 -34.8737 28.5976 -41.6968 -34.7314 28.456 -42.2683 -34.7011 27.6824 
-42.4452 -34.7989 27.6296 -42.3931 -35.0111 27.6178 -42.1264 -34.5873 27.8352 
-41.8386 -34.6689 28.0656 -41.9912 -34.5268 28.0655 -39.1812 -40.1379 28.8719 
-38.9039 -40.0638 29.2064 -39.1078 -40.2474 29.0086 -38.9804 -40.2657 29.1484 
-38.8816 -39.8524 29.3936 -39.2536 -40.3144 28.9925 -39.4426 -40.35 29.022 
-39.6085 -40.3503 29.0906 -39.6153 -40.2996 29.037 -39.1145 -38.7165 30.2908 
-39.0308 -39.3534 29.8327 -38.9518 -39.5857 29.6023 -39.0941 -39.137 30.0764 
-39.1229 -38.9332 30.3179 -39.4122 -37.1874 31.0673 -39.2074 -37.3216 30.9644 
-39.635 -37.0678 30.9814 -39.067 -37.4662 30.7156 -39.7776 -36.9556 30.805 
-39.9319 -36.8382 30.6973 -40.0778 -36.6792 30.4181 -40.0842 -36.7067 30.6166 
-40.1528 -36.6019 30.3144 -40.4474 -36.3112 30.4332 -40.5755 -36.1518 30.2886 
-40.7082 -35.994 30.13 -40.8444 -35.8426 29.9794 -40.3441 -36.4507 30.5804 
-40.2015 -36.582 30.5061 -40.9831 -35.6915 29.8377 -41.1141 -35.5445 29.6944 
-38.9812 -37.6586 30.8403 -38.9519 -37.8617 30.8672 -38.9554 -37.9851 30.9985 
-39.0202 -38.3007 30.7425 -38.9913 -38.2141 31.0065 -39.0751 -38.5196 30.5763 
-41.2326 -35.3969 29.5594 -42.3769 -35.7523 27.8696 -42.3914 -35.7009 27.8596 
-42.34 -35.8255 27.8806 -42.5307 -35.3068 27.7613 -42.5445 -35.0434 27.6809 
-42.5134 -35.5204 27.8894 -42.4151 -35.6586 27.8639 -41.3453 -35.2361 29.441 
-41.4546 -35.0513 29.0194 -41.4571 -35.0656 29.3244 -41.5681 -34.8851 28.895 
-41.8508 -34.5862 28.3013 -41.6887 -34.7268 28.7637 -41.8208 -34.571 28.6297 
-42.3977 -34.626 27.6607 -42.3891 -34.4354 27.7734 -42.4821 -34.5955 27.6548 
-42.5969 -34.6508 27.6501 -42.6264 -34.8251 27.6727 -42.1817 -34.3665 28.0031 
-41.9833 -34.4363 28.2817 -42.0792 -34.3549 28.1876 -38.8092 -40.0792 29.3739 
-38.8188 -40.2718 29.3355 -39.1332 -40.4106 29.1418 -38.9509 -40.4878 29.3308 
-38.769 -40.0104 29.5515 -38.8484 -39.7907 29.6993 -39.3359 -40.4735 29.1521 
-39.5188 -40.4789 29.1819 -39.6038 -40.4087 29.1468 -39.1151 -38.756 30.525 
-39.0352 -39.3466 30.1328 -38.9448 -39.5624 29.9045 -39.0971 -39.1394 30.3704 
-39.117 -38.9301 30.6032 -39.305 -37.2512 31.1402 -39.394 -37.2191 31.2466 
-39.607 -37.1448 31.2925 -39.0536 -37.49 30.9532 -39.0956 -37.4614 31.1752 
-39.2562 -37.3229 31.2889 -39.852 -36.9665 31.0192 -39.889 -37.0219 31.2381 
-39.9703 -36.8737 30.9373 -40.1164 -36.7468 30.8631 -40.2664 -36.5819 30.7691 
-40.4612 -36.3336 30.6606 -40.5838 -36.175 30.6142 -40.7081 -35.9975 30.4401 
-40.8348 -35.8378 30.2883 -40.969 -35.6809 30.1498 -40.4043 -36.4321 30.7759 
-41.1177 -35.5088 30.0208 -41.2303 -35.3835 29.8395 -39.0039 -37.595 31.0788 
-38.9615 -37.788 31.1114 -38.9609 -38.0129 31.2377 -39.0443 -38.4348 30.8554 
-38.9904 -38.2439 31.3207 -39.0378 -38.459 31.0992 -39.0895 -38.6767 30.8218 
-41.3393 -35.2354 29.729 -42.6548 -35.178 27.8011 -42.6392 -35.3383 27.8799 
-42.5449 -35.4739 27.8923 -42.7631 -34.9552 27.8079 -41.4519 -35.0681 29.6253 
-41.5698 -34.8942 29.2026 -41.5685 -34.891 29.514 -41.6855 -34.7288 29.0744 
-41.9499 -34.4232 28.5101 -41.8083 -34.5655 28.9484 -41.9453 -34.3868 28.8322 
-42.5027 -34.1191 27.8717 -42.334 -34.1558 28.0031 -42.5643 -34.4992 27.6824 
-42.6514 -34.3181 27.7596 -42.6822 -34.5256 27.692 -42.7424 -34.6927 27.7166 
-42.1961 -34.1565 28.2523 -42.0653 -34.291 28.3995 -38.7366 -40.1772 29.468 
-38.687 -40.3282 29.5136 -38.7633 -40.4476 29.4386 -39.212 -40.5929 29.3242 
-38.7894 -40.6097 29.5277 -39.0389 -40.7283 29.5332 -38.7334 -39.9794 29.8124 
-38.6711 -40.1774 29.6498 -38.8387 -39.7604 29.9988 -39.4602 -40.6048 29.3343 
-39.5849 -40.5674 29.333 -39.5928 -40.513 29.26 -39.0404 -39.3449 30.434 
-38.9492 -39.5485 30.208 -39.095 -39.1406 30.6693 -39.1051 -38.9228 30.9082 
-39.443 -37.2458 31.4471 -39.6523 -37.204 31.5649 -39.8704 -37.1262 31.4923 
-39.0188 -37.6256 31.3098 -39.1368 -37.4824 31.4551 -39.3093 -37.3685 31.5886 
-40.0023 -36.9174 31.1172 -40.1511 -36.9095 31.2783 -40.1198 -37.0355 31.4638 
-40.1529 -36.8101 31.0886 -40.2992 -36.6578 31.0254 -40.4218 -36.4898 30.9599 
-40.5347 -36.3076 30.8688 -40.7248 -36.001 30.7312 -40.649 -36.1393 30.8552 
-40.832 -35.8372 30.5933 -40.9513 -35.6753 30.4597 -41.0779 -35.5153 30.3401 
-41.2349 -35.3509 30.0568 -41.1983 -35.363 30.2573 -41.3236 -35.2284 29.9939 
-38.9763 -37.8252 31.421 -38.9715 -38.0421 31.5238 -38.9962 -38.2612 31.6063 
-39.0327 -38.4746 31.3953 -39.0774 -38.6969 31.1554 -41.4342 -35.0632 29.9218 
-42.6886 -35.2934 27.9234 -42.725 -35.2201 27.9298 -42.6003 -35.4193 27.9028 
-42.647 -35.3626 27.9174 -42.9082 -34.726 27.8482 -42.8975 -34.8972 27.8981 
-42.7545 -35.1671 27.9368 -42.8538 -35.0116 27.9598 -41.5541 -34.8836 29.8234 
-41.684 -34.7215 29.386 -41.6868 -34.685 29.721 -41.798 -34.5622 29.257 
-42.048 -34.2576 28.662 -41.915 -34.4004 29.148 -42.0512 -34.2238 28.8795 
-42.0237 -34.2436 29.0757 -42.4264 -33.9663 28.0062 -42.534 -33.8931 27.9433 
-42.7024 -33.9659 27.8569 -42.3371 -33.904 28.2081 -42.8768 -34.2191 27.824 
-42.8227 -34.4895 27.7689 -42.2537 -33.9132 28.4874 -42.1503 -34.1068 28.5603 
-38.6499 -40.4938 29.5819 -38.5813 -40.3695 29.7139 -39.3762 -40.759 29.5492 
-38.6326 -40.6408 29.6923 -38.7958 -40.7896 29.7051 -38.9966 -40.8743 29.7166 
-39.2144 -40.8796 29.7043 -38.7204 -39.9549 30.1156 -38.6048 -40.1919 29.9276 
-38.845 -39.7414 30.3033 -39.5699 -40.6535 29.4538 -39.5599 -40.7079 29.537 
-39.0427 -39.3469 30.7361 -38.9576 -39.5432 30.5111 -39.0889 -39.1425 30.9729 
-39.0945 -38.9252 31.2176 -39.5027 -37.2918 31.6843 -39.6722 -37.2611 31.7425 
-39.8576 -37.2201 31.7046 -40.111 -37.1639 31.6688 -39.0511 -37.6628 31.5925 
-39.1948 -37.5322 31.7476 -39.4095 -37.4273 31.8716 -40.3776 -36.7423 31.2703 
-40.3582 -36.9206 31.4632 -40.3316 -37.071 31.622 -40.4599 -36.5652 31.1519 
-40.5714 -36.3952 31.1158 -40.6654 -36.2032 31.0523 -40.7521 -36.0269 30.9858 
-40.8439 -35.8501 30.8871 -40.945 -35.6733 30.7638 -41.0559 -35.505 30.644 
-41.1723 -35.3437 30.535 -41.2901 -35.2436 30.1913 -41.2867 -35.1912 30.4245 
-41.3958 -35.0607 30.2404 -39.002 -37.8627 31.702 -38.9926 -38.0696 31.7884 
-39.0133 -38.2689 31.8568 -39.0354 -38.473 31.6783 -39.0702 -38.6984 31.4599 
-41.5267 -34.8718 30.1277 -43.0334 -34.7166 27.9846 -43.0252 -34.4664 27.907 
-42.9671 -34.8475 27.9651 -42.9582 -34.8683 27.9618 -42.8986 -34.9593 27.9584 
-41.6466 -34.6942 30.0336 -41.7921 -34.5439 29.5488 -41.7954 -34.5071 29.7738 
-41.7594 -34.5248 29.9699 -41.8996 -34.3907 29.4413 -42.1282 -34.0943 28.8269 
-42.0084 -34.232 29.345 -42.1027 -34.1174 29.0202 -42.1063 -34.0782 29.2455 
-42.4586 -33.7684 28.0832 -42.6135 -33.6552 27.9846 -42.8131 -33.6472 27.892 
-42.9393 -33.9231 27.8607 -42.3994 -33.6735 28.2579 -42.3397 -33.6919 28.4529 
-43.0863 -34.1557 27.9187 -42.3016 -33.6964 28.7239 -42.2184 -33.9096 28.7791 
-38.5578 -40.5223 29.7145 -38.5095 -40.4772 29.8176 -38.5169 -40.3768 29.897 
-39.4292 -40.8852 29.7423 -39.5331 -40.8552 29.7546 -39.5415 -40.8003 29.6863 
-38.5209 -40.6036 29.8472 -38.6027 -40.7718 29.8828 -38.8829 -40.9207 29.833 
-38.7388 -40.8899 29.8791 -39.1022 -40.9763 29.8992 -39.3681 -40.9603 29.8828 
-38.7357 -39.9224 30.4206 -38.5982 -40.1509 30.2797 -38.5068 -40.3444 30.0997 
-38.8581 -39.7312 30.6034 -39.0406 -39.3488 31.0381 -38.9641 -39.5435 30.8119 
-39.0806 -39.141 31.2761 -39.0869 -38.9173 31.5194 -39.5939 -37.3334 31.849 
-39.7907 -37.3201 31.8747 -40.0701 -37.2947 31.8517 -40.3076 -37.181 31.7407 
-40.2141 -37.2317 31.7844 -39.0953 -37.7186 31.8642 -39.2755 -37.6275 32.0505 
-39.4457 -37.5163 32.0761 -39.6439 -37.4435 32.0255 -40.6279 -36.5376 31.3468 
-40.5822 -36.7799 31.4933 -40.5664 -36.9682 31.6296 -40.504 -37.141 31.7542 
-40.7263 -36.2771 31.268 -40.7773 -36.0952 31.1815 -40.8787 -35.9003 31.1806 
-40.9594 -35.6857 31.0587 -41.0502 -35.499 30.9457 -41.1527 -35.3238 30.8351 
-41.265 -35.1526 30.728 -41.3936 -34.9658 30.612 -41.5035 -34.8333 30.4284 
-39.0393 -37.9108 31.9437 -39.0307 -38.1065 32.0073 -39.0424 -38.2733 32.0357 
-39.0514 -38.4484 31.9314 -39.0725 -38.6791 31.7526 -41.6158 -34.6725 30.3268 
-43.0502 -34.6768 27.9922 -43.1842 -34.3797 28.0433 -43.1117 -34.543 28.0161 
-41.7295 -34.5067 30.2376 -41.8836 -34.374 29.7157 -41.8501 -34.39 29.9158 
-41.8416 -34.347 30.1417 -41.9922 -34.2105 29.6379 -42.1908 -33.9272 29.0891 
-42.0986 -34.0474 29.5314 -42.1941 -33.8792 29.4244 -42.4937 -33.5212 28.1863 
-42.7056 -33.4997 27.9596 -42.642 -33.2976 28.0915 -42.7848 -33.402 27.9441 
-42.9679 -33.4057 27.9 -43.0041 -33.685 27.877 -43.136 -33.8659 27.9206 
-42.4133 -33.4777 28.4181 -42.3706 -33.4736 28.6768 -43.2865 -34.0775 28.062 
-43.1945 -34.3531 28.049 -42.3551 -33.4742 28.9625 -42.2851 -33.6979 29.0207 
-38.4762 -40.5006 29.9849 -39.5154 -40.9145 29.8403 -39.5092 -40.9317 29.8754 
-38.4795 -40.6778 30.0775 -38.6522 -40.9018 30.0044 -38.5458 -40.834 30.0825 
-38.8486 -41.0021 30.056 -39.1165 -41.0619 30.1247 -39.3399 -41.034 30.0933 
-39.4923 -40.9693 29.989 -39.4752 -41.0018 30.0787 -38.754 -39.9075 30.7056 
-38.6505 -40.0631 30.5492 -38.4962 -40.3404 30.3228 -38.5407 -40.2601 30.5666 
-38.4493 -40.5165 30.2361 -38.8675 -39.7309 30.8987 -39.0338 -39.3452 31.3384 
-38.9648 -39.5444 31.1116 -39.0717 -39.131 31.5738 -39.0863 -38.8985 31.8141 
-39.9438 -37.4359 32.0264 -40.2226 -37.4326 32.0049 -40.3606 -37.287 31.8657 
-39.129 -37.7999 32.0611 -39.4118 -37.5951 32.1644 -39.2312 -37.8452 32.2194 
-39.4278 -37.7322 32.2707 -39.5607 -37.5841 32.1934 -39.8365 -37.5963 32.2053 
-40.8435 -36.3578 31.4801 -40.8286 -36.6443 31.6016 -40.7106 -36.847 31.6257 
-40.7146 -36.94 31.6824 -40.7236 -37.0422 31.7585 -40.7058 -37.265 31.9073 
-40.8863 -36.0926 31.3882 -41.0055 -35.7108 31.3229 -40.9707 -35.8826 31.4036 
-41.0723 -35.5098 31.2349 -41.1507 -35.3159 31.1318 -41.2449 -35.1342 31.0315 
-41.3514 -34.9563 30.9367 -41.4972 -34.7747 30.6657 -41.4579 -34.7844 30.8706 
-41.5861 -34.6408 30.6075 -39.102 -37.9748 32.1367 -39.0923 -38.1905 32.1737 
-39.0841 -38.3803 32.1219 -39.0991 -38.6266 32.0588 -41.6969 -34.4757 30.532 
-41.812 -34.3141 30.427 -41.9645 -34.183 29.9811 -41.9279 -34.1519 30.3235 
-42.0846 -34.0171 29.82 -42.2807 -33.6875 29.3303 -42.1855 -33.8492 29.7243 
-42.2775 -33.6654 29.6381 -42.4964 -33.2533 28.3631 -42.7202 -32.9078 28.1205 
-42.5713 -32.9811 28.3305 -42.8296 -33.1659 27.9742 -43.0262 -33.0697 27.921 
-43.1742 -33.2975 27.9194 -43.1564 -33.5823 27.916 -43.3065 -33.7613 28.0101 
-42.432 -33.2427 28.6305 -42.4104 -33.2436 28.9116 -43.2292 -34.2787 28.0604 
-43.3123 -34.0868 28.0951 -43.3521 -34.0016 28.1076 -43.2966 -34.1174 28.0914 
-42.3543 -33.4716 29.261 -42.4111 -33.2451 29.2029 -38.4372 -40.6667 30.2714 
-38.4799 -40.8201 30.3138 -38.6243 -40.9565 30.1984 -38.7675 -41.0881 30.3336 
-39.0142 -41.1201 30.3014 -39.3096 -41.1143 30.3478 -39.4504 -41.0379 30.2009 
-39.4243 -41.0825 30.3344 -38.7611 -39.9144 30.9916 -38.6472 -40.0877 30.7948 
-38.4587 -40.4436 30.4583 -38.4582 -40.4664 30.6986 -38.5432 -40.2842 30.8865 
-38.4261 -40.642 30.4883 -38.8693 -39.7322 31.1957 -39.0229 -39.3324 31.6339 
-38.9585 -39.5383 31.4116 -39.0641 -39.1189 31.858 -39.0952 -38.9016 32.0886 
-40.13 -37.5775 32.1509 -40.4859 -37.4427 32.0074 -40.354 -37.5598 32.1062 
-39.1973 -38.0757 32.2992 -39.3602 -37.9644 32.3845 -39.6758 -37.7293 32.3286 
-39.5822 -37.9104 32.4341 -39.8805 -37.7527 32.3449 -40.0766 -37.7323 32.2942 
-40.9846 -36.1989 31.5722 -41.0127 -36.4117 31.6646 -40.9934 -36.5883 31.7027 
-40.8322 -36.8778 31.7155 -40.9984 -36.7408 31.7564 -40.9832 -37.0204 31.8656 
-40.9395 -37.2405 31.9502 -40.7002 -37.4733 32.0371 -40.9198 -37.408 32.0312 
-41.0568 -35.9757 31.5795 -41.0652 -35.7711 31.5085 -41.1399 -35.5597 31.5111 
-41.1825 -35.328 31.4082 -41.2486 -35.1313 31.3164 -41.3355 -34.9466 31.2284 
-41.4347 -34.7699 31.1431 -41.546 -34.6472 30.8149 -41.5387 -34.6038 31.0484 
-41.6582 -34.4404 30.8816 -39.1809 -38.3901 32.3293 -39.1431 -38.7038 32.2929 
-41.7805 -34.2794 30.7151 -41.8938 -34.1221 30.6167 -42.0807 -33.9719 30.0505 
-42.0411 -33.984 30.2526 -42.0092 -33.9577 30.5287 -42.1678 -33.8257 30.002 
-42.3562 -33.4632 29.5619 -42.2648 -33.6435 29.94 -42.352 -33.4506 29.8579 
-42.4885 -32.9957 28.5883 -42.7158 -32.6251 28.1955 -42.6152 -32.6985 28.335 
-42.8789 -32.9251 27.9844 -42.8657 -32.6764 28.0524 -42.5356 -32.7367 28.5601 
-42.9886 -32.8241 27.9523 -43.1525 -32.8325 27.9334 -43.2081 -33.0633 27.9264 
-43.345 -33.2007 27.983 -43.3261 -33.4771 27.9895 -43.4058 -33.876 28.1306 
-43.4534 -33.6455 28.1166 -42.4566 -33.0036 28.8655 -42.4547 -33.0107 29.1509 
-42.419 -33.244 29.4982 -42.4662 -33.0138 29.4397 -38.4276 -40.888 30.6639 
-38.5686 -41.0317 30.4791 -38.7177 -41.1574 30.5354 -38.9186 -41.1914 30.5135 
-39.1723 -41.192 30.5165 -39.3593 -41.1551 30.5018 -39.3416 -41.1764 30.5586 
-39.4037 -41.1121 30.4327 -38.7629 -39.9171 31.2885 -38.6516 -40.1024 31.0873 
-38.4551 -40.4906 30.9949 -38.4043 -40.6783 30.8119 -38.5468 -40.2987 31.1882 
-38.8632 -39.7239 31.4964 -39.0105 -39.3099 31.9158 -38.9457 -39.5186 31.7143 
-39.058 -39.1182 32.1098 -39.1098 -38.9455 32.3573 -40.3704 -37.7269 32.2367 
-40.5678 -37.602 32.1234 -39.3058 -38.1745 32.4377 -39.4983 -38.1494 32.5393 
-39.8283 -37.893 32.4415 -39.7641 -38.0874 32.5523 -40.0202 -37.8661 32.4047 
-40.2512 -37.9052 32.3855 -41.1385 -36.1825 31.7127 -41.1751 -36.3726 31.7724 
-41.1207 -36.5538 31.7751 -41.2051 -36.7438 31.8691 -41.2864 -36.9704 31.9692 
-41.1318 -37.2305 32.0065 -40.8134 -37.5981 32.1278 -41.115 -37.4215 32.0846 
-41.0146 -37.5481 32.1274 -41.2005 -35.7699 31.6821 -41.199 -35.9865 31.7292 
-41.2633 -35.3515 31.6429 -41.2703 -35.542 31.7147 -41.2887 -35.1507 31.5652 
-41.3498 -34.9576 31.4936 -41.432 -34.7705 31.4178 -41.5287 -34.5911 31.3337 
-41.6331 -34.4184 31.2306 -41.7687 -34.2336 30.9457 -41.7371 -34.25 31.1495 
-39.3504 -38.3631 32.5505 -39.2491 -38.6781 32.5761 -41.8606 -34.1012 30.8877 
-41.9752 -33.9353 30.8208 -42.1323 -33.8402 30.2036 -42.1212 -33.7928 30.4364 
-42.0926 -33.7624 30.7282 -42.2371 -33.619 30.2848 -42.4228 -33.2408 29.7922 
-42.3397 -33.4337 30.1441 -42.4171 -33.2373 30.079 -42.497 -32.7554 28.8261 
-42.7908 -32.3984 28.2082 -42.6526 -32.4601 28.3454 -42.5759 -32.491 28.5391 
-42.9865 -32.4444 28.0675 -43.0441 -32.6441 27.9725 -42.5357 -32.5047 28.7938 
-43.1719 -32.632 27.9546 -43.2982 -32.7031 27.9748 -43.3317 -32.9389 27.9738 
-43.5149 -33.0688 28.0969 -43.4823 -33.3782 28.1007 -43.4414 -33.8015 28.1448 
-43.5297 -33.5867 28.1955 -43.4855 -33.6905 28.1728 -42.4904 -32.7705 29.1053 
-42.5013 -32.7835 29.3818 -42.4783 -33.0138 29.7321 -42.5199 -32.7784 29.6641 
-38.3711 -40.8614 30.94 -38.4892 -41.0815 30.7191 -38.3936 -41.0549 30.9389 
-38.6074 -41.161 30.6643 -38.8 -41.2573 30.7493 -39.0955 -41.2653 30.7256 
-39.3337 -41.2295 30.7176 -39.3581 -41.2001 30.6402 -38.7581 -39.9059 31.5893 
-38.6539 -40.1041 31.3879 -38.4537 -40.5028 31.2902 -38.3858 -40.7033 31.1021 
-38.5486 -40.2976 31.4894 -38.8487 -39.7024 31.7982 -39.0063 -39.2742 32.1347 
-38.929 -39.4761 32.0429 -39.0407 -39.1536 32.2837 -39.0482 -39.1276 32.4833 
-39.1449 -38.9572 32.6153 -40.6847 -37.7613 32.2345 -40.5442 -37.9282 32.3566 
-39.5037 -38.3511 32.653 -39.6874 -38.2912 32.6641 -40.087 -38.0802 32.5245 
-39.9369 -38.2653 32.6522 -40.4232 -38.0996 32.4854 -41.2831 -36.109 31.8045 
-41.2775 -36.2637 31.8176 -41.3228 -36.4686 31.8675 -41.4919 -36.6985 31.9751 
-41.4935 -36.9517 32.0393 -41.3831 -37.1525 32.0652 -41.2671 -37.3391 32.0967 
-40.9888 -37.7263 32.2359 -41.2285 -37.5266 32.1787 -41.3927 -35.6828 31.8392 
-41.3461 -35.9354 31.8238 -41.3639 -35.1952 31.7472 -41.4176 -35.3982 31.8415 
-41.4063 -35.0053 31.717 -41.4615 -34.8032 31.6579 -41.544 -34.6121 31.5997 
-41.6407 -34.4234 31.5209 -41.7366 -34.2446 31.4186 -41.8233 -34.1164 31.0883 
-41.8364 -34.0831 31.3106 -39.419 -38.5052 32.6819 -39.429 -38.6793 32.8024 
-39.2725 -38.9407 32.8896 -41.9376 -33.9395 31.1347 -42.0674 -33.7416 31.028 
-42.2038 -33.59 30.63 -42.1793 -33.5625 30.9295 -42.3353 -33.3961 30.3719 
-42.3025 -33.4132 30.5685 -42.4817 -33.0166 30.0261 -42.4016 -33.2368 30.3428 
-42.4719 -33.0237 30.318 -42.5237 -32.5275 29.0677 -42.6878 -32.2803 28.366 
-42.7769 -32.1412 28.3507 -42.9445 -32.1965 28.2008 -42.6199 -32.2844 28.5153 
-42.5784 -32.2752 28.7469 -43.1252 -32.4994 27.9964 -43.1968 -32.2972 28.0906 
-42.5653 -32.2583 29.054 -43.2437 -32.5247 27.997 -43.4273 -32.5388 28.0673 
-43.4468 -32.8023 28.0398 -43.6753 -33.0675 28.243 -43.6344 -32.7968 28.1759 
-43.6362 -33.3203 28.2672 -43.6315 -33.3325 28.2635 -43.5533 -33.5242 28.2117 
-42.5324 -32.549 29.3403 -42.5451 -32.581 29.5764 -42.5346 -32.7749 29.9639 
-42.5798 -32.4988 29.8729 -38.3364 -40.9517 31.1999 -38.5472 -41.2213 30.8954 
-38.3324 -41.1127 31.1169 -38.3939 -41.2026 31.0821 -38.7458 -41.3607 31.0131 
-39.0466 -41.3649 30.9873 -39.284 -41.2935 30.9046 -39.2734 -41.3118 30.9518 
-39.3294 -41.2647 30.8311 -39.3745 -41.2176 30.7167 -39.3702 -41.2281 30.752 
-38.7473 -39.8785 31.8827 -38.6514 -40.0863 31.6951 -38.453 -40.4987 31.5841 
-38.378 -40.7114 31.386 -38.546 -40.2784 31.7957 -38.8216 -39.6884 32.0752 
-38.9759 -39.3072 32.3129 -38.8698 -39.5162 32.3486 -39.0746 -39.1223 32.7284 
-38.9612 -39.3018 32.5669 -40.8296 -37.9296 32.3484 -40.7126 -38.1093 32.4677 
-39.6019 -38.5034 32.7699 -39.8512 -38.4484 32.7648 -40.1483 -38.2883 32.6434 
-40.3396 -38.269 32.6046 -40.093 -38.4304 32.7389 -40.6051 -38.2865 32.5911 
-41.4714 -36.2108 31.9033 -41.501 -36.4543 31.9389 -41.7335 -36.6957 32.0498 
-41.7049 -36.4503 32.0018 -41.6464 -36.8572 32.0633 -41.6324 -37.0712 32.126 
-41.4599 -37.3216 32.1624 -41.2559 -37.7267 32.2978 -41.0951 -37.9158 32.3735 
-41.4855 -37.536 32.2741 -41.6147 -35.6073 31.9748 -41.566 -35.9004 31.9361 
-41.5207 -35.1319 31.9016 -41.5937 -35.3539 31.9798 -41.5456 -34.869 31.8536 
-41.5753 -34.6804 31.7886 -41.7017 -34.4765 31.8092 -41.7657 -34.2629 31.6751 
-41.8625 -34.0842 31.5787 -41.9676 -33.9067 31.461 -39.5903 -38.6765 32.8859 
-39.4893 -38.816 32.9544 -39.0963 -39.1517 32.9391 -39.4305 -38.926 33.0299 
-39.2003 -39.1482 33.124 -39.4221 -39.0471 33.1583 -42.0674 -33.7251 31.3273 
-42.1702 -33.5416 31.2197 -42.28 -33.3862 30.8438 -42.2671 -33.36 31.1291 
-42.3737 -33.2637 30.5316 -42.367 -33.2131 30.7624 -42.5357 -32.7884 30.2677 
-42.4435 -33.045 30.6243 -42.5243 -32.795 30.5715 -42.5583 -32.3444 29.2906 
-42.6788 -32.1375 28.4844 -42.9014 -31.948 28.3622 -42.7535 -31.9222 28.5752 
-43.0869 -31.997 28.2308 -42.6393 -32.0833 28.6799 -42.6102 -32.0533 28.9416 
-43.3175 -32.0122 28.1809 -43.4769 -32.2413 28.1339 -42.6066 -32.0289 29.1725 
-42.6019 -32.1065 29.3773 -43.6693 -32.4648 28.1887 -43.7788 -32.9648 28.335 
-43.644 -33.3048 28.2706 -43.7206 -33.1295 28.3182 -43.8759 -32.7089 28.3737 
-42.5896 -32.3012 29.6053 -42.5899 -32.5394 30.2074 -42.6279 -32.2336 29.9112 
-42.6383 -32.2803 30.1585 -38.3163 -41.125 31.228 -38.3327 -40.8841 31.4797 
-38.3244 -41.1032 31.4364 -38.5228 -41.3508 31.176 -38.3293 -41.1784 31.1633 
-38.3637 -41.23 31.2508 -38.7105 -41.4445 31.1843 -38.9147 -41.4569 31.1662 
-39.1294 -41.454 31.1946 -39.2357 -41.4262 31.2001 -39.2472 -41.3873 31.1349 
-38.7411 -39.835 32.1124 -38.6472 -40.0351 32.0322 -38.4485 -40.482 31.8792 
-38.3743 -40.7022 31.6678 -38.5324 -40.2571 32.0972 -38.781 -39.7119 32.2675 
-38.7704 -39.667 32.4917 -38.8578 -39.4721 32.667 -38.9686 -39.2925 32.8314 
-40.9576 -38.0784 32.4591 -40.9167 -38.2885 32.6052 -39.7767 -38.6271 32.8801 
-40.0254 -38.6028 32.8597 -40.2784 -38.4042 32.6984 -40.4838 -38.4447 32.7048 
-40.3105 -38.5814 32.8193 -40.7426 -38.474 32.721 -41.7709 -36.1436 32.0018 
-41.9402 -36.6093 32.0851 -41.8505 -36.8707 32.1288 -41.9885 -36.3562 32.0595 
-41.8144 -37.0631 32.1832 -41.7416 -37.2725 32.2457 -41.4305 -37.7307 32.3573 
-41.3072 -37.8719 32.4012 -41.2377 -38.1037 32.5426 -41.6898 -37.4924 32.3317 
-41.5832 -37.6444 32.3694 -41.759 -35.4608 32.0626 -41.8111 -35.6507 32.0614 
-41.8255 -35.8608 32.0344 -41.7054 -34.9656 32.0151 -41.7231 -35.2245 32.0511 
-41.7004 -34.7107 31.9472 -41.8392 -34.2854 31.8737 -41.818 -34.4021 31.9425 
-41.8478 -34.5413 32.0093 -41.8898 -34.133 31.7793 -42.046 -33.9326 31.7709 
-42.1094 -33.719 31.6036 -39.6887 -38.7845 32.989 -39.5779 -38.9197 33.0863 
-39.0175 -39.2938 33.0813 -39.1391 -39.3035 33.3141 -39.323 -39.1979 33.3115 
-39.6782 -39.0474 33.2376 -39.5411 -39.1819 33.3773 -42.1905 -33.5326 31.4904 
-42.2737 -33.3474 31.399 -42.3554 -33.1755 31.0494 -42.3551 -33.1571 31.3272 
-42.4353 -32.9848 30.9656 -42.5883 -32.5588 30.5132 -42.5097 -32.7764 30.886 
-42.5783 -32.5553 30.8176 -43.026 -31.7971 28.3591 -42.9149 -31.685 28.5471 
-42.7936 -31.6501 28.8124 -42.6846 -31.8578 28.8729 -43.2035 -31.7916 28.2915 
-42.6554 -31.8509 29.1522 -43.5443 -32.0048 28.1887 -43.4247 -31.8077 28.253 
-43.6926 -32.1867 28.197 -42.6392 -31.9064 29.3433 -42.6521 -31.9047 29.5321 
-42.6345 -32.0394 29.6323 -43.8644 -32.3559 28.2912 -43.7769 -33.0143 28.3489 
-43.793 -32.9772 28.36 -43.9383 -32.7006 28.4293 -44.0442 -32.4807 28.4602 
-43.8815 -32.7943 28.4147 -43.9084 -32.7454 28.427 -42.6452 -32.0799 29.8141 
-42.6438 -32.318 30.4556 -42.6823 -32.0125 30.086 -42.6936 -32.0713 30.3988 
-38.3197 -40.9253 31.721 -38.4168 -41.3568 31.4657 -38.307 -41.1949 31.7486 
-38.6165 -41.4646 31.2831 -38.52 -41.4313 31.3288 -38.8084 -41.5315 31.3555 
-39.0815 -41.5262 31.3462 -39.2174 -41.4748 31.2821 -39.2052 -41.4984 31.3332 
-38.7023 -39.8542 32.3044 -38.6043 -40.0458 32.338 -38.4403 -40.4516 32.1693 
-38.3652 -40.6917 31.9647 -38.5096 -40.2449 32.3674 -38.756 -39.6313 32.7699 
-38.6733 -39.8367 32.5771 -38.8575 -39.46 32.9656 -41.1893 -38.4094 32.7494 
-40.9699 -38.506 32.7723 -39.9257 -38.7687 32.9881 -40.1937 -38.765 32.971 
-40.6037 -38.6263 32.8357 -40.47 -38.7764 32.9641 -40.858 -38.6525 32.8746 
-42.0523 -36.1011 32.0688 -42.1842 -36.5226 32.1194 -42.1255 -36.7646 32.1686 
-42.0088 -37.0396 32.2358 -42.2265 -36.3116 32.1003 -41.9661 -37.2491 32.3159 
-41.8447 -37.399 32.346 -41.5235 -37.8441 32.4701 -41.5415 -38.0794 32.637 
-41.3882 -38.2857 32.7171 -41.7866 -37.6007 32.4338 -41.9283 -35.3796 32.1303 
-41.9431 -35.5974 32.1119 -41.9413 -35.7539 32.0872 -42.0292 -35.8948 32.0857 
-41.9224 -34.8146 32.109 -41.9141 -35.1191 32.1318 -42.0033 -34.1558 31.9357 
-41.9453 -34.3591 32.0133 -42.0914 -34.5635 32.1386 -42.1893 -33.716 31.8002 
-42.2217 -33.8105 31.9169 -42.2212 -34.0101 32.008 -42.2535 -33.5433 31.7246 
-39.8095 -38.9149 33.114 -38.9124 -39.4638 33.2672 -39.0859 -39.4321 33.5088 
-39.3658 -39.3403 33.5445 -39.9442 -39.0516 33.2568 -39.8155 -39.1767 33.4061 
-39.6905 -39.3014 33.5679 -42.3127 -33.3529 31.6345 -42.3771 -33.1651 31.5705 
-42.4319 -32.955 31.2655 -42.4467 -32.9588 31.5308 -42.5034 -32.7392 31.204 
-42.64 -32.3326 30.7517 -42.5688 -32.5269 31.1274 -42.6307 -32.3231 31.046 
-43.0999 -31.6168 28.4372 -43.0276 -31.4803 28.594 -42.9236 -31.4466 28.7741 
-42.842 -31.4095 29.0402 -42.7377 -31.6267 29.118 -43.3323 -31.5894 28.3797 
-42.7105 -31.6729 29.4814 -43.7097 -32.0011 28.2194 -43.634 -31.8429 28.2524 
-43.5437 -31.6769 28.3194 -43.8487 -32.1003 28.2703 -42.6941 -31.827 29.8176 
-43.9906 -32.219 28.3663 -44.0361 -32.5646 28.4785 -44.0854 -32.4819 28.5085 
-44.1552 -32.2106 28.5221 -44.0602 -32.528 28.4999 -42.6965 -32.1047 30.689 
-42.7321 -31.7722 30.1232 -42.7409 -31.8283 30.3546 -42.7491 -31.8718 30.6315 
-38.2877 -40.948 32.0491 -38.5864 -41.5066 31.4435 -38.3598 -41.3891 31.7021 
-38.4841 -41.5698 31.7227 -38.2514 -41.1964 32.0044 -38.2965 -41.4025 31.9106 
-38.7499 -41.6208 31.5873 -39.0516 -41.6297 31.5771 -39.1868 -41.538 31.4248 
-39.162 -41.5992 31.5579 -38.564 -40.0545 32.6423 -38.4391 -40.4014 32.3979 
-38.3584 -40.6293 32.311 -38.4798 -40.2656 32.5551 -38.7554 -39.6028 32.9913 
-38.6623 -39.794 32.9012 -38.8059 -39.5321 33.1084 -41.3448 -38.4189 32.7993 
-41.136 -38.6715 32.9653 -41.3438 -38.5474 32.9185 -40.072 -38.9172 33.1135 
-40.3449 -38.9255 33.1075 -40.7286 -38.7946 32.985 -40.6094 -38.9343 33.1151 
-40.9452 -38.8031 33.0329 -42.2064 -35.983 32.113 -42.2685 -36.1552 32.1066 
-42.373 -36.4455 32.145 -42.3777 -36.6406 32.1923 -42.3305 -36.9044 32.2725 
-42.1857 -37.1575 32.3462 -42.4181 -36.2741 32.1425 -42.0295 -37.3822 32.4089 
-41.7924 -37.8481 32.5933 -41.766 -38.1116 32.7698 -41.5686 -38.2597 32.7806 
-41.4736 -38.4113 32.8551 -42.0468 -37.5886 32.5386 -42.143 -35.3313 32.1959 
-42.1426 -35.587 32.1651 -42.1049 -35.7793 32.124 -42.1611 -34.8248 32.2062 
-42.1387 -35.0567 32.207 -42.1618 -34.2805 32.0883 -42.3523 -34.4659 32.2012 
-42.3458 -34.7298 32.2434 -42.3717 -33.6173 31.9364 -42.3399 -33.8216 32.0162 
-42.4244 -33.9466 32.0938 -42.435 -34.1871 32.1557 -42.4047 -33.3684 31.8347 
-38.7436 -39.6491 33.1854 -38.8172 -39.6063 33.4142 -38.9296 -39.528 33.5072 
-39.0259 -39.538 33.6607 -39.2115 -39.4847 33.7171 -39.406 -39.4556 33.7629 
-39.5999 -39.4183 33.7391 -40.2174 -39.061 33.2581 -40.0886 -39.1811 33.4099 
-39.9776 -39.2952 33.5694 -39.8732 -39.4091 33.74 -42.4222 -33.2006 31.7493 
-42.4901 -33.0099 31.7474 -42.5131 -32.7278 31.4994 -42.5492 -32.7723 31.7407 
-42.5771 -32.4705 31.4607 -42.6919 -32.1137 30.9744 -42.6237 -32.2941 31.33 
-42.6837 -32.1045 31.2552 -43.19 -31.4271 28.5313 -43.0982 -31.28 28.7371 
-42.9681 -31.2309 28.972 -42.9037 -31.1876 29.2272 -42.8102 -31.363 29.3773 
-43.3653 -31.4039 28.4897 -43.5695 -31.49 28.4306 -42.7953 -31.386 29.7035 
-42.7502 -31.5699 29.8082 -43.7959 -31.9156 28.2781 -43.7716 -31.7147 28.3548 
-43.9772 -31.9598 28.381 -42.7617 -31.597 30.0432 -44.1705 -32.3072 28.564 
-44.1776 -31.9065 28.535 -44.2362 -32.1521 28.6114 -44.1993 -32.2513 28.5822 
-42.7493 -31.9018 30.9055 -42.7831 -31.6061 30.2988 -42.7997 -31.6338 30.5706 
-42.805 -31.6786 30.8532 -38.219 -41.1128 32.2261 -38.264 -40.8681 32.3956 
-38.6982 -41.7048 31.758 -38.5793 -41.7399 31.8667 -38.3445 -41.6147 31.9665 
-38.4496 -41.7101 31.9147 -38.2177 -41.3038 32.1208 -38.2226 -41.5029 32.1742 
-38.9184 -41.7265 31.7463 -39.1115 -41.6981 31.7154 -39.0978 -41.7272 31.7694 
-39.1444 -41.644 31.6405 -38.4777 -40.2192 32.7769 -38.5564 -40.007 32.9658 
-38.4117 -40.4213 32.5857 -38.3275 -40.624 32.6227 -38.6345 -39.8363 33.1505 
-41.3135 -38.6769 33.0311 -41.1299 -38.9292 33.2433 -41.3338 -38.7988 33.1831 
-41.5244 -38.5375 33.0036 -41.4483 -38.6687 33.0953 -40.4875 -39.0694 33.2623 
-40.8547 -38.9363 33.1502 -40.7396 -39.0673 33.2782 -42.3797 -36.0905 32.1408 
-42.3569 -35.8659 32.1722 -42.5841 -36.4603 32.2098 -42.5869 -36.7307 32.2764 
-42.5498 -36.9233 32.3405 -42.41 -37.0701 32.3718 -42.3364 -37.3063 32.4804 
-42.5887 -36.154 32.2006 -41.9957 -37.7787 32.6399 -41.9173 -37.9258 32.7052 
-41.9598 -38.0347 32.8081 -41.7036 -38.3896 32.9701 -41.927 -38.226 32.9475 
-42.2618 -37.533 32.5944 -42.1414 -37.6805 32.6408 -42.3864 -35.2936 32.2593 
-42.3917 -35.5853 32.2265 -42.3712 -35.0041 32.267 -42.606 -34.4348 32.2464 
-42.5392 -34.6436 32.2712 -42.6261 -34.9188 32.3109 -42.5752 -33.5828 32.0561 
-42.5547 -33.4 31.9941 -42.514 -33.7676 32.0766 -42.6593 -33.9863 32.1683 
-42.6847 -34.2347 32.2218 -42.5658 -33.1482 31.9217 -38.6922 -39.7927 33.4295 
-38.8691 -39.6646 33.6558 -39.0907 -39.6413 33.8854 -39.3513 -39.5588 33.9007 
-39.5354 -39.5105 33.8784 -39.7555 -39.5178 33.9046 -40.3588 -39.196 33.4225 
-40.2218 -39.2889 33.553 -40.1855 -39.4086 33.7301 -40.04 -39.5216 33.9062 
-42.6278 -32.8673 31.9243 -42.6079 -32.5029 31.7569 -42.6618 -32.6223 31.9339 
-42.6296 -32.2498 31.5473 -42.6373 -32.2818 31.713 -42.7478 -31.9005 31.1791 
-42.6766 -32.098 31.5106 -42.7448 -31.8956 31.462 -43.309 -31.2665 28.6207 
-43.1125 -31.079 28.9443 -43.2724 -31.1049 28.7942 -43.0216 -31.0345 29.1583 
-42.8861 -31.138 29.4463 -42.97 -30.995 29.4017 -42.8635 -31.1705 29.6447 
-43.4831 -31.312 28.5451 -43.8287 -31.4994 28.466 -43.6906 -31.3191 28.5506 
-42.8642 -31.1847 29.9205 -42.8067 -31.3933 29.9869 -44.0207 -31.6834 28.4657 
-42.8139 -31.4353 30.2085 -44.1916 -31.6998 28.5632 -44.3137 -31.8011 28.6802 
-44.2742 -32.0305 28.6494 -42.7981 -31.7267 31.0868 -42.8522 -31.3798 30.4749 
-42.8632 -31.4365 30.7943 -42.8642 -31.4918 31.1129 -38.19 -41.0644 32.4926 
-38.1737 -41.2847 32.3273 -38.2426 -40.8307 32.6911 -38.8019 -41.8218 31.9321 
-38.5185 -41.8457 32.0716 -38.3923 -41.7321 32.0099 -38.3164 -41.7206 32.137 
-38.1438 -41.4492 32.4173 -38.1782 -41.7039 32.41 -39.0897 -41.81 31.919 
-39.1155 -41.7651 31.8406 -38.4698 -40.1924 33.0546 -38.395 -40.4037 32.8479 
-38.559 -39.9935 33.2506 -38.31 -40.6038 32.9104 -40.9458 -39.0525 33.3095 
-41.3279 -38.9307 33.3404 -41.1028 -39.1265 33.4733 -41.3739 -39.0736 33.5644 
-41.516 -38.7753 33.262 -41.4735 -38.9043 33.3987 -41.6788 -38.6459 33.2199 
-40.63 -39.2 33.4384 -40.8796 -39.1765 33.4511 -42.6394 -35.8688 32.2474 
-42.7937 -36.3497 32.258 -42.8388 -36.5917 32.309 -42.7572 -36.843 32.3702 
-42.6113 -37.0597 32.4313 -42.6502 -37.2268 32.5454 -42.4777 -37.4429 32.6219 
-42.8531 -36.1334 32.2778 -42.1077 -37.8539 32.7465 -42.1214 -38.0503 32.9038 
-41.8706 -38.3786 33.0522 -41.8745 -38.5105 33.1903 -42.1173 -38.2243 33.0498 
-42.0092 -38.3694 33.1243 -42.3197 -37.6566 32.7029 -42.6274 -35.2354 32.315 
-42.6814 -35.5712 32.2987 -42.859 -34.4128 32.2754 -42.8109 -34.6929 32.3132 
-42.8874 -34.9647 32.355 -42.8583 -35.1859 32.3607 -42.7109 -33.4752 32.0936 
-42.7614 -33.6998 32.1436 -42.7471 -33.267 32.0763 -42.9425 -33.9368 32.2109 
-42.8906 -34.1749 32.239 -42.7711 -32.9966 32.0686 -38.5743 -40.0092 33.5414 
-38.7212 -39.8808 33.7791 -38.8889 -39.7595 33.8827 -38.9896 -39.7942 34.061 
-39.1498 -39.7406 34.0973 -39.317 -39.6799 34.071 -39.5864 -39.6295 34.0537 
-39.9092 -39.6378 34.0801 -40.492 -39.3506 33.6424 -40.4064 -39.4661 33.8066 
-40.2748 -39.5217 33.895 -40.2355 -39.6416 34.0744 -42.7853 -32.7228 32.078 
-42.6961 -32.431 31.9678 -42.6924 -32.2801 31.9152 -42.7717 -32.5106 32.0717 
-42.6699 -32.128 31.6833 -42.7081 -32.1063 31.857 -42.8215 -31.6539 31.3669 
-42.7442 -31.9357 31.7428 -42.8199 -31.6913 31.6825 -43.5238 -31.1453 28.6914 
-43.2467 -30.9673 28.9494 -43.1606 -30.9127 29.108 -43.4262 -30.9569 28.8824 
-43.0977 -30.8486 29.3387 -42.9319 -31.0095 29.5966 -43.0464 -30.7949 29.6707 
-42.937 -30.9834 29.8311 -43.8961 -31.3613 28.5578 -43.9994 -31.487 28.5207 
-43.8524 -31.176 28.6852 -42.9375 -30.9942 30.1256 -42.8732 -31.2179 30.2263 
-44.122 -31.5564 28.5539 -44.2515 -31.5645 28.6659 -44.3177 -31.9543 28.6933 
-44.4317 -31.6216 28.8825 -44.3627 -31.8574 28.7526 -42.9133 -31.1507 30.4851 
-42.9233 -31.1937 30.7224 -42.932 -31.2419 31.0167 -42.9331 -31.2818 31.2661 
-42.8946 -31.4185 31.386 -38.1656 -41.0307 32.7682 -38.1309 -41.2584 32.5772 
-38.2269 -40.8051 32.9727 -38.7862 -41.9392 32.1205 -39.0156 -41.9118 32.0919 
-39.0097 -41.9324 32.1248 -38.336 -41.8729 32.2621 -38.4566 -41.9735 32.2601 
-38.6532 -42.0182 32.2572 -38.0883 -41.4774 32.6436 -38.0522 -41.7098 32.7089 
-38.2668 -41.9534 32.4358 -38.1301 -41.8915 32.5925 -39.0762 -41.8667 32.0159 
-39.1313 -41.8005 31.9145 -39.1294 -41.8165 31.9459 -38.468 -40.1873 33.3415 
-38.3836 -40.3891 33.1311 -38.2964 -40.5959 33.1967 -41.0335 -39.2737 33.6396 
-41.2312 -39.2291 33.6794 -41.6363 -38.9895 33.6315 -41.431 -39.2896 33.8936 
-41.6504 -39.1689 33.8929 -41.6615 -38.836 33.4406 -41.8533 -38.6419 33.3252 
-41.888 -38.7695 33.5111 -40.7951 -39.3115 33.62 -42.917 -35.8843 32.3196 
-43.0198 -36.377 32.33 -43.0519 -36.5909 32.3731 -42.9624 -36.7484 32.3969 
-42.918 -36.9832 32.4997 -42.8439 -37.2101 32.6063 -42.6935 -37.3609 32.6494 
-42.6125 -37.5847 32.7746 -43.0743 -36.1319 32.343 -42.3489 -37.8546 32.8608 
-42.3188 -38.1 33.0459 -42.0594 -38.4902 33.2788 -41.9946 -38.6205 33.3898 
-42.2541 -38.3581 33.2546 -42.8742 -35.453 32.3557 -42.9271 -35.6756 32.3477 
-43.0671 -34.3484 32.2855 -43.1153 -34.6045 32.3313 -43.0857 -34.8856 32.3702 
-43.0888 -35.1475 32.3962 -43.0795 -35.404 32.4011 -42.9444 -33.4746 32.1688 
-43.0113 -33.7295 32.201 -42.9715 -33.1706 32.1725 -43.194 -33.9083 32.2449 
-43.1397 -34.1487 32.2637 -42.9759 -32.8756 32.1913 -38.4744 -40.2056 33.6288 
-38.5825 -40.0696 33.7979 -38.8302 -39.8821 34.015 -38.6879 -40.0814 34.1071 
-38.919 -39.9579 34.2308 -39.1196 -39.8538 34.2373 -39.2745 -39.7845 34.2139 
-39.487 -39.7763 34.2474 -39.7717 -39.7643 34.2578 -40.0641 -39.7688 34.2634 
-40.5685 -39.4733 33.8187 -40.7378 -39.4376 33.7869 -40.4911 -39.5688 33.9604 
-40.4937 -39.6884 34.1354 -40.3526 -39.7879 34.2776 -42.9662 -32.5426 32.2193 
-42.8114 -32.3023 32.1032 -42.7714 -32.1245 32.0245 -42.8055 -31.9441 31.9988 
-42.8928 -31.4542 31.6287 -42.8474 -31.7294 31.9459 -42.9062 -31.4997 31.909 
-43.6857 -30.9634 28.8378 -43.3311 -30.8303 29.0652 -43.2362 -30.7653 29.2422 
-43.5583 -30.7919 29.0159 -43.2246 -30.6319 29.4893 -43.1592 -30.5679 29.7457 
-43.1071 -30.5902 29.9554 -43.0171 -30.7867 30.0324 -44.084 -31.3732 28.6329 
-44.1141 -31.1631 28.7671 -43.9549 -30.9766 28.8412 -42.9422 -31.0211 30.3675 
-43.016 -30.8079 30.3689 -44.28 -31.3515 28.7782 -44.4343 -31.258 28.9506 
-44.4292 -31.6714 28.8742 -44.4447 -31.6273 28.9046 -44.462 -31.5777 28.9306 
-44.4375 -31.6448 28.8959 -42.9836 -30.9607 30.622 -42.9975 -31.0048 30.9275 
-43.0089 -31.0445 31.2637 -42.967 -31.2106 31.539 -38.1496 -40.9964 33.0449 
-38.0944 -41.2377 32.8556 -38.2138 -40.7947 33.2339 -39.0108 -41.9717 32.1805 
-38.9246 -42.0419 32.2747 -38.368 -41.9843 32.336 -38.4665 -42.0983 32.44 
-38.8121 -42.1615 32.4531 -38.0149 -41.4886 32.9474 -37.9755 -41.7319 32.9089 
-38.0266 -41.938 32.8173 -38.2126 -42.1156 32.653 -38.3769 -40.3932 33.4244 
-38.2769 -40.6259 33.5005 -40.9653 -39.4087 33.8032 -41.196 -39.3699 33.8522 
-41.7961 -38.9094 33.6366 -41.8719 -39.0338 33.8655 -41.6016 -39.2915 34.0228 
-41.3713 -39.4943 34.1178 -41.5714 -39.3978 34.1351 -41.7473 -39.3166 34.1647 
-41.8898 -39.1939 34.1059 -42.1264 -38.7141 33.592 -41.9375 -38.9072 33.7345 
-42.089 -38.8493 33.7534 -43.0644 -35.8152 32.3679 -43.1166 -35.9675 32.3663 
-43.2259 -36.2963 32.3975 -43.1808 -36.4957 32.4015 -43.1718 -36.7071 32.4654 
-43.216 -36.9172 32.5792 -43.0571 -37.133 32.6409 -42.8823 -37.3465 32.714 
-42.9062 -37.5128 32.8425 -42.5537 -37.7993 32.9082 -42.7506 -37.7174 32.9305 
-43.2273 -36.0954 32.3956 -42.4623 -37.9408 32.9788 -42.5032 -38.0444 33.0835 
-42.4835 -38.2125 33.2272 -42.1975 -38.5643 33.4481 -42.4408 -38.3593 33.3534 
-42.4631 -38.5087 33.535 -43.0815 -35.6452 32.3901 -43.3301 -34.4055 32.321 
-43.3746 -34.6632 32.3667 -43.2918 -34.8233 32.384 -43.346 -35.0809 32.4264 
-43.3037 -35.3626 32.4433 -43.2843 -35.6249 32.4415 -43.2103 -33.3807 32.2399 
-43.2113 -33.6566 32.2351 -43.204 -33.0897 32.2629 -43.4368 -33.8683 32.2806 
-43.3992 -34.127 32.2929 -43.1998 -32.8001 32.3045 -38.5023 -40.2344 33.915 
-38.3827 -40.4086 33.7304 -38.5295 -40.2734 34.1439 -38.8216 -40.0734 34.3057 
-38.609 -40.2775 34.3359 -38.7676 -40.1884 34.409 -38.9516 -40.1057 34.4646 
-39.1015 -39.9882 34.4063 -39.3316 -39.9141 34.3962 -39.6656 -39.9233 34.4652 
-39.9251 -39.8737 34.4119 -40.1823 -39.9188 34.464 -40.6887 -39.534 33.9179 
-40.8806 -39.5323 33.9518 -40.7336 -39.649 34.0926 -40.629 -39.7911 34.2804 
-40.489 -39.9183 34.4484 -42.9692 -32.2702 32.2516 -43.1273 -32.3821 32.3419 
-43.1769 -32.5796 32.3362 -42.9096 -32.0496 32.1903 -42.9298 -31.7781 32.1709 
-42.9722 -31.2606 31.8602 -42.9421 -31.5703 32.12 -43.0138 -31.3209 32.174 
-43.8188 -30.7954 28.9731 -43.4285 -30.6392 29.2486 -43.7023 -30.6211 29.1463 
-43.4096 -30.4367 29.4989 -43.2754 -30.4168 29.7221 -43.1938 -30.4378 29.9093 
-43.1803 -30.4045 30.1397 -43.095 -30.5893 30.2442 -44.2818 -31.1516 28.8556 
-44.1741 -30.9932 28.8843 -44.0583 -30.8243 28.9655 -43.1058 -30.5893 30.5414 
-43.0535 -30.7545 30.6417 -44.3409 -31.0177 28.9619 -44.5184 -31.3755 29.0415 
-44.5578 -31.2111 29.103 -44.4836 -31.0303 29.0819 -43.0486 -30.8198 30.8282 
-43.089 -30.7771 31.1032 -43.101 -30.8091 31.4328 -43.0434 -30.9847 31.5517 
-43.0386 -31.031 31.7955 -38.149 -40.951 33.2678 -38.0733 -41.1783 33.1878 
-38.1923 -40.8253 33.4216 -39.0192 -42.0395 32.2891 -39.0059 -42.0818 32.3532 
-38.9797 -42.1434 32.4502 -38.4113 -42.241 32.6309 -38.6362 -42.2667 32.6022 
-38.862 -42.2866 32.6231 -38.9457 -42.2697 32.6185 -38.9614 -42.2109 32.5466 
-37.9341 -41.6591 33.1116 -37.9778 -41.421 33.2735 -37.9356 -41.8482 33.0124 
-37.944 -42.0566 33.0675 -38.0641 -42.1682 32.8636 -38.2915 -42.2945 32.7475 
-38.1652 -42.2677 32.805 -38.1992 -40.8017 33.6449 -38.2893 -40.6158 33.8333 
-41.1108 -39.5117 34.0024 -42.0567 -38.9658 33.8971 -42.1487 -39.1054 34.1483 
-41.2031 -39.613 34.1733 -41.5474 -39.4985 34.2397 -41.3421 -39.6684 34.3088 
-41.5168 -39.6006 34.3345 -41.7088 -39.5062 34.36 -41.894 -39.2886 34.2413 
-41.9076 -39.3933 34.3743 -42.0311 -39.271 34.3043 -42.3176 -38.6623 33.6409 
-42.2937 -38.7925 33.8007 -42.2466 -38.9332 33.9695 -43.2454 -35.8858 32.4172 
-43.4098 -36.1657 32.4726 -43.349 -36.4711 32.4767 -43.4241 -36.7027 32.577 
-43.3948 -36.9038 32.6488 -43.2714 -37.0526 32.6798 -43.1796 -37.2824 32.7963 
-43.084 -37.5065 32.9126 -42.9458 -37.6482 32.96 -42.6296 -37.9038 33.0241 
-42.8906 -37.8633 33.11 -42.6641 -38.0581 33.1709 -42.6674 -38.2049 33.3074 
-42.5871 -38.3399 33.4072 -42.72 -38.4409 33.5895 -42.5221 -38.7098 33.8199 
-42.696 -38.5966 33.767 -43.6077 -34.3415 32.3463 -43.5847 -34.5978 32.3817 
-43.5458 -34.876 32.4242 -43.5933 -35.1297 32.4714 -43.5314 -35.3289 32.4844 
-43.5052 -35.5785 32.4956 -43.4802 -35.8574 32.4937 -43.4724 -33.3256 32.3132 
-43.4527 -33.6056 32.285 -43.4068 -33.0345 32.3388 -43.6728 -33.8296 32.3256 
-43.6502 -34.0871 32.3285 -43.3157 -32.6968 32.3741 -43.3939 -32.849 32.3712 
-38.4048 -40.4386 34.0566 -38.4882 -40.3908 34.2819 -38.544 -40.458 34.5113 
-38.6942 -40.3322 34.5351 -38.8993 -40.3137 34.6837 -39.0947 -40.0807 34.5283 
-39.1167 -40.1913 34.6665 -39.2383 -40.0631 34.5621 -39.4747 -40.0557 34.613 
-39.7443 -40.1014 34.7065 -39.9435 -40.0063 34.591 -40.1413 -40.0403 34.629 
-40.3514 -40.0417 34.6145 -41.0036 -39.6396 34.1338 -40.898 -39.7765 34.2892 
-40.7702 -39.9162 34.4508 -40.6242 -40.0468 34.6079 -43.0989 -32.1402 32.3513 
-43.3007 -32.3 32.438 -43.3194 -32.5311 32.4057 -43.0817 -31.8734 32.3565 
-43.0733 -31.561 32.3556 -43.0531 -31.0625 32.0836 -43.1008 -31.0685 32.3606 
-43.1292 -31.2655 32.4709 -43.9553 -30.6499 29.0927 -43.6079 -30.4485 29.3414 
-43.8732 -30.4497 29.2631 -43.5532 -30.2994 29.514 -43.4374 -30.2229 29.7209 
-43.2983 -30.2421 29.9971 -43.1769 -30.3945 30.4271 -43.2609 -30.213 30.3124 
-44.2325 -30.8691 28.9848 -44.1763 -30.711 29.0808 -43.1895 -30.4037 30.72 
-43.1216 -30.6159 30.8418 -44.3582 -30.8328 29.0878 -44.5588 -31.2811 29.0982 
-44.5768 -31.224 29.1369 -44.5945 -31.0648 29.2093 -44.5294 -30.8122 29.257 
-43.1682 -30.5561 31.0918 -43.1753 -30.5928 31.3331 -43.1808 -30.6244 31.6224 
-43.1081 -30.8243 31.7195 -43.1129 -30.8472 31.9985 -38.1269 -40.9841 33.4563 
-38.0426 -41.1904 33.4947 -38.5023 -42.3843 32.7819 -38.7993 -42.3853 32.7643 
-38.9327 -42.3172 32.6822 -38.9159 -42.3652 32.7534 -37.9036 -41.6229 33.3693 
-37.8896 -41.8378 33.211 -37.9576 -41.4011 33.5624 -37.8701 -42.0074 33.3062 
-38.0369 -42.2849 33.0241 -37.9195 -42.2703 33.3185 -38.1069 -42.294 32.8936 
-38.2291 -42.4155 32.9365 -38.2003 -40.8116 33.9201 -38.1167 -40.9925 33.7213 
-38.2909 -40.663 34.1192 -42.4268 -39.0168 34.186 -42.2585 -39.2901 34.4525 
-42.4151 -39.1634 34.3763 -41.1438 -39.74 34.308 -41.3021 -39.8189 34.4643 
-41.4623 -39.7332 34.4477 -41.6269 -39.7042 34.5156 -41.8705 -39.5106 34.4792 
-41.8513 -39.6525 34.6042 -42.0889 -39.388 34.4783 -42.0039 -39.5102 34.5596 
-42.4719 -38.8698 34.0094 -43.6663 -36.0913 32.5718 -43.5927 -36.42 32.5837 
-43.6211 -36.6504 32.655 -43.5392 -36.812 32.6768 -43.4771 -37.0164 32.7636 
-43.466 -37.2434 32.905 -43.2806 -37.4481 32.9597 -43.1197 -37.6479 33.0387 
-43.1708 -37.8206 33.2079 -42.8534 -38.1109 33.3092 -43.0369 -38.0006 33.297 
-42.7787 -38.2874 33.4476 -42.8901 -38.3728 33.6 -42.9187 -38.5139 33.784 
-42.6988 -38.7028 33.9046 -42.7195 -38.8127 34.0604 -42.8558 -38.6794 33.9568 
-43.8488 -34.3011 32.3864 -43.7888 -34.5141 32.4006 -43.8346 -34.7682 32.4538 
-43.7904 -35.0486 32.4943 -43.7564 -35.2991 32.5264 -43.69 -35.5064 32.5351 
-43.7345 -35.7709 32.5696 -43.6289 -33.1974 32.3781 -43.7017 -33.41 32.3625 
-43.6787 -33.5863 32.3371 -43.5445 -32.9797 32.3943 -43.8826 -33.7802 32.381 
-43.8815 -34.0427 32.3777 -43.5178 -32.7681 32.4292 -38.3967 -40.5574 34.3353 
-38.5627 -40.572 34.7188 -38.4213 -40.6715 34.6211 -38.6957 -40.461 34.7115 
-39.0826 -40.3131 34.7952 -38.853 -40.513 34.9032 -39.0897 -40.4448 34.9483 
-39.3462 -40.18 34.7379 -39.2471 -40.3141 34.8629 -39.547 -40.1756 34.7785 
-39.9208 -40.102 34.7191 -39.7081 -40.2541 34.8934 -39.9713 -40.2082 34.8468 
-40.0335 -40.0982 34.7115 -40.1995 -40.1394 34.7504 -40.4665 -40.1828 34.7832 
-41.058 -39.9062 34.4834 -40.8844 -40.04 34.6088 -40.7629 -40.1659 34.7533 
-43.2838 -32.038 32.4768 -43.5097 -32.2532 32.5342 -43.5236 -32.5144 32.4828 
-43.2787 -31.7389 32.5404 -43.2358 -31.4429 32.5909 -43.1329 -30.8647 32.2735 
-43.177 -30.8813 32.5138 -43.1791 -31.0508 32.5879 -43.2635 -31.1957 32.692 
-44.0917 -30.5455 29.1881 -43.7331 -30.2861 29.4307 -43.9202 -30.281 29.3868 
-44.1194 -30.3665 29.3262 -43.6361 -30.1347 29.618 -43.5302 -30.0566 29.7747 
-43.4553 -30.0189 29.9641 -43.3683 -30.0278 30.2351 -43.2632 -30.2016 30.6062 
-43.3318 -30.0451 30.4774 -44.3146 -30.5871 29.2313 -43.2021 -30.4297 30.9624 
-43.2827 -30.2129 30.9417 -44.6056 -31.1116 29.2195 -44.621 -31.0484 29.2667 
-44.5098 -30.5201 29.3811 -44.6648 -30.6655 29.48 -44.6353 -30.9396 29.362 
-43.2507 -30.3673 31.22 -43.2569 -30.4165 31.531 -43.1847 -30.645 31.9062 
-43.2591 -30.45 31.8109 -43.1951 -30.6619 32.1867 -38.03 -41.1962 33.7761 
-38.4776 -42.5173 32.9525 -38.7237 -42.5114 32.9346 -38.8983 -42.419 32.8383 
-38.8724 -42.4985 32.9509 -37.8866 -41.6072 33.64 -37.8544 -41.8214 33.455 
-37.9505 -41.397 33.8373 -37.8355 -42.0339 33.5261 -38.0651 -42.4497 33.1416 
-37.8341 -42.2289 33.6137 -38.0238 -42.5392 33.329 -37.8991 -42.5023 33.6248 
-38.1789 -42.5546 33.1167 -38.3568 -42.5996 33.0897 -38.2056 -40.8334 34.1502 
-38.1131 -41.014 34.0239 -38.2745 -40.7775 34.384 -42.6232 -38.9495 34.1954 
-42.6544 -39.0917 34.3935 -42.4265 -39.2618 34.5088 -42.2404 -39.5064 34.6788 
-42.4566 -39.3748 34.6465 -42.5735 -39.2418 34.5465 -41.2698 -39.981 34.6318 
-41.481 -39.8678 34.6031 -41.7021 -39.8692 34.724 -42.0535 -39.6449 34.7155 
-41.9664 -39.8471 34.849 -43.8964 -36.0085 32.6546 -43.8331 -36.2887 32.6749 
-43.7655 -36.5257 32.6962 -43.7313 -36.7649 32.7724 -43.7185 -37.0386 32.9109 
-43.6591 -37.266 33.0197 -43.4731 -37.4053 33.0215 -43.3695 -37.6067 33.1293 
-43.4156 -37.8322 33.3533 -43.2179 -37.9749 33.3708 -42.9936 -38.1162 33.3807 
-42.9779 -38.2325 33.4936 -43.1223 -38.1129 33.4492 -43.0634 -38.3699 33.694 
-43.1274 -38.4853 33.8662 -43.0752 -38.6245 34.0055 -43.0178 -38.8067 34.1997 
-42.8384 -38.9604 34.308 -44.0755 -34.2545 32.443 -44.0309 -34.5415 32.4624 
-44.0772 -34.7983 32.5151 -43.989 -34.9715 32.5231 -44.011 -35.2234 32.5757 
-43.9169 -35.5338 32.598 -43.9572 -35.7837 32.6455 -43.7754 -33.0693 32.4514 
-43.8525 -33.3761 32.4182 -43.8443 -33.5645 32.3854 -44.0639 -33.6596 32.4549 
-44.0951 -33.981 32.4437 -43.7717 -32.7741 32.5101 -38.5245 -40.6887 34.8353 
-38.6683 -40.6089 34.8863 -38.2964 -40.8513 34.6401 -38.4048 -40.8459 34.8814 
-38.8121 -40.6708 35.0764 -38.9888 -40.5939 35.0829 -39.393 -40.4684 35.0853 
-39.1958 -40.606 35.1869 -39.4805 -40.2979 34.9105 -39.6627 -40.4026 35.0646 
-39.8632 -40.3449 35.0139 -40.2401 -40.2646 34.9018 -40.0839 -40.3659 35.0366 
-40.4339 -40.3116 34.9438 -40.6536 -40.2968 34.9138 -41.0796 -40.0447 34.6434 
-40.9763 -40.1364 34.7311 -40.9543 -40.2719 34.8928 -43.5018 -31.9821 32.6023 
-43.7379 -32.2315 32.6239 -43.7525 -32.4974 32.5634 -43.4007 -31.575 32.6896 
-43.4656 -31.7674 32.6584 -43.3609 -31.3764 32.7351 -43.2216 -30.6898 32.4513 
-43.2616 -30.746 32.6434 -43.2542 -30.9054 32.6992 -43.2495 -31.0341 32.715 
-43.435 -31.2442 32.8308 -43.3725 -31.0176 32.8253 -43.8576 -30.1439 29.5176 
-44.036 -30.1943 29.4483 -44.3537 -30.3631 29.3803 -44.2267 -30.1943 29.4644 
-43.6329 -29.9933 29.7463 -43.7982 -29.9886 29.6803 -43.5678 -29.949 29.8581 
-43.5949 -29.8407 29.9991 -43.4977 -29.8448 30.1991 -43.441 -29.8442 30.4787 
-43.3708 -29.967 30.7633 -43.3841 -29.9794 31.1051 -43.3309 -30.1531 31.2239 
-44.4975 -30.3305 29.464 -44.6274 -30.3889 29.5488 -44.6761 -30.8182 29.4514 
-44.7674 -30.4859 29.6946 -44.707 -30.7083 29.539 -43.3324 -30.205 31.4642 
-43.3342 -30.2495 31.7417 -43.2683 -30.4609 32.0864 -43.3281 -30.2969 31.9766 
-43.2907 -30.4762 32.3732 -38.0213 -41.2226 34.0106 -38.6118 -42.6312 33.0873 
-38.8445 -42.5983 33.0721 -38.8342 -42.631 33.1165 -37.8829 -41.6032 33.9187 
-37.8351 -41.8204 33.7172 -37.9605 -41.3896 34.1159 -37.8054 -42.0416 33.7891 
-38.1035 -42.5682 33.2038 -37.8045 -42.2725 33.8487 -38.0504 -42.6961 33.4782 
-38.2093 -42.6802 33.2809 -37.821 -42.4753 33.9244 -37.9854 -42.7403 33.6591 
-37.9056 -42.7211 33.9049 -38.4896 -42.7351 33.2459 -38.1656 -40.9436 34.275 
-38.0701 -41.1545 34.2853 -38.1836 -40.9813 34.503 -42.8983 -39.1012 34.5044 
-42.7986 -39.2273 34.6146 -42.4276 -39.5032 34.7692 -42.1944 -39.7331 34.8702 
-42.4312 -39.6547 34.9152 -42.6831 -39.3603 34.7224 -42.5801 -39.4996 34.829 
-41.1737 -40.1377 34.7758 -41.4757 -40.0897 34.8281 -41.7774 -40.0571 34.9353 
-42.0196 -40.0849 35.0884 -42.1447 -39.9067 34.9991 -44.1256 -35.9054 32.7369 
-44.0245 -36.1734 32.7456 -44.003 -36.4751 32.8233 -43.9444 -36.8047 32.9225 
-43.9327 -37.0102 33.0197 -43.7974 -37.1469 33.0162 -43.7815 -37.2311 33.0619 
-43.5969 -37.4624 33.1343 -43.7803 -37.3274 33.139 -43.551 -37.634 33.2512 
-43.6284 -37.7359 33.3897 -43.3609 -38.105 33.5869 -43.6344 -37.9492 33.601 
-43.1642 -38.2378 33.6053 -43.3015 -38.357 33.8221 -43.2681 -38.5448 34.0184 
-43.2465 -38.6987 34.1877 -43.1059 -39.003 34.4732 -43.2645 -38.8562 34.3791 
-44.2907 -34.2009 32.5165 -44.2395 -34.4306 32.5119 -44.289 -34.6901 32.5661 
-44.208 -34.996 32.5916 -44.2344 -35.2324 32.647 -44.1588 -35.4473 32.6633 
-44.0912 -35.6686 32.6773 -44.0314 -33.0488 32.5408 -44.0626 -33.3481 32.4993 
-44.3348 -33.621 32.5656 -44.3104 -33.9214 32.5289 -44.0294 -32.7605 32.5954 
-38.6054 -40.77 35.0422 -38.2329 -41.0172 34.7818 -38.3233 -41.0551 35.0964 
-38.4881 -40.9073 35.1194 -38.7769 -40.8101 35.2422 -39.0148 -40.7359 35.2745 
-39.4553 -40.6558 35.3318 -39.6419 -40.5554 35.246 -39.2504 -40.7312 35.3652 
-39.9074 -40.4949 35.196 -40.3006 -40.3762 35.0351 -40.2428 -40.5038 35.2001 
-40.5196 -40.4293 35.0842 -40.7857 -40.4026 35.04 -41.2513 -40.2776 34.9487 
-41.0579 -40.4586 35.1183 -43.6045 -31.8764 32.6873 -43.6931 -32.0255 32.6707 
-43.8432 -32.1341 32.6899 -43.9363 -32.2914 32.6734 -43.9547 -32.4725 32.6336 
-43.5461 -31.4699 32.8175 -43.5962 -31.709 32.7461 -43.3412 -30.5375 32.6644 
-43.3888 -30.7493 32.8307 -43.5913 -31.3156 32.9039 -43.5696 -31.1426 32.9383 
-43.5662 -30.911 32.9787 -44.0637 -30.0228 29.6021 -44.4037 -30.2179 29.4885 
-44.3595 -30.0445 29.6123 -43.7072 -29.875 29.8401 -43.954 -29.8092 29.8141 
-43.7805 -29.7205 29.9914 -43.6539 -29.6874 30.1812 -43.5614 -29.697 30.3653 
-43.5632 -29.6252 30.5905 -43.4729 -29.7449 30.7437 -43.4626 -29.7626 31.0056 
-43.4649 -29.7841 31.3124 -43.4002 -29.9967 31.3977 -44.5369 -30.1902 29.5843 
-44.7128 -30.165 29.7638 -44.7687 -30.5037 29.6924 -44.7722 -30.4909 29.7026 
-44.7798 -30.4623 29.7242 -43.4065 -30.0347 31.6836 -43.4068 -30.0828 31.9929 
-43.3669 -30.2388 32.2506 -43.3915 -30.2881 32.567 -38.7566 -42.7442 33.2549 
-38.8185 -42.6917 33.1941 -37.8893 -41.6097 34.209 -37.8275 -41.8275 33.9954 
-37.9802 -41.3949 34.4196 -37.792 -42.0633 34.0588 -37.7816 -42.3004 34.1136 
-38.1882 -42.8093 33.4661 -38.0956 -42.8277 33.5854 -38.3846 -42.8412 33.4259 
-37.8057 -42.546 34.1633 -38.065 -42.8895 33.7616 -37.8668 -42.83 34.2539 
-38.0219 -42.9885 34.0138 -38.6536 -42.8544 33.4153 -38.095 -41.1929 34.6168 
-43.0866 -39.2306 34.7199 -42.8876 -39.3547 34.7884 -42.3221 -39.8659 35.0576 
-42.6817 -39.6445 35.0153 -42.5716 -39.8636 35.1842 -42.7977 -39.4884 34.8995 
-41.4609 -40.2764 34.9989 -41.6417 -40.2299 35.0244 -41.8326 -40.2191 35.1073 
-42.2143 -40.0174 35.1352 -41.9825 -40.3523 35.3166 -42.2051 -40.198 35.2946 
-44.28 -35.6422 32.7519 -44.3635 -35.8589 32.8451 -44.2351 -36.1574 32.8562 
-44.2473 -36.3915 32.9393 -44.1971 -36.6495 33.0149 -44.0605 -36.8656 33.0226 
-44.0538 -36.9584 33.0672 -43.8906 -37.1786 33.0999 -44.0525 -37.0587 33.1348 
-43.7619 -37.534 33.2988 -44.0012 -37.287 33.267 -43.7986 -37.7311 33.4952 
-43.5432 -38.1174 33.7127 -43.5 -38.25 33.8277 -43.8561 -37.873 33.6692 
-43.6808 -38.1643 33.8555 -43.8138 -38.0374 33.8112 -43.4724 -38.368 33.9396 
-43.4424 -38.4762 34.0435 -43.3949 -38.6099 34.1676 -43.4345 -38.7362 34.3325 
-43.2937 -38.9685 34.5176 -43.3254 -39.0944 34.6653 -43.4674 -38.9158 34.5429 
-44.4986 -34.147 32.6062 -44.4574 -34.4414 32.6023 -44.507 -34.686 32.6525 
-44.4407 -34.9024 32.6623 -44.3731 -35.119 32.6765 -44.3989 -35.3503 32.7411 
-44.2458 -33.0345 32.6168 -44.2784 -33.298 32.587 -44.5024 -33.4906 32.652 
-44.5496 -33.7083 32.6473 -44.5165 -33.8902 32.6194 -44.1774 -32.6408 32.6685 
-44.2535 -32.8536 32.6507 -38.6172 -40.8806 35.2251 -38.1397 -41.2218 34.9242 
-38.352 -41.1517 35.3774 -38.1781 -41.2803 35.2336 -38.5346 -41.0064 35.3374 
-38.7214 -40.9218 35.3722 -38.9265 -40.8871 35.444 -39.1798 -40.8453 35.4948 
-39.6399 -40.6559 35.3743 -39.4168 -40.802 35.5131 -39.6637 -40.757 35.5099 
-39.8084 -40.6463 35.3837 -40.0741 -40.6396 35.3861 -40.4913 -40.5592 35.2533 
-40.3518 -40.6521 35.3929 -40.7474 -40.54 35.2112 -41.3627 -40.4075 35.1082 
-40.9537 -40.5929 35.2695 -41.1123 -40.5952 35.2771 -41.2909 -40.5491 35.2497 
-43.8055 -31.9356 32.7456 -44.0555 -32.2099 32.7408 -44.0908 -32.4246 32.6899 
-43.7141 -31.4514 32.9067 -43.8113 -31.6777 32.8482 -43.4584 -30.3309 32.8303 
-43.4586 -30.5244 32.8938 -43.5783 -30.656 33.0272 -43.7578 -31.3112 32.9737 
-43.7834 -31.1062 33.0466 -43.7964 -30.8415 33.1367 -44.2291 -29.8413 29.7551 
-44.5517 -30.0285 29.7034 -44.4572 -29.8677 29.774 -43.9912 -29.6153 29.9961 
-44.1575 -29.6659 29.9034 -43.8554 -29.5534 30.1688 -43.7177 -29.5215 30.4048 
-43.683 -29.4323 30.6828 -43.5692 -29.5427 30.8979 -43.5412 -29.5605 31.2293 
-43.47 -29.8119 31.6128 -43.5307 -29.5815 31.5424 -44.6348 -29.9062 29.8423 
-44.8207 -30.2762 29.8719 -44.8433 -30.1015 29.9579 -44.7786 -29.9363 29.9599 
-43.472 -29.8489 31.907 -43.4721 -29.8871 32.1445 -43.4407 -30.0181 32.2561 
-43.4463 -30.0593 32.4914 -43.4796 -30.1102 32.766 -38.8037 -42.7424 33.2633 
-38.7954 -42.7665 33.2974 -38.7635 -42.847 33.4219 -37.9001 -41.6344 34.5072 
-37.8291 -41.8486 34.2844 -37.9993 -41.4373 34.758 -37.7882 -42.0955 34.3312 
-37.7742 -42.3364 34.3732 -38.2667 -42.9341 33.6278 -38.5511 -42.9644 33.5984 
-37.7864 -42.5765 34.4412 -38.2093 -43.0449 33.8541 -37.807 -42.7839 34.5324 
-37.9701 -43.0657 34.2446 -37.8865 -43.0603 34.5325 -38.1671 -43.132 34.0174 
-38.079 -43.1464 34.1409 -38.7431 -42.9021 33.5077 -38.7199 -42.9578 33.6035 
-43.2929 -39.229 34.7918 -43.069 -39.4782 34.9811 -43.305 -39.3597 34.9326 
-42.3778 -40.0413 35.2501 -42.8839 -39.6108 35.0591 -42.8309 -39.7703 35.208 
-42.5758 -40.1095 35.4352 -42.7976 -39.98 35.4217 -41.5512 -40.3589 35.1109 
-41.7256 -40.3628 35.1909 -41.7791 -40.4964 35.3576 -42.1621 -40.3439 35.4052 
-41.9547 -40.6112 35.5808 -42.1666 -40.4765 35.545 -42.3885 -40.2049 35.4132 
-42.293 -40.3386 35.4821 -44.5212 -35.5883 32.8607 -44.5371 -35.8066 32.9284 
-44.4653 -36.021 32.9509 -44.39 -36.2354 32.9736 -44.3958 -36.4138 33.0453 
-44.3952 -36.5753 33.115 -44.1646 -36.8866 33.1104 -44.3466 -36.7504 33.1706 
-44.2726 -37.0171 33.2779 -44.0007 -37.5596 33.4849 -44.2661 -37.3252 33.4904 
-43.9366 -37.738 33.5929 -43.6356 -38.3818 34.0628 -43.9955 -37.8226 33.7172 
-43.9818 -37.966 33.8576 -43.8123 -38.1486 33.9288 -43.8265 -38.2675 34.0696 
-43.929 -38.1294 33.9935 -43.5607 -38.583 34.2365 -43.6472 -38.7421 34.4583 
-43.5666 -39.079 34.7537 -43.4501 -39.2264 34.8493 -43.7156 -38.9224 34.6758 
-44.6839 -34.0647 32.6997 -44.6693 -34.3364 32.6996 -44.6347 -34.5671 32.6996 
-44.666 -34.8074 32.7551 -44.5561 -35.0901 32.7558 -44.6392 -35.299 32.8498 
-44.3956 -33.0053 32.6768 -44.4542 -33.2228 32.668 -44.6646 -33.4014 32.7403 
-44.688 -33.6656 32.7227 -44.6644 -33.8516 32.6938 -44.3187 -32.5143 32.7493 
-44.3946 -32.8151 32.7119 -38.0581 -41.3962 35.0358 -38.2575 -41.2745 35.4739 
-38.3699 -41.21 35.5639 -38.5174 -41.1229 35.5592 -38.0541 -41.4736 35.2274 
-38.1336 -41.4446 35.4882 -38.7876 -41.0328 35.6034 -39.1062 -40.9743 35.6634 
-39.3778 -40.9284 35.6869 -39.583 -40.876 35.6621 -39.9419 -40.7642 35.5545 
-39.8146 -40.8805 35.7129 -40.218 -40.7669 35.5673 -40.615 -40.6603 35.3839 
-40.4991 -40.7708 35.5639 -40.8266 -40.6551 35.3588 -41.5471 -40.4985 35.2631 
-41.0335 -40.6958 35.4164 -41.2287 -40.6562 35.372 -41.43 -40.6488 35.4085 
-44.0664 -31.9579 32.8288 -44.3222 -32.2303 32.824 -43.9151 -31.5215 32.9497 
-44.0822 -31.7453 32.9131 -43.5434 -30.1749 32.9835 -43.5948 -30.383 33.0722 
-43.7538 -30.5684 33.1968 -44.0387 -31.3759 33.0441 -44.0444 -31.0979 33.1557 
-43.9388 -30.7078 33.2718 -44.0029 -30.8901 33.2289 -44.3697 -29.6913 29.8936 
-44.5444 -29.7413 29.9073 -44.1306 -29.5572 30.0073 -44.1066 -29.4487 30.1531 
-44.2753 -29.542 30.0201 -43.9416 -29.3864 30.3396 -43.8461 -29.3235 30.5567 
-43.7869 -29.2561 30.7831 -43.6763 -29.3511 30.903 -43.6397 -29.3317 31.1612 
-43.599 -29.3489 31.4747 -43.5251 -29.609 31.8515 -43.5774 -29.3556 31.7897 
-44.6866 -29.7358 30.0118 -44.8487 -30.1788 29.9403 -44.8617 -30.1103 29.9928 
-44.8782 -29.9644 30.0908 -44.8316 -29.7723 30.1499 -43.5177 -29.6565 32.1731 
-43.4938 -29.8267 32.4052 -43.5049 -29.888 32.6996 -43.5593 -29.9415 33.0108 
-37.9077 -41.6701 34.7536 -37.836 -41.8923 34.5951 -37.9602 -41.6115 35.0179 
-37.7887 -42.1469 34.5578 -37.7776 -42.3479 34.6389 -38.4519 -43.0735 33.7943 
-38.6872 -43.0416 33.7377 -38.6743 -43.0723 33.7929 -37.7759 -42.5886 34.7044 
-38.3575 -43.1765 33.9871 -37.7933 -42.8278 34.755 -38.0748 -43.241 34.3355 
-37.8131 -43.0338 34.8253 -38.0017 -43.3126 34.5601 -37.8831 -43.3032 34.8236 
-38.2337 -43.2405 34.1536 -43.2691 -39.4879 35.0564 -43.0452 -39.682 35.1956 
-43.2767 -39.6147 35.2005 -43.5374 -39.3612 35.0196 -43.4254 -39.4924 35.1147 
-43.0207 -39.8546 35.3821 -42.7285 -40.1158 35.5347 -42.5026 -40.3372 35.622 
-42.6915 -40.2344 35.64 -42.8716 -40.1471 35.6513 -43.0176 -40.016 35.5721 
-41.6739 -40.6311 35.4682 -41.7667 -40.7354 35.6437 -42.1465 -40.6106 35.6799 
-41.931 -40.7942 35.8073 -42.1761 -40.7384 35.8626 -42.3395 -40.4576 35.6341 
-42.283 -40.5878 35.7402 -44.7428 -35.4586 32.9529 -44.6679 -35.6721 32.969 
-44.6585 -35.872 33.0258 -44.5962 -36.1693 33.0891 -44.5389 -36.4361 33.1554 
-44.4935 -36.6082 33.2024 -44.5549 -36.7464 33.324 -44.5317 -37.0498 33.4876 
-44.2159 -37.5937 33.6705 -44.058 -37.7087 33.6548 -44.5057 -37.2993 33.6397 
-44.3643 -37.465 33.6674 -43.7957 -38.3976 34.1884 -43.7821 -38.5425 34.3328 
-44.169 -37.8343 33.8642 -44.1463 -38.1081 34.1339 -43.9958 -38.2567 34.1802 
-43.9247 -38.3987 34.28 -43.8974 -38.7438 34.6084 -43.763 -39.0803 34.8492 
-43.6643 -39.2212 34.9357 -43.9316 -38.9605 34.8298 -44.842 -33.9095 32.7951 
-44.8568 -34.2307 32.8042 -44.8258 -34.5465 32.8084 -44.8591 -34.7971 32.8629 
-44.7825 -35.0404 32.8681 -44.8091 -35.2465 32.9334 -44.6003 -33.083 32.7523 
-44.8424 -33.3144 32.838 -44.8609 -33.6081 32.8228 -44.569 -32.4967 32.8399 
-44.589 -32.7791 32.7951 -38.3153 -41.3248 35.709 -38.4699 -41.2107 35.7074 
-38.6554 -41.1561 35.772 -37.9851 -41.6791 35.3488 -38.0514 -41.6319 35.6234 
-38.1701 -41.5079 35.7966 -38.8517 -41.1239 35.8368 -39.0432 -41.0832 35.8391 
-39.341 -41.0592 35.9008 -39.6498 -40.996 35.8695 -40.093 -40.8808 35.7438 
-39.971 -40.9908 35.9195 -40.3761 -40.8809 35.7548 -40.8 -40.7686 35.542 
-40.6636 -40.8817 35.7533 -41.0488 -40.8046 35.598 -41.2796 -40.7649 35.5518 
-41.555 -40.7561 35.5981 -44.3258 -31.9732 32.9031 -44.5755 -32.2365 32.9003 
-44.1261 -31.6071 32.9812 -44.2613 -31.7653 32.9584 -43.6656 -30.1316 33.2232 
-43.7913 -30.3355 33.3114 -43.9045 -30.5227 33.3285 -44.3425 -31.3757 33.1411 
-44.3478 -31.6532 33.0297 -44.148 -30.9933 33.2454 -44.2623 -31.142 33.2178 
-44.1065 -30.6195 33.4036 -44.1421 -30.8374 33.3143 -44.5177 -29.5456 30.0691 
-44.0885 -29.3229 30.3132 -44.3525 -29.4075 30.1599 -44.2408 -29.2926 30.3038 
-44.0804 -29.2063 30.4984 -43.9229 -29.1801 30.6824 -43.7478 -29.1983 31.0166 
-43.9035 -29.073 30.8996 -43.7174 -29.1511 31.2179 -43.6741 -29.1553 31.4121 
-43.6479 -29.0869 31.7244 -43.556 -29.3837 32.1004 -43.6 -29.1049 32.0548 
-44.7311 -29.5543 30.2012 -44.8825 -29.9806 30.0928 -44.884 -29.9582 30.1091 
-44.8848 -29.5873 30.371 -44.8833 -29.8232 30.2217 -43.5365 -29.4202 32.3864 
-43.5241 -29.6117 32.4389 -43.5174 -29.6693 32.6494 -43.5291 -29.7301 32.8839 
-43.557 -29.6748 33.1852 -43.6639 -29.8934 33.3378 -37.8761 -41.8164 34.8668 
-37.82 -42.0784 34.8399 -37.8906 -41.8681 35.1041 -37.7885 -42.3643 34.9113 
-38.6127 -43.1772 33.9616 -38.6082 -43.1871 33.9796 -37.7763 -42.6139 34.9542 
-38.5086 -43.3188 34.197 -38.6016 -43.2182 34.0293 -37.7778 -42.8482 35.0048 
-38.2825 -43.3611 34.3158 -38.165 -43.416 34.4812 -37.7894 -43.0859 35.0441 
-38.0666 -43.4826 34.6842 -37.7942 -43.2926 35.0989 -37.9718 -43.5595 34.8734 
-37.8459 -43.5119 35.0556 -43.1995 -39.7672 35.3498 -43.5207 -39.6219 35.2924 
-43.4104 -39.7638 35.4209 -43.7346 -39.356 35.0985 -43.6403 -39.4912 35.1947 
-43.2532 -39.9211 35.5553 -42.6632 -40.3482 35.7434 -42.4567 -40.527 35.7914 
-42.6375 -40.4648 35.85 -42.8396 -40.3533 35.8612 -43.0208 -40.1173 35.6977 
-43.0465 -40.2268 35.8375 -43.1704 -40.0896 35.7308 -41.7114 -40.8447 35.793 
-41.893 -40.9162 35.9924 -42.0718 -40.8677 35.9883 -42.4086 -40.6771 35.9323 
-42.22 -40.8735 36.0777 -42.3771 -40.817 36.0922 -44.9309 -35.312 33.0289 
-44.8721 -35.6211 33.0843 -44.8055 -35.9251 33.1418 -44.7901 -36.1134 33.2003 
-44.7196 -36.3141 33.2327 -44.6311 -36.5174 33.2598 -44.849 -36.4711 33.3947 
-44.7639 -36.7951 33.4992 -44.7531 -37.0017 33.6083 -44.6249 -37.153 33.6152 
-44.3515 -37.5718 33.7479 -44.3399 -37.6954 33.8566 -44.6237 -37.2375 33.6726 
-44.5103 -37.5343 33.8383 -44.6534 -37.3242 33.7645 -43.9834 -38.5452 34.4705 
-44.3276 -37.8264 33.9758 -44.3216 -37.9632 34.1142 -44.3171 -38.1014 34.2567 
-44.1445 -38.3845 34.4216 -44.3151 -38.2394 34.3993 -44.1474 -38.6548 34.6871 
-44.0441 -38.8282 34.7773 -43.9249 -39.2038 35.0492 -44.0613 -38.9161 34.8659 
-44.0924 -39.0103 34.9688 -45.0466 -33.8136 32.9196 -45.0418 -34.1089 32.9156 
-45.0279 -34.4016 32.9203 -45.0069 -34.6694 32.935 -44.9779 -34.9128 32.9592 
-44.9299 -35.1148 32.9747 -44.8177 -33.0174 32.8565 -45.0313 -33.2319 32.9383 
-45.0448 -33.5223 32.9291 -44.7751 -32.4806 32.9137 -44.7962 -32.7328 32.8827 
-38.3423 -41.4102 36.0009 -38.5507 -41.2724 35.9424 -38.812 -41.2009 35.9897 
-37.904 -41.9202 35.3446 -37.9574 -41.8638 35.6139 -38.0591 -41.7073 35.8629 
-38.189 -41.582 36.0982 -38.9923 -41.1566 35.982 -39.2033 -41.15 36.0462 
-39.4147 -41.149 36.1045 -39.6024 -41.1169 36.0846 -39.8688 -41.0968 36.1039 
-40.2609 -40.9863 35.9453 -40.1552 -41.0868 36.1343 -40.552 -40.9844 35.9607 
-40.9423 -40.8866 35.7568 -40.8416 -40.9818 35.9631 -41.2048 -40.8832 35.7596 
-41.4647 -40.8679 35.7677 -44.4221 -31.8677 32.9674 -44.5327 -32.0289 32.9451 
-44.6861 -32.143 32.9608 -44.775 -32.3039 32.9489 -43.7857 -30.043 33.4579 
-43.7823 -30.1731 33.3783 -43.9936 -30.4066 33.4477 -43.9256 -30.1962 33.5172 
-44.4768 -31.2427 33.2444 -44.6341 -31.4696 33.1934 -44.6179 -31.6759 33.1069 
-44.6287 -31.9312 33.0149 -44.3323 -31.0221 33.3008 -44.1611 -30.4748 33.5182 
-44.2953 -30.5973 33.5162 -44.3829 -30.8179 33.4289 -44.4923 -29.3937 30.1847 
-44.6089 -29.3766 30.258 -44.4521 -29.2888 30.2946 -44.3583 -29.1489 30.469 
-44.0394 -29.0724 30.7181 -44.2408 -28.9987 30.6861 -43.8177 -29.0263 31.163 
-44.0841 -28.9396 30.8692 -43.9918 -28.8624 31.1115 -43.75 -29.0296 31.3486 
-43.7309 -28.9604 31.5508 -43.7154 -28.8577 31.7633 -43.671 -28.804 32.0236 
-43.5556 -29.1456 32.3632 -43.5987 -28.8466 32.3333 -44.7768 -29.3602 30.4015 
-44.9117 -29.7129 30.347 -44.9078 -29.4798 30.4771 -44.9211 -29.6063 30.4355 
-43.5101 -29.236 32.6678 -43.5235 -29.4834 32.6016 -43.5052 -29.4761 32.8928 
-43.4878 -29.4565 33.1893 -43.5233 -29.4986 33.4884 -43.6515 -29.712 33.5169 
-43.7977 -29.857 33.6362 -37.838 -42.1486 35.1779 -37.7963 -42.4184 35.1378 
-37.7846 -42.6249 35.2102 -38.584 -43.3095 34.191 -38.4384 -43.4265 34.3531 
-38.5485 -43.3791 34.2845 -38.5255 -43.4302 34.3586 -38.5723 -43.3372 34.2328 
-37.7728 -42.8731 35.256 -38.3323 -43.4665 34.443 -38.2992 -43.5679 34.6188 
-37.7616 -43.1198 35.2941 -38.1505 -43.6693 34.8215 -37.7472 -43.3987 35.3261 
-37.9741 -43.7751 35.049 -37.7776 -43.6836 35.2419 -43.7166 -39.6086 35.3515 
-43.6499 -39.7412 35.4789 -43.5619 -39.9081 35.6527 -43.9005 -39.4816 35.3007 
-43.4072 -40.0546 35.7811 -42.5762 -40.6073 35.9648 -42.804 -40.5988 36.1049 
-43.0104 -40.3436 35.9546 -43.0274 -40.4621 36.0898 -43.301 -40.2156 35.9378 
-43.1466 -40.3365 36.0158 -41.6505 -40.9501 35.979 -41.8563 -41.0199 36.1973 
-42.1258 -40.9704 36.1996 -42.5774 -40.7408 36.1247 -42.3351 -40.9276 36.2313 
-42.5309 -40.8923 36.2957 -45.1261 -35.0594 33.0899 -45.0846 -35.3698 33.1448 
-45.0776 -35.5728 33.2015 -44.9955 -35.7836 33.2186 -44.9165 -35.9865 33.2384 
-44.9105 -36.1685 33.3051 -45.0817 -36.3985 33.5176 -45.106 -36.1818 33.4412 
-45.0209 -36.6407 33.5942 -44.8793 -36.8513 33.6069 -44.8747 -36.9421 33.6553 
-44.73 -37.1692 33.7022 -44.8842 -37.0397 33.7272 -44.4974 -37.8167 34.0978 
-44.7168 -37.4493 33.9166 -44.6996 -37.6531 34.0879 -44.8658 -37.2517 33.8677 
-44.4869 -38.0986 34.3805 -44.3126 -38.3745 34.5367 -44.3039 -38.5015 34.6538 
-44.4722 -38.3727 34.6484 -44.2995 -38.6252 34.7671 -44.1624 -38.8552 34.8762 
-44.3075 -38.7453 34.8773 -44.1591 -39.1446 35.1252 -44.1405 -39.3434 35.29 
-44.3002 -38.962 35.0565 -45.2309 -33.7164 33.0288 -45.2262 -34.0007 33.0279 
-45.2117 -34.2842 33.0301 -45.1809 -34.5609 33.0348 -45.1262 -34.7927 33.0327 
-45.01 -32.9431 32.9505 -45.2149 -33.1437 33.0356 -45.2274 -33.4312 33.0312 
-44.9152 -32.4389 32.9765 -44.9756 -32.6638 32.9665 -38.3588 -41.4646 36.2527 
-38.5434 -41.3642 36.2177 -38.79 -41.2879 36.2111 -39.0725 -41.2307 36.1973 
-37.8797 -42.0775 35.4546 -37.8955 -42.1357 35.692 -37.9752 -41.9463 35.9467 
-38.0695 -41.762 36.0939 -38.2639 -41.5643 36.3409 -38.1437 -41.7248 36.3482 
-39.3679 -41.2156 36.2483 -39.5604 -41.1912 36.2354 -39.781 -41.1908 36.2855 
-40.06 -41.1821 36.3236 -40.4428 -41.0805 36.1605 -40.3424 -41.1716 36.3523 
-40.7551 -41.0834 36.2003 -41.1196 -40.9764 35.9594 -41.043 -41.0634 36.171 
-41.389 -40.9676 35.9646 -44.8863 -32.2149 33.0234 -43.9252 -30.017 33.6519 
-44.137 -30.3152 33.6065 -44.1267 -30.1048 33.7641 -44.689 -31.3429 33.2709 
-44.6223 -31.1216 33.3623 -44.8132 -31.4982 33.2439 -44.868 -31.6947 33.186 
-44.8771 -31.9437 33.1044 -44.3193 -30.4524 33.6241 -44.5468 -30.6386 33.6182 
-44.6837 -30.9098 33.5078 -44.614 -29.1828 30.4581 -44.5028 -28.9931 30.639 
-44.2304 -28.8583 30.86 -44.4076 -28.8424 30.8198 -43.8565 -28.8399 31.4031 
-44.1461 -28.8141 30.9863 -44.1676 -28.7023 31.1418 -44.0427 -28.6662 31.3493 
-43.7943 -28.7746 31.6482 -43.7777 -28.653 31.8604 -43.7442 -28.5147 32.1037 
-43.6671 -28.5689 32.3167 -43.5253 -28.8838 32.6577 -43.6015 -28.589 32.5894 
-44.8027 -29.1822 30.5622 -44.882 -29.3472 30.5409 -43.4544 -29.0142 32.8908 
-43.4612 -29.2294 32.9291 -43.4506 -29.315 33.0885 -43.4209 -29.297 33.3263 
-43.3901 -29.2742 33.6456 -43.5368 -29.4312 33.821 -43.662 -29.6012 33.7537 
-43.733 -29.7243 33.7029 -44.02 -29.8882 33.8791 -43.8362 -29.7092 33.8961 
-37.8296 -42.3493 35.4201 -37.7977 -42.6423 35.4801 -38.4743 -43.5076 34.4874 
-38.4893 -43.4865 34.4478 -37.7721 -42.8954 35.5137 -38.4651 -43.5317 34.5294 
-38.4435 -43.6103 34.6541 -38.4446 -43.6916 34.7567 -38.3966 -43.7265 34.8069 
-37.7441 -43.1396 35.562 -38.2543 -43.8444 34.9753 -37.6779 -43.6195 35.4737 
-37.6962 -43.3775 35.6343 -37.8115 -43.9019 35.2389 -37.9437 -43.9717 35.1771 
-38.1297 -43.9801 35.1327 -37.68 -43.8462 35.4032 -43.8628 -39.6849 35.4972 
-43.8153 -39.8412 35.6613 -43.6081 -40.0423 35.8381 -43.7796 -39.987 35.8285 
-44.0906 -39.4946 35.4013 -44.082 -39.6301 35.5356 -43.5521 -40.16 35.963 
-43.0084 -40.5933 36.2174 -42.7609 -40.8097 36.3213 -43.0132 -40.7295 36.3613 
-43.2095 -40.4335 36.1506 -43.1935 -40.5733 36.2838 -43.3055 -40.3476 36.0967 
-43.4947 -40.3101 36.1183 -41.5869 -41.043 36.1818 -41.794 -41.1141 36.4051 
-42.0782 -41.0893 36.4271 -42.4067 -41.0425 36.4648 -42.7119 -40.9699 36.4967 
-45.3385 -34.9957 33.2118 -45.3089 -34.7605 33.1485 -45.2748 -35.2215 33.2257 
-45.209 -35.4393 33.2449 -45.2173 -35.6584 33.3205 -45.0774 -35.9451 33.3306 
-45.2136 -36.2733 33.5492 -45.2106 -36.4281 33.6176 -45.2879 -36.1231 33.536 
-45.3107 -35.902 33.467 -45.2153 -36.5709 33.6906 -44.989 -36.8691 33.6964 
-45.1718 -36.7374 33.752 -45.1084 -36.9971 33.8669 -44.6586 -37.8096 34.2089 
-44.6675 -37.9565 34.366 -44.8844 -37.4813 34.0677 -44.8818 -37.6675 34.2327 
-44.7876 -37.8117 34.3048 -45.1159 -37.2964 34.0833 -44.6464 -38.0992 34.4995 
-44.6588 -38.2407 34.6529 -44.4202 -38.5939 34.8205 -44.6312 -38.3864 34.7772 
-44.6208 -38.5418 34.9108 -44.4911 -38.7682 35.0184 -44.3325 -39.1821 35.2607 
-44.3393 -39.3601 35.4162 -44.2366 -39.5008 35.4856 -44.5445 -39.0051 35.2469 
-45.4104 -33.6196 33.1307 -45.4045 -33.8973 33.133 -45.3916 -34.1729 33.1374 
-45.3657 -34.4536 33.1438 -45.1883 -32.8502 33.045 -45.3961 -33.0515 33.1352 
-45.4082 -33.3376 33.1304 -45.1266 -32.5217 33.0626 -38.3731 -41.5004 36.4355 
-38.5163 -41.4304 36.4328 -38.7646 -41.3727 36.4735 -39.0379 -41.3214 36.4465 
-39.3249 -41.2956 36.4506 -37.9086 -42.1884 35.9323 -37.8492 -42.42 35.7583 
-38.0291 -41.8922 36.211 -37.9539 -42.1214 36.2036 -38.3173 -41.6056 36.5769 
-38.0449 -41.9445 36.4553 -38.1694 -41.791 36.6613 -39.6329 -41.2711 36.4474 
-39.9605 -41.2716 36.5109 -40.257 -41.2641 36.5501 -40.6121 -41.1627 36.3759 
-40.5383 -41.249 36.5687 -40.8209 -41.1635 36.4094 -40.9979 -41.142 36.3747 
-41.3153 -41.0543 36.1702 -41.2466 -41.1333 36.375 -45.1494 -32.2151 33.1436 
-44.3439 -30.2753 33.7728 -44.2108 -29.9687 33.9633 -44.359 -30.0852 33.9507 
-44.9052 -31.3908 33.3437 -44.9103 -31.1394 33.4795 -44.966 -31.598 33.2663 
-45.0649 -31.7512 33.2486 -45.0849 -31.9292 33.196 -44.473 -30.4314 33.7261 
-44.7845 -30.8015 33.6236 -44.8234 -30.6502 33.7527 -44.6517 -30.4695 33.7958 
-44.8783 -30.9509 33.5715 -44.7236 -29.016 30.6577 -44.6403 -28.8459 30.8114 
-44.3003 -28.743 30.9836 -44.5315 -28.6849 31.001 -43.948 -28.558 31.6555 
-44.3517 -28.6129 31.1416 -44.2322 -28.5546 31.3111 -44.1332 -28.5034 31.4883 
-43.8646 -28.4173 31.958 -43.8122 -28.3302 32.1459 -43.7509 -28.3447 32.3082 
-43.6992 -28.3505 32.5363 -43.4606 -28.7968 32.9052 -43.523 -28.5856 32.8892 
-43.6496 -28.3459 32.8111 -44.8945 -29.0733 30.7302 -44.8914 -29.2861 30.5967 
-43.3986 -28.8501 33.0882 -43.3957 -29.0994 33.1507 -43.3255 -29.1065 33.4423 
-43.276 -29.1013 33.6562 -43.3023 -29.132 33.8959 -43.4334 -29.2966 33.9084 
-43.5405 -29.3709 34.0285 -43.7184 -29.4924 34.0778 -44.0196 -29.7412 34.0631 
-44.2406 -29.8107 34.1514 -43.9194 -29.6269 34.1197 -37.8051 -42.6918 35.7104 
-37.7802 -42.8937 35.7863 -38.4447 -43.7282 34.8121 -38.4283 -43.7597 34.8499 
-38.3538 -43.8519 34.9793 -37.7385 -43.1331 35.8498 -38.3231 -43.9209 35.0548 
-38.2847 -43.9913 35.1347 -37.6238 -43.5942 35.7322 -37.603 -43.7863 35.5922 
-37.6804 -43.3603 35.9198 -37.8512 -44.0496 35.2823 -37.7188 -44.0336 35.3904 
-38.0103 -44.1054 35.2713 -38.2353 -44.1058 35.2556 -38.2242 -44.1284 35.2798 
-37.5679 -44.0153 35.5903 -43.9967 -39.7789 35.6595 -44.0201 -39.9289 35.8467 
-43.7285 -40.1043 35.9554 -43.9199 -40.0916 36.0041 -44.2886 -39.6448 35.656 
-44.1859 -39.7869 35.7547 -43.765 -40.2429 36.1285 -42.9174 -40.8909 36.4952 
-43.2706 -40.7334 36.4754 -43.1313 -40.8814 36.5733 -43.3838 -40.4523 36.2355 
-43.4433 -40.602 36.406 -43.6569 -40.4534 36.322 -41.5172 -41.1263 36.3871 
-41.7181 -41.2004 36.6047 -41.9974 -41.1896 36.6249 -42.272 -41.1712 36.6505 
-42.4917 -41.1619 36.6936 -42.6792 -41.1092 36.6734 -42.9566 -41.0381 36.681 
-45.4685 -34.8522 33.2675 -45.4906 -35.0908 33.3333 -45.5194 -34.6105 33.262 
-45.3782 -35.3855 33.3385 -45.4575 -35.5975 33.4555 -45.3696 -36.2423 33.6429 
-45.3484 -36.4477 33.723 -45.426 -36.0273 33.5906 -45.5863 -35.7988 33.6125 
-45.3141 -36.6035 33.778 -45.3785 -36.7432 33.9065 -45.366 -37.0406 34.0756 
-44.8404 -37.9579 34.4913 -44.7714 -38.099 34.5883 -45.0619 -37.5665 34.2676 
-45.004 -37.8222 34.4693 -45.3465 -37.289 34.2317 -45.209 -37.4486 34.2649 
-44.8302 -38.2377 34.7699 -44.7573 -38.3845 34.8623 -44.8106 -38.5284 35.0274 
-44.7359 -38.7447 35.1593 -44.5153 -39.2498 35.4274 -44.4816 -39.4962 35.6217 
-44.7958 -38.9711 35.3763 -44.6458 -39.1286 35.4074 -45.5898 -33.523 33.2299 
-45.5812 -33.7987 33.2326 -45.5641 -34.0642 33.2362 -45.5497 -34.3286 33.2481 
-45.372 -32.7609 33.1498 -45.5788 -32.9589 33.2437 -45.5892 -33.2425 33.2319 
-45.3539 -32.4911 33.1822 -38.4704 -41.4962 36.5792 -38.6508 -41.4498 36.6407 
-38.8419 -41.4214 36.6929 -39.0172 -41.3921 36.665 -39.2741 -41.376 36.6694 
-39.563 -41.3661 36.6811 -37.8877 -42.3422 36.041 -37.8378 -42.6101 36.0029 
-37.8995 -42.3892 36.2871 -37.9671 -42.1847 36.5304 -38.3345 -41.6902 36.8626 
-38.547 -41.5559 36.8097 -38.057 -41.9998 36.7661 -38.185 -41.8455 36.9489 
-39.8633 -41.3598 36.7057 -40.1621 -41.3554 36.7431 -40.4763 -41.3531 36.7938 
-40.7872 -41.2292 36.5657 -40.7569 -41.3187 36.7663 -40.9622 -41.2041 36.531 
-41.172 -41.208 36.5644 -41.4403 -41.2057 36.5858 -45.3046 -32.0889 33.2617 
-45.3728 -32.3033 33.234 -44.4982 -30.2211 33.9116 -44.5281 -30.3365 33.8309 
-44.315 -29.9561 34.0524 -44.5815 -30.121 34.0487 -44.4505 -29.9622 34.1253 
-45.1658 -31.3839 33.4868 -45.1695 -31.655 33.3563 -45.0188 -31.0424 33.5868 
-45.1084 -31.1801 33.5559 -45.2197 -31.8748 33.2869 -45.0047 -30.8673 33.6966 
-45.0988 -30.662 33.8953 -44.8664 -30.4772 33.9061 -44.6904 -30.3019 33.9513 
-44.8197 -28.901 30.8147 -44.8136 -28.72 31.0059 -44.5124 -28.5497 31.1708 
-44.6868 -28.5663 31.1415 -44.1487 -28.3808 31.6492 -44.0706 -28.2571 31.8937 
-44.4036 -28.4995 31.2823 -44.3535 -28.3859 31.4915 -43.9225 -28.2261 32.089 
-43.8565 -28.1891 32.2702 -43.8133 -28.1699 32.4719 -43.7907 -28.1501 32.7182 
-43.4366 -28.6778 33.0408 -43.4654 -28.5334 33.1224 -43.5884 -28.3377 33.1326 
-43.7676 -28.1391 33.0063 -44.9191 -29.2252 30.6645 -44.9652 -28.9208 30.9274 
-44.9703 -29.1183 30.8039 -43.3864 -28.6613 33.2416 -43.3154 -28.8732 33.3621 
-43.2409 -28.9659 33.5685 -43.2137 -28.9932 33.7574 -43.2141 -28.9773 33.934 
-43.2543 -29.0406 34.0136 -43.4582 -29.2259 34.1235 -43.3275 -29.0814 34.1049 
-43.5977 -29.3587 34.1614 -43.678 -29.382 34.2246 -43.9424 -29.5105 34.2796 
-43.7862 -29.3671 34.3134 -44.081 -29.6527 34.2285 -44.2046 -29.6633 34.2991 
-44.516 -29.8099 34.3 -44.3369 -29.6384 34.38 -37.7943 -42.8889 36.0814 
-37.745 -43.1302 36.1386 -37.6063 -43.5699 36.0055 -37.5206 -43.8374 35.8436 
-37.684 -43.3482 36.203 -37.8348 -44.1923 35.4304 -37.6509 -44.1541 35.5149 
-38.1986 -44.1802 35.3401 -38.1088 -44.2541 35.4305 -37.5658 -44.1785 35.6058 
-37.4542 -44.0489 35.781 -37.4663 -44.2035 35.7395 -44.2551 -39.9269 35.9415 
-44.1578 -40.0682 36.0614 -44.0383 -40.2139 36.1839 -44.4565 -39.7807 35.8808 
-43.9397 -40.3735 36.3241 -43.4696 -40.7392 36.5497 -43.3637 -40.8629 36.6357 
-43.2505 -41.0115 36.7476 -43.6782 -40.6588 36.5331 -43.8783 -40.5406 36.4752 
-41.6331 -41.2872 36.7964 -41.914 -41.2828 36.8125 -42.1896 -41.2732 36.8261 
-42.4459 -41.2542 36.8342 -42.6337 -41.2143 36.8133 -42.8499 -41.2015 36.8496 
-43.1314 -41.1727 36.8849 -45.6624 -34.8069 33.3871 -45.6834 -35.0631 33.453 
-45.6027 -35.3199 33.4653 -45.7332 -34.4596 33.3788 -45.6349 -35.5364 33.5507 
-45.5618 -36.0826 33.7105 -45.5186 -36.3272 33.7905 -45.4453 -36.5227 33.8327 
-45.7657 -35.5806 33.6581 -45.7746 -35.7512 33.7262 -45.7385 -35.9341 33.7764 
-45.653 -36.4999 33.981 -45.5823 -36.8091 34.0906 -45.5785 -37.0106 34.2001 
-45.4601 -37.1487 34.2035 -44.9824 -38.0954 34.7302 -45.1955 -37.5589 34.3494 
-45.1818 -37.6875 34.461 -45.167 -37.823 34.5817 -45.1571 -37.9594 34.7125 
-45.4603 -37.2346 34.2626 -45.3517 -37.5319 34.4388 -45.4875 -37.3288 34.3607 
-44.9683 -38.3612 34.9801 -44.951 -38.5964 35.1762 -44.9217 -38.7781 35.3054 
-44.6366 -39.2218 35.4756 -44.6509 -39.3172 35.5624 -44.7041 -39.4432 35.6973 
-44.6863 -39.6243 35.8466 -44.9966 -38.8763 35.4263 -44.7547 -39.1702 35.505 
-44.9817 -39.0627 35.5541 -45.7707 -33.4259 33.3316 -45.7604 -33.7023 33.3317 
-45.7376 -33.9739 33.3338 -45.6968 -34.2037 33.3274 -45.5577 -32.6772 33.2682 
-45.7631 -32.8622 33.3685 -45.7715 -33.1478 33.3415 -45.513 -32.453 33.2825 
-38.8086 -41.4883 36.8461 -38.9874 -41.4493 36.8243 -39.2065 -41.451 36.864 
-39.4883 -41.4507 36.8872 -39.7788 -41.4494 36.9061 -37.8523 -42.6556 36.3341 
-37.9087 -42.4399 36.5867 -37.9706 -42.246 36.8619 -38.3265 -41.7548 37.0724 
-38.5245 -41.6652 37.0902 -38.7791 -41.5822 37.0541 -38.0624 -42.0389 37.1188 
-38.2294 -41.8691 37.19 -40.0654 -41.4457 36.928 -40.3371 -41.4403 36.9553 
-40.547 -41.4417 36.9924 -40.7229 -41.4135 36.9611 -41.0368 -41.2869 36.7349 
-40.9714 -41.3955 36.9553 -41.3477 -41.2891 36.7751 -45.4556 -31.9413 33.4197 
-45.5178 -32.2566 33.344 -44.806 -30.1748 34.1184 -44.6866 -29.9936 34.2155 
-45.2512 -31.2583 33.5986 -45.4173 -31.4225 33.6273 -45.3932 -31.638 33.5068 
-45.197 -31.0785 33.6704 -45.2379 -30.8969 33.8141 -45.2987 -30.7858 33.9232 
-45.0295 -30.4641 34.0026 -45.327 -30.677 34.0117 -45.2005 -30.499 34.0656 
-44.9095 -30.3346 34.0408 -44.8224 -28.5828 31.1383 -45.0265 -28.7659 31.1199 
-44.9351 -28.6043 31.1861 -44.5964 -28.442 31.3287 -44.8149 -28.4965 31.2658 
-44.2962 -28.2357 31.7354 -44.0161 -28.15 32.0622 -44.1214 -28.0894 32.0662 
-44.3477 -28.0731 31.965 -44.5888 -28.3157 31.5197 -44.4843 -28.2266 31.663 
-44.0083 -28.0736 32.2158 -43.9277 -28.0602 32.3963 -43.9463 -28.0055 32.6011 
-43.9514 -27.9815 32.8776 -43.454 -28.4583 33.3405 -43.7603 -28.1281 33.3179 
-43.5885 -28.2726 33.4566 -43.9407 -27.9903 33.1717 -44.9962 -29.0232 30.9022 
-45.0261 -28.9472 30.9937 -43.3301 -28.6192 33.5503 -43.2398 -28.8178 33.5679 
-43.1973 -28.8819 33.6825 -43.189 -28.8679 33.8336 -43.2614 -28.9448 34.0917 
-43.2073 -28.8551 33.9958 -43.4104 -29.1098 34.2059 -43.6285 -29.274 34.2801 
-43.5272 -29.1118 34.2996 -43.3916 -28.9927 34.2316 -44.1485 -29.5364 34.3867 
-44.0009 -29.3493 34.4611 -43.7692 -29.1499 34.4488 -44.7847 -29.8311 34.3859 
-44.5831 -29.6156 34.4851 -44.3132 -29.3757 34.5779 -37.8062 -42.9103 36.3739 
-37.7556 -43.135 36.4175 -37.6112 -43.5458 36.2804 -37.5356 -43.7252 36.1118 
-37.4154 -44.0175 35.9229 -37.436 -43.9281 36.1273 -37.6944 -43.3403 36.4869 
-37.6437 -44.3199 35.6567 -37.9489 -44.3741 35.6015 -38.1593 -44.2563 35.4366 
-38.1426 -44.2862 35.4746 -38.0813 -44.3868 35.6164 -37.3765 -44.1597 35.8914 
-37.3693 -44.2699 35.8828 -37.4122 -44.4036 35.8905 -44.4383 -40.0494 36.1469 
-44.2438 -40.1844 36.2202 -44.1723 -40.3195 36.3385 -44.6468 -39.7712 35.9616 
-44.6706 -39.9008 36.0942 -44.1024 -40.4737 36.4709 -43.5837 -40.8334 36.6723 
-43.4638 -40.9655 36.7642 -43.4398 -41.1319 36.9189 -43.8572 -40.655 36.5797 
-43.8459 -40.7894 36.6995 -44.0199 -40.6332 36.5998 -41.5388 -41.3824 36.9815 
-41.8219 -41.3805 36.994 -42.1022 -41.3767 37.0016 -42.3816 -41.3654 37.0028 
-42.6795 -41.3307 36.9863 -42.9926 -41.3263 37.0292 -43.2771 -41.3117 37.0642 
-45.8743 -34.6526 33.499 -45.8415 -34.9196 33.529 -45.8054 -35.1832 33.5676 
-45.7497 -35.3968 33.5866 -45.9233 -34.4224 33.4942 -45.8801 -34.1831 33.4382 
-45.7136 -36.1813 33.8706 -45.93 -35.3722 33.7179 -45.9069 -35.6385 33.7881 
-45.8652 -35.8146 33.8223 -45.914 -35.9893 33.943 -45.8696 -36.468 34.1338 
-45.8777 -36.2679 34.0439 -45.8157 -36.6972 34.2093 -45.6933 -36.8773 34.2063 
-45.691 -36.9665 34.2546 -45.5585 -37.1778 34.296 -45.6969 -37.0722 34.333 
-45.1472 -38.0938 34.8419 -45.1332 -38.2189 34.9557 -45.3376 -37.8182 34.6974 
-45.3087 -38.0933 34.9492 -45.5488 -37.4622 34.52 -45.5389 -37.6623 34.6925 
-45.6771 -37.2845 34.4763 -45.1235 -38.3423 35.0678 -45.1256 -38.465 35.1765 
-45.1212 -38.681 35.3504 -44.8463 -39.2866 35.6476 -44.8843 -39.4592 35.8051 
-44.8792 -39.6194 35.9343 -44.7844 -39.7537 36.0086 -45.1627 -38.865 35.514 
-45.2001 -39.0005 35.6301 -45.1383 -39.2301 35.7567 -45.9519 -33.3304 33.4399 
-45.9417 -33.6016 33.4335 -45.9217 -33.8797 33.4365 -45.7398 -32.5253 33.4237 
-45.9555 -32.7971 33.507 -45.9543 -33.0609 33.4621 -39.0676 -41.5333 37.032 
-39.3939 -41.5376 37.0766 -39.6908 -41.5416 37.0974 -39.9771 -41.5413 37.1118 
-37.8612 -42.7016 36.6541 -37.9124 -42.4795 36.8265 -37.9894 -42.2153 37.0933 
-37.9432 -42.4054 37.0787 -38.4117 -41.7713 37.2479 -38.5779 -41.7214 37.2905 
-38.7455 -41.6738 37.2603 -38.9981 -41.6442 37.2547 -38.1313 -41.9927 37.3304 
-38.0554 -42.0159 37.2642 -38.0344 -42.0574 37.2714 -38.0184 -42.2 37.2925 
-38.3312 -41.8889 37.3881 -40.2516 -41.535 37.124 -40.5014 -41.5212 37.129 
-40.6813 -41.4922 37.1026 -40.887 -41.4975 37.1307 -41.2513 -41.3853 36.9639 
-41.1553 -41.4936 37.1465 -45.5907 -31.7949 33.5746 -45.7271 -31.9932 33.5972 
-45.6968 -32.2137 33.4891 -44.9935 -30.2439 34.1535 -44.9702 -30.0664 34.2765 
-45.3637 -31.2267 33.6921 -45.5471 -31.6228 33.62 -45.6323 -31.5319 33.7314 
-45.5557 -31.2928 33.7972 -45.391 -31.0834 33.7959 -45.4305 -30.916 33.9232 
-45.391 -30.7895 33.9756 -45.0692 -30.3639 34.0981 -45.499 -30.7892 34.0427 
-45.4633 -30.5513 34.1614 -45.2072 -30.2913 34.2117 -45.0497 -28.8222 31.113 
-45.0636 -28.7749 31.1653 -45.0604 -28.6697 31.2431 -44.9857 -28.5019 31.3762 
-45.0571 -28.6377 31.2703 -44.81 -28.3611 31.4867 -44.4194 -28.1515 31.7883 
-44.223 -27.9597 32.2223 -44.6234 -28.0055 32.0098 -44.5038 -27.8771 32.2428 
-44.566 -28.1189 31.8217 -44.6967 -28.2195 31.6686 -44.0899 -27.939 32.4302 
-44.1859 -27.8358 32.713 -44.146 -27.8771 33.0423 -43.4556 -28.3992 33.572 
-43.7941 -28.1286 33.6786 -43.953 -28.0043 33.446 -43.5635 -28.2816 33.7005 
-44.1266 -27.9191 33.3139 -43.2228 -28.7539 33.724 -43.4265 -28.4351 33.8235 
-43.2928 -28.6166 33.82 -43.2307 -28.7351 33.9223 -43.2443 -28.8403 34.0973 
-43.3503 -28.8018 34.1967 -43.2554 -28.7593 34.0669 -43.5804 -28.8855 34.3946 
-44.0533 -29.1258 34.6403 -43.8572 -28.909 34.599 -45.0584 -29.8644 34.4401 
-44.8768 -29.6296 34.5406 -44.6547 -29.3945 34.643 -44.2593 -29.1402 34.7295 
-44.4619 -29.1796 34.7397 -37.8099 -42.9478 36.6097 -37.7681 -43.1238 36.6975 
-37.6171 -43.5422 36.562 -37.5238 -43.7384 36.3526 -37.3581 -44.1074 36.0416 
-37.3358 -44.1254 36.2576 -37.4244 -43.9358 36.4353 -37.7029 -43.333 36.7772 
-37.5865 -44.4928 35.8373 -37.8103 -44.5044 35.7852 -38.0353 -44.4613 35.7092 
-38.0026 -44.5136 35.781 -37.3021 -44.2978 36.0694 -37.4734 -44.5596 35.9589 
-37.2709 -44.4838 36.0771 -37.3517 -44.5505 36.0253 -44.6555 -40.0449 36.2247 
-44.3879 -40.2619 36.345 -44.6564 -40.1984 36.3662 -44.2941 -40.4063 36.4583 
-44.8675 -39.8535 36.1318 -44.8542 -40.014 36.2672 -44.2912 -40.5702 36.6071 
-43.6722 -40.9799 36.832 -43.7271 -41.1623 37.0166 -43.5431 -41.3094 37.1161 
-44.1358 -40.7731 36.7522 -43.9717 -40.9939 36.9156 -41.4362 -41.4898 37.1589 
-41.7185 -41.4883 37.1681 -41.9994 -41.4876 37.1726 -42.2801 -41.485 37.1728 
-42.5652 -41.4767 37.17 -42.8549 -41.4685 37.1777 -43.1364 -41.463 37.201 
-43.3994 -41.4586 37.2359 -46.0714 -34.5233 33.6105 -45.9962 -34.7787 33.6071 
-46.0128 -35.033 33.682 -46.0403 -34.2857 33.5516 -46.0817 -34.0446 33.5502 
-46.1469 -35.2248 33.8458 -46.1154 -35.5511 33.9342 -45.9824 -35.7668 33.9017 
-46.1046 -35.8413 34.0423 -46.1023 -36.125 34.1687 -45.9974 -36.3525 34.1838 
-45.9899 -36.5322 34.2673 -45.9748 -36.6708 34.327 -45.7905 -36.9183 34.3115 
-45.9525 -36.8227 34.3966 -45.8858 -37.0907 34.5121 -45.2475 -38.3121 35.1183 
-45.5023 -37.8161 34.8099 -45.5045 -37.9609 34.9541 -45.4689 -38.1063 35.0711 
-45.4504 -38.2574 35.1992 -45.7019 -37.5062 34.6772 -45.7135 -37.6791 34.8389 
-45.6284 -37.8174 34.904 -45.8713 -37.3636 34.7001 -45.3128 -38.4773 35.3028 
-45.3562 -38.6794 35.4887 -45.0919 -39.5108 35.9397 -44.9822 -39.7137 36.0571 
-45.3188 -38.8596 35.5972 -45.4104 -38.957 35.7089 -45.4319 -39.1552 35.8397 
-45.305 -39.3586 35.9161 -46.1321 -33.2422 33.5584 -46.117 -33.5011 33.5379 
-46.1055 -33.763 33.5401 -45.8803 -32.3658 33.5729 -46.0083 -32.5676 33.605 
-46.1184 -32.7818 33.6236 -46.1294 -32.987 33.5883 -39.2918 -41.6361 37.2642 
-39.5923 -41.6411 37.2806 -39.8823 -41.6449 37.2911 -40.1632 -41.6425 37.2972 
-37.8895 -42.6189 36.9267 -37.8373 -42.8638 36.8961 -37.8957 -42.6521 37.1548 
-37.965 -42.4598 37.359 -38.5356 -41.8114 37.4197 -38.7008 -41.7526 37.4022 
-38.9088 -41.7485 37.4318 -39.1891 -41.7454 37.447 -38.0536 -42.0213 37.3083 
-38.0553 -42.066 37.3385 -38.1118 -42.1149 37.4549 -38.2631 -42.0234 37.5255 
-38.0772 -42.3147 37.5769 -38.4796 -41.9441 37.5745 -40.4387 -41.6313 37.2973 
-40.7292 -41.6022 37.2767 -41.0376 -41.6096 37.3103 -41.3223 -41.6086 37.3252 
-45.6899 -31.7204 33.6843 -45.716 -31.8443 33.6486 -45.8436 -32.1911 33.6082 
-45.9249 -32.0948 33.7143 -45.8468 -31.8636 33.7494 -45.2394 -30.0687 34.365 
-45.7918 -31.6597 33.7976 -45.7787 -31.4715 33.8791 -45.5519 -31.0979 33.9002 
-45.7409 -31.2212 33.9731 -45.6302 -30.9851 34.0163 -45.74 -30.8293 34.1596 
-45.5006 -30.2537 34.33 -45.7578 -30.5299 34.2868 -45.058 -28.621 31.2936 
-45.0662 -28.5471 31.4225 -45.0467 -28.3874 31.6267 -44.8845 -28.2518 31.6852 
-44.3179 -27.8077 32.4506 -44.7688 -28.0044 32.0425 -44.7114 -27.938 32.1535 
-44.8171 -28.1162 31.8878 -44.4757 -27.7503 32.4279 -44.5874 -27.7676 32.4145 
-44.7377 -27.8675 32.3602 -44.3521 -27.7302 32.6182 -44.3698 -27.7259 32.7459 
-44.3769 -27.7825 32.9356 -44.3348 -27.8631 33.2129 -43.6288 -28.2587 33.9608 
-43.8518 -28.1491 33.985 -44.025 -28.0121 33.6433 -44.0655 -28.0699 33.8734 
-44.1202 -27.954 33.5132 -44.2961 -27.9259 33.4554 -43.4812 -28.3898 34.0634 
-43.3658 -28.5792 34.0827 -43.5017 -28.6293 34.3168 -43.7652 -28.6175 34.5248 
-44.039 -28.9323 34.7275 -44.1622 -29.0126 34.7647 -43.9907 -28.7593 34.7048 
-45.2702 -29.9012 34.4651 -45.19 -29.6774 34.5521 -44.9704 -29.3813 34.658 
-44.7108 -29.1735 34.7465 -44.316 -29.0004 34.7994 -44.5204 -28.9881 34.8021 
-37.7763 -43.1103 36.9933 -37.6219 -43.537 36.8558 -37.5254 -43.7406 36.642 
-37.3279 -44.1298 36.5407 -37.2437 -44.3376 36.3834 -37.4262 -43.9359 36.7309 
-37.7048 -43.3261 37.0721 -37.6796 -44.6328 35.9838 -37.9418 -44.6004 35.9185 
-37.92 -44.6328 35.968 -37.2102 -44.4627 36.2227 -37.4371 -44.6724 36.138 
-37.2154 -44.5567 36.1905 -37.2815 -44.5907 36.1307 -44.4999 -40.4027 36.5086 
-44.9552 -40.1906 36.4489 -44.7923 -40.404 36.5823 -45.0646 -39.8563 36.2051 
-45.1178 -40.0221 36.3578 -44.5648 -40.5667 36.6666 -44.4124 -40.7323 36.7746 
-43.9787 -41.2306 37.1405 -43.7628 -41.3267 37.1829 -43.6446 -41.4608 37.2872 
-44.2799 -40.9198 36.9117 -44.1787 -41.103 37.06 -41.6036 -41.6074 37.333 
-41.8833 -41.6075 37.3359 -42.1628 -41.6082 37.335 -42.4436 -41.608 37.3324 
-42.7252 -41.6066 37.3327 -43.0023 -41.6046 37.3419 -43.266 -41.6017 37.3629 
-43.5095 -41.5989 37.3972 -46.2274 -34.2465 33.6739 -46.2494 -34.5063 33.7345 
-46.1714 -34.7607 33.7324 -46.1911 -34.9881 33.807 -46.2905 -33.8995 33.6728 
-46.3189 -35.0612 33.9348 -46.3152 -35.3354 34.0261 -46.277 -35.528 34.0645 
-46.2607 -35.6911 34.1173 -46.2488 -35.9168 34.2043 -46.2511 -36.0601 34.2705 
-46.1357 -36.3749 34.3172 -46.2798 -36.191 34.3571 -46.1339 -36.6387 34.4519 
-46.108 -36.9323 34.6021 -46.107 -37.2507 34.8163 -45.6754 -37.9567 35.0736 
-45.595 -38.1021 35.1549 -45.6376 -38.2413 35.3109 -45.5437 -38.4461 35.4211 
-45.8697 -37.5854 34.88 -45.8292 -37.8181 35.0593 -45.9928 -37.4639 34.8799 
-45.5483 -38.6249 35.5609 -45.4619 -38.7696 35.6135 -45.2652 -39.4979 35.9971 
-45.2412 -39.6497 36.1006 -45.6647 -38.7039 35.6774 -45.6691 -38.9439 35.8215 
-45.6073 -39.1358 35.9003 -45.4932 -39.2722 35.9344 -45.4544 -39.4462 36.0306 
-46.3208 -33.1536 33.6974 -46.29 -33.423 33.6526 -46.2514 -33.6444 33.6266 
-45.9788 -32.2843 33.6805 -46.002 -32.4108 33.6508 -46.2115 -32.6712 33.7276 
-46.1329 -32.427 33.7523 -46.2698 -32.8934 33.7086 -39.4837 -41.7503 37.4569 
-39.7755 -41.757 37.4633 -40.0597 -41.7597 37.4661 -40.3391 -41.7558 37.4665 
-37.841 -42.8897 37.2154 -37.9089 -42.6907 37.4278 -37.9889 -42.5338 37.5931 
-38.7515 -41.868 37.5741 -39.0654 -41.8634 37.6118 -39.3629 -41.8681 37.6244 
-38.2038 -42.159 37.6266 -38.3901 -42.1125 37.7403 -38.2351 -42.2835 37.8071 
-38.0928 -42.5179 37.8696 -38.6528 -42.0292 37.7597 -40.6208 -41.7458 37.4642 
-40.909 -41.7387 37.4694 -41.1964 -41.7374 37.4814 -41.4779 -41.7362 37.4886 
-46.079 -32.2173 33.7912 -46.0626 -32.0183 33.8622 -46.001 -31.7119 33.9456 
-45.4131 -30.0267 34.4264 -45.9381 -31.4178 34.0279 -45.8072 -31.0701 34.0912 
-45.9104 -31.2265 34.0911 -46.0082 -30.793 34.2953 -46.0078 -31.0998 34.2019 
-45.6076 -30.0411 34.4382 -45.8018 -30.2575 34.3843 -46.0294 -30.4969 34.365 
-45.0694 -28.4311 31.595 -44.9969 -28.2382 31.7986 -45.0687 -28.4014 31.6424 
-45.0706 -28.3669 31.6907 -44.4306 -27.7115 32.5329 -44.8864 -28.0209 32.1532 
-45.0371 -28.181 31.9891 -44.5392 -27.7026 32.5312 -44.662 -27.75 32.5413 
-44.9541 -27.9944 32.4385 -44.8042 -27.8532 32.6149 -44.4759 -27.6862 32.6585 
-44.4737 -27.7074 32.7988 -44.5694 -27.7526 32.8891 -44.5706 -27.8495 33.1162 
-44.4981 -27.9162 33.3713 -43.5958 -28.3275 34.2018 -43.7917 -28.2328 34.2151 
-44.0255 -28.1536 34.1454 -44.2205 -27.9888 33.6674 -44.3437 -28.0599 33.8623 
-44.2287 -28.1152 34.0634 -44.4776 -27.9959 33.6045 -43.4812 -28.4332 34.2022 
-43.4658 -28.5075 34.2518 -43.5918 -28.446 34.3452 -43.7523 -28.4028 34.4504 
-44.002 -28.5853 34.663 -43.9502 -28.4144 34.5329 -44.1647 -28.8655 34.7893 
-44.1702 -28.6881 34.7573 -45.4323 -29.8542 34.4996 -45.2504 -29.4579 34.6185 
-45.4439 -29.635 34.5614 -44.9139 -29.1334 34.7301 -45.1747 -29.198 34.6579 
-44.7403 -28.9685 34.7758 -44.3468 -28.8246 34.8087 -44.559 -28.7989 34.7888 
-37.7751 -43.1151 37.2919 -37.6209 -43.525 37.1511 -37.5284 -43.7331 36.9398 
-37.331 -44.1264 36.8229 -37.2595 -44.2932 36.6474 -37.1869 -44.5023 36.3773 
-37.2082 -44.5171 36.6189 -37.4281 -43.9251 37.0277 -37.6983 -43.3215 37.362 
-37.666 -44.7507 36.1707 -37.8561 -44.7226 36.121 -37.8412 -44.7461 36.1587 
-37.1882 -44.5612 36.2879 -37.381 -44.7552 36.3459 -37.2582 -44.6468 36.279 
-37.5669 -44.8105 36.3262 -45.1819 -40.1551 36.4818 -45.1294 -40.3323 36.6059 
-44.7612 -40.5868 36.7244 -44.9745 -40.5351 36.7277 -45.3501 -39.8531 36.2895 
-45.3133 -40.0406 36.4255 -44.6313 -40.696 36.7871 -44.5803 -40.8634 36.9168 
-44.1496 -41.2195 37.1658 -43.926 -41.4695 37.3632 -44.1619 -41.341 37.2882 
-43.7203 -41.598 37.4411 -44.4214 -41.05 37.0542 -44.3033 -41.204 37.1793 
-41.7567 -41.7361 37.4911 -42.0346 -41.7374 37.4899 -42.3133 -41.7395 37.4868 
-42.5925 -41.7415 37.4844 -42.8689 -41.7426 37.4865 -43.1359 -41.7413 37.4969 
-43.3867 -41.7368 37.5183 -43.6212 -41.7302 37.5527 -46.4319 -34.0928 33.7953 
-46.4022 -34.3627 33.8201 -46.3656 -34.6323 33.8516 -46.3068 -34.8553 33.8621 
-46.4747 -33.8641 33.7966 -46.4257 -33.6337 33.7475 -46.4882 -34.8268 34.0046 
-46.4715 -35.1237 34.0852 -46.4648 -35.3167 34.1488 -46.421 -35.52 34.19 
-46.402 -35.7687 34.2779 -46.3741 -35.9958 34.3523 -46.3054 -36.408 34.4842 
-46.5127 -36.1674 34.5511 -46.3175 -36.592 34.5868 -46.2869 -36.7775 34.6609 
-46.2885 -37.0123 34.8041 -46.3147 -37.2031 34.9503 -46.126 -37.5423 35.0562 
-46.2828 -37.3878 35.0586 -45.8025 -38.0726 35.2752 -45.7649 -38.3109 35.4532 
-45.6933 -38.5042 35.5579 -45.9936 -37.5716 34.9676 -45.9856 -37.6871 35.064 
-45.9753 -37.8058 35.1631 -45.9624 -37.9222 35.2593 -45.5247 -39.6271 36.174 
-45.919 -38.4173 35.6273 -45.9355 -38.6846 35.8042 -45.882 -38.8967 35.8909 
-45.7675 -39.0475 35.9186 -45.7 -39.2363 35.9937 -45.6987 -39.4398 36.1071 
-46.4404 -32.99 33.8173 -46.4862 -33.1833 33.8122 -46.4566 -33.3662 33.7721 
-46.3709 -32.7886 33.8165 -46.3487 -32.5796 33.8713 -46.2874 -32.267 33.9427 
-39.6553 -41.8767 37.6282 -39.9415 -41.8835 37.628 -40.2224 -41.8852 37.6265 
-40.5016 -41.8822 37.6255 -37.846 -42.9127 37.5114 -37.9391 -42.7226 37.7113 
-38.9361 -41.9952 37.7736 -39.2312 -41.9925 37.7849 -39.5228 -42.0011 37.7875 
-38.393 -42.2461 37.9265 -38.57 -42.1734 37.9253 -38.319 -42.411 38.0758 
-37.9815 -42.7739 38.0275 -38.1785 -42.6508 38.2688 -38.8199 -42.1337 37.9378 
-40.7822 -41.8775 37.6271 -41.0638 -41.874 37.6322 -41.3438 -41.8722 37.6373 
-41.6218 -41.8715 37.6396 -46.226 -31.9602 34.0202 -46.1363 -31.5517 34.1166 
-46.2139 -31.7631 34.0913 -46.0516 -31.3353 34.1431 -46.2479 -30.7442 34.3852 
-46.2748 -31.0681 34.3464 -46.2626 -31.3927 34.2558 -45.835 -30.0113 34.4474 
-45.6441 -29.8222 34.5023 -46.0723 -30.2009 34.4053 -46.2965 -30.4591 34.4018 
-45.0682 -28.2823 31.8223 -45.0383 -28.1138 32.2185 -45.0549 -28.172 32.0637 
-45.064 -28.2221 31.9451 -45.0602 -28.1994 31.9965 -44.59 -27.6935 32.6374 
-44.6782 -27.7442 32.7094 -45.0282 -28.0748 32.3382 -44.9791 -28.0097 32.6669 
-45.013 -28.042 32.4643 -44.9684 -27.9977 32.7368 -44.7496 -27.8478 32.8918 
-44.576 -27.6992 32.7529 -44.6488 -27.7417 32.8142 -44.7572 -27.927 33.1426 
-44.6765 -27.9513 33.3259 -44.6073 -27.9753 33.4664 -43.6971 -28.3225 34.3409 
-43.826 -28.3055 34.4011 -43.9989 -28.2571 34.366 -44.2516 -28.2094 34.2871 
-44.5967 -28.1037 33.8191 -44.4634 -28.1592 34.0878 -44.7496 -28.0673 33.5338 
-44.1824 -28.5077 34.659 -44.1971 -28.3425 34.5012 -44.3793 -28.6407 34.7466 
-45.4508 -29.3927 34.5922 -45.6657 -29.5893 34.5349 -44.9661 -28.9582 34.7096 
-45.2047 -28.9392 34.6004 -45.4407 -29.142 34.5737 -44.7755 -28.7855 34.7353 
-44.6096 -28.6297 34.7063 -37.7673 -43.1312 37.587 -37.6146 -43.5045 37.4377 
-37.5266 -43.7124 37.2427 -37.329 -44.1178 37.1152 -37.2477 -44.3287 36.8986 
-37.1997 -44.5991 36.4092 -37.2749 -44.7274 36.5248 -37.2178 -44.72 36.7731 
-37.1813 -44.5705 36.9987 -37.424 -43.9021 37.329 -37.6843 -43.3259 37.629 
-37.7858 -44.8204 36.3035 -37.7746 -44.8327 36.3335 -37.4672 -44.8649 36.5307 
-37.7162 -44.9097 36.5219 -37.7128 -44.913 36.5332 -45.3975 -40.176 36.5492 
-45.3728 -40.3489 36.673 -45.2307 -40.5009 36.7553 -44.8436 -40.7222 36.8475 
-45.0878 -40.6512 36.8385 -45.6873 -39.7642 36.3159 -45.5279 -39.9799 36.4321 
-44.8164 -40.887 36.9745 -44.6781 -41.0233 37.0702 -44.1235 -41.4695 37.4107 
-43.8956 -41.7266 37.613 -44.1398 -41.6015 37.5478 -44.4069 -41.3273 37.3194 
-44.2866 -41.4663 37.441 -44.5402 -41.1796 37.1942 -41.8989 -41.8723 37.6388 
-42.1766 -41.8746 37.6359 -42.455 -41.8777 37.6328 -42.7324 -41.8802 37.6317 
-43.004 -41.8802 37.6358 -43.2629 -41.8752 37.6472 -43.5004 -41.864 37.6661 
-43.6988 -41.849 37.6888 -46.618 -33.9622 33.9185 -46.5525 -34.2183 33.9067 
-46.5705 -34.4739 33.9764 -46.5776 -33.7312 33.8636 -46.5934 -33.5095 33.8727 
-46.7053 -34.6524 34.1309 -46.6808 -34.972 34.2099 -46.57 -35.2075 34.1992 
-46.5556 -35.3725 34.2495 -46.5464 -35.4918 34.2894 -46.5595 -35.6138 34.351 
-46.5575 -35.8455 34.4483 -46.4599 -36.4698 34.6469 -46.7299 -36.1132 34.7076 
-46.7265 -35.9076 34.6175 -46.691 -36.371 34.7857 -46.4125 -36.656 34.7003 
-46.476 -36.8228 34.8397 -46.4593 -37.0731 34.9752 -46.4551 -37.2764 35.1073 
-46.2751 -37.5251 35.1592 -46.1118 -37.7847 35.2525 -46.2617 -37.6473 35.2502 
-46.4348 -37.5093 35.2625 -45.9544 -38.0409 35.3598 -45.9559 -38.1637 35.4616 
-46.0735 -37.9917 35.4025 -45.7464 -39.5769 36.2047 -46.1874 -38.1326 35.5875 
-46.2016 -38.4074 35.7842 -46.1568 -38.6246 35.8839 -46.0491 -38.7903 35.914 
-45.9963 -39.0082 35.9931 -45.9182 -39.2729 36.089 -45.8773 -39.4497 36.1674 
-46.5622 -32.8202 33.9651 -46.5978 -33.1144 33.9177 -46.5811 -33.3017 33.8721 
-46.5074 -32.5157 34.0235 -46.427 -32.1113 34.1139 -46.4989 -32.3209 34.0889 
-39.8097 -42.0112 37.7853 -40.0923 -42.0175 37.7812 -40.3718 -42.0189 37.7779 
-40.6499 -42.0172 37.7773 -37.8536 -42.9486 37.8208 -39.0988 -42.1203 37.9429 
-39.3827 -42.1256 37.9434 -39.6661 -42.139 37.9411 -38.5004 -42.297 38.0635 
-38.7071 -42.2695 38.0986 -38.351 -42.5223 38.2961 -38.5593 -42.4263 38.2731 
-38.0082 -42.8499 38.3003 -37.868 -43.0089 38.1748 -38.315 -42.6058 38.4006 
-38.1121 -42.8845 38.5678 -38.338 -42.724 38.5772 -38.9741 -42.2476 38.1025 
-40.9277 -42.0142 37.7794 -41.2049 -42.0117 37.7825 -41.4814 -42.0104 37.7843 
-41.7578 -42.0109 37.7839 -46.3548 -31.8989 34.1432 -46.3458 -31.7028 34.2076 
-46.4531 -30.7123 34.4358 -46.4511 -30.9526 34.4312 -46.4893 -31.1625 34.4269 
-46.4787 -31.3509 34.3873 -46.5494 -31.6558 34.348 -46.0137 -29.9462 34.4322 
-45.8515 -29.7801 34.4793 -46.2462 -29.9931 34.3674 -46.2815 -30.2374 34.3913 
-46.5006 -30.537 34.4227 -46.5171 -30.3029 34.359 -44.9623 -27.997 32.767 
-44.9069 -28.0036 33.0558 -44.9033 -28.0061 33.0729 -44.8303 -28.018 33.2836 
-44.4712 -28.2432 34.2973 -44.3944 -28.3069 34.4348 -44.7986 -28.1723 33.7783 
-44.7136 -28.2116 34.0008 -44.6201 -28.2496 34.2044 -44.873 -28.0522 33.2929 
-44.8685 -28.1096 33.4351 -44.9021 -28.1754 33.6051 -44.4397 -28.4574 34.596 
-45.6939 -29.336 34.5212 -45.8709 -29.5595 34.4821 -44.9823 -28.7606 34.632 
-45.2022 -28.6935 34.4338 -45.4432 -28.926 34.4886 -45.6408 -29.0903 34.4845 
-44.8036 -28.6465 34.6573 -44.7174 -28.5135 34.5664 -37.7465 -43.1834 37.8977 
-37.6138 -43.4718 37.6645 -37.522 -43.6719 37.5762 -37.3246 -44.0872 37.4129 
-37.2382 -44.315 37.2196 -37.3347 -44.9199 36.7992 -37.1821 -44.8187 36.9822 
-37.1224 -44.7347 37.2099 -37.1569 -44.5117 37.3497 -37.4075 -43.889 37.6098 
-37.6574 -43.3626 37.8194 -37.6965 -44.9359 36.5883 -37.6152 -44.9948 36.7462 
-45.6429 -40.0928 36.5437 -45.6176 -40.2657 36.6665 -45.4866 -40.4603 36.7811 
-45.3294 -40.6649 36.8991 -45.0595 -40.8184 36.9615 -45.9624 -39.5795 36.272 
-45.9326 -39.7696 36.3844 -45.7866 -39.9338 36.4616 -44.9313 -40.9921 37.0822 
-44.805 -41.1516 37.2076 -44.1033 -41.7383 37.6769 -43.8458 -41.9392 37.8088 
-44.1147 -41.8852 37.8171 -44.3972 -41.5998 37.5988 -44.2763 -41.7414 37.7177 
-44.6632 -41.3089 37.3407 -44.5281 -41.4571 37.473 -42.0354 -42.0133 37.7816 
-42.3144 -42.0168 37.7784 -42.5934 -42.0199 37.7761 -42.8694 -42.0207 37.7768 
-43.1376 -42.0164 37.7824 -43.3915 -42.0038 37.7926 -43.6217 -41.9791 37.803 
-46.743 -33.6867 33.9977 -46.7871 -33.9444 34.0504 -46.7223 -34.1968 34.0367 
-46.7467 -34.4182 34.1021 -46.7336 -33.3428 33.9996 -46.8715 -34.4784 34.2155 
-46.8703 -34.733 34.2849 -46.8329 -34.9142 34.3125 -46.6857 -35.227 34.3053 
-46.8297 -35.0588 34.3606 -46.6581 -35.4351 34.363 -46.7842 -35.5859 34.5283 
-46.541 -36.6009 34.7767 -46.8652 -35.9593 34.7471 -46.8757 -36.1344 34.8253 
-46.9302 -35.7416 34.7057 -46.8869 -36.3 34.8985 -46.6896 -36.6614 34.915 
-46.8731 -36.4791 34.9574 -46.6881 -36.9491 35.0585 -46.5645 -37.1494 35.0989 
-46.5683 -37.2413 35.1609 -46.5948 -37.337 35.2411 -46.2485 -37.7672 35.3419 
-46.2406 -37.8891 35.4351 -46.372 -37.7342 35.3991 -46.6452 -37.4703 35.3647 
-46.6095 -37.6661 35.4875 -46.4333 -37.9089 35.5715 -46.463 -38.1436 35.7594 
-46.4192 -38.3485 35.8701 -46.3177 -38.5109 35.9057 -46.2788 -38.7389 35.9903 
-46.2131 -38.9479 36.0495 -46.1803 -39.127 36.1114 -46.0758 -39.3576 36.1828 
-46.6957 -32.6625 34.1198 -46.7543 -32.8682 34.104 -46.7435 -33.0596 34.0506 
-46.6328 -32.4549 34.1421 -46.557 -31.9673 34.2573 -46.6291 -32.2646 34.2057 
-39.9501 -42.1504 37.9355 -40.2325 -42.1558 37.929 -40.5116 -42.1567 37.9254 
-40.7884 -42.1546 37.9253 -39.2449 -42.2437 38.0956 -39.5125 -42.26 38.0958 
-39.7936 -42.2814 38.0953 -38.8575 -42.3756 38.2684 -38.4423 -42.5668 38.4417 
-38.6006 -42.5364 38.4708 -38.7745 -42.4954 38.4377 -37.9496 -42.9834 38.4394 
-37.7524 -43.207 38.1954 -37.8337 -43.1829 38.5146 -37.9709 -43.0431 38.6082 
-38.2533 -42.8547 38.6994 -38.0639 -43.0895 38.7922 -38.2148 -42.964 38.7964 
-38.5601 -42.6441 38.6004 -38.39 -42.8884 38.8179 -38.5436 -42.7802 38.761 
-39.1317 -42.3612 38.2533 -41.0638 -42.1515 37.927 -41.3386 -42.1494 37.9286 
-41.6142 -42.1498 37.9285 -41.892 -42.1531 37.9266 -46.6278 -30.698 34.4553 
-46.6346 -30.9107 34.4735 -46.6423 -31.1417 34.4757 -46.6241 -31.3145 34.4569 
-46.6903 -31.5249 34.4476 -46.7599 -31.7366 34.4399 -46.7611 -31.9259 34.394 
-46.0465 -29.7348 34.4193 -46.2365 -29.6012 34.2784 -46.5415 -29.9356 34.216 
-46.6398 -30.5387 34.419 -46.8239 -30.234 34.2089 -46.8291 -30.524 34.3632 
-44.8977 -28.0146 33.1147 -44.6224 -28.3547 34.3967 -44.9182 -28.1981 33.6482 
-44.9558 -28.2957 33.8866 -44.8148 -28.3283 34.1786 -45.8339 -29.2053 34.4256 
-45.898 -29.3903 34.4528 -46.0233 -29.5237 34.4104 -44.9391 -28.5965 34.5363 
-45.0812 -28.5347 34.3365 -45.031 -28.5625 34.4372 -45.2065 -28.5584 34.231 
-45.3947 -28.6489 34.1815 -45.5128 -28.8028 34.3315 -45.6245 -28.942 34.4121 
-45.7606 -29.035 34.3899 -44.8962 -28.4657 34.384 -37.6619 -43.3497 38.0419 
-37.5826 -43.5118 37.857 -37.4712 -43.7257 37.8934 -37.3263 -44.0412 37.6472 
-37.2355 -44.2534 37.5723 -37.2153 -44.9901 37.0219 -37.3286 -45.0669 36.9899 
-37.5117 -45.088 36.9506 -37.1313 -44.919 37.1712 -37.0953 -44.6931 37.474 
-37.0902 -44.8526 37.3469 -37.1396 -44.4828 37.6646 -37.3747 -43.9187 37.8055 
-37.6494 -44.9967 36.7517 -37.6411 -45.0124 36.7802 -37.5927 -45.0933 36.9532 
-45.889 -40.0968 36.6074 -45.8349 -40.2773 36.7273 -45.7012 -40.3971 36.7837 
-45.6659 -40.5751 36.9102 -45.2729 -40.8397 37.0192 -45.5012 -40.7914 37.0355 
-45.1395 -40.9466 37.0789 -46.2451 -39.4415 36.2805 -46.1851 -39.672 36.3929 
-46.0477 -39.8821 36.493 -45.1045 -41.1025 37.2118 -44.941 -41.282 37.356 
-43.7471 -42.0833 37.9252 -43.9965 -42.1105 37.9926 -44.4017 -41.8886 37.878 
-44.3033 -42.0594 38.0031 -44.6604 -41.5929 37.6327 -44.5299 -41.7412 37.7617 
-44.797 -41.4411 37.4959 -42.1724 -42.158 37.9232 -42.454 -42.1625 37.9196 
-42.7338 -42.1643 37.9176 -43.009 -42.1613 37.9195 -43.2769 -42.1509 37.926 
-43.5344 -42.128 37.9332 -46.9221 -33.5156 34.1416 -46.9262 -33.8061 34.149 
-46.902 -34.073 34.1577 -46.8554 -34.2846 34.1577 -46.9074 -33.2225 34.1536 
-47.0223 -34.2548 34.2807 -47.0203 -34.5198 34.339 -47.0267 -34.699 34.3927 
-46.9519 -34.8762 34.3923 -46.83 -35.2815 34.4443 -47.0029 -35.0535 34.4918 
-47.0022 -35.5212 34.6715 -47.0287 -35.2983 34.6022 -47.0859 -35.8785 34.8646 
-47.0266 -36.1577 34.9347 -47.1387 -35.5751 34.7845 -46.9983 -36.3332 34.9817 
-46.9041 -36.712 35.0728 -47.1073 -36.4648 35.086 -46.8802 -36.8937 35.1422 
-46.682 -37.1802 35.191 -46.8996 -37.0562 35.2335 -46.8126 -37.3139 35.344 
-46.7907 -37.5058 35.465 -46.8797 -37.6369 35.5977 -46.7208 -37.8841 35.7052 
-46.6946 -38.0948 35.846 -46.5809 -38.2488 35.8908 -46.5338 -38.4548 35.974 
-46.5704 -38.6767 36.0805 -46.4038 -38.9238 36.1103 -46.3857 -39.1183 36.177 
-46.2808 -39.26 36.2018 -46.8207 -32.52 34.2562 -46.8761 -32.8074 34.2145 
-46.8709 -33.0002 34.1632 -46.8291 -32.2226 34.3492 -40.083 -42.2914 38.0843 
-40.3665 -42.295 38.0764 -40.6458 -42.2939 38.0737 -40.9221 -42.29 38.0739 
-39.3657 -42.3514 38.2232 -39.6092 -42.4135 38.2729 -39.9254 -42.4241 38.2489 
-39.0315 -42.482 38.4222 -38.7192 -42.5916 38.573 -38.926 -42.5998 38.5867 
-37.6781 -43.3586 38.3256 -37.7004 -43.3905 38.5657 -37.9392 -43.1256 38.6836 
-37.788 -43.3933 38.7876 -37.9191 -43.2254 38.779 -38.1942 -43.0679 38.8912 
-38.0231 -43.2835 38.9398 -38.1985 -43.196 38.9821 -38.3286 -43.0589 38.9443 
-38.7805 -42.7228 38.7331 -38.5442 -42.8834 38.8783 -38.5708 -43.0266 38.9895 
-38.7052 -42.88 38.8959 -39.3288 -42.4784 38.3907 -41.196 -42.2864 38.0746 
-41.47 -42.2865 38.0747 -41.7475 -42.2914 38.0733 -42.0301 -42.2999 38.0697 
-46.7574 -30.6635 34.4427 -46.8289 -30.8634 34.4803 -46.8483 -31.1263 34.5055 
-46.8424 -31.4042 34.5039 -46.904 -31.6962 34.4974 -46.9031 -31.8837 34.4708 
-46.9729 -32.0944 34.4554 -46.0213 -29.3407 34.3522 -46.1464 -29.2781 34.1958 
-46.3211 -29.3986 34.0743 -46.4867 -29.6353 34.0802 -46.682 -29.8131 34.0254 
-46.7758 -30.0032 34.0963 -46.9523 -30.1256 34.021 -47.0492 -30.2951 34.0943 
-47.0979 -30.4965 34.2124 -46.8982 -30.728 34.4377 -47.0977 -30.7509 34.372 
-44.9437 -28.2194 33.6697 -45.0508 -28.3139 33.7417 -45.1642 -28.4105 33.8747 
-45.0601 -28.438 34.1378 -45.9308 -29.0782 34.2592 -45.2803 -28.5193 34.0184 
-45.4916 -28.6135 33.915 -45.6508 -28.7631 34.1026 -45.727 -28.9081 34.2888 
-37.5709 -43.5268 38.1378 -37.3757 -43.8924 38.0343 -37.4694 -43.7143 38.224 
-37.2971 -44.0704 37.8437 -37.2057 -44.2713 37.8917 -37.2566 -45.0995 37.1117 
-37.1746 -45.0469 37.1793 -37.4097 -45.1749 37.1575 -37.5733 -45.1285 37.0254 
-37.5415 -45.1864 37.156 -37.1221 -45.0119 37.3729 -37.0811 -44.6861 37.7572 
-37.0737 -44.8671 37.5639 -37.1251 -44.4848 37.9687 -46.2328 -39.9966 36.6243 
-46.0686 -40.2214 36.746 -45.9029 -40.4036 36.8397 -45.9564 -40.5621 36.9744 
-45.7884 -40.7421 37.07 -45.3347 -40.96 37.1323 -45.6187 -40.9552 37.1974 
-46.5208 -39.2558 36.2783 -46.4489 -39.517 36.3807 -46.3971 -39.6906 36.4622 
-46.2662 -39.8124 36.5037 -45.3787 -41.1047 37.2681 -45.2214 -41.2525 37.3739 
-45.0861 -41.416 37.5119 -43.7356 -42.2584 38.0779 -44.0007 -42.3044 38.1473 
-44.2415 -42.2555 38.1387 -44.6727 -41.8957 37.919 -44.5424 -42.0254 38.0121 
-44.5434 -42.2108 38.1411 -44.944 -41.5794 37.6545 -44.8083 -41.7391 37.7925 
-42.3158 -42.3079 38.0644 -42.6001 -42.3114 38.0587 -42.8798 -42.3094 38.0561 
-43.1541 -42.3016 38.0592 -43.4292 -42.2875 38.0684 -47.093 -33.3758 34.2761 
-47.0979 -33.6695 34.2723 -47.0769 -33.9547 34.2756 -47.0499 -33.0523 34.2847 
-47.2288 -34.105 34.3982 -47.185 -34.3693 34.4179 -47.1385 -34.5769 34.4376 
-47.15 -34.7783 34.5027 -47.2328 -35.0092 34.6326 -47.1426 -35.39 34.7182 
-47.2191 -35.2255 34.705 -47.315 -35.8221 34.9782 -47.356 -35.5923 34.9157 
-47.219 -36.0387 35.0009 -47.1295 -36.2442 35.0246 -47.3376 -35.3261 34.8082 
-47.0816 -36.6634 35.1461 -47.0562 -36.8339 35.202 -47.328 -36.2184 35.1105 
-47.3101 -36.4183 35.1645 -47.2849 -36.6264 35.2199 -47.1331 -36.9963 35.3037 
-47.087 -37.1897 35.3849 -47.0215 -37.428 35.5078 -47.0918 -37.5765 35.6352 
-47.0581 -37.7626 35.754 -46.9167 -37.9939 35.8676 -46.8011 -38.2324 35.9681 
-46.7844 -38.4739 36.0768 -46.7786 -38.6615 36.1483 -46.6624 -38.8494 36.1735 
-46.5487 -39.0347 36.2004 -47.0232 -32.4875 34.3914 -47.0447 -32.7501 34.3415 
-47.0373 -32.3046 34.4419 -40.2158 -42.431 38.2345 -40.5 -42.4321 38.2279 
-40.781 -42.4281 38.2264 -41.0568 -42.4213 38.2244 -39.5529 -42.5407 38.4383 
-39.7807 -42.5518 38.4176 -40.0642 -42.5652 38.4007 -39.1983 -42.6044 38.5692 
-39.092 -42.7396 38.7429 -37.5787 -43.5559 38.4617 -37.6519 -43.5124 38.6914 
-37.6724 -43.5567 38.8289 -37.9054 -43.3297 38.8864 -37.7516 -43.5697 38.95 
-37.9128 -43.4473 38.9854 -38.1702 -43.4601 39.1354 -38.4439 -43.267 39.1129 
-38.9723 -42.8844 38.9049 -38.8615 -43.041 39.0365 -38.7625 -43.2363 39.1517 
-39.422 -42.6033 38.5371 -41.3279 -42.4188 38.2229 -41.6021 -42.4257 38.2225 
-41.8853 -42.4393 38.2194 -42.1777 -42.4564 38.2143 -47.0079 -30.8713 34.4619 
-47.0779 -31.0868 34.4979 -47.0977 -31.3733 34.5272 -47.1175 -31.6657 34.5367 
-47.1233 -31.9656 34.521 -47.1858 -32.2648 34.5038 -46.0876 -29.0857 34.0739 
-46.2194 -29.2128 34.043 -46.3094 -29.2471 33.8655 -46.4707 -29.462 33.8914 
-46.6248 -29.6383 33.9037 -46.8607 -29.9402 33.9323 -46.7679 -29.7645 33.8279 
-47.1335 -30.2455 33.9276 -47.0446 -30.0815 33.772 -47.2211 -30.4124 34.0239 
-47.3088 -30.5671 34.1013 -47.3438 -30.7416 34.2167 -47.1616 -30.9553 34.4468 
-47.3586 -30.9809 34.3578 -45.1626 -28.3861 33.7788 -45.2694 -28.4549 33.794 
-45.8319 -28.8962 34.1512 -45.9562 -28.9571 34.074 -45.3297 -28.4942 33.8014 
-45.3981 -28.5329 33.8015 -45.5144 -28.608 33.7975 -45.7027 -28.7152 33.8109 
-45.8501 -28.8364 33.9653 -37.3727 -43.8973 38.3129 -37.2827 -44.0781 38.1157 
-37.4664 -43.7484 38.4765 -37.1924 -44.2886 38.1922 -37.2489 -45.155 37.3033 
-37.3792 -45.2387 37.3374 -37.5066 -45.2437 37.2934 -37.4921 -45.2685 37.3645 
-37.0984 -45.0331 37.6328 -37.18 -45.1424 37.5092 -37.0731 -44.6912 38.0487 
-37.0635 -44.8935 37.8527 -37.117 -44.5127 38.266 -46.4725 -39.8184 36.5639 
-46.534 -39.9822 36.6916 -46.3638 -40.1677 36.7821 -46.2007 -40.3924 36.9068 
-46.168 -40.5768 37.0376 -46.027 -40.6947 37.093 -45.9718 -40.8794 37.2218 
-45.571 -41.1211 37.3258 -45.7993 -41.083 37.346 -46.779 -39.0492 36.2737 
-46.7513 -39.2345 36.3335 -46.7324 -39.4125 36.4051 -46.615 -39.635 36.4894 
-45.4383 -41.2198 37.3845 -45.4042 -41.3737 37.5213 -45.2446 -41.5585 37.6681 
-43.5769 -42.4428 38.213 -43.8726 -42.4599 38.2458 -44.169 -42.4538 38.2587 
-44.4527 -42.4175 38.2514 -44.9731 -41.9085 37.9469 -44.8128 -42.0945 38.0802 
-44.7917 -42.2759 38.1971 -44.6799 -42.3842 38.2471 -45.1072 -41.7312 37.8087 
-42.4713 -42.4648 38.204 -42.7565 -42.4616 38.193 -43.0335 -42.4541 38.1899 
-43.3023 -42.4424 38.1936 -47.2758 -33.2579 34.3992 -47.281 -33.5483 34.3908 
-47.2643 -33.8283 34.3905 -47.2584 -32.9624 34.421 -47.4256 -33.9856 34.4972 
-47.3853 -34.2499 34.5147 -47.3065 -34.515 34.5268 -47.3909 -34.7111 34.6286 
-47.4814 -34.8939 34.7302 -47.3646 -35.1051 34.7446 -47.4763 -35.7036 35.0163 
-47.4637 -35.9184 35.078 -47.5685 -35.5433 35.0005 -47.6018 -35.3324 34.9329 
-47.5629 -35.0848 34.8287 -47.255 -36.8562 35.291 -47.5632 -36.0955 35.1685 
-47.5443 -36.3644 35.2337 -47.537 -36.6169 35.3017 -47.4339 -36.7842 35.3228 
-47.3945 -37.0277 35.4024 -47.2873 -37.2981 35.5096 -47.2244 -37.466 35.5977 
-47.2876 -37.5979 35.7023 -47.3414 -37.7556 35.8274 -47.1858 -37.9268 35.9088 
-47.0591 -38.1047 35.9839 -47.0646 -38.3148 36.0924 -46.9859 -38.5607 36.1719 
-46.9139 -38.7929 36.228 -47.1758 -32.455 34.471 -47.2286 -32.6776 34.4512 
-40.3516 -42.5682 38.3873 -40.6392 -42.5688 38.3865 -40.9255 -42.5602 38.3826 
-41.1957 -42.5467 38.3708 -39.6274 -42.6559 38.5668 -39.9063 -42.7058 38.5816 
-40.2061 -42.7021 38.548 -39.4134 -42.7435 38.7041 -39.2924 -42.9185 38.9098 
-37.5466 -43.7146 38.7559 -37.6501 -43.6369 38.8946 -37.6504 -43.7383 38.9885 
-37.8643 -43.6907 39.1317 -38.4232 -43.4576 39.2218 -38.1119 -43.7568 39.2979 
-38.4069 -43.6421 39.3155 -38.6771 -43.494 39.2815 -39.1338 -43.0521 39.0455 
-39.0499 -43.2195 39.1594 -38.9882 -43.4218 39.2657 -41.458 -42.5536 38.3713 
-41.7376 -42.5751 38.3733 -42.0319 -42.5985 38.3655 -42.3469 -42.6365 38.3674 
-47.2773 -31.1081 34.4603 -47.3501 -31.3355 34.4921 -47.3659 -31.6308 34.5338 
-47.3809 -31.9251 34.551 -47.4029 -32.2266 34.547 -47.4029 -32.54 34.5245 
-46.1775 -29.104 33.9289 -46.0303 -28.9515 33.8523 -46.2541 -29.149 33.6862 
-46.2954 -29.1976 33.6869 -46.1872 -29.0803 33.7406 -46.4187 -29.3461 33.6426 
-46.4262 -29.3555 33.6407 -46.6028 -29.5482 33.7056 -46.6892 -29.648 33.7972 
-46.9031 -29.8984 33.7552 -46.7246 -29.6707 33.6895 -46.8321 -29.7944 33.5817 
-47.1836 -30.2276 33.7838 -47.3093 -30.3825 33.7806 -46.966 -29.9512 33.5881 
-47.0745 -30.0922 33.4977 -47.0366 -30.0402 33.5053 -47.2092 -30.2372 33.6 
-47.3913 -30.5374 33.9362 -47.458 -30.6849 34.0416 -47.5162 -30.8083 34.1199 
-47.536 -30.9426 34.2021 -47.4403 -31.1952 34.4174 -47.6364 -31.1999 34.2687 
-45.6766 -28.6951 33.7756 -45.7101 -28.7173 33.7712 -45.7787 -28.7566 33.7788 
-45.8741 -28.8169 33.7821 -37.3887 -43.9148 38.5893 -37.2795 -44.0998 38.4096 
-37.1881 -44.3319 38.4912 -37.3546 -45.2839 37.5775 -37.4756 -45.2869 37.4688 
-37.0943 -45.0629 37.8289 -37.1766 -45.1732 37.7301 -37.0702 -44.7173 38.3133 
-37.0581 -44.8648 38.1431 -37.0841 -45.0264 38.0307 -37.114 -44.5966 38.5722 
-46.7972 -39.8059 36.6292 -46.7475 -40.007 36.7533 -46.6054 -40.1225 36.805 
-46.5583 -40.3127 36.9257 -46.4078 -40.5266 37.0486 -46.2639 -40.7298 37.1678 
-46.2345 -40.9129 37.2966 -46.0902 -41.0623 37.3839 -45.635 -41.2391 37.4439 
-45.9261 -41.2548 37.5061 -47.0935 -38.9816 36.322 -46.9763 -39.2411 36.3858 
-46.973 -39.4516 36.4722 -46.8439 -39.5833 36.513 -45.6952 -41.3895 37.5821 
-45.5431 -41.542 37.6842 -45.4155 -41.7184 37.8129 -43.4353 -42.5737 38.3086 
-43.7001 -42.6466 38.371 -44.0668 -42.6757 38.3839 -44.3916 -42.6378 38.3514 
-44.699 -42.5934 38.3248 -45.2879 -41.9035 37.9459 -45.1725 -42.117 38.0891 
-45.0111 -42.2701 38.1924 -44.9148 -42.4509 38.2743 -42.6454 -42.6187 38.3319 
-42.9237 -42.6108 38.3208 -43.1988 -42.598 38.3171 -47.4804 -33.1692 34.4991 
-47.4784 -33.4513 34.492 -47.4598 -33.7229 34.4916 -47.4615 -32.8734 34.5113 
-47.6317 -33.8997 34.5796 -47.5732 -34.1287 34.5858 -47.5854 -34.413 34.6439 
-47.5931 -34.6719 34.7155 -47.7538 -34.8066 34.809 -47.7043 -35.6813 35.0914 
-47.6771 -35.9161 35.1573 -47.7275 -35.4553 35.0257 -47.8335 -35.3048 35.0005 
-47.8558 -35.0816 34.9219 -47.8272 -36.0953 35.2438 -47.8181 -36.3507 35.3075 
-47.7232 -36.5268 35.327 -47.7215 -36.7933 35.3931 -47.699 -37.0591 35.4735 
-47.5686 -37.2426 35.5349 -47.4449 -37.4367 35.6256 -47.5756 -37.6163 35.7617 
-47.5446 -37.7836 35.8819 -47.4097 -37.8923 35.9367 -47.3512 -38.1041 36.0505 
-47.3144 -38.3289 36.159 -47.1984 -38.4754 36.1936 -47.2119 -38.7094 36.2665 
-40.488 -42.7047 38.5422 -40.796 -42.7206 38.5632 -41.096 -42.6841 38.5265 
-41.3261 -42.6569 38.4934 -39.6989 -42.7924 38.7118 -39.8896 -42.8371 38.7297 
-40.0896 -42.8319 38.7001 -40.3466 -42.8338 38.6867 -39.5846 -42.9096 38.8556 
-39.3454 -43.0796 39.0523 -39.5312 -43.0574 39.0041 -37.4126 -43.944 38.8049 
-37.5 -43.9109 38.9642 -37.6233 -43.9516 39.1549 -37.8587 -43.9568 39.3222 
-38.0787 -43.954 39.4088 -38.306 -43.88 39.4193 -38.6346 -43.6899 39.3766 
-38.529 -43.8136 39.4214 -38.7979 -43.6824 39.3844 -38.9655 -43.6238 39.3602 
-39.3022 -43.2125 39.1473 -39.2651 -43.3996 39.2506 -39.2173 -43.6038 39.3469 
-41.577 -42.7176 38.5392 -41.8909 -42.7371 38.5183 -42.1729 -42.7638 38.5023 
-42.3835 -42.7933 38.4999 -42.5693 -42.7709 38.463 -47.5653 -31.3606 34.4138 
-47.6222 -31.6014 34.4639 -47.6217 -31.8817 34.5232 -47.6483 -32.1736 34.5455 
-47.671 -32.4817 34.5521 -47.6884 -32.7937 34.5553 -45.9231 -28.8518 33.7692 
-45.9981 -28.9057 33.7451 -46.0395 -28.9554 33.7207 -46.192 -29.0858 33.682 
-46.1537 -29.0506 33.6888 -46.4401 -29.3686 33.6375 -46.5738 -29.5198 33.6005 
-46.6425 -29.5923 33.5853 -46.7024 -29.6527 33.5725 -46.7948 -29.7551 33.5528 
-46.8256 -29.7902 33.5461 -46.845 -29.8143 33.5421 -47.3492 -30.4016 33.4745 
-47.4619 -30.541 33.6088 -47.4406 -30.5307 33.7922 -46.9543 -29.9453 33.5202 
-47.112 -30.1301 33.4921 -47.2138 -30.2568 33.4756 -47.5521 -30.6976 33.795 
-47.58 -30.7987 33.9943 -47.6167 -30.9013 34.0699 -47.6967 -31.0501 34.083 
-47.7998 -31.2128 34.0826 -47.755 -31.4763 34.3297 -47.88 -31.4049 34.1232 
-37.2915 -44.149 38.7272 -37.1888 -44.3939 38.7518 -37.444 -45.3505 37.6659 
-37.4561 -45.3253 37.5857 -37.3065 -45.3023 37.9639 -37.4116 -45.3695 37.7922 
-37.4351 -45.3763 37.7761 -37.1456 -45.1532 37.9372 -37.0738 -44.7944 38.499 
-37.0601 -44.8603 38.3435 -37.0854 -44.995 38.2781 -37.1625 -45.1569 38.1739 
-37.1371 -44.5816 38.8819 -37.1111 -44.8732 38.7736 -47.1013 -39.64 36.5749 
-47.0954 -39.8425 36.6845 -46.9736 -39.9863 36.7651 -46.8383 -40.1724 36.8704 
-46.8175 -40.353 36.9856 -46.6956 -40.4999 37.067 -46.5775 -40.6865 37.1746 
-46.4784 -40.8733 37.2901 -46.3768 -41.0538 37.4028 -46.2436 -41.2263 37.5122 
-45.9075 -41.4247 37.6311 -46.1291 -41.397 37.6209 -47.3964 -38.9541 36.3528 
-47.2994 -39.192 36.4109 -47.2101 -39.4134 36.4839 -45.779 -41.5253 37.6918 
-45.7429 -41.7097 37.8073 -45.5859 -41.8951 37.9289 -43.4136 -42.749 38.4405 
-43.6611 -42.827 38.496 -43.8924 -42.8305 38.4875 -44.1113 -42.8657 38.4869 
-44.338 -42.8787 38.4516 -44.6222 -42.8386 38.397 -44.9393 -42.643 38.3287 
-44.878 -42.8115 38.3594 -45.4824 -42.0891 38.0408 -45.2165 -42.2982 38.1944 
-45.4172 -42.3064 38.1505 -45.1493 -42.4257 38.2534 -45.1128 -42.6026 38.3001 
-42.8242 -42.7693 38.4501 -43.1045 -42.7642 38.4454 -47.7029 -33.0958 34.5583 
-47.6955 -33.3799 34.5628 -47.6664 -33.6439 34.5688 -47.8239 -33.8253 34.6272 
-47.8321 -34.1167 34.6699 -47.8422 -34.3845 34.7294 -47.7589 -34.5612 34.7459 
-48.023 -34.5615 34.8065 -48.0142 -34.8402 34.8793 -47.952 -35.4727 35.0795 
-47.956 -35.6897 35.1527 -47.8489 -35.8418 35.1808 -48.0509 -35.2397 35.0148 
-48.1935 -35.0283 34.948 -48.0958 -36.1144 35.2999 -48.0971 -35.8875 35.2272 
-47.9976 -36.2704 35.3255 -48.0113 -36.5335 35.379 -48.0362 -36.8077 35.4354 
-47.9558 -37.0163 35.4804 -47.8612 -37.2299 35.5534 -47.7327 -37.4201 35.6464 
-47.9159 -37.6085 35.763 -47.7618 -37.7604 35.8762 -47.6385 -37.9394 35.9907 
-47.6333 -38.1233 36.1025 -47.5395 -38.2879 36.173 -47.4476 -38.5181 36.2455 
-47.4816 -38.7511 36.3129 -40.6015 -42.8386 38.6903 -40.8106 -42.8677 38.7225 
-41.0307 -42.8384 38.6906 -41.3217 -42.8052 38.6498 -39.7881 -42.9073 38.8192 
-39.9796 -42.9483 38.8321 -40.2267 -42.9644 38.8251 -40.4867 -42.9667 38.8189 
-39.8047 -43.0541 38.9546 -39.4829 -43.1846 39.111 -39.6991 -43.2207 39.1017 
-37.3736 -44.0788 38.935 -37.4383 -44.0855 39.0726 -37.4709 -44.1753 39.1984 
-37.6308 -44.1465 39.3227 -37.7873 -44.1514 39.423 -37.9512 -44.0893 39.4491 
-38.1804 -44.1239 39.5201 -38.5364 -44.0391 39.5195 -38.7613 -43.8606 39.4561 
-38.9492 -43.7852 39.429 -39.1642 -43.8004 39.4295 -39.5527 -43.3752 39.215 
-39.492 -43.6009 39.3311 -39.4331 -43.8106 39.4224 -41.5558 -42.8613 38.688 
-41.7775 -42.8736 38.6661 -42.0733 -42.9226 38.6578 -42.3346 -42.9144 38.6078 
-42.5141 -42.8909 38.5651 -42.7258 -42.9209 38.5712 -47.8359 -31.675 34.3718 
-47.8308 -31.8513 34.4414 -47.8604 -32.1011 34.4868 -47.9331 -32.4127 34.5072 
-47.9348 -32.728 34.5413 -47.9443 -33.0304 34.564 -47.3326 -30.387 33.4481 
-47.3501 -30.4069 33.4459 -47.3681 -30.4303 33.4451 -47.4604 -30.5556 33.4463 
-47.5803 -30.7183 33.4564 -47.7019 -30.9016 33.5653 -47.6991 -30.9342 33.8782 
-47.8242 -31.1389 33.9094 -47.9041 -31.2948 33.9541 -47.9456 -31.6271 34.2222 
-48.0162 -31.4675 33.8545 -48.0283 -31.5882 34.0413 -37.2736 -44.3436 39.052 
-37.4438 -45.3803 37.963 -37.3 -45.3037 38.3613 -37.4471 -45.4047 38.2929 
-37.433 -45.3931 38.1688 -37.4348 -45.3815 37.8209 -37.0827 -44.9287 38.4812 
-37.1597 -45.1079 38.5086 -37.1353 -44.5718 39.0711 -37.0954 -44.7283 39.0289 
-37.1943 -45.1394 38.8119 -37.1076 -44.8793 39.0646 -37.1881 -45.0738 39.0821 
-47.4133 -39.6014 36.561 -47.3665 -39.8348 36.6665 -47.2317 -39.9882 36.7678 
-47.1322 -40.1544 36.8622 -47.0442 -40.3294 36.9667 -46.9557 -40.4954 37.067 
-46.862 -40.676 37.1645 -46.7598 -40.8621 37.2737 -46.6559 -41.0448 37.3856 
-46.5542 -41.2538 37.5056 -46.3829 -41.3873 37.6089 -46.0187 -41.5911 37.7282 
-46.2936 -41.5493 37.6895 -47.6718 -38.9308 36.3526 -47.6288 -39.2074 36.4141 
-47.4893 -39.398 36.4843 -46.0194 -41.8258 37.8344 -45.8416 -41.9198 37.916 
-45.7381 -42.0754 37.9965 -43.2898 -42.933 38.5682 -43.53 -42.9248 38.5616 
-43.7798 -43.0154 38.5995 -44.0399 -42.9986 38.5602 -44.215 -42.985 38.5251 
-44.3574 -43.0751 38.5181 -44.5853 -43.1137 38.4551 -44.8179 -43.0145 38.3898 
-45.0652 -42.771 38.3304 -45.0872 -43.0154 38.3243 -45.6711 -42.2831 38.0698 
-45.3091 -42.4087 38.2263 -45.4263 -42.4866 38.2097 -45.5946 -42.5112 38.1367 
-45.2974 -42.5596 38.2596 -45.2671 -42.7856 38.2817 -43.0012 -42.9338 38.5706 
-47.9353 -33.3242 34.5878 -47.8975 -33.6023 34.6123 -48.0811 -33.8825 34.6614 
-48.0974 -34.1398 34.7237 -48.0094 -34.3009 34.7492 -48.2449 -34.3322 34.7746 
-48.3059 -34.5577 34.8269 -48.2513 -34.7649 34.8754 -48.2238 -35.3963 35.0748 
-48.1926 -35.6302 35.1477 -48.2641 -35.2225 35.019 -48.473 -34.943 34.8939 
-48.4497 -35.1678 34.9686 -48.3181 -36.0682 35.2977 -48.2423 -36.3044 35.3573 
-48.4482 -35.8574 35.2029 -48.2984 -36.5314 35.4006 -48.2592 -36.7366 35.4283 
-48.2316 -36.9832 35.4694 -48.1808 -37.2488 35.5421 -48.0238 -37.4199 35.6403 
-48.1808 -37.5901 35.7102 -47.9699 -37.7665 35.873 -48.1381 -37.741 35.8202 
-47.9148 -37.9037 35.9649 -47.8578 -38.0793 36.0754 -47.7881 -38.2581 36.1735 
-47.7248 -38.4576 36.2451 -47.6947 -38.6865 36.303 -40.7017 -42.9544 38.8076 
-40.9431 -43.0094 38.8536 -41.2414 -42.9777 38.814 -41.4559 -42.9472 38.7755 
-40.101 -43.0993 38.9577 -40.382 -43.1147 38.9536 -40.6887 -43.1128 38.9455 
-39.9781 -43.2506 39.0879 -39.8693 -43.4215 39.2096 -37.4437 -44.376 39.3324 
-37.6567 -44.2982 39.4416 -37.8765 -44.295 39.535 -38.1247 -44.3761 39.6437 
-38.4151 -44.2938 39.6308 -38.8253 -44.0769 39.543 -38.7452 -44.2869 39.63 
-39.0562 -43.9955 39.507 -39.3645 -44.0165 39.5041 -39.7805 -43.6145 39.318 
-39.7143 -43.8252 39.4145 -39.6501 -44.0364 39.4998 -41.6716 -43.0004 38.7931 
-41.9253 -43.044 38.7848 -42.1324 -43.0895 38.7821 -42.3123 -43.0718 38.7347 
-42.5785 -43.0618 38.6875 -42.894 -43.1043 38.6903 -47.9887 -31.8252 34.3038 
-48.0178 -32.0246 34.3783 -48.0768 -32.2542 34.4102 -48.1539 -32.4633 34.4214 
-48.1492 -32.6674 34.4707 -48.1961 -32.9601 34.503 -48.1852 -33.2628 34.5508 
-47.5532 -30.6847 33.4221 -47.5766 -30.723 33.4178 -47.5978 -30.7544 33.4185 
-47.6863 -30.9003 33.4297 -47.7511 -31.0117 33.4293 -47.8285 -31.0994 33.6495 
-47.9359 -31.2813 33.7364 -48.1289 -31.8145 34.0597 -48.0312 -31.4575 33.5425 
-48.1298 -31.6409 33.6312 -48.1148 -31.6577 33.876 -37.1596 -44.5477 39.1755 
-37.2398 -44.5301 39.2731 -37.2994 -45.2993 38.6955 -37.4753 -45.4382 38.6004 
-37.4873 -45.4381 38.4073 -37.1055 -44.6706 39.1715 -37.0963 -44.7903 39.1643 
-37.3011 -45.287 38.996 -37.1525 -44.9078 39.2381 -37.3164 -45.2697 39.2667 
-37.2737 -45.0844 39.383 -47.6555 -39.5805 36.5282 -47.631 -39.7842 36.5942 
-47.4328 -40.0184 36.7542 -47.6275 -40.0251 36.6779 -47.3712 -40.1508 36.8291 
-47.3203 -40.3573 36.9227 -47.188 -40.5014 37.0353 -47.1129 -40.6691 37.1222 
-47.0523 -40.895 37.2203 -46.9096 -41.05 37.3414 -46.8294 -41.2295 37.4311 
-46.5748 -41.4353 37.5959 -46.7805 -41.4635 37.5135 -46.4794 -41.5223 37.6556 
-46.2525 -41.7635 37.7584 -46.4727 -41.6917 37.689 -47.9162 -38.8754 36.3146 
-47.9058 -39.1459 36.3563 -47.7069 -39.4326 36.4735 -47.908 -39.4339 36.4123 
-46.0187 -41.9932 37.9037 -46.2141 -42.0281 37.823 -45.9186 -42.0705 37.9591 
-45.8937 -42.243 37.9954 -43.1933 -43.119 38.6888 -43.5163 -43.1267 38.6821 
-43.8013 -43.2532 38.7189 -44.0144 -43.199 38.6464 -44.2144 -43.1463 38.5788 
-44.4109 -43.2799 38.5433 -44.6252 -43.4291 38.4607 -44.8817 -43.2891 38.3638 
-45.3186 -42.996 38.2532 -45.2663 -43.1592 38.2447 -45.1254 -43.2727 38.2773 
-45.8489 -42.5134 38.0234 -45.4633 -42.6737 38.2087 -45.6743 -42.8286 38.078 
-45.4498 -42.8825 38.2065 -48.1658 -33.5695 34.5999 -48.4201 -33.8548 34.6039 
-48.3051 -34.0921 34.7103 -48.4444 -34.2541 34.7421 -48.5045 -34.4594 34.7825 
-48.4905 -34.7002 34.8393 -48.4073 -35.3308 35.0398 -48.4836 -35.5511 35.0901 
-48.6935 -34.8677 34.8083 -48.737 -35.1632 34.8523 -48.611 -35.3622 34.9893 
-48.5307 -36.0755 35.2844 -48.4836 -36.2328 35.3404 -48.48 -36.4415 35.3787 
-48.7576 -35.7914 35.0775 -48.7346 -36.0693 35.2046 -48.4865 -36.6716 35.4041 
-48.4764 -36.9205 35.427 -48.4615 -37.1906 35.4649 -48.2465 -37.459 35.6206 
-48.4552 -37.4738 35.5423 -48.3573 -37.591 35.6528 -48.3594 -37.7651 35.746 
-48.0932 -37.8669 35.9176 -48.2636 -37.901 35.8809 -48.1431 -38.0693 36.0108 
-48.0155 -38.2409 36.1432 -47.9551 -38.4161 36.2218 -47.9294 -38.6291 36.2736 
-40.9502 -43.1817 38.9962 -41.2124 -43.1803 38.979 -41.5145 -43.1328 38.9126 
-40.2655 -43.2751 39.0834 -40.5556 -43.2902 39.0826 -40.838 -43.3118 39.0908 
-40.1607 -43.448 39.2036 -40.0726 -43.6373 39.312 -37.3375 -44.6181 39.4156 
-37.6007 -44.5472 39.545 -37.8945 -44.5266 39.6677 -38.0973 -44.5595 39.7385 
-38.3222 -44.5137 39.7343 -38.5982 -44.4801 39.7173 -39.0284 -44.2396 39.6013 
-38.8188 -44.488 39.7093 -38.9985 -44.4429 39.679 -39.2987 -44.2279 39.5845 
-39.5817 -44.2447 39.578 -40.001 -43.8428 39.4086 -39.9367 -44.0576 39.4953 
-39.8667 -44.2694 39.5733 -41.8316 -43.1924 38.908 -42.0965 -43.2266 38.8832 
-42.2794 -43.2092 38.8376 -42.5045 -43.2547 38.8258 -42.7957 -43.287 38.807 
-43.0932 -43.3082 38.7976 -48.1216 -31.9719 34.2402 -48.1809 -32.1497 34.2779 
-48.2697 -32.3706 34.286 -48.3031 -32.6017 34.3519 -48.3338 -32.8167 34.4025 
-48.3906 -32.9987 34.4185 -48.3906 -33.1852 34.4604 -48.4451 -33.4904 34.496 
-47.8072 -31.1066 33.4297 -47.926 -31.2772 33.4534 -48.2116 -31.8176 33.7401 
-48.2926 -32.0146 33.8475 -48.2443 -32.0632 34.1019 -47.94 -31.3173 33.409 
-48.0145 -31.4574 33.4287 -48.0654 -31.5512 33.4329 -48.1184 -31.6586 33.4406 
-48.2011 -31.7859 33.4857 -37.145 -44.6343 39.2572 -37.1989 -44.6734 39.3366 
-37.4613 -45.4295 38.9132 -37.5537 -45.4701 38.5817 -37.579 -45.4831 38.7319 
-37.6028 -45.4925 38.8743 -37.1347 -44.7529 39.273 -37.448 -45.4089 39.194 
-37.2522 -44.8285 39.405 -37.3604 -45.2757 39.4762 -37.4401 -45.3815 39.419 
-37.4168 -44.9765 39.5738 -37.3822 -45.1741 39.5567 -47.8201 -39.564 36.4867 
-47.8303 -39.7321 36.52 -47.8445 -39.9622 36.5532 -47.5359 -40.1374 36.776 
-47.6664 -40.2263 36.7298 -47.8504 -40.2503 36.5836 -47.5382 -40.3053 36.8207 
-47.3686 -40.5566 36.9891 -47.5516 -40.5628 36.8619 -47.2901 -40.6547 37.0621 
-47.288 -40.8417 37.0989 -47.0951 -41.1058 37.2861 -47.2762 -41.1107 37.1496 
-47.013 -41.2096 37.3605 -47.0061 -41.4017 37.3836 -46.6386 -41.597 37.6186 
-46.7987 -41.692 37.5407 -46.9816 -41.6805 37.3975 -46.4571 -41.9445 37.7034 
-46.6618 -41.8226 37.6118 -48.1337 -38.8074 36.2452 -48.1342 -39.0775 36.2715 
-48.1361 -39.3653 36.2988 -47.9539 -39.6535 36.4497 -48.1391 -39.6774 36.3293 
-46.0632 -42.1617 37.9214 -46.2105 -42.2816 37.84 -46.4093 -42.2692 37.6978 
-46.0626 -42.3928 37.9229 -43.3812 -43.3204 38.792 -43.6415 -43.3558 38.7938 
-43.8275 -43.419 38.7946 -44.004 -43.4411 38.7348 -44.218 -43.3811 38.6323 
-44.421 -43.5477 38.5573 -44.5899 -43.6814 38.4474 -44.8093 -43.6405 38.3287 
-45.0591 -43.5029 38.2304 -45.4622 -43.119 38.144 -45.2801 -43.3629 38.1605 
-46.0419 -42.6048 37.9112 -45.9177 -42.75 37.9543 -45.8851 -42.9997 37.8654 
-45.6698 -43.1657 37.9779 -48.6555 -33.7532 34.4461 -48.5115 -34.1146 34.6726 
-48.7253 -34.0961 34.5293 -48.6228 -34.2948 34.6952 -48.6939 -34.4702 34.7261 
-48.6823 -34.6379 34.7704 -48.726 -35.5561 35.0109 -48.8471 -34.7707 34.6903 
-48.879 -35.0083 34.7178 -48.9134 -35.174 34.7309 -48.8355 -35.4443 34.895 
-48.976 -35.3648 34.7083 -48.644 -36.1955 35.302 -48.6586 -36.3611 35.3341 
-48.6805 -36.5828 35.3514 -48.9094 -35.665 34.9329 -48.9824 -35.8552 34.9554 
-48.9651 -36.0399 35.0471 -48.7773 -36.2748 35.2671 -48.9613 -36.3032 35.145 
-48.6922 -36.8378 35.3609 -48.6928 -37.1143 35.3695 -48.6916 -37.4121 35.3902 
-48.4984 -37.6964 35.6215 -48.6896 -37.7399 35.4594 -48.5751 -37.9332 35.6695 
-48.4279 -37.9528 35.8179 -48.3589 -38.0619 35.9159 -48.1968 -38.2833 36.1045 
-48.3802 -38.2854 35.982 -48.1223 -38.3881 36.1795 -48.1299 -38.5661 36.2152 
-41.0957 -43.3324 39.0948 -41.2987 -43.3571 39.0961 -41.4777 -43.3311 39.0554 
-41.7449 -43.3599 39.0301 -40.4507 -43.468 39.2023 -40.7434 -43.4903 39.2049 
-41.0265 -43.5069 39.1997 -40.3609 -43.6558 39.3097 -40.2876 -43.8577 39.4047 
-37.411 -44.7553 39.528 -37.5503 -44.7969 39.6324 -37.7578 -44.7365 39.7134 
-37.9731 -44.6883 39.7724 -38.2081 -44.7372 39.8296 -38.5123 -44.6907 39.8052 
-38.7816 -44.6554 39.7675 -39.2443 -44.4356 39.6602 -38.9678 -44.6032 39.7347 
-39.1805 -44.6267 39.721 -39.5109 -44.4465 39.6486 -39.7864 -44.4698 39.641 
-40.2252 -44.0746 39.489 -40.1585 -44.2987 39.5649 -40.0678 -44.5025 39.6317 
-42.0637 -43.4336 39.015 -42.3727 -43.4222 38.9449 -42.7102 -43.4857 38.9172 
-43.0108 -43.5067 38.8901 -43.2927 -43.5122 38.8715 -48.3006 -32.23 34.1598 
-48.3783 -32.3559 34.1209 -48.4302 -32.5484 34.1638 -48.4293 -32.7335 34.2808 
-48.4844 -32.9166 34.2996 -48.5055 -33.0929 34.3488 -48.5724 -33.2845 34.3474 
-48.6697 -33.5152 34.3468 -47.8875 -31.228 33.4102 -47.9195 -31.2827 33.4069 
-48.2194 -31.8249 33.4916 -48.3146 -32.0066 33.5406 -48.4112 -32.2043 33.6464 
-48.3805 -32.2342 33.9543 -37.6625 -45.5145 38.9831 -37.6462 -45.5015 39.1448 
-37.6078 -45.4576 39.3912 -37.4276 -45.2796 39.5963 -37.4426 -45.3522 39.5535 
-37.5617 -45.3957 39.5622 -37.5372 -45.1805 39.6754 -37.6554 -44.9622 39.7276 
-48.0144 -39.859 36.4408 -48.0423 -40.1258 36.4232 -47.7246 -40.4355 36.7139 
-48.0575 -40.4194 36.3478 -47.8976 -40.5481 36.5315 -47.445 -40.741 36.9835 
-47.765 -40.7236 36.6558 -47.6146 -40.8425 36.8311 -47.4814 -41.0108 36.9548 
-47.1633 -41.2909 37.2716 -47.4375 -41.2714 36.971 -47.3152 -41.3751 37.1216 
-47.183 -41.5572 37.2169 -46.8606 -41.9149 37.4681 -47.1189 -41.826 37.1981 
-47.0089 -41.9075 37.3308 -46.6628 -42.12 37.5416 -48.3155 -38.7178 36.1384 
-48.3266 -38.9942 36.1546 -48.3284 -39.2794 36.1677 -48.3296 -39.5665 36.173 
-48.3386 -39.8468 36.1499 -48.1958 -39.9864 36.2888 -46.2422 -42.5711 37.7595 
-46.563 -42.4164 37.4946 -46.4214 -42.5229 37.6115 -43.5447 -43.5125 38.859 
-43.7524 -43.5284 38.8436 -43.9024 -43.5403 38.8129 -44.01 -43.6299 38.7784 
-44.1932 -43.6913 38.6663 -44.4285 -43.8057 38.5172 -44.6135 -43.9448 38.3049 
-44.9859 -43.7213 38.1808 -44.8422 -43.8467 38.2187 -45.2126 -43.6737 37.9923 
-45.4886 -43.3983 37.9943 -46.0699 -42.7937 37.825 -46.056 -42.9748 37.7113 
-45.9378 -43.1817 37.6137 -45.7786 -43.2594 37.8074 -45.656 -43.3484 37.8989 
-48.7758 -33.6782 34.2898 -48.8362 -33.8944 34.3071 -48.9349 -34.1399 34.3189 
-48.8009 -34.3984 34.616 -48.9319 -34.3482 34.4358 -48.8071 -34.5779 34.682 
-48.9489 -34.6244 34.5237 -48.9953 -34.9166 34.549 -49.0126 -35.1613 34.5931 
-49.0002 -35.5795 34.7943 -49.1193 -35.3959 34.4177 -49.1257 -35.6435 34.5924 
-48.8409 -36.4711 35.2689 -48.8761 -36.7284 35.2692 -49.0944 -35.7981 34.7832 
-49.1266 -36.0153 34.8728 -49.1558 -36.2454 34.9484 -49.14 -36.4616 35.0288 
-49.0274 -36.5906 35.1506 -48.8896 -37.008 35.2592 -48.8912 -37.3039 35.2412 
-48.8996 -37.6366 35.2027 -48.8676 -37.9591 35.2416 -48.758 -38.0647 35.4814 
-48.6815 -38.2058 35.6631 -48.5198 -38.1387 35.8218 -48.279 -38.4672 36.1202 
-48.6126 -38.4259 35.7984 -48.4667 -38.5916 35.9871 -41.2771 -43.508 39.1796 
-41.4514 -43.4777 39.145 -41.6685 -43.5286 39.1352 -41.9339 -43.5804 39.1157 
-40.651 -43.6777 39.3115 -40.9674 -43.7265 39.3177 -41.2584 -43.7185 39.2785 
-40.5689 -43.87 39.4023 -40.509 -44.0817 39.4801 -37.9546 -44.9134 39.8498 
-38.1983 -44.9246 39.9184 -38.4309 -44.9165 39.8962 -38.733 -44.8781 39.8252 
-39.0482 -44.8177 39.7671 -39.4374 -44.6353 39.705 -39.367 -44.8245 39.7378 
-39.6976 -44.6572 39.6922 -39.9651 -44.684 39.6797 -40.4528 -44.3136 39.5469 
-40.3762 -44.5674 39.6096 -40.2155 -44.709 39.6645 -42.1485 -43.6415 39.1072 
-42.3337 -43.6391 39.0645 -42.6363 -43.7158 39.0218 -42.944 -43.717 38.9628 
-43.2234 -43.715 38.9234 -43.4866 -43.7003 38.8939 -48.4597 -32.4211 33.9913 
-48.5524 -32.5972 33.9213 -48.5462 -32.7798 34.1225 -48.641 -33.066 34.1433 
-48.7225 -33.3489 34.1952 -48.7841 -33.5375 34.2062 -48.2543 -31.8906 33.4792 
-48.3057 -32.0073 33.4491 -48.3442 -32.0841 33.4564 -48.405 -32.2156 33.4741 
-48.4804 -32.3367 33.5234 -48.5029 -32.4058 33.7631 -37.7665 -45.5277 39.1297 
-37.8663 -45.5288 39.2488 -37.8412 -45.5038 39.3774 -37.7708 -45.4215 39.5841 
-37.5127 -45.323 39.6346 -37.6774 -45.3115 39.6946 -37.8093 -45.1432 39.8142 
-48.2024 -40.2429 36.2363 -48.12 -40.4208 36.2563 -48.1991 -40.3171 36.1995 
-48.0722 -40.4708 36.2758 -48.0213 -40.5735 36.334 -47.9762 -40.6444 36.3704 
-47.9022 -40.7493 36.4659 -47.8757 -40.8194 36.4493 -47.8202 -40.8803 36.4754 
-47.7254 -40.968 36.6475 -47.6304 -41.0389 36.7816 -47.5726 -41.2235 36.7497 
-47.4762 -41.4329 36.7824 -47.4044 -41.4529 36.9703 -47.3247 -41.554 37.0439 
-47.2514 -41.754 36.9759 -46.951 -42.0444 37.3329 -46.8422 -42.127 37.3907 
-47.0412 -42.0458 37.1663 -47.1402 -41.9719 36.9985 -46.7395 -42.3339 37.3047 
-48.4889 -38.8926 35.9954 -48.4845 -39.1849 36.0064 -48.4753 -39.4639 36.0109 
-48.4666 -39.7238 36 -48.4303 -39.9277 36.0021 -48.4594 -39.8787 35.9731 
-48.3416 -40.0698 36.0835 -48.3223 -40.0982 36.0997 -46.3575 -42.6753 37.5949 
-46.1945 -42.8332 37.666 -46.2878 -42.74 37.6345 -46.4646 -42.656 37.4356 
-46.5929 -42.5613 37.2861 -43.6815 -43.6591 38.8734 -43.8683 -43.6956 38.8338 
-44.0236 -43.7802 38.7617 -44.0628 -43.9926 38.6502 -44.2804 -43.9235 38.5754 
-44.4014 -43.9929 38.46 -44.7961 -43.978 38.142 -44.3729 -44.1413 38.3209 
-44.5213 -44.153 38.1255 -44.6624 -44.106 38.0911 -44.6893 -44.0899 38.0927 
-44.9598 -43.8817 38.0633 -45.3676 -43.623 37.896 -45.2562 -43.6988 37.907 
-45.4716 -43.5499 37.868 -45.1563 -43.7589 37.9317 -45.2116 -43.7279 37.92 
-45.5947 -43.4648 37.8581 -45.5179 -43.5403 37.8438 -46.1143 -43.013 37.5605 
-46.1398 -42.9899 37.5483 -46.0111 -43.1204 37.5792 -45.9495 -43.1814 37.5826 
-45.9301 -43.1965 37.5897 -45.8954 -43.2331 37.616 -45.6921 -43.4094 37.7912 
-45.7683 -43.3375 37.7027 -48.8777 -33.7016 34.0621 -48.9754 -34.0208 34.1017 
-49.0313 -34.1998 34.177 -49.0263 -34.3131 34.2702 -49.0665 -34.5427 34.2631 
-49.0851 -34.8298 34.3285 -49.1037 -35.1024 34.3668 -49.1558 -35.2779 34.1406 
-49.1694 -35.551 34.1317 -49.1822 -35.6605 34.3454 -49.2223 -35.8875 34.4239 
-49.1847 -35.8353 34.618 -49.057 -36.872 35.1312 -49.2371 -36.0318 34.6462 
-49.238 -36.1636 34.7981 -49.2782 -36.3025 34.8107 -49.2703 -36.4729 34.8684 
-49.2045 -36.7067 34.9756 -49.0588 -37.1635 35.0968 -49.0463 -37.4478 35.0519 
-49.04 -37.6647 34.9925 -49.0113 -37.7877 34.9775 -48.9737 -37.8288 35.0118 
-48.9589 -37.8962 35.0387 -48.9082 -38.0749 35.0922 -48.8627 -38.2626 35.2814 
-48.7893 -38.2852 35.5075 -48.7463 -38.401 35.6192 -48.7475 -38.6011 35.625 
-48.644 -38.7721 35.78 -41.5493 -43.7022 39.2251 -41.8643 -43.7559 39.1925 
-42.1175 -43.7834 39.1608 -40.8367 -43.8889 39.4017 -41.0445 -43.9289 39.406 
-41.2219 -43.9185 39.3728 -41.5103 -43.9851 39.3262 -40.7767 -44.081 39.4695 
-40.7335 -44.303 39.5227 -37.9843 -45.0867 39.9192 -38.1185 -45.0382 39.9538 
-38.2921 -45.0337 39.9654 -38.4336 -45.069 39.9449 -38.6227 -45.1007 39.8594 
-38.9726 -45.0933 39.7699 -39.2947 -45.0332 39.7328 -39.5984 -44.8051 39.7207 
-39.6045 -45.0031 39.7067 -39.8514 -44.8795 39.6978 -40.125 -44.8606 39.6777 
-40.6835 -44.5502 39.5576 -40.3968 -44.7691 39.6418 -40.5999 -44.805 39.5739 
-40.3039 -44.8471 39.6626 -42.2914 -43.7762 39.1297 -42.4842 -43.8411 39.1058 
-42.6784 -43.9245 39.0745 -42.9088 -43.9526 38.9995 -43.1492 -43.8915 38.9467 
-43.4219 -43.928 38.8877 -43.7082 -43.8495 38.8514 -48.6325 -32.6391 33.5888 
-48.6732 -32.8343 33.8682 -48.7493 -33.0417 33.8947 -48.7809 -33.246 33.9813 
-48.8175 -33.4527 34.0644 -48.511 -32.4014 33.5358 -38.0007 -45.5163 39.37 
-38.0891 -45.4988 39.4353 -38.0345 -45.4378 39.5985 -37.941 -45.3065 39.7785 
-37.9844 -45.1866 39.9014 -48.2926 -40.1609 36.1289 -48.2313 -40.2692 36.1727 
-47.945 -40.7146 36.4032 -47.9121 -40.77 36.4276 -47.7954 -40.9405 36.506 
-47.6786 -41.1237 36.6472 -47.7305 -41.0405 36.5505 -47.6146 -41.2293 36.6346 
-47.6688 -41.1634 36.6065 -47.5624 -41.2841 36.6591 -47.489 -41.427 36.7247 
-47.4649 -41.4666 36.7428 -47.3811 -41.6015 36.8533 -47.2695 -41.7576 36.8795 
-47.3674 -41.6318 36.8207 -47.2309 -41.8111 36.9051 -46.9107 -42.1941 37.2213 
-46.9992 -42.1353 37.0637 -47.0643 -42.0853 37.0373 -47.1199 -42.0081 36.9997 
-47.1431 -41.9698 36.9813 -47.1355 -41.9808 36.9866 -46.7927 -42.3397 37.1637 
-46.8637 -42.2777 37.1385 -46.7119 -42.4089 37.1933 -48.6127 -39.0848 35.8029 
-48.5845 -39.364 35.8158 -48.56 -39.6156 35.8235 -48.5573 -39.6387 35.8221 
-48.5024 -39.7814 35.9004 -46.3032 -42.8495 37.4624 -46.2001 -42.9515 37.4987 
-46.4413 -42.7227 37.3477 -46.4936 -42.6778 37.3365 -46.5551 -42.6213 37.2816 
-46.6108 -42.5517 37.227 -46.5783 -42.5908 37.2455 -43.9158 -43.8692 38.7909 
-43.8452 -43.9925 38.7633 -43.8159 -44.1442 38.6418 -43.9836 -44.2102 38.4764 
-44.1294 -44.1419 38.5154 -44.2492 -44.0832 38.4987 -44.907 -43.9508 38.0201 
-44.8127 -44.0142 38.0511 -44.1663 -44.2221 38.3674 -44.4633 -44.1868 38.1482 
-44.2903 -44.2415 38.1968 -44.6879 -44.0949 38.0836 -44.7027 -44.0862 38.0798 
-44.9813 -43.8962 37.9939 -45.664 -43.4531 37.7604 -45.6044 -43.4932 37.7901 
-45.7186 -43.4044 37.7261 -48.8606 -33.4465 33.8214 -48.9126 -33.6962 33.7782 
-48.9633 -33.9181 33.8416 -49.0577 -34.1952 34.0444 -49.0356 -34.1373 33.8841 
-49.0885 -34.3634 34.0894 -49.1266 -34.5703 34.0352 -49.1385 -34.7716 34.0883 
-49.1505 -35.0195 34.1283 -49.1565 -35.1448 33.9658 -49.1571 -35.1882 33.9794 
-49.146 -35.331 34.0248 -49.163 -35.5271 34.0846 -49.1651 -35.5739 34.0988 
-49.1868 -35.7143 34.1397 -49.1968 -35.8074 34.1671 -49.2011 -35.8319 34.1741 
-49.2371 -36.0651 34.2413 -49.2812 -36.1145 34.425 -49.1998 -37.0056 34.9533 
-49.3146 -36.2335 34.5306 -49.3087 -36.2606 34.6809 -49.3286 -36.405 34.7306 
-49.343 -36.5475 34.7257 -49.3145 -36.6658 34.8121 -49.3034 -36.8648 34.8132 
-49.1881 -37.2905 34.865 -49.1274 -37.5593 34.8429 -49.0633 -37.7107 34.9068 
-49.1152 -37.6058 34.8443 -48.8941 -38.2086 35.1557 -48.8754 -38.3059 35.1923 
-48.8703 -38.3884 35.2442 -48.8262 -38.4873 35.4328 -48.8123 -38.7105 35.4501 
-48.757 -38.7949 35.5863 -48.7216 -38.995 35.5581 -41.8129 -43.9747 39.2531 
-42.0928 -43.9783 39.1986 -42.3588 -43.9651 39.1492 -41.0114 -44.0785 39.4562 
-41.1768 -44.0571 39.4337 -41.359 -44.1213 39.4121 -41.5481 -44.218 39.3741 
-41.791 -44.2559 39.2793 -40.9847 -44.2787 39.4982 -40.9594 -44.5086 39.516 
-38.0832 -45.1376 39.9573 -38.2142 -45.1324 39.9715 -38.3451 -45.1255 39.9689 
-38.4483 -45.1642 39.9197 -38.4889 -45.2878 39.7868 -38.7902 -45.2715 39.7277 
-39.0193 -45.2805 39.6816 -39.2273 -45.2297 39.6685 -39.4926 -45.19 39.6479 
-39.8466 -45.0706 39.661 -39.72 -45.1681 39.6328 -40.0614 -45.035 39.6392 
-40.2917 -44.9781 39.6252 -40.9257 -44.7785 39.4952 -40.433 -44.8944 39.6211 
-40.514 -45.043 39.5162 -40.791 -44.987 39.464 -42.5771 -43.997 39.1127 
-42.7491 -44.0781 39.0571 -42.939 -44.1776 38.9434 -43.2031 -44.0997 38.881 
-43.4537 -44.1197 38.8078 -43.65 -44.0539 38.7874 -48.5628 -32.499 33.516 
-48.6138 -32.615 33.4852 -48.6464 -32.683 33.4931 -48.6781 -32.7146 33.5409 
-48.7328 -32.8239 33.6426 -48.7666 -32.9502 33.7344 -48.8169 -33.1487 33.7179 
-38.2075 -45.4858 39.4664 -38.3231 -45.438 39.5902 -38.2088 -45.3302 39.7869 
-38.1247 -45.2256 39.9113 -47.6966 -41.1194 36.5869 -47.3883 -41.6006 36.806 
-46.9365 -42.2046 37.0961 -48.6978 -39.1042 35.5669 -48.6518 -39.2224 35.6305 
-48.6352 -39.2991 35.6639 -48.5994 -39.4355 35.7161 -48.5646 -39.6074 35.8051 
-48.5612 -39.6221 35.8122 -46.336 -42.8374 37.3923 -46.2759 -42.8926 37.4166 
-46.3038 -42.8709 37.4072 -43.5694 -44.2176 38.6623 -43.6973 -44.3166 38.407 
-44.0528 -44.2907 38.2692 -43.9627 -44.2986 38.2931 -44.208 -44.2688 38.2254 
-48.8388 -33.2732 33.5994 -48.8521 -33.3619 33.6189 -48.8765 -33.5559 33.6239 
-48.8907 -33.6207 33.6321 -48.9184 -33.7858 33.6631 -48.9371 -33.8738 33.6747 
-48.9767 -34.0444 33.7082 -49.0869 -34.2887 33.9279 -49.0059 -34.1337 33.7237 
-49.0615 -34.2695 33.7766 -49.1135 -34.4738 33.854 -49.14 -34.7147 33.8639 
-49.148 -34.8714 33.8836 -49.1511 -34.9392 33.9081 -49.152 -34.9582 33.9138 
-49.2545 -36.1222 34.257 -49.3121 -36.3237 34.3487 -49.2914 -37.089 34.7731 
-49.3496 -36.4716 34.5536 -49.3575 -36.7381 34.6504 -49.3458 -36.9552 34.6733 
-49.28 -37.2475 34.6811 -49.2659 -37.2879 34.6613 -49.2007 -37.3579 34.7359 
-49.1398 -37.5417 34.8072 -49.1271 -37.5738 34.8225 -48.8567 -38.4811 35.3004 
-48.8404 -38.5709 35.3378 -48.8237 -38.6921 35.3949 -48.7977 -38.8158 35.4536 
-48.8141 -38.7359 35.414 -48.7858 -38.8579 35.4735 -48.7688 -38.9079 35.4876 
-48.7346 -38.9893 35.5092 -48.7202 -39.0174 35.5192 -42.0397 -44.1689 39.2159 
-42.3285 -44.2053 39.1342 -42.5733 -44.1378 39.0972 -41.2245 -44.2538 39.4619 
-41.4343 -44.3025 39.4214 -41.6051 -44.4173 39.3523 -41.8294 -44.5937 39.1849 
-42.1298 -44.4076 39.1332 -41.1629 -44.4443 39.4855 -41.2088 -44.6701 39.4474 
-38.3111 -45.2169 39.9165 -38.6476 -45.4302 39.5491 -38.9116 -45.3802 39.5951 
-39.1029 -45.3567 39.5735 -39.1426 -45.3493 39.5686 -39.3567 -45.3245 39.5454 
-39.4035 -45.3193 39.54 -39.5237 -45.324 39.5176 -39.6599 -45.3028 39.5172 
-39.9481 -45.2284 39.5376 -40.2448 -45.1507 39.5271 -40.9928 -44.9755 39.4099 
-41.1624 -44.8935 39.383 -40.4362 -45.262 39.3379 -40.7202 -45.164 39.342 
-40.9201 -45.0937 39.3451 -42.7538 -44.2185 39.0146 -42.833 -44.3347 38.876 
-43.106 -44.3104 38.7324 -43.3531 -44.2339 38.7326 -48.732 -32.8126 33.5587 
-48.7637 -32.8965 33.5868 -48.7803 -32.9536 33.6156 -48.8013 -33.0413 33.6196 
-48.8212 -33.1385 33.5933 -38.3495 -45.4713 39.4998 -38.5899 -45.4528 39.5018 
-43.36 -44.3529 38.4998 -43.6947 -44.3287 38.3708 -43.6653 -44.3299 38.3788 
-43.7557 -44.325 38.3545 -49.0717 -34.3003 33.7837 -49.0842 -34.3638 33.7866 
-49.1004 -34.4683 33.777 -49.1083 -34.5295 33.7896 -49.1327 -34.7018 33.8283 
-49.1358 -34.7378 33.8368 -49.2857 -36.2491 34.2848 -49.3036 -36.3436 34.3097 
-49.3177 -36.4089 34.3362 -49.3375 -37.0562 34.6321 -49.3196 -37.1046 34.6618 
-49.3362 -36.5467 34.3935 -49.3616 -36.7156 34.4616 -49.3593 -36.8133 34.4791 
-49.3567 -36.8792 34.5466 -49.3524 -36.9458 34.5668 -49.2844 -37.2479 34.6465 
-49.3005 -37.1949 34.6532 -42.4241 -44.4194 39.0142 -42.6061 -44.3073 39.0131 
-41.3884 -44.4905 39.4254 -41.5758 -44.6122 39.3233 -41.5646 -44.8237 39.1976 
-41.7994 -44.8155 39.0369 -41.9597 -44.7309 39.0111 -42.1129 -44.6203 39.0033 
-42.3005 -44.5359 38.9774 -41.4302 -44.6935 39.365 -41.3499 -44.8234 39.3411 
-38.6446 -45.4474 39.5062 -38.91 -45.3989 39.5542 -38.7009 -45.441 39.5123 
-39.0289 -45.3778 39.5682 -39.6419 -45.3217 39.4863 -39.8866 -45.3048 39.4511 
-39.7024 -45.3219 39.4795 -39.9831 -45.3124 39.4416 -40.1374 -45.3005 39.4091 
-40.1609 -45.2986 39.404 -40.3493 -45.2761 39.3561 -41.1004 -45.0632 39.2788 
-41.318 -44.9784 39.2243 -40.4364 -45.2647 39.3332 -40.4314 -45.2653 39.3344 
-40.4434 -45.2637 39.3315 -40.697 -45.22 39.2669 -40.9294 -45.1782 39.2081 
-40.8461 -45.1932 39.2291 -40.9874 -45.1648 39.1923 -42.6398 -44.4641 38.841 
-42.8612 -44.4586 38.6177 -43.0945 -44.3966 38.542 -43.2823 -44.374 38.4931 
-43.3684 -44.3596 38.4687 -43.3434 -44.3615 38.4754 -49.349 -36.665 34.4027 
-49.3538 -36.7475 34.4235 -42.4555 -44.538 38.884 -41.4798 -44.9932 39.0339 
-41.6515 -44.9303 38.9999 -41.6751 -44.9226 38.9924 -41.9225 -44.8256 38.9024 
-41.8967 -44.8434 38.8909 -41.7928 -44.8696 38.9353 -42.0711 -44.752 38.8446 
-42.3085 -44.6476 38.7694 -41.1646 -45.1144 39.1394 -41.2363 -45.0897 39.1162 
-41.4112 -45.0242 39.0592 -42.6568 -44.5288 38.676 -42.5274 -44.5724 38.7424 
-42.8152 -44.4781 38.6223 -42.8622 -44.4601 38.605 -42.8532 -44.4634 38.6077 
-42.8949 -44.4538 38.5969 -42.0603 -44.7607 38.8335 -41.9237 -44.8299 38.8792 
-42.0739 -44.7533 38.8283 -42.2982 -44.6541 38.7601 -42.3073 -44.6498 38.757 
-42.5211 -44.5812 38.7004 -42.32 -44.6458 38.7538 -42.5967 -44.5575 38.6881 

POLYGONS 11091 44364
3 0 1 2 
3 0 3 4 
3 1 0 4 
3 4 3 10 
3 5 0 2 
3 8 5 2 
3 11 12 3 
3 11 3 5 
3 5 3 0 
3 10 3 12 
3 5 8 14 
3 11 5 14 
3 203 243 202 
3 203 244 245 
3 243 203 245 
3 244 287 288 
3 245 244 288 
3 288 287 332 
3 158 166 126 
3 202 166 158 
3 202 158 203 
3 203 158 204 
3 244 203 246 
3 246 203 204 
3 287 244 248 
3 248 244 246 
3 290 332 287 
3 248 290 287 
3 119 158 126 
3 118 119 126 
3 204 158 159 
3 159 158 119 
3 246 204 205 
3 205 204 159 
3 247 289 248 
3 247 248 205 
3 205 248 246 
3 290 248 289 
3 84 119 118 
3 83 84 118 
3 159 119 120 
3 120 119 84 
3 205 159 160 
3 160 159 120 
3 206 247 205 
3 160 206 205 
3 20 33 19 
3 20 34 35 
3 33 20 35 
3 34 55 56 
3 35 34 56 
3 83 56 55 
3 83 55 84 
3 84 55 85 
3 120 84 121 
3 121 84 85 
3 161 207 160 
3 161 160 121 
3 121 160 120 
3 206 160 207 
3 15 27 16 
3 15 7 18 
3 27 15 18 
3 19 18 7 
3 19 7 20 
3 20 7 13 
3 34 20 26 
3 26 20 13 
3 55 34 46 
3 46 34 26 
3 85 55 72 
3 72 55 46 
3 121 85 99 
3 99 85 72 
3 139 161 121 
3 99 139 121 
3 6 15 16 
3 17 6 16 
3 1 6 2 
3 1 7 6 
3 7 15 6 
3 4 7 1 
3 13 7 4 
3 10 13 4 
3 10 24 13 
3 24 26 13 
3 46 26 42 
3 42 26 24 
3 72 46 67 
3 67 46 42 
3 98 137 99 
3 98 99 67 
3 67 99 72 
3 139 99 137 
3 9 6 17 
3 22 9 17 
3 2 9 8 
3 6 9 2 
3 12 11 25 
3 12 24 10 
3 12 25 24 
3 25 43 24 
3 42 24 44 
3 44 24 43 
3 69 100 67 
3 69 67 44 
3 44 67 42 
3 98 67 100 
3 23 9 22 
3 39 23 22 
3 8 21 14 
3 8 9 21 
3 9 23 21 
3 14 25 11 
3 14 21 25 
3 21 36 25 
3 43 25 45 
3 45 25 36 
3 44 43 68 
3 68 43 45 
3 70 69 44 
3 68 70 44 
3 41 23 39 
3 63 41 39 
3 21 23 37 
3 37 23 41 
3 36 21 38 
3 38 21 37 
3 60 71 45 
3 60 45 38 
3 38 45 36 
3 68 45 71 
3 101 68 71 
3 70 68 101 
3 41 63 66 
3 66 90 59 
3 66 59 41 
3 41 59 37 
3 61 62 38 
3 61 38 59 
3 59 38 37 
3 60 38 62 
3 59 90 91 
3 61 59 91 
3 558 617 557 
3 617 558 619 
3 498 555 497 
3 557 555 498 
3 557 498 558 
3 558 498 559 
3 620 619 558 
3 559 620 558 
3 346 395 345 
3 346 396 397 
3 395 346 397 
3 396 445 446 
3 397 396 446 
3 497 446 445 
3 497 445 498 
3 498 445 499 
3 559 498 545 
3 545 498 499 
3 607 620 559 
3 545 607 559 
3 300 343 298 
3 345 343 300 
3 345 300 346 
3 346 300 347 
3 396 346 398 
3 398 346 347 
3 445 396 447 
3 447 396 398 
3 499 445 488 
3 488 445 447 
3 544 604 545 
3 544 545 488 
3 488 545 499 
3 607 545 604 
3 257 300 298 
3 256 257 298 
3 347 300 301 
3 301 300 257 
3 398 347 348 
3 348 347 301 
3 447 398 399 
3 399 398 348 
3 488 447 434 
3 434 447 399 
3 489 544 488 
3 434 489 488 
3 214 255 213 
3 256 255 214 
3 256 214 257 
3 257 214 258 
3 301 257 302 
3 302 257 258 
3 348 301 349 
3 349 301 302 
3 399 348 384 
3 384 348 349 
3 433 484 434 
3 433 434 384 
3 384 434 399 
3 489 434 484 
3 165 210 163 
3 165 167 212 
3 210 165 212 
3 213 212 167 
3 214 213 167 
3 214 167 202 
3 214 202 243 
3 245 214 243 
3 258 214 245 
3 288 258 245 
3 302 258 288 
3 332 302 288 
3 332 333 302 
3 333 349 302 
3 383 430 384 
3 383 384 333 
3 333 384 349 
3 433 384 430 
3 125 165 163 
3 123 125 163 
3 166 125 126 
3 166 167 125 
3 167 165 125 
3 202 167 166 
3 333 290 334 
3 332 290 333 
3 385 383 333 
3 334 385 333 
3 89 125 123 
3 88 89 123 
3 126 89 118 
3 125 89 126 
3 289 247 249 
3 289 249 291 
3 290 289 291 
3 290 291 335 
3 290 335 334 
3 385 334 335 
3 58 87 57 
3 88 87 58 
3 88 58 89 
3 89 58 86 
3 118 86 83 
3 89 86 118 
3 249 206 226 
3 247 206 249 
3 336 291 292 
3 292 291 249 
3 268 292 249 
3 249 226 268 
3 28 47 48 
3 28 32 49 
3 47 28 49 
3 32 19 33 
3 32 33 49 
3 49 33 54 
3 57 35 58 
3 57 54 35 
3 54 33 35 
3 56 58 35 
3 86 58 56 
3 83 86 56 
3 207 161 187 
3 207 226 206 
3 207 187 226 
3 227 269 226 
3 226 187 227 
3 270 268 226 
3 269 270 226 
3 29 50 51 
3 48 50 29 
3 28 48 29 
3 28 29 16 
3 28 16 27 
3 18 28 27 
3 32 28 18 
3 19 32 18 
3 186 225 187 
3 186 187 139 
3 161 139 187 
3 225 227 187 
3 30 29 51 
3 52 30 51 
3 16 30 17 
3 29 30 16 
3 137 98 138 
3 182 186 139 
3 139 137 182 
3 183 182 137 
3 183 137 138 
3 184 183 138 
3 31 30 52 
3 53 31 52 
3 17 31 22 
3 30 31 17 
3 100 69 102 
3 100 138 98 
3 100 102 138 
3 141 185 138 
3 138 102 141 
3 185 184 138 
3 40 31 53 
3 65 40 53 
3 22 40 39 
3 31 40 22 
3 103 142 102 
3 103 102 70 
3 69 70 102 
3 142 141 102 
3 64 40 65 
3 94 64 65 
3 39 64 63 
3 40 64 39 
3 71 60 92 
3 71 107 101 
3 92 107 71 
3 140 104 101 
3 140 101 107 
3 104 105 70 
3 104 70 101 
3 105 106 70 
3 106 103 70 
3 64 94 95 
3 97 95 133 
3 66 95 97 
3 66 64 95 
3 66 63 64 
3 66 97 90 
3 62 61 93 
3 62 92 60 
3 62 93 92 
3 93 130 92 
3 143 144 107 
3 143 107 145 
3 145 107 130 
3 130 107 92 
3 144 140 107 
3 97 133 127 
3 90 97 127 
3 90 127 91 
3 91 127 128 
3 93 61 91 
3 93 91 129 
3 129 91 128 
3 130 93 129 
3 177 130 173 
3 173 130 129 
3 177 145 130 
3 1041 1117 1039 
3 1117 1041 1120 
3 967 1041 1039 
3 966 967 1039 
3 1042 1120 1041 
3 967 1042 1041 
3 890 963 889 
3 966 963 890 
3 966 890 967 
3 967 890 968 
3 1043 1042 967 
3 968 1043 967 
3 819 890 889 
3 818 819 889 
3 968 890 891 
3 891 890 819 
3 969 1043 968 
3 891 969 968 
3 749 816 748 
3 818 816 749 
3 818 749 819 
3 819 749 820 
3 891 819 892 
3 892 819 820 
3 970 969 891 
3 892 970 891 
3 684 749 748 
3 683 684 748 
3 820 749 750 
3 750 749 684 
3 892 820 821 
3 821 820 750 
3 893 970 892 
3 821 893 892 
3 615 682 616 
3 683 682 615 
3 683 615 684 
3 684 615 618 
3 750 684 686 
3 686 684 618 
3 821 750 753 
3 753 750 686 
3 824 893 821 
3 753 824 821 
3 556 615 616 
3 560 556 616 
3 617 556 557 
3 617 618 556 
3 618 615 556 
3 619 618 617 
3 619 687 618 
3 687 686 618 
3 753 686 734 
3 734 686 687 
3 896 824 825 
3 825 824 753 
3 805 825 753 
3 753 734 805 
3 449 501 448 
3 449 500 502 
3 501 449 502 
3 560 502 500 
3 556 560 500 
3 556 500 497 
3 556 497 555 
3 557 556 555 
3 687 620 670 
3 619 620 687 
3 804 806 734 
3 804 734 733 
3 733 734 670 
3 670 734 687 
3 806 805 734 
3 395 442 393 
3 345 395 393 
3 448 397 449 
3 448 442 397 
3 442 395 397 
3 446 449 397 
3 500 449 446 
3 497 500 446 
3 670 607 671 
3 620 607 670 
3 735 733 670 
3 736 735 670 
3 670 671 736 
3 343 344 299 
3 298 343 299 
3 393 343 345 
3 344 343 393 
3 604 544 605 
3 666 667 604 
3 666 604 605 
3 667 672 607 
3 667 607 604 
3 672 673 607 
3 673 737 671 
3 671 607 673 
3 737 736 671 
3 298 299 256 
3 299 297 256 
3 668 669 605 
3 606 668 605 
3 606 605 544 
3 546 606 544 
3 546 544 489 
3 669 666 605 
3 255 296 254 
3 213 255 254 
3 297 255 256 
3 296 255 297 
3 484 433 485 
3 541 542 484 
3 541 484 485 
3 542 547 489 
3 489 484 542 
3 547 546 489 
3 210 211 164 
3 163 210 164 
3 212 252 210 
3 210 252 211 
3 254 212 213 
3 252 212 254 
3 431 482 430 
3 431 430 383 
3 482 483 430 
3 483 486 433 
3 483 433 430 
3 486 487 433 
3 487 543 485 
3 485 433 487 
3 543 541 485 
3 163 164 123 
3 164 124 123 
3 435 432 385 
3 432 431 383 
3 432 383 385 
3 123 124 88 
3 124 122 88 
3 337 386 335 
3 337 335 291 
3 386 387 335 
3 387 436 385 
3 387 385 335 
3 436 437 385 
3 437 435 385 
3 87 117 82 
3 57 87 82 
3 122 87 88 
3 117 87 122 
3 336 337 291 
3 47 73 48 
3 74 73 47 
3 74 47 75 
3 75 47 49 
3 54 78 49 
3 49 78 75 
3 82 54 57 
3 78 54 82 
3 50 79 51 
3 50 76 79 
3 48 76 50 
3 48 77 76 
3 48 73 77 
3 74 77 73 
3 79 111 80 
3 79 80 51 
3 51 80 52 
3 76 111 79 
3 52 80 53 
3 80 81 53 
3 53 81 65 
3 81 96 65 
3 131 132 94 
3 131 94 96 
3 96 94 65 
3 131 134 132 
3 132 95 94 
3 178 215 170 
3 170 134 178 
3 170 133 134 
3 132 134 95 
3 95 134 133 
3 170 215 168 
3 169 168 216 
3 127 168 169 
3 127 170 168 
3 127 133 170 
3 127 171 128 
3 169 171 127 
3 128 172 129 
3 171 172 128 
3 174 129 175 
3 175 129 172 
3 174 176 129 
3 176 173 129 
3 169 216 218 
3 171 169 218 
3 219 171 218 
3 172 171 219 
3 220 172 221 
3 221 172 219 
3 220 175 172 
3 1200 1282 1198 
3 1200 1203 1286 
3 1282 1200 1286 
3 1203 1288 1289 
3 1286 1203 1289 
3 1288 1375 1376 
3 1289 1288 1376 
3 1376 1375 1468 
3 1114 1200 1198 
3 1113 1114 1198 
3 1203 1200 1118 
3 1118 1200 1114 
3 1288 1203 1204 
3 1204 1203 1118 
3 1375 1288 1290 
3 1290 1288 1204 
3 1378 1468 1375 
3 1290 1378 1375 
3 1035 1112 1036 
3 1113 1112 1035 
3 1113 1035 1114 
3 1114 1035 1038 
3 1117 1038 1039 
3 1117 1118 1038 
3 1118 1114 1038 
3 1120 1118 1117 
3 1120 1121 1118 
3 1121 1204 1118 
3 1290 1204 1207 
3 1207 1204 1121 
3 1294 1378 1290 
3 1207 1294 1290 
3 961 1035 1036 
3 962 961 1036 
3 1038 1035 964 
3 964 1035 961 
3 1039 964 966 
3 1038 964 1039 
3 1121 1042 1122 
3 1120 1042 1121 
3 1207 1121 1124 
3 1124 1121 1122 
3 1211 1294 1207 
3 1124 1211 1207 
3 887 961 962 
3 888 887 962 
3 963 887 889 
3 963 964 887 
3 964 961 887 
3 966 964 963 
3 1122 1043 1044 
3 1042 1043 1122 
3 1123 1208 1124 
3 1123 1124 1044 
3 1044 1124 1122 
3 1211 1124 1208 
3 817 887 888 
3 886 817 888 
3 889 817 818 
3 887 817 889 
3 1044 969 1045 
3 1043 969 1044 
3 1209 1123 1125 
3 1125 1123 1044 
3 1126 1125 1044 
3 1044 1045 1126 
3 815 822 751 
3 886 822 815 
3 817 886 815 
3 817 815 748 
3 817 748 816 
3 818 817 816 
3 1045 970 972 
3 969 970 1045 
3 1127 1126 1045 
3 1047 1127 1045 
3 1045 972 1047 
3 747 815 751 
3 685 747 751 
3 748 747 683 
3 815 747 748 
3 971 1046 972 
3 971 972 893 
3 970 893 972 
3 1048 1047 972 
3 1046 1048 972 
3 682 747 685 
3 682 685 616 
3 616 685 621 
3 683 747 682 
3 897 898 824 
3 898 971 893 
3 898 893 824 
3 562 622 561 
3 562 621 622 
3 562 560 621 
3 560 616 621 
3 899 897 824 
3 896 899 824 
3 501 552 494 
3 448 501 494 
3 561 502 562 
3 561 552 502 
3 552 501 502 
3 560 562 502 
3 442 443 394 
3 393 442 394 
3 494 442 448 
3 443 442 494 
3 344 391 342 
3 299 344 342 
3 394 344 393 
3 391 344 394 
3 299 342 297 
3 342 341 297 
3 296 339 294 
3 254 296 294 
3 341 296 297 
3 339 296 341 
3 211 208 164 
3 250 208 211 
3 250 211 253 
3 253 211 252 
3 294 252 254 
3 253 252 294 
3 208 209 162 
3 208 162 164 
3 164 162 124 
3 250 209 208 
3 124 162 122 
3 162 157 122 
3 117 153 114 
3 82 117 114 
3 157 117 122 
3 153 117 157 
3 75 109 108 
3 74 75 108 
3 78 110 75 
3 75 110 109 
3 114 78 82 
3 110 78 114 
3 77 113 112 
3 76 77 112 
3 108 77 74 
3 113 77 108 
3 111 150 115 
3 80 111 115 
3 112 111 76 
3 150 111 112 
3 80 115 81 
3 115 116 81 
3 135 136 96 
3 135 96 116 
3 116 96 81 
3 135 179 136 
3 96 136 131 
3 136 134 131 
3 136 179 134 
3 179 180 134 
3 178 217 215 
3 178 181 217 
3 178 134 181 
3 134 180 181 
3 215 217 168 
3 217 216 168 
3 217 181 216 
3 181 223 216 
3 259 218 216 
3 259 216 260 
3 260 216 223 
3 218 261 219 
3 259 261 218 
3 262 219 261 
3 263 264 219 
3 219 262 263 
3 264 221 219 
3 259 260 303 
3 261 259 303 
3 305 261 303 
3 262 261 305 
3 1465 1557 1464 
3 1465 1558 1559 
3 1557 1465 1559 
3 1559 1558 1651 
3 1368 1369 1283 
3 1368 1373 1459 
3 1369 1368 1459 
3 1464 1459 1373 
3 1464 1373 1465 
3 1465 1373 1377 
3 1558 1465 1469 
3 1469 1465 1377 
3 1652 1651 1558 
3 1652 1558 1562 
3 1562 1558 1469 
3 1652 1562 1656 
3 1282 1368 1283 
3 1282 1283 1198 
3 1198 1283 1199 
3 1286 1368 1282 
3 1373 1368 1286 
3 1289 1373 1286 
3 1377 1373 1289 
3 1376 1377 1289 
3 1469 1377 1376 
3 1468 1469 1376 
3 1468 1470 1469 
3 1470 1562 1469 
3 1564 1656 1562 
3 1564 1562 1473 
3 1473 1562 1470 
3 1564 1473 1565 
3 1197 1201 1115 
3 1197 1199 1201 
3 1197 1113 1199 
3 1113 1198 1199 
3 1470 1378 1380 
3 1468 1378 1470 
3 1473 1470 1383 
3 1383 1470 1380 
3 1658 1565 1566 
3 1566 1565 1473 
3 1474 1566 1473 
3 1473 1383 1474 
3 1112 1197 1115 
3 1112 1115 1036 
3 1036 1115 1037 
3 1113 1197 1112 
3 1380 1294 1298 
3 1378 1294 1380 
3 1472 1475 1383 
3 1472 1383 1382 
3 1382 1383 1298 
3 1298 1383 1380 
3 1475 1474 1383 
3 1036 1037 962 
3 1037 965 962 
3 1297 1381 1298 
3 1297 1298 1211 
3 1294 1211 1298 
3 1384 1382 1298 
3 1381 1384 1298 
3 962 965 888 
3 965 960 888 
3 1210 1295 1208 
3 1210 1208 1123 
3 1295 1296 1208 
3 1296 1299 1211 
3 1296 1211 1208 
3 1299 1300 1211 
3 1300 1297 1211 
3 888 960 886 
3 960 894 886 
3 1209 1210 1123 
3 822 823 752 
3 751 822 752 
3 894 822 886 
3 823 822 894 
3 751 752 685 
3 752 688 685 
3 685 688 621 
3 688 689 621 
3 622 678 612 
3 561 622 612 
3 689 622 621 
3 678 622 689 
3 552 554 496 
3 494 552 496 
3 612 552 561 
3 554 552 612 
3 443 495 444 
3 394 443 444 
3 496 443 494 
3 495 443 496 
3 391 392 342 
3 391 441 392 
3 391 394 441 
3 394 444 441 
3 392 439 389 
3 392 389 342 
3 342 389 341 
3 441 439 392 
3 339 340 295 
3 294 339 295 
3 389 339 341 
3 340 339 389 
3 253 293 251 
3 250 253 251 
3 295 253 294 
3 293 253 295 
3 209 242 201 
3 162 209 201 
3 251 209 250 
3 242 209 251 
3 162 201 157 
3 201 196 157 
3 153 192 149 
3 114 153 149 
3 196 153 157 
3 192 153 196 
3 109 147 146 
3 108 109 146 
3 110 148 109 
3 109 148 147 
3 149 110 114 
3 148 110 149 
3 113 152 151 
3 112 113 151 
3 146 113 108 
3 152 113 146 
3 150 193 154 
3 115 150 154 
3 151 150 112 
3 193 150 151 
3 115 154 116 
3 154 155 116 
3 116 155 156 
3 135 116 156 
3 156 179 135 
3 200 179 156 
3 179 200 180 
3 200 222 180 
3 180 222 181 
3 222 224 181 
3 181 224 223 
3 224 266 223 
3 304 311 353 
3 304 266 311 
3 304 260 266 
3 260 223 266 
3 306 263 262 
3 304 353 350 
3 351 350 400 
3 303 350 351 
3 303 304 350 
3 303 260 304 
3 303 352 305 
3 351 352 303 
3 305 352 307 
3 262 305 307 
3 308 309 262 
3 308 262 307 
3 309 306 262 
3 351 400 402 
3 352 351 402 
3 354 352 402 
3 307 352 354 
3 1552 1644 1551 
3 1552 1643 1646 
3 1644 1552 1646 
3 1643 1653 1743 
3 1646 1643 1743 
3 1653 1752 1753 
3 1743 1653 1753 
3 1752 1856 1857 
3 1753 1752 1857 
3 1857 1856 1861 
3 1460 1461 1370 
3 1551 1461 1460 
3 1551 1460 1552 
3 1552 1460 1550 
3 1557 1550 1464 
3 1557 1643 1550 
3 1643 1552 1550 
3 1559 1643 1557 
3 1653 1643 1559 
3 1651 1653 1559 
3 1651 1751 1653 
3 1751 1752 1653 
3 1856 1752 1756 
3 1756 1752 1751 
3 1757 1861 1856 
3 1756 1757 1856 
3 1369 1460 1370 
3 1369 1370 1283 
3 1283 1370 1284 
3 1459 1460 1369 
3 1550 1460 1459 
3 1464 1550 1459 
3 1651 1652 1751 
3 1656 1751 1652 
3 1656 1657 1751 
3 1657 1756 1751 
3 1659 1757 1756 
3 1657 1659 1756 
3 1283 1284 1199 
3 1284 1285 1199 
3 1656 1564 1657 
3 1657 1564 1565 
3 1657 1565 1659 
3 1660 1758 1659 
3 1660 1659 1565 
3 1201 1202 1116 
3 1115 1201 1116 
3 1285 1201 1199 
3 1202 1201 1285 
3 1658 1660 1565 
3 1115 1116 1037 
3 1116 1040 1037 
3 1037 1040 965 
3 1040 1034 965 
3 965 1034 960 
3 1034 973 960 
3 960 973 894 
3 973 895 894 
3 823 826 754 
3 752 823 754 
3 895 823 894 
3 826 823 895 
3 752 754 688 
3 754 755 688 
3 688 755 689 
3 755 743 689 
3 678 680 614 
3 612 678 614 
3 743 678 689 
3 680 678 743 
3 554 613 553 
3 496 554 553 
3 614 554 612 
3 613 554 614 
3 495 551 493 
3 444 495 493 
3 553 495 496 
3 551 495 553 
3 444 493 441 
3 493 491 441 
3 439 440 390 
3 389 439 390 
3 491 439 441 
3 440 439 491 
3 340 388 338 
3 295 340 338 
3 390 340 389 
3 388 340 390 
3 293 331 286 
3 251 293 286 
3 338 293 295 
3 331 293 338 
3 242 281 237 
3 201 242 237 
3 286 242 251 
3 281 242 286 
3 201 237 196 
3 237 233 196 
3 192 232 191 
3 149 192 191 
3 233 192 196 
3 232 192 233 
3 147 189 188 
3 146 147 188 
3 148 190 147 
3 147 190 189 
3 191 148 149 
3 190 148 191 
3 152 195 194 
3 151 152 194 
3 188 152 146 
3 195 152 188 
3 193 234 197 
3 154 193 197 
3 194 193 151 
3 234 193 194 
3 154 197 155 
3 197 198 155 
3 155 198 199 
3 156 155 199 
3 199 200 156 
3 241 200 199 
3 200 241 222 
3 241 265 222 
3 222 265 224 
3 265 267 224 
3 224 267 266 
3 267 312 266 
3 311 360 361 
3 353 311 361 
3 312 311 266 
3 360 311 312 
3 401 350 353 
3 401 353 403 
3 403 353 361 
3 350 401 400 
3 355 308 307 
3 451 401 403 
3 452 451 403 
3 400 450 402 
3 400 401 450 
3 401 451 450 
3 402 404 354 
3 450 404 402 
3 405 356 354 
3 405 354 404 
3 356 357 307 
3 356 307 354 
3 357 358 307 
3 358 355 307 
3 451 452 503 
3 450 451 503 
3 454 450 503 
3 404 450 454 
3 455 404 454 
3 405 404 456 
3 456 404 455 
3 1744 1745 1645 
3 1744 1746 1849 
3 1745 1744 1849 
3 1746 1848 1850 
3 1849 1746 1850 
3 1848 1858 1960 
3 1850 1848 1960 
3 1858 1968 1969 
3 1960 1858 1969 
3 1969 1968 1972 
3 1644 1744 1645 
3 1644 1645 1551 
3 1551 1645 1553 
3 1646 1744 1644 
3 1746 1744 1646 
3 1743 1746 1646 
3 1848 1746 1743 
3 1753 1848 1743 
3 1858 1848 1753 
3 1857 1858 1753 
3 1968 1858 1857 
3 1968 1857 1861 
3 1968 1861 1972 
3 1972 1861 1864 
3 1461 1462 1371 
3 1370 1461 1371 
3 1553 1461 1551 
3 1462 1461 1553 
3 1862 1973 1863 
3 1862 1863 1757 
3 1863 1864 1757 
3 1864 1861 1757 
3 1973 1974 1863 
3 1370 1371 1284 
3 1371 1372 1284 
3 1759 1760 1659 
3 1760 1862 1757 
3 1760 1757 1659 
3 1284 1372 1285 
3 1372 1287 1285 
3 1761 1759 1659 
3 1758 1761 1659 
3 1202 1205 1119 
3 1116 1202 1119 
3 1287 1202 1285 
3 1205 1202 1287 
3 1116 1119 1040 
3 1119 1111 1040 
3 1040 1111 1034 
3 1111 1049 1034 
3 1034 1049 973 
3 1049 974 973 
3 973 974 895 
3 974 901 895 
3 826 900 827 
3 754 826 827 
3 901 826 895 
3 900 826 901 
3 754 827 755 
3 827 812 755 
3 745 746 681 
3 745 812 746 
3 745 743 812 
3 743 755 812 
3 680 745 681 
3 680 681 614 
3 614 681 679 
3 743 745 680 
3 613 677 611 
3 553 613 611 
3 679 613 614 
3 677 613 679 
3 551 609 549 
3 493 551 549 
3 611 551 553 
3 609 551 611 
3 493 549 491 
3 549 492 491 
3 440 490 438 
3 390 440 438 
3 492 440 491 
3 490 440 492 
3 388 429 382 
3 338 388 382 
3 438 388 390 
3 429 388 438 
3 331 376 325 
3 286 331 325 
3 382 331 338 
3 376 331 382 
3 281 322 277 
3 237 281 277 
3 325 281 286 
3 322 281 325 
3 237 277 233 
3 277 276 233 
3 231 274 230 
3 231 191 232 
3 231 232 274 
3 274 232 275 
3 276 232 233 
3 275 232 276 
3 189 229 228 
3 188 189 228 
3 230 190 231 
3 230 229 190 
3 229 189 190 
3 191 231 190 
3 195 236 235 
3 194 195 235 
3 228 195 188 
3 236 195 228 
3 234 278 238 
3 197 234 238 
3 235 234 194 
3 278 234 235 
3 197 238 198 
3 238 239 198 
3 198 239 240 
3 199 198 240 
3 240 241 199 
3 285 241 240 
3 241 285 265 
3 285 310 265 
3 265 310 267 
3 310 313 267 
3 267 313 312 
3 313 362 312 
3 360 407 408 
3 361 360 408 
3 362 360 312 
3 407 360 362 
3 361 408 403 
3 408 453 403 
3 403 453 452 
3 453 504 452 
3 505 503 452 
3 505 452 506 
3 506 452 504 
3 503 508 454 
3 505 508 503 
3 454 509 455 
3 508 509 454 
3 510 511 455 
3 510 455 509 
3 511 456 455 
3 505 506 565 
3 508 505 565 
3 569 508 565 
3 509 508 569 
3 570 509 569 
3 510 509 571 
3 571 509 570 
3 2073 2184 2072 
3 2073 2185 2186 
3 2184 2073 2186 
3 2186 2185 2297 
3 1961 1963 1851 
3 1961 1962 2071 
3 1963 1961 2071 
3 2072 2071 1962 
3 2072 1962 2073 
3 2073 1962 2070 
3 2185 2073 2080 
3 2080 2073 2070 
3 2196 2297 2185 
3 2196 2185 2085 
3 2085 2185 2080 
3 2196 2085 2197 
3 1745 1747 1647 
3 1645 1745 1647 
3 1851 1849 1961 
3 1851 1747 1849 
3 1747 1745 1849 
3 1850 1961 1849 
3 1962 1961 1850 
3 1960 1962 1850 
3 2070 1962 1960 
3 1969 2070 1960 
3 2080 2070 1969 
3 1972 2080 1969 
3 1972 1976 2080 
3 1976 2085 2080 
3 2086 2197 2085 
3 1976 2086 2085 
3 1645 1647 1553 
3 1647 1555 1553 
3 1976 1864 1975 
3 1972 1864 1976 
3 2198 2086 2087 
3 2087 2086 1976 
3 2084 2087 1976 
3 1976 1975 2084 
3 1462 1554 1463 
3 1371 1462 1463 
3 1555 1462 1553 
3 1554 1462 1555 
3 1864 1863 1975 
3 1974 2083 1975 
3 1974 1975 1863 
3 2083 2084 1975 
3 1371 1463 1372 
3 1463 1374 1372 
3 1291 1292 1206 
3 1291 1374 1292 
3 1291 1287 1374 
3 1287 1372 1374 
3 1205 1291 1206 
3 1205 1206 1119 
3 1119 1206 1196 
3 1287 1291 1205 
3 1119 1196 1111 
3 1196 1128 1111 
3 1111 1128 1049 
3 1128 1050 1049 
3 1049 1050 974 
3 1050 976 974 
3 974 976 901 
3 976 975 901 
3 900 957 883 
3 827 900 883 
3 975 900 901 
3 957 900 975 
3 827 883 812 
3 883 814 812 
3 746 813 744 
3 681 746 744 
3 814 746 812 
3 813 746 814 
3 681 744 679 
3 744 742 679 
3 677 739 675 
3 611 677 675 
3 742 677 679 
3 739 677 742 
3 609 610 550 
3 549 609 550 
3 675 609 611 
3 610 609 675 
3 549 550 492 
3 550 548 492 
3 490 540 481 
3 438 490 481 
3 548 490 492 
3 540 490 548 
3 429 475 423 
3 382 429 423 
3 481 429 438 
3 475 429 481 
3 376 422 374 
3 325 376 374 
3 423 376 382 
3 422 376 423 
3 322 372 321 
3 277 322 321 
3 374 322 325 
3 372 322 374 
3 320 371 319 
3 320 321 371 
3 320 276 321 
3 276 277 321 
3 274 318 273 
3 230 274 273 
3 319 275 320 
3 319 318 275 
3 318 274 275 
3 276 320 275 
3 229 272 271 
3 228 229 271 
3 273 229 230 
3 272 229 273 
3 236 280 279 
3 235 236 279 
3 271 236 228 
3 280 236 271 
3 278 323 282 
3 238 278 282 
3 279 278 235 
3 323 278 279 
3 238 282 239 
3 282 283 239 
3 239 283 284 
3 240 239 284 
3 284 285 240 
3 330 285 284 
3 285 330 310 
3 330 359 310 
3 310 359 313 
3 359 363 313 
3 313 363 362 
3 363 409 362 
3 407 458 459 
3 408 407 459 
3 409 407 362 
3 458 407 409 
3 408 459 453 
3 459 507 453 
3 563 567 623 
3 563 507 567 
3 563 504 507 
3 504 453 507 
3 564 563 623 
3 624 564 623 
3 504 564 506 
3 563 564 504 
3 625 564 624 
3 690 625 624 
3 506 566 565 
3 506 564 566 
3 564 625 566 
3 565 626 569 
3 566 626 565 
3 569 632 570 
3 626 632 569 
3 633 634 570 
3 633 570 632 
3 634 571 570 
3 625 690 627 
3 566 625 627 
3 628 566 627 
3 626 566 628 
3 692 626 628 
3 632 626 692 
3 700 632 701 
3 701 632 692 
3 700 633 632 
3 2188 2299 2187 
3 2188 2296 2300 
3 2299 2188 2300 
3 2296 2298 2414 
3 2300 2296 2414 
3 2298 2415 2416 
3 2414 2298 2416 
3 2416 2415 2426 
3 2074 2075 1964 
3 2187 2075 2074 
3 2187 2074 2188 
3 2188 2074 2183 
3 2184 2183 2072 
3 2184 2296 2183 
3 2296 2188 2183 
3 2186 2296 2184 
3 2298 2296 2186 
3 2297 2298 2186 
3 2297 2309 2298 
3 2309 2415 2298 
3 2310 2426 2415 
3 2309 2310 2415 
3 1963 2074 1964 
3 1963 1964 1851 
3 1851 1964 1852 
3 2071 2074 1963 
3 2183 2074 2071 
3 2072 2183 2071 
3 2297 2196 2309 
3 2309 2196 2197 
3 2309 2197 2310 
3 2310 2197 2199 
3 1747 1748 1649 
3 1647 1747 1649 
3 1852 1747 1851 
3 1748 1747 1852 
3 2197 2086 2199 
3 2200 2311 2199 
3 2200 2199 2086 
3 1648 1650 1556 
3 1648 1649 1650 
3 1648 1555 1649 
3 1555 1647 1649 
3 2198 2200 2086 
3 1554 1648 1556 
3 1554 1556 1463 
3 1463 1556 1466 
3 1555 1648 1554 
3 1463 1466 1374 
3 1466 1467 1374 
3 1292 1293 1206 
3 1292 1379 1293 
3 1292 1374 1379 
3 1374 1467 1379 
3 1293 1301 1212 
3 1293 1212 1206 
3 1206 1212 1196 
3 1379 1301 1293 
3 1196 1212 1128 
3 1212 1129 1128 
3 1128 1129 1050 
3 1129 1052 1050 
3 1050 1052 976 
3 1052 1051 976 
3 976 1051 975 
3 1051 1031 975 
3 957 959 885 
3 883 957 885 
3 1031 957 975 
3 959 957 1031 
3 883 885 814 
3 885 884 814 
3 813 882 811 
3 744 813 811 
3 884 813 814 
3 882 813 884 
3 744 811 742 
3 811 808 742 
3 739 740 676 
3 675 739 676 
3 808 739 742 
3 740 739 808 
3 610 674 608 
3 550 610 608 
3 676 610 675 
3 674 610 676 
3 550 608 548 
3 608 603 548 
3 540 595 533 
3 481 540 533 
3 603 540 548 
3 595 540 603 
3 475 532 474 
3 423 475 474 
3 533 475 481 
3 532 475 533 
3 422 472 420 
3 374 422 420 
3 474 422 423 
3 472 422 474 
3 372 419 373 
3 321 372 373 
3 420 372 374 
3 419 372 420 
3 371 418 370 
3 319 371 370 
3 373 371 321 
3 418 371 373 
3 318 369 317 
3 273 318 317 
3 370 318 319 
3 369 318 370 
3 314 315 364 
3 314 271 272 
3 314 272 315 
3 315 272 316 
3 317 272 273 
3 316 272 317 
3 324 375 326 
3 364 375 324 
3 314 364 324 
3 314 324 279 
3 314 279 280 
3 271 314 280 
3 323 324 326 
3 323 326 282 
3 282 326 327 
3 279 324 323 
3 282 327 283 
3 327 328 283 
3 283 328 329 
3 284 283 329 
3 329 330 284 
3 381 330 329 
3 330 381 359 
3 381 406 359 
3 359 406 363 
3 406 410 363 
3 363 410 409 
3 410 460 409 
3 458 513 514 
3 459 458 514 
3 460 458 409 
3 513 458 460 
3 459 514 507 
3 514 568 507 
3 567 629 630 
3 623 567 630 
3 568 567 507 
3 629 567 568 
3 623 630 624 
3 630 691 624 
3 756 757 762 
3 756 691 757 
3 756 690 691 
3 690 624 691 
3 756 762 693 
3 690 756 693 
3 690 693 627 
3 627 693 694 
3 695 694 764 
3 695 628 694 
3 628 627 694 
3 628 696 692 
3 695 696 628 
3 759 692 696 
3 760 761 692 
3 692 759 760 
3 761 701 692 
3 695 764 766 
3 696 695 766 
3 767 696 766 
3 759 696 767 
3 2418 2539 2417 
3 2418 2537 2541 
3 2539 2418 2541 
3 2537 2538 2657 
3 2541 2537 2657 
3 2657 2538 2550 
3 2189 2190 2076 
3 2189 2187 2299 
3 2189 2299 2190 
3 2190 2299 2301 
3 2417 2300 2418 
3 2417 2301 2300 
3 2301 2299 2300 
3 2414 2418 2300 
3 2537 2418 2414 
3 2416 2537 2414 
3 2538 2537 2416 
3 2538 2416 2426 
3 2538 2426 2550 
3 2550 2426 2429 
3 2075 2189 2076 
3 2075 2076 1964 
3 1964 2076 1965 
3 2187 2189 2075 
3 2427 2551 2428 
3 2427 2428 2310 
3 2428 2429 2310 
3 2429 2426 2310 
3 2551 2552 2428 
3 1853 1854 1749 
3 1853 1965 1854 
3 1853 1852 1965 
3 1852 1964 1965 
3 2312 2313 2199 
3 2313 2427 2310 
3 2313 2310 2199 
3 1748 1853 1749 
3 1748 1749 1649 
3 1649 1749 1750 
3 1852 1853 1748 
3 2311 2312 2199 
3 1650 1654 1560 
3 1556 1650 1560 
3 1750 1650 1649 
3 1654 1650 1750 
3 1556 1560 1466 
3 1560 1561 1466 
3 1466 1561 1467 
3 1561 1471 1467 
3 1467 1471 1379 
3 1471 1386 1379 
3 1301 1214 1212 
3 1301 1303 1214 
3 1301 1379 1303 
3 1379 1386 1303 
3 1214 1215 1131 
3 1214 1131 1212 
3 1212 1131 1129 
3 1303 1215 1214 
3 1129 1131 1052 
3 1131 1130 1052 
3 1052 1130 1051 
3 1130 1108 1051 
3 1051 1108 1031 
3 1108 1033 1031 
3 959 1032 958 
3 885 959 958 
3 1033 959 1031 
3 1032 959 1033 
3 885 958 884 
3 958 956 884 
3 882 953 880 
3 811 882 880 
3 956 882 884 
3 953 882 956 
3 809 810 741 
3 809 880 810 
3 809 808 880 
3 808 811 880 
3 740 809 741 
3 740 741 676 
3 676 741 738 
3 808 809 740 
3 674 732 665 
3 608 674 665 
3 738 674 676 
3 732 674 738 
3 608 665 603 
3 665 659 603 
3 595 657 594 
3 533 595 594 
3 659 595 603 
3 657 595 659 
3 532 592 529 
3 474 532 529 
3 594 532 533 
3 592 532 594 
3 472 528 471 
3 420 472 471 
3 529 472 474 
3 528 472 529 
3 419 470 421 
3 373 419 421 
3 471 419 420 
3 470 419 471 
3 418 469 417 
3 370 418 417 
3 421 418 373 
3 469 418 421 
3 369 416 368 
3 317 369 368 
3 417 369 370 
3 416 369 417 
3 315 365 366 
3 364 315 366 
3 316 367 315 
3 315 367 365 
3 368 316 317 
3 367 316 368 
3 375 414 377 
3 326 375 377 
3 366 375 364 
3 414 375 366 
3 326 377 327 
3 377 378 327 
3 327 378 328 
3 378 379 328 
3 328 379 380 
3 329 328 380 
3 380 381 329 
3 428 381 380 
3 381 428 406 
3 428 457 406 
3 406 457 410 
3 457 461 410 
3 410 461 460 
3 461 515 460 
3 513 573 574 
3 514 513 574 
3 515 513 460 
3 573 513 515 
3 514 574 568 
3 574 631 568 
3 629 697 698 
3 630 629 698 
3 631 629 568 
3 697 629 631 
3 758 770 828 
3 758 698 770 
3 758 691 698 
3 691 630 698 
3 757 758 828 
3 757 828 762 
3 762 828 831 
3 691 758 757 
3 762 831 763 
3 693 762 763 
3 765 763 832 
3 765 694 763 
3 694 693 763 
3 694 765 764 
3 829 760 759 
3 765 832 834 
3 764 765 834 
3 764 834 766 
3 766 834 835 
3 767 766 836 
3 766 835 836 
3 829 759 830 
3 830 759 767 
3 837 830 767 
3 837 767 838 
3 838 767 836 
3 2540 2658 2542 
3 2540 2659 2660 
3 2658 2540 2660 
3 2659 2789 2791 
3 2660 2659 2791 
3 2791 2789 2790 
3 2302 2303 2191 
3 2302 2419 2420 
3 2303 2302 2420 
3 2542 2420 2419 
3 2540 2542 2419 
3 2540 2419 2417 
3 2540 2417 2539 
3 2541 2540 2539 
3 2659 2540 2541 
3 2657 2659 2541 
3 2789 2659 2657 
3 2550 2554 2670 
3 2657 2550 2670 
3 2657 2670 2790 
3 2657 2790 2789 
3 2670 2554 2673 
3 2190 2302 2191 
3 2190 2191 2076 
3 2076 2191 2077 
3 2301 2302 2190 
3 2419 2302 2301 
3 2417 2419 2301 
3 2554 2429 2553 
3 2550 2429 2554 
3 2805 2673 2674 
3 2674 2673 2554 
3 2672 2674 2554 
3 2554 2553 2672 
3 2076 2077 1965 
3 2077 1967 1965 
3 2429 2428 2553 
3 2552 2671 2553 
3 2552 2553 2428 
3 2671 2672 2553 
3 1854 1966 1855 
3 1749 1854 1855 
3 1967 1854 1965 
3 1966 1854 1967 
3 1749 1855 1750 
3 1855 1755 1750 
3 1654 1754 1655 
3 1560 1654 1655 
3 1755 1654 1750 
3 1754 1654 1755 
3 1560 1655 1561 
3 1655 1563 1561 
3 1561 1563 1471 
3 1563 1477 1471 
3 1471 1477 1386 
3 1477 1387 1386 
3 1386 1387 1303 
3 1387 1304 1303 
3 1215 1302 1213 
3 1131 1215 1213 
3 1304 1215 1303 
3 1302 1215 1304 
3 1131 1213 1130 
3 1213 1193 1130 
3 1130 1193 1108 
3 1193 1110 1108 
3 1108 1110 1033 
3 1110 1109 1033 
3 1032 1106 1030 
3 958 1032 1030 
3 1109 1032 1033 
3 1106 1032 1109 
3 1027 1028 954 
3 1027 1030 1028 
3 1027 956 1030 
3 956 958 1030 
3 953 1027 954 
3 953 954 880 
3 880 954 881 
3 956 1027 953 
3 810 879 807 
3 741 810 807 
3 881 810 880 
3 879 810 881 
3 741 807 738 
3 807 803 738 
3 732 797 726 
3 665 732 726 
3 803 732 738 
3 797 732 803 
3 724 725 658 
3 724 726 725 
3 724 659 726 
3 659 665 726 
3 657 724 658 
3 657 658 594 
3 594 658 656 
3 659 724 657 
3 592 655 591 
3 529 592 591 
3 656 592 594 
3 655 592 656 
3 528 590 527 
3 471 528 527 
3 591 528 529 
3 590 528 591 
3 470 526 473 
3 421 470 473 
3 527 470 471 
3 526 470 527 
3 469 525 468 
3 417 469 468 
3 473 469 421 
3 525 469 473 
3 416 467 415 
3 368 416 415 
3 468 416 417 
3 467 416 468 
3 365 411 412 
3 366 365 412 
3 367 413 365 
3 365 413 411 
3 415 367 368 
3 413 367 415 
3 414 465 424 
3 377 414 424 
3 412 414 366 
3 465 414 412 
3 377 424 378 
3 424 425 378 
3 378 425 379 
3 425 426 379 
3 379 426 427 
3 380 379 427 
3 427 428 380 
3 480 428 427 
3 428 480 457 
3 480 512 457 
3 457 512 461 
3 512 516 461 
3 461 516 515 
3 516 575 515 
3 573 635 636 
3 574 573 636 
3 575 573 515 
3 635 573 575 
3 574 636 631 
3 636 699 631 
3 697 768 769 
3 698 697 769 
3 699 697 631 
3 768 697 699 
3 770 841 843 
3 828 770 843 
3 769 770 698 
3 841 770 769 
3 828 843 831 
3 843 902 831 
3 833 763 831 
3 833 831 903 
3 903 831 902 
3 763 833 832 
3 833 903 904 
3 832 833 904 
3 832 904 834 
3 834 904 905 
3 835 834 906 
3 834 905 906 
3 836 835 907 
3 835 906 907 
3 908 838 836 
3 909 908 836 
3 909 836 907 
3 2661 2793 2662 
3 2661 2792 2794 
3 2793 2661 2794 
3 2792 2917 2918 
3 2794 2792 2918 
3 2917 2931 3052 
3 2918 2917 3052 
3 3052 2931 3067 
3 2543 2544 2421 
3 2662 2544 2543 
3 2661 2662 2543 
3 2661 2543 2542 
3 2661 2542 2658 
3 2660 2661 2658 
3 2792 2661 2660 
3 2791 2792 2660 
3 2917 2792 2791 
3 2790 2917 2791 
3 2790 2804 2917 
3 2804 2931 2917 
3 3205 3067 3068 
3 3068 3067 2931 
3 2932 3068 2931 
3 2931 2804 2932 
3 2303 2304 2192 
3 2191 2303 2192 
3 2421 2420 2543 
3 2421 2304 2420 
3 2304 2303 2420 
3 2542 2543 2420 
3 2790 2670 2804 
3 2804 2670 2673 
3 2806 2932 2804 
3 2806 2804 2673 
3 2807 2806 2673 
3 2191 2192 2077 
3 2192 2079 2077 
3 2805 2807 2673 
3 2077 2079 1967 
3 2079 2078 1967 
3 1966 1970 1859 
3 1855 1966 1859 
3 2078 1966 1967 
3 1970 1966 2078 
3 1855 1859 1755 
3 1859 1860 1755 
3 1754 1661 1655 
3 1754 1762 1661 
3 1754 1755 1762 
3 1755 1860 1762 
3 1661 1662 1568 
3 1661 1568 1655 
3 1655 1568 1563 
3 1762 1662 1661 
3 1563 1568 1477 
3 1568 1478 1477 
3 1477 1478 1387 
3 1478 1388 1387 
3 1387 1388 1304 
3 1388 1385 1304 
3 1302 1365 1279 
3 1213 1302 1279 
3 1385 1302 1304 
3 1365 1302 1385 
3 1213 1279 1193 
3 1279 1195 1193 
3 1193 1195 1110 
3 1195 1194 1110 
3 1191 1192 1107 
3 1191 1194 1192 
3 1191 1109 1194 
3 1109 1110 1194 
3 1106 1191 1107 
3 1106 1107 1030 
3 1030 1107 1104 
3 1109 1191 1106 
3 1028 1029 955 
3 954 1028 955 
3 1104 1028 1030 
3 1029 1028 1104 
3 954 955 881 
3 955 952 881 
3 879 951 878 
3 807 879 878 
3 952 879 881 
3 951 879 952 
3 807 878 803 
3 878 873 803 
3 797 871 796 
3 726 797 796 
3 873 797 803 
3 871 797 873 
3 725 795 723 
3 658 725 723 
3 796 725 726 
3 795 725 796 
3 658 723 656 
3 723 722 656 
3 655 721 654 
3 591 655 654 
3 722 655 656 
3 721 655 722 
3 590 652 589 
3 527 590 589 
3 654 590 591 
3 652 590 654 
3 526 588 530 
3 473 526 530 
3 589 526 527 
3 588 526 589 
3 525 523 468 
3 525 531 523 
3 525 473 531 
3 473 530 531 
3 467 522 466 
3 415 467 466 
3 523 467 468 
3 523 524 467 
3 524 522 467 
3 531 524 523 
3 411 462 463 
3 412 411 463 
3 413 464 411 
3 411 464 462 
3 466 413 415 
3 464 413 466 
3 465 520 476 
3 424 465 476 
3 463 465 412 
3 520 465 463 
3 424 476 425 
3 476 477 425 
3 425 477 426 
3 477 478 426 
3 426 478 479 
3 427 426 479 
3 479 480 427 
3 539 480 479 
3 480 539 512 
3 539 572 512 
3 512 572 516 
3 572 576 516 
3 516 576 575 
3 576 637 575 
3 635 702 703 
3 636 635 703 
3 637 635 575 
3 702 635 637 
3 636 703 699 
3 703 771 699 
3 768 839 840 
3 769 768 840 
3 771 768 699 
3 839 768 771 
3 841 912 843 
3 841 842 912 
3 841 769 842 
3 769 840 842 
3 912 913 915 
3 912 915 843 
3 843 915 902 
3 842 913 912 
3 902 915 903 
3 915 977 903 
3 903 977 978 
3 904 903 978 
3 979 978 1056 
3 979 905 978 
3 905 904 978 
3 905 980 906 
3 979 980 905 
3 906 981 907 
3 980 981 906 
3 982 907 983 
3 983 907 981 
3 982 984 907 
3 984 909 907 
3 979 1056 1057 
3 980 979 1057 
3 1058 980 1057 
3 981 980 1058 
3 1059 981 1058 
3 983 981 1060 
3 1060 981 1059 
3 2920 3054 2919 
3 2920 3053 3055 
3 3054 2920 3055 
3 3053 3189 3190 
3 3055 3053 3190 
3 3190 3189 3206 
3 2793 2796 2664 
3 2662 2793 2664 
3 2919 2794 2920 
3 2919 2796 2794 
3 2796 2793 2794 
3 2918 2920 2794 
3 3053 2920 2918 
3 3052 3053 2918 
3 3189 3053 3052 
3 3189 3052 3067 
3 3189 3067 3206 
3 3207 3347 3206 
3 3207 3206 3067 
3 2544 2663 2545 
3 2421 2544 2545 
3 2664 2544 2662 
3 2663 2544 2664 
3 3205 3207 3067 
3 2304 2305 2192 
3 2304 2422 2305 
3 2304 2421 2422 
3 2421 2545 2422 
3 2305 2306 2193 
3 2305 2193 2192 
3 2192 2193 2079 
3 2422 2306 2305 
3 2079 2193 2078 
3 2193 2082 2078 
3 1970 2081 1971 
3 1859 1970 1971 
3 2082 1970 2078 
3 2081 1970 2082 
3 1859 1971 1860 
3 1971 1865 1860 
3 1860 1865 1762 
3 1865 1763 1762 
3 1662 1663 1569 
3 1568 1662 1569 
3 1763 1662 1762 
3 1663 1662 1763 
3 1568 1569 1478 
3 1569 1479 1478 
3 1478 1479 1388 
3 1479 1476 1388 
3 1388 1476 1385 
3 1476 1456 1385 
3 1365 1367 1281 
3 1279 1365 1281 
3 1456 1365 1385 
3 1367 1365 1456 
3 1279 1281 1195 
3 1281 1280 1195 
3 1195 1280 1194 
3 1280 1278 1194 
3 1192 1276 1189 
3 1107 1192 1189 
3 1278 1192 1194 
3 1276 1192 1278 
3 1107 1189 1104 
3 1189 1105 1104 
3 1029 1103 1026 
3 955 1029 1026 
3 1105 1029 1104 
3 1103 1029 1105 
3 955 1026 952 
3 1026 1025 952 
3 951 1021 948 
3 878 951 948 
3 1025 951 952 
3 1021 951 1025 
3 946 947 872 
3 946 948 947 
3 946 873 948 
3 873 878 948 
3 871 946 872 
3 871 872 796 
3 796 872 870 
3 873 946 871 
3 795 869 794 
3 723 795 794 
3 870 795 796 
3 869 795 870 
3 723 794 722 
3 794 793 722 
3 721 792 720 
3 654 721 720 
3 793 721 722 
3 792 721 793 
3 652 719 653 
3 589 652 653 
3 720 652 654 
3 719 652 720 
3 588 593 530 
3 588 651 593 
3 588 589 651 
3 589 653 651 
3 593 650 587 
3 593 587 530 
3 530 587 531 
3 651 650 593 
3 522 585 521 
3 466 522 521 
3 524 586 522 
3 522 586 585 
3 587 524 531 
3 586 524 587 
3 462 517 518 
3 463 462 518 
3 464 519 462 
3 462 519 517 
3 521 464 466 
3 519 464 521 
3 520 580 534 
3 476 520 534 
3 518 520 463 
3 580 520 518 
3 476 534 477 
3 534 535 477 
3 477 535 478 
3 535 536 478 
3 537 479 478 
3 537 478 538 
3 538 478 536 
3 479 537 539 
3 537 538 599 
3 599 539 537 
3 599 602 539 
3 602 572 539 
3 572 602 576 
3 602 638 576 
3 576 638 637 
3 638 704 637 
3 702 772 773 
3 703 702 773 
3 704 702 637 
3 772 702 704 
3 703 773 771 
3 773 844 771 
3 839 910 911 
3 840 839 911 
3 844 839 771 
3 910 839 844 
3 840 911 842 
3 911 914 842 
3 913 987 988 
3 915 913 988 
3 914 913 842 
3 987 913 914 
3 915 988 977 
3 988 1053 977 
3 1054 978 977 
3 1054 977 1055 
3 1055 977 1053 
3 978 1054 1056 
3 1054 1055 1133 
3 1056 1054 1133 
3 1056 1133 1057 
3 1057 1133 1136 
3 1058 1057 1137 
3 1057 1136 1137 
3 1138 1140 1059 
3 1138 1059 1058 
3 1139 1138 1058 
3 1139 1058 1137 
3 1141 1060 1059 
3 1142 1141 1059 
3 1140 1142 1059 
3 3192 3331 3191 
3 3192 3328 3332 
3 3331 3192 3332 
3 3332 3328 3330 
3 2922 2923 2797 
3 2922 2919 3054 
3 2922 3054 2923 
3 2923 3054 3057 
3 3191 3055 3192 
3 3191 3057 3055 
3 3057 3054 3055 
3 3190 3192 3055 
3 3328 3192 3190 
3 3348 3479 3329 
3 3329 3206 3348 
3 3190 3206 3329 
3 3190 3329 3330 
3 3190 3330 3328 
3 3479 3480 3329 
3 2796 2922 2797 
3 2796 2797 2664 
3 2664 2797 2795 
3 2919 2922 2796 
3 3347 3348 3206 
3 2663 2665 2546 
3 2545 2663 2546 
3 2795 2663 2664 
3 2665 2663 2795 
3 2545 2546 2422 
3 2546 2423 2422 
3 2306 2307 2194 
3 2193 2306 2194 
3 2423 2306 2422 
3 2307 2306 2423 
3 2193 2194 2082 
3 2194 2195 2082 
3 2081 1977 1971 
3 2081 2088 1977 
3 2081 2082 2088 
3 2082 2195 2088 
3 1977 1978 1866 
3 1977 1866 1971 
3 1971 1866 1865 
3 2088 1978 1977 
3 1865 1866 1763 
3 1866 1764 1763 
3 1663 1664 1570 
3 1569 1663 1570 
3 1764 1663 1763 
3 1664 1663 1764 
3 1569 1570 1479 
3 1570 1567 1479 
3 1479 1567 1476 
3 1567 1547 1476 
3 1476 1547 1456 
3 1547 1458 1456 
3 1367 1457 1366 
3 1281 1367 1366 
3 1458 1367 1456 
3 1457 1367 1458 
3 1281 1366 1280 
3 1366 1364 1280 
3 1280 1364 1278 
3 1364 1362 1278 
3 1276 1277 1190 
3 1189 1276 1190 
3 1362 1276 1278 
3 1277 1276 1362 
3 1189 1190 1105 
3 1190 1188 1105 
3 1103 1187 1102 
3 1026 1103 1102 
3 1188 1103 1105 
3 1187 1103 1188 
3 1097 1098 1022 
3 1097 1102 1098 
3 1097 1025 1102 
3 1025 1026 1102 
3 1021 1097 1022 
3 1021 1022 948 
3 948 1022 1020 
3 1025 1097 1021 
3 947 1019 945 
3 872 947 945 
3 1020 947 948 
3 1019 947 1020 
3 872 945 870 
3 945 944 870 
3 869 943 868 
3 794 869 868 
3 944 869 870 
3 943 869 944 
3 794 868 793 
3 868 867 793 
3 792 865 791 
3 720 792 791 
3 867 792 793 
3 865 792 867 
3 719 790 718 
3 653 719 718 
3 791 719 720 
3 790 719 791 
3 653 718 651 
3 718 717 651 
3 650 716 649 
3 587 650 649 
3 717 650 651 
3 716 650 717 
3 585 583 521 
3 645 583 585 
3 645 585 648 
3 648 585 586 
3 649 586 587 
3 648 586 649 
3 517 577 518 
3 578 577 517 
3 578 517 579 
3 579 517 519 
3 583 519 521 
3 583 584 519 
3 584 579 519 
3 645 584 583 
3 580 596 534 
3 580 581 596 
3 518 581 580 
3 518 582 581 
3 518 577 582 
3 578 582 577 
3 596 642 597 
3 596 597 534 
3 534 597 535 
3 581 642 596 
3 535 597 536 
3 597 598 536 
3 536 598 538 
3 598 600 538 
3 538 600 601 
3 599 538 601 
3 601 602 599 
3 664 602 601 
3 602 664 638 
3 664 705 638 
3 638 705 704 
3 705 774 704 
3 772 845 846 
3 773 772 846 
3 774 772 704 
3 845 772 774 
3 773 846 844 
3 846 916 844 
3 910 985 986 
3 911 910 986 
3 916 910 844 
3 985 910 916 
3 911 986 914 
3 986 989 914 
3 987 1063 1064 
3 988 987 1064 
3 989 987 914 
3 1063 987 989 
3 988 1064 1053 
3 1064 1132 1053 
3 1134 1216 1220 
3 1134 1132 1216 
3 1134 1055 1132 
3 1055 1053 1132 
3 1134 1220 1135 
3 1055 1134 1135 
3 1055 1135 1133 
3 1133 1135 1219 
3 1222 1219 1308 
3 1222 1136 1219 
3 1136 1133 1219 
3 1136 1223 1137 
3 1222 1223 1136 
3 1224 1137 1223 
3 1225 1226 1137 
3 1137 1224 1225 
3 1226 1139 1137 
3 1222 1308 1310 
3 1223 1222 1310 
3 1311 1223 1310 
3 1224 1223 1311 
3 3058 3059 2924 
3 3058 3195 3196 
3 3059 3058 3196 
3 3195 3191 3331 
3 3195 3331 3196 
3 3196 3331 3337 
3 3332 3484 3331 
3 3331 3484 3337 
3 3483 3626 3482 
3 3482 3330 3483 
3 3330 3482 3332 
3 3332 3482 3484 
3 3626 3627 3482 
3 2923 3058 2924 
3 2923 2924 2797 
3 2797 2924 2921 
3 3057 3058 2923 
3 3195 3058 3057 
3 3191 3195 3057 
3 3481 3483 3330 
3 3481 3330 3329 
3 3480 3481 3329 
3 2798 2799 2666 
3 2798 2921 2799 
3 2798 2795 2921 
3 2795 2797 2921 
3 2665 2798 2666 
3 2665 2666 2546 
3 2546 2666 2547 
3 2795 2798 2665 
3 2546 2547 2423 
3 2547 2425 2423 
3 2307 2424 2308 
3 2194 2307 2308 
3 2425 2307 2423 
3 2424 2307 2425 
3 2194 2308 2195 
3 2308 2201 2195 
3 2195 2201 2088 
3 2201 2089 2088 
3 1978 1979 1867 
3 1866 1978 1867 
3 2089 1978 2088 
3 1979 1978 2089 
3 1866 1867 1764 
3 1867 1868 1764 
3 1664 1665 1570 
3 1664 1765 1665 
3 1664 1764 1765 
3 1764 1868 1765 
3 1665 1740 1640 
3 1665 1640 1570 
3 1570 1640 1567 
3 1765 1740 1665 
3 1567 1640 1547 
3 1640 1549 1547 
3 1547 1549 1458 
3 1549 1548 1458 
3 1457 1545 1455 
3 1366 1457 1455 
3 1548 1457 1458 
3 1545 1457 1548 
3 1366 1455 1364 
3 1455 1453 1364 
3 1364 1453 1362 
3 1453 1363 1362 
3 1277 1361 1275 
3 1190 1277 1275 
3 1363 1277 1362 
3 1361 1277 1363 
3 1190 1275 1188 
3 1275 1274 1188 
3 1187 1266 1180 
3 1102 1187 1180 
3 1274 1187 1188 
3 1266 1187 1274 
3 1098 1179 1096 
3 1022 1098 1096 
3 1180 1098 1102 
3 1179 1098 1180 
3 1022 1096 1020 
3 1096 1095 1020 
3 1019 1094 1018 
3 945 1019 1018 
3 1095 1019 1020 
3 1094 1019 1095 
3 945 1018 944 
3 1018 1017 944 
3 943 1016 942 
3 868 943 942 
3 1017 943 944 
3 1016 943 1017 
3 868 942 867 
3 942 941 867 
3 865 940 866 
3 791 865 866 
3 941 865 867 
3 940 865 941 
3 790 789 718 
3 790 864 789 
3 790 791 864 
3 791 866 864 
3 789 785 717 
3 718 789 717 
3 858 789 864 
3 785 789 858 
3 716 713 649 
3 716 717 785 
3 716 785 713 
3 713 785 786 
3 859 785 858 
3 786 785 859 
3 648 646 645 
3 648 649 713 
3 648 713 646 
3 646 713 714 
3 787 786 860 
3 787 714 786 
3 714 713 786 
3 859 860 786 
3 579 640 639 
3 578 579 639 
3 584 641 579 
3 579 641 640 
3 646 584 645 
3 646 647 584 
3 647 641 584 
3 714 647 646 
3 715 647 714 
3 787 715 714 
3 582 644 643 
3 581 582 643 
3 639 582 578 
3 644 582 639 
3 642 710 660 
3 597 642 660 
3 643 642 581 
3 710 642 643 
3 597 660 598 
3 660 661 598 
3 598 661 600 
3 661 662 600 
3 600 662 663 
3 601 600 663 
3 663 664 601 
3 731 664 663 
3 664 731 705 
3 731 775 705 
3 705 775 774 
3 775 847 774 
3 845 917 918 
3 846 845 918 
3 847 845 774 
3 917 845 847 
3 846 918 916 
3 918 990 916 
3 985 1061 1062 
3 986 985 1062 
3 990 985 916 
3 1061 985 990 
3 986 1062 989 
3 1062 1065 989 
3 1063 1145 1146 
3 1064 1063 1146 
3 1065 1063 989 
3 1145 1063 1065 
3 1064 1146 1132 
3 1146 1217 1132 
3 1216 1221 1220 
3 1216 1218 1221 
3 1216 1132 1218 
3 1132 1217 1218 
3 1220 1221 1135 
3 1221 1219 1135 
3 1221 1306 1219 
3 1221 1218 1306 
3 1306 1309 1219 
3 1219 1309 1308 
3 1312 1225 1224 
3 1309 1306 1390 
3 1308 1309 1390 
3 1308 1390 1310 
3 1310 1390 1395 
3 1311 1310 1396 
3 1310 1395 1396 
3 1312 1224 1313 
3 1313 1224 1311 
3 1397 1313 1311 
3 1397 1311 1398 
3 1398 1311 1396 
3 3338 3485 3333 
3 3338 3490 3489 
3 3485 3338 3489 
3 3490 3629 3633 
3 3489 3490 3633 
3 3633 3629 3766 
3 3059 3193 3056 
3 2924 3059 3056 
3 3333 3196 3338 
3 3333 3193 3196 
3 3193 3059 3196 
3 3337 3338 3196 
3 3490 3338 3337 
3 3484 3490 3337 
3 3629 3490 3484 
3 3629 3628 3766 
3 3629 3484 3628 
3 3484 3482 3628 
3 3627 3765 3628 
3 3627 3628 3482 
3 3765 3767 3628 
3 2924 3056 2921 
3 3056 2925 2921 
3 2799 2800 2667 
3 2666 2799 2667 
3 2925 2799 2921 
3 2800 2799 2925 
3 2666 2667 2547 
3 2667 2549 2547 
3 2547 2549 2425 
3 2549 2548 2425 
3 2424 2430 2314 
3 2308 2424 2314 
3 2548 2424 2425 
3 2430 2424 2548 
3 2308 2314 2201 
3 2314 2202 2201 
3 2201 2202 2089 
3 2202 2091 2089 
3 1979 2090 1980 
3 1867 1979 1980 
3 2091 1979 2089 
3 2090 1979 2091 
3 1867 1980 1868 
3 1980 1869 1868 
3 1868 1869 1765 
3 1869 1845 1765 
3 1740 1742 1642 
3 1640 1740 1642 
3 1845 1740 1765 
3 1742 1740 1845 
3 1640 1642 1549 
3 1642 1641 1549 
3 1638 1639 1546 
3 1638 1641 1639 
3 1638 1548 1641 
3 1548 1549 1641 
3 1545 1638 1546 
3 1545 1546 1455 
3 1455 1546 1543 
3 1548 1638 1545 
3 1455 1543 1453 
3 1543 1454 1453 
3 1453 1454 1363 
3 1454 1452 1363 
3 1361 1451 1360 
3 1275 1361 1360 
3 1452 1361 1363 
3 1451 1361 1452 
3 1275 1360 1274 
3 1360 1352 1274 
3 1266 1349 1265 
3 1180 1266 1265 
3 1352 1266 1274 
3 1349 1266 1352 
3 1179 1264 1178 
3 1096 1179 1178 
3 1265 1179 1180 
3 1264 1179 1265 
3 1096 1178 1095 
3 1178 1177 1095 
3 1094 1176 1093 
3 1018 1094 1093 
3 1177 1094 1095 
3 1176 1094 1177 
3 1018 1093 1017 
3 1093 1092 1017 
3 1016 1090 1014 
3 942 1016 1014 
3 1092 1016 1017 
3 1090 1016 1092 
3 942 1014 941 
3 1014 1015 941 
3 940 939 866 
3 940 1012 939 
3 940 941 1012 
3 941 1015 1012 
3 939 930 864 
3 866 939 864 
3 1013 939 1012 
3 1013 1003 939 
3 1003 930 939 
3 1013 1079 1003 
3 930 931 858 
3 864 930 858 
3 1004 1003 1080 
3 1004 931 1003 
3 931 930 1003 
3 1079 1080 1003 
3 931 932 859 
3 858 931 859 
3 1005 931 1004 
3 932 931 1005 
3 860 861 787 
3 860 933 861 
3 859 933 860 
3 859 934 933 
3 859 932 934 
3 1005 934 932 
3 640 707 706 
3 639 640 706 
3 641 708 640 
3 640 708 707 
3 647 709 641 
3 641 709 708 
3 779 780 709 
3 779 709 715 
3 715 709 647 
3 715 788 779 
3 787 788 715 
3 787 862 788 
3 787 861 862 
3 933 862 861 
3 644 712 711 
3 643 644 711 
3 706 644 639 
3 712 644 706 
3 779 851 780 
3 788 851 779 
3 710 781 727 
3 660 710 727 
3 711 710 643 
3 781 710 711 
3 660 727 661 
3 727 728 661 
3 661 728 662 
3 728 729 662 
3 662 729 730 
3 663 662 730 
3 730 731 663 
3 802 731 730 
3 731 802 775 
3 802 848 775 
3 775 848 847 
3 848 919 847 
3 917 991 992 
3 918 917 992 
3 919 917 847 
3 991 917 919 
3 918 992 990 
3 992 1066 990 
3 1061 1143 1144 
3 1062 1061 1144 
3 1066 1061 990 
3 1143 1061 1066 
3 1062 1144 1065 
3 1144 1147 1065 
3 1145 1229 1230 
3 1146 1145 1230 
3 1147 1145 1065 
3 1229 1145 1147 
3 1146 1230 1217 
3 1230 1305 1217 
3 1217 1305 1218 
3 1305 1307 1218 
3 1218 1307 1306 
3 1307 1391 1306 
3 1306 1391 1392 
3 1390 1306 1392 
3 1482 1392 1483 
3 1482 1395 1392 
3 1395 1390 1392 
3 1395 1488 1396 
3 1482 1488 1395 
3 1489 1396 1490 
3 1490 1396 1488 
3 1489 1491 1396 
3 1491 1398 1396 
3 1482 1483 1574 
3 1488 1482 1574 
3 1580 1488 1574 
3 1490 1488 1581 
3 1581 1488 1580 
3 3336 3486 3335 
3 3336 3487 3488 
3 3486 3336 3488 
3 3487 3631 3632 
3 3488 3487 3632 
3 3632 3631 3770 
3 3194 3334 3197 
3 3335 3334 3194 
3 3336 3335 3194 
3 3336 3194 3333 
3 3336 3333 3485 
3 3489 3336 3485 
3 3487 3336 3489 
3 3633 3487 3489 
3 3631 3487 3633 
3 3912 3915 3771 
3 3771 3766 3912 
3 3633 3766 3771 
3 3633 3771 3770 
3 3633 3770 3631 
3 3915 3916 3771 
3 3060 3061 2927 
3 3197 3061 3060 
3 3194 3197 3060 
3 3194 3060 3056 
3 3194 3056 3193 
3 3333 3194 3193 
3 3768 3912 3766 
3 3768 3766 3628 
3 3767 3768 3628 
3 2926 3060 2927 
3 2801 2926 2927 
3 3056 2926 2925 
3 3060 2926 3056 
3 2800 2926 2801 
3 2800 2801 2667 
3 2667 2801 2669 
3 2925 2926 2800 
3 2667 2669 2549 
3 2669 2668 2549 
3 2549 2668 2548 
3 2668 2555 2548 
3 2430 2431 2315 
3 2314 2430 2315 
3 2555 2430 2548 
3 2431 2430 2555 
3 2314 2315 2202 
3 2315 2204 2202 
3 2202 2204 2091 
3 2204 2203 2091 
3 2090 2092 1981 
3 1980 2090 1981 
3 2203 2090 2091 
3 2092 2090 2203 
3 1980 1981 1869 
3 1981 1957 1869 
3 1869 1957 1845 
3 1957 1847 1845 
3 1742 1846 1741 
3 1642 1742 1741 
3 1847 1742 1845 
3 1846 1742 1847 
3 1642 1741 1641 
3 1741 1739 1641 
3 1639 1738 1636 
3 1546 1639 1636 
3 1739 1639 1641 
3 1738 1639 1739 
3 1635 1544 1543 
3 1635 1543 1636 
3 1636 1543 1546 
3 1635 1637 1544 
3 1544 1542 1454 
3 1543 1544 1454 
3 1634 1544 1637 
3 1542 1544 1634 
3 1542 1531 1452 
3 1454 1542 1452 
3 1621 1542 1634 
3 1531 1542 1621 
3 1451 1439 1360 
3 1451 1452 1531 
3 1451 1531 1439 
3 1439 1531 1527 
3 1618 1531 1621 
3 1527 1531 1618 
3 1439 1435 1352 
3 1360 1439 1352 
3 1526 1527 1616 
3 1526 1435 1527 
3 1435 1439 1527 
3 1618 1616 1527 
3 1349 1350 1265 
3 1349 1352 1435 
3 1349 1435 1350 
3 1350 1435 1436 
3 1528 1435 1526 
3 1436 1435 1528 
3 1264 1261 1178 
3 1264 1346 1261 
3 1265 1346 1264 
3 1265 1351 1346 
3 1265 1350 1351 
3 1436 1351 1350 
3 1437 1351 1436 
3 1528 1437 1436 
3 1261 1262 1177 
3 1178 1261 1177 
3 1347 1261 1346 
3 1262 1261 1347 
3 1176 1175 1093 
3 1176 1260 1175 
3 1177 1260 1176 
3 1177 1263 1260 
3 1177 1262 1263 
3 1347 1263 1262 
3 1175 1173 1092 
3 1093 1175 1092 
3 1258 1175 1260 
3 1173 1175 1258 
3 1090 1091 1014 
3 1090 1092 1173 
3 1090 1173 1091 
3 1091 1173 1174 
3 1259 1173 1258 
3 1174 1173 1259 
3 1091 1088 1015 
3 1014 1091 1015 
3 1174 1171 1091 
3 1171 1088 1091 
3 1255 1174 1259 
3 1171 1174 1255 
3 1088 1089 1012 
3 1015 1088 1012 
3 1171 1172 1088 
3 1172 1089 1088 
3 1256 1171 1255 
3 1256 1257 1171 
3 1257 1172 1171 
3 1256 1342 1257 
3 1012 1089 1013 
3 1079 1013 1089 
3 1079 1089 1161 
3 1161 1089 1172 
3 1257 1244 1172 
3 1244 1161 1172 
3 1343 1257 1342 
3 1343 1329 1257 
3 1329 1244 1257 
3 1329 1414 1415 
3 1343 1414 1329 
3 1414 1505 1415 
3 1080 1081 1004 
3 1080 1079 1161 
3 1080 1161 1081 
3 1081 1161 1162 
3 1244 1164 1161 
3 1164 1162 1161 
3 1329 1247 1244 
3 1247 1164 1244 
3 1415 1333 1329 
3 1333 1247 1329 
3 1420 1415 1505 
3 1333 1415 1420 
3 1081 1006 1005 
3 1004 1081 1005 
3 1162 1082 1081 
3 1082 1006 1081 
3 1163 1164 1245 
3 1163 1082 1164 
3 1082 1162 1164 
3 1247 1245 1164 
3 1330 1245 1247 
3 1333 1330 1247 
3 1416 1330 1333 
3 1420 1416 1333 
3 934 935 933 
3 934 1005 1006 
3 934 1006 935 
3 935 1006 1007 
3 1083 1082 1165 
3 1083 1007 1082 
3 1007 1006 1082 
3 1163 1165 1082 
3 707 776 706 
3 707 708 777 
3 776 707 777 
3 708 709 778 
3 777 708 778 
3 709 780 778 
3 862 863 788 
3 862 933 935 
3 862 935 863 
3 863 935 936 
3 1007 1008 935 
3 1008 936 935 
3 1084 1007 1083 
3 1008 1007 1084 
3 712 783 782 
3 711 712 782 
3 776 712 706 
3 776 784 712 
3 784 783 712 
3 777 784 776 
3 849 784 777 
3 778 849 777 
3 850 849 778 
3 922 923 850 
3 851 922 850 
3 851 850 778 
3 851 778 780 
3 851 788 863 
3 851 863 922 
3 922 863 937 
3 936 938 863 
3 938 937 863 
3 1010 1008 1085 
3 1010 938 1008 
3 938 936 1008 
3 1084 1085 1008 
3 781 852 798 
3 727 781 798 
3 782 781 711 
3 852 781 782 
3 922 996 923 
3 937 996 922 
3 1009 996 937 
3 938 1009 937 
3 1011 1009 938 
3 1010 1011 938 
3 727 798 728 
3 798 799 728 
3 728 799 729 
3 799 800 729 
3 729 800 801 
3 730 729 801 
3 801 802 730 
3 877 802 801 
3 802 877 848 
3 877 920 848 
3 848 920 919 
3 920 993 919 
3 991 1067 1068 
3 992 991 1068 
3 993 991 919 
3 1067 991 993 
3 992 1068 1066 
3 1068 1148 1066 
3 1143 1227 1228 
3 1144 1143 1228 
3 1148 1143 1066 
3 1227 1143 1148 
3 1144 1228 1147 
3 1228 1231 1147 
3 1229 1316 1317 
3 1230 1229 1317 
3 1231 1229 1147 
3 1316 1229 1231 
3 1230 1317 1305 
3 1317 1389 1305 
3 1393 1480 1486 
3 1393 1389 1480 
3 1393 1307 1389 
3 1307 1305 1389 
3 1394 1393 1486 
3 1487 1394 1486 
3 1307 1394 1391 
3 1393 1394 1307 
3 1394 1487 1484 
3 1485 1484 1576 
3 1392 1484 1485 
3 1392 1394 1484 
3 1392 1391 1394 
3 1392 1485 1483 
3 1485 1576 1575 
3 1483 1485 1575 
3 1483 1575 1574 
3 1574 1575 1669 
3 1670 1679 1580 
3 1670 1580 1574 
3 1671 1670 1574 
3 1671 1574 1669 
3 1680 1581 1580 
3 1681 1680 1580 
3 1679 1681 1580 
3 3635 3772 3634 
3 3772 3635 3773 
3 3339 3491 3340 
3 3339 3335 3486 
3 3339 3486 3491 
3 3491 3486 3630 
3 3634 3488 3635 
3 3634 3630 3488 
3 3630 3486 3488 
3 3635 3636 3773 
3 3635 3488 3636 
3 3488 3632 3636 
3 3636 3632 3770 
3 3774 3636 3770 
3 3198 3199 3062 
3 3340 3199 3198 
3 3339 3340 3198 
3 3339 3198 3197 
3 3339 3197 3334 
3 3335 3339 3334 
3 3913 3919 3774 
3 3774 3770 3913 
3 3914 3913 3770 
3 3770 3771 3914 
3 3916 3914 3771 
3 3061 3198 3062 
3 3061 3062 2927 
3 2927 3062 2928 
3 3197 3198 3061 
3 2927 2928 2801 
3 2928 2803 2801 
3 2801 2803 2669 
3 2803 2802 2669 
3 2669 2802 2668 
3 2802 2675 2668 
3 2668 2675 2555 
3 2675 2676 2555 
3 2431 2432 2315 
3 2431 2556 2432 
3 2431 2555 2556 
3 2555 2676 2556 
3 2432 2433 2316 
3 2432 2316 2315 
3 2315 2316 2204 
3 2556 2433 2432 
3 2204 2316 2203 
3 2316 2205 2203 
3 2092 2177 2066 
3 1981 2092 2066 
3 2205 2092 2203 
3 2177 2092 2205 
3 1981 2066 1957 
3 2066 1958 1957 
3 1957 1958 1847 
3 1958 1959 1847 
3 1846 1844 1741 
3 1846 1956 1844 
3 1846 1847 1956 
3 1847 1959 1956 
3 1844 1843 1739 
3 1741 1844 1739 
3 1955 1844 1956 
3 1843 1844 1955 
3 1738 1737 1636 
3 1738 1739 1843 
3 1738 1843 1737 
3 1737 1843 1840 
3 1952 1843 1955 
3 1840 1843 1952 
3 1636 1737 1635 
3 1637 1635 1737 
3 1637 1737 1736 
3 1736 1737 1840 
3 1841 1840 1952 
3 1736 1840 1841 
3 1736 1720 1634 
3 1637 1736 1634 
3 1842 1736 1841 
3 1842 1822 1736 
3 1822 1720 1736 
3 1842 1933 1822 
3 1720 1717 1621 
3 1634 1720 1621 
3 1822 1819 1720 
3 1819 1717 1720 
3 1934 1822 1933 
3 1934 1930 1822 
3 1930 1819 1822 
3 1934 2038 1930 
3 1717 1715 1618 
3 1621 1717 1618 
3 1819 1817 1717 
3 1817 1715 1717 
3 1930 1928 1819 
3 1928 1817 1819 
3 2035 1930 2038 
3 1928 1930 2035 
3 1616 1617 1526 
3 1616 1618 1715 
3 1616 1715 1617 
3 1617 1715 1716 
3 1817 1818 1715 
3 1818 1716 1715 
3 1928 1929 1817 
3 1929 1818 1817 
3 2036 1928 2035 
3 2036 2037 1928 
3 2037 1929 1928 
3 2036 2149 2037 
3 1617 1529 1528 
3 1526 1617 1528 
3 1716 1619 1617 
3 1619 1529 1617 
3 1818 1718 1716 
3 1718 1619 1716 
3 1929 1820 1818 
3 1820 1718 1818 
3 2037 1931 1929 
3 1931 1820 1929 
3 2039 2037 2149 
3 1931 2037 2039 
3 1351 1432 1346 
3 1351 1437 1438 
3 1432 1351 1438 
3 1437 1528 1529 
3 1437 1529 1438 
3 1438 1529 1530 
3 1619 1620 1529 
3 1620 1530 1529 
3 1718 1719 1619 
3 1719 1620 1619 
3 1820 1821 1718 
3 1821 1719 1718 
3 1931 1932 1820 
3 1932 1821 1820 
3 2040 1931 2039 
3 1932 1931 2040 
3 1432 1348 1347 
3 1346 1432 1347 
3 1438 1433 1432 
3 1433 1348 1432 
3 1530 1523 1438 
3 1523 1433 1438 
3 1620 1612 1530 
3 1612 1523 1530 
3 1719 1710 1620 
3 1710 1612 1620 
3 1821 1811 1719 
3 1811 1710 1719 
3 1932 1921 1821 
3 1921 1811 1821 
3 2028 1932 2040 
3 1921 1932 2028 
3 1263 1344 1260 
3 1263 1347 1348 
3 1263 1348 1344 
3 1344 1348 1430 
3 1433 1434 1348 
3 1434 1430 1348 
3 1523 1524 1433 
3 1524 1434 1433 
3 1612 1613 1523 
3 1613 1524 1523 
3 1710 1711 1612 
3 1711 1613 1612 
3 1812 1811 1922 
3 1812 1711 1811 
3 1711 1710 1811 
3 1921 1922 1811 
3 2029 1922 1921 
3 2028 2029 1921 
3 1344 1345 1258 
3 1260 1344 1258 
3 1430 1431 1344 
3 1431 1345 1344 
3 1434 1522 1430 
3 1522 1431 1430 
3 1524 1525 1434 
3 1525 1522 1434 
3 1614 1613 1712 
3 1614 1525 1613 
3 1525 1524 1613 
3 1711 1712 1613 
3 1813 1712 1711 
3 1812 1813 1711 
3 1345 1340 1259 
3 1258 1345 1259 
3 1431 1427 1345 
3 1427 1340 1345 
3 1522 1520 1431 
3 1520 1427 1431 
3 1525 1610 1522 
3 1610 1520 1522 
3 1615 1525 1614 
3 1610 1525 1615 
3 1340 1341 1255 
3 1259 1340 1255 
3 1427 1428 1340 
3 1428 1341 1340 
3 1520 1521 1427 
3 1521 1428 1427 
3 1610 1611 1520 
3 1611 1521 1520 
3 1708 1610 1615 
3 1611 1610 1708 
3 1255 1341 1256 
3 1342 1256 1341 
3 1342 1341 1429 
3 1429 1341 1428 
3 1521 1506 1428 
3 1506 1429 1428 
3 1611 1595 1521 
3 1595 1506 1521 
3 1709 1611 1708 
3 1709 1694 1611 
3 1694 1595 1611 
3 1709 1792 1694 
3 1342 1429 1343 
3 1414 1343 1429 
3 1506 1414 1429 
3 1505 1414 1506 
3 1505 1506 1512 
3 1512 1506 1595 
3 1694 1602 1595 
3 1602 1512 1595 
3 1793 1694 1792 
3 1793 1702 1694 
3 1702 1602 1694 
3 1793 1803 1702 
3 1512 1507 1420 
3 1505 1512 1420 
3 1602 1596 1512 
3 1596 1507 1512 
3 1702 1695 1602 
3 1695 1596 1602 
3 1794 1702 1803 
3 1695 1702 1794 
3 1245 1246 1163 
3 1245 1330 1331 
3 1246 1245 1331 
3 1330 1416 1417 
3 1331 1330 1417 
3 1416 1420 1507 
3 1416 1507 1417 
3 1417 1507 1508 
3 1596 1597 1507 
3 1597 1508 1507 
3 1696 1695 1795 
3 1696 1597 1695 
3 1597 1596 1695 
3 1794 1795 1695 
3 1165 1166 1083 
3 1165 1163 1246 
3 1165 1246 1166 
3 1166 1246 1248 
3 1331 1332 1246 
3 1332 1248 1246 
3 1417 1418 1331 
3 1418 1332 1331 
3 1509 1508 1598 
3 1509 1418 1508 
3 1418 1417 1508 
3 1597 1598 1508 
3 1697 1598 1597 
3 1696 1697 1597 
3 1166 1167 1084 
3 1083 1166 1084 
3 1248 1249 1166 
3 1249 1167 1166 
3 1334 1332 1419 
3 1334 1249 1332 
3 1249 1248 1332 
3 1418 1419 1332 
3 1510 1419 1418 
3 1509 1510 1418 
3 783 853 782 
3 783 784 856 
3 853 783 856 
3 784 849 857 
3 856 784 857 
3 849 850 921 
3 857 849 921 
3 850 923 921 
3 1085 1087 1010 
3 1085 1084 1167 
3 1085 1167 1087 
3 1087 1167 1170 
3 1253 1249 1335 
3 1253 1170 1249 
3 1170 1167 1249 
3 1334 1335 1249 
3 852 874 798 
3 852 854 874 
3 782 854 852 
3 782 855 854 
3 782 853 855 
3 856 855 853 
3 926 855 856 
3 857 926 856 
3 928 926 857 
3 928 929 1001 
3 928 857 929 
3 857 921 929 
3 923 996 995 
3 923 995 921 
3 921 995 929 
3 996 1009 1072 
3 995 996 1072 
3 1009 1011 1086 
3 1072 1009 1086 
3 1011 1010 1087 
3 1011 1087 1086 
3 1086 1087 1168 
3 1250 1170 1254 
3 1250 1168 1170 
3 1168 1087 1170 
3 1253 1254 1170 
3 874 875 799 
3 798 874 799 
3 924 874 854 
3 875 874 924 
3 929 1002 1001 
3 995 1002 929 
3 1073 1002 995 
3 1072 1073 995 
3 1153 1073 1072 
3 1086 1153 1072 
3 1169 1153 1086 
3 1168 1169 1086 
3 1251 1169 1168 
3 1250 1251 1168 
3 875 876 800 
3 799 875 800 
3 949 875 924 
3 876 875 949 
3 800 876 801 
3 876 877 801 
3 876 949 877 
3 949 950 877 
3 877 950 920 
3 950 994 920 
3 1069 1070 1149 
3 1069 994 1070 
3 1069 993 994 
3 993 920 994 
3 1067 1069 1149 
3 1067 1149 1068 
3 1068 1149 1150 
3 993 1069 1067 
3 1232 1233 1314 
3 1232 1150 1233 
3 1232 1148 1150 
3 1148 1068 1150 
3 1227 1232 1314 
3 1227 1314 1228 
3 1228 1314 1315 
3 1148 1232 1227 
3 1228 1315 1231 
3 1315 1318 1231 
3 1316 1400 1401 
3 1317 1316 1401 
3 1318 1316 1231 
3 1400 1316 1318 
3 1317 1401 1389 
3 1401 1481 1389 
3 1480 1571 1572 
3 1486 1480 1572 
3 1481 1480 1389 
3 1571 1480 1481 
3 1486 1572 1487 
3 1572 1578 1487 
3 1577 1484 1487 
3 1577 1487 1579 
3 1579 1487 1578 
3 1484 1577 1576 
3 1577 1579 1672 
3 1673 1672 1771 
3 1575 1672 1673 
3 1575 1577 1672 
3 1575 1576 1577 
3 1575 1674 1669 
3 1673 1674 1575 
3 1769 1671 1669 
3 1769 1669 1770 
3 1674 1770 1669 
3 1873 1769 1770 
3 1673 1771 1772 
3 1674 1673 1772 
3 1773 1674 1772 
3 1770 1674 1773 
3 1874 1770 1875 
3 1875 1770 1773 
3 1874 1873 1770 
3 3769 3776 3637 
3 3769 3634 3772 
3 3769 3772 3776 
3 3776 3772 3917 
3 3917 3772 3773 
3 3918 3917 3773 
3 3491 3492 3341 
3 3340 3491 3341 
3 3637 3630 3769 
3 3637 3492 3630 
3 3492 3491 3630 
3 3634 3769 3630 
3 3773 3775 3918 
3 3636 3775 3773 
3 3775 3636 3774 
3 3922 3775 3920 
3 3920 3775 3774 
3 3199 3200 3063 
3 3062 3199 3063 
3 3341 3199 3340 
3 3200 3199 3341 
3 3921 3920 3774 
3 3919 3921 3774 
3 3062 3063 2928 
3 3063 2930 2928 
3 2928 2930 2803 
3 2930 2929 2803 
3 2803 2929 2802 
3 2929 2808 2802 
3 2802 2808 2675 
3 2808 2809 2675 
3 2675 2809 2676 
3 2809 2677 2676 
3 2676 2677 2556 
3 2677 2557 2556 
3 2433 2434 2317 
3 2316 2433 2317 
3 2557 2433 2556 
3 2434 2433 2557 
3 2316 2317 2205 
3 2317 2291 2205 
3 2177 2178 2067 
3 2066 2177 2067 
3 2291 2177 2205 
3 2178 2177 2291 
3 2066 2067 1958 
3 2067 2068 1958 
3 2069 2065 1959 
3 2069 1959 2068 
3 2068 1959 1958 
3 2069 2176 2065 
3 2065 2064 1956 
3 1959 2065 1956 
3 2174 2065 2176 
3 2064 2065 2174 
3 2064 2061 1955 
3 1956 2064 1955 
3 2175 2064 2174 
3 2175 2171 2064 
3 2171 2061 2064 
3 2175 2284 2171 
3 2061 1953 1952 
3 1955 2061 1952 
3 2171 2062 2061 
3 2062 1953 2061 
3 2285 2171 2284 
3 2285 2172 2171 
3 2172 2062 2171 
3 2285 2286 2172 
3 1953 1954 1841 
3 1952 1953 1841 
3 2062 2063 1953 
3 2063 1954 1953 
3 2172 2173 2062 
3 2173 2063 2062 
3 2287 2172 2286 
3 2287 2288 2172 
3 2288 2173 2172 
3 2287 2405 2288 
3 1841 1954 1842 
3 1933 1842 1954 
3 1933 1954 2041 
3 2041 1954 2063 
3 2173 2152 2063 
3 2152 2041 2063 
3 2288 2267 2173 
3 2267 2152 2173 
3 2381 2288 2405 
3 2267 2288 2381 
3 1933 2041 1934 
3 2038 1934 2041 
3 2038 2041 2147 
3 2147 2041 2152 
3 2267 2263 2152 
3 2263 2147 2152 
3 2382 2267 2381 
3 2382 2376 2267 
3 2376 2263 2267 
3 2382 2499 2376 
3 2147 2148 2035 
3 2038 2147 2035 
3 2263 2264 2147 
3 2264 2148 2147 
3 2376 2377 2263 
3 2377 2264 2263 
3 2500 2376 2499 
3 2377 2376 2500 
3 2035 2148 2036 
3 2149 2036 2148 
3 2149 2148 2150 
3 2150 2148 2264 
3 2377 2265 2264 
3 2265 2150 2264 
3 2378 2377 2500 
3 2265 2377 2378 
3 2150 2151 2039 
3 2149 2150 2039 
3 2265 2266 2150 
3 2266 2151 2150 
3 2379 2265 2378 
3 2379 2380 2265 
3 2380 2266 2265 
3 2379 2503 2380 
3 2151 2140 2040 
3 2039 2151 2040 
3 2266 2256 2151 
3 2256 2140 2151 
3 2380 2370 2266 
3 2370 2256 2266 
3 2493 2380 2503 
3 2370 2380 2493 
3 2140 2141 2028 
3 2040 2140 2028 
3 2256 2257 2140 
3 2257 2141 2140 
3 2370 2371 2256 
3 2371 2257 2256 
3 2494 2370 2493 
3 2371 2370 2494 
3 1922 1923 1812 
3 1922 2029 2030 
3 1923 1922 2030 
3 2029 2028 2141 
3 2029 2141 2030 
3 2030 2141 2142 
3 2257 2258 2141 
3 2258 2142 2141 
3 2372 2371 2495 
3 2372 2258 2371 
3 2258 2257 2371 
3 2494 2495 2371 
3 1712 1713 1614 
3 1712 1813 1814 
3 1713 1712 1814 
3 1813 1812 1923 
3 1813 1923 1814 
3 1814 1923 1924 
3 2030 2031 1923 
3 2031 1924 1923 
3 2142 2143 2030 
3 2143 2031 2030 
3 2258 2259 2142 
3 2259 2143 2142 
3 2373 2258 2372 
3 2259 2258 2373 
3 1713 1714 1615 
3 1614 1713 1615 
3 1814 1815 1713 
3 1815 1714 1713 
3 1924 1925 1814 
3 1925 1815 1814 
3 2031 2032 1924 
3 2032 1925 1924 
3 2143 2144 2031 
3 2144 2032 2031 
3 2260 2259 2374 
3 2260 2144 2259 
3 2144 2143 2259 
3 2373 2374 2259 
3 1714 1810 1708 
3 1615 1714 1708 
3 1815 1816 1714 
3 1816 1810 1714 
3 1925 1926 1815 
3 1926 1816 1815 
3 2032 2033 1925 
3 2033 1926 1925 
3 2144 2145 2032 
3 2145 2033 2032 
3 2261 2144 2260 
3 2145 2144 2261 
3 1708 1810 1709 
3 1792 1709 1810 
3 1792 1810 1904 
3 1904 1810 1816 
3 1926 1927 1816 
3 1927 1904 1816 
3 2033 2034 1926 
3 2034 1927 1926 
3 2146 2145 2262 
3 2146 2034 2145 
3 2034 2033 2145 
3 2261 2262 2145 
3 1792 1904 1793 
3 1803 1793 1904 
3 1803 1904 1905 
3 1905 1904 1927 
3 2034 2011 1927 
3 2011 1905 1927 
3 2122 2034 2146 
3 2011 2034 2122 
3 1905 1906 1794 
3 1803 1905 1794 
3 2011 2012 1905 
3 2012 1906 1905 
3 2123 2011 2122 
3 2012 2011 2123 
3 1795 1796 1696 
3 1795 1794 1906 
3 1795 1906 1796 
3 1796 1906 1907 
3 2013 2012 2124 
3 2013 1907 2012 
3 1907 1906 2012 
3 2123 2124 2012 
3 1598 1599 1509 
3 1598 1697 1698 
3 1599 1598 1698 
3 1697 1696 1796 
3 1697 1796 1698 
3 1698 1796 1797 
3 1908 1907 2014 
3 1908 1797 1907 
3 1797 1796 1907 
3 2013 2014 1907 
3 1419 1421 1334 
3 1419 1510 1511 
3 1421 1419 1511 
3 1510 1509 1599 
3 1510 1599 1511 
3 1511 1599 1600 
3 1699 1698 1798 
3 1699 1600 1698 
3 1600 1599 1698 
3 1797 1798 1698 
3 1909 1798 1797 
3 1908 1909 1797 
3 1335 1339 1253 
3 1335 1334 1421 
3 1335 1421 1339 
3 1339 1421 1426 
3 1518 1511 1601 
3 1518 1426 1511 
3 1426 1421 1511 
3 1600 1601 1511 
3 1700 1601 1600 
3 1699 1700 1600 
3 855 925 854 
3 855 926 927 
3 925 855 927 
3 926 928 999 
3 927 926 999 
3 928 1001 999 
3 1254 1336 1250 
3 1254 1253 1339 
3 1254 1339 1336 
3 1336 1339 1422 
3 1513 1426 1519 
3 1513 1422 1426 
3 1422 1339 1426 
3 1518 1519 1426 
3 925 997 924 
3 854 925 924 
3 927 998 925 
3 998 997 925 
3 999 1000 927 
3 1000 998 927 
3 1001 1002 1076 
3 1001 1076 999 
3 999 1076 1000 
3 1002 1073 1078 
3 1076 1002 1078 
3 1073 1153 1154 
3 1078 1073 1154 
3 1153 1169 1236 
3 1154 1153 1236 
3 1169 1251 1252 
3 1236 1169 1252 
3 1251 1250 1336 
3 1251 1336 1252 
3 1252 1336 1337 
3 1423 1422 1514 
3 1423 1337 1422 
3 1337 1336 1422 
3 1513 1514 1422 
3 997 1023 949 
3 924 997 949 
3 1074 998 1075 
3 1074 1023 998 
3 1023 997 998 
3 1000 1075 998 
3 1077 1075 1000 
3 1076 1077 1000 
3 1157 1077 1076 
3 1157 1158 1240 
3 1157 1076 1158 
3 1076 1078 1158 
3 1154 1160 1078 
3 1160 1158 1078 
3 1236 1237 1154 
3 1237 1160 1154 
3 1322 1252 1338 
3 1322 1237 1252 
3 1237 1236 1252 
3 1337 1338 1252 
3 1424 1338 1337 
3 1423 1424 1337 
3 1023 1099 1024 
3 1023 1024 949 
3 949 1024 950 
3 1074 1099 1023 
3 1158 1241 1240 
3 1160 1241 1158 
3 1243 1241 1160 
3 1237 1243 1160 
3 1323 1243 1237 
3 1322 1323 1237 
3 950 1024 994 
3 1024 1071 994 
3 1070 1151 1152 
3 1149 1070 1152 
3 1071 1070 994 
3 1151 1070 1071 
3 1149 1152 1150 
3 1152 1234 1150 
3 1233 1319 1320 
3 1314 1233 1320 
3 1234 1233 1150 
3 1319 1233 1234 
3 1314 1320 1315 
3 1320 1399 1315 
3 1402 1492 1494 
3 1402 1399 1492 
3 1402 1318 1399 
3 1318 1315 1399 
3 1400 1402 1494 
3 1400 1494 1401 
3 1401 1494 1495 
3 1318 1402 1400 
3 1401 1495 1481 
3 1495 1573 1481 
3 1571 1666 1667 
3 1572 1571 1667 
3 1573 1571 1481 
3 1666 1571 1573 
3 1572 1667 1578 
3 1667 1675 1578 
3 1578 1675 1579 
3 1675 1676 1579 
3 1677 1672 1579 
3 1677 1579 1678 
3 1678 1579 1676 
3 1672 1677 1771 
3 1677 1678 1777 
3 1876 1777 1886 
3 1772 1777 1876 
3 1772 1677 1777 
3 1772 1771 1677 
3 1772 1877 1773 
3 1876 1877 1772 
3 1878 1773 1877 
3 1879 1880 1773 
3 1773 1878 1879 
3 1880 1875 1773 
3 1876 1886 1984 
3 1877 1876 1984 
3 1985 1877 1984 
3 1878 1877 1985 
3 3776 3638 3637 
3 3777 3638 3776 
3 3777 3776 3924 
3 3924 3776 3917 
3 3924 3917 3918 
3 3925 3924 3918 
3 3492 3493 3342 
3 3341 3492 3342 
3 3638 3492 3637 
3 3638 3639 3492 
3 3639 3493 3492 
3 3777 3639 3638 
3 3918 3923 3925 
3 3775 3923 3918 
3 3922 4061 3923 
3 3922 3923 3775 
3 4061 4062 3923 
3 3200 3204 3066 
3 3063 3200 3066 
3 3342 3200 3341 
3 3204 3200 3342 
3 3063 3066 2930 
3 3066 3065 2930 
3 3064 3201 3069 
3 3064 3065 3201 
3 3064 2929 3065 
3 2929 2930 3065 
3 2933 3064 3069 
3 3070 2933 3069 
3 2929 2933 2808 
3 3064 2933 2929 
3 2933 3070 2934 
3 2934 2808 2933 
3 2934 2810 2808 
3 2810 2809 2808 
3 2809 2810 2677 
3 2810 2678 2677 
3 2677 2678 2557 
3 2678 2558 2557 
3 2434 2530 2408 
3 2317 2434 2408 
3 2558 2434 2557 
3 2530 2434 2558 
3 2317 2408 2291 
3 2408 2409 2291 
3 2178 2179 2067 
3 2178 2292 2179 
3 2178 2291 2292 
3 2291 2409 2292 
3 2179 2180 2068 
3 2067 2179 2068 
3 2182 2179 2292 
3 2180 2179 2182 
3 2068 2180 2069 
3 2176 2181 2289 
3 2069 2181 2176 
3 2069 2182 2181 
3 2069 2180 2182 
3 2181 2293 2289 
3 2289 2290 2174 
3 2176 2289 2174 
3 2406 2289 2293 
3 2406 2407 2289 
3 2407 2290 2289 
3 2407 2528 2529 
3 2406 2528 2407 
3 2528 2646 2529 
3 2174 2290 2175 
3 2284 2175 2290 
3 2284 2290 2403 
3 2403 2290 2407 
3 2529 2526 2407 
3 2526 2403 2407 
3 2647 2529 2646 
3 2647 2644 2529 
3 2644 2526 2529 
3 2647 2773 2644 
3 2284 2403 2285 
3 2286 2285 2403 
3 2286 2403 2404 
3 2404 2403 2526 
3 2644 2527 2526 
3 2527 2404 2526 
3 2774 2644 2773 
3 2774 2645 2644 
3 2645 2527 2644 
3 2774 2775 2645 
3 2286 2404 2287 
3 2405 2287 2404 
3 2405 2404 2504 
3 2504 2404 2527 
3 2645 2624 2527 
3 2624 2504 2527 
3 2776 2645 2775 
3 2776 2752 2645 
3 2752 2624 2645 
3 2776 2883 2752 
3 2504 2505 2381 
3 2405 2504 2381 
3 2624 2625 2504 
3 2625 2505 2504 
3 2752 2753 2624 
3 2753 2625 2624 
3 2884 2752 2883 
3 2753 2752 2884 
3 2381 2505 2382 
3 2499 2382 2505 
3 2499 2505 2621 
3 2621 2505 2625 
3 2753 2749 2625 
3 2749 2621 2625 
3 2880 2753 2884 
3 2749 2753 2880 
3 2621 2501 2500 
3 2499 2621 2500 
3 2749 2622 2621 
3 2622 2501 2621 
3 2750 2749 2880 
3 2622 2749 2750 
3 2501 2502 2378 
3 2500 2501 2378 
3 2622 2623 2501 
3 2623 2502 2501 
3 2751 2622 2750 
3 2623 2622 2751 
3 2378 2502 2379 
3 2503 2379 2502 
3 2503 2502 2615 
3 2615 2502 2623 
3 2743 2623 2751 
3 2615 2623 2743 
3 2615 2616 2493 
3 2503 2615 2493 
3 2744 2615 2743 
3 2616 2615 2744 
3 2616 2617 2494 
3 2493 2616 2494 
3 2745 2616 2744 
3 2617 2616 2745 
3 2495 2496 2372 
3 2495 2494 2617 
3 2495 2617 2496 
3 2496 2617 2618 
3 2746 2617 2745 
3 2618 2617 2746 
3 2496 2497 2373 
3 2372 2496 2373 
3 2618 2619 2496 
3 2619 2497 2496 
3 2747 2618 2746 
3 2619 2618 2747 
3 2374 2375 2260 
3 2374 2373 2497 
3 2374 2497 2375 
3 2375 2497 2498 
3 2620 2619 2748 
3 2620 2498 2619 
3 2498 2497 2619 
3 2747 2748 2619 
3 2375 2346 2261 
3 2260 2375 2261 
3 2498 2470 2375 
3 2470 2346 2375 
3 2593 2498 2620 
3 2470 2498 2593 
3 2262 2237 2146 
3 2262 2261 2346 
3 2262 2346 2237 
3 2237 2346 2347 
3 2471 2470 2594 
3 2471 2347 2470 
3 2347 2346 2470 
3 2593 2594 2470 
3 2237 2238 2122 
3 2146 2237 2122 
3 2347 2348 2237 
3 2348 2238 2237 
3 2472 2347 2471 
3 2348 2347 2472 
3 2238 2239 2123 
3 2122 2238 2123 
3 2349 2348 2473 
3 2349 2239 2348 
3 2239 2238 2348 
3 2472 2473 2348 
3 2124 2125 2013 
3 2124 2123 2239 
3 2124 2239 2125 
3 2125 2239 2240 
3 2350 2239 2349 
3 2240 2239 2350 
3 2014 2015 1908 
3 2014 2013 2125 
3 2014 2125 2015 
3 2015 2125 2126 
3 2241 2240 2351 
3 2241 2126 2240 
3 2126 2125 2240 
3 2350 2351 2240 
3 1798 1799 1699 
3 1798 1909 1910 
3 1799 1798 1910 
3 1909 1908 2015 
3 1909 2015 1910 
3 1910 2015 2016 
3 2127 2126 2242 
3 2127 2016 2126 
3 2016 2015 2126 
3 2241 2242 2126 
3 1601 1609 1518 
3 1601 1700 1701 
3 1609 1601 1701 
3 1700 1699 1799 
3 1700 1799 1701 
3 1701 1799 1800 
3 1911 1910 2017 
3 1911 1800 1910 
3 1800 1799 1910 
3 2016 2017 1910 
3 2128 2017 2016 
3 2127 2128 2016 
3 1519 1603 1513 
3 1519 1518 1609 
3 1519 1609 1603 
3 1603 1609 1703 
3 1801 1701 1802 
3 1801 1703 1701 
3 1703 1609 1701 
3 1800 1802 1701 
3 1912 1802 1800 
3 1911 1912 1800 
3 1514 1515 1423 
3 1514 1513 1603 
3 1514 1603 1515 
3 1515 1603 1604 
3 1704 1703 1804 
3 1704 1604 1703 
3 1604 1603 1703 
3 1801 1804 1703 
3 1075 1155 1074 
3 1075 1077 1156 
3 1155 1075 1156 
3 1077 1157 1159 
3 1156 1077 1159 
3 1157 1240 1159 
3 1338 1406 1322 
3 1338 1424 1425 
3 1406 1338 1425 
3 1424 1516 1425 
3 1423 1516 1424 
3 1423 1517 1516 
3 1423 1515 1517 
3 1604 1517 1515 
3 1607 1517 1604 
3 1704 1607 1604 
3 1099 1100 1024 
3 1099 1074 1155 
3 1099 1155 1100 
3 1100 1155 1181 
3 1156 1238 1155 
3 1238 1181 1155 
3 1159 1239 1156 
3 1239 1238 1156 
3 1240 1241 1242 
3 1240 1242 1159 
3 1159 1242 1239 
3 1241 1243 1326 
3 1242 1241 1326 
3 1243 1323 1328 
3 1326 1243 1328 
3 1323 1407 1328 
3 1322 1407 1323 
3 1322 1408 1407 
3 1322 1406 1408 
3 1425 1408 1406 
3 1500 1408 1425 
3 1516 1500 1425 
3 1100 1182 1101 
3 1100 1101 1024 
3 1024 1101 1071 
3 1181 1182 1100 
3 1267 1182 1181 
3 1238 1267 1181 
3 1324 1267 1238 
3 1239 1324 1238 
3 1325 1324 1239 
3 1242 1325 1239 
3 1327 1325 1242 
3 1326 1327 1242 
3 1411 1327 1326 
3 1328 1411 1326 
3 1413 1411 1328 
3 1407 1413 1328 
3 1151 1183 1235 
3 1152 1151 1235 
3 1101 1151 1071 
3 1183 1151 1101 
3 1152 1235 1234 
3 1235 1321 1234 
3 1319 1403 1404 
3 1320 1319 1404 
3 1321 1319 1234 
3 1403 1319 1321 
3 1320 1404 1399 
3 1404 1493 1399 
3 1492 1582 1583 
3 1494 1492 1583 
3 1493 1492 1399 
3 1582 1492 1493 
3 1494 1583 1495 
3 1583 1585 1495 
3 1495 1585 1573 
3 1585 1668 1573 
3 1666 1766 1767 
3 1667 1666 1767 
3 1668 1666 1573 
3 1766 1666 1668 
3 1667 1767 1675 
3 1767 1774 1675 
3 1775 1881 1883 
3 1775 1774 1881 
3 1775 1676 1774 
3 1676 1675 1774 
3 1776 1775 1883 
3 1884 1776 1883 
3 1676 1776 1678 
3 1775 1776 1676 
3 1776 1884 1885 
3 1887 1885 1994 
3 1777 1885 1887 
3 1777 1776 1885 
3 1777 1678 1776 
3 1777 1887 1886 
3 1986 1879 1878 
3 1887 1994 1995 
3 1886 1887 1995 
3 1886 1995 1984 
3 1984 1995 2094 
3 1985 1984 2095 
3 1984 2094 2095 
3 1986 1878 1987 
3 1987 1878 1985 
3 2096 1987 1985 
3 2096 1985 2097 
3 2097 1985 2095 
3 3924 3778 3777 
3 3924 3925 3778 
3 3493 3498 3346 
3 3342 3493 3346 
3 3639 3640 3493 
3 3493 3640 3498 
3 3778 3639 3777 
3 3778 3779 3639 
3 3779 3640 3639 
3 3926 3927 3779 
3 3923 3926 3779 
3 3923 3779 3778 
3 3923 3778 3925 
3 4062 4063 3926 
3 3926 3923 4062 
3 3204 3344 3203 
3 3066 3204 3203 
3 3346 3204 3342 
3 3344 3204 3346 
3 3926 4064 3927 
3 4063 4200 4064 
3 4063 4064 3926 
3 4200 4070 4064 
3 3202 3343 3208 
3 3202 3203 3343 
3 3202 3065 3203 
3 3065 3066 3203 
3 3201 3202 3208 
3 3201 3208 3069 
3 3069 3208 3209 
3 3065 3202 3201 
3 3069 3209 3070 
3 3209 3071 3070 
3 2935 2934 3070 
3 2935 3070 2936 
3 2936 3070 3071 
3 2934 2935 2810 
3 2935 2936 2811 
3 2811 2810 2935 
3 2811 2679 2810 
3 2679 2678 2810 
3 2678 2679 2558 
3 2679 2680 2558 
3 2530 2531 2408 
3 2530 2648 2531 
3 2530 2558 2648 
3 2558 2680 2648 
3 2531 2410 2409 
3 2408 2531 2409 
3 2649 2531 2648 
3 2649 2532 2531 
3 2532 2410 2531 
3 2649 2650 2532 
3 2410 2295 2292 
3 2409 2410 2292 
3 2532 2413 2410 
3 2413 2295 2410 
3 2535 2532 2650 
3 2413 2532 2535 
3 2295 2294 2182 
3 2292 2295 2182 
3 2413 2412 2295 
3 2412 2294 2295 
3 2536 2413 2535 
3 2536 2534 2413 
3 2534 2412 2413 
3 2536 2653 2534 
3 2182 2294 2181 
3 2293 2181 2294 
3 2293 2294 2411 
3 2411 2294 2412 
3 2534 2533 2412 
3 2533 2411 2412 
3 2654 2534 2653 
3 2654 2651 2534 
3 2651 2533 2534 
3 2651 2781 2782 
3 2654 2781 2651 
3 2781 2909 2782 
3 2293 2411 2406 
3 2528 2406 2411 
3 2533 2528 2411 
3 2646 2528 2533 
3 2646 2533 2652 
3 2652 2533 2651 
3 2782 2783 2651 
3 2783 2652 2651 
3 2911 2782 2909 
3 2911 2912 2782 
3 2912 2783 2782 
3 2911 3044 2912 
3 2646 2652 2647 
3 2773 2647 2652 
3 2773 2652 2784 
3 2784 2652 2783 
3 2912 2913 2783 
3 2913 2784 2783 
3 3045 2912 3044 
3 3045 3046 2912 
3 3046 2913 2912 
3 3045 3184 3046 
3 2773 2784 2774 
3 2775 2774 2784 
3 2775 2784 2905 
3 2905 2784 2913 
3 3046 3038 2913 
3 3038 2905 2913 
3 3173 3046 3184 
3 3038 3046 3173 
3 2775 2905 2776 
3 2883 2776 2905 
3 2883 2905 3016 
3 3016 2905 3038 
3 3174 3038 3173 
3 3174 3150 3038 
3 3150 3016 3038 
3 3174 3293 3150 
3 3016 3013 2884 
3 2883 3016 2884 
3 3150 3147 3016 
3 3147 3013 3016 
3 3290 3150 3293 
3 3147 3150 3290 
3 3013 2881 2880 
3 2884 3013 2880 
3 3147 3014 3013 
3 3014 2881 3013 
3 3148 3147 3290 
3 3014 3147 3148 
3 2881 2882 2750 
3 2880 2881 2750 
3 3014 3015 2881 
3 3015 2882 2881 
3 3149 3014 3148 
3 3015 3014 3149 
3 2882 2875 2751 
3 2750 2882 2751 
3 3015 3009 2882 
3 3009 2875 2882 
3 3143 3015 3149 
3 3009 3015 3143 
3 2875 2876 2743 
3 2751 2875 2743 
3 3009 3010 2875 
3 3010 2876 2875 
3 3144 3009 3143 
3 3010 3009 3144 
3 2876 2877 2744 
3 2743 2876 2744 
3 3010 3011 2876 
3 3011 2877 2876 
3 3145 3010 3144 
3 3011 3010 3145 
3 2877 2878 2745 
3 2744 2877 2745 
3 3011 3012 2877 
3 3012 2878 2877 
3 3146 3011 3145 
3 3012 3011 3146 
3 2878 2879 2746 
3 2745 2878 2746 
3 3012 2980 2878 
3 2980 2879 2878 
3 3119 3012 3146 
3 2980 3012 3119 
3 2879 2848 2747 
3 2746 2879 2747 
3 2979 2980 3117 
3 2979 2848 2980 
3 2848 2879 2980 
3 3119 3117 2980 
3 2748 2717 2620 
3 2748 2747 2848 
3 2748 2848 2717 
3 2717 2848 2849 
3 2981 2848 2979 
3 2849 2848 2981 
3 2717 2718 2593 
3 2620 2717 2593 
3 2850 2849 2982 
3 2850 2718 2849 
3 2718 2717 2849 
3 2981 2982 2849 
3 2594 2595 2471 
3 2594 2593 2718 
3 2594 2718 2595 
3 2595 2718 2719 
3 2851 2718 2850 
3 2719 2718 2851 
3 2595 2596 2472 
3 2471 2595 2472 
3 2720 2719 2852 
3 2720 2596 2719 
3 2596 2595 2719 
3 2851 2852 2719 
3 2473 2474 2349 
3 2473 2472 2596 
3 2473 2596 2474 
3 2474 2596 2597 
3 2721 2596 2720 
3 2597 2596 2721 
3 2474 2475 2350 
3 2349 2474 2350 
3 2598 2597 2722 
3 2598 2475 2597 
3 2475 2474 2597 
3 2721 2722 2597 
3 2351 2352 2241 
3 2351 2476 2352 
3 2350 2476 2351 
3 2350 2477 2476 
3 2350 2475 2477 
3 2598 2477 2475 
3 2242 2243 2127 
3 2242 2353 2243 
3 2241 2353 2242 
3 2241 2354 2353 
3 2241 2352 2354 
3 2476 2354 2352 
3 2017 2018 1911 
3 2017 2128 2129 
3 2018 2017 2129 
3 2128 2244 2129 
3 2127 2244 2128 
3 2127 2245 2244 
3 2127 2243 2245 
3 2353 2245 2243 
3 1802 1913 1801 
3 1802 1912 1914 
3 1913 1802 1914 
3 1912 1911 2018 
3 1912 2018 1914 
3 1914 2018 2019 
3 2130 2129 2246 
3 2130 2019 2129 
3 2019 2018 2129 
3 2244 2246 2129 
3 1804 1805 1704 
3 1804 1801 1913 
3 1804 1913 1805 
3 1805 1913 1915 
3 2020 1914 2021 
3 2020 1915 1914 
3 1915 1913 1914 
3 2019 2021 1914 
3 2131 2021 2019 
3 2130 2131 2019 
3 1517 1605 1516 
3 1517 1607 1608 
3 1605 1517 1608 
3 1607 1707 1608 
3 1704 1707 1607 
3 1704 1806 1707 
3 1704 1805 1806 
3 1915 1806 1805 
3 1916 1806 1915 
3 2020 1916 1915 
3 1408 1497 1407 
3 1408 1500 1501 
3 1497 1408 1501 
3 1500 1592 1501 
3 1516 1592 1500 
3 1516 1606 1592 
3 1516 1605 1606 
3 1608 1606 1605 
3 1705 1606 1608 
3 1707 1705 1608 
3 1182 1184 1101 
3 1182 1267 1268 
3 1184 1182 1268 
3 1267 1324 1353 
3 1268 1267 1353 
3 1324 1325 1409 
3 1353 1324 1409 
3 1325 1327 1410 
3 1409 1325 1410 
3 1327 1411 1412 
3 1410 1327 1412 
3 1411 1413 1503 
3 1412 1411 1503 
3 1413 1498 1503 
3 1407 1498 1413 
3 1407 1499 1498 
3 1407 1497 1499 
3 1501 1499 1497 
3 1590 1499 1501 
3 1592 1590 1501 
3 1183 1269 1235 
3 1183 1185 1269 
3 1101 1185 1183 
3 1101 1186 1185 
3 1101 1184 1186 
3 1268 1186 1184 
3 1272 1186 1268 
3 1353 1272 1268 
3 1357 1272 1353 
3 1409 1357 1353 
3 1447 1357 1409 
3 1410 1447 1409 
3 1502 1447 1410 
3 1412 1502 1410 
3 1504 1502 1412 
3 1503 1504 1412 
3 1586 1504 1503 
3 1498 1586 1503 
3 1405 1354 1440 
3 1269 1270 1354 
3 1269 1354 1321 
3 1269 1321 1235 
3 1321 1354 1405 
3 1185 1270 1269 
3 1403 1405 1440 
3 1403 1440 1404 
3 1404 1440 1496 
3 1321 1405 1403 
3 1404 1496 1493 
3 1496 1584 1493 
3 1582 1682 1683 
3 1583 1582 1683 
3 1584 1582 1493 
3 1682 1582 1584 
3 1583 1683 1585 
3 1683 1684 1585 
3 1585 1684 1668 
3 1684 1768 1668 
3 1766 1870 1871 
3 1767 1766 1871 
3 1768 1766 1668 
3 1870 1766 1768 
3 1767 1871 1774 
3 1871 1882 1774 
3 1881 1988 1989 
3 1883 1881 1989 
3 1882 1881 1774 
3 1988 1881 1882 
3 1883 1989 1884 
3 1989 1991 1884 
3 1992 1885 1884 
3 1992 1884 1993 
3 1993 1884 1991 
3 1885 1992 1994 
3 1992 1993 2102 
3 2106 2102 2214 
3 1995 2102 2106 
3 1995 1992 2102 
3 1995 1994 1992 
3 1995 2107 2094 
3 2106 2107 1995 
3 2094 2207 2095 
3 2107 2207 2094 
3 2208 2097 2095 
3 2209 2208 2095 
3 2095 2207 2209 
3 2106 2214 2217 
3 2107 2106 2217 
3 2221 2107 2217 
3 2207 2107 2221 
3 2318 2207 2221 
3 2209 2207 2319 
3 2319 2207 2318 
3 2435 2319 2318 
3 3498 3645 3496 
3 3346 3498 3496 
3 3640 3646 3498 
3 3498 3646 3645 
3 3779 3780 3640 
3 3640 3780 3646 
3 3780 3779 3927 
3 3928 3780 3927 
3 3344 3495 3345 
3 3203 3344 3345 
3 3496 3344 3346 
3 3495 3344 3496 
3 3927 3935 3928 
3 4064 3935 3927 
3 4070 4071 3935 
3 4070 3935 4064 
3 4071 4072 3935 
3 3343 3494 3349 
3 3208 3343 3349 
3 3345 3343 3203 
3 3494 3343 3345 
3 3350 3499 3351 
3 3350 3349 3499 
3 3350 3209 3349 
3 3209 3208 3349 
3 3210 3350 3351 
3 3211 3210 3351 
3 3209 3210 3071 
3 3350 3210 3209 
3 3210 3211 3072 
3 3072 3071 3210 
3 3072 2937 3071 
3 2937 2936 3071 
3 2936 2937 2812 
3 2811 2936 2812 
3 2812 2679 2811 
3 2813 2679 2812 
3 4724 4725 4595 
3 2814 2777 2680 
3 2814 2680 2813 
3 2813 2680 2679 
3 2814 2906 2777 
3 4725 4726 4595 
3 4726 4730 4598 
3 4598 4595 4726 
3 2777 2778 2648 
3 2680 2777 2648 
3 2780 2777 2906 
3 2778 2777 2780 
3 4730 4600 4598 
3 4731 4732 4601 
3 2648 2778 2649 
3 2650 2779 2655 
3 2649 2779 2650 
3 2649 2780 2779 
3 2649 2778 2780 
3 2779 2786 2655 
3 4853 4727 4732 
3 4732 4727 4601 
3 4853 4854 4727 
3 4854 4855 4727 
3 4855 4856 4728 
3 4855 4728 4727 
3 2655 2656 2535 
3 2650 2655 2535 
3 2787 2655 2786 
3 2787 2788 2655 
3 2788 2656 2655 
3 2788 2915 2916 
3 2787 2915 2788 
3 2915 3048 2916 
3 4977 4857 4856 
3 4856 4857 4728 
3 4977 4978 4857 
3 4978 4979 4857 
3 4979 4980 4858 
3 4979 4858 4857 
3 2535 2656 2536 
3 2653 2536 2656 
3 2653 2656 2785 
3 2785 2656 2788 
3 2916 2910 2788 
3 2910 2785 2788 
3 3051 2916 3048 
3 3051 3043 2916 
3 3043 2910 2916 
3 3051 3182 3043 
3 4980 4981 4858 
3 4981 5103 4982 
3 4982 4858 4981 
3 2653 2785 2654 
3 2781 2654 2785 
3 2910 2781 2785 
3 2909 2781 2910 
3 2909 2910 3042 
3 3042 2910 3043 
3 3183 3043 3182 
3 3183 3180 3043 
3 3180 3042 3043 
3 3183 3318 3180 
3 5239 5104 5103 
3 5103 5104 4982 
3 5239 5240 5104 
3 5240 5108 5104 
3 5108 5109 4985 
3 5108 4985 5104 
3 2909 3042 2911 
3 3044 2911 3042 
3 3044 3042 3181 
3 3181 3042 3180 
3 3319 3180 3318 
3 3319 3320 3180 
3 3320 3181 3180 
3 3319 3469 3320 
3 5109 5110 4985 
3 5110 5111 4986 
3 4986 4985 5110 
3 3044 3181 3045 
3 3184 3045 3181 
3 3184 3181 3314 
3 3314 3181 3320 
3 3463 3320 3469 
3 3314 3320 3463 
3 5111 5112 4986 
3 5357 5358 5242 
3 3314 3315 3173 
3 3184 3314 3173 
3 3464 3314 3463 
3 3464 3465 3314 
3 3465 3315 3314 
3 3464 3614 3465 
3 5358 5359 5242 
3 5359 5360 5243 
3 5243 5242 5359 
3 3173 3315 3174 
3 3293 3174 3315 
3 3293 3315 3437 
3 3437 3315 3465 
3 3586 3465 3614 
3 3437 3465 3586 
3 5360 5361 5243 
3 5627 5628 5492 
3 3437 3291 3290 
3 3293 3437 3290 
3 3587 3437 3586 
3 3587 3438 3437 
3 3438 3291 3437 
3 3587 3588 3438 
3 5629 5630 5492 
3 5628 5629 5492 
3 3291 3292 3148 
3 3290 3291 3148 
3 3438 3439 3291 
3 3439 3292 3291 
3 3589 3438 3588 
3 3439 3438 3589 
3 3292 3286 3149 
3 3148 3292 3149 
3 3439 3434 3292 
3 3434 3286 3292 
3 3583 3439 3589 
3 3434 3439 3583 
3 3286 3287 3143 
3 3149 3286 3143 
3 3434 3435 3286 
3 3435 3287 3286 
3 3584 3434 3583 
3 3435 3434 3584 
3 3287 3288 3144 
3 3143 3287 3144 
3 3435 3436 3287 
3 3436 3288 3287 
3 3585 3435 3584 
3 3436 3435 3585 
3 3288 3289 3145 
3 3144 3288 3145 
3 3436 3404 3288 
3 3404 3289 3288 
3 3554 3436 3585 
3 3404 3436 3554 
3 3289 3256 3146 
3 3145 3289 3146 
3 3403 3404 3553 
3 3403 3256 3404 
3 3256 3289 3404 
3 3554 3553 3404 
3 3256 3253 3119 
3 3146 3256 3119 
3 3399 3256 3403 
3 3253 3256 3399 
3 3117 3118 2979 
3 3117 3119 3253 
3 3117 3253 3118 
3 3118 3253 3254 
3 3400 3253 3399 
3 3254 3253 3400 
3 3118 3120 2981 
3 2979 3118 2981 
3 3254 3255 3118 
3 3255 3120 3118 
3 3401 3254 3400 
3 3255 3254 3401 
3 2982 2983 2850 
3 2982 2981 3120 
3 2982 3120 2983 
3 2983 3120 3121 
3 3257 3255 3402 
3 3257 3121 3255 
3 3121 3120 3255 
3 3401 3402 3255 
3 2983 2984 2851 
3 2850 2983 2851 
3 3121 2988 2983 
3 2988 2984 2983 
3 3125 3121 3257 
3 2988 3121 3125 
3 2852 2853 2720 
3 2852 2851 2984 
3 2852 2984 2853 
3 2853 2984 2855 
3 2987 2988 3124 
3 2987 2855 2988 
3 2855 2984 2988 
3 3125 3124 2988 
3 2853 2723 2721 
3 2720 2853 2721 
3 2854 2855 2985 
3 2854 2723 2855 
3 2723 2853 2855 
3 2987 2985 2855 
3 2722 2599 2598 
3 2722 2721 2723 
3 2722 2723 2599 
3 2599 2723 2724 
3 2856 2723 2854 
3 2724 2723 2856 
3 2477 2478 2476 
3 2477 2598 2599 
3 2477 2599 2478 
3 2478 2599 2600 
3 2725 2724 2857 
3 2725 2600 2724 
3 2600 2599 2724 
3 2856 2857 2724 
3 2354 2356 2353 
3 2354 2476 2478 
3 2354 2478 2356 
3 2356 2478 2480 
3 2603 2600 2726 
3 2603 2480 2600 
3 2480 2478 2600 
3 2725 2726 2600 
3 2245 2355 2244 
3 2245 2353 2356 
3 2245 2356 2355 
3 2355 2356 2479 
3 2601 2480 2604 
3 2601 2479 2480 
3 2479 2356 2480 
3 2603 2604 2480 
3 2246 2247 2130 
3 2246 2244 2355 
3 2246 2355 2247 
3 2247 2355 2357 
3 2481 2479 2602 
3 2481 2357 2479 
3 2357 2355 2479 
3 2601 2602 2479 
3 2021 2132 2020 
3 2021 2131 2134 
3 2132 2021 2134 
3 2131 2248 2134 
3 2130 2248 2131 
3 2130 2249 2248 
3 2130 2247 2249 
3 2357 2249 2247 
3 2360 2249 2357 
3 2481 2360 2357 
3 1806 1808 1707 
3 1806 1916 1917 
3 1808 1806 1917 
3 1916 2022 1917 
3 2020 2022 1916 
3 2020 2133 2022 
3 2020 2132 2133 
3 2134 2133 2132 
3 2250 2133 2134 
3 2248 2250 2134 
3 1606 1691 1592 
3 1606 1705 1706 
3 1691 1606 1706 
3 1705 1807 1706 
3 1707 1807 1705 
3 1707 1809 1807 
3 1707 1808 1809 
3 1917 1809 1808 
3 1918 1809 1917 
3 2022 1918 1917 
3 1499 1587 1498 
3 1499 1590 1591 
3 1587 1499 1591 
3 1590 1690 1591 
3 1592 1690 1590 
3 1592 1692 1690 
3 1592 1691 1692 
3 1706 1692 1691 
3 1789 1692 1706 
3 1807 1789 1706 
3 1186 1271 1185 
3 1186 1272 1273 
3 1271 1186 1273 
3 1272 1357 1358 
3 1273 1272 1358 
3 1357 1447 1448 
3 1358 1357 1448 
3 1447 1502 1538 
3 1448 1447 1538 
3 1502 1504 1593 
3 1538 1502 1593 
3 1504 1586 1594 
3 1593 1504 1594 
3 1586 1588 1594 
3 1498 1588 1586 
3 1498 1589 1588 
3 1498 1587 1589 
3 1591 1589 1587 
3 1687 1589 1591 
3 1690 1687 1591 
3 1354 1441 1440 
3 1442 1441 1354 
3 1442 1354 1355 
3 1355 1354 1270 
3 1271 1270 1185 
3 1271 1356 1270 
3 1356 1355 1270 
3 1273 1356 1271 
3 1359 1356 1273 
3 1358 1359 1273 
3 1449 1359 1358 
3 1448 1449 1358 
3 1539 1449 1448 
3 1538 1539 1448 
3 1630 1539 1538 
3 1593 1630 1538 
3 1693 1630 1593 
3 1594 1693 1593 
3 1685 1693 1594 
3 1588 1685 1594 
3 1441 1533 1532 
3 1441 1532 1440 
3 1440 1532 1496 
3 1442 1533 1441 
3 1496 1532 1584 
3 1532 1622 1584 
3 1682 1721 1778 
3 1683 1682 1778 
3 1622 1682 1584 
3 1721 1682 1622 
3 1683 1778 1684 
3 1778 1779 1684 
3 1872 1888 1982 
3 1872 1779 1888 
3 1872 1768 1779 
3 1768 1684 1779 
3 1870 1872 1982 
3 1870 1982 1871 
3 1871 1982 1983 
3 1768 1872 1870 
3 1871 1983 1882 
3 1983 1990 1882 
3 1988 2098 2099 
3 1989 1988 2099 
3 1990 1988 1882 
3 2098 1988 1990 
3 1989 2099 1991 
3 2099 2101 1991 
3 1991 2101 1993 
3 2101 2103 1993 
3 2104 2102 1993 
3 2104 1993 2105 
3 2105 1993 2103 
3 2102 2104 2214 
3 2104 2105 2216 
3 2325 2216 2326 
3 2217 2216 2325 
3 2217 2104 2216 
3 2217 2214 2104 
3 2217 2327 2221 
3 2325 2327 2217 
3 2221 2332 2318 
3 2327 2332 2221 
3 2436 2435 2318 
3 2437 2436 2318 
3 2318 2332 2437 
3 2325 2326 2443 
3 2327 2325 2443 
3 2444 2327 2443 
3 2332 2327 2444 
3 2452 2332 2453 
3 2453 2332 2444 
3 2452 2437 2332 
3 3645 3643 3496 
3 3645 3646 3784 
3 3643 3645 3784 
3 3646 3780 3787 
3 3784 3646 3787 
3 3780 3928 3787 
3 3497 3641 3500 
3 3497 3345 3495 
3 3497 3495 3641 
3 3641 3495 3642 
3 3643 3495 3496 
3 3643 3644 3495 
3 3644 3642 3495 
3 3784 3644 3643 
3 3785 3644 3784 
3 3787 3785 3784 
3 3933 3785 3787 
3 4067 4068 3933 
3 3935 4067 3933 
3 3935 3933 3787 
3 3935 3787 3928 
3 4072 4202 4067 
3 4067 3935 4072 
3 3494 3497 3500 
3 3494 3500 3349 
3 3349 3500 3501 
3 3345 3497 3494 
3 4067 4203 4068 
3 4341 4203 4202 
3 4202 4203 4067 
3 4341 4342 4203 
3 4471 4343 4342 
3 4342 4343 4203 
3 4471 4472 4343 
3 4472 4475 4346 
3 4472 4346 4343 
3 3499 3502 3352 
3 3351 3499 3352 
3 3501 3499 3349 
3 3502 3499 3501 
3 4476 4347 4475 
3 4475 4347 4346 
3 4476 4477 4347 
3 4608 4609 4478 
3 4608 4478 4477 
3 4477 4478 4347 
3 4609 4610 4478 
3 4715 4716 4585 
3 3351 3352 3211 
3 3352 3212 3211 
3 4718 4586 4588 
3 4719 4718 4588 
3 4719 4588 4717 
3 4717 4588 4585 
3 4716 4717 4585 
3 4586 4587 4459 
3 4459 4588 4586 
3 3211 3212 3073 
3 3072 3211 3073 
3 3073 2937 3072 
3 3074 2937 3073 
3 4587 4589 4459 
3 4589 4590 4460 
3 4460 4459 4589 
3 2937 3074 2938 
3 2812 2937 2938 
3 2813 2939 2940 
3 2813 2812 2939 
3 2812 2938 2939 
3 2939 2942 2940 
3 4720 4591 4590 
3 4590 4591 4460 
3 4720 4721 4591 
3 4594 4592 4591 
3 4722 4723 4594 
3 4722 4594 4591 
3 4721 4722 4591 
3 4724 4595 4723 
3 4723 4595 4594 
3 2813 2940 2814 
3 2906 2941 2908 
3 2814 2941 2906 
3 2814 2942 2941 
3 2814 2940 2942 
3 2941 3040 2908 
3 4594 4463 4592 
3 4463 4594 4595 
3 4463 4595 4593 
3 4593 4595 4598 
3 2908 2907 2780 
3 2906 2908 2780 
3 3041 2908 3040 
3 3041 3039 2908 
3 3039 2907 2908 
3 3041 3175 3039 
3 4598 4465 4593 
3 4599 4465 4600 
3 4600 4465 4598 
3 4599 4731 4601 
3 4601 4465 4599 
3 4596 4465 4601 
3 2780 2907 2779 
3 2786 2779 2907 
3 2786 2907 2914 
3 2914 2907 3039 
3 3176 3039 3175 
3 3176 3047 3039 
3 3047 2914 3039 
3 3176 3050 3047 
3 4601 4597 4596 
3 4727 4597 4601 
3 4597 4727 4728 
3 4729 4597 4728 
3 2786 2914 2787 
3 2915 2787 2914 
3 3047 2915 2914 
3 3048 3049 3185 
3 2915 3049 3048 
3 2915 3050 3049 
3 2915 3047 3050 
3 3185 3186 3322 
3 3049 3186 3185 
3 3186 3323 3322 
3 4728 4733 4729 
3 4857 4733 4728 
3 4733 4857 4858 
3 4859 4733 4858 
3 3048 3185 3051 
3 3182 3051 3185 
3 3182 3185 3321 
3 3321 3185 3322 
3 3473 3322 3323 
3 3473 3472 3322 
3 3472 3321 3322 
3 3473 3620 3472 
3 4858 4982 4859 
3 4859 4982 4860 
3 3182 3321 3183 
3 3318 3183 3321 
3 3318 3321 3468 
3 3468 3321 3472 
3 3471 3472 3620 
3 3468 3472 3471 
3 4982 4983 4860 
3 5104 4983 4982 
3 4983 5104 4985 
3 4863 4983 4985 
3 3318 3468 3319 
3 3469 3470 3612 
3 3319 3470 3469 
3 3319 3471 3470 
3 3319 3468 3471 
3 3470 3618 3612 
3 4985 4986 4863 
3 4863 4986 4987 
3 3612 3613 3463 
3 3469 3612 3463 
3 3616 3612 3618 
3 3613 3612 3616 
3 4986 5105 4987 
3 5241 5105 5112 
3 5112 5105 4986 
3 5241 5357 5242 
3 5242 5105 5241 
3 5106 5105 5242 
3 3463 3613 3464 
3 3614 3615 3729 
3 3464 3615 3614 
3 3464 3616 3615 
3 3464 3613 3616 
3 3615 3753 3729 
3 5242 5243 5106 
3 5106 5243 5244 
3 3729 3730 3586 
3 3614 3729 3586 
3 3732 3729 3753 
3 3730 3729 3732 
3 5243 5362 5244 
3 5497 5362 5361 
3 5361 5362 5243 
3 5497 5627 5492 
3 5492 5362 5497 
3 5352 5362 5492 
3 3586 3730 3587 
3 3588 3731 3733 
3 3587 3731 3588 
3 3587 3732 3731 
3 3587 3730 3732 
3 3731 3879 3733 
3 5630 5720 5631 
3 5630 5631 5492 
3 5631 5493 5492 
3 5493 5352 5492 
3 5720 5721 5631 
3 3733 3726 3589 
3 3588 3733 3589 
3 3876 3733 3879 
3 3726 3733 3876 
3 5631 5632 5493 
3 5721 5722 5632 
3 5721 5632 5631 
3 5722 5723 5633 
3 5633 5632 5722 
3 5723 5724 5633 
3 3726 3727 3583 
3 3589 3726 3583 
3 3877 3726 3876 
3 3877 3878 3726 
3 3878 3727 3726 
3 3877 4022 3878 
3 5724 5655 5633 
3 5655 5656 5557 
3 5557 5633 5655 
3 3727 3728 3584 
3 3583 3727 3584 
3 3878 3847 3727 
3 3847 3728 3727 
3 3989 3878 4022 
3 3847 3878 3989 
3 5656 5657 5557 
3 5657 5658 5558 
3 5558 5557 5657 
3 3728 3698 3585 
3 3584 3728 3585 
3 3846 3847 3988 
3 3846 3698 3847 
3 3698 3728 3847 
3 3989 3988 3847 
3 5658 5659 5558 
3 5659 5660 5559 
3 5559 5558 5659 
3 3698 3694 3554 
3 3585 3698 3554 
3 3842 3698 3846 
3 3694 3698 3842 
3 5660 5661 5559 
3 5661 5663 5561 
3 5561 5559 5661 
3 3553 3550 3403 
3 3553 3554 3694 
3 3553 3694 3550 
3 3550 3694 3695 
3 3843 3694 3842 
3 3695 3694 3843 
3 5663 5664 5561 
3 5732 5733 5665 
3 3550 3551 3399 
3 3403 3550 3399 
3 3695 3696 3550 
3 3696 3551 3550 
3 3844 3695 3843 
3 3696 3695 3844 
3 5733 5734 5665 
3 5734 5735 5666 
3 5666 5665 5734 
3 3551 3552 3400 
3 3399 3551 3400 
3 3697 3696 3845 
3 3697 3552 3696 
3 3552 3551 3696 
3 3844 3845 3696 
3 5735 5736 5666 
3 5736 5667 5666 
3 3552 3406 3401 
3 3400 3552 3401 
3 3555 3552 3697 
3 3406 3552 3555 
3 3402 3261 3257 
3 3402 3401 3406 
3 3402 3406 3261 
3 3261 3406 3407 
3 3556 3406 3555 
3 3407 3406 3556 
3 3261 3262 3125 
3 3257 3261 3125 
3 3408 3407 3557 
3 3408 3262 3407 
3 3262 3261 3407 
3 3556 3557 3407 
3 3124 3122 2987 
3 3124 3258 3122 
3 3125 3258 3124 
3 3125 3263 3258 
3 3125 3262 3263 
3 3408 3263 3262 
3 2985 2986 2854 
3 2985 2987 3122 
3 2985 3122 2986 
3 2986 3122 3123 
3 3259 3122 3258 
3 3123 3122 3259 
3 2986 2989 2856 
3 2854 2986 2856 
3 3126 3123 3260 
3 3126 2989 3123 
3 2989 2986 3123 
3 3259 3260 3123 
3 2857 2858 2725 
3 2857 2990 2858 
3 2856 2990 2857 
3 2856 2991 2990 
3 2856 2989 2991 
3 3126 2991 2989 
3 2726 2729 2603 
3 2726 2859 2729 
3 2725 2859 2726 
3 2725 2860 2859 
3 2725 2858 2860 
3 2990 2860 2858 
3 2604 2727 2601 
3 2604 2730 2727 
3 2603 2730 2604 
3 2603 2731 2730 
3 2603 2729 2731 
3 2859 2731 2729 
3 2602 2483 2481 
3 2602 2607 2483 
3 2601 2607 2602 
3 2601 2728 2607 
3 2601 2727 2728 
3 2730 2728 2727 
3 2249 2358 2248 
3 2361 2358 2249 
3 2361 2249 2362 
3 2362 2249 2360 
3 2483 2360 2481 
3 2483 2484 2360 
3 2484 2362 2360 
3 2607 2484 2483 
3 2133 2023 2022 
3 2133 2250 2135 
3 2023 2133 2135 
3 2250 2251 2135 
3 2248 2251 2250 
3 2248 2359 2251 
3 2248 2358 2359 
3 2361 2359 2358 
3 1809 1901 1807 
3 1919 1901 1809 
3 1919 1809 1920 
3 1920 1809 1918 
3 2023 1918 2022 
3 2023 2024 1918 
3 2024 1920 1918 
3 2135 2024 2023 
3 2136 2024 2135 
3 2251 2136 2135 
3 1692 1782 1690 
3 1790 1782 1692 
3 1790 1692 1791 
3 1791 1692 1789 
3 1901 1789 1807 
3 1901 1902 1789 
3 1902 1791 1789 
3 1919 1902 1901 
3 1589 1686 1588 
3 1688 1686 1589 
3 1688 1589 1689 
3 1689 1589 1687 
3 1782 1687 1690 
3 1782 1783 1687 
3 1783 1689 1687 
3 1790 1783 1782 
3 1355 1443 1442 
3 1355 1356 1444 
3 1443 1355 1444 
3 1445 1444 1356 
3 1445 1356 1446 
3 1446 1356 1359 
3 1449 1450 1359 
3 1359 1450 1446 
3 1539 1540 1449 
3 1449 1540 1450 
3 1631 1632 1540 
3 1631 1540 1630 
3 1630 1540 1539 
3 1731 1631 1630 
3 1731 1630 1732 
3 1732 1630 1693 
3 1685 1780 1693 
3 1693 1780 1732 
3 1686 1685 1588 
3 1686 1781 1685 
3 1781 1780 1685 
3 1688 1781 1686 
3 1533 1624 1623 
3 1532 1533 1623 
3 1443 1533 1442 
3 1443 1534 1533 
3 1534 1624 1533 
3 1444 1534 1443 
3 1535 1534 1444 
3 1445 1535 1444 
3 1631 1733 1632 
3 1731 1733 1631 
3 1532 1623 1622 
3 1623 1722 1622 
3 1721 1823 1824 
3 1778 1721 1824 
3 1722 1721 1622 
3 1823 1721 1722 
3 1778 1824 1779 
3 1824 1889 1779 
3 1888 1996 1997 
3 1982 1888 1997 
3 1889 1888 1779 
3 1996 1888 1889 
3 1982 1997 1983 
3 1997 2093 1983 
3 1983 2093 1990 
3 2093 2100 1990 
3 2098 2210 2211 
3 2099 2098 2211 
3 2100 2098 1990 
3 2210 2098 2100 
3 2099 2211 2101 
3 2211 2213 2101 
3 2101 2213 2103 
3 2213 2215 2103 
3 2103 2215 2105 
3 2215 2218 2105 
3 2219 2216 2105 
3 2219 2105 2220 
3 2220 2105 2218 
3 2216 2219 2326 
3 2219 2220 2329 
3 2326 2219 2329 
3 2326 2329 2443 
3 2443 2329 2446 
3 2444 2443 2564 
3 2443 2446 2564 
3 2565 2453 2444 
3 2566 2565 2444 
3 2566 2444 2564 
3 3641 3647 3500 
3 3781 3647 3641 
3 3781 3641 3782 
3 3782 3641 3642 
3 3644 3783 3642 
3 3642 3783 3782 
3 3785 3786 3644 
3 3644 3786 3783 
3 3933 3934 3785 
3 3785 3934 3786 
3 3934 3933 4068 
3 4069 3934 4068 
3 3647 3788 3648 
3 3647 3648 3500 
3 3500 3648 3501 
3 3781 3788 3647 
3 4068 4204 4069 
3 4203 4204 4068 
3 4343 4344 4203 
3 4203 4344 4204 
3 4344 4343 4346 
3 4211 4344 4346 
3 3502 3505 3354 
3 3352 3502 3354 
3 3648 3502 3501 
3 3505 3502 3648 
3 4346 4212 4211 
3 4347 4212 4346 
3 4478 4348 4347 
3 4347 4348 4212 
3 4611 4479 4610 
3 4610 4479 4478 
3 4478 4479 4348 
3 4611 4715 4585 
3 4585 4479 4611 
3 4474 4479 4585 
3 3353 3213 3212 
3 3353 3212 3354 
3 3354 3212 3352 
3 3353 3215 3213 
3 4584 4585 4588 
3 4584 4457 4585 
3 4457 4474 4585 
3 4588 4459 4584 
3 3212 3213 3073 
3 3074 3214 3075 
3 3073 3214 3074 
3 3073 3215 3214 
3 3073 3213 3215 
3 3214 3216 3075 
3 4584 4458 4457 
3 4458 4584 4459 
3 4458 4459 4332 
3 4332 4459 4460 
3 3074 3075 2938 
3 3075 3216 3076 
3 3075 3076 2938 
3 2938 3076 2939 
3 3076 2942 2939 
3 3079 2942 3076 
3 4461 4460 4591 
3 4461 4333 4460 
3 4333 4332 4460 
3 4591 4592 4461 
3 2942 3079 3077 
3 2941 2942 3077 
3 3040 3078 3177 
3 3040 2941 3078 
3 2941 3077 3078 
3 3078 3179 3177 
3 4461 4334 4333 
3 4462 4335 4334 
3 4463 4462 4334 
3 4463 4334 4461 
3 4463 4461 4592 
3 4463 4593 4462 
3 3040 3177 3041 
3 3175 3178 3188 
3 3041 3178 3175 
3 3041 3179 3178 
3 3041 3177 3179 
3 3188 3316 3327 
3 3178 3316 3188 
3 3316 3466 3327 
3 4462 4336 4335 
3 4464 4337 4336 
3 4465 4464 4336 
3 4465 4336 4462 
3 4465 4462 4593 
3 4465 4596 4464 
3 3175 3188 3176 
3 3050 3176 3188 
3 3050 3188 3187 
3 3187 3188 3327 
3 3475 3327 3466 
3 3475 3324 3327 
3 3324 3187 3327 
3 3475 3326 3324 
3 4464 4466 4337 
3 4602 4467 4466 
3 4597 4602 4466 
3 4597 4466 4464 
3 4597 4464 4596 
3 4597 4729 4602 
3 3050 3187 3049 
3 3186 3049 3187 
3 3324 3186 3187 
3 3323 3325 3474 
3 3186 3325 3323 
3 3186 3326 3325 
3 3186 3324 3326 
3 3325 3476 3474 
3 4602 4603 4467 
3 4734 4604 4603 
3 4733 4734 4603 
3 4733 4603 4602 
3 4733 4602 4729 
3 4733 4859 4734 
3 3323 3474 3473 
3 3620 3622 3621 
3 3473 3622 3620 
3 3473 3476 3622 
3 3473 3474 3476 
3 3622 3758 3621 
3 4734 4735 4604 
3 4735 4734 4859 
3 4735 4859 4736 
3 4736 4859 4860 
3 3621 3619 3471 
3 3620 3621 3471 
3 3759 3621 3758 
3 3759 3757 3621 
3 3757 3619 3621 
3 3759 3904 3757 
3 4861 4860 4983 
3 4861 4737 4860 
3 4737 4736 4860 
3 4983 4863 4861 
3 3471 3619 3470 
3 3618 3470 3619 
3 3618 3619 3755 
3 3755 3619 3757 
3 3902 3757 3904 
3 3755 3757 3902 
3 4861 4739 4737 
3 4739 4861 4863 
3 4739 4863 4864 
3 4864 4863 4987 
3 3755 3754 3616 
3 3618 3755 3616 
3 3903 3755 3902 
3 3903 3901 3755 
3 3901 3754 3755 
3 3903 4048 3901 
3 4987 4984 4864 
3 5105 4984 4987 
3 4984 5105 5106 
3 5107 4984 5106 
3 3616 3754 3615 
3 3753 3615 3754 
3 3753 3754 3881 
3 3881 3754 3901 
3 4024 3901 4048 
3 3881 3901 4024 
3 5106 5244 5107 
3 5107 5244 5231 
3 3881 3880 3732 
3 3753 3881 3732 
3 4025 3881 4024 
3 4025 4023 3881 
3 4023 3880 3881 
3 4025 4158 4023 
3 5351 5244 5362 
3 5351 5232 5244 
3 5232 5231 5244 
3 5362 5352 5351 
3 3732 3880 3731 
3 3879 3731 3880 
3 3879 3880 4020 
3 4020 3880 4023 
3 4155 4023 4158 
3 4020 4023 4155 
3 5351 5233 5232 
3 5233 5351 5352 
3 5233 5352 5353 
3 5353 5352 5493 
3 4020 4021 3876 
3 3879 4020 3876 
3 4156 4020 4155 
3 4156 4157 4020 
3 4157 4021 4020 
3 4156 4293 4157 
3 5494 5493 5632 
3 5494 5354 5493 
3 5354 5353 5493 
3 5632 5633 5494 
3 3876 4021 3877 
3 4022 3877 4021 
3 4022 4021 4123 
3 4123 4021 4157 
3 4262 4157 4293 
3 4123 4157 4262 
3 5495 5354 5494 
3 5355 5354 5495 
3 5633 5557 5495 
3 5494 5633 5495 
3 4123 4119 3989 
3 4022 4123 3989 
3 4258 4123 4262 
3 4119 4123 4258 
3 5495 5496 5355 
3 5496 5495 5557 
3 5496 5557 5431 
3 5431 5557 5558 
3 3988 3985 3846 
3 3988 3989 4119 
3 3988 4119 3985 
3 3985 4119 4120 
3 4259 4119 4258 
3 4120 4119 4259 
3 5558 5559 5431 
3 5431 5559 5432 
3 3985 3986 3842 
3 3846 3985 3842 
3 4120 4121 3985 
3 4121 3986 3985 
3 4260 4120 4259 
3 4121 4120 4260 
3 5560 5561 5662 
3 5560 5432 5561 
3 5432 5559 5561 
3 5560 5662 5562 
3 3986 3987 3843 
3 3842 3986 3843 
3 4122 4121 4261 
3 4122 3987 4121 
3 3987 3986 4121 
3 4260 4261 4121 
3 5664 5731 5662 
3 5662 5561 5664 
3 5731 5732 5665 
3 5665 5662 5731 
3 5662 5665 5562 
3 5562 5665 5563 
3 3987 3848 3844 
3 3843 3987 3844 
3 3990 3987 4122 
3 3848 3987 3990 
3 5665 5666 5563 
3 5563 5666 5564 
3 3845 3699 3697 
3 3845 3844 3848 
3 3845 3848 3699 
3 3699 3848 3849 
3 3991 3848 3990 
3 3849 3848 3991 
3 5667 5668 5564 
3 5564 5666 5667 
3 5668 5669 5565 
3 5565 5564 5668 
3 3699 3700 3555 
3 3697 3699 3555 
3 3850 3849 3992 
3 3850 3700 3849 
3 3700 3699 3849 
3 3991 3992 3849 
3 5669 5566 5565 
3 5566 5567 5438 
3 5438 5565 5566 
3 3700 3701 3556 
3 3555 3700 3556 
3 3851 3700 3850 
3 3701 3700 3851 
3 5567 5568 5438 
3 5568 5569 5439 
3 5439 5438 5568 
3 3557 3409 3408 
3 3557 3558 3409 
3 3556 3558 3557 
3 3556 3702 3558 
3 3556 3701 3702 
3 3851 3702 3701 
3 5569 5570 5439 
3 5570 5571 5439 
3 3263 3405 3258 
3 3263 3408 3409 
3 3263 3409 3405 
3 3405 3409 3411 
3 3559 3409 3558 
3 3411 3409 3559 
3 3405 3264 3259 
3 3258 3405 3259 
3 3410 3411 3560 
3 3410 3264 3411 
3 3264 3405 3411 
3 3559 3560 3411 
3 3260 3127 3126 
3 3260 3259 3264 
3 3260 3264 3127 
3 3127 3264 3265 
3 3412 3264 3410 
3 3265 3264 3412 
3 2991 2992 2990 
3 2991 3126 3127 
3 2991 3127 2992 
3 2992 3127 3128 
3 3266 3265 3413 
3 3266 3128 3265 
3 3128 3127 3265 
3 3412 3413 3265 
3 2860 2864 2859 
3 2860 2990 2992 
3 2860 2992 2864 
3 2864 2992 2998 
3 3133 3128 3267 
3 3133 2998 3128 
3 2998 2992 3128 
3 3266 3267 3128 
3 2731 2862 2730 
3 2731 2859 2864 
3 2731 2864 2862 
3 2862 2864 2995 
3 3131 2998 3134 
3 3131 2995 2998 
3 2995 2864 2998 
3 3133 3134 2998 
3 2728 2733 2607 
3 2728 2861 2733 
3 2730 2861 2728 
3 2730 2863 2861 
3 2730 2862 2863 
3 2995 2863 2862 
3 2996 2863 2995 
3 3131 2996 2995 
3 2362 2485 2361 
3 2362 2484 2487 
3 2485 2362 2487 
3 2484 2608 2487 
3 2607 2608 2484 
3 2607 2734 2608 
3 2607 2733 2734 
3 2861 2734 2733 
3 2359 2363 2251 
3 2359 2482 2363 
3 2361 2482 2359 
3 2361 2486 2482 
3 2361 2485 2486 
3 2487 2486 2485 
3 2609 2486 2487 
3 2608 2609 2487 
3 1920 2025 1919 
3 1920 2024 2027 
3 2025 1920 2027 
3 2024 2136 2137 
3 2027 2024 2137 
3 2136 2252 2137 
3 2251 2252 2136 
3 2251 2364 2252 
3 2251 2363 2364 
3 2482 2364 2363 
3 1791 1891 1790 
3 1791 1902 1903 
3 1891 1791 1903 
3 1902 2010 1903 
3 1919 2010 1902 
3 1919 2026 2010 
3 1919 2025 2026 
3 2027 2026 2025 
3 2138 2026 2027 
3 2137 2138 2027 
3 2253 2138 2137 
3 2252 2253 2137 
3 1689 1784 1688 
3 1787 1784 1689 
3 1787 1689 1788 
3 1788 1689 1783 
3 1891 1783 1790 
3 1891 1892 1783 
3 1892 1788 1783 
3 1903 1892 1891 
3 1999 1892 1903 
3 2010 1999 1903 
3 1446 1536 1445 
3 1446 1450 1537 
3 1536 1446 1537 
3 1450 1540 1541 
3 1537 1450 1541 
3 1540 1632 1541 
3 1732 1835 1731 
3 1732 1780 1836 
3 1835 1732 1836 
3 1780 1781 1890 
3 1836 1780 1890 
3 1781 1785 1890 
3 1688 1785 1781 
3 1688 1786 1785 
3 1688 1784 1786 
3 1787 1786 1784 
3 1624 1723 1623 
3 1624 1534 1625 
3 1723 1624 1625 
3 1626 1625 1534 
3 1626 1534 1627 
3 1627 1534 1535 
3 1536 1535 1445 
3 1536 1628 1535 
3 1628 1627 1535 
3 1537 1628 1536 
3 1629 1628 1537 
3 1541 1629 1537 
3 1633 1629 1541 
3 1632 1633 1541 
3 1632 1733 1633 
3 1733 1734 1633 
3 1835 1733 1731 
3 1835 1837 1733 
3 1837 1734 1733 
3 1836 1837 1835 
3 1948 1837 1836 
3 1890 1948 1836 
3 1893 1948 1890 
3 1785 1893 1890 
3 1723 1725 1724 
3 1723 1724 1623 
3 1623 1724 1722 
3 1625 1725 1723 
3 1726 1725 1625 
3 1626 1726 1625 
3 1823 1825 1935 
3 1824 1823 1935 
3 1724 1823 1722 
3 1825 1823 1724 
3 1824 1935 1889 
3 1935 1998 1889 
3 1996 2108 2109 
3 1997 1996 2109 
3 1998 1996 1889 
3 2108 1996 1998 
3 1997 2109 2093 
3 2109 2206 2093 
3 2093 2206 2100 
3 2206 2212 2100 
3 2210 2320 2321 
3 2211 2210 2321 
3 2212 2210 2100 
3 2320 2210 2212 
3 2211 2321 2213 
3 2321 2323 2213 
3 2213 2323 2215 
3 2323 2324 2215 
3 2215 2324 2218 
3 2324 2328 2218 
3 2218 2328 2220 
3 2328 2330 2220 
3 2220 2330 2331 
3 2329 2220 2331 
3 2450 2331 2451 
3 2450 2446 2331 
3 2446 2329 2331 
3 2446 2568 2564 
3 2450 2568 2446 
3 2685 2566 2564 
3 2686 2685 2564 
3 2564 2568 2686 
3 2450 2451 2574 
3 2568 2450 2574 
3 2688 2568 2574 
3 2686 2568 2689 
3 2689 2568 2688 
3 2818 2689 2688 
3 3782 3930 3929 
3 3781 3782 3929 
3 3783 3931 3782 
3 3782 3931 3930 
3 3786 3932 3783 
3 3783 3932 3931 
3 4065 4066 3932 
3 4065 3932 3934 
3 3934 3932 3786 
3 3934 4069 4065 
3 3788 3789 3648 
3 3788 3790 3789 
3 3788 3781 3790 
3 3781 3929 3790 
3 4065 4201 4066 
3 4069 4201 4065 
3 4069 4204 4201 
3 4204 4216 4201 
3 4209 4210 4216 
3 4209 4216 4344 
3 4344 4216 4204 
3 4344 4211 4209 
3 3505 3503 3354 
3 3505 3504 3503 
3 3648 3504 3505 
3 3648 3649 3504 
3 3648 3789 3649 
3 3790 3649 3789 
3 4209 4077 4210 
3 4211 4077 4209 
3 4211 4212 4077 
3 4212 4213 4077 
3 4349 4214 4213 
3 4349 4213 4348 
3 4348 4213 4212 
3 4348 4479 4473 
3 4349 4348 4473 
3 4479 4474 4473 
3 3354 3503 3353 
3 3215 3358 3355 
3 3353 3358 3215 
3 3353 3504 3358 
3 3353 3503 3504 
3 3358 3357 3355 
3 4349 4215 4214 
3 4215 4345 4205 
3 4215 4349 4345 
3 4349 4473 4345 
3 4474 4457 4345 
3 4473 4474 4345 
3 3215 3355 3214 
3 3216 3356 3217 
3 3214 3356 3216 
3 3214 3357 3356 
3 3214 3355 3357 
3 3356 3219 3217 
3 4330 4205 4345 
3 4206 4205 4330 
3 4457 4458 4331 
3 4457 4331 4345 
3 4345 4331 4330 
3 4458 4332 4331 
3 3216 3217 3076 
3 3079 3218 3220 
3 3076 3218 3079 
3 3076 3219 3218 
3 3076 3217 3219 
3 3220 3359 3221 
3 3218 3359 3220 
3 3359 3223 3221 
3 4330 4207 4206 
3 4207 4195 4194 
3 4207 4330 4195 
3 4330 4331 4195 
3 4332 4333 4195 
3 4331 4332 4195 
3 3079 3220 3077 
3 3078 3077 3220 
3 3221 3078 3220 
3 3179 3222 3317 
3 3078 3222 3179 
3 3078 3223 3222 
3 3078 3221 3223 
3 3317 3362 3467 
3 3222 3362 3317 
3 3467 3509 3617 
3 3362 3509 3467 
3 3509 3654 3617 
3 4057 4194 4195 
3 4055 4194 4057 
3 4333 4334 4196 
3 4333 4196 4195 
3 4195 4196 4057 
3 4334 4335 4196 
3 3179 3317 3178 
3 3316 3178 3317 
3 3467 3316 3317 
3 3466 3316 3467 
3 3466 3467 3478 
3 3478 3467 3617 
3 3756 3617 3654 
3 3756 3624 3617 
3 3624 3478 3617 
3 3624 3762 3763 
3 3756 3762 3624 
3 3763 3908 3910 
3 3762 3908 3763 
3 4055 3910 3908 
3 4055 4057 3910 
3 4057 4058 3910 
3 4196 4060 4057 
3 4060 4058 4057 
3 4335 4336 4198 
3 4335 4198 4196 
3 4196 4198 4060 
3 4336 4337 4198 
3 3466 3478 3475 
3 3326 3475 3478 
3 3326 3478 3477 
3 3477 3478 3624 
3 3763 3625 3624 
3 3625 3477 3624 
3 3910 3764 3763 
3 3764 3625 3763 
3 4058 3911 3910 
3 3911 3764 3910 
3 4059 4060 4197 
3 4059 3911 4060 
3 3911 4058 4060 
3 4197 4199 4323 
3 4197 4060 4199 
3 4060 4198 4199 
3 4337 4466 4338 
3 4337 4338 4198 
3 4198 4338 4199 
3 4466 4467 4338 
3 3326 3477 3325 
3 3476 3325 3477 
3 3476 3477 3623 
3 3623 3477 3625 
3 3764 3760 3625 
3 3760 3623 3625 
3 3911 3905 3764 
3 3905 3760 3764 
3 4050 3911 4059 
3 3905 3911 4050 
3 4199 4339 4323 
3 4339 4340 4451 
3 4339 4199 4340 
3 4199 4338 4340 
3 4467 4603 4468 
3 4467 4468 4338 
3 4338 4468 4340 
3 4603 4604 4468 
3 3476 3623 3622 
3 3758 3622 3623 
3 3758 3623 3761 
3 3761 3623 3760 
3 3905 3906 3760 
3 3906 3761 3760 
3 4051 3905 4050 
3 3906 3905 4051 
3 4340 4469 4451 
3 4469 4470 4578 
3 4469 4340 4470 
3 4340 4468 4470 
3 4604 4735 4605 
3 4604 4605 4468 
3 4468 4605 4470 
3 4735 4736 4605 
3 3758 3761 3759 
3 3904 3759 3761 
3 3904 3761 3907 
3 3907 3761 3906 
3 4052 3906 4051 
3 4052 4053 3906 
3 4053 3907 3906 
3 4052 4190 4053 
3 4470 4606 4578 
3 4606 4607 4709 
3 4606 4470 4607 
3 4470 4605 4607 
3 4736 4737 4607 
3 4605 4736 4607 
3 3907 4049 3902 
3 3904 3907 3902 
3 4053 4054 3907 
3 4054 4049 3907 
3 4191 4053 4190 
3 4054 4053 4191 
3 4607 4738 4709 
3 4862 4847 4738 
3 4739 4862 4738 
3 4739 4738 4607 
3 4739 4607 4737 
3 4739 4864 4862 
3 3902 4049 3903 
3 4048 3903 4049 
3 4048 4049 4159 
3 4159 4049 4054 
3 4192 4054 4191 
3 4192 4193 4054 
3 4193 4159 4054 
3 4192 4328 4193 
3 4862 4970 4847 
3 5095 4971 4970 
3 4984 5095 4970 
3 4984 4970 4862 
3 4984 4862 4864 
3 4984 5107 5095 
3 4159 4160 4024 
3 4048 4159 4024 
3 4193 4294 4159 
3 4294 4160 4159 
3 4329 4193 4328 
3 4294 4193 4329 
3 5096 4971 5095 
3 4972 4971 5096 
3 5107 5231 5096 
3 5095 5107 5096 
3 4024 4160 4025 
3 4158 4025 4160 
3 4158 4160 4291 
3 4291 4160 4294 
3 4425 4294 4329 
3 4425 4423 4294 
3 4423 4291 4294 
3 4425 4552 4423 
3 5097 4972 5096 
3 4973 4972 5097 
3 5231 5232 5097 
3 5096 5231 5097 
3 4291 4292 4155 
3 4158 4291 4155 
3 4423 4424 4291 
3 4424 4292 4291 
3 4553 4423 4552 
3 4424 4423 4553 
3 5097 5098 4973 
3 5234 5099 5098 
3 5233 5234 5098 
3 5233 5098 5097 
3 5233 5097 5232 
3 5233 5353 5234 
3 4155 4292 4156 
3 4293 4156 4292 
3 4293 4292 4394 
3 4394 4292 4424 
3 4525 4424 4553 
3 4394 4424 4525 
3 5235 5099 5234 
3 5100 5099 5235 
3 5353 5354 5235 
3 5234 5353 5235 
3 4394 4391 4262 
3 4293 4394 4262 
3 4522 4394 4525 
3 4391 4394 4522 
3 5235 5236 5100 
3 5236 5235 5354 
3 5236 5354 5237 
3 5237 5354 5355 
3 4391 4392 4258 
3 4262 4391 4258 
3 4523 4391 4522 
3 4392 4391 4523 
3 5356 5355 5496 
3 5356 5238 5355 
3 5238 5237 5355 
3 5496 5431 5356 
3 4392 4393 4259 
3 4258 4392 4259 
3 4524 4392 4523 
3 4393 4392 4524 
3 5356 5295 5238 
3 5295 5356 5431 
3 5295 5431 5296 
3 5296 5431 5432 
3 4393 4263 4260 
3 4259 4393 4260 
3 4395 4393 4524 
3 4263 4393 4395 
3 5433 5432 5560 
3 5433 5297 5432 
3 5297 5296 5432 
3 5560 5562 5433 
3 4261 4124 4122 
3 4261 4260 4263 
3 4261 4263 4124 
3 4124 4263 4264 
3 4396 4263 4395 
3 4264 4263 4396 
3 5433 5434 5297 
3 5434 5433 5562 
3 5434 5562 5435 
3 5435 5562 5563 
3 4124 4125 3990 
3 4122 4124 3990 
3 4265 4264 4397 
3 4265 4125 4264 
3 4125 4124 4264 
3 4396 4397 4264 
3 5563 5564 5435 
3 5435 5564 5436 
3 4125 4126 3991 
3 3990 4125 3991 
3 4266 4125 4265 
3 4126 4125 4266 
3 5564 5565 5436 
3 5436 5565 5437 
3 3992 3993 3850 
3 3992 4127 3993 
3 3991 4127 3992 
3 3991 4128 4127 
3 3991 4126 4128 
3 4266 4128 4126 
3 5565 5438 5437 
3 5437 5438 5305 
3 3993 3994 3851 
3 3850 3993 3851 
3 4129 3993 4127 
3 3994 3993 4129 
3 5438 5439 5305 
3 5305 5439 5440 
3 3702 3703 3558 
3 3702 3852 3703 
3 3851 3852 3702 
3 3851 3995 3852 
3 3851 3994 3995 
3 4129 3995 3994 
3 5571 5572 5440 
3 5440 5439 5571 
3 5572 5573 5441 
3 5441 5440 5572 
3 3703 3704 3559 
3 3558 3703 3559 
3 3853 3703 3852 
3 3704 3703 3853 
3 5670 5737 5671 
3 5671 5575 5670 
3 5574 5670 5575 
3 5574 5575 5441 
3 5573 5574 5441 
3 5575 5671 5577 
3 3560 3561 3410 
3 3560 3705 3561 
3 3559 3705 3560 
3 3559 3706 3705 
3 3559 3704 3706 
3 3853 3706 3704 
3 5738 5739 5671 
3 5737 5738 5671 
3 5673 5577 5671 
3 5742 5673 5739 
3 5739 5673 5671 
3 3561 3562 3412 
3 3410 3561 3412 
3 3707 3561 3705 
3 3562 3561 3707 
3 5742 5786 5743 
3 5742 5743 5673 
3 5786 5787 5743 
3 3413 3414 3266 
3 3413 3563 3414 
3 3412 3563 3413 
3 3412 3564 3563 
3 3412 3562 3564 
3 3707 3564 3562 
3 5787 5744 5743 
3 3267 3273 3133 
3 3267 3415 3273 
3 3266 3415 3267 
3 3266 3416 3415 
3 3266 3414 3416 
3 3563 3416 3414 
3 3134 3269 3131 
3 3134 3274 3269 
3 3133 3274 3134 
3 3133 3275 3274 
3 3133 3273 3275 
3 3415 3275 3273 
3 2863 2993 2861 
3 2863 2996 2997 
3 2993 2863 2997 
3 2996 3132 2997 
3 3131 3132 2996 
3 3131 3270 3132 
3 3131 3269 3270 
3 3274 3270 3269 
3 2734 2735 2608 
3 2734 2865 2735 
3 2861 2865 2734 
3 2861 2994 2865 
3 2861 2993 2994 
3 2997 2994 2993 
3 3129 2994 2997 
3 3132 3129 2997 
3 2486 2605 2482 
3 2486 2609 2610 
3 2605 2486 2610 
3 2609 2736 2610 
3 2608 2736 2609 
3 2608 2737 2736 
3 2608 2735 2737 
3 2865 2737 2735 
3 2364 2365 2252 
3 2364 2488 2365 
3 2482 2488 2364 
3 2482 2606 2488 
3 2482 2605 2606 
3 2610 2606 2605 
3 2732 2606 2610 
3 2736 2732 2610 
3 2026 2111 2010 
3 2026 2138 2139 
3 2111 2026 2139 
3 2254 2139 2138 
3 2254 2138 2255 
3 2255 2138 2253 
3 2365 2253 2252 
3 2365 2366 2253 
3 2366 2255 2253 
3 2488 2366 2365 
3 1788 1898 1787 
3 1788 1892 1900 
3 1898 1788 1900 
3 2000 1900 1892 
3 2000 1892 2001 
3 2001 1892 1999 
3 2111 1999 2010 
3 2111 2112 1999 
3 2112 2001 1999 
3 2139 2112 2111 
3 2225 2112 2139 
3 2254 2225 2139 
3 1786 1894 1785 
3 1786 1897 1894 
3 1787 1897 1786 
3 1787 1899 1897 
3 1787 1898 1899 
3 1900 1899 1898 
3 2008 1899 1900 
3 2000 2008 1900 
3 1627 1727 1626 
3 1627 1628 1728 
3 1727 1627 1728 
3 1628 1629 1729 
3 1728 1628 1729 
3 1629 1633 1730 
3 1729 1629 1730 
3 1633 1734 1735 
3 1730 1633 1735 
3 1734 1837 1838 
3 1735 1734 1838 
3 1837 1948 1949 
3 1838 1837 1949 
3 1948 1893 2002 
3 1949 1948 2002 
3 1893 1895 2002 
3 1785 1895 1893 
3 1785 1896 1895 
3 1785 1894 1896 
3 1897 1896 1894 
3 1725 1826 1724 
3 1829 1826 1725 
3 1829 1725 1830 
3 1830 1725 1726 
3 1727 1726 1626 
3 1727 1831 1726 
3 1831 1830 1726 
3 1728 1831 1727 
3 1832 1831 1728 
3 1729 1832 1728 
3 1833 1832 1729 
3 1730 1833 1729 
3 1834 1833 1730 
3 1735 1834 1730 
3 1839 1834 1735 
3 1838 1839 1735 
3 1950 1839 1838 
3 1949 1950 1838 
3 2058 1950 1949 
3 2002 2058 1949 
3 2003 2058 2002 
3 1895 2003 2002 
3 1825 1936 1935 
3 1825 1827 1936 
3 1724 1827 1825 
3 1724 1828 1827 
3 1724 1826 1828 
3 1829 1828 1826 
3 1936 1937 2042 
3 1936 2042 1935 
3 1935 2042 1998 
3 1827 1937 1936 
3 2108 2222 2109 
3 2108 2110 2222 
3 2108 1998 2110 
3 1998 2042 2110 
3 2222 2224 2223 
3 2222 2223 2109 
3 2109 2223 2206 
3 2110 2224 2222 
3 2206 2223 2212 
3 2223 2322 2212 
3 2320 2438 2439 
3 2321 2320 2439 
3 2322 2320 2212 
3 2438 2320 2322 
3 2321 2439 2323 
3 2439 2441 2323 
3 2323 2441 2324 
3 2441 2442 2324 
3 2324 2442 2328 
3 2442 2445 2328 
3 2328 2445 2330 
3 2445 2447 2330 
3 2448 2331 2330 
3 2448 2330 2449 
3 2449 2330 2447 
3 2331 2448 2451 
3 2448 2449 2570 
3 2451 2448 2570 
3 2451 2570 2574 
3 2574 2570 2691 
3 2819 2691 2824 
3 2819 2688 2691 
3 2688 2574 2691 
3 2820 2688 2821 
3 2821 2688 2819 
3 2820 2822 2688 
3 2822 2818 2688 
3 2945 2946 2819 
3 2945 2819 2824 
3 2946 2821 2819 
3 3930 3791 3929 
3 3930 3931 3793 
3 3791 3930 3793 
3 3931 3932 3937 
3 3793 3931 3937 
3 3932 4066 3937 
3 3791 3650 3790 
3 3929 3791 3790 
3 3792 3793 3936 
3 3792 3650 3793 
3 3650 3791 3793 
3 3937 3936 3793 
3 4073 3936 3937 
3 4066 4073 3937 
3 4066 4201 4073 
3 4201 4081 4073 
3 4208 4080 4081 
3 4208 4081 4216 
3 4216 4081 4201 
3 4216 4210 4208 
3 3649 3506 3504 
3 3649 3790 3650 
3 3649 3650 3506 
3 3506 3650 3508 
3 3653 3650 3792 
3 3508 3650 3653 
3 4208 4076 4080 
3 3942 3941 4076 
3 4077 3942 4076 
3 4077 4076 4208 
3 4077 4208 4210 
3 4077 4213 4078 
3 3942 4077 4078 
3 4213 4214 4078 
3 3504 3506 3358 
3 3357 3358 3506 
3 3357 3506 3361 
3 3361 3506 3508 
3 3651 3508 3653 
3 3651 3507 3508 
3 3507 3361 3508 
3 3651 3652 3507 
3 3800 3941 3942 
3 3799 3941 3800 
3 4078 3943 3942 
3 3943 3800 3942 
3 4214 4215 4079 
3 4214 4079 4078 
3 4078 4079 3943 
3 4215 4205 4079 
3 3357 3361 3356 
3 3219 3356 3361 
3 3219 3361 3360 
3 3360 3361 3507 
3 3512 3507 3652 
3 3512 3364 3507 
3 3364 3360 3507 
3 3364 3513 3511 
3 3512 3513 3364 
3 3511 3657 3656 
3 3513 3657 3511 
3 3799 3656 3657 
3 3799 3800 3656 
3 3800 3797 3656 
3 3943 3939 3800 
3 3939 3797 3800 
3 4079 4074 3943 
3 4074 3939 3943 
3 4205 4206 4074 
3 4079 4205 4074 
3 3219 3360 3218 
3 3359 3218 3360 
3 3364 3359 3360 
3 3223 3359 3364 
3 3223 3364 3363 
3 3363 3364 3511 
3 3656 3510 3511 
3 3510 3363 3511 
3 3797 3655 3656 
3 3655 3510 3656 
3 3939 3798 3797 
3 3798 3655 3797 
3 4074 3940 3939 
3 3940 3798 3939 
3 4206 4207 4075 
3 4206 4075 4074 
3 4074 4075 3940 
3 4207 4194 4075 
3 3223 3363 3222 
3 3362 3222 3363 
3 3510 3362 3363 
3 3509 3362 3510 
3 3655 3509 3510 
3 3654 3509 3655 
3 3654 3655 3796 
3 3796 3655 3798 
3 3940 3909 3798 
3 3909 3796 3798 
3 4075 4056 3940 
3 4056 3909 3940 
3 4194 4055 4056 
3 4075 4194 4056 
3 3654 3796 3756 
3 3762 3756 3796 
3 3909 3762 3796 
3 3908 3762 3909 
3 4056 3908 3909 
3 4055 3908 4056 
3 4197 4187 4059 
3 4197 4323 4187 
3 4187 4188 4050 
3 4059 4187 4050 
3 4323 4339 4324 
3 4323 4324 4187 
3 4187 4324 4188 
3 4339 4451 4324 
3 4188 4189 4051 
3 4050 4188 4051 
3 4324 4325 4188 
3 4325 4189 4188 
3 4451 4469 4452 
3 4451 4452 4324 
3 4324 4452 4325 
3 4469 4578 4452 
3 4051 4189 4052 
3 4190 4052 4189 
3 4190 4189 4326 
3 4326 4189 4325 
3 4452 4453 4325 
3 4453 4326 4325 
3 4578 4606 4579 
3 4578 4579 4452 
3 4452 4579 4453 
3 4606 4709 4579 
3 4326 4327 4191 
3 4190 4326 4191 
3 4453 4454 4326 
3 4454 4327 4326 
3 4579 4580 4453 
3 4580 4454 4453 
3 4709 4738 4710 
3 4709 4710 4579 
3 4579 4710 4580 
3 4738 4847 4710 
3 4191 4327 4192 
3 4328 4192 4327 
3 4328 4327 4455 
3 4455 4327 4454 
3 4580 4581 4454 
3 4581 4455 4454 
3 4710 4711 4580 
3 4711 4581 4580 
3 4847 4970 4848 
3 4847 4848 4710 
3 4710 4848 4711 
3 4970 4971 4848 
3 4455 4456 4329 
3 4328 4455 4329 
3 4581 4582 4455 
3 4582 4456 4455 
3 4711 4712 4581 
3 4712 4582 4581 
3 4848 4849 4711 
3 4849 4712 4711 
3 4971 4972 4849 
3 4848 4971 4849 
3 4329 4456 4425 
3 4552 4425 4456 
3 4552 4456 4583 
3 4583 4456 4582 
3 4712 4713 4582 
3 4713 4583 4582 
3 4849 4850 4712 
3 4850 4713 4712 
3 4972 4973 4850 
3 4849 4972 4850 
3 4583 4655 4553 
3 4552 4583 4553 
3 4713 4714 4583 
3 4714 4655 4583 
3 4850 4851 4713 
3 4851 4714 4713 
3 4973 5098 4974 
3 4973 4974 4850 
3 4850 4974 4851 
3 5098 5099 4974 
3 4655 4652 4525 
3 4553 4655 4525 
3 4714 4787 4655 
3 4787 4652 4655 
3 4851 4852 4714 
3 4852 4787 4714 
3 4974 4975 4851 
3 4975 4852 4851 
3 5099 5100 4975 
3 4974 5099 4975 
3 4652 4653 4522 
3 4525 4652 4522 
3 4787 4788 4652 
3 4788 4653 4652 
3 4852 4914 4787 
3 4914 4788 4787 
3 4975 4976 4852 
3 4976 4914 4852 
3 5100 5236 5101 
3 5100 5101 4975 
3 4975 5101 4976 
3 5236 5237 5101 
3 4653 4654 4523 
3 4522 4653 4523 
3 4788 4789 4653 
3 4789 4654 4653 
3 4914 4915 4788 
3 4915 4789 4788 
3 4976 5038 4914 
3 5038 4915 4914 
3 5101 5102 4976 
3 5102 5038 4976 
3 5237 5238 5102 
3 5101 5237 5102 
3 4654 4526 4524 
3 4523 4654 4524 
3 4789 4656 4654 
3 4656 4526 4654 
3 4915 4790 4789 
3 4790 4656 4789 
3 5038 4916 4915 
3 4916 4790 4915 
3 5102 5039 5038 
3 5039 4916 5038 
3 5238 5295 5170 
3 5238 5170 5102 
3 5102 5170 5039 
3 5295 5296 5170 
3 4526 4527 4395 
3 4524 4526 4395 
3 4656 4657 4526 
3 4657 4527 4526 
3 4790 4791 4656 
3 4791 4657 4656 
3 4917 4916 5040 
3 4917 4791 4916 
3 4791 4790 4916 
3 5039 5040 4916 
3 5171 5040 5039 
3 5171 5172 5173 
3 5171 5039 5172 
3 5039 5170 5172 
3 5296 5297 5172 
3 5170 5296 5172 
3 4527 4528 4396 
3 4395 4527 4396 
3 4657 4658 4527 
3 4658 4528 4527 
3 4792 4791 4918 
3 4792 4658 4791 
3 4658 4657 4791 
3 4917 4918 4791 
3 5298 5173 5172 
3 5174 5173 5298 
3 5297 5434 5299 
3 5297 5299 5172 
3 5172 5299 5298 
3 5434 5435 5299 
3 4397 4398 4265 
3 4397 4396 4528 
3 4397 4528 4398 
3 4398 4528 4529 
3 4659 4658 4793 
3 4659 4529 4658 
3 4529 4528 4658 
3 4792 4793 4658 
3 5298 5300 5174 
3 5300 5301 5177 
3 5300 5298 5301 
3 5298 5299 5301 
3 5435 5436 5301 
3 5299 5435 5301 
3 4398 4268 4266 
3 4265 4398 4266 
3 4529 4399 4398 
3 4399 4268 4398 
3 4530 4529 4659 
3 4399 4529 4530 
3 5302 5177 5301 
3 5178 5177 5302 
3 5436 5437 5302 
3 5301 5436 5302 
3 4128 4267 4127 
3 4128 4266 4268 
3 4128 4268 4267 
3 4267 4268 4270 
3 4401 4399 4531 
3 4401 4270 4399 
3 4270 4268 4399 
3 4530 4531 4399 
3 5303 5178 5302 
3 5179 5178 5303 
3 5437 5305 5303 
3 5302 5437 5303 
3 4267 4130 4129 
3 4127 4267 4129 
3 4269 4270 4400 
3 4269 4130 4270 
3 4130 4267 4270 
3 4401 4400 4270 
3 5303 5181 5179 
3 5181 5303 5305 
3 5181 5305 5306 
3 5306 5305 5440 
3 3995 3996 3852 
3 3995 4129 4130 
3 3995 4130 3996 
3 3996 4130 3999 
3 4134 4130 4269 
3 3999 4130 4134 
3 5440 5441 5306 
3 5306 5441 5442 
3 3996 3855 3853 
3 3852 3996 3853 
3 3998 3999 4132 
3 3998 3855 3999 
3 3855 3996 3999 
3 4134 4132 3999 
3 5441 5444 5442 
3 5575 5444 5441 
3 5444 5575 5577 
3 5578 5444 5577 
3 3706 3854 3705 
3 3706 3853 3855 
3 3706 3855 3854 
3 3854 3855 3997 
3 4000 3855 3998 
3 3997 3855 4000 
3 5579 5447 5446 
3 5579 5446 5578 
3 5579 5578 5673 
3 5673 5578 5577 
3 3854 3856 3707 
3 3705 3854 3707 
3 4001 3997 4131 
3 4001 3856 3997 
3 3856 3854 3997 
3 4000 4131 3997 
3 5579 5580 5447 
3 5580 5579 5673 
3 5580 5673 5674 
3 5674 5673 5743 
3 3564 3565 3563 
3 3564 3708 3565 
3 3707 3708 3564 
3 3707 3857 3708 
3 3707 3856 3857 
3 4001 3857 3856 
3 5744 5745 5674 
3 5674 5743 5744 
3 5745 5746 5675 
3 5675 5674 5745 
3 3416 3423 3415 
3 3416 3563 3565 
3 3416 3565 3423 
3 3423 3565 3574 
3 3709 3565 3708 
3 3574 3565 3709 
3 5746 5740 5675 
3 3275 3421 3274 
3 3275 3415 3423 
3 3275 3423 3421 
3 3421 3423 3571 
3 3714 3574 3716 
3 3714 3571 3574 
3 3571 3423 3574 
3 3709 3716 3574 
3 5747 5677 5676 
3 5748 5747 5676 
3 3270 3271 3132 
3 3270 3419 3271 
3 3274 3419 3270 
3 3274 3422 3419 
3 3274 3421 3422 
3 3571 3422 3421 
3 3572 3422 3571 
3 3714 3572 3571 
3 2994 2999 2865 
3 2994 3129 3130 
3 2999 2994 3130 
3 3129 3268 3130 
3 3132 3268 3129 
3 3132 3272 3268 
3 3132 3271 3272 
3 3419 3272 3271 
3 2737 2866 2736 
3 2737 2868 2866 
3 2865 2868 2737 
3 2865 3000 2868 
3 2865 2999 3000 
3 3130 3000 2999 
3 3135 3000 3130 
3 3268 3135 3130 
3 2606 2489 2488 
3 2606 2732 2611 
3 2489 2606 2611 
3 2732 2738 2611 
3 2736 2738 2732 
3 2736 2867 2738 
3 2736 2866 2867 
3 2868 2867 2866 
3 2255 2367 2254 
3 2255 2366 2369 
3 2367 2255 2369 
3 2366 2488 2489 
3 2366 2489 2369 
3 2369 2489 2492 
3 2614 2611 2739 
3 2614 2492 2611 
3 2492 2489 2611 
3 2738 2739 2611 
3 2001 2113 2000 
3 2001 2112 2116 
3 2113 2001 2116 
3 2112 2225 2226 
3 2116 2112 2226 
3 2225 2334 2226 
3 2254 2334 2225 
3 2254 2368 2334 
3 2254 2367 2368 
3 2369 2368 2367 
3 2490 2368 2369 
3 2492 2490 2369 
3 2612 2490 2492 
3 2614 2612 2492 
3 1899 2006 1897 
3 1899 2008 2009 
3 2006 1899 2009 
3 2008 2114 2009 
3 2000 2114 2008 
3 2000 2115 2114 
3 2000 2113 2115 
3 2116 2115 2113 
3 2230 2115 2116 
3 2226 2230 2116 
3 2335 2230 2226 
3 2334 2335 2226 
3 1896 2004 1895 
3 1896 2005 2004 
3 1897 2005 1896 
3 1897 2007 2005 
3 1897 2006 2007 
3 2009 2007 2006 
3 2120 2007 2009 
3 2114 2120 2009 
3 1830 1940 1829 
3 1830 1831 1942 
3 1940 1830 1942 
3 1831 1832 1943 
3 1942 1831 1943 
3 1944 1943 1832 
3 1944 1832 1945 
3 1945 1832 1833 
3 1946 2055 1945 
3 1946 1945 1834 
3 1834 1945 1833 
3 1834 1839 1947 
3 1946 1834 1947 
3 1839 1950 1951 
3 1947 1839 1951 
3 1950 2058 2059 
3 1951 1950 2059 
3 2168 2059 2058 
3 2168 2058 2117 
3 2117 2058 2003 
3 2004 2003 1895 
3 2004 2118 2003 
3 2118 2117 2003 
3 2005 2118 2004 
3 1828 1938 1827 
3 1828 1939 1938 
3 1829 1939 1828 
3 1829 1941 1939 
3 1829 1940 1941 
3 1942 1941 1940 
3 2049 1941 1942 
3 1943 2049 1942 
3 2051 2049 1943 
3 1944 2051 1943 
3 1946 2056 2055 
3 1947 2056 1946 
3 2057 2056 1947 
3 1951 2057 1947 
3 2060 2057 1951 
3 2059 2060 1951 
3 2169 2060 2059 
3 2168 2169 2059 
3 1937 2043 2044 
3 2042 1937 2044 
3 1938 1937 1827 
3 1938 2045 1937 
3 2045 2043 1937 
3 1939 2045 1938 
3 2042 2044 2110 
3 2044 2155 2110 
3 2224 2269 2333 
3 2223 2224 2333 
3 2155 2224 2110 
3 2269 2224 2155 
3 2223 2333 2322 
3 2333 2440 2322 
3 2438 2559 2560 
3 2439 2438 2560 
3 2440 2438 2322 
3 2559 2438 2440 
3 2439 2560 2441 
3 2560 2562 2441 
3 2441 2562 2442 
3 2562 2563 2442 
3 2442 2563 2445 
3 2563 2567 2445 
3 2445 2567 2447 
3 2567 2569 2447 
3 2447 2569 2449 
3 2569 2571 2449 
3 2572 2570 2449 
3 2572 2449 2573 
3 2573 2449 2571 
3 2570 2692 2691 
3 2572 2692 2570 
3 2691 2692 2824 
3 2572 2573 2694 
3 2692 2572 2694 
3 2825 2692 2694 
3 2824 2692 2825 
3 2948 2945 2824 
3 2948 2824 2825 
3 2949 2948 2825 
3 3936 3795 3792 
3 3936 4073 3938 
3 3795 3936 3938 
3 4073 4081 3945 
3 3938 4073 3945 
3 4081 4080 3945 
3 3795 3794 3653 
3 3792 3795 3653 
3 3938 3802 3795 
3 3802 3794 3795 
3 3945 3803 3938 
3 3803 3802 3938 
3 4080 4076 3944 
3 4080 3944 3945 
3 3945 3944 3803 
3 4076 3941 3944 
3 3653 3794 3651 
3 3652 3651 3794 
3 3652 3794 3658 
3 3658 3794 3802 
3 3803 3659 3802 
3 3659 3658 3802 
3 3944 3801 3803 
3 3801 3659 3803 
3 3941 3799 3801 
3 3944 3941 3801 
3 3652 3658 3512 
3 3513 3512 3658 
3 3659 3513 3658 
3 3657 3513 3659 
3 3801 3657 3659 
3 3799 3657 3801 
3 5040 4919 4917 
3 5040 5171 5041 
3 4919 5040 5041 
3 5171 5173 5041 
3 4918 4794 4792 
3 4918 4917 4919 
3 4918 4919 4794 
3 4794 4919 4920 
3 5041 5042 4919 
3 5042 4920 4919 
3 5173 5174 5042 
3 5041 5173 5042 
3 4793 4660 4659 
3 4793 4792 4794 
3 4793 4794 4660 
3 4660 4794 4795 
3 4920 4921 4794 
3 4921 4795 4794 
3 5042 5043 4920 
3 5043 4921 4920 
3 5174 5300 5175 
3 5174 5175 5042 
3 5042 5175 5043 
3 5300 5177 5175 
3 4660 4536 4530 
3 4659 4660 4530 
3 4795 4665 4660 
3 4665 4536 4660 
3 4921 4800 4795 
3 4800 4665 4795 
3 5043 4925 4921 
3 4925 4800 4921 
3 5175 5046 5043 
3 5046 4925 5043 
3 5177 5178 5046 
3 5175 5177 5046 
3 4531 4406 4401 
3 4531 4530 4536 
3 4531 4536 4406 
3 4406 4536 4535 
3 4664 4665 4799 
3 4664 4535 4665 
3 4535 4536 4665 
3 4800 4799 4665 
3 4924 4799 4800 
3 4924 4926 5044 
3 4924 4800 4926 
3 4800 4925 4926 
3 5046 5047 4925 
3 5047 4926 4925 
3 5178 5179 5047 
3 5046 5178 5047 
3 4400 4273 4269 
3 4400 4401 4406 
3 4400 4406 4273 
3 4273 4406 4403 
3 4534 4535 4663 
3 4534 4403 4535 
3 4403 4406 4535 
3 4664 4663 4535 
3 4926 5048 5044 
3 5047 5048 4926 
3 5180 5048 5047 
3 5304 5185 5180 
3 5181 5304 5180 
3 5181 5180 5047 
3 5181 5047 5179 
3 5181 5306 5304 
3 4273 4271 4134 
3 4269 4273 4134 
3 4402 4403 4532 
3 4402 4271 4403 
3 4271 4273 4403 
3 4534 4532 4403 
3 5309 5185 5304 
3 5186 5185 5309 
3 5306 5442 5309 
3 5304 5306 5309 
3 4132 4133 3998 
3 4132 4134 4271 
3 4132 4271 4133 
3 4133 4271 4272 
3 4404 4271 4402 
3 4272 4271 4404 
3 5309 5310 5186 
3 5445 5311 5310 
3 5444 5445 5310 
3 5444 5310 5309 
3 5444 5309 5442 
3 5444 5578 5445 
3 4133 4135 4000 
3 3998 4133 4000 
3 4274 4272 4405 
3 4274 4135 4272 
3 4135 4133 4272 
3 4404 4405 4272 
3 5446 5311 5445 
3 5446 5447 5311 
3 5447 5312 5311 
3 5578 5446 5445 
3 4131 4002 4001 
3 4131 4136 4002 
3 4000 4136 4131 
3 4000 4137 4136 
3 4000 4135 4137 
3 4274 4137 4135 
3 5581 5447 5580 
3 5581 5448 5447 
3 5448 5312 5447 
3 5580 5674 5581 
3 3857 3858 3708 
3 3857 4001 4002 
3 3857 4002 3858 
3 3858 4002 4003 
3 4138 4002 4136 
3 4003 4002 4138 
3 5582 5448 5581 
3 5576 5448 5582 
3 5674 5675 5582 
3 5581 5674 5582 
3 3858 3859 3709 
3 3708 3858 3709 
3 4004 4003 4139 
3 4004 3859 4003 
3 3859 3858 4003 
3 4138 4139 4003 
3 5672 5576 5582 
3 5583 5576 5672 
3 5740 5741 5672 
3 5672 5675 5740 
3 5582 5675 5672 
3 3716 3865 3714 
3 3716 3860 3865 
3 3709 3860 3716 
3 3709 3861 3860 
3 3709 3859 3861 
3 4004 3861 3859 
3 5676 5583 5672 
3 5677 5678 5583 
3 5583 5676 5677 
3 5679 5584 5678 
3 5678 5584 5583 
3 5748 5676 5741 
3 5741 5676 5672 
3 3422 3567 3419 
3 3422 3572 3573 
3 3567 3422 3573 
3 3572 3715 3573 
3 3714 3715 3572 
3 3714 3866 3715 
3 3714 3865 3866 
3 3860 3866 3865 
3 5585 5452 5451 
3 5585 5451 5586 
3 5586 5451 5584 
3 5680 5586 5584 
3 5679 5680 5584 
3 3272 3417 3268 
3 3272 3420 3417 
3 3419 3420 3272 
3 3419 3568 3420 
3 3419 3567 3568 
3 3573 3568 3567 
3 3710 3568 3573 
3 3715 3710 3573 
3 3000 3002 2868 
3 3000 3135 3136 
3 3002 3000 3136 
3 3135 3276 3136 
3 3268 3276 3135 
3 3268 3418 3276 
3 3268 3417 3418 
3 3420 3418 3417 
3 2867 2869 2738 
3 2867 3001 2869 
3 2868 3001 2867 
3 2868 3003 3001 
3 2868 3002 3003 
3 3136 3003 3002 
3 3137 3003 3136 
3 3276 3137 3136 
3 2739 2741 2614 
3 2739 2870 2741 
3 2738 2870 2739 
3 2738 2871 2870 
3 2738 2869 2871 
3 3001 2871 2869 
3 2368 2454 2334 
3 2368 2490 2491 
3 2454 2368 2491 
3 2490 2612 2613 
3 2491 2490 2613 
3 2612 2740 2613 
3 2614 2740 2612 
3 2614 2742 2740 
3 2614 2741 2742 
3 2870 2742 2741 
3 2115 2227 2114 
3 2115 2230 2231 
3 2227 2115 2231 
3 2230 2335 2339 
3 2231 2230 2339 
3 2335 2455 2339 
3 2334 2455 2335 
3 2334 2456 2455 
3 2334 2454 2456 
3 2491 2456 2454 
3 2578 2456 2491 
3 2613 2578 2491 
3 2701 2578 2613 
3 2740 2701 2613 
3 2007 2119 2005 
3 2007 2120 2121 
3 2119 2007 2121 
3 2120 2228 2121 
3 2114 2228 2120 
3 2114 2229 2228 
3 2114 2227 2229 
3 2231 2229 2227 
3 2337 2229 2231 
3 2339 2337 2231 
3 2458 2337 2339 
3 2455 2458 2339 
3 1945 2052 1944 
3 1945 2055 2052 
3 2117 2232 2168 
3 2117 2118 2233 
3 2232 2117 2233 
3 2118 2005 2119 
3 2118 2119 2233 
3 2233 2119 2234 
3 2235 2121 2236 
3 2235 2234 2121 
3 2234 2119 2121 
3 2228 2236 2121 
3 1941 2046 1939 
3 1941 2049 2050 
3 2046 1941 2050 
3 2049 2051 2161 
3 2050 2049 2161 
3 2051 2053 2161 
3 1944 2053 2051 
3 1944 2054 2053 
3 1944 2052 2054 
3 2055 2054 2052 
3 2055 2056 2054 
3 2056 2164 2054 
3 2166 2278 2164 
3 2166 2164 2057 
3 2057 2164 2056 
3 2057 2060 2167 
3 2166 2057 2167 
3 2060 2169 2170 
3 2167 2060 2170 
3 2169 2168 2232 
3 2169 2232 2170 
3 2170 2232 2282 
3 2340 2233 2341 
3 2340 2282 2233 
3 2282 2232 2233 
3 2234 2341 2233 
3 2342 2341 2234 
3 2235 2342 2234 
3 2043 2153 2044 
3 2043 2045 2154 
3 2153 2043 2154 
3 2045 2047 2154 
3 1939 2047 2045 
3 1939 2048 2047 
3 1939 2046 2048 
3 2050 2048 2046 
3 2159 2048 2050 
3 2161 2159 2050 
3 2162 2159 2161 
3 2053 2162 2161 
3 2166 2280 2278 
3 2167 2280 2166 
3 2281 2280 2167 
3 2170 2281 2167 
3 2283 2281 2170 
3 2282 2283 2170 
3 2399 2283 2282 
3 2340 2399 2282 
3 2153 2268 2156 
3 2153 2156 2044 
3 2044 2156 2155 
3 2154 2268 2153 
3 2157 2268 2154 
3 2047 2157 2154 
3 2269 2270 2384 
3 2333 2269 2384 
3 2156 2269 2155 
3 2270 2269 2156 
3 2333 2384 2440 
3 2384 2506 2440 
3 2559 2681 2560 
3 2559 2561 2681 
3 2559 2440 2561 
3 2440 2506 2561 
3 2681 2683 2682 
3 2681 2682 2560 
3 2560 2682 2562 
3 2561 2683 2681 
3 2562 2682 2563 
3 2682 2684 2563 
3 2563 2684 2567 
3 2684 2687 2567 
3 2567 2687 2569 
3 2687 2690 2569 
3 2569 2690 2571 
3 2690 2693 2571 
3 2571 2693 2573 
3 2693 2695 2573 
3 2696 2694 2573 
3 2696 2573 2697 
3 2697 2573 2695 
3 2694 2827 2825 
3 2696 2827 2694 
3 2950 2949 2825 
3 2950 2825 2951 
3 2827 2951 2825 
3 3082 2950 2951 
3 2696 2697 2829 
3 2827 2696 2829 
3 2953 2827 2829 
3 2951 2827 2953 
3 3083 2951 3084 
3 3084 2951 2953 
3 3083 3082 2951 
3 4799 4796 4664 
3 4799 4924 4922 
3 4796 4799 4922 
3 4924 5044 4922 
3 4663 4661 4534 
3 4663 4664 4796 
3 4663 4796 4661 
3 4661 4796 4797 
3 4922 4923 4796 
3 4923 4797 4796 
3 5044 5048 5045 
3 5044 5045 4922 
3 4922 5045 4923 
3 5048 5180 5176 
3 5045 5048 5176 
3 5180 5185 5176 
3 4532 4533 4402 
3 4532 4534 4661 
3 4532 4661 4533 
3 4533 4661 4662 
3 4797 4798 4661 
3 4798 4662 4661 
3 4923 4802 4797 
3 4802 4798 4797 
3 5045 4929 4923 
3 4929 4802 4923 
3 5176 5052 5045 
3 5052 4929 5045 
3 5185 5186 5052 
3 5176 5185 5052 
3 4533 4409 4404 
3 4402 4533 4404 
3 4662 4538 4533 
3 4538 4409 4533 
3 4798 4666 4662 
3 4666 4538 4662 
3 4801 4802 4927 
3 4801 4666 4802 
3 4666 4798 4802 
3 4929 4927 4802 
3 5049 4927 4929 
3 5049 5053 5182 
3 5049 4929 5053 
3 4929 5052 5053 
3 5186 5310 5187 
3 5186 5187 5052 
3 5052 5187 5053 
3 5310 5311 5187 
3 4405 4276 4274 
3 4405 4404 4409 
3 4405 4409 4276 
3 4276 4409 4410 
3 4538 4539 4409 
3 4539 4410 4409 
3 4667 4666 4803 
3 4667 4539 4666 
3 4539 4538 4666 
3 4801 4803 4666 
3 5053 5188 5182 
3 5188 5189 5307 
3 5188 5053 5189 
3 5053 5187 5189 
3 5311 5312 5189 
3 5187 5311 5189 
3 4137 4275 4136 
3 4137 4274 4276 
3 4137 4276 4275 
3 4275 4276 4407 
3 4410 4411 4276 
3 4411 4407 4276 
3 4540 4539 4668 
3 4540 4411 4539 
3 4411 4410 4539 
3 4667 4668 4539 
3 5313 5307 5189 
3 5308 5307 5313 
3 5312 5448 5313 
3 5189 5312 5313 
3 4275 4277 4138 
3 4136 4275 4138 
3 4407 4408 4275 
3 4408 4277 4275 
3 4537 4411 4541 
3 4537 4408 4411 
3 4408 4407 4411 
3 4540 4541 4411 
3 5443 5308 5313 
3 5314 5308 5443 
3 5448 5576 5443 
3 5313 5448 5443 
3 4139 4140 4004 
3 4139 4278 4140 
3 4138 4278 4139 
3 4138 4279 4278 
3 4138 4277 4279 
3 4408 4279 4277 
3 4412 4279 4408 
3 4537 4412 4408 
3 5449 5314 5443 
3 5315 5314 5449 
3 5576 5583 5449 
3 5443 5576 5449 
3 3861 4005 3860 
3 3861 4008 4005 
3 4004 4008 3861 
3 4004 4141 4008 
3 4004 4140 4141 
3 4278 4141 4140 
3 5450 5315 5449 
3 5316 5315 5450 
3 5583 5584 5450 
3 5449 5583 5450 
3 3866 3867 3715 
3 3866 4006 3867 
3 3860 4006 3866 
3 3860 4007 4006 
3 3860 4005 4007 
3 4008 4007 4005 
3 5451 5316 5450 
3 5452 5453 5316 
3 5316 5451 5452 
3 5454 5317 5453 
3 5453 5317 5316 
3 5584 5451 5450 
3 3568 3569 3420 
3 3568 3710 3711 
3 3569 3568 3711 
3 3710 3862 3711 
3 3715 3862 3710 
3 3715 3868 3862 
3 3715 3867 3868 
3 4006 3868 3867 
3 5454 5455 5317 
3 5455 5587 5456 
3 5456 5317 5455 
3 3418 3424 3276 
3 3418 3566 3424 
3 3420 3566 3418 
3 3420 3570 3566 
3 3420 3569 3570 
3 3711 3570 3569 
3 3712 3570 3711 
3 3862 3712 3711 
3 5587 5588 5456 
3 5588 5589 5456 
3 3003 3004 3001 
3 3003 3137 3138 
3 3004 3003 3138 
3 3137 3277 3138 
3 3276 3277 3137 
3 3276 3425 3277 
3 3276 3424 3425 
3 3566 3425 3424 
3 2871 2874 2870 
3 2871 3001 3004 
3 2871 3004 2874 
3 2874 3004 3008 
3 3141 3138 3278 
3 3141 3008 3138 
3 3008 3004 3138 
3 3277 3278 3138 
3 2742 2872 2740 
3 2742 2870 2874 
3 2742 2874 2872 
3 2872 2874 3005 
3 3139 3008 3142 
3 3139 3005 3008 
3 3005 2874 3008 
3 3141 3142 3008 
3 2456 2575 2455 
3 2456 2578 2579 
3 2575 2456 2579 
3 2578 2701 2702 
3 2579 2578 2702 
3 2701 2834 2702 
3 2740 2834 2701 
3 2740 2873 2834 
3 2740 2872 2873 
3 3005 2873 2872 
3 3006 2873 3005 
3 3139 3006 3005 
3 2229 2336 2228 
3 2229 2337 2338 
3 2336 2229 2338 
3 2337 2458 2459 
3 2338 2337 2459 
3 2458 2576 2459 
3 2455 2576 2458 
3 2455 2577 2576 
3 2455 2575 2577 
3 2579 2577 2575 
3 2699 2577 2579 
3 2702 2699 2579 
3 2831 2699 2702 
3 2834 2831 2702 
3 2236 2343 2235 
3 2236 2228 2336 
3 2236 2336 2343 
3 2343 2336 2457 
3 2460 2338 2461 
3 2460 2457 2338 
3 2457 2336 2338 
3 2459 2461 2338 
3 2580 2461 2459 
3 2576 2580 2459 
3 2054 2163 2053 
3 2054 2164 2165 
3 2163 2054 2165 
3 2164 2278 2165 
3 2341 2462 2340 
3 2341 2342 2463 
3 2462 2341 2463 
3 2342 2344 2463 
3 2235 2344 2342 
3 2235 2345 2344 
3 2235 2343 2345 
3 2457 2345 2343 
3 2468 2345 2457 
3 2460 2468 2457 
3 2048 2158 2047 
3 2048 2159 2160 
3 2158 2048 2160 
3 2274 2160 2159 
3 2274 2159 2275 
3 2275 2159 2162 
3 2163 2162 2053 
3 2163 2277 2162 
3 2277 2275 2162 
3 2165 2277 2163 
3 2279 2277 2165 
3 2278 2279 2165 
3 2278 2280 2279 
3 2280 2396 2279 
3 2281 2398 2280 
3 2280 2398 2396 
3 2400 2521 2398 
3 2400 2398 2283 
3 2283 2398 2281 
3 2401 2400 2283 
3 2401 2283 2402 
3 2402 2283 2399 
3 2462 2399 2340 
3 2462 2522 2399 
3 2522 2402 2399 
3 2463 2522 2462 
3 2464 2522 2463 
3 2344 2464 2463 
3 2268 2271 2156 
3 2383 2271 2268 
3 2383 2268 2272 
3 2272 2268 2157 
3 2158 2157 2047 
3 2158 2273 2157 
3 2273 2272 2157 
3 2160 2273 2158 
3 2276 2273 2160 
3 2274 2276 2160 
3 2400 2523 2521 
3 2401 2523 2400 
3 2270 2385 2386 
3 2384 2270 2386 
3 2271 2270 2156 
3 2271 2387 2270 
3 2387 2385 2270 
3 2383 2387 2271 
3 2384 2386 2506 
3 2386 2510 2506 
3 2506 2510 2561 
3 2510 2629 2561 
3 2683 2757 2815 
3 2682 2683 2815 
3 2629 2683 2561 
3 2757 2683 2629 
3 2682 2815 2684 
3 2815 2816 2684 
3 2684 2816 2687 
3 2816 2817 2687 
3 2687 2817 2690 
3 2817 2823 2690 
3 2690 2823 2693 
3 2823 2826 2693 
3 2693 2826 2695 
3 2826 2828 2695 
3 2830 2954 2959 
3 2830 2828 2954 
3 2830 2697 2828 
3 2697 2695 2828 
3 2830 2959 2956 
3 2957 2956 3091 
3 2829 2956 2957 
3 2829 2830 2956 
3 2829 2697 2830 
3 2829 2958 2953 
3 2957 2958 2829 
3 3086 3084 2953 
3 3087 3086 2953 
3 2953 2958 3087 
3 2957 3091 3093 
3 2958 2957 3093 
3 3094 2958 3095 
3 3095 2958 3093 
3 3094 3087 2958 
3 4927 4928 4801 
3 4927 5049 5050 
3 4928 4927 5050 
3 5049 5182 5050 
3 4803 4804 4667 
3 4803 4801 4928 
3 4803 4928 4804 
3 4804 4928 4930 
3 5050 5051 4928 
3 5051 4930 4928 
3 5182 5188 5183 
3 5182 5183 5050 
3 5050 5183 5051 
3 5188 5307 5183 
3 4668 4669 4540 
3 4668 4667 4804 
3 4668 4804 4669 
3 4669 4804 4805 
3 4930 4931 4804 
3 4931 4805 4804 
3 5051 5054 4930 
3 5054 4931 4930 
3 5183 5184 5051 
3 5184 5054 5051 
3 5307 5308 5184 
3 5183 5307 5184 
3 4541 4542 4537 
3 4541 4540 4669 
3 4541 4669 4542 
3 4542 4669 4670 
3 4805 4806 4669 
3 4806 4670 4669 
3 4931 4932 4805 
3 4932 4806 4805 
3 5054 5055 4931 
3 5055 4932 4931 
3 5184 5190 5054 
3 5190 5055 5054 
3 5308 5314 5190 
3 5184 5308 5190 
3 4279 4280 4278 
3 4279 4412 4413 
3 4280 4279 4413 
3 4412 4537 4542 
3 4412 4542 4413 
3 4413 4542 4543 
3 4670 4671 4542 
3 4671 4543 4542 
3 4806 4807 4670 
3 4807 4671 4670 
3 4932 4933 4806 
3 4933 4807 4806 
3 5055 5056 4932 
3 5056 4933 4932 
3 5190 5191 5055 
3 5191 5056 5055 
3 5314 5315 5191 
3 5190 5314 5191 
3 4141 4145 4008 
3 4141 4278 4280 
3 4141 4280 4145 
3 4145 4280 4281 
3 4413 4414 4280 
3 4414 4281 4280 
3 4544 4543 4672 
3 4544 4414 4543 
3 4414 4413 4543 
3 4671 4672 4543 
3 4808 4672 4671 
3 4807 4808 4671 
3 4934 4808 4807 
3 4933 4934 4807 
3 5057 4934 4933 
3 5057 5058 5059 
3 5057 4933 5058 
3 4933 5056 5058 
3 5191 5192 5056 
3 5192 5058 5056 
3 5315 5316 5192 
3 5191 5315 5192 
3 4007 4142 4006 
3 4007 4144 4142 
3 4008 4144 4007 
3 4008 4146 4144 
3 4008 4145 4146 
3 4281 4146 4145 
3 4282 4146 4281 
3 4414 4282 4281 
3 4415 4282 4414 
3 4544 4415 4414 
3 5058 5193 5059 
3 5193 5194 5195 
3 5193 5058 5194 
3 5058 5192 5194 
3 5316 5317 5194 
3 5192 5316 5194 
3 3868 4009 3862 
3 3868 4011 4009 
3 4006 4011 3868 
3 4006 4143 4011 
3 4006 4142 4143 
3 4144 4143 4142 
3 5318 5195 5194 
3 5319 5195 5318 
3 5317 5456 5318 
3 5194 5317 5318 
3 3570 3575 3566 
3 3570 3712 3713 
3 3575 3570 3713 
3 3712 3863 3713 
3 3862 3863 3712 
3 3862 4010 3863 
3 3862 4009 4010 
3 4011 4010 4009 
3 5318 5457 5319 
3 5457 5318 5456 
3 5457 5456 5590 
3 5589 5681 5590 
3 5589 5590 5456 
3 3425 3426 3277 
3 3425 3566 3575 
3 3425 3575 3426 
3 3426 3575 3576 
3 3717 3713 3864 
3 3717 3576 3713 
3 3576 3575 3713 
3 3863 3864 3713 
3 5681 5682 5590 
3 5682 5683 5591 
3 5591 5590 5682 
3 3278 3283 3141 
3 3278 3277 3426 
3 3278 3426 3283 
3 3283 3426 3431 
3 3579 3576 3718 
3 3579 3431 3576 
3 3431 3426 3576 
3 3717 3718 3576 
3 5687 5593 5686 
3 5686 5593 5592 
3 5686 5592 5684 
3 5684 5592 5591 
3 5685 5684 5591 
3 5683 5685 5591 
3 3142 3279 3139 
3 3142 3284 3279 
3 3141 3284 3142 
3 3141 3285 3284 
3 3141 3283 3285 
3 3431 3285 3283 
3 3432 3285 3431 
3 3579 3432 3431 
3 5687 5688 5593 
3 5688 5689 5593 
3 5689 5641 5593 
3 2873 2964 2834 
3 2873 3006 3007 
3 2964 2873 3007 
3 3006 3140 3007 
3 3139 3140 3006 
3 3139 3280 3140 
3 3139 3279 3280 
3 3284 3280 3279 
3 2577 2698 2576 
3 2577 2699 2700 
3 2698 2577 2700 
3 2699 2831 2832 
3 2700 2699 2832 
3 2831 2960 2832 
3 2834 2960 2831 
3 2834 2965 2960 
3 2834 2964 2965 
3 3007 2965 2964 
3 3101 2965 3007 
3 3140 3101 3007 
3 2461 2581 2460 
3 2584 2581 2461 
3 2584 2461 2585 
3 2585 2461 2580 
3 2698 2580 2576 
3 2698 2703 2580 
3 2703 2585 2580 
3 2700 2703 2698 
3 2833 2703 2700 
3 2832 2833 2700 
3 2961 2833 2832 
3 2960 2961 2832 
3 2345 2465 2344 
3 2345 2468 2469 
3 2465 2345 2469 
3 2468 2582 2469 
3 2460 2582 2468 
3 2460 2583 2582 
3 2460 2581 2583 
3 2584 2583 2581 
3 2275 2391 2274 
3 2275 2277 2394 
3 2391 2275 2394 
3 2277 2279 2395 
3 2394 2277 2395 
3 2279 2396 2397 
3 2395 2279 2397 
3 2396 2398 2519 
3 2397 2396 2519 
3 2398 2521 2519 
3 2402 2524 2401 
3 2402 2522 2525 
3 2524 2402 2525 
3 2522 2464 2586 
3 2525 2522 2586 
3 2464 2466 2586 
3 2344 2466 2464 
3 2344 2467 2466 
3 2344 2465 2467 
3 2469 2467 2465 
3 2591 2467 2469 
3 2582 2591 2469 
3 2272 2388 2383 
3 2272 2273 2389 
3 2388 2272 2389 
3 2273 2276 2390 
3 2389 2273 2390 
3 2276 2392 2390 
3 2274 2392 2276 
3 2274 2393 2392 
3 2274 2391 2393 
3 2394 2393 2391 
3 2516 2393 2394 
3 2395 2516 2394 
3 2518 2516 2395 
3 2397 2518 2395 
3 2520 2518 2397 
3 2519 2520 2397 
3 2639 2520 2519 
3 2521 2639 2519 
3 2521 2523 2639 
3 2523 2641 2639 
3 2524 2523 2401 
3 2524 2642 2523 
3 2642 2641 2523 
3 2525 2642 2524 
3 2643 2642 2525 
3 2586 2643 2525 
3 2587 2643 2586 
3 2466 2587 2586 
3 2385 2507 2386 
3 2508 2507 2385 
3 2508 2385 2509 
3 2509 2385 2387 
3 2388 2387 2383 
3 2388 2512 2387 
3 2512 2509 2387 
3 2389 2512 2388 
3 2513 2512 2389 
3 2390 2513 2389 
3 2514 2513 2390 
3 2392 2514 2390 
3 2507 2626 2511 
3 2507 2511 2386 
3 2386 2511 2510 
3 2508 2626 2507 
3 2510 2511 2629 
3 2511 2630 2629 
3 2757 2889 2815 
3 2757 2758 2889 
3 2757 2629 2758 
3 2629 2630 2758 
3 2889 2890 2943 
3 2889 2943 2815 
3 2815 2943 2816 
3 2758 2890 2889 
3 2816 2943 2817 
3 2943 2944 2817 
3 2817 2944 2823 
3 2944 2947 2823 
3 2823 2947 2826 
3 2947 2952 2826 
3 2826 2952 2828 
3 2952 2955 2828 
3 2954 3088 3089 
3 2959 2954 3089 
3 2955 2954 2828 
3 3088 2954 2955 
3 3092 2956 2959 
3 3092 2959 3096 
3 3096 2959 3089 
3 2956 3092 3091 
3 3230 3092 3096 
3 3233 3230 3096 
3 3091 3229 3093 
3 3091 3092 3229 
3 3092 3230 3229 
3 3231 3095 3093 
3 3231 3093 3232 
3 3229 3232 3093 
3 3374 3231 3232 
3 3230 3233 3372 
3 3229 3230 3372 
3 3373 3229 3372 
3 3232 3229 3373 
3 3375 3232 3376 
3 3376 3232 3373 
3 3375 3374 3232 
3 4672 4545 4544 
3 4672 4808 4673 
3 4545 4672 4673 
3 4808 4934 4809 
3 4673 4808 4809 
3 4934 5057 4935 
3 4809 4934 4935 
3 5057 5059 4935 
3 4146 4147 4144 
3 4146 4282 4283 
3 4147 4146 4283 
3 4282 4415 4416 
3 4283 4282 4416 
3 4415 4544 4545 
3 4415 4545 4416 
3 4416 4545 4546 
3 4674 4673 4810 
3 4674 4546 4673 
3 4546 4545 4673 
3 4809 4810 4673 
3 4936 4810 4809 
3 4936 4937 5061 
3 4936 4809 4937 
3 4809 4935 4937 
3 5059 5193 5060 
3 5059 5060 4935 
3 4935 5060 4937 
3 5193 5195 5060 
3 4143 4013 4011 
3 4143 4144 4147 
3 4143 4147 4013 
3 4013 4147 4148 
3 4284 4283 4417 
3 4284 4148 4283 
3 4148 4147 4283 
3 4416 4417 4283 
3 4547 4417 4416 
3 4546 4547 4416 
3 4675 4547 4546 
3 4674 4675 4546 
3 4937 5062 5061 
3 5060 5062 4937 
3 5196 5062 5060 
3 5196 5060 5195 
3 5196 5195 5320 
3 5320 5195 5319 
3 4010 3870 3863 
3 4010 4011 4013 
3 4010 4013 3870 
3 3870 4013 4014 
3 4149 4148 4285 
3 4149 4014 4148 
3 4014 4013 4148 
3 4284 4285 4148 
3 5458 5319 5457 
3 5458 5322 5319 
3 5322 5320 5319 
3 5457 5590 5458 
3 3864 3721 3717 
3 3864 3863 3870 
3 3864 3870 3721 
3 3721 3870 3871 
3 4015 4014 4150 
3 4015 3871 4014 
3 3871 3870 4014 
3 4149 4150 4014 
3 5459 5322 5458 
3 5460 5322 5459 
3 5590 5591 5459 
3 5458 5590 5459 
3 3718 3580 3579 
3 3718 3717 3721 
3 3718 3721 3580 
3 3580 3721 3722 
3 3872 3871 4016 
3 3872 3722 3871 
3 3722 3721 3871 
3 4015 4016 3871 
3 5592 5460 5459 
3 5592 5593 5460 
3 5593 5528 5460 
3 5591 5592 5459 
3 3285 3427 3284 
3 3285 3432 3433 
3 3427 3285 3433 
3 3432 3579 3580 
3 3432 3580 3433 
3 3433 3580 3581 
3 3723 3722 3873 
3 3723 3581 3722 
3 3581 3580 3722 
3 3872 3873 3722 
3 5641 5642 5528 
3 5528 5593 5641 
3 5642 5643 5529 
3 5529 5528 5642 
3 3280 3281 3140 
3 3280 3284 3427 
3 3280 3427 3281 
3 3281 3427 3428 
3 3577 3433 3582 
3 3577 3428 3433 
3 3428 3427 3433 
3 3581 3582 3433 
3 3724 3582 3581 
3 3723 3724 3581 
3 5643 5644 5529 
3 5644 5645 5530 
3 5530 5529 5644 
3 2965 3097 2960 
3 2965 3101 3102 
3 3097 2965 3102 
3 3101 3239 3102 
3 3140 3239 3101 
3 3140 3282 3239 
3 3140 3281 3282 
3 3428 3282 3281 
3 3429 3282 3428 
3 3577 3429 3428 
3 5645 5646 5530 
3 5646 5531 5530 
3 2585 2708 2584 
3 2585 2703 2710 
3 2708 2585 2710 
3 2703 2833 2835 
3 2710 2703 2835 
3 2962 2835 2833 
3 2962 2833 2963 
3 2963 2833 2961 
3 3097 2961 2960 
3 3097 3098 2961 
3 3098 2963 2961 
3 3102 3098 3097 
3 3236 3098 3102 
3 3239 3236 3102 
3 2583 2704 2582 
3 2583 2707 2704 
3 2584 2707 2583 
3 2584 2709 2707 
3 2584 2708 2709 
3 2710 2709 2708 
3 2840 2709 2710 
3 2835 2840 2710 
3 2966 2840 2835 
3 2962 2966 2835 
3 2467 2588 2466 
3 2467 2591 2592 
3 2588 2467 2592 
3 2591 2705 2592 
3 2582 2705 2591 
3 2582 2706 2705 
3 2582 2704 2706 
3 2707 2706 2704 
3 2393 2515 2392 
3 2393 2516 2517 
3 2515 2393 2517 
3 2516 2518 2636 
3 2517 2516 2636 
3 2518 2520 2638 
3 2636 2518 2638 
3 2520 2639 2640 
3 2638 2520 2640 
3 2639 2641 2769 
3 2640 2639 2769 
3 2641 2642 2771 
3 2769 2641 2771 
3 2642 2643 2772 
3 2771 2642 2772 
3 2643 2587 2711 
3 2772 2643 2711 
3 2587 2589 2711 
3 2466 2589 2587 
3 2466 2590 2589 
3 2466 2588 2590 
3 2592 2590 2588 
3 2714 2590 2592 
3 2705 2714 2592 
3 2509 2627 2508 
3 2509 2512 2628 
3 2627 2509 2628 
3 2632 2628 2512 
3 2632 2512 2633 
3 2633 2512 2513 
3 2514 2634 2513 
3 2513 2634 2633 
3 2515 2514 2392 
3 2515 2635 2514 
3 2635 2634 2514 
3 2517 2635 2515 
3 2637 2635 2517 
3 2636 2637 2517 
3 2766 2637 2636 
3 2638 2766 2636 
3 2768 2766 2638 
3 2640 2768 2638 
3 2770 2768 2640 
3 2769 2770 2640 
3 2902 2770 2769 
3 2771 2902 2769 
3 2904 2902 2771 
3 2772 2904 2771 
3 2842 2904 2772 
3 2711 2842 2772 
3 2712 2842 2711 
3 2589 2712 2711 
3 2626 2754 2631 
3 2511 2626 2631 
3 2627 2626 2508 
3 2627 2755 2626 
3 2755 2754 2626 
3 2628 2755 2627 
3 2756 2755 2628 
3 2632 2756 2628 
3 2511 2631 2630 
3 2631 2759 2630 
3 2630 2759 2758 
3 2759 2891 2758 
3 2890 3022 3023 
3 2943 2890 3023 
3 2891 2890 2758 
3 3022 2890 2891 
3 2943 3023 2944 
3 3023 3080 2944 
3 2944 3080 2947 
3 3080 3081 2947 
3 2947 3081 2952 
3 3081 3085 2952 
3 2952 3085 2955 
3 3085 3090 2955 
3 3088 3226 3227 
3 3089 3088 3227 
3 3090 3088 2955 
3 3226 3088 3090 
3 3234 3369 3377 
3 3234 3227 3369 
3 3234 3096 3227 
3 3096 3089 3227 
3 3235 3234 3377 
3 3378 3235 3377 
3 3096 3235 3233 
3 3234 3235 3096 
3 3235 3378 3379 
3 3522 3379 3527 
3 3372 3379 3522 
3 3372 3235 3379 
3 3372 3233 3235 
3 3372 3523 3373 
3 3522 3523 3372 
3 3524 3376 3373 
3 3525 3524 3373 
3 3373 3523 3525 
3 3522 3527 3667 
3 3523 3522 3667 
3 3668 3523 3669 
3 3669 3523 3667 
3 3668 3525 3523 
3 4810 4811 4674 
3 4810 4936 4938 
3 4811 4810 4938 
3 4936 5061 4938 
3 4417 4418 4284 
3 4417 4547 4548 
3 4418 4417 4548 
3 4547 4675 4676 
3 4548 4547 4676 
3 4675 4674 4811 
3 4675 4811 4676 
3 4676 4811 4812 
3 4938 4939 4811 
3 4939 4812 4811 
3 5061 5062 5063 
3 5061 5063 4938 
3 4938 5063 4939 
3 5062 5196 5197 
3 5063 5062 5197 
3 5196 5320 5197 
3 4285 4286 4149 
3 4285 4284 4418 
3 4285 4418 4286 
3 4286 4418 4419 
3 4548 4549 4418 
3 4549 4419 4418 
3 4677 4676 4813 
3 4677 4549 4676 
3 4549 4548 4676 
3 4812 4813 4676 
3 4940 4813 4812 
3 4939 4940 4812 
3 5064 4940 4939 
3 5063 5064 4939 
3 5198 5064 5063 
3 5198 5199 5321 
3 5198 5063 5199 
3 5063 5197 5199 
3 5320 5322 5199 
3 5197 5320 5199 
3 4150 4151 4015 
3 4150 4149 4286 
3 4150 4286 4151 
3 4151 4286 4287 
3 4420 4419 4550 
3 4420 4287 4419 
3 4287 4286 4419 
3 4549 4550 4419 
3 4678 4550 4549 
3 4677 4678 4549 
3 5323 5321 5199 
3 5270 5321 5323 
3 5322 5460 5323 
3 5199 5322 5323 
3 4016 4017 3872 
3 4016 4015 4151 
3 4016 4151 4017 
3 4017 4151 4152 
3 4287 4288 4151 
3 4288 4152 4151 
3 4421 4287 4420 
3 4288 4287 4421 
3 5391 5270 5323 
3 5271 5270 5391 
3 5460 5528 5391 
3 5323 5460 5391 
3 3873 3874 3723 
3 3873 3872 4017 
3 3873 4017 3874 
3 3874 4017 4018 
3 4152 4153 4017 
3 4153 4018 4017 
3 4289 4288 4422 
3 4289 4153 4288 
3 4153 4152 4288 
3 4421 4422 4288 
3 5392 5271 5391 
3 5272 5271 5392 
3 5528 5529 5392 
3 5391 5528 5392 
3 3582 3719 3577 
3 3582 3724 3725 
3 3719 3582 3725 
3 3724 3723 3874 
3 3724 3874 3725 
3 3725 3874 3875 
3 4019 4018 4154 
3 4019 3875 4018 
3 3875 3874 4018 
3 4153 4154 4018 
3 4290 4154 4153 
3 4289 4290 4153 
3 5393 5272 5392 
3 5273 5272 5393 
3 5529 5530 5393 
3 5392 5529 5393 
3 3282 3383 3239 
3 3282 3429 3430 
3 3383 3282 3430 
3 3429 3578 3430 
3 3577 3578 3429 
3 3577 3720 3578 
3 3577 3719 3720 
3 3725 3720 3719 
3 3869 3720 3725 
3 3875 3869 3725 
3 4012 3869 3875 
3 4019 4012 3875 
3 5394 5273 5393 
3 5274 5273 5394 
3 5531 5532 5394 
3 5394 5530 5531 
3 5393 5530 5394 
3 2963 3099 2962 
3 2963 3098 3100 
3 3099 2963 3100 
3 3098 3236 3237 
3 3100 3098 3237 
3 3236 3380 3237 
3 3239 3380 3236 
3 3239 3384 3380 
3 3239 3383 3384 
3 3430 3384 3383 
3 3534 3384 3430 
3 3578 3534 3430 
3 5395 5274 5396 
3 5396 5274 5394 
3 5395 5397 5274 
3 5532 5396 5394 
3 2709 2838 2707 
3 2709 2840 2841 
3 2838 2709 2841 
3 2972 2841 2840 
3 2972 2840 2973 
3 2973 2840 2966 
3 3099 2966 2962 
3 3099 3103 2966 
3 3103 2973 2966 
3 3100 3103 3099 
3 3238 3103 3100 
3 3237 3238 3100 
3 3381 3238 3237 
3 3380 3381 3237 
3 2706 2836 2705 
3 2706 2837 2836 
3 2707 2837 2706 
3 2707 2839 2837 
3 2707 2838 2839 
3 2841 2839 2838 
3 2970 2839 2841 
3 2972 2970 2841 
3 2590 2713 2589 
3 2715 2713 2590 
3 2715 2590 2716 
3 2716 2590 2714 
3 2836 2714 2705 
3 2836 2845 2714 
3 2845 2716 2714 
3 2837 2845 2836 
3 2633 2761 2632 
3 2633 2634 2762 
3 2761 2633 2762 
3 2763 2762 2634 
3 2763 2634 2764 
3 2764 2634 2635 
3 2637 2765 2635 
3 2635 2765 2764 
3 2766 2767 2637 
3 2637 2767 2765 
3 2768 2899 2766 
3 2766 2899 2767 
3 2770 2901 2768 
3 2768 2901 2899 
3 2902 2903 2770 
3 2770 2903 2901 
3 2904 3036 2902 
3 2902 3036 2903 
3 2842 2974 2904 
3 2904 2974 3036 
3 2712 2843 2842 
3 2842 2843 2974 
3 2713 2712 2589 
3 2713 2844 2712 
3 2844 2843 2712 
3 2715 2844 2713 
3 2754 2885 2760 
3 2631 2754 2760 
3 2755 2886 2754 
3 2754 2886 2885 
3 2756 2887 2755 
3 2755 2887 2886 
3 2761 2756 2632 
3 2761 2888 2756 
3 2888 2887 2756 
3 2762 2888 2761 
3 2895 2888 2762 
3 2763 2895 2762 
3 2631 2760 2759 
3 2760 2892 2759 
3 2759 2892 2891 
3 2892 3024 2891 
3 3022 3157 3023 
3 3022 3025 3157 
3 3022 2891 3025 
3 2891 3024 3025 
3 3157 3159 3158 
3 3157 3158 3023 
3 3023 3158 3080 
3 3025 3159 3157 
3 3080 3158 3081 
3 3158 3224 3081 
3 3081 3224 3085 
3 3224 3225 3085 
3 3085 3225 3090 
3 3225 3228 3090 
3 3226 3367 3368 
3 3227 3226 3368 
3 3228 3226 3090 
3 3367 3226 3228 
3 3369 3518 3377 
3 3369 3370 3518 
3 3369 3227 3370 
3 3227 3368 3370 
3 3518 3519 3526 
3 3518 3526 3377 
3 3377 3526 3378 
3 3370 3519 3518 
3 3528 3670 3672 
3 3379 3528 3529 
3 3379 3526 3528 
3 3379 3378 3526 
3 3670 3528 3526 
3 3379 3529 3527 
3 3528 3672 3673 
3 3529 3528 3673 
3 3671 3529 3673 
3 3527 3529 3671 
3 3527 3671 3667 
3 3667 3671 3813 
3 3814 3669 3667 
3 3815 3814 3667 
3 3815 3667 3813 
3 4813 4814 4677 
3 4813 4940 4941 
3 4814 4813 4941 
3 4940 5064 5065 
3 4941 4940 5065 
3 5064 5198 5200 
3 5065 5064 5200 
3 5198 5321 5200 
3 4550 4551 4420 
3 4550 4678 4679 
3 4551 4550 4679 
3 4678 4677 4814 
3 4678 4814 4679 
3 4679 4814 4815 
3 4941 4942 4814 
3 4942 4815 4814 
3 5065 5066 4941 
3 5066 4942 4941 
3 5200 5201 5065 
3 5201 5066 5065 
3 5321 5270 5201 
3 5200 5321 5201 
3 4551 4502 4421 
3 4420 4551 4421 
3 4679 4633 4551 
3 4633 4502 4551 
3 4815 4766 4679 
3 4766 4633 4679 
3 4942 4891 4815 
3 4891 4766 4815 
3 5066 5015 4942 
3 5015 4891 4942 
3 5201 5146 5066 
3 5146 5015 5066 
3 5270 5271 5146 
3 5201 5270 5146 
3 4422 4371 4289 
3 4422 4421 4502 
3 4422 4502 4371 
3 4371 4502 4503 
3 4633 4634 4502 
3 4634 4503 4502 
3 4766 4767 4633 
3 4767 4634 4633 
3 4891 4892 4766 
3 4892 4767 4766 
3 5015 5016 4891 
3 5016 4892 4891 
3 5146 5147 5015 
3 5147 5016 5015 
3 5271 5272 5147 
3 5146 5271 5147 
3 4154 4100 4019 
3 4154 4290 4240 
3 4100 4154 4240 
3 4290 4289 4371 
3 4290 4371 4240 
3 4240 4371 4372 
3 4503 4504 4371 
3 4504 4372 4371 
3 4635 4634 4768 
3 4635 4504 4634 
3 4504 4503 4634 
3 4767 4768 4634 
3 4893 4768 4767 
3 4892 4893 4767 
3 5017 4893 4892 
3 5017 5018 5126 
3 5017 4892 5018 
3 4892 5016 5018 
3 5147 5148 5016 
3 5148 5018 5016 
3 5272 5273 5148 
3 5147 5272 5148 
3 3720 3677 3578 
3 3720 3869 3824 
3 3677 3720 3824 
3 3869 4012 3967 
3 3824 3869 3967 
3 4012 4019 4100 
3 4012 4100 3967 
3 3967 4100 4101 
3 4240 4241 4100 
3 4241 4101 4100 
3 4373 4372 4505 
3 4373 4241 4372 
3 4241 4240 4372 
3 4504 4505 4372 
3 4636 4505 4504 
3 4635 4636 4504 
3 5018 5149 5126 
3 5149 5150 5253 
3 5149 5018 5150 
3 5018 5148 5150 
3 5273 5274 5150 
3 5148 5273 5150 
3 3384 3530 3380 
3 3384 3534 3535 
3 3530 3384 3535 
3 3534 3578 3677 
3 3534 3677 3535 
3 3535 3677 3678 
3 3825 3824 3968 
3 3825 3678 3824 
3 3678 3677 3824 
3 3967 3968 3824 
3 4102 3968 3967 
3 4101 4102 3967 
3 4242 4102 4101 
3 4241 4242 4101 
3 4374 4242 4241 
3 4373 4374 4241 
3 5275 5253 5150 
3 5254 5253 5275 
3 5397 5398 5275 
3 5275 5274 5397 
3 5150 5274 5275 
3 2973 3107 2972 
3 2973 3103 3109 
3 3107 2973 3109 
3 3103 3238 3240 
3 3109 3103 3240 
3 3238 3381 3382 
3 3240 3238 3382 
3 3381 3531 3382 
3 3380 3531 3381 
3 3380 3532 3531 
3 3380 3530 3532 
3 3535 3532 3530 
3 3675 3532 3535 
3 3678 3675 3535 
3 3820 3675 3678 
3 3825 3820 3678 
3 5370 5254 5275 
3 5256 5254 5370 
3 5503 5504 5370 
3 5398 5503 5370 
3 5370 5275 5398 
3 2839 2967 2837 
3 2839 2970 2971 
3 2967 2839 2971 
3 2970 2972 3107 
3 2970 3107 2971 
3 2971 3107 3108 
3 3244 3109 3245 
3 3244 3108 3109 
3 3108 3107 3109 
3 3240 3245 3109 
3 3385 3245 3240 
3 3382 3385 3240 
3 3533 3385 3382 
3 3531 3533 3382 
3 5371 5256 5372 
3 5372 5256 5370 
3 5371 5373 5256 
3 5373 5374 5256 
3 5504 5372 5370 
3 2716 2846 2715 
3 2716 2845 2847 
3 2846 2716 2847 
3 2845 2968 2847 
3 2837 2968 2845 
3 2837 2969 2968 
3 2837 2967 2969 
3 2971 2969 2967 
3 3105 2969 2971 
3 3108 3105 2971 
3 3241 3105 3108 
3 3244 3241 3108 
3 5506 5377 5376 
3 5505 5506 5376 
3 2764 2896 2763 
3 2764 2765 2897 
3 2896 2764 2897 
3 2765 2767 2898 
3 2897 2765 2898 
3 2767 2899 2900 
3 2898 2767 2900 
3 2899 2901 3032 
3 2900 2899 3032 
3 3034 3032 2901 
3 3034 2901 3035 
3 3035 2901 2903 
3 3036 3037 2903 
3 2903 3037 3035 
3 2974 3110 3036 
3 3036 3110 3037 
3 2843 2975 2974 
3 2974 2975 3110 
3 2844 2976 2843 
3 2843 2976 2975 
3 2846 2844 2715 
3 2846 2977 2844 
3 2977 2976 2844 
3 2847 2977 2846 
3 2978 2977 2847 
3 2968 2978 2847 
3 2885 2893 2760 
3 3017 2893 2885 
3 3017 2885 3018 
3 3018 2885 2886 
3 2887 3019 2886 
3 2886 3019 3018 
3 2888 3020 2887 
3 2887 3020 3019 
3 2895 3021 2888 
3 2888 3021 3020 
3 2896 2895 2763 
3 2896 3029 2895 
3 3029 3021 2895 
3 2897 3029 2896 
3 3030 3029 2897 
3 2898 3030 2897 
3 3031 3030 2898 
3 2900 3031 2898 
3 3033 3031 2900 
3 3032 3033 2900 
3 3168 3033 3032 
3 3034 3168 3032 
3 2893 3026 2894 
3 2893 2894 2760 
3 2760 2894 2892 
3 3017 3026 2893 
3 2892 2894 3024 
3 2894 3027 3024 
3 3024 3027 3025 
3 3027 3160 3025 
3 3159 3300 3299 
3 3158 3159 3299 
3 3160 3159 3025 
3 3300 3159 3160 
3 3158 3299 3224 
3 3299 3365 3224 
3 3224 3365 3225 
3 3365 3366 3225 
3 3225 3366 3228 
3 3366 3371 3228 
3 3367 3516 3517 
3 3368 3367 3517 
3 3371 3367 3228 
3 3516 3367 3371 
3 3368 3517 3370 
3 3517 3520 3370 
3 3519 3663 3664 
3 3526 3519 3664 
3 3520 3519 3370 
3 3663 3519 3520 
3 3670 3809 3816 
3 3672 3670 3816 
3 3664 3670 3526 
3 3809 3670 3664 
3 3672 3816 3818 
3 3673 3672 3818 
3 3817 3818 3952 
3 3817 3671 3818 
3 3671 3673 3818 
3 3671 3819 3813 
3 3817 3819 3671 
3 3957 3815 3813 
3 3958 3957 3813 
3 3813 3819 3958 
3 3817 3952 3959 
3 3819 3817 3959 
3 3960 3819 3961 
3 3961 3819 3959 
3 3960 3958 3819 
3 4768 4754 4635 
3 4768 4893 4878 
3 4754 4768 4878 
3 4893 5017 4999 
3 4878 4893 4999 
3 5017 5126 4999 
3 4505 4493 4373 
3 4505 4636 4623 
3 4493 4505 4623 
3 4636 4635 4754 
3 4636 4754 4623 
3 4623 4754 4755 
3 4878 4879 4754 
3 4879 4755 4754 
3 4999 5000 4878 
3 5000 4879 4878 
3 5126 5149 5127 
3 5126 5127 4999 
3 4999 5127 5000 
3 5149 5253 5127 
3 3968 3962 3825 
3 3968 4102 4095 
3 3962 3968 4095 
3 4102 4242 4233 
3 4095 4102 4233 
3 4242 4374 4364 
3 4233 4242 4364 
3 4374 4373 4493 
3 4374 4493 4364 
3 4364 4493 4494 
3 4624 4623 4756 
3 4624 4494 4623 
3 4494 4493 4623 
3 4755 4756 4623 
3 4880 4756 4755 
3 4879 4880 4755 
3 5001 4880 4879 
3 5001 5002 5129 
3 5001 4879 5002 
3 4879 5000 5002 
3 5127 5128 5000 
3 5128 5002 5000 
3 5253 5254 5128 
3 5127 5253 5128 
3 3532 3674 3531 
3 3532 3675 3676 
3 3674 3532 3676 
3 3675 3820 3821 
3 3676 3675 3821 
3 3820 3825 3962 
3 3820 3962 3821 
3 3821 3962 3963 
3 4095 4096 3962 
3 4096 3963 3962 
3 4234 4233 4365 
3 4234 4096 4233 
3 4096 4095 4233 
3 4364 4365 4233 
3 4495 4365 4364 
3 4494 4495 4364 
3 4625 4495 4494 
3 4624 4625 4494 
3 5002 5130 5129 
3 5130 5131 5255 
3 5130 5002 5131 
3 5002 5128 5131 
3 5254 5256 5131 
3 5128 5254 5131 
3 3245 3389 3244 
3 3245 3385 3391 
3 3389 3245 3391 
3 3385 3533 3536 
3 3391 3385 3536 
3 3533 3531 3674 
3 3533 3674 3536 
3 3536 3674 3679 
3 3822 3676 3823 
3 3822 3679 3676 
3 3679 3674 3676 
3 3821 3823 3676 
3 3964 3823 3821 
3 3963 3964 3821 
3 4097 3964 3963 
3 4096 4097 3963 
3 4235 4097 4096 
3 4234 4235 4096 
3 5257 5255 5131 
3 5259 5255 5257 
3 5374 5375 5257 
3 5257 5256 5374 
3 5131 5256 5257 
3 2969 3104 2968 
3 2969 3105 3106 
3 3104 2969 3106 
3 3105 3241 3242 
3 3106 3105 3242 
3 3241 3386 3242 
3 3244 3386 3241 
3 3244 3390 3386 
3 3244 3389 3390 
3 3391 3390 3389 
3 3540 3390 3391 
3 3536 3540 3391 
3 3680 3540 3536 
3 3679 3680 3536 
3 3826 3680 3679 
3 3822 3826 3679 
3 5376 5259 5257 
3 5377 5378 5259 
3 5259 5376 5377 
3 5507 5379 5378 
3 5378 5379 5259 
3 5505 5376 5375 
3 5375 5376 5257 
3 3035 3170 3034 
3 3035 3037 3171 
3 3170 3035 3171 
3 3037 3110 3172 
3 3171 3037 3172 
3 3110 2975 3111 
3 3172 3110 3111 
3 2975 2976 3112 
3 3111 2975 3112 
3 2976 2977 3113 
3 3112 2976 3113 
3 3114 3113 2977 
3 3114 2977 3115 
3 3115 2977 2978 
3 3104 2978 2968 
3 3104 3116 2978 
3 3116 3115 2978 
3 3106 3116 3104 
3 3243 3116 3106 
3 3242 3243 3106 
3 3387 3243 3242 
3 3386 3387 3242 
3 5508 5381 5380 
3 5508 5380 5379 
3 5509 5638 5508 
3 5509 5508 5379 
3 5507 5509 5379 
3 3018 3151 3017 
3 3018 3019 3152 
3 3151 3018 3152 
3 3153 3152 3019 
3 3153 3019 3154 
3 3154 3019 3020 
3 3021 3155 3020 
3 3020 3155 3154 
3 3029 3156 3021 
3 3021 3156 3155 
3 3030 3165 3029 
3 3029 3165 3156 
3 3031 3166 3030 
3 3030 3166 3165 
3 3033 3167 3031 
3 3031 3167 3166 
3 3168 3169 3033 
3 3033 3169 3167 
3 3170 3168 3034 
3 3170 3311 3168 
3 3311 3169 3168 
3 3171 3311 3170 
3 3313 3311 3171 
3 3172 3313 3171 
3 3246 3313 3172 
3 3111 3246 3172 
3 3247 3246 3111 
3 3112 3247 3111 
3 3248 3247 3112 
3 3113 3248 3112 
3 3249 3248 3113 
3 3114 3249 3113 
3 5510 5381 5511 
3 5511 5381 5508 
3 5510 5512 5381 
3 5513 5382 5512 
3 5512 5382 5381 
3 5638 5511 5508 
3 3026 3161 3028 
3 2894 3026 3028 
3 3151 3026 3017 
3 3151 3162 3026 
3 3162 3161 3026 
3 3152 3162 3151 
3 3294 3162 3152 
3 3153 3294 3152 
3 5639 5517 5515 
3 5513 5514 5382 
3 5514 5639 5515 
3 5514 5515 5382 
3 2894 3028 3027 
3 3028 3163 3027 
3 3027 3163 3160 
3 3163 3301 3160 
3 3300 3445 3444 
3 3299 3300 3444 
3 3301 3300 3160 
3 3445 3300 3301 
3 3299 3444 3365 
3 3444 3514 3365 
3 3365 3514 3366 
3 3514 3515 3366 
3 3366 3515 3371 
3 3515 3521 3371 
3 3516 3661 3662 
3 3517 3516 3662 
3 3521 3516 3371 
3 3661 3516 3521 
3 3517 3662 3520 
3 3662 3665 3520 
3 3663 3807 3808 
3 3664 3663 3808 
3 3665 3663 3520 
3 3807 3663 3665 
3 3809 3951 3816 
3 3809 3810 3951 
3 3809 3664 3810 
3 3664 3808 3810 
3 3816 3951 3818 
3 3951 3952 3818 
3 3951 3810 3952 
3 3810 3953 3952 
3 3952 3953 4087 
3 3959 3952 4087 
3 3961 3959 4093 
3 4093 3959 4094 
3 3959 4087 4094 
3 4230 4093 4094 
3 4756 4757 4624 
3 4756 4880 4881 
3 4757 4756 4881 
3 4880 5001 5003 
3 4881 4880 5003 
3 5001 5129 5003 
3 4365 4366 4234 
3 4365 4495 4496 
3 4366 4365 4496 
3 4495 4625 4626 
3 4496 4495 4626 
3 4625 4624 4757 
3 4625 4757 4626 
3 4626 4757 4758 
3 4881 4882 4757 
3 4882 4758 4757 
3 5003 5004 4881 
3 5004 4882 4881 
3 5129 5130 5132 
3 5129 5132 5003 
3 5003 5132 5004 
3 5130 5255 5132 
3 3823 3965 3822 
3 3823 3964 3966 
3 3965 3823 3966 
3 3964 4097 4098 
3 3966 3964 4098 
3 4097 4235 4236 
3 4098 4097 4236 
3 4235 4234 4366 
3 4235 4366 4236 
3 4236 4366 4367 
3 4497 4496 4627 
3 4497 4367 4496 
3 4367 4366 4496 
3 4626 4627 4496 
3 4759 4627 4626 
3 4758 4759 4626 
3 4883 4759 4758 
3 4882 4883 4758 
3 5005 4883 4882 
3 5004 5005 4882 
3 5133 5005 5004 
3 5133 5134 5258 
3 5133 5004 5134 
3 5004 5132 5134 
3 5255 5259 5134 
3 5132 5255 5134 
3 3390 3537 3386 
3 3390 3540 3541 
3 3537 3390 3541 
3 3540 3680 3684 
3 3541 3540 3684 
3 3680 3826 3827 
3 3684 3680 3827 
3 3826 3822 3965 
3 3826 3965 3827 
3 3827 3965 3969 
3 3966 4099 3965 
3 4099 3969 3965 
3 4237 4098 4238 
3 4237 4099 4098 
3 4099 3966 4098 
3 4236 4238 4098 
3 4368 4238 4236 
3 4367 4368 4236 
3 4498 4368 4367 
3 4497 4498 4367 
3 5260 5258 5134 
3 5261 5258 5260 
3 5259 5379 5260 
3 5134 5259 5260 
3 3115 3250 3114 
3 3115 3116 3251 
3 3250 3115 3251 
3 3116 3243 3252 
3 3251 3116 3252 
3 3243 3387 3388 
3 3252 3243 3388 
3 3387 3386 3537 
3 3387 3537 3388 
3 3388 3537 3538 
3 3681 3541 3685 
3 3681 3538 3541 
3 3538 3537 3541 
3 3684 3685 3541 
3 3832 3685 3684 
3 3827 3832 3684 
3 3970 3832 3827 
3 3969 3970 3827 
3 4103 3970 3969 
3 4099 4103 3969 
3 4239 4103 4099 
3 4237 4239 4099 
3 5380 5261 5260 
3 5380 5381 5261 
3 5381 5263 5261 
3 5379 5380 5260 
3 3154 3295 3153 
3 3154 3155 3296 
3 3295 3154 3296 
3 3155 3156 3297 
3 3296 3155 3297 
3 3156 3165 3298 
3 3297 3156 3298 
3 3165 3166 3307 
3 3298 3165 3307 
3 3166 3167 3308 
3 3307 3166 3308 
3 3309 3308 3167 
3 3309 3167 3310 
3 3310 3167 3169 
3 3311 3312 3169 
3 3169 3312 3310 
3 3313 3461 3311 
3 3311 3461 3312 
3 3246 3392 3313 
3 3313 3392 3461 
3 3247 3393 3246 
3 3246 3393 3392 
3 3248 3394 3247 
3 3247 3394 3393 
3 3249 3395 3248 
3 3248 3395 3394 
3 3250 3249 3114 
3 3250 3396 3249 
3 3396 3395 3249 
3 3251 3396 3250 
3 3397 3396 3251 
3 3252 3397 3251 
3 3398 3397 3252 
3 3388 3398 3252 
3 3539 3398 3388 
3 3538 3539 3388 
3 3682 3539 3538 
3 3681 3682 3538 
3 5381 5382 5263 
3 5263 5382 5383 
3 3161 3302 3164 
3 3028 3161 3164 
3 3162 3303 3161 
3 3161 3303 3302 
3 3294 3304 3162 
3 3162 3304 3303 
3 3295 3294 3153 
3 3295 3440 3294 
3 3440 3304 3294 
3 3296 3440 3295 
3 3441 3440 3296 
3 3297 3441 3296 
3 3442 3441 3297 
3 3298 3442 3297 
3 3443 3442 3298 
3 3307 3443 3298 
3 3457 3443 3307 
3 3308 3457 3307 
3 3458 3457 3308 
3 3309 3458 3308 
3 5515 5385 5384 
3 5516 5385 5517 
3 5517 5385 5515 
3 5383 5382 5515 
3 5384 5383 5515 
3 3028 3164 3163 
3 3164 3305 3163 
3 5516 5518 5385 
3 5518 5523 5389 
3 5389 5385 5518 
3 3163 3305 3301 
3 3305 3446 3301 
3 5523 5524 5389 
3 5524 5522 5389 
3 3445 3594 3444 
3 3445 3447 3594 
3 3445 3301 3447 
3 3301 3446 3447 
3 3594 3596 3595 
3 3594 3595 3444 
3 3444 3595 3514 
3 3447 3596 3594 
3 3514 3595 3515 
3 3595 3660 3515 
3 3515 3660 3521 
3 3660 3666 3521 
3 3661 3805 3806 
3 3662 3661 3806 
3 3666 3661 3521 
3 3805 3661 3666 
3 3662 3806 3665 
3 3806 3811 3665 
3 3807 3949 3950 
3 3808 3807 3950 
3 3811 3807 3665 
3 3949 3807 3811 
3 3808 3950 3810 
3 3950 3954 3810 
3 4088 4089 4225 
3 4088 3954 4089 
3 4088 3953 3954 
3 3953 3810 3954 
3 4088 4225 4222 
3 4223 4222 4355 
3 4087 4222 4223 
3 4087 4088 4222 
3 4087 3953 4088 
3 4087 4224 4094 
3 4223 4224 4087 
3 4231 4230 4094 
3 4232 4231 4094 
3 4094 4224 4232 
3 4223 4355 4357 
3 4224 4223 4357 
3 4358 4224 4359 
3 4359 4224 4357 
3 4358 4232 4224 
3 4627 4628 4497 
3 4627 4759 4760 
3 4628 4627 4760 
3 4759 4883 4884 
3 4760 4759 4884 
3 4883 5005 5006 
3 4884 4883 5006 
3 5005 5133 5135 
3 5006 5005 5135 
3 5133 5258 5135 
3 4238 4369 4237 
3 4238 4368 4370 
3 4369 4238 4370 
3 4368 4498 4499 
3 4370 4368 4499 
3 4498 4497 4628 
3 4498 4628 4499 
3 4499 4628 4629 
3 4760 4761 4628 
3 4761 4629 4628 
3 4884 4885 4760 
3 4885 4761 4760 
3 5006 5007 4884 
3 5007 4885 4884 
3 5135 5136 5006 
3 5136 5007 5006 
3 5258 5261 5136 
3 5135 5258 5136 
3 3685 3828 3681 
3 3685 3832 3833 
3 3828 3685 3833 
3 3832 3970 3976 
3 3833 3832 3976 
3 3970 4103 4104 
3 3976 3970 4104 
3 4103 4239 4243 
3 4104 4103 4243 
3 4239 4237 4369 
3 4239 4369 4243 
3 4243 4369 4375 
3 4500 4370 4501 
3 4500 4375 4370 
3 4375 4369 4370 
3 4499 4501 4370 
3 4630 4501 4499 
3 4629 4630 4499 
3 4762 4630 4629 
3 4761 4762 4629 
3 4886 4762 4761 
3 4885 4886 4761 
3 5008 4886 4885 
3 5007 5008 4885 
3 5137 5008 5007 
3 5137 5138 5262 
3 5137 5007 5138 
3 5007 5136 5138 
3 5261 5263 5138 
3 5136 5261 5138 
3 3310 3459 3309 
3 3310 3312 3460 
3 3459 3310 3460 
3 3312 3461 3462 
3 3460 3312 3462 
3 3461 3392 3542 
3 3462 3461 3542 
3 3392 3393 3543 
3 3542 3392 3543 
3 3393 3394 3544 
3 3543 3393 3544 
3 3394 3395 3545 
3 3544 3394 3545 
3 3395 3396 3546 
3 3545 3395 3546 
3 3396 3397 3547 
3 3546 3396 3547 
3 3397 3398 3548 
3 3547 3397 3548 
3 3398 3539 3549 
3 3548 3398 3549 
3 3539 3682 3683 
3 3549 3539 3683 
3 3682 3829 3683 
3 3681 3829 3682 
3 3681 3830 3829 
3 3681 3828 3830 
3 3833 3830 3828 
3 3974 3830 3833 
3 3976 3974 3833 
3 4110 3974 3976 
3 4104 4110 3976 
3 4244 4110 4104 
3 4243 4244 4104 
3 4376 4244 4243 
3 4375 4376 4243 
3 4506 4376 4375 
3 4500 4506 4375 
3 5264 5262 5138 
3 5265 5262 5264 
3 5263 5383 5264 
3 5138 5263 5264 
3 3302 3306 3164 
3 3302 3303 3448 
3 3306 3302 3448 
3 3449 3448 3303 
3 3449 3303 3450 
3 3450 3303 3304 
3 3440 3451 3304 
3 3304 3451 3450 
3 3441 3590 3440 
3 3440 3590 3451 
3 3442 3591 3441 
3 3441 3591 3590 
3 3443 3592 3442 
3 3442 3592 3591 
3 3457 3593 3443 
3 3443 3593 3592 
3 3458 3608 3457 
3 3457 3608 3593 
3 3459 3458 3309 
3 3459 3609 3458 
3 3609 3608 3458 
3 3460 3609 3459 
3 3610 3609 3460 
3 3462 3610 3460 
3 3611 3610 3462 
3 3542 3611 3462 
3 3686 3611 3542 
3 3543 3686 3542 
3 3687 3686 3543 
3 3544 3687 3543 
3 3688 3687 3544 
3 3545 3688 3544 
3 3689 3688 3545 
3 3546 3689 3545 
3 3690 3689 3546 
3 3547 3690 3546 
3 3691 3690 3547 
3 3548 3691 3547 
3 3692 3691 3548 
3 3549 3692 3548 
3 3693 3692 3549 
3 3683 3693 3549 
3 3831 3693 3683 
3 3829 3831 3683 
3 5384 5265 5264 
3 5384 5385 5265 
3 5385 5267 5265 
3 5383 5384 5264 
3 3453 3452 3602 
3 3306 3456 3452 
3 3306 3452 3305 
3 3306 3305 3164 
3 3305 3452 3453 
3 3448 3456 3306 
3 3598 3456 3448 
3 3449 3598 3448 
3 5388 5386 5268 
3 5388 5268 5267 
3 5388 5267 5389 
3 5389 5267 5385 
3 3453 3602 3454 
3 3454 3305 3453 
3 3454 3455 3305 
3 3455 3446 3305 
3 5519 5390 5387 
3 5386 5519 5387 
3 5388 5519 5386 
3 5520 5640 5519 
3 5519 5388 5520 
3 5521 5520 5388 
3 5522 5521 5388 
3 5388 5389 5522 
3 3446 3455 3447 
3 3455 3597 3447 
3 5525 5390 5526 
3 5526 5390 5519 
3 5525 5527 5390 
3 5538 5403 5527 
3 5527 5403 5390 
3 5640 5526 5519 
3 3596 3739 3738 
3 3595 3596 3738 
3 3597 3596 3447 
3 3739 3596 3597 
3 5538 5539 5403 
3 5539 5537 5403 
3 3595 3738 3660 
3 3738 3804 3660 
3 3660 3804 3666 
3 3804 3812 3666 
3 3805 3947 3948 
3 3806 3805 3948 
3 3812 3805 3666 
3 3947 3805 3812 
3 3806 3948 3811 
3 3948 3955 3811 
3 3949 4085 4086 
3 3950 3949 4086 
3 3955 3949 3811 
3 4085 3949 3955 
3 3950 4086 3954 
3 4086 4090 3954 
3 4089 4226 4227 
3 4225 4089 4227 
3 4090 4089 3954 
3 4226 4089 4090 
3 4356 4222 4225 
3 4356 4225 4360 
3 4360 4225 4227 
3 4222 4356 4355 
3 4356 4360 4484 
3 4355 4356 4484 
3 4355 4484 4357 
3 4357 4484 4485 
3 4486 4359 4357 
3 4487 4486 4357 
3 4487 4357 4485 
3 4501 4631 4500 
3 4501 4630 4632 
3 4631 4501 4632 
3 4630 4762 4763 
3 4632 4630 4763 
3 4762 4886 4887 
3 4763 4762 4887 
3 4886 5008 5009 
3 4887 4886 5009 
3 5008 5137 5139 
3 5009 5008 5139 
3 5137 5262 5139 
3 3830 3971 3829 
3 3830 3974 3975 
3 3971 3830 3975 
3 3974 4110 4111 
3 3975 3974 4111 
3 4110 4244 4251 
3 4111 4110 4251 
3 4244 4376 4377 
3 4251 4244 4377 
3 4376 4506 4507 
3 4377 4376 4507 
3 4506 4500 4631 
3 4506 4631 4507 
3 4507 4631 4637 
3 4764 4632 4765 
3 4764 4637 4632 
3 4637 4631 4632 
3 4763 4765 4632 
3 4888 4765 4763 
3 4887 4888 4763 
3 5010 4888 4887 
3 5010 5011 5141 
3 5010 4887 5011 
3 4887 5009 5011 
3 5139 5140 5009 
3 5140 5011 5009 
3 5262 5265 5140 
3 5139 5262 5140 
3 3450 3599 3449 
3 3450 3451 3600 
3 3599 3450 3600 
3 3451 3590 3601 
3 3600 3451 3601 
3 3590 3591 3734 
3 3601 3590 3734 
3 3591 3592 3735 
3 3734 3591 3735 
3 3592 3593 3736 
3 3735 3592 3736 
3 3593 3608 3737 
3 3736 3593 3737 
3 3608 3609 3749 
3 3737 3608 3749 
3 3609 3610 3750 
3 3749 3609 3750 
3 3610 3611 3751 
3 3750 3610 3751 
3 3611 3686 3752 
3 3751 3611 3752 
3 3686 3687 3834 
3 3752 3686 3834 
3 3687 3688 3835 
3 3834 3687 3835 
3 3688 3689 3836 
3 3835 3688 3836 
3 3689 3690 3837 
3 3836 3689 3837 
3 3690 3691 3838 
3 3837 3690 3838 
3 3691 3692 3839 
3 3838 3691 3839 
3 3692 3693 3840 
3 3839 3692 3840 
3 3693 3831 3841 
3 3840 3693 3841 
3 3831 3972 3841 
3 3829 3972 3831 
3 3829 3973 3972 
3 3829 3971 3973 
3 3975 3973 3971 
3 4108 3973 3975 
3 4111 4108 3975 
3 4249 4108 4111 
3 4251 4249 4111 
3 4384 4249 4251 
3 4377 4384 4251 
3 4508 4384 4377 
3 4507 4508 4377 
3 4638 4508 4507 
3 4637 4638 4507 
3 4769 4638 4637 
3 4764 4769 4637 
3 5142 5141 5011 
3 5145 5141 5142 
3 5140 5143 5011 
3 5143 5142 5011 
3 5265 5267 5143 
3 5140 5265 5143 
3 3452 3603 3602 
3 3604 3603 3452 
3 3604 3452 3605 
3 3605 3452 3456 
3 3598 3607 3456 
3 3456 3607 3605 
3 3599 3598 3449 
3 3599 3741 3598 
3 3741 3607 3598 
3 3600 3741 3599 
3 3742 3741 3600 
3 3601 3742 3600 
3 3743 3742 3601 
3 3734 3743 3601 
3 3882 3743 3734 
3 3735 3882 3734 
3 3883 3882 3735 
3 3736 3883 3735 
3 3884 3883 3736 
3 3737 3884 3736 
3 3885 3884 3737 
3 3749 3885 3737 
3 3897 3885 3749 
3 3750 3897 3749 
3 3898 3897 3750 
3 3751 3898 3750 
3 3899 3898 3751 
3 3752 3899 3751 
3 3900 3899 3752 
3 3834 3900 3752 
3 3977 3900 3834 
3 3835 3977 3834 
3 3978 3977 3835 
3 3836 3978 3835 
3 3979 3978 3836 
3 3837 3979 3836 
3 3980 3979 3837 
3 3838 3980 3837 
3 3981 3980 3838 
3 3839 3981 3838 
3 3982 3981 3839 
3 3840 3982 3839 
3 3983 3982 3840 
3 3841 3983 3840 
3 3984 3983 3841 
3 3972 3984 3841 
3 5266 5145 5142 
3 5269 5145 5266 
3 5268 5386 5266 
3 5268 5266 5143 
3 5143 5266 5142 
3 5267 5268 5143 
3 3602 3603 3454 
3 3603 3455 3454 
3 3603 3604 3455 
3 3604 3606 3455 
3 5387 5269 5266 
3 5387 5390 5269 
3 5390 5277 5269 
3 5386 5387 5266 
3 3455 3606 3597 
3 3606 3740 3597 
3 5402 5399 5278 
3 5402 5278 5277 
3 5402 5277 5403 
3 5403 5277 5390 
3 3739 3887 3886 
3 3738 3739 3886 
3 3740 3739 3597 
3 3887 3739 3740 
3 5533 5400 5401 
3 5399 5533 5401 
3 5402 5533 5399 
3 5535 5647 5533 
3 5533 5402 5535 
3 5536 5535 5402 
3 5537 5536 5402 
3 5402 5403 5537 
3 3738 3886 3804 
3 3886 3946 3804 
3 5425 5292 5423 
3 5423 5292 5291 
3 5424 5423 5291 
3 5291 5400 5424 
3 5534 5424 5400 
3 5400 5533 5534 
3 5648 5534 5533 
3 5649 5648 5533 
3 5647 5649 5533 
3 3804 3946 3812 
3 3946 3956 3812 
3 5425 5426 5292 
3 5426 5427 5292 
3 5427 5428 5292 
3 3947 4083 4084 
3 3948 3947 4084 
3 3956 3947 3812 
3 4083 3947 3956 
3 3948 4084 3955 
3 4084 4091 3955 
3 4085 4220 4221 
3 4086 4085 4221 
3 4091 4085 3955 
3 4220 4085 4091 
3 4086 4221 4090 
3 4221 4228 4090 
3 4226 4361 4362 
3 4227 4226 4362 
3 4228 4226 4090 
3 4361 4226 4228 
3 4227 4362 4360 
3 4362 4488 4360 
3 4360 4488 4489 
3 4484 4360 4489 
3 4485 4484 4615 
3 4484 4489 4615 
3 4742 4743 4615 
3 4743 4616 4615 
3 4487 4485 4616 
3 4616 4485 4615 
3 4765 4889 4764 
3 4765 4888 4890 
3 4889 4765 4890 
3 4888 5010 5012 
3 4890 4888 5012 
3 5010 5141 5012 
3 3973 4105 3972 
3 3973 4108 4109 
3 4105 3973 4109 
3 4108 4249 4250 
3 4109 4108 4250 
3 4249 4384 4385 
3 4250 4249 4385 
3 4384 4508 4517 
3 4385 4384 4517 
3 4508 4638 4639 
3 4517 4508 4639 
3 4638 4769 4770 
3 4639 4638 4770 
3 4769 4764 4889 
3 4769 4889 4770 
3 4770 4889 4894 
3 4890 5013 4889 
3 5013 4894 4889 
3 5012 5014 4890 
3 5014 5013 4890 
3 5141 5145 5014 
3 5012 5141 5014 
3 3605 3744 3604 
3 3605 3607 3745 
3 3744 3605 3745 
3 3607 3741 3748 
3 3745 3607 3748 
3 3741 3742 3888 
3 3748 3741 3888 
3 3742 3743 3889 
3 3888 3742 3889 
3 3743 3882 3890 
3 3889 3743 3890 
3 3882 3883 4026 
3 3890 3882 4026 
3 3883 3884 4027 
3 4026 3883 4027 
3 3884 3885 4028 
3 4027 3884 4028 
3 3885 3897 4029 
3 4028 3885 4029 
3 3897 3898 4044 
3 4029 3897 4044 
3 3898 3899 4045 
3 4044 3898 4045 
3 3899 3900 4046 
3 4045 3899 4046 
3 3900 3977 4047 
3 4046 3900 4047 
3 3977 3978 4112 
3 4047 3977 4112 
3 3978 3979 4113 
3 4112 3978 4113 
3 3979 3980 4114 
3 4113 3979 4114 
3 3980 3981 4115 
3 4114 3980 4115 
3 3981 3982 4116 
3 4115 3981 4116 
3 3982 3983 4117 
3 4116 3982 4117 
3 3983 3984 4118 
3 4117 3983 4118 
3 3984 4106 4118 
3 3972 4106 3984 
3 3972 4107 4106 
3 3972 4105 4107 
3 4109 4107 4105 
3 4247 4107 4109 
3 4250 4247 4109 
3 4381 4247 4250 
3 4385 4381 4250 
3 4513 4381 4385 
3 4517 4513 4385 
3 4645 4513 4517 
3 4639 4645 4517 
3 4771 4645 4639 
3 4770 4771 4639 
3 4895 4771 4770 
3 4894 4895 4770 
3 5019 4895 4894 
3 5019 5020 5151 
3 5019 4894 5020 
3 4894 5013 5020 
3 5014 5144 5013 
3 5144 5020 5013 
3 5145 5269 5144 
3 5014 5145 5144 
3 3744 3746 3606 
3 3604 3744 3606 
3 3891 3745 3892 
3 3891 3746 3745 
3 3746 3744 3745 
3 3748 3892 3745 
3 3896 3892 3748 
3 3888 3896 3748 
3 4031 3896 3888 
3 3889 4031 3888 
3 4032 4031 3889 
3 3890 4032 3889 
3 4033 4032 3890 
3 4026 4033 3890 
3 4161 4033 4026 
3 4027 4161 4026 
3 4162 4161 4027 
3 4028 4162 4027 
3 4163 4162 4028 
3 4029 4163 4028 
3 4164 4163 4029 
3 4044 4164 4029 
3 4183 4164 4044 
3 4045 4183 4044 
3 4184 4183 4045 
3 4046 4184 4045 
3 4185 4184 4046 
3 4047 4185 4046 
3 4186 4185 4047 
3 4112 4186 4047 
3 4252 4186 4112 
3 4113 4252 4112 
3 4253 4252 4113 
3 4114 4253 4113 
3 4254 4253 4114 
3 4115 4254 4114 
3 4255 4254 4115 
3 4116 4255 4115 
3 4256 4255 4116 
3 4117 4256 4116 
3 4257 4256 4117 
3 4118 4257 4117 
3 4245 4257 4118 
3 4106 4245 4118 
3 5152 5151 5020 
3 5154 5151 5152 
3 5144 5153 5020 
3 5153 5152 5020 
3 5269 5277 5153 
3 5144 5269 5153 
3 3746 3893 3747 
3 3746 3747 3606 
3 3606 3747 3740 
3 3891 3893 3746 
3 5276 5154 5152 
3 5166 5154 5276 
3 5278 5399 5276 
3 5278 5276 5153 
3 5153 5276 5152 
3 5277 5278 5153 
3 3887 3894 4030 
3 3886 3887 4030 
3 3747 3887 3740 
3 3894 3887 3747 
3 5290 5168 5167 
3 5166 5290 5167 
3 5276 5290 5166 
3 5276 5400 5290 
3 5276 5401 5400 
3 5399 5401 5276 
3 3886 4030 3946 
3 4030 4082 3946 
3 5291 5168 5290 
3 5291 5292 5168 
3 5292 5293 5168 
3 5400 5291 5290 
3 4092 4217 4218 
3 4092 4082 4217 
3 4092 3956 4082 
3 3956 3946 4082 
3 5429 5421 5294 
3 5429 5294 5293 
3 5430 5556 5429 
3 5430 5429 5293 
3 5430 5293 5428 
3 5428 5293 5292 
3 4083 4092 4218 
3 4083 4218 4084 
3 4084 4218 4219 
3 3956 4092 4083 
3 5554 5555 5421 
3 5554 5421 5429 
3 5555 5422 5421 
3 5556 5554 5429 
3 4229 4351 4353 
3 4229 4219 4351 
3 4229 4091 4219 
3 4091 4084 4219 
3 4220 4229 4353 
3 4220 4353 4221 
3 4221 4353 4354 
3 4091 4229 4220 
3 4221 4354 4228 
3 4354 4363 4228 
3 4361 4490 4491 
3 4362 4361 4491 
3 4363 4361 4228 
3 4490 4361 4363 
3 4617 4618 4488 
3 4617 4488 4491 
3 4491 4488 4362 
3 4617 4747 4618 
3 4488 4618 4489 
3 4618 4615 4489 
3 4618 4744 4615 
3 4618 4747 4744 
3 4744 4745 4615 
3 4746 4742 4615 
3 4746 4615 4745 
3 4866 4870 4745 
3 4866 4745 4744 
3 4870 4746 4745 
3 4107 4246 4106 
3 4107 4247 4248 
3 4246 4107 4248 
3 4247 4381 4382 
3 4248 4247 4382 
3 4381 4513 4514 
3 4382 4381 4514 
3 4513 4645 4646 
3 4514 4513 4646 
3 4645 4771 4780 
3 4646 4645 4780 
3 4771 4895 4896 
3 4780 4771 4896 
3 4895 5019 5021 
3 4896 4895 5021 
3 5019 5151 5021 
3 3892 4034 3891 
3 3892 3896 4035 
3 4034 3892 4035 
3 3896 4031 4043 
3 4035 3896 4043 
3 4031 4032 4165 
3 4043 4031 4165 
3 4032 4033 4166 
3 4165 4032 4166 
3 4033 4161 4167 
3 4166 4033 4167 
3 4161 4162 4295 
3 4167 4161 4295 
3 4162 4163 4296 
3 4295 4162 4296 
3 4163 4164 4297 
3 4296 4163 4297 
3 4164 4183 4298 
3 4297 4164 4298 
3 4183 4184 4319 
3 4298 4183 4319 
3 4184 4185 4320 
3 4319 4184 4320 
3 4185 4186 4321 
3 4320 4185 4321 
3 4186 4252 4322 
3 4321 4186 4322 
3 4252 4253 4386 
3 4322 4252 4386 
3 4253 4254 4387 
3 4386 4253 4387 
3 4254 4255 4388 
3 4387 4254 4388 
3 4255 4256 4389 
3 4388 4255 4389 
3 4256 4257 4390 
3 4389 4256 4390 
3 4257 4245 4378 
3 4390 4257 4378 
3 4245 4106 4246 
3 4245 4246 4378 
3 4378 4246 4379 
3 4248 4380 4246 
3 4380 4379 4246 
3 4382 4383 4248 
3 4383 4380 4248 
3 4515 4514 4647 
3 4515 4383 4514 
3 4383 4382 4514 
3 4646 4647 4514 
3 4781 4647 4646 
3 4781 4782 4908 
3 4781 4646 4782 
3 4646 4780 4782 
3 4896 4907 4780 
3 4907 4782 4780 
3 5021 5022 4896 
3 5022 4907 4896 
3 5151 5154 5022 
3 5021 5151 5022 
3 3893 4036 3895 
3 3747 3893 3895 
3 4034 3893 3891 
3 4034 4037 3893 
3 4037 4036 3893 
3 4035 4037 4034 
3 4168 4037 4035 
3 4043 4168 4035 
3 4182 4168 4043 
3 4165 4182 4043 
3 4299 4182 4165 
3 4166 4299 4165 
3 4300 4299 4166 
3 4167 4300 4166 
3 4301 4300 4167 
3 4295 4301 4167 
3 4426 4301 4295 
3 4296 4426 4295 
3 4427 4426 4296 
3 4297 4427 4296 
3 4428 4427 4297 
3 4298 4428 4297 
3 4429 4428 4298 
3 4319 4429 4298 
3 4447 4429 4319 
3 4320 4447 4319 
3 4448 4447 4320 
3 4321 4448 4320 
3 4449 4448 4321 
3 4322 4449 4321 
3 4450 4449 4322 
3 4386 4450 4322 
3 4518 4450 4386 
3 4387 4518 4386 
3 4519 4518 4387 
3 4388 4519 4387 
3 4520 4519 4388 
3 4389 4520 4388 
3 4521 4520 4389 
3 4390 4521 4389 
3 4509 4521 4390 
3 4378 4509 4390 
3 4510 4509 4378 
3 4379 4510 4378 
3 4511 4510 4379 
3 4380 4511 4379 
3 4512 4511 4380 
3 4383 4512 4380 
3 4516 4512 4383 
3 4515 4516 4383 
3 4782 4909 4908 
3 4909 4910 5035 
3 4909 4782 4910 
3 4782 4907 4910 
3 5022 5034 4907 
3 5034 4910 4907 
3 5154 5166 5034 
3 5022 5154 5034 
3 3894 4038 4039 
3 4030 3894 4039 
3 3895 3894 3747 
3 4038 3894 3895 
3 5036 5035 4910 
3 5037 5035 5036 
3 5167 5168 5036 
3 5167 5036 5034 
3 5034 5036 4910 
3 5166 5167 5034 
3 4030 4039 4082 
3 4039 4173 4082 
3 5164 5032 5031 
3 5037 5164 5031 
3 5037 5036 5164 
3 5036 5169 5164 
3 5168 5293 5169 
3 5036 5168 5169 
3 4217 4305 4350 
3 4218 4217 4350 
3 4173 4217 4082 
3 4305 4217 4173 
3 5165 5163 5033 
3 5032 5165 5033 
3 5032 5164 5165 
3 5164 5289 5165 
3 5294 5421 5289 
3 5294 5289 5169 
3 5169 5289 5164 
3 5293 5294 5169 
3 4218 4350 4219 
3 4350 4352 4219 
3 5288 5163 5165 
3 5286 5163 5288 
3 5416 5417 5288 
3 5416 5288 5418 
3 5418 5288 5289 
3 5289 5288 5165 
3 5422 5418 5289 
3 5289 5421 5422 
3 4351 4480 4481 
3 4353 4351 4481 
3 4352 4351 4219 
3 4480 4351 4352 
3 5415 5410 5287 
3 5286 5415 5287 
3 5288 5415 5286 
3 5419 5553 5415 
3 5415 5288 5419 
3 5420 5419 5288 
3 5417 5420 5288 
3 4353 4481 4354 
3 4481 4483 4354 
3 5551 5413 5414 
3 5546 5547 5410 
3 5546 5410 5415 
3 5547 5552 5414 
3 5414 5410 5547 
3 5552 5551 5414 
3 5553 5546 5415 
3 4354 4483 4363 
3 4483 4492 4363 
3 4490 4619 4620 
3 4491 4490 4620 
3 4492 4490 4363 
3 4619 4490 4492 
3 4491 4620 4621 
3 4617 4491 4621 
3 4621 4747 4617 
3 4751 4747 4621 
3 4747 4751 4744 
3 4751 4867 4744 
3 4868 4869 4744 
3 4868 4744 4867 
3 4869 4866 4744 
3 4647 4648 4515 
3 4647 4781 4783 
3 4648 4647 4783 
3 4781 4908 4783 
3 4036 4040 3895 
3 4036 4037 4169 
3 4040 4036 4169 
3 4170 4169 4037 
3 4170 4037 4171 
3 4171 4037 4168 
3 4182 4302 4168 
3 4168 4302 4171 
3 4299 4318 4182 
3 4182 4318 4302 
3 4430 4446 4318 
3 4430 4318 4300 
3 4300 4318 4299 
3 4300 4301 4431 
3 4430 4300 4431 
3 4301 4426 4432 
3 4431 4301 4432 
3 4426 4427 4554 
3 4432 4426 4554 
3 4427 4428 4555 
3 4554 4427 4555 
3 4428 4429 4556 
3 4555 4428 4556 
3 4429 4447 4557 
3 4556 4429 4557 
3 4447 4448 4574 
3 4557 4447 4574 
3 4448 4449 4575 
3 4574 4448 4575 
3 4449 4450 4576 
3 4575 4449 4576 
3 4450 4518 4577 
3 4576 4450 4577 
3 4518 4519 4649 
3 4577 4518 4649 
3 4519 4520 4650 
3 4649 4519 4650 
3 4520 4521 4651 
3 4650 4520 4651 
3 4521 4509 4640 
3 4651 4521 4640 
3 4509 4510 4641 
3 4640 4509 4641 
3 4510 4511 4642 
3 4641 4510 4642 
3 4511 4512 4643 
3 4642 4511 4643 
3 4512 4516 4644 
3 4643 4512 4644 
3 4516 4515 4648 
3 4516 4648 4644 
3 4644 4648 4778 
3 4783 4784 4648 
3 4784 4778 4648 
3 4908 4909 4911 
3 4908 4911 4783 
3 4783 4911 4784 
3 4909 5035 4911 
3 4038 4172 4039 
3 4038 4041 4172 
3 3895 4041 4038 
3 3895 4042 4041 
3 3895 4040 4042 
3 4169 4042 4040 
3 4179 4042 4169 
3 4170 4179 4169 
3 4430 4558 4446 
3 4431 4558 4430 
3 4559 4558 4431 
3 4432 4559 4431 
3 4560 4559 4432 
3 4554 4560 4432 
3 4680 4560 4554 
3 4555 4680 4554 
3 4681 4680 4555 
3 4556 4681 4555 
3 4682 4681 4556 
3 4557 4682 4556 
3 4683 4682 4557 
3 4574 4683 4557 
3 4704 4683 4574 
3 4575 4704 4574 
3 4705 4704 4575 
3 4576 4705 4575 
3 4706 4705 4576 
3 4577 4706 4576 
3 4707 4706 4577 
3 4707 4708 4845 
3 4707 4577 4708 
3 4577 4649 4708 
3 4650 4785 4649 
3 4785 4708 4649 
3 4651 4786 4650 
3 4786 4785 4650 
3 4640 4772 4651 
3 4772 4786 4651 
3 4773 4641 4774 
3 4773 4772 4641 
3 4772 4640 4641 
3 4642 4774 4641 
3 4775 4774 4642 
3 4775 4776 4901 
3 4775 4642 4776 
3 4642 4643 4776 
3 4644 4777 4643 
3 4777 4776 4643 
3 4778 4779 4644 
3 4779 4777 4644 
3 4784 4905 4778 
3 4905 4779 4778 
3 4911 4912 4784 
3 4912 4905 4784 
3 5035 5037 4912 
3 4911 5035 4912 
3 4172 4175 4174 
3 4172 4174 4039 
3 4039 4174 4173 
3 4041 4175 4172 
3 4708 4846 4845 
3 4785 4846 4708 
3 4913 4846 4785 
3 4786 4913 4785 
3 4897 4913 4786 
3 4772 4897 4786 
3 4898 4897 4772 
3 4773 4898 4772 
3 4776 4902 4901 
3 4902 4903 5028 
3 4902 4776 4903 
3 4776 4777 4903 
3 4779 4904 4777 
3 4904 4903 4777 
3 4905 4906 4779 
3 4906 4904 4779 
3 5031 5032 4906 
3 5031 4906 4912 
3 4912 4906 4905 
3 5037 5031 4912 
3 4305 4306 4435 
3 4350 4305 4435 
3 4174 4305 4173 
3 4306 4305 4174 
3 5029 5028 4903 
3 5160 5028 5029 
3 4904 5030 4903 
3 5030 5029 4903 
3 5033 5163 5030 
3 5033 5030 4906 
3 4906 5030 4904 
3 5032 5033 4906 
3 4350 4435 4352 
3 4435 4482 4352 
3 5161 5160 5029 
3 5284 5160 5161 
3 5030 5162 5029 
3 5162 5161 5029 
3 5163 5286 5162 
3 5030 5163 5162 
3 4480 4612 4613 
3 4481 4480 4613 
3 4482 4480 4352 
3 4612 4480 4482 
3 5285 5284 5161 
3 5409 5284 5285 
3 5287 5410 5285 
3 5287 5285 5162 
3 5162 5285 5161 
3 5286 5287 5162 
3 4481 4613 4483 
3 4613 4614 4483 
3 5548 5543 5544 
3 5548 5545 5411 
3 5544 5545 5548 
3 5409 5411 5545 
3 5285 5411 5409 
3 5412 5549 5411 
3 5411 5285 5412 
3 5413 5412 5285 
3 5413 5285 5414 
3 5410 5414 5285 
3 4483 4614 4492 
3 4614 4622 4492 
3 5803 5804 5781 
3 5805 5803 5781 
3 5784 5785 5727 
3 5785 5783 5727 
3 5728 5729 5651 
3 5784 5727 5729 
3 5729 5727 5651 
3 5652 5653 5543 
3 5652 5543 5548 
3 5653 5730 5651 
3 5651 5543 5653 
3 5730 5728 5651 
3 5654 5652 5548 
3 5550 5654 5548 
3 5548 5411 5550 
3 5549 5550 5411 
3 4619 4748 4749 
3 4620 4619 4749 
3 4622 4619 4492 
3 4748 4619 4622 
3 4620 4749 4750 
3 4621 4620 4750 
3 4750 4751 4621 
3 4872 4751 4750 
3 4751 4872 4867 
3 4872 4990 4867 
3 4867 4990 4991 
3 4868 4867 4992 
3 4992 4867 4991 
3 5116 4992 4991 
3 4171 4303 4170 
3 4171 4302 4304 
3 4303 4171 4304 
3 4302 4318 4433 
3 4304 4302 4433 
3 4318 4446 4433 
3 4042 4176 4041 
3 4180 4176 4042 
3 4180 4042 4181 
3 4181 4042 4179 
3 4303 4179 4170 
3 4303 4314 4179 
3 4314 4181 4179 
3 4304 4314 4303 
3 4434 4314 4304 
3 4433 4434 4304 
3 4561 4434 4433 
3 4446 4561 4433 
3 4446 4558 4561 
3 4558 4684 4561 
3 4685 4820 4684 
3 4685 4684 4559 
3 4559 4684 4558 
3 4559 4560 4686 
3 4685 4559 4686 
3 4560 4680 4687 
3 4686 4560 4687 
3 4680 4681 4816 
3 4687 4680 4816 
3 4817 4816 4681 
3 4817 4681 4818 
3 4818 4681 4682 
3 4683 4819 4682 
3 4682 4819 4818 
3 4841 4946 4819 
3 4841 4819 4704 
3 4704 4819 4683 
3 4704 4705 4842 
3 4841 4704 4842 
3 4705 4706 4843 
3 4842 4705 4843 
3 4706 4707 4844 
3 4843 4706 4844 
3 4707 4845 4844 
3 4774 4899 4773 
3 4774 4775 4900 
3 4899 4774 4900 
3 4775 4901 4900 
3 4175 4307 4174 
3 4175 4177 4307 
3 4041 4177 4175 
3 4041 4178 4177 
3 4041 4176 4178 
3 4180 4178 4176 
3 4685 4821 4820 
3 4686 4821 4685 
3 4822 4821 4686 
3 4687 4822 4686 
3 4823 4822 4687 
3 4816 4823 4687 
3 4943 4823 4816 
3 4817 4943 4816 
3 4841 4964 4946 
3 4842 4964 4841 
3 4965 4964 4842 
3 4843 4965 4842 
3 4966 4965 4843 
3 4966 4967 5091 
3 4966 4843 4967 
3 4843 4844 4967 
3 4845 4846 4968 
3 4845 4968 4844 
3 4844 4968 4967 
3 4846 4913 4969 
3 4968 4846 4969 
3 4913 4897 5023 
3 4969 4913 5023 
3 4897 4898 5024 
3 5023 4897 5024 
3 4898 4773 4899 
3 4898 4899 5024 
3 5024 4899 5025 
3 4900 5026 4899 
3 5026 5025 4899 
3 4901 4902 5027 
3 4901 5027 4900 
3 4900 5027 5026 
3 4902 5028 5027 
3 4306 4436 4435 
3 4306 4308 4436 
3 4174 4308 4306 
3 4174 4309 4308 
3 4174 4307 4309 
3 4177 4309 4307 
3 4967 5092 5091 
3 4968 5092 4967 
3 5093 5092 4968 
3 4969 5093 4968 
3 5094 5093 4969 
3 5023 5094 4969 
3 5155 5094 5023 
3 5024 5155 5023 
3 5156 5155 5024 
3 5025 5156 5024 
3 5157 5156 5025 
3 5157 5158 5281 
3 5157 5025 5158 
3 5025 5026 5158 
3 5027 5159 5026 
3 5159 5158 5026 
3 5028 5160 5159 
3 5027 5028 5159 
3 4436 4437 4563 
3 4436 4563 4435 
3 4435 4563 4482 
3 4308 4437 4436 
3 5158 5282 5281 
3 5282 5283 5406 
3 5282 5158 5283 
3 5158 5159 5283 
3 5160 5284 5283 
3 5159 5160 5283 
3 4612 4691 4740 
3 4613 4612 4740 
3 4563 4612 4482 
3 4691 4612 4563 
3 5407 5541 5540 
3 5406 5407 5540 
3 5406 5283 5407 
3 5283 5408 5407 
3 5284 5409 5408 
3 5283 5284 5408 
3 4613 4740 4614 
3 4740 4741 4614 
3 5650 5719 5625 
3 5650 5626 5542 
3 5625 5626 5650 
3 5541 5542 5626 
3 5407 5542 5541 
3 5407 5543 5542 
3 5407 5544 5543 
3 5545 5544 5407 
3 5408 5545 5407 
3 5409 5545 5408 
3 4614 4741 4622 
3 4741 4752 4622 
3 5813 5801 5800 
3 5800 5801 5780 
3 5804 5802 5781 
3 5800 5780 5802 
3 5802 5780 5781 
3 5780 5717 5781 
3 5805 5781 5782 
3 5782 5781 5718 
3 5781 5717 5718 
3 5719 5650 5727 
3 5719 5727 5718 
3 5783 5782 5718 
3 5783 5718 5727 
3 5651 5727 5650 
3 5542 5651 5650 
3 5543 5651 5542 
3 4748 4871 4749 
3 4748 4753 4871 
3 4748 4622 4753 
3 4622 4752 4753 
3 5808 5806 5795 
3 5810 5809 5796 
3 5808 5795 5809 
3 5809 5795 5796 
3 5813 5811 5801 
3 5811 5812 5796 
3 5796 5801 5811 
3 5812 5810 5796 
3 4749 4871 4750 
3 4871 4872 4750 
3 4871 4753 4872 
3 4753 4875 4872 
3 4872 4875 4990 
3 4875 4995 4990 
3 4990 4995 5115 
3 4991 4990 5115 
3 5117 5116 4991 
3 5118 5117 4991 
3 5118 4991 5115 
3 4181 4315 4180 
3 4181 4314 4317 
3 4315 4181 4317 
3 4314 4434 4443 
3 4317 4314 4443 
3 4434 4561 4562 
3 4443 4434 4562 
3 4561 4684 4688 
3 4562 4561 4688 
3 4684 4820 4688 
3 4818 4944 4817 
3 4818 4819 4945 
3 4944 4818 4945 
3 4819 4946 4945 
3 4178 4310 4177 
3 4178 4313 4310 
3 4180 4313 4178 
3 4180 4316 4313 
3 4180 4315 4316 
3 4317 4316 4315 
3 4444 4316 4317 
3 4443 4444 4317 
3 4571 4444 4443 
3 4562 4571 4443 
3 4689 4571 4562 
3 4689 4690 4825 
3 4689 4562 4690 
3 4562 4688 4690 
3 4820 4821 4824 
3 4820 4824 4688 
3 4688 4824 4690 
3 4821 4822 4947 
3 4824 4821 4947 
3 4822 4823 4948 
3 4947 4822 4948 
3 4823 4943 4949 
3 4948 4823 4949 
3 4943 4817 4944 
3 4943 4944 4949 
3 4949 4944 5067 
3 4945 5068 4944 
3 5068 5067 4944 
3 4946 4964 5069 
3 4946 5069 4945 
3 4945 5069 5068 
3 4964 4965 5089 
3 5069 4964 5089 
3 4965 4966 5090 
3 5089 4965 5090 
3 4966 5091 5090 
3 4309 4438 4308 
3 4309 4311 4438 
3 4177 4311 4309 
3 4177 4312 4311 
3 4177 4310 4312 
3 4313 4312 4310 
3 4690 4826 4825 
3 4824 4826 4690 
3 4950 4826 4824 
3 4947 4950 4824 
3 5070 4950 4947 
3 4948 5070 4947 
3 5071 5070 4948 
3 4949 5071 4948 
3 5072 5071 4949 
3 5067 5072 4949 
3 5202 5072 5067 
3 5068 5202 5067 
3 5203 5202 5068 
3 5203 5204 5325 
3 5203 5068 5204 
3 5068 5069 5204 
3 5089 5205 5069 
3 5205 5204 5069 
3 5090 5226 5089 
3 5226 5205 5089 
3 5091 5092 5227 
3 5091 5227 5090 
3 5090 5227 5226 
3 5092 5093 5228 
3 5227 5092 5228 
3 5093 5094 5229 
3 5228 5093 5229 
3 5094 5155 5230 
3 5229 5094 5230 
3 5155 5156 5279 
3 5230 5155 5279 
3 5156 5157 5280 
3 5279 5156 5280 
3 5157 5281 5280 
3 4437 4564 4563 
3 4437 4439 4564 
3 4308 4439 4437 
3 4308 4440 4439 
3 4308 4438 4440 
3 4311 4440 4438 
3 5204 5326 5325 
3 5205 5326 5204 
3 5327 5326 5205 
3 5226 5327 5205 
3 5345 5327 5226 
3 5345 5346 5485 
3 5345 5226 5346 
3 5226 5227 5346 
3 5228 5347 5227 
3 5347 5346 5227 
3 5229 5348 5228 
3 5348 5347 5228 
3 5230 5349 5229 
3 5349 5348 5229 
3 5279 5350 5230 
3 5350 5349 5230 
3 5280 5404 5279 
3 5404 5350 5279 
3 5281 5282 5405 
3 5281 5405 5280 
3 5280 5405 5404 
3 5282 5406 5405 
3 4691 4827 4740 
3 4691 4692 4827 
3 4563 4692 4691 
3 4563 4565 4692 
3 4563 4564 4565 
3 4439 4565 4564 
3 5346 5486 5485 
3 5347 5486 5346 
3 5487 5486 5347 
3 5487 5488 5622 
3 5487 5347 5488 
3 5347 5348 5488 
3 5349 5489 5348 
3 5489 5488 5348 
3 5350 5490 5349 
3 5490 5489 5349 
3 5404 5491 5350 
3 5491 5490 5350 
3 5540 5541 5491 
3 5540 5491 5405 
3 5405 5491 5404 
3 5406 5540 5405 
3 4827 4828 4865 
3 4827 4865 4740 
3 4740 4865 4741 
3 4692 4828 4827 
3 5623 5622 5488 
3 5716 5622 5623 
3 5489 5624 5488 
3 5624 5623 5488 
3 5625 5719 5624 
3 5625 5624 5490 
3 5490 5624 5489 
3 5626 5625 5490 
3 5491 5626 5490 
3 5541 5626 5491 
3 4873 4988 4993 
3 4873 4865 4988 
3 4873 4752 4865 
3 4752 4741 4865 
3 5788 5757 5749 
3 5788 5780 5801 
3 5788 5749 5780 
3 5749 5750 5780 
3 5716 5623 5717 
3 5716 5717 5750 
3 5750 5717 5780 
3 5718 5717 5623 
3 5624 5718 5623 
3 5719 5718 5624 
3 4874 4873 4993 
3 4994 4874 4993 
3 4752 4874 4753 
3 4873 4874 4752 
3 5792 5754 5755 
3 5806 5807 5792 
3 5806 5792 5795 
3 5792 5755 5795 
3 5755 5756 5795 
3 5757 5788 5796 
3 5757 5796 5756 
3 5756 5796 5795 
3 5801 5796 5788 
3 4874 4994 4876 
3 4876 4753 4874 
3 4876 4877 4753 
3 4877 4875 4753 
3 5793 5794 5754 
3 5793 5754 5792 
3 5794 5791 5754 
3 5807 5793 5792 
3 4875 4877 4995 
3 4877 4997 4995 
3 4995 4997 5120 
3 5115 4995 5120 
3 5118 5115 5245 
3 5245 5115 5246 
3 5115 5120 5246 
3 5363 5245 5246 
3 4316 4442 4313 
3 4316 4444 4445 
3 4442 4316 4445 
3 4444 4571 4572 
3 4445 4444 4572 
3 4571 4689 4701 
3 4572 4571 4701 
3 4689 4825 4701 
3 4312 4441 4311 
3 4312 4313 4442 
3 4312 4442 4441 
3 4441 4442 4567 
3 4445 4570 4442 
3 4570 4567 4442 
3 4572 4573 4445 
3 4573 4570 4445 
3 4701 4702 4572 
3 4702 4573 4572 
3 4825 4826 4838 
3 4825 4838 4701 
3 4701 4838 4702 
3 4826 4950 4951 
3 4838 4826 4951 
3 4950 5070 5073 
3 4951 4950 5073 
3 5070 5071 5206 
3 5073 5070 5206 
3 5071 5072 5207 
3 5206 5071 5207 
3 5072 5202 5208 
3 5207 5072 5208 
3 5202 5203 5324 
3 5208 5202 5324 
3 5203 5325 5324 
3 4440 4566 4439 
3 4440 4311 4441 
3 4440 4441 4566 
3 4566 4441 4568 
3 4567 4569 4441 
3 4569 4568 4441 
3 4697 4570 4699 
3 4697 4569 4570 
3 4569 4567 4570 
3 4699 4700 4836 
3 4699 4570 4700 
3 4570 4573 4700 
3 4702 4703 4573 
3 4703 4700 4573 
3 4838 4839 4702 
3 4839 4703 4702 
3 4951 4961 4838 
3 4961 4839 4838 
3 5073 5074 4951 
3 5074 4961 4951 
3 5206 5209 5073 
3 5209 5074 5073 
3 5207 5328 5206 
3 5328 5209 5206 
3 5208 5329 5207 
3 5329 5328 5207 
3 5324 5330 5208 
3 5330 5329 5208 
3 5325 5326 5461 
3 5325 5461 5324 
3 5324 5461 5330 
3 5326 5327 5462 
3 5461 5326 5462 
3 5327 5345 5463 
3 5462 5327 5463 
3 5345 5485 5463 
3 4565 4693 4692 
3 4565 4439 4566 
3 4565 4566 4693 
3 4693 4566 4694 
3 4695 4568 4696 
3 4695 4694 4568 
3 4694 4566 4568 
3 4569 4696 4568 
3 4698 4696 4569 
3 4697 4698 4569 
3 4700 4837 4836 
3 4703 4837 4700 
3 4840 4837 4703 
3 4839 4840 4703 
3 4962 4840 4839 
3 4961 4962 4839 
3 5086 4962 4961 
3 5074 5086 4961 
3 5210 5086 5074 
3 5209 5210 5074 
3 5331 5210 5209 
3 5328 5331 5209 
3 5464 5331 5328 
3 5329 5464 5328 
3 5465 5464 5329 
3 5465 5466 5598 
3 5465 5329 5466 
3 5329 5330 5466 
3 5461 5467 5330 
3 5467 5466 5330 
3 5462 5594 5461 
3 5594 5467 5461 
3 5463 5595 5462 
3 5595 5594 5462 
3 5485 5486 5596 
3 5485 5596 5463 
3 5463 5596 5595 
3 5486 5487 5621 
3 5596 5486 5621 
3 5487 5622 5621 
3 4828 4829 4865 
3 4828 4692 4693 
3 4828 4693 4829 
3 4829 4693 4830 
3 4831 4694 4832 
3 4831 4830 4694 
3 4830 4693 4694 
3 4695 4832 4694 
3 5466 5599 5598 
3 5467 5599 5466 
3 5600 5599 5467 
3 5600 5601 5695 
3 5600 5467 5601 
3 5467 5594 5601 
3 5595 5690 5594 
3 5690 5601 5594 
3 5596 5691 5595 
3 5691 5690 5595 
3 5621 5692 5596 
3 5692 5691 5596 
3 5622 5716 5692 
3 5621 5622 5692 
3 4988 5113 4993 
3 4988 4989 5113 
3 4865 4989 4988 
3 4865 4952 4989 
3 4865 4829 4952 
3 4830 4952 4829 
3 4953 4952 4830 
3 4831 4953 4830 
3 5696 5695 5601 
3 5752 5695 5696 
3 5690 5697 5601 
3 5697 5696 5601 
3 5749 5757 5697 
3 5749 5697 5691 
3 5691 5697 5690 
3 5750 5749 5691 
3 5692 5750 5691 
3 5716 5750 5692 
3 5113 5114 5119 
3 5113 5119 4993 
3 4993 5119 4994 
3 4989 5114 5113 
3 5753 5759 5758 
3 5752 5753 5758 
3 5696 5753 5752 
3 5696 5754 5753 
3 5696 5755 5754 
3 5756 5755 5696 
3 5697 5756 5696 
3 5757 5756 5697 
3 4994 5119 4996 
3 4876 4994 4996 
3 4996 4877 4876 
3 4998 4877 4996 
3 5771 5715 5711 
3 5771 5712 5772 
3 5711 5712 5771 
3 5759 5772 5712 
3 5753 5772 5759 
3 5789 5799 5772 
3 5772 5753 5789 
3 5790 5789 5753 
3 5791 5790 5753 
3 5753 5754 5791 
3 4877 4998 4997 
3 4998 5122 4997 
3 5773 5774 5713 
3 5774 5770 5713 
3 5775 5773 5713 
3 5776 5775 5713 
3 5776 5713 5714 
3 5779 5777 5715 
3 5779 5715 5771 
3 5777 5778 5714 
3 5714 5715 5777 
3 5778 5776 5714 
3 5797 5779 5771 
3 5798 5797 5771 
3 5771 5772 5798 
3 5799 5798 5772 
3 4997 5122 5123 
3 5120 4997 5123 
3 5246 5120 5247 
3 5120 5123 5247 
3 5363 5246 5364 
3 5364 5246 5365 
3 5246 5247 5365 
3 5498 5364 5365 
3 4699 4835 4697 
3 4699 4836 4835 
3 4696 4833 4695 
3 4696 4698 4834 
3 4833 4696 4834 
3 4698 4697 4835 
3 4698 4835 4834 
3 4834 4835 4957 
3 4836 4837 4959 
3 4836 4959 4835 
3 4835 4959 4957 
3 4837 4840 4960 
3 4959 4837 4960 
3 4840 4962 4963 
3 4960 4840 4963 
3 4962 5086 5087 
3 4963 4962 5087 
3 5086 5210 5223 
3 5087 5086 5223 
3 5210 5331 5332 
3 5223 5210 5332 
3 5331 5464 5468 
3 5332 5331 5468 
3 5464 5465 5597 
3 5468 5464 5597 
3 5465 5598 5597 
3 4832 4954 4831 
3 4832 4695 4833 
3 4832 4833 4954 
3 4954 4833 4955 
3 4834 4956 4833 
3 4956 4955 4833 
3 4957 4958 4834 
3 4958 4956 4834 
3 4959 5081 4957 
3 5081 4958 4957 
3 4960 5084 4959 
3 5084 5081 4959 
3 4963 5085 4960 
3 5085 5084 4960 
3 5087 5088 4963 
3 5088 5085 4963 
3 5223 5224 5087 
3 5224 5088 5087 
3 5332 5342 5223 
3 5342 5224 5223 
3 5468 5469 5332 
3 5469 5342 5332 
3 5597 5602 5468 
3 5602 5469 5468 
3 5598 5599 5693 
3 5598 5693 5597 
3 5597 5693 5602 
3 5599 5600 5694 
3 5693 5599 5694 
3 5600 5695 5694 
3 4952 5075 4989 
3 4952 4953 5076 
3 5075 4952 5076 
3 4953 4831 4954 
3 4953 4954 5076 
3 5076 4954 5077 
3 5078 4955 5079 
3 5078 5077 4955 
3 5077 4954 4955 
3 4956 5079 4955 
3 5080 5079 4956 
3 4958 5080 4956 
3 5082 5080 4958 
3 5082 5083 5219 
3 5082 4958 5083 
3 4958 5081 5083 
3 5084 5218 5081 
3 5218 5083 5081 
3 5085 5221 5084 
3 5221 5218 5084 
3 5088 5222 5085 
3 5222 5221 5085 
3 5224 5225 5088 
3 5225 5222 5088 
3 5342 5343 5224 
3 5343 5225 5224 
3 5469 5481 5342 
3 5481 5343 5342 
3 5602 5603 5469 
3 5603 5481 5469 
3 5693 5698 5602 
3 5698 5603 5602 
3 5694 5751 5693 
3 5751 5698 5693 
3 5695 5752 5751 
3 5694 5695 5751 
3 5114 5121 5119 
3 5114 4989 5075 
3 5114 5075 5121 
3 5121 5075 5211 
3 5212 5076 5213 
3 5212 5211 5076 
3 5211 5075 5076 
3 5077 5213 5076 
3 5214 5213 5077 
3 5078 5214 5077 
3 5083 5220 5219 
3 5218 5220 5083 
3 5338 5220 5218 
3 5221 5338 5218 
3 5340 5338 5221 
3 5222 5340 5221 
3 5341 5340 5222 
3 5225 5341 5222 
3 5344 5341 5225 
3 5343 5344 5225 
3 5482 5344 5343 
3 5482 5483 5618 
3 5482 5343 5483 
3 5343 5481 5483 
3 5603 5617 5481 
3 5617 5483 5481 
3 5698 5699 5603 
3 5699 5617 5603 
3 5758 5759 5699 
3 5758 5699 5751 
3 5751 5699 5698 
3 5752 5758 5751 
3 5119 5121 4996 
3 5124 5121 5211 
3 5124 4998 5121 
3 5124 5125 4998 
3 4996 5121 4998 
3 5212 5124 5211 
3 5709 5614 5613 
3 5709 5615 5710 
3 5613 5615 5709 
3 5710 5616 5619 
3 5615 5616 5710 
3 5618 5619 5616 
3 5618 5483 5619 
3 5483 5620 5619 
3 5711 5715 5620 
3 5711 5620 5617 
3 5617 5620 5483 
3 5712 5711 5617 
3 5699 5712 5617 
3 5759 5712 5699 
3 5248 5249 5122 
3 5248 5122 5125 
3 5125 5122 4998 
3 5248 5367 5249 
3 5763 5702 5703 
3 5703 5702 5610 
3 5705 5704 5611 
3 5704 5703 5610 
3 5704 5610 5611 
3 5706 5612 5707 
3 5707 5612 5708 
3 5706 5705 5611 
3 5706 5611 5612 
3 5614 5708 5612 
3 5709 5708 5614 
3 5765 5766 5708 
3 5708 5709 5765 
3 5767 5765 5709 
3 5768 5767 5709 
3 5769 5768 5709 
3 5709 5710 5769 
3 5770 5769 5710 
3 5710 5713 5770 
3 5619 5713 5710 
3 5714 5713 5619 
3 5620 5714 5619 
3 5715 5714 5620 
3 5122 5249 5123 
3 5249 5367 5250 
3 5249 5250 5123 
3 5123 5250 5247 
3 5365 5247 5366 
3 5247 5250 5366 
3 5498 5365 5499 
3 5499 5365 5500 
3 5365 5366 5500 
3 5725 5634 5635 
3 5499 5500 5634 
3 5634 5500 5635 
3 5760 5726 5701 
3 5725 5635 5726 
3 5726 5635 5701 
3 5763 5761 5702 
3 5761 5762 5701 
3 5701 5702 5761 
3 5762 5760 5701 
3 5764 5707 5708 
3 5766 5764 5708 
3 5079 5215 5078 
3 5079 5080 5216 
3 5215 5079 5216 
3 5080 5082 5217 
3 5216 5080 5217 
3 5082 5219 5217 
3 5213 5252 5212 
3 5213 5214 5333 
3 5252 5213 5333 
3 5214 5078 5215 
3 5214 5215 5333 
3 5333 5215 5334 
3 5216 5335 5215 
3 5335 5334 5215 
3 5217 5336 5216 
3 5336 5335 5216 
3 5219 5220 5337 
3 5219 5337 5217 
3 5217 5337 5336 
3 5220 5338 5339 
3 5337 5220 5339 
3 5338 5340 5477 
3 5339 5338 5477 
3 5340 5341 5479 
3 5477 5340 5479 
3 5341 5344 5480 
3 5479 5341 5480 
3 5344 5482 5484 
3 5480 5344 5484 
3 5482 5618 5484 
3 5124 5251 5125 
3 5124 5212 5252 
3 5124 5252 5251 
3 5251 5252 5369 
3 5470 5333 5471 
3 5470 5369 5333 
3 5369 5252 5333 
3 5334 5471 5333 
3 5472 5471 5334 
3 5335 5472 5334 
3 5473 5472 5335 
3 5473 5474 5607 
3 5473 5335 5474 
3 5335 5336 5474 
3 5337 5475 5336 
3 5475 5474 5336 
3 5339 5476 5337 
3 5476 5475 5337 
3 5477 5478 5339 
3 5478 5476 5339 
3 5613 5614 5478 
3 5613 5478 5479 
3 5479 5478 5477 
3 5615 5613 5479 
3 5480 5615 5479 
3 5616 5615 5480 
3 5484 5616 5480 
3 5618 5616 5484 
3 5125 5251 5248 
3 5367 5248 5251 
3 5367 5251 5368 
3 5368 5251 5369 
3 5502 5369 5470 
3 5502 5501 5369 
3 5501 5368 5369 
3 5501 5637 5636 
3 5502 5637 5501 
3 5636 5700 5608 
3 5637 5700 5636 
3 5607 5608 5700 
3 5607 5474 5608 
3 5474 5609 5608 
3 5610 5702 5609 
3 5610 5609 5475 
3 5475 5609 5474 
3 5611 5610 5475 
3 5476 5611 5475 
3 5612 5611 5476 
3 5478 5612 5476 
3 5614 5612 5478 
3 5367 5368 5250 
3 5366 5250 5368 
3 5501 5366 5368 
3 5500 5366 5501 
3 5636 5500 5501 
3 5635 5500 5636 
3 5608 5635 5636 
3 5701 5635 5608 
3 5609 5701 5608 
3 5702 5701 5609 
3 5471 5604 5470 
3 5471 5472 5605 
3 5604 5471 5605 
3 5472 5473 5606 
3 5605 5472 5606 
3 5473 5607 5606 
3 5470 5604 5502 
3 5637 5502 5604 
3 5605 5637 5604 
3 5700 5637 5605 
3 5606 5700 5605 
3 5607 5700 5606 

POINT_DATA 5814
SCALARS Selection float
LOOKUP_TABLE default
1.16258 1.23553 1.19842 1.07009 1.14317 1.09825 1.33134 1.27194 1.09498 
1.19224 1.00864 0.996267 0.946209 1.04467 0.998547 1.42734 1.50207 1.39309 
1.43437 1.32906 1.13583 0.937711 1.26322 1.07239 0.796088 0.822317 0.878183 
1.49907 1.55025 1.63172 1.54909 1.43404 1.43149 1.3124 0.938872 1.15505 
0.746059 0.887339 0.666395 1.13989 1.29517 0.981747 0.644869 0.583807 0.429587 
0.551813 0.705179 1.63197 1.6957 1.47532 1.71308 1.65285 1.56022 1.45694 
1.33139 0.7805 0.990711 1.25191 1.15031 0.758839 0.449656 0.553062 0.462449 
1.05619 1.13175 1.30543 0.937824 0.420045 0.327398 0.214257 0.0472642 0.288544 
0.580225 1.71109 1.70328 1.61791 1.7596 1.76782 1.46732 1.71545 1.6171 
1.47129 1.36073 0.903665 0.754706 0.604253 1.02653 1.2864 1.2474 1.12317 
0.750855 0.517414 0.283869 0.347253 1.16631 1.0071 1.29948 0.850985 0.243288 
0.399569 0.183061 0.0978841 0.0356634 1.38778e-17 0 -6.93889e-18 -6.93889e-18 0.055882 
1.76055 1.74473 1.60557 1.73616 1.81821 1.86458 1.48749 1.64178 1.49324 
1.40336 0.95182 0.851842 0.676374 0.509427 1.35183 1.26031 1.32742 1.18797 
1.02916 0.660814 0.387691 0.148898 0.113607 1.15568 1.08868 0.870688 1.00792 
1.32149 1.19881 0.189173 0.0635066 0.268917 -6.93889e-18 -6.93889e-18 -3.46945e-18 -6.93889e-18 
-6.93889e-18 -6.93889e-18 1.88173 1.90707 1.77118 1.64294 1.79116 1.90827 2.00027 
1.5424 1.71555 1.62337 1.40517 1.46999 0.92943 0.733576 0.511983 0.357142 
1.42137 1.29331 1.35657 1.27254 1.0874 1.18343 0.724648 0.583206 0.824171 
0.408512 0.173129 -1.38778e-17 0 3.46945e-18 1.38778e-17 6.93889e-18 0.861154 1.20979 
1.08764 0.88342 0 0 0 2.08167e-17 0 0.174854 2.0413 
2.07546 1.98689 1.83338 1.72163 1.89137 2.03342 2.15241 1.62449 1.84339 
1.76841 1.51765 1.27974 1.55214 1.04441 0.898194 0.790915 0.601037 0.3753 
0.31204 1.43435 1.50738 1.33965 1.40743 1.29361 1.23148 1.08555 0.806591 
0.652129 0.78624 0.437528 0.161463 1.38778e-17 -6.93889e-18 1.11846 0.760587 0.951143 
6.93889e-18 0.12811 -1.38778e-17 2.22165 2.24697 2.14337 2.00745 1.95567 1.82058 
2.03329 2.18914 2.30948 1.7186 2.00931 1.94142 1.65938 1.37971 1.63359 
1.00264 0.768448 0.921344 0.737321 0.437314 0.570569 0.241216 1.47361 1.55655 
1.3687 1.46301 1.312 1.23589 1.1639 0.999967 0.920017 0.48388 0.604942 
0.295837 0.0352367 1.04083e-17 1.38778e-17 1.22051 0.785501 1.0622 6.93889e-18 0 
-1.38778e-17 2.42615 2.55944 2.34652 2.16458 2.18021 2.04104 1.92702 2.2085 
2.37725 2.42411 1.81103 2.23051 2.12588 1.8247 1.51867 1.70262 0.633211 
0.77895 0.366412 0.392827 0.161185 -6.93889e-18 1.59635 1.39234 1.49827 1.32798 
1.27088 1.12693 1.2203 1.02589 0.84563 0.753568 0.414955 0.59638 0.205299 
3.46945e-18 0.0130282 -1.04083e-17 6.93889e-18 1.3636 0.737494 0.941271 1.21738 2.56279 
2.81567 2.77459 2.59615 2.39795 2.3381 2.22175 2.18508 2.03131 2.37781 
2.54061 1.89582 2.49348 2.40851 2.30531 2.00058 1.682 1.76803 0.604491 
0.419457 0.245123 0.09962 0 -1.38778e-17 1.64752 1.41498 1.53777 1.3495 
1.31626 1.16112 1.24922 1.09951 0.968623 0.878365 0.700834 0.636075 0.49322 
0.388242 0.252459 0.609899 0.151608 -6.93889e-18 0 1.73472e-18 8.67362e-18 1.53099 
0.867546 0.720921 1.09819 1.38856 2.70088 3.04314 2.86776 2.99885 2.84054 
2.67053 2.52377 2.38452 2.27891 2.4472 2.12292 2.69518 1.97645 2.65606 
2.58411 2.48336 2.17914 1.8576 1.83813 0.210347 0.407039 0.0742713 1.38778e-17 
0 1.71063 1.43275 1.59668 1.32748 1.39349 1.17774 1.2728 1.09026 
0.820072 0.998242 0.774656 0.584755 0.42831 0.51501 0.311524 0.638537 0.206976 
0 1.7087 1.00756 0.806703 1.26702 1.56838 3.24679 3.05967 3.2318 
2.86752 3.0865 2.91817 2.75719 2.60877 2.53781 2.37189 2.70319 2.21206 
2.06033 2.83121 2.76127 2.66232 2.35737 2.03655 1.91902 0.14471 0 
-6.93889e-18 0.139274 0.367326 0 6.93889e-18 2.08167e-17 1.79112 1.50465 1.67906 
1.40897 1.15047 1.2671 1.36215 0.655738 0.848515 0.616002 1.08128 0.985202 
0.393448 0.522105 0.607824 0.766769 0.287507 0.113472 0 1.88924 1.17578 
0.947681 1.45027 1.75287 3.45128 3.25931 3.43188 3.05161 3.33467 3.17252 
2.97917 2.84408 2.80372 2.63457 2.46726 2.97979 2.30652 2.15429 3.01274 
2.93851 2.85401 2.53479 2.2166 2.01342 6.93889e-18 0 0.150699 0.0587638 
0 0 0.426683 0.193794 1.88824 1.57793 1.7759 1.48874 1.16818 
1.39552 1.28587 0.730143 0.57339 0.516759 0.867677 1.08184 1.01409 0.450353 
0.767689 0.509764 0.637574 0.929398 0.363916 0.175743 6.93889e-18 6.93889e-18 2.06541 
1.36396 1.1235 1.64171 1.93511 3.63311 3.4884 3.64664 3.2399 3.56493 
3.42377 3.13956 3.31048 3.02929 3.06163 2.90566 2.73596 2.57143 3.21414 
3.18342 2.41413 2.25923 3.20441 3.08706 3.09173 2.68367 2.93339 2.40645 
2.11912 -3.46945e-18 0 0 0.203074 0.365718 0 0 2.00028 
1.67007 1.88763 1.5637 1.16117 1.44954 1.32916 0.673267 0.727307 0.626686 
0.523886 0.415808 0.911803 1.10326 1.02929 0.890754 0.814852 0.470167 0.643139 
1.00893 1.12327 0.267739 0.0839473 0 2.20077 1.55887 1.3152 1.83642 
2.13334 3.64816 3.73729 3.81161 3.38573 3.5514 3.70652 3.72989 3.86271 
3.62281 3.51728 3.39731 3.25868 3.19145 3.01064 2.84744 2.69299 3.37227 
2.54326 2.35733 3.40709 3.30415 3.20449 2.66576 3.00061 2.73187 2.44716 
2.23932 0.160416 0.0478713 0 0.187701 2.12954 1.77244 2.01361 1.65105 
1.22016 1.52757 1.4053 0.744702 0.864594 0.594917 0.570642 0.494395 0.370768 
1.01666 1.12571 0.945859 0.951865 0.839749 0.374466 0.785844 0.524076 1.14923 
1.04947 1.29543 0.126552 -6.93889e-18 0 1.72446 1.49523 1.96528 2.23045 
3.85689 3.96405 3.97097 3.54375 3.72696 3.88182 3.7725 3.8749 4.03229 
3.70598 3.61378 3.52924 3.42604 3.26744 3.3923 3.12234 2.97673 2.84077 
2.54841 2.73886 2.47397 3.42945 3.25026 3.06302 2.79502 2.51288 2.38812 
-3.46945e-18 -6.93889e-18 3.46945e-18 0 0.169078 0.0732986 0 0 2.27688 
1.88343 2.15717 1.75135 1.26729 1.63225 1.39829 1.54192 0.859006 0.798972 
0.642178 0.97523 0.409643 0.368142 1.12179 1.18004 0.947562 1.06248 0.185913 
0.928042 0.741221 0.535532 0.323498 1.26202 1.15478 1.40508 6.93889e-18 6.93889e-18 
1.79492 1.58308 2.03811 2.30878 3.99209 4.0488 4.05883 4.09163 3.62349 
3.78386 3.91893 3.81146 3.98899 4.1414 3.68889 3.63471 3.56259 3.48908 
3.38453 3.25484 3.12414 3.00028 2.65889 2.87468 2.68285 3.46924 3.30067 
3.13393 2.8814 2.59685 2.5524 0 0.158152 3.46945e-18 1.73472e-18 6.93889e-18 
2.43941 1.98368 2.171 2.35188 1.86279 1.34048 1.74921 1.47568 1.63832 
0.906862 0.819572 0.672134 0.467094 1.01041 1.10436 0.23319 1.2466 1.28882 
1.0312 1.09162 1.12821 0.107469 -6.93889e-18 1.38778e-17 1.03664 0.911696 0.62632 
0.761977 0.399431 0.145145 1.32294 1.21513 1.15573 1.4629 1.86539 1.64413 
2.12175 2.40677 4.00741 4.04428 4.09955 4.15826 4.14243 3.64756 3.78826 
3.90254 3.96421 3.82545 3.96569 4.09523 4.22729 3.73947 3.65659 3.63971 
3.51924 3.40211 3.28233 3.16131 3.02671 2.8319 3.49682 3.33574 3.19066 
2.98919 2.70899 2.71127 -3.46945e-18 0 -6.93889e-18 2.59886 2.09423 2.27641 
2.47768 1.99167 1.49724 1.86522 1.74512 0.972845 0.807469 0.927156 0.784084 
0.646367 0.509549 0.315044 1.09837 1.22621 0.0424691 0 1.3841 1.42759 
1.10851 -3.46945e-18 0 1.03248 0.824754 0.927119 0.61573 0.342313 0.133345 
0 0 1.36651 1.2699 1.16702 1.19342 1.11263 1.51667 1.95361 
1.71465 2.2255 2.52674 4.00579 4.05191 4.16997 3.63469 3.85921 3.6461 
3.77108 3.88636 3.9061 3.90325 4.01489 4.06128 4.11449 4.18683 4.29724 
3.81806 3.74738 3.82133 3.6603 3.55589 3.44738 3.33815 3.05278 3.25263 
2.97636 3.50013 3.31587 3.12163 2.86965 2.87533 2.74298 2.29387 2.60884 
2.1101 1.6444 1.99029 1.88389 1.08866 1.01571 1.11617 0.838932 0.739534 
0.528649 0.420949 0.189908 1.22067 1.36276 0 -6.93889e-18 3.46945e-18 1.38778e-17 
1.5756 1.53169 1.05679 0.961738 0.811835 0.636195 0.404952 0.113668 -1.38778e-17 
-1.38778e-17 1.40958 1.28098 1.13542 1.12407 1.20165 1.0603 1.58721 2.06662 
1.80914 2.34261 2.63254 3.9516 4.10777 4.00279 3.4657 3.60133 3.81198 
3.68193 3.82224 3.85501 3.96118 4.03799 4.07768 4.12295 4.12989 4.24617 
4.3449 4.15471 4.28511 3.95812 3.89935 3.89268 3.79998 3.70853 3.61187 
3.51094 3.1787 3.3963 3.20708 3.19293 2.89571 3.01465 2.88416 2.30936 
2.50205 2.7597 2.23211 1.79514 2.13832 2.03275 1.23345 1.13134 1.18616 
0.900369 1.0038 1.27095 0.867394 0.745909 0.604539 0.418179 0.307748 0 
0.0772178 1.36074 1.5087 1.72948 1.6833 0.951108 0.806894 0.641175 0.452639 
0.212309 0 0 -2.77556e-17 1.4812 1.31784 1.13187 1.05224 1.23956 
1.68975 2.19924 1.93858 2.44916 2.71189 3.90609 4.03086 3.43247 3.50652 
3.72814 3.59334 3.76859 3.77659 4.05918 4.10796 4.12281 4.20514 4.3048 
4.37645 4.11675 4.36636 4.23431 4.02587 4.06452 3.9922 4.04775 3.92455 
3.85077 3.76393 3.66125 3.53466 3.22843 3.42526 3.31402 3.04706 3.14128 
3.03481 2.42146 2.6305 2.90144 2.44619 1.95097 2.27767 2.18646 1.37719 
1.16257 1.2492 1.31948 1.0053 0.898702 1.40768 0.814929 0.680621 0.549327 
0.297375 0.18028 0 3.46945e-18 -1.38778e-17 1.50444 1.6529 1.88612 1.82982 
0.99908 0.838462 0.913092 0.722754 0.515775 0.240721 0.0529633 -3.46945e-18 1.59175 
1.39382 1.17262 1.0699 1.31975 1.82704 2.32701 2.11731 2.49847 2.61696 
2.82523 3.97055 3.82858 3.37998 3.45537 3.64421 3.51138 3.69905 4.11634 
4.13068 4.17517 4.26859 4.35174 4.40464 4.46195 4.1137 4.35851 4.12967 
4.12213 4.06853 4.1335 4.03685 3.97394 3.89962 3.79759 3.67077 3.33744 
3.53416 3.25401 3.16432 2.9811 3.33332 3.18041 2.76344 3.03988 2.47484 
2.66146 2.11336 2.41644 2.35851 1.51581 1.29258 1.27387 1.12277 1.3564 
1.43344 0.894258 0.898677 1.54603 0.79304 0.619933 0.497338 0.105862 0.297962 
-1.73472e-18 0 0 1.64446 1.77526 2.04292 1.96412 0.999774 0.736935 
0.946666 0.867734 0.513969 0.230081 0 -6.93889e-18 0 -6.93889e-18 6.93889e-18 
1.73513 1.51528 1.25242 1.11277 1.44298 1.96618 2.38442 2.23529 2.74465 
2.51673 3.92538 3.78127 3.31315 3.39331 3.53402 3.58402 3.44596 3.6503 
4.17722 4.21707 4.31887 4.25325 4.35445 4.44 4.51298 4.25054 4.05593 
4.50171 4.21036 4.18517 4.17092 4.22145 4.12652 4.06189 4.04201 3.89579 
3.76955 3.6176 3.22369 3.13267 2.8316 3.07685 2.93554 3.04784 3.45057 
3.30353 2.91357 3.17229 2.59295 2.79599 2.28281 2.63368 2.54089 1.63806 
1.36086 1.24953 1.38599 1.09067 1.43564 1.5301 0.912231 0.698289 1.62029 
1.69765 0.428361 0.0312678 1.73472e-18 1.38778e-17 0.0726227 1.80021 2.20687 1.97975 
2.14654 0.956041 1.06755 0.964799 0.707716 0.930492 0.880788 0.514647 0.3197 
0.108912 -6.93889e-18 0 1.87644 1.70005 1.36819 1.18851 1.59156 2.04548 
2.19703 2.43676 2.6626 3.89999 3.77865 3.28806 3.34682 3.49715 3.53214 
3.42157 3.61394 4.22523 4.33105 4.409 4.2762 4.48832 4.57988 4.35123 
4.19828 4.04138 4.65693 4.49858 4.26408 4.25686 4.23546 4.23058 4.25953 
4.16986 4.05459 4.12781 4.18318 3.94596 3.875 3.68604 3.20084 3.12768 
2.79504 2.91435 3.00486 3.12307 3.07557 3.54008 3.41134 3.05261 3.29888 
2.9316 2.45239 2.81526 2.7097 1.21173 1.34181 1.47855 1.51192 1.07892 
1.61924 0.744745 0.906516 0.548575 1.69506 1.77533 1.82129 0.305915 3.46945e-18 
-6.93889e-18 0 0.0671205 -1.38778e-17 6.93889e-18 1.91791 2.36936 2.07557 2.29001 
1.10487 0.79216 0.977959 0.589867 0.682828 0.385613 0.120356 -6.93889e-18 -6.93889e-18 
1.96194 1.84803 1.51258 1.29671 1.7342 2.37412 2.12035 2.60694 3.87803 
3.71202 3.2559 3.31775 3.49631 3.39582 3.60152 4.25699 4.34466 4.42722 
4.53422 4.29818 4.64526 4.69723 4.35271 4.25216 4.05468 4.66059 4.29488 
4.28199 4.26512 4.26033 4.26205 4.29248 4.05373 4.1529 4.23888 3.83757 
3.94212 4.0437 3.73085 3.18288 2.76345 2.9138 3.02276 3.18356 3.14267 
3.11219 3.60958 3.50899 3.19504 3.42445 3.09062 2.60825 2.97391 2.85278 
1.22052 1.32923 1.43587 1.55636 1.6008 1.0498 1.7468 0.62061 0.735548 
0.85796 0.456503 1.91061 0.261362 6.93889e-18 6.93889e-18 0.100262 6.93889e-18 2.50947 
2.07319 2.22076 2.41337 1.2039 0.595602 0.843404 0.668693 1.07084 0.914504 
0.40454 0.107279 -1.38778e-17 -1.38778e-17 2.00378 1.65284 1.47857 1.81764 2.51627 
2.32677 2.63103 3.97281 3.76404 3.93599 3.24065 3.3142 3.49535 3.41101 
3.61129 4.27726 4.2846 4.35671 4.43278 4.55385 4.66503 4.33021 4.76027 
4.53971 4.40739 4.19721 4.07204 4.84999 4.31984 4.30463 4.28145 4.30062 
4.31751 4.15644 4.23057 4.2936 3.89194 3.99815 4.05971 4.14174 3.75946 
2.58233 2.72824 2.83516 2.90387 2.98345 3.04909 3.09554 3.2528 3.20956 
3.18322 3.16177 3.65647 3.60616 3.34272 3.54449 3.24572 2.73574 3.08611 
2.95956 1.2172 1.34554 1.49194 1.60574 1.68657 1.08653 0.894032 1.82225 
1.88885 0.57792 0.65822 0.387344 2.00765 1.38778e-17 0.216307 -6.93889e-18 1.38778e-17 
2.61762 2.14617 2.31121 2.50292 1.19719 1.38644 0.427814 0.530322 0.79082 
0.661345 1.0619 0.963874 0.208808 -6.93889e-18 0 0 1.96104 2.20595 
1.73294 1.62403 2.42423 3.88416 3.72404 3.88829 4.08142 3.99432 3.34409 
3.53528 3.45955 4.30626 4.31385 4.42614 4.53839 4.63489 4.68471 4.8316 
4.37023 4.72198 4.59751 4.58825 4.2673 4.49766 4.9826 4.87622 4.34579 
4.33792 4.33291 4.22044 4.27863 4.3335 3.93537 3.85871 3.99714 4.07632 
4.15685 3.75339 2.59078 2.79766 2.93317 3.02975 3.0836 3.13526 3.29373 
3.25216 3.24919 3.21049 3.68944 3.48714 3.63751 3.25134 3.38709 2.81894 
3.15913 3.01468 1.17499 1.41232 1.25928 1.52947 1.6895 1.63145 1.7686 
1.01995 0.680746 0.84632 1.87737 1.94881 0.456765 2.06289 0.297034 0.118038 
0 2.6751 2.17993 2.36615 2.56971 1.32368 1.1487 1.53087 0.291979 
0.554559 0.708492 0.784838 1.09387 0.933469 0.0544234 0 2.11497 1.86933 
2.35445 1.7647 3.5832 3.87886 3.70163 3.93113 4.04452 4.00723 4.20131 
3.40728 3.54422 4.37713 4.46392 4.56168 4.66429 4.75527 4.90495 5.00884 
4.4494 4.77501 4.71325 4.40924 4.39004 4.65838 4.5313 5.02205 4.37071 
4.38914 4.20572 4.28781 4.35809 4.39453 3.91463 3.98478 3.85298 4.0509 
4.12823 3.7888 2.47759 2.68507 2.83078 2.89213 2.9626 3.01453 3.08833 
3.1734 3.35798 3.32958 3.2849 3.2757 3.7323 3.6018 3.50944 3.67347 
3.2991 3.38725 2.813 3.21749 3.03105 1.03314 1.33082 1.43321 1.17519 
1.5344 1.71469 1.65642 1.78826 0.665743 0.545294 0.747172 1.89782 2.01331 
0.415205 0.27148 6.93889e-18 0.0261977 6.93889e-18 2.09735 2.21806 2.3847 2.54181 
2.68929 1.44887 1.25524 1.66372 0.270038 0 -6.93889e-18 0.716877 0.573761 
0.372716 1.16362 1.07329 0.755692 0.909071 3.46945e-18 -6.93889e-18 6.93889e-18 2.25249 
2.00994 1.89563 3.66023 3.81573 4.16962 4.00475 4.20727 4.18051 4.35877 
4.39301 3.50638 4.45255 4.55618 4.64488 4.69124 4.83688 4.98205 5.03998 
5.20242 4.5268 4.96551 4.86177 4.5571 4.48952 4.75017 4.42462 4.44835 
4.1796 4.26522 4.35105 4.41722 4.46154 3.92281 3.989 3.85572 4.03719 
4.11249 3.79894 2.36999 2.54904 2.79581 2.68216 2.84185 2.93962 2.99852 
3.05363 3.1311 3.21858 3.39886 3.4841 3.37202 3.37889 3.32139 3.70529 
3.5864 3.47336 3.35692 2.85682 3.20472 3.05064 0.948926 1.30122 1.41547 
1.10888 1.47984 1.58734 1.67774 1.7832 0.494215 0.524485 0.715845 1.99732 
1.9039 0.304964 0.169061 -6.93889e-18 0 -3.46945e-18 -6.93889e-18 2.06634 2.21796 
2.40909 2.66155 1.5784 1.36954 1.78049 6.93889e-18 0.106255 0.652716 0.523697 
0.172817 1.27864 1.15538 0.997765 0.754076 2.13931 2.00846 3.62492 3.7993 
4.31638 4.40759 4.17136 3.95681 4.14496 4.317 4.44924 4.61485 4.45461 
4.59294 4.49451 4.52268 4.62706 4.66751 4.77467 4.9395 5.02629 5.12268 
5.28961 5.149 5.33736 4.58477 5.02759 5.03025 4.97469 4.67899 4.91441 
4.925 4.48896 4.20446 4.30057 4.34901 4.43778 4.50285 4.54641 3.90769 
3.96886 3.85268 4.03279 4.11094 3.7928 2.47858 2.26603 2.55623 2.7855 
2.6429 2.74584 2.84406 2.91715 2.99694 3.09138 3.17309 3.25706 3.46339 
3.57658 3.49618 3.44446 3.37822 3.59548 3.64151 3.71687 3.47865 3.33253 
2.88546 3.20203 3.0995 0.88146 1.27056 1.02795 1.34249 1.48964 1.59241 
1.65369 1.76771 0.374244 0.522269 0.668575 1.86284 1.97621 0.356934 0 
0.0389062 0.196732 2.0808 2.18182 2.37392 2.54166 2.71911 1.69728 1.53123 
1.84137 0 1.38778e-17 0 0.53234 0.310648 0.0841938 -6.93889e-18 0 
1.26979 1.43989 1.14268 1.04085 0.876459 0.628339 0.752865 1.95382 2.16478 
3.73858 4.57898 4.68694 3.81188 4.12082 3.92614 4.08665 4.27574 4.46385 
4.47616 4.59303 4.79178 4.78078 4.75621 4.56739 4.69517 4.75762 4.91983 
5.03253 5.07773 5.23103 5.38298 5.44192 5.17688 5.40874 5.16333 5.13511 
5.04654 5.16085 4.98725 5.14132 4.20579 4.30151 4.40291 4.50398 4.55155 
4.609 4.66013 3.90855 3.9663 3.84889 4.04573 4.12162 3.75164 3.80143 
2.39406 2.53425 2.59146 2.69714 2.79138 2.90704 2.89515 2.9544 3.0265 
3.10781 3.17614 3.2422 3.31915 3.66329 3.59521 3.51838 3.4393 3.54119 
3.59583 3.6858 3.4268 3.29286 2.91833 3.09166 3.22997 0.800566 1.1545 
0.919034 1.23751 1.36356 1.52005 1.73811 1.62075 0.50377 0.591721 1.83796 
1.98481 0.387947 -3.46945e-18 -6.93889e-18 0.0400301 0.202039 2.06194 2.20175 2.38595 
2.5567 2.75039 1.7556 1.64985 0.402936 0.113378 0 -6.93889e-18 1.37987 
1.22008 1.56266 1.15997 0.864391 0.991348 0.797907 0.648562 2.07022 1.86395 
2.26288 4.93824 4.80384 4.94326 3.76458 3.88655 4.02838 4.18233 4.43467 
4.40044 4.64783 4.56091 4.95974 4.81219 4.8875 5.0169 5.06262 5.1854 
5.37654 5.44703 5.54568 5.66401 5.31689 5.50167 5.22374 5.31994 5.34732 
5.15176 5.18333 5.29752 4.23576 4.30534 4.42424 4.52603 4.60876 4.65339 
4.74952 3.89481 3.94568 3.98275 3.8384 4.07217 4.15196 3.76174 2.43728 
2.60681 2.48792 2.68648 2.86537 2.74975 2.84683 2.97437 2.9227 3.04077 
3.16817 3.08705 3.17844 3.20547 3.26064 3.36557 3.69847 3.5803 3.50963 
3.4993 3.56285 3.66035 3.40685 3.33687 2.94007 3.09802 3.21231 3.30278 
0.705665 1.07858 0.916253 0.722019 1.19497 1.30805 1.3917 1.50865 1.70912 
1.6003 0.490537 1.94301 1.83383 6.93889e-18 0 0.318534 0.0850615 1.38778e-17 
2.02937 2.22108 2.57912 2.41077 2.77532 1.76349 0.387343 0.148964 -1.38778e-17 
1.38778e-17 1.48402 1.31058 1.6725 1.21422 0.786371 1.12373 0.794938 0.935083 
0.653981 0.476345 2.16004 1.983 2.30424 5.11177 5.15425 4.96016 4.77873 
4.98408 5.09002 3.85219 4.03628 4.23679 4.59271 4.4862 4.91285 4.98748 
5.05305 5.17936 5.37963 5.53078 5.53135 5.66708 5.85375 5.67283 5.43988 
5.41183 5.56018 5.48481 5.54719 5.50312 5.46233 5.31003 4.28551 4.38756 
4.51512 4.55768 4.67323 4.75246 4.86263 3.87373 3.96533 4.00553 4.09219 
4.19727 3.75353 2.57707 2.66215 2.37032 2.48525 2.71802 2.79426 2.95534 
2.87026 3.0058 3.06018 3.136 3.27333 3.2141 3.35147 3.45396 3.70567 
3.63455 3.62325 3.47797 3.54447 3.64116 3.39426 3.43098 3.36255 2.96157 
3.10205 3.20551 3.267 3.35137 3.28631 0.997088 0.832984 0.515362 0.665922 
1.22578 1.07703 1.29404 1.29045 1.39787 1.50506 1.66017 1.80126 1.93084 
0.39142 0.230984 6.93889e-18 0.0104294 -1.38778e-17 2.07797 2.26155 2.59754 2.43488 
2.79024 1.84627 0.224055 -6.93889e-18 0 1.58631 1.39599 1.78755 1.29366 
0.716764 1.16839 0.719964 0.584435 1.05531 0.76449 0.856741 0.307826 2.14189 
2.0063 2.21863 5.37312 5.28776 4.95215 4.71437 4.94267 5.18593 5.08918 
3.77287 4.0158 4.28568 4.51179 4.64899 5.01234 5.06541 5.21091 5.378 
5.51619 5.5255 5.58802 5.67914 5.6308 5.7793 5.65126 5.79204 5.55696 
5.58802 5.71833 5.64483 5.54728 5.46203 5.40764 4.35224 4.42031 4.55933 
4.66054 4.78099 4.83683 4.89111 3.88192 4.00346 4.1718 4.26251 3.75273 
2.61887 2.3199 2.43898 2.55575 2.698 2.7935 2.96911 3.045 2.88562 
3.1468 3.29733 3.27781 3.39306 3.5262 3.8272 3.69197 3.45355 3.48572 
3.51299 3.56187 3.62921 3.38958 3.42187 2.93336 3.11606 3.37524 3.30847 
3.11678 0.837085 0.506616 0.574931 1.17875 0.968556 1.13958 1.27076 1.37981 
1.43149 1.55693 1.66758 1.81229 1.94699 0.382294 0.188908 -3.46945e-18 -3.46945e-18 
3.46945e-18 2.11928 2.31195 2.5428 2.69563 0.0485656 0 1.69067 1.48448 
1.90917 1.36465 1.23141 0.561662 0.636651 0.370291 1.07353 0.640175 0.879579 
0.645944 0.109113 2.12669 5.31382 5.3657 4.82292 5.17362 5.06299 5.28337 
3.98715 4.14488 4.32148 4.70604 4.46102 4.68561 4.99437 4.96527 5.11884 
5.12012 5.19446 5.36426 5.37999 5.55443 5.38831 5.57541 5.38557 5.45775 
5.59174 5.58409 5.33439 5.4137 5.31425 5.55663 5.5075 5.45643 5.31778 
5.29421 5.17154 5.15188 4.38766 4.53453 4.57612 4.71398 4.80407 4.90181 
3.90025 4.03209 4.09238 4.14984 4.26308 3.7115 3.81492 2.63 2.24545 
2.50791 2.34946 2.59225 2.67959 2.76143 2.85935 3.04452 2.95471 3.05663 
3.1116 3.21884 3.38886 3.33854 3.51321 3.90644 3.63162 3.73075 3.8552 
3.46365 3.54226 3.6166 3.39131 3.41648 2.72974 2.87852 2.8929 3.3201 
3.13023 2.89434 0.723105 0.399674 0.517313 0.968955 0.815051 1.10401 1.25839 
1.35125 1.51873 1.67132 1.96781 1.80337 0.336296 6.93889e-18 0.0371635 0.162607 
2.10706 2.22118 2.3641 2.48226 2.54727 0 -6.93889e-18 0 1.79196 
1.57206 2.02637 1.43259 1.28619 0.444132 0.165932 1.13609 0.454321 1.01059 
0.671836 0.781696 0.461248 0.536274 6.93889e-18 -1.38778e-17 5.10976 5.15058 5.00548 
4.86596 5.23043 5.15621 5.06119 5.01255 4.05816 4.21432 4.26607 4.63688 
4.44501 4.64474 4.87216 4.77183 4.78749 4.7728 4.85809 4.9519 4.95704 
4.96968 5.25059 5.03696 5.14127 5.28858 5.06199 5.29629 5.36368 5.19353 
5.14908 5.2693 5.20252 5.14219 5.29641 5.08547 4.93578 4.95391 4.88686 
4.17054 4.28929 4.40699 4.45635 4.66003 4.64444 3.91262 4.00547 3.89405 
3.99521 4.10137 3.67855 3.82246 2.17886 2.4701 2.56086 2.62173 2.21318 
2.35603 2.72524 2.84454 2.95128 3.03325 3.17643 3.13827 3.29942 3.46187 
3.43236 3.56883 4.05819 3.6994 3.82035 3.97515 3.4736 3.55217 3.37482 
3.41093 2.52551 2.65043 2.68656 3.16904 2.94178 2.67825 2.79305 0.622128 
0.452835 0.856526 0.892138 0.727546 1.05928 1.17971 1.27849 1.41334 1.51484 
1.64035 1.92645 1.74893 0.300755 -3.46945e-18 -3.46945e-18 0.0129233 0.112766 2.06949 
2.27225 2.3639 2.32196 1.86989 1.65789 2.02236 1.47535 1.36311 0.218542 
0 -6.93889e-18 1.21313 0.268545 1.05075 0.506874 0.91784 0.554306 0.695015 
0.359082 4.94874 5.01833 4.84632 4.77332 4.79231 4.90205 4.92091 4.8701 
4.81671 4.76327 4.76641 4.18061 4.28249 4.63303 4.45366 4.62205 4.82364 
4.7735 4.543 4.62552 4.63863 4.71849 4.79914 4.8633 4.80709 4.84296 
5.02483 5.16581 4.79404 4.90025 5.17285 5.08328 4.9846 4.8994 5.0125 
5.02688 4.81496 4.7315 4.7396 4.63305 3.94872 4.05991 4.20521 4.257 
4.41531 4.45594 3.79738 3.68234 3.80001 3.50727 3.64831 2.55108 2.63481 
2.71626 2.12291 2.2881 2.46397 2.7934 2.85235 2.96971 3.08943 3.26864 
3.2439 3.40789 3.58645 3.5586 3.74505 3.88901 4.10175 3.37643 3.3437 
3.27517 3.28267 2.37481 2.45395 2.53866 2.93592 3.13319 2.78073 2.81899 
2.48745 2.65277 0.499705 0.931467 0.674887 0.793645 0.962122 1.13332 1.35821 
1.1785 1.41821 1.49799 1.56672 1.87298 1.69605 0.271469 6.93889e-18 -6.93889e-18 
0.103211 1.38778e-17 1.99971 2.13613 2.19373 2.19633 2.08531 2.16518 1.81679 
1.62273 1.87861 1.44649 0 0 1.28073 0.0758186 3.46945e-18 1.12485 
0.26861 0.357187 0.959843 0.425813 0.829164 0.485674 0.640133 4.80108 4.60391 
4.60104 4.57728 4.58 4.62263 4.71195 4.69831 4.60343 4.55245 4.67191 
4.52567 4.55533 4.26591 4.46176 4.47556 4.56909 4.38389 4.38546 4.33582 
4.39793 4.47606 4.50039 4.59048 4.7035 4.46058 4.58543 4.60439 4.70569 
4.8761 4.84112 4.68024 4.7043 4.61552 4.85876 4.8035 4.75506 4.70537 
4.78985 4.65423 4.60337 4.59998 4.48101 4.52409 4.42965 3.70551 3.82664 
3.94819 4.06322 4.17485 4.29052 3.56121 3.46366 3.5829 3.31667 3.43515 
2.6426 2.71767 2.81775 1.94663 2.11265 2.35186 2.56754 2.87126 2.9547 
3.04406 3.1139 3.23766 3.39247 3.38645 3.55136 3.71959 3.718 3.88704 
4.07105 3.22558 3.24506 3.19112 3.21436 2.19656 2.31542 2.37441 2.23287 
2.73332 2.77539 2.93326 3.09946 2.67243 2.32379 2.34344 2.47063 0.547904 
0.431393 0.596843 0.702718 1.02836 0.835142 1.29056 0.996062 1.09634 1.3839 
1.41793 1.44059 1.51291 1.82758 1.63213 0.253016 -6.93889e-18 0 0 
1.89004 2.05917 2.02158 1.97279 1.94603 2.01219 2.0246 1.70666 1.49311 
1.36753 -6.93889e-18 0.100112 0 -6.93889e-18 0 1.20012 0.182995 0.1766 
1.03332 0.272461 0.848081 0.38777 0.619499 4.42088 4.38756 4.33988 4.32349 
4.36337 4.49715 4.30573 4.41862 4.27188 4.32253 4.31803 4.26687 4.29819 
4.26334 4.34131 4.22984 4.1824 4.07344 4.16411 4.17015 4.26235 4.3555 
4.37052 4.20259 4.1584 4.29297 4.46908 4.48322 4.57954 4.44279 4.61023 
4.49758 4.44179 4.39514 4.51298 4.6035 4.53379 4.42576 4.45597 4.45483 
4.36925 4.27364 4.1674 4.2387 3.48423 3.60066 3.71997 3.84881 3.98378 
3.34498 3.24882 3.36672 3.16827 3.23516 2.74132 2.80305 2.87723 2.95611 
1.8794 1.94481 2.2145 2.43064 2.71403 2.59448 3.06799 3.1367 3.24606 
3.39131 3.54785 3.54999 3.74057 3.88914 3.90834 4.07194 3.06264 2.07542 
2.1991 2.02465 2.64139 2.53134 2.65347 2.74402 2.90049 2.20304 2.21221 
2.3276 0.450126 0.580984 0.854643 0.683104 1.2507 0.938305 0.916677 1.04172 
1.32719 1.34463 1.36716 1.45325 1.67196 1.48108 0.256316 0 1.76303 
1.88046 1.91892 1.90102 1.89974 1.89396 1.91703 1.9611 1.91397 1.88943 
1.65958 1.46367 0 0 1.28695 0 1.38778e-17 -6.93889e-18 0.0596597 
1.12618 0.107759 0.77654 0.99092 0.474714 0.328951 0.157118 0.62066 4.22065 
4.15067 4.18618 4.07046 4.12237 4.04012 4.14032 4.14189 4.10351 3.98939 
4.16019 4.02034 4.18384 4.0661 4.28214 4.131 4.05903 3.99752 3.96054 
3.83944 3.78851 3.95635 4.0258 4.01652 4.17675 4.04928 4.06742 3.958 
3.92064 4.07846 4.3544 4.14452 4.19913 4.42902 4.36265 4.2944 4.22983 
4.28216 4.09637 4.33277 4.26753 4.34577 4.24363 4.16313 4.15765 4.06755 
3.95052 3.96815 3.95336 3.27011 3.38492 3.49959 3.62523 3.13319 3.03551 
3.15312 3.02169 2.81771 2.87506 2.96425 3.03005 3.11933 2.021 1.75765 
2.39292 2.21083 2.81489 2.48264 2.71606 3.23227 3.39938 3.56494 3.71235 
3.73104 3.85017 3.94924 4.08717 4.1111 2.83158 2.03846 1.87153 1.88017 
2.50437 2.32427 2.59883 2.61968 2.71635 2.09023 2.17483 2.03845 2.01247 
2.2153 0.3601 0.455865 0.78863 0.565572 1.14067 0.737507 0.85001 0.945826 
1.22276 1.25938 1.30781 1.3216 1.64337 1.50032 1.31902 0.176574 0 
1.69616 1.82108 1.8589 1.89844 1.91369 1.89927 1.87893 1.83752 1.81764 
1.75482 1.80495 1.52618 1.40507 0 1.38778e-17 0 1.25267 6.93889e-18 
-1.38778e-17 0.895573 0.739415 1.11884 0.376516 0.493455 0.211554 0 0 
0.627909 4.02082 3.88705 4.024 3.85736 3.82115 3.82821 3.87983 3.88667 
3.79085 3.73471 4.01123 3.80749 3.80385 4.21786 3.98284 3.89898 3.82967 
3.76575 3.78204 3.69568 3.66132 3.7195 3.52701 3.84039 3.75359 3.87932 
3.92289 3.80244 3.61876 3.97781 3.92864 3.89792 4.16841 4.19365 4.06431 
4.03633 3.84317 3.9422 4.07992 4.10644 3.96945 3.9137 3.83512 3.71882 
3.71283 3.77315 3.05838 3.17498 3.28996 3.39849 2.91887 2.82217 2.94043 
2.79908 2.90672 2.99186 3.06885 3.10502 3.17986 3.28305 1.95493 1.72551 
2.04242 2.33373 2.91326 3.00021 2.60968 2.83614 3.41654 3.57566 3.76644 
3.8812 3.92709 3.98006 4.12712 4.07911 2.62289 2.6826 1.9087 1.98149 
1.81129 1.79388 1.75112 2.29569 2.47036 2.17607 2.20323 2.56831 2.06712 
1.87211 1.89046 1.86575 0.270419 0.2849 0.583961 0.416877 0.928389 1.0014 
0.685129 0.728835 1.13932 1.18196 1.1879 1.16174 1.59257 1.50389 1.331 
1.1375 -1.38778e-17 0.118193 -1.38778e-17 1.61054 1.7545 1.86011 1.90815 1.92398 
1.93076 1.87888 1.90806 1.85709 1.82926 1.74642 1.76777 1.74672 1.69894 
1.63587 1.63042 1.54402 1.38291 1.01221 0.806187 1.24649 0.323094 0.49355 
0 0.0500143 0.550274 0.706904 0.615079 3.66245 3.65345 3.65505 3.56423 
3.6217 3.64315 3.58722 3.51133 3.58374 3.54374 3.84706 3.75601 3.68123 
3.63125 3.63551 3.58974 3.42696 3.4549 3.51277 3.59671 3.26458 3.56106 
3.6611 3.72958 3.82976 3.42067 3.41538 3.46237 3.61057 3.72308 3.67304 
3.76297 3.9631 3.91925 3.88839 3.8566 3.81951 3.73638 3.75527 3.67476 
3.88756 3.78113 3.70029 3.72689 3.65493 3.52581 3.43471 3.56477 3.63641 
3.47005 2.84718 2.96569 3.08825 3.21012 2.70705 2.60805 2.72882 2.63543 
3.10511 3.15303 3.22643 3.3246 3.44403 1.85325 2.15863 2.4646 2.98403 
3.07959 3.15474 2.77576 2.95671 3.58385 3.73644 3.86934 3.96619 4.08956 
3.92766 3.95295 2.40894 2.52859 1.72255 1.66588 2.14923 2.1314 2.28081 
2.07192 1.92991 1.82576 1.78952 1.74825 1.71802 1.77273 0.286115 0.0607255 
0.164444 0.498796 0.289404 0.78264 1.04353 0.938261 0.726483 0.503418 0.603778 
1.03207 1.08088 1.02219 0.968425 1.47636 1.11736 1.30468 0.942877 0 
0 1.642 1.79833 1.86779 1.88652 1.90031 1.89254 1.87958 1.81739 
1.81378 1.8491 1.6695 1.66613 1.70553 1.54066 1.52216 1.54555 1.66822 
1.50939 1.13506 0.954666 0.76664 0.851332 1.37897 0.418298 0.131506 6.93889e-18 
0 1.38778e-17 0.708133 0.65727 0.560712 3.40404 3.48946 3.45598 3.3841 
3.28085 3.4037 3.46664 3.41133 3.25696 3.46276 3.33598 3.35155 3.71596 
3.61933 3.53706 3.47478 3.44792 3.36437 3.18519 3.19615 3.31956 3.37936 
3.43718 3.06836 3.02562 3.50913 3.24327 3.27036 3.32173 3.28243 3.38606 
3.34944 3.4759 3.58406 3.56227 3.64509 3.52391 3.78481 3.75896 3.67187 
3.61233 3.56257 3.50639 3.47932 3.72843 3.67778 3.55615 3.47527 3.33688 
3.24883 3.26128 3.40533 3.28966 3.21933 2.63926 2.75549 2.87756 2.46916 
2.40677 2.52391 3.23487 3.34954 3.46487 3.59425 1.98066 2.25449 2.61696 
2.45139 3.07963 3.1617 3.20474 3.27381 2.93371 2.87651 2.84627 2.73907 
3.06181 3.73664 3.87883 3.90794 3.80475 3.82413 3.69372 2.21799 2.21628 
2.3524 1.6766 1.58808 2.04907 2.15428 2.04274 1.96028 1.94406 1.82284 
1.77464 1.70875 1.71659 1.6128 1.60277 6.93889e-18 0 0 0.104819 
0 0.286365 0.665351 0.82518 0.465983 0.57011 0.523993 0.39872 0.91822 
0.784635 0.764927 1.46307 1.10833 0.927376 1.35129 0.761123 1.79901 1.52867 
1.70117 1.81509 1.87624 1.79635 1.83073 1.70444 1.59068 1.5997 1.45358 
1.41594 1.41562 1.52436 1.44121 1.75557 1.65465 1.25438 1.0302 0.761034 
0.790075 0.931699 1.51939 0.382162 0.184884 0 -6.93889e-18 0.690739 0.441514 
0.630253 0.542393 3.2043 3.30446 3.10536 3.28588 3.12269 3.03953 3.17142 
3.25684 3.03584 3.0095 3.14573 3.04726 3.58643 3.48671 3.39854 3.32389 
3.26493 3.21283 3.13001 2.95859 2.96374 3.12406 3.16074 2.90927 2.78525 
3.01605 3.04941 3.19605 3.0746 3.10618 3.24132 3.27712 3.3147 3.46551 
3.31483 3.31044 3.60795 3.49516 3.44604 3.43903 3.41342 3.38127 3.31347 
3.3601 3.24354 3.47962 3.32259 3.1062 3.0955 3.25506 3.11118 2.98042 
2.98849 2.43968 2.55444 2.66225 2.27329 2.25948 2.26065 2.3376 3.36432 
3.47348 3.59571 3.73208 2.19246 1.97166 2.28426 2.55513 3.1635 3.22327 
3.2852 3.36931 2.89681 2.87638 2.90187 3.02684 2.79811 3.14365 3.82619 
3.72759 3.57887 3.46187 2.10348 2.14849 2.22092 2.11383 2.0633 1.47916 
2.0024 1.91757 1.8537 1.8132 1.75059 1.61972 1.45191 1.46712 -1.73472e-18 
-6.93889e-18 0.0307206 0.210226 0.719919 0.326314 0.378958 0.275184 0.604255 0.5047 
0.34131 0.681659 0.6439 0.585567 0.572328 1.34038 1.13233 0.877749 0.893488 
0.77237 0.600809 1.5286 1.68073 1.65263 1.527 1.55936 1.54088 1.51109 
1.39118 1.31891 1.2781 1.32403 1.46933 1.35927 1.81111 1.38471 1.13543 
0.845462 0.720058 1.02349 1.66071 0.22677 0 0 0.676895 0.405182 
0.636589 0.57445 3.10862 2.8416 2.85304 2.93679 2.79368 2.94127 2.95316 
2.80584 2.84859 2.79437 2.91362 2.80682 3.35807 3.26493 3.18224 3.11114 
3.0519 3.00198 2.90984 2.75148 2.72135 2.79365 2.95417 2.97538 2.54127 
2.84339 2.84348 2.88451 2.90829 2.93842 2.95331 3.11035 2.94486 3.15719 
3.11914 3.02898 3.2677 3.30885 3.22591 3.25875 3.17707 3.14892 3.08482 
3.16538 3.16781 2.94941 2.8882 3.01097 2.87516 2.8275 2.85925 2.80084 
2.24071 2.36924 2.48519 2.15746 2.19512 2.13946 2.10101 2.18149 3.46902 
3.58389 3.71333 3.7088 2.11022 2.38895 2.61078 3.24909 3.35162 3.45006 
2.96642 3.0912 2.96067 2.76265 3.21672 3.58751 3.4653 3.34353 3.23436 
2.05463 1.98461 1.8964 1.38903 1.80354 1.70535 1.7302 1.4875 1.62936 
1.30944 1.3193 1.33508 6.93889e-18 0.0878453 1.04083e-17 3.46945e-18 0.638788 0.190605 
0.0309259 0.55403 0.428417 0.0797046 0.242474 0.589306 0.55569 0.439735 0.365019 
0.402284 1.46077 1.28161 1.04085 0.696803 0.636282 0.825492 0.43578 1.581 
1.6278 1.54391 1.45399 1.42685 1.34394 1.49476 1.40641 1.30345 1.19461 
1.19598 1.20846 1.09776 1.23209 1.38615 1.25409 1.94637 1.51872 1.25589 
0.917397 0.774109 0.667882 0.643316 1.13133 1.78842 0.167667 -6.93889e-18 6.93889e-18 
0.646451 0.391777 0.551535 0.208456 2.66015 2.60358 2.76146 2.61359 2.6764 
2.60708 2.79745 2.7226 2.71012 2.60469 2.5832 2.61403 2.69956 2.63049 
3.1361 3.04728 2.96865 2.90142 2.84564 2.80119 2.70405 2.55631 2.48362 
2.60597 2.73454 2.85921 2.36568 2.32689 2.68087 2.69151 2.6966 2.74331 
2.77768 2.82925 2.95783 2.73092 2.97972 2.97717 2.91197 2.83279 2.92524 
2.81273 3.10478 3.07893 3.08726 3.05215 3.02629 3.00291 2.98409 2.63897 
2.89845 2.76934 2.70563 2.72819 2.68747 2.58011 2.08277 2.11544 2.20503 
2.06226 2.00297 1.93312 3.55854 3.68099 3.60334 3.47363 2.22713 2.49181 
3.3193 3.41874 3.52285 3.07999 3.17857 2.98876 2.57755 2.81755 3.2812 
3.3495 3.22936 3.1163 3.0129 1.8627 1.76036 1.79994 1.71316 1.3732 
1.51213 1.64483 1.19098 1.19386 1.16726 1.20511 6.93889e-18 0 6.93889e-18 
-3.46945e-18 6.93889e-18 0.499081 0.389097 6.93889e-18 -3.46945e-18 0 -3.46945e-18 0.241079 
0.48649 0.395446 0.164548 0.223008 0.291766 1.4323 1.35423 1.18906 0.938869 
0.38698 0.650399 0.145843 1.28226 1.13283 1.26251 1.07132 1.07128 1.08896 
0.916905 0.928519 1.10994 1.10741 2.05546 1.64941 1.3884 1.00791 0.799548 
0.607551 0.473826 0.516093 0.660408 1.25362 1.88784 6.93889e-18 6.93889e-18 0.246324 
0 0 2.45801 2.3832 2.4167 2.60375 2.44596 2.41905 2.44808 
2.51628 2.52947 2.48216 2.38395 2.34821 2.44869 2.3876 2.50442 2.91822 
2.83298 2.75831 2.69511 2.64602 2.61123 2.51504 2.40037 2.28007 2.42508 
2.50307 2.23246 2.14354 2.45616 2.49792 2.59707 2.61201 2.62417 2.61959 
2.64372 2.83179 2.53891 2.50806 2.61818 2.88169 2.77895 2.72775 2.67661 
2.78246 2.87242 2.76269 2.6339 2.96129 2.92922 2.8571 2.46449 2.71547 
2.63604 2.59869 2.61174 2.54302 2.47079 2.41391 1.93775 2.0075 2.08193 
1.87783 1.80131 1.82431 3.63873 3.5067 3.37256 3.24373 2.32171 3.38038 
3.48112 3.51175 3.12671 3.22534 2.98592 3.1222 2.61106 2.39666 2.94029 
2.6893 2.90126 3.33454 3.12101 3.00469 2.89654 2.79597 1.77421 1.71619 
1.28642 1.4033 1.4807 1.55107 1.61757 1.06927 1.07291 0.958959 1.08779 
1.17043 1.00468 0 1.73472e-18 0 0.0540759 0.79059 0.949362 0.194927 
0.406895 0.625388 0 0 -3.46945e-18 1.06553 0.919564 0.951822 0.938444 
0.678119 0.761092 0.789664 0.987417 0.910089 2.12241 1.76245 1.54437 1.12413 
0.888411 0.315607 0.490916 0.603362 0.780421 1.35807 1.92093 0 0.0347522 
2.28683 2.21776 2.22323 2.23672 2.36416 2.26989 2.19817 2.2427 2.35366 
2.33887 2.24644 2.23075 2.1141 2.20002 2.14312 2.31017 2.25554 2.70358 
2.62125 2.55011 2.49403 2.4554 2.43363 2.33779 2.08791 2.14138 2.28014 
2.34175 1.98349 2.26952 2.33469 2.36426 2.49111 2.36479 2.5205 2.42106 
2.77012 2.40415 2.42658 2.32011 2.4484 2.61881 2.48839 2.54639 2.6076 
2.57955 2.5298 2.7445 2.72196 2.63601 2.44987 2.43472 2.53868 2.4622 
2.4557 2.50071 2.43601 2.38488 2.31787 2.28617 1.80884 1.82986 1.89093 
1.78853 1.69797 1.74102 3.41473 3.27942 3.14702 3.0205 3.42908 3.3706 
3.29685 3.26679 3.02684 3.11419 3.13759 2.52223 2.20309 2.33596 2.51969 
2.7912 2.53498 2.67002 2.97604 2.70721 2.80092 3.27729 2.90073 2.788 
2.68174 2.58147 1.21614 1.32064 1.41846 1.48958 1.52995 1.56249 1.60519 
0.9374 0.70808 0.719423 1.11321 0.75681 0.994972 0 0.785613 0 
0.174363 0.499301 0.752705 0.841528 0.836565 0.817142 0.576035 0.690205 0.450395 
0.393457 0.564424 0.67188 0.668372 0.666282 2.00913 1.7903 1.59891 1.23588 
1.03532 0.379454 0.253786 0.0800709 0.479756 0.685686 0.558204 0.879872 1.39337 
-6.93889e-18 3.46945e-18 0 2.07056 2.02586 2.07667 2.01029 2.17768 2.02264 
2.21804 2.09489 2.02756 2.04061 2.14538 2.14458 2.17382 2.00265 1.95041 
1.86883 2.05966 2.00339 2.11349 2.49032 2.41032 2.34612 2.30021 2.27351 
2.2666 1.90788 1.99533 2.10217 2.21128 1.83341 2.08384 2.17706 2.20585 
2.26455 2.36617 2.22048 2.2397 2.2045 2.2209 2.31462 2.14111 2.36743 
2.41451 2.29398 2.38816 2.49091 2.32798 2.33861 2.3112 2.2037 2.28902 
2.27113 2.33737 2.32701 2.21729 2.23459 2.1469 2.16034 1.70888 1.74679 
1.79638 1.64083 3.19082 3.05723 2.92718 2.80422 3.26242 3.14763 3.08234 
3.11823 3.00972 2.96749 2.09266 2.13099 2.45283 2.18559 2.37052 2.54812 
2.34584 2.40175 2.52129 2.82718 2.6702 2.50117 2.64376 3.08983 2.68791 
2.57688 2.46874 2.36653 1.14032 1.22069 1.32958 1.43275 1.49524 1.54206 
1.55707 0.710061 0.529768 0.437516 0.498674 0.478321 0.588452 0.527282 0.626431 
0.779864 1.10985 0.995715 3.46945e-18 0 0.0942385 0.376851 0.545779 0.224513 
0.117265 0.325539 0.537656 1.86673 1.48636 1.70997 1.26962 1.1099 0.298519 
0.384215 0.131976 1.38778e-17 -1.38778e-17 0.439993 0.748085 0.580164 0.953373 1.82731 
1.85724 1.90535 1.78326 1.82301 2.05523 1.8386 1.96114 1.88327 1.83836 
1.88815 1.93487 1.96201 1.94989 2.04284 1.85503 1.75602 1.80373 1.76973 
1.63147 1.91501 1.8589 2.27527 2.20188 2.14821 2.11421 2.09743 1.76436 
1.84213 1.94421 1.71068 1.89931 2.01654 2.11107 2.10833 2.04211 2.12255 
2.05682 2.04605 1.98485 2.14975 2.25184 1.97375 2.27371 2.2508 2.09829 
2.134 2.11289 2.14102 2.12994 2.12837 2.03587 2.02652 2.10219 2.15238 
2.10807 2.05148 2.05897 2.05582 1.61098 1.65034 1.57246 2.97057 2.83939 
2.71237 2.59485 2.98186 2.94001 2.86917 2.93075 2.76463 1.9329 2.03508 
2.017 2.2782 2.02567 2.16762 2.11727 2.26333 2.59895 2.43262 2.23411 
2.91067 2.48211 2.36798 2.25372 2.14507 1.14022 1.21018 1.30983 1.39234 
1.46502 1.50057 0.367393 0.365271 0.202316 0.272097 0.321153 0.406461 0.271766 
0.446987 0.270124 0.563506 0.655989 0.791852 1.09911 0.966763 0 0 
0.400379 0.340209 0 -6.93889e-18 0 0.0397657 0.210956 1.55936 1.33984 
1.74468 1.1732 0.26946 0.125467 6.93889e-18 0 0.458132 0.32676 0.806508 
0.606798 0.99996 1.71379 1.58881 1.64181 1.67088 1.6126 1.66405 1.61561 
1.78264 1.63864 1.86269 1.78649 1.7076 1.6876 1.82392 1.76029 1.75299 
1.91376 1.81325 1.65461 1.52968 1.64629 1.58612 1.46796 1.44287 1.71102 
2.05788 1.99865 1.95901 1.93856 1.63718 1.70277 1.79003 1.58721 1.74514 
1.85222 1.98076 1.93071 1.86235 1.94659 1.91673 1.9551 1.83366 1.78849 
1.80403 2.07635 1.91093 1.95217 1.91178 1.94871 1.91289 1.93286 1.94746 
1.8674 1.79553 1.893 1.96447 1.91689 1.91695 1.88521 1.5397 1.5518 
2.75446 2.62228 2.49988 2.39521 2.82151 2.72315 2.66149 2.72885 2.52314 
1.84061 1.9447 1.85437 1.91816 2.06133 1.80947 1.86964 1.97394 2.38352 
2.20923 2.00172 2.28103 2.15431 2.03268 1.90188 1.11133 1.16525 1.25997 
1.33429 1.38937 1.44608 0.235602 0.132926 3.46945e-18 -6.93889e-18 0.0630061 1.73472e-18 
0 0.110079 0.220381 0.224692 0.12005 0.0363866 0.302561 0.317159 0.0690685 
0 -3.46945e-18 0.122529 0.484981 0.60034 0.685342 0.77721 1.04044 0.853854 
-6.93889e-18 1.38778e-17 3.46945e-18 -6.93889e-18 1.60897 1.3947 1.20465 0.111077 0 
0.461046 0.320365 0.842902 0.686167 0.522994 0.994523 1.46246 1.41297 1.47274 
1.43004 1.45499 1.4735 1.41535 1.44778 1.67409 1.46944 1.65439 1.6085 
1.50137 1.53322 1.55699 1.5751 1.55093 1.78654 1.69619 1.55526 1.40836 
1.28516 1.49823 1.40548 1.37435 1.29003 1.84969 1.80552 1.78173 1.515 
1.57381 1.65036 1.47277 1.60468 1.70437 1.77663 1.79011 1.67453 1.75627 
1.80784 1.71627 1.63071 1.60155 1.72531 1.74876 1.78959 1.71604 1.65491 
1.71196 1.7694 1.62765 1.62873 1.71967 1.72968 1.71658 1.77181 1.68612 
2.54355 2.38785 2.29223 2.22322 2.63994 2.56261 2.53637 2.46313 2.50722 
2.32936 2.3382 1.62259 1.67815 1.65559 1.64206 1.60926 1.64205 1.77613 
1.66777 1.75699 1.79369 2.1872 1.9916 1.78366 2.06287 1.93229 1.81741 
1.72918 1.70681 1.02938 1.09471 1.19285 1.2497 1.29636 1.34161 -6.93889e-18 
-6.93889e-18 -1.38778e-17 0 -1.38778e-17 0 -6.93889e-18 -6.93889e-18 -1.38778e-17 6.93889e-18 
0 3.46945e-18 0.0300763 0.164737 0.343288 0 -3.46945e-18 0 0.355926 
0.55768 0.636669 0.652656 0.652035 0.917258 0.691392 1.41618 1.2034 6.93889e-18 
-1.38778e-17 0.163808 0.0255792 -6.93889e-18 0.377287 0.816394 0.731359 0.593868 0.401608 
1.07247 0.79895 1.31071 1.22243 1.25221 1.27782 1.22571 1.2576 1.26936 
1.26506 1.26079 1.27674 1.40356 1.27707 1.44121 1.39336 1.34465 1.43586 
1.36273 1.35079 1.60889 1.52321 1.50809 1.40349 1.27399 1.15122 1.14285 
1.04588 1.28078 1.26786 1.16788 1.2097 1.09763 1.65678 1.61973 1.38537 
1.44332 1.51843 1.47719 1.55078 1.61197 1.67844 1.50163 1.49758 1.56307 
1.58641 1.68019 1.47789 1.36997 1.54551 1.51352 1.62202 1.57104 1.46895 
1.46265 1.47626 1.53615 1.35336 1.4583 1.53128 1.51007 1.55149 1.56522 
1.46429 2.35265 2.23168 2.16477 2.07482 2.48982 2.41712 2.353 2.26934 
2.31623 2.19969 2.14066 1.51507 1.52419 1.44996 1.47414 1.45642 1.49398 
1.41867 1.4375 1.58014 1.62954 1.58745 1.98859 1.75832 1.54886 1.92821 
1.83524 1.69027 1.62187 1.59935 1.5236 0.957767 1.04159 1.10062 1.12425 
1.18644 1.23436 0 1.04083e-17 -6.93889e-18 -1.38778e-17 0.0418556 0.13923 0.446292 
0.479073 0.521905 0.788718 0.419437 0.601365 1.2948 0 0.245466 -6.93889e-18 
0 0 0.694338 0.514459 1.12795 0.996473 0.549954 0.875939 0.686261 
1.10315 1.02664 1.06388 1.07019 1.07047 1.07614 1.07497 1.07787 1.08081 
1.06543 1.12642 1.254 1.1076 1.24795 1.14671 1.15176 1.13459 1.19513 
1.16173 1.43745 1.43502 1.34733 1.33866 1.27082 1.13374 0.978465 0.92719 
0.993953 0.79488 1.05769 1.15427 1.04325 0.93367 1.05025 0.891587 1.46501 
1.29512 1.37808 1.33706 1.40251 1.49385 1.34886 1.31482 1.33948 1.36887 
1.41198 1.33128 1.16887 1.18677 1.38883 1.44877 1.25792 1.366 1.32694 
1.25943 1.2114 1.29883 1.13703 1.29315 1.15529 1.31928 1.34212 1.37028 
1.37219 1.32521 2.19345 2.03852 1.94337 1.88552 2.22622 2.1504 2.04627 
2.07801 1.90827 1.28056 1.33258 1.30555 1.18557 1.20838 1.35179 1.15684 
1.40234 1.34726 1.71679 1.50814 1.30195 1.75443 1.62503 1.51663 1.47942 
1.42064 1.32052 0.869794 0.945702 0.972823 0.970456 1.02712 1.05335 1.12022 
-6.93889e-18 6.93889e-18 -6.93889e-18 1.38778e-17 1.38778e-17 0.224322 0.308644 0.610295 0.118998 
0.196527 0.434033 1.16709 1.17936 0.333929 0.114463 -6.93889e-18 1.08083 0.983582 
0.434908 0.884794 0.541597 0.74025 0.942432 0.856338 0.905636 0.745943 0.898794 
0.853594 0.907918 0.900784 0.856412 0.909433 0.892193 0.984971 0.819822 1.01001 
1.01953 0.921414 1.08506 0.971956 0.979944 0.826287 1.04923 0.891823 1.06668 
0.967286 1.27263 1.25336 1.14614 1.17602 1.15765 0.961822 0.728482 0.685315 
0.701313 0.5916 0.569278 0.792841 0.882222 0.632804 0.724492 1.19984 1.09374 
1.25818 1.20514 1.17929 1.17772 1.23357 1.18975 1.00267 0.94106 1.07113 
1.24208 1.28658 1.2604 0.995215 1.0661 1.18435 1.09419 0.998744 1.10488 
0.911116 0.982881 0.952346 1.18187 1.03049 1.10964 1.1985 1.21099 1.16655 
1.87755 1.77273 1.69502 2.00787 1.92331 1.80464 1.84508 1.66322 1.10372 
1.12145 1.09309 1.0279 1.02216 0.998966 1.16229 0.953631 0.969445 1.14353 
1.10246 1.4644 1.25813 1.05845 1.52559 1.40675 1.36567 1.26536 1.17504 
1.11692 0.789305 0.818205 0.81006 0.866014 0.906846 0.90584 0.947288 0.967963 
-1.38778e-17 0.0523532 0.293016 0.386224 0.637555 1.38778e-17 1.38778e-17 0 1.38778e-17 
0 1.11919 1.08631 0.207052 1.38778e-17 6.93889e-18 1.38778e-17 1.02892 0.338056 
0.955144 0.608856 0.470509 0.822862 0.695561 0.833359 0.736711 0.59963 0.780845 
0.628959 0.434203 0.702842 0.746235 0.569544 0.77532 0.691243 0.750161 0.576677 
0.773982 0.677507 0.864712 0.689649 0.532111 0.77166 0.708386 0.936319 0.820658 
0.676387 0.682246 0.503856 0.918308 0.728487 0.573672 0.75376 1.09285 1.06747 
1.02103 0.984721 0.980214 0.756933 0.548287 0.441356 0.400244 0.510765 0.393499 
0.601875 0.556708 0.326936 0.328764 0.847883 1.11453 0.891096 1.06931 1.03377 
1.03726 0.994734 0.863116 0.808656 0.762414 0.869289 0.671318 1.16968 1.14525 
1.06754 0.828566 0.784635 0.834299 1.05284 0.85901 0.958247 0.833077 0.701122 
0.822571 0.584411 0.692807 0.865575 0.918537 1.03866 0.84796 1.08746 1.02793 
1.68706 1.58734 1.53954 1.41517 1.7746 1.6761 1.56313 1.60593 1.41895 
0.989353 0.935504 0.945558 0.946106 0.859057 0.829096 0.806176 0.947644 0.823811 
0.774541 0.914025 0.874674 1.21688 1.01092 0.830418 1.24501 1.15922 1.02622 
0.962626 0.940349 0.684178 0.632951 0.659733 0.767049 0.768236 0.806094 0.783171 
0.751862 -6.93889e-18 0 -6.93889e-18 0.0986952 0.181366 0.475727 0 0.133732 
0.304351 0.628582 0.557997 0.466532 0.666116 0.794577 0.516095 0.324994 0.465481 
0.0897096 0.203204 0.598498 0.243496 0.363445 0.412154 0.604245 0.298641 0.396146 
0.406444 0.484654 0.261072 0.347204 0.474655 0.800455 0.678104 0.542068 0.384439 
0.200538 0.262581 0.468498 0.288217 0.346003 0.944556 0.940007 0.928078 0.843197 
0.736636 0.537174 0.265162 0.24544 0.226085 0.0914269 0.219376 0.405546 0.20496 
0.0310529 0.130565 0.165055 0.66483 0.655626 0.620541 0.905457 0.703183 0.922281 
0.718255 0.646611 0.611502 0.691501 0.359606 0.458443 0.963028 0.845151 0.607108 
0.632521 0.636909 0.64753 0.742532 0.7045 0.546394 0.348575 0.232005 0.401488 
0.501827 0.728687 0.919505 0.531841 0.668561 1.46906 1.42871 1.30625 1.17261 
1.52908 1.39675 1.30268 1.36665 1.17872 0.782311 0.734705 0.674141 0.621176 
0.615253 0.743148 0.574289 0.707301 0.67353 0.97205 0.752337 0.644723 1.05798 
1.00314 0.865139 0.8074 0.783796 0.794755 0.49603 0.409746 0.591679 0.580452 
0.600292 0.589014 6.93889e-18 0 1.38778e-17 1.38778e-17 0 0.276742 0 
1.38778e-17 0.133514 0.343073 0.575995 0.524032 0.640566 0.0753714 0 6.93889e-18 
1.38778e-17 0 0 0.0458906 -3.46945e-18 0 0.119516 0.216328 0.1092 
0.0506735 0.213078 0.237632 0.0897799 0.286688 0.308201 0.133695 0.014838 0.148033 
0.529025 0.401895 0.267157 0.121651 0 6.93889e-18 -6.93889e-18 -6.93889e-18 0.253524 
0.239846 0.257479 0.124464 0.0651458 0.837224 0.806644 0.714288 0.488689 0.501648 
0.36962 0.0987109 0.168786 0 3.46945e-18 0.0107459 0.0699338 -6.93889e-18 1.38778e-17 
0 -6.93889e-18 -6.93889e-18 0.0884624 0 0 -6.93889e-18 -3.46945e-18 -6.93889e-18 
6.93889e-18 -6.93889e-18 0.0627146 -6.93889e-18 0.420608 0.414242 0.45495 0.527787 0.464831 
0.44654 0.399368 0.127148 0.0383934 0.212281 0.224938 0.426922 0.598793 0.397949 
0.506074 0.474439 0.474009 0.49471 0.435171 0.264937 0.116691 6.93889e-18 -1.38778e-17 
0 1.38778e-17 0.113566 0.298375 0.347907 0.259786 0.347789 1.20966 1.05812 
0.958968 1.29469 1.206 1.15721 1.00145 1.138 0.947561 0.676611 0.68895 
0.650844 0.578458 0.464327 0.372138 0.383427 0.578161 0.391645 0.500222 0.514697 
0.734211 0.582773 0.518701 0.524841 0.916404 0.818043 0.712321 0.634604 0.651139 
0.606062 0.677459 0.12279 0.334694 0.336086 0.393362 0.451359 0 0 
0 0.217366 0.457723 0.59873 -3.46945e-18 -1.38778e-17 3.46945e-18 -6.93889e-18 0 
0.0534912 -6.93889e-18 0 0 0 6.93889e-18 -1.38778e-17 0.0428068 -2.08167e-17 
-1.38778e-17 -6.93889e-18 0.120433 0 3.46945e-18 0 0 -1.73472e-18 -6.93889e-18 
6.93889e-18 0 0.237725 0.126657 0.0130793 1.73472e-18 6.93889e-18 0.0715412 0 
0 0 -6.93889e-18 -6.93889e-18 6.93889e-18 0.653352 0.537806 0.345877 0.207039 
0.301013 0.336763 -6.93889e-18 6.93889e-18 0.140768 -1.38778e-17 0 -8.67362e-18 -5.20417e-18 
-6.93889e-18 0 6.93889e-18 6.93889e-18 0.2103 0.135945 0.172489 0.322064 0.177456 
0.332644 0.23009 0.227275 0.192799 3.46945e-18 0 0 -6.93889e-18 0 
1.73472e-18 3.46945e-18 -3.46945e-18 0 0.16521 0.350617 0.232764 0.364959 0.3673 
0.316092 0.351733 0.27691 0.146321 0.027261 0 3.46945e-18 6.93889e-18 1.38778e-17 
0 0.12857 0.0445731 0.137773 0.0482521 0.903104 0.813988 0.755685 1.0905 
1.064 0.95502 0.813341 0.685237 0.926327 0.730556 0.634114 0.607331 0.575467 
0.491018 0.305073 0.224419 0.162785 0.183762 0.200358 0.316918 0.215754 0.345163 
0.39616 0.492279 0.467462 0.290217 0.310448 0.686628 0.583212 0.43857 0.460147 
0.425 0.482586 0 -1.38778e-17 1.38778e-17 -1.38778e-17 0.162861 0.212179 0.166586 
6.93889e-18 0.114251 0.352117 0.533078 0 1.38778e-17 6.93889e-18 0 -6.93889e-18 
0 0 -6.93889e-18 8.67362e-18 6.93889e-18 2.08167e-17 -6.93889e-18 0.274089 0.0384437 
0 0 0 -6.93889e-18 1.38778e-17 6.93889e-18 0 0 0 
1.38778e-17 0.189156 1.38778e-17 0 0.0815778 0.0346899 0 3.46945e-18 0 
0 0.0463695 0.152807 0.184811 0.18447 0.13047 0.0457401 6.93889e-18 0 
3.46945e-18 1.38778e-17 -6.93889e-18 6.93889e-18 0 -1.73472e-18 -6.93889e-18 0 0 
-1.38778e-17 1.38778e-17 0.677111 0.564437 0.573688 0.889962 0.789035 0.629858 0.365497 
0.435626 0.746842 0.535303 0.487355 0.0589633 0.0504576 0 0 0 
0 0 0.0401455 0.123554 0.198555 0.288477 0.328742 0.00540624 0.0958533 
0.159187 0.460531 0.288092 0.208149 0.284399 0 0 0 -1.38778e-17 
0 -1.38778e-17 6.93889e-18 0.0289963 0 6.93889e-18 6.93889e-18 0 -3.46945e-18 
-6.93889e-18 0 6.93889e-18 -1.04083e-17 3.46945e-18 -1.38778e-17 0 0 0 
0 0.0612958 0 6.93889e-18 0 1.38778e-17 0 0.33287 0.401637 
0.645366 0.468492 0.234438 0.115639 0.146208 0.203582 0.234973 0.44915 0.345223 
-1.38778e-17 6.93889e-18 1.38778e-17 3.46945e-18 -6.93889e-18 -6.93889e-18 -6.93889e-18 0 0 
0 -8.67362e-19 0.138549 0.15709 -7.80626e-18 -6.07153e-18 3.46945e-18 0 -6.93889e-18 
-6.93889e-18 -6.93889e-18 0.179383 0.0123282 6.93889e-18 0 -1.38778e-17 1.04083e-17 6.93889e-18 
-1.38778e-17 0.167442 6.93889e-18 -1.73472e-18 0 0.024842 0 1.38778e-17 0.0161477 
0.0129276 6.93889e-18 0 0 0 0.044813 1.73472e-18 1.9082e-17 1.73472e-18 
1.73472e-18 5.20417e-18 0 5.20417e-18 3.46945e-18 6.93889e-18 6.93889e-18 -5.20417e-18 0 

METADATA
INFORMATION 0

NORMALS Normals float
0.245791 0.219792 -0.944075 0.378762 0.38112 -0.843379 0.509907 0.0832363 -0.856193 
-0.0510097 0.13043 -0.990144 0.0394072 0.410249 -0.911122 0.223359 -0.0619109 -0.972768 
0.553561 0.265822 -0.789246 0.224678 0.498618 -0.837198 0.404439 -0.197008 -0.893094 
0.547892 -0.0535472 -0.834834 -0.211591 0.239996 -0.947434 -0.0867964 -0.152586 -0.984471 
-0.266337 -0.0386887 -0.963103 -0.0831285 0.378146 -0.922006 0.0895134 -0.299899 -0.949762 
0.45764 0.430417 -0.778015 0.672304 0.407626 -0.617939 0.658869 0.153581 -0.736413 
0.365741 0.66187 -0.65434 0.225632 0.657239 -0.719115 0.133125 0.516738 -0.84573 
0.207479 -0.30258 -0.930268 0.670965 -0.0286188 -0.740937 0.45053 -0.176973 -0.875045 
-0.261691 0.0172173 -0.964998 -0.184226 -0.257079 -0.948668 -0.0387456 0.229913 -0.97244 
0.577043 0.591753 -0.562895 0.55266 0.730643 -0.400909 0.685911 0.562223 -0.461988 
0.764522 0.291092 -0.575128 0.817126 0.0581214 -0.573521 0.38159 0.782579 -0.491894 
0.316594 0.751325 -0.579033 0.167909 0.343871 -0.923883 0.403372 0.597793 -0.692774 
-0.0434159 -0.323069 -0.945379 0.236952 -0.364177 -0.900683 0.0236287 -0.41623 -0.908952 
0.686026 -0.157376 -0.710353 0.858568 -0.0873363 -0.505206 0.431896 -0.37469 -0.82041 
-0.175513 -0.0127028 -0.984395 -0.290211 -0.203751 -0.93502 -0.308263 -0.221721 -0.925102 
-0.233423 -0.323896 -0.916845 -0.0419688 0.0891201 -0.995136 0.473965 0.844997 -0.247664 
0.641224 0.729241 -0.238828 0.446453 0.838921 -0.311274 0.773065 0.584197 -0.247155 
0.873922 0.346352 -0.341028 0.915999 0.146892 -0.373321 0.956528 -0.00185862 -0.291635 
0.49617 0.77139 -0.398463 0.132565 0.15831 -0.97845 0.384607 0.368156 -0.846486 
0.596631 0.673846 -0.435847 0.614695 0.528602 -0.585432 0.239294 -0.545573 -0.803174 
-0.212139 -0.424033 -0.880451 0.0655974 -0.611988 -0.788142 -0.106356 -0.558837 -0.822429 
0.679298 -0.350044 -0.644998 0.851052 -0.262782 -0.454594 0.957167 -0.101354 -0.271219 
0.590363 -0.496048 -0.636716 -0.222369 -0.150569 -0.963266 -0.380468 -0.317789 -0.868478 
-0.337301 -0.324954 -0.883534 -0.441511 -0.421209 -0.792244 -0.368534 -0.421492 -0.828569 
-0.0781272 -0.0156844 -0.99682 0.589576 0.797188 -0.129968 0.512027 0.857772 -0.045345 
0.48474 0.869648 -0.0934915 0.783816 0.620456 -0.0258181 0.669969 0.742363 0.00628501 
0.546539 0.818774 -0.175797 0.913914 0.394442 -0.0957985 0.981393 0.156346 -0.111462 
0.996036 0.0100147 -0.0883881 0.637964 0.733424 -0.234716 0.303216 0.24794 -0.920101 
0.111637 0.108451 -0.987814 -0.0547725 0.0105135 -0.998443 0.489039 0.37609 -0.787018 
0.719391 0.622285 -0.308608 0.778457 0.501863 -0.377011 0.631168 0.415958 -0.654681 
0.343954 -0.634655 -0.692032 0.0976992 -0.729346 -0.677133 -0.293941 -0.584672 -0.756147 
-0.111796 -0.726232 -0.678299 0.93657 -0.197409 -0.289597 0.823145 -0.409672 -0.393194 
0.992152 -0.0869439 -0.0898575 0.62959 -0.561322 -0.537153 -0.372126 -0.248236 -0.894372 
-0.255324 -0.133732 -0.957562 -0.381737 -0.305968 -0.872158 -0.466219 -0.438132 -0.768557 
-0.47371 -0.406599 -0.781202 -0.459258 -0.436108 -0.773881 -0.493374 -0.473329 -0.729754 
-0.463181 -0.446002 -0.765863 -0.458945 -0.438904 -0.772485 -0.427539 -0.547385 -0.719431 
0.555686 0.831003 0.0254369 0.543885 0.839159 -0.000591449 0.569203 0.820891 -0.0463153 
0.927121 0.373554 0.0300596 0.799517 0.598201 0.0541153 0.66988 0.740833 0.0492612 
0.650077 0.754667 -0.0887621 0.986601 0.162713 0.0119671 0.99984 0.00886127 0.0155303 
0.744109 0.655917 -0.12679 0.378995 0.282838 -0.881116 0.224129 0.163121 -0.960811 
-0.00585986 0.0158148 -0.999858 -0.159902 -0.0794791 -0.983928 0.817279 0.552126 -0.16496 
0.797141 0.452776 -0.399449 0.841964 0.497447 -0.208911 0.662502 0.422601 -0.618465 
0.47409 0.303782 -0.826411 0.413572 -0.675044 -0.610962 0.051536 -0.754267 -0.654543 
-0.178211 -0.781965 -0.597303 -0.277322 -0.716358 -0.640252 0.968653 -0.229034 -0.0961977 
0.90563 -0.358176 -0.227033 0.770087 -0.496089 -0.401076 0.932699 -0.338866 -0.123463 
0.992687 -0.117945 0.0257162 0.973605 -0.228132 0.00697637 -0.465535 -0.259666 -0.84608 
-0.535332 -0.356925 -0.765522 -0.408871 -0.234325 -0.881996 -0.454355 -0.545434 -0.704318 
-0.491341 -0.412585 -0.767045 -0.482403 -0.420773 -0.768269 -0.412037 -0.606589 -0.679909 
-0.451773 -0.56203 -0.692838 -0.340157 -0.701312 -0.626462 0.587175 0.808981 0.0278413 
0.570625 0.821204 -0.00319274 0.587446 0.809145 -0.0138641 0.652342 0.757388 -0.0285136 
0.920464 0.387381 0.0517949 0.799847 0.598342 0.0472302 0.678824 0.733927 0.0234183 
0.736842 0.674859 -0.0403719 0.982752 0.181219 0.0368564 0.998775 0.015226 0.0470806 
0.991715 -0.11145 0.0638745 0.808035 0.587464 -0.0443325 0.278916 0.223938 -0.93384 
0.0157099 0.0500502 -0.998623 -0.238951 -0.0804531 -0.967693 -0.355563 -0.189541 -0.915232 
0.850006 0.524239 -0.0516043 0.796257 0.483274 -0.363897 0.843825 0.512057 -0.16049 
0.699629 0.55096 -0.454931 0.493779 0.380431 -0.781956 0.565266 0.541411 -0.622373 
0.632548 -0.621938 -0.461601 0.447153 -0.722271 -0.527616 0.772784 -0.38619 -0.503649 
0.141615 -0.771673 -0.620053 -0.111133 -0.805567 -0.581989 -0.264307 -0.794691 -0.54645 
-0.259179 -0.794674 -0.548925 -0.250734 -0.799581 -0.545714 -0.263945 -0.788523 -0.555486 
-0.303489 -0.760637 -0.57387 0.937538 -0.293538 -0.186705 0.971441 -0.232603 0.0468816 
0.968494 -0.248397 0.0178242 0.952706 -0.300999 -0.0418348 -0.573079 -0.321059 -0.75399 
-0.57097 -0.352588 -0.741401 -0.562718 -0.368425 -0.740008 -0.550884 -0.376296 -0.744935 
-0.571532 -0.321842 -0.754831 -0.550404 -0.287364 -0.783886 0.602472 0.798088 -0.0090915 
0.581277 0.812644 -0.0415641 0.58994 0.806464 -0.0398336 0.650463 0.759024 -0.0279381 
0.722929 0.690452 -0.0254959 0.914703 0.402988 0.0303079 0.798326 0.602218 0.00306065 
0.682797 0.729919 -0.0317207 0.785466 0.618836 -0.00921548 0.981112 0.191855 0.0247233 
0.999274 0.00539119 0.0377154 0.991717 -0.110474 0.0655152 0.979814 -0.189213 0.0645147 
0.823751 0.566792 0.0134342 0.408568 0.408064 -0.816429 0.137783 0.248832 -0.958696 
0.0373707 0.0915215 -0.995102 -0.22486 -0.0477669 -0.97322 -0.454844 -0.174632 -0.873282 
-0.478776 -0.192368 -0.856603 0.839423 0.54292 -0.0246369 0.832403 0.552706 0.0402754 
0.781608 0.589312 -0.20445 0.798521 0.599998 -0.0486581 0.689841 0.639883 -0.338629 
0.601053 0.643221 -0.474344 0.427977 0.558367 -0.710677 0.81889 -0.457323 -0.346806 
0.773223 -0.541712 -0.329658 0.849556 -0.515398 -0.112337 0.326773 -0.729364 -0.601039 
-0.0939114 -0.792421 -0.602702 -0.220453 -0.823075 -0.5234 -0.212901 -0.819579 -0.531943 
0.979299 -0.200202 0.0298708 0.951481 -0.254142 -0.173484 0.987516 -0.153481 -0.0354251 
-0.595903 -0.327371 -0.7333 -0.657451 -0.269496 -0.703655 -0.646398 -0.316472 -0.694273 
0.609121 0.790523 -0.0635943 0.582835 0.807764 -0.088434 0.599255 0.795852 -0.0866769 
0.641206 0.765204 -0.057608 0.703931 0.708581 -0.0489306 0.761778 0.647512 -0.0205711 
0.911905 0.41023 -0.0118962 0.795295 0.603756 -0.0546385 0.680646 0.727227 -0.0886649 
0.797078 0.603762 0.0117708 0.982384 0.186702 -0.00799723 0.99988 -0.0119542 0.00982879 
0.992243 -0.114897 0.0474675 0.984563 -0.164652 0.0593681 0.80667 0.589081 0.0476139 
0.277036 0.438727 -0.854851 -0.133829 0.171199 -0.976105 0.101959 0.391376 -0.914565 
-0.130078 0.0869567 -0.987683 -0.448039 -0.126718 -0.884988 -0.373992 -0.00328102 -0.927426 
-0.624947 -0.236862 -0.743866 0.80181 0.596468 0.0364165 0.79032 0.60873 0.0695818 
0.753595 0.650568 -0.0941075 0.766937 0.640667 0.0367941 0.707255 0.674386 -0.212118 
0.651892 0.650106 -0.390384 0.617472 0.573114 -0.538766 0.31189 0.423017 -0.850753 
0.107524 0.418042 -0.902042 0.559305 -0.588359 -0.583962 0.866579 -0.341726 -0.363682 
0.116234 -0.717166 -0.687141 -0.255048 -0.713974 -0.652067 -0.274409 -0.72098 -0.636307 
-0.225026 -0.782135 -0.581058 0.989557 -0.140806 0.0308193 0.981522 -0.0904225 -0.168635 
0.997873 -0.0621933 -0.0195197 -0.729866 -0.303211 -0.612665 -0.68153 -0.303528 -0.665874 
-0.718383 -0.29403 -0.630453 0.612331 0.783942 -0.102404 0.589438 0.800246 -0.110317 
0.596445 0.795036 -0.110322 0.647333 0.756665 -0.0917526 0.690576 0.719536 -0.0733012 
0.740682 0.670463 -0.0432303 0.773325 0.633851 -0.014213 0.90782 0.414447 -0.0640102 
0.77491 0.623518 -0.103631 0.677227 0.728405 -0.103868 0.783839 0.62051 0.0237249 
0.982606 0.177046 -0.0560431 0.998682 -0.0466073 -0.0214791 0.991538 -0.127889 0.0222777 
0.987859 -0.148927 0.0442165 0.777309 0.626361 0.058838 -0.361985 0.0688449 -0.929638 
-0.156321 0.251983 -0.955023 -0.578583 -0.121364 -0.806544 -0.566224 -0.0938996 -0.818885 
-0.704692 -0.224456 -0.673074 -0.736268 -0.302788 -0.605168 0.763709 0.641209 0.0748283 
0.753275 0.657445 -0.0184951 0.759466 0.647093 0.066948 0.742136 0.659086 -0.121819 
0.732096 0.639766 -0.233954 0.577922 0.530722 -0.619952 0.723548 0.609119 -0.324735 
0.40142 0.444157 -0.800991 0.0876946 0.218261 -0.971942 -0.150532 0.214496 -0.965055 
0.468877 -0.502108 -0.726665 0.881223 -0.147891 -0.44897 -0.0287647 -0.673616 -0.738521 
-0.280659 -0.713809 -0.641644 -0.311681 -0.66687 -0.67686 -0.319834 -0.667804 -0.672119 
-0.284126 -0.709382 -0.645019 0.994179 -0.103851 0.0286889 0.970787 0.0409201 -0.236428 
0.995048 0.0568636 -0.081525 0.999995 -0.00258606 0.00201918 0.66026 0.742177 -0.115024 
0.604401 0.791331 -0.0921652 0.574433 0.813894 -0.087195 0.587765 0.803496 -0.0944796 
0.636091 0.766115 -0.0919617 0.685336 0.72399 -0.0784435 0.722796 0.688174 -0.0631106 
0.748573 0.661885 -0.0393241 0.76211 0.647417 -0.00632437 0.895579 0.432355 -0.104916 
0.79868 0.589944 -0.118643 0.760814 0.64838 0.0276632 0.932389 0.350169 -0.0896256 
0.994186 0.0911702 -0.0572921 0.995403 -0.0915717 -0.0280585 0.9884 -0.151859 0.00219026 
0.98853 -0.14831 0.0285057 0.754397 0.653777 0.0588279 -0.405339 0.100106 -0.908669 
-0.48552 -0.084608 -0.870122 -0.657228 -0.166001 -0.735184 -0.719079 -0.257273 -0.645551 
-0.746274 -0.293218 -0.597577 -0.764791 -0.277894 -0.581266 0.754519 0.651434 0.0795957 
0.764815 0.64361 0.0286863 0.765192 0.638458 0.0827804 0.763495 0.644455 -0.0418683 
0.775947 0.625973 -0.0778749 0.646406 0.596017 -0.476365 0.740632 0.644031 -0.191542 
0.533208 0.585854 -0.610299 0.30683 0.487174 -0.817629 0.148998 0.28887 -0.945703 
-0.120124 0.055843 -0.991187 -0.222611 0.015928 -0.974777 0.72103 -0.268971 -0.638569 
0.305847 -0.507617 -0.80547 -0.0480445 -0.604417 -0.795218 0.911096 -0.078903 -0.404573 
-0.198848 -0.661851 -0.722781 -0.320594 -0.666406 -0.673143 -0.325909 -0.660077 -0.676817 
-0.323225 -0.664778 -0.673495 -0.320996 -0.66539 -0.673956 0.995724 -0.0884425 0.0266906 
0.983143 0.137427 -0.120601 0.969782 0.0587941 -0.236781 0.992927 0.114956 -0.0296915 
0.999561 0.0242672 0.0170041 0.700601 0.705279 -0.108353 0.59862 0.800425 -0.031206 
0.699101 0.712339 -0.0618904 0.564688 0.824261 -0.0414965 0.572254 0.818562 -0.0498182 
0.614629 0.786609 -0.0589668 0.668299 0.74123 -0.0628823 0.714283 0.697391 -0.0586982 
0.744901 0.66687 -0.0201939 0.729053 0.68383 -0.0292971 0.746184 0.665738 -0.00158528 
0.833375 0.546466 -0.08283 0.743322 0.668508 0.0238644 0.952678 0.298263 -0.0586778 
0.997861 0.0518292 -0.0398476 0.992557 -0.118481 -0.0281639 0.984196 -0.176783 -0.0102595 
0.987197 -0.158817 0.0148372 0.74715 0.662624 0.0519236 -0.564063 -0.276228 -0.778159 
-0.419971 -0.15784 -0.893706 -0.690131 -0.324903 -0.646651 -0.759919 -0.283998 -0.584695 
-0.756244 -0.28757 -0.587706 0.76252 0.642528 0.075637 0.780126 0.623463 0.0519441 
0.782934 0.616283 0.0849035 0.767022 0.64072 -0.0339791 0.79165 0.610064 0.0333475 
0.667012 0.673865 -0.317807 0.736152 0.669738 -0.0976282 0.519893 0.667135 -0.53352 
0.189024 0.358029 -0.914377 0.481417 0.59633 -0.642362 0.0159383 0.219828 -0.975408 
-0.226226 -0.0329294 -0.973518 0.499756 -0.511545 -0.698975 0.771073 -0.320697 -0.55009 
0.082725 -0.655113 -0.750989 0.927483 -0.0679911 -0.36763 -0.0844374 -0.686786 -0.721939 
-0.315519 -0.666072 -0.675867 0.995894 -0.0879605 0.0213943 0.976462 0.204247 -0.0693124 
0.973262 0.140161 -0.181976 0.988126 0.153632 -0.00210093 0.999098 0.0362483 0.0221107 
0.582511 0.812145 0.0331915 0.70179 0.712316 -0.00985356 0.544038 0.83866 0.0259113 
0.84476 0.533748 -0.0386398 0.55643 0.830772 0.0142621 0.600957 0.79928 -0.00137331 
0.651882 0.758076 -0.0192616 0.69672 0.716794 -0.0280763 0.736454 0.676434 -0.00854476 
0.739347 0.673206 -0.0126095 0.718616 0.695392 0.00467084 0.737123 0.675732 -0.00598498 
0.74124 0.671144 0.0113827 0.959446 0.280551 -0.0274784 0.998995 0.0352105 -0.0277402 
0.990861 -0.130809 -0.0329034 0.980977 -0.192787 -0.0227554 0.985084 -0.172075 0.000347628 
0.757946 0.651297 0.0364779 -0.634683 -0.290895 -0.715931 -0.684291 -0.343178 -0.643409 
-0.703321 -0.344434 -0.621856 -0.594764 -0.377152 -0.709939 -0.409074 -0.207397 -0.88862 
-0.707543 -0.367528 -0.603578 -0.728551 -0.331396 -0.599491 -0.715221 -0.348496 -0.605813 
0.782417 0.619761 0.0609948 0.794562 0.602105 0.0783575 0.801902 0.592863 0.0739409 
0.782922 0.621187 0.03406 0.663676 0.686186 -0.297796 0.740017 0.665972 -0.0941048 
0.771731 0.635888 -0.00874263 0.0743135 0.145634 -0.986544 0.367005 0.461634 -0.80759 
-0.140439 0.0496711 -0.988843 0.641673 0.654645 -0.399619 0.544232 0.637431 -0.54543 
0.371907 -0.604212 -0.704708 0.727822 -0.357549 -0.585179 0.811734 -0.21649 -0.54242 
0.94205 0.115298 -0.315036 0.0772421 -0.679024 -0.730041 -0.213429 -0.68682 -0.694786 
-0.321257 -0.666833 -0.672404 0.99556 -0.093555 0.0104291 0.962844 0.267781 -0.0350055 
0.955036 0.262293 -0.138236 0.983418 0.180907 0.0126929 0.999015 0.0407895 0.0174477 
0.542392 0.836472 0.0782684 0.690542 0.722468 0.0345095 0.512077 0.853385 0.0975238 
0.847019 0.531563 -0.000704508 0.532935 0.841206 0.0913884 0.593134 0.801209 0.0791002 
0.644354 0.763792 0.0378152 0.682935 0.73026 0.0178828 0.738228 0.674072 0.0254172 
0.743929 0.668258 -0.000369759 0.741701 0.670503 -0.0174757 0.712928 0.698387 0.0631591 
0.74306 0.668891 -0.0211308 0.755884 0.654631 -0.00983337 0.960969 0.276501 -0.00925654 
0.999174 0.0294738 -0.027965 0.989509 -0.138998 -0.0393949 0.97914 -0.199886 -0.0364812 
0.983171 -0.18183 -0.0177015 0.780089 0.625517 0.013747 -0.692285 -0.340624 -0.636173 
-0.717409 -0.347757 -0.603646 -0.607704 -0.337614 -0.718827 -0.679689 -0.456834 -0.573869 
-0.698347 -0.385563 -0.603036 -0.682777 -0.422376 -0.596166 -0.310211 -0.173081 -0.934779 
-0.596174 -0.324206 -0.734484 0.805753 0.591095 0.0369972 0.806589 0.587274 0.0672549 
0.819143 0.571592 0.0478228 0.795097 0.604923 0.0434631 0.711452 0.677078 -0.188151 
0.770424 0.637524 -0.00321072 0.747649 0.660703 -0.0670192 0.322754 0.350561 -0.879168 
-0.0420501 0.0547488 -0.997614 -0.177644 -0.0694463 -0.981641 0.505431 0.568376 -0.649222 
0.651579 0.6922 -0.310328 0.666408 0.642192 -0.378801 0.485479 -0.539924 -0.687599 
0.86991 0.0498097 -0.490689 0.542025 -0.508268 -0.669232 0.687364 -0.356218 -0.632961 
0.913161 0.315337 -0.258261 0.208565 -0.681828 -0.70115 -0.112484 -0.718838 -0.686017 
-0.292243 -0.696963 -0.654856 -0.305621 -0.685749 -0.660563 0.995085 -0.0988323 -0.006179 
0.950092 0.311875 -0.00767524 0.929841 0.358406 -0.0833094 0.980488 0.196031 0.0146679 
0.998985 0.0450257 -0.00136754 0.464114 0.881089 0.0909991 0.671317 0.739177 0.0543179 
0.442676 0.879519 0.174597 0.842244 0.538877 0.0153916 0.497194 0.850856 0.16983 
0.557818 0.813296 0.165494 0.645454 0.758096 0.0931672 0.631127 0.759773 0.15628 
0.672865 0.736637 0.0679605 0.747817 0.65894 0.0810364 0.758943 0.650171 0.0358304 
0.759276 0.650739 -0.00623397 0.756693 0.652889 -0.0339446 0.730977 0.668771 0.135716 
0.678999 0.723719 0.123249 0.762515 0.645415 -0.0448259 0.778612 0.626508 -0.0353605 
0.963533 0.267537 -0.00525143 0.999531 0.0257398 -0.016614 0.99733 -0.0730115 -0.00139391 
0.978227 -0.203225 -0.0420891 0.983818 -0.177224 -0.0263584 0.982167 -0.184102 -0.0381487 
0.806286 0.591406 -0.0119617 -0.72143 -0.434895 -0.538892 -0.723371 -0.39174 -0.568572 
-0.704612 -0.460293 -0.540049 -0.556959 -0.354046 -0.751297 -0.438145 -0.199525 -0.876481 
-0.692437 -0.441699 -0.570467 -0.728506 -0.392152 -0.561691 0.827199 0.561889 0.00463496 
0.816648 0.575482 0.0436586 0.832592 0.553773 0.0112 0.801111 0.598089 0.0226022 
0.729926 0.662919 -0.166575 0.783248 0.621535 -0.014705 0.778017 0.624826 -0.0654453 
0.250836 0.306025 -0.918385 0.398076 0.472108 -0.786543 0.110194 0.295359 -0.94901 
-0.213983 0.0771079 -0.973789 -0.398775 -0.148016 -0.905025 0.64869 0.558596 -0.516887 
0.763188 0.608208 -0.218237 0.743603 0.590185 -0.314224 0.873142 0.219067 -0.435468 
0.77026 -0.10258 -0.629426 0.362807 -0.662332 -0.655506 0.458496 -0.552177 -0.696335 
0.889506 0.381606 -0.251307 0.89156 0.435897 -0.122942 0.0458385 -0.763856 -0.643757 
-0.201962 -0.74882 -0.631253 -0.289823 -0.714817 -0.636427 0.995847 -0.0847382 -0.033302 
0.943479 0.331331 0.00819646 0.909836 0.413815 -0.0309145 0.981175 0.193118 0.00074129 
0.999023 0.028736 -0.033561 0.564198 0.81982 0.0978558 0.452132 0.873448 0.180737 
0.340717 0.913468 0.22246 0.841249 0.539898 0.0284691 0.785906 0.607262 0.116551 
0.626388 0.758012 0.181812 0.464052 0.84784 0.256561 0.387534 0.862523 0.325379 
0.51621 0.818444 0.252344 0.599295 0.759022 0.254425 0.688568 0.690484 0.221599 
0.752064 0.641384 0.151744 0.783704 0.611803 0.107266 0.787804 0.615227 0.0293299 
0.782378 0.622404 -0.0223077 0.780583 0.622402 -0.0575029 0.740698 0.63833 0.209529 
0.786104 0.61342 -0.0758749 0.80677 0.588237 -0.055667 0.923272 0.378588 0.0651183 
0.990654 0.128832 0.0448078 0.998363 -0.0527264 0.0221482 0.979658 -0.195464 -0.0454236 
0.988224 -0.15299 -0.00259386 0.982146 -0.184839 -0.0349727 0.990771 -0.126532 -0.0486156 
0.831879 0.553276 -0.0431578 -0.661621 -0.325701 -0.675409 -0.708355 -0.427817 -0.561431 
-0.684672 -0.450449 -0.572992 -0.631535 -0.314386 -0.708749 0.842101 0.538193 -0.0348409 
0.824723 0.565497 0.0067889 0.840316 0.54123 -0.0306616 0.811146 0.584771 -0.00922179 
0.792299 0.599447 -0.113692 0.804662 0.592729 -0.0345076 0.816231 0.574274 -0.0630533 
0.457263 0.346705 -0.818966 0.705927 0.419079 -0.570999 0.036626 0.355668 -0.933895 
-0.0221024 0.325086 -0.945426 -0.317799 0.19492 -0.927906 -0.514307 -0.0828442 -0.853595 
0.812989 0.492371 -0.310837 0.805905 0.564897 -0.177223 0.87825 0.210437 -0.429411 
0.855771 0.0632002 -0.513479 0.655922 -0.293061 -0.695617 0.147149 -0.773188 -0.616869 
0.485885 -0.560906 -0.670299 0.189116 -0.737407 -0.648433 0.879823 0.457964 -0.127204 
0.900765 0.339365 -0.271023 0.877264 0.47802 -0.0436451 -0.119458 -0.811416 -0.572131 
-0.25036 -0.779612 -0.574042 -0.268323 -0.752903 -0.600949 0.944888 0.32724 0.0100452 
0.901024 0.433751 0.00391672 0.985415 0.169614 -0.0137115 0.999399 -0.00240803 -0.0345782 
0.426314 0.870957 0.244314 0.252948 0.920393 0.298152 0.241211 0.896469 0.371699 
0.912327 0.388734 0.128631 0.752035 0.626918 0.203513 0.563691 0.777055 0.280067 
0.46808 0.822785 0.322377 0.451631 0.774405 0.443088 0.318702 0.811767 0.489351 
0.542554 0.762068 0.353393 0.646928 0.675798 0.353245 0.721988 0.616149 0.31479 
0.773713 0.588677 0.234153 0.814869 0.571255 0.0982702 0.813715 0.552882 0.179415 
0.814958 0.579103 0.0219889 0.810313 0.584615 -0.0402172 0.807515 0.583851 -0.0838915 
0.810492 0.578444 -0.0922272 0.811954 0.572651 -0.113146 0.836546 0.541436 -0.0838988 
0.982297 0.163822 0.0908559 0.998211 -0.0197226 0.0564442 0.990515 -0.13187 0.0386034 
0.984569 -0.174817 -0.00788559 0.991399 -0.12672 -0.03271 0.846244 0.526461 -0.0819173 
-0.744429 -0.42577 -0.51434 -0.757848 -0.39769 -0.517212 -0.712175 -0.448511 -0.540042 
-0.733065 -0.442915 -0.51618 -0.659804 -0.182935 -0.72883 -0.691127 -0.378477 -0.61571 
-0.755703 -0.398579 -0.519662 -0.72355 -0.427802 -0.54172 0.847768 0.525028 -0.0750643 
0.830143 0.556551 -0.0333783 0.840995 0.535844 -0.0748278 0.824288 0.564648 -0.0414826 
0.839126 0.535971 -0.0927552 0.8277 0.558354 -0.0561468 0.850699 0.521656 -0.0647032 
0.846369 0.52838 -0.0668907 0.710662 0.344435 -0.613452 0.529835 0.328801 -0.78177 
0.177727 0.235514 -0.955482 0.857084 0.354439 -0.373871 -0.299745 0.0947711 -0.9493 
-0.477362 0.0814142 -0.874927 0.908164 0.379259 -0.177201 0.870553 0.472096 -0.138789 
0.766044 -0.205066 -0.6092 0.889788 0.240245 -0.388021 -0.09566 -0.816273 -0.569691 
0.668996 -0.49264 -0.556552 0.406674 -0.693503 -0.594701 0.151471 -0.815652 -0.558363 
-0.00334738 -0.846157 -0.532923 0.864757 0.500242 -0.0442025 0.881781 0.449182 -0.143867 
0.867839 0.496835 0.00330833 -0.226168 -0.817274 -0.53001 -0.234231 -0.819475 -0.523065 
0.950943 0.309362 0.00188343 0.901521 0.432374 0.0176721 0.988998 0.146276 -0.0220331 
0.999529 -0.0116394 -0.0283933 0.372368 0.86551 0.335015 0.186214 0.897031 0.400824 
0.120194 0.889462 0.440921 0.165137 0.823082 0.543383 0.878624 0.436237 0.194211 
0.6841 0.658827 0.312976 0.444851 0.791912 0.418309 0.574009 0.648405 0.500085 
0.413192 0.688159 0.596414 0.264778 0.73011 0.629946 0.681539 0.592581 0.429362 
0.753266 0.528527 0.391472 0.812022 0.497763 0.304717 0.832033 0.513557 0.209716 
0.84552 0.521322 0.115411 0.847256 0.530834 0.0193207 0.839524 0.540682 -0.0535048 
0.834258 0.541676 -0.102956 0.832055 0.542279 -0.116699 0.838535 0.529441 -0.128653 
0.846928 0.517676 -0.121344 0.964714 0.213155 0.154568 0.991974 0.0149716 0.125556 
0.98753 -0.108129 0.114426 0.985155 -0.166213 0.0429387 0.992323 -0.123571 -0.00498647 
0.849579 0.514855 -0.114627 -0.749603 -0.290014 -0.594969 -0.629811 -0.107114 -0.769327 
-0.766589 -0.34708 -0.540256 -0.758951 -0.367146 -0.537771 -0.723423 -0.423681 -0.545118 
0.848382 0.51759 -0.111125 0.837522 0.542582 -0.0645137 0.843082 0.52978 -0.0924435 
0.844006 0.52372 -0.115635 0.839706 0.538439 -0.0705518 0.882886 0.464068 -0.0717829 
0.85079 0.520113 -0.0750962 0.876411 0.477108 -0.0653587 0.877425 0.474789 -0.0685624 
0.753806 0.338585 -0.56315 0.57299 0.266783 -0.774925 0.226927 0.137386 -0.964173 
-0.158316 0.0487369 -0.986185 0.878665 0.315519 -0.358324 0.932768 0.300972 -0.198391 
-0.512884 -0.0747153 -0.8552 0.946084 0.311842 -0.0876393 0.917772 0.388482 -0.0823181 
0.854478 -0.138316 -0.500736 0.948662 0.0691574 -0.30864 0.92272 0.334007 -0.192426 
-0.176983 -0.845078 -0.5045 -0.264605 -0.828906 -0.492848 -0.259036 -0.816619 -0.515785 
0.890828 -0.302128 -0.339329 0.700906 -0.561202 -0.440207 0.232618 -0.853483 -0.466321 
0.436915 -0.773077 -0.459845 0.0364936 -0.919405 -0.391615 -0.108513 -0.922843 -0.369575 
0.853003 0.521847 0.00781428 0.871241 0.490059 -0.0279625 0.927938 0.364532 -0.0777616 
0.866949 0.497829 0.0237933 0.956325 0.291969 -0.0140067 0.90766 0.419544 0.0117036 
0.990009 0.137936 -0.0292533 0.999914 -0.00476409 -0.0122381 0.248256 0.838065 0.485814 
0.0712418 0.835668 0.544595 0.0456315 0.79602 0.603548 0.159904 0.744126 0.648619 
0.0963472 0.783733 0.613579 0.823809 0.485433 0.292733 0.608343 0.62988 0.482877 
0.329055 0.7961 0.507885 0.120811 0.801867 0.585161 0.66842 0.481364 0.567013 
0.517312 0.530952 0.671177 0.367213 0.584613 0.723452 0.229897 0.658039 0.71703 
0.780975 0.422723 0.459764 0.824026 0.443089 0.353063 0.863204 0.422571 0.276248 
0.880117 0.456548 0.130221 0.876163 0.481272 0.0267501 0.864287 0.499959 -0.0552193 
0.855122 0.507238 -0.107128 0.852472 0.505334 -0.133899 0.850441 0.507159 -0.139784 
0.932567 0.237398 0.271959 0.962181 0.0457342 0.268546 0.963197 -0.088447 0.253827 
0.976832 -0.157912 0.144442 0.992253 -0.112191 0.0533635 0.850791 0.507137 -0.137717 
-0.746477 -0.278145 -0.604489 -0.733714 -0.199101 -0.649633 -0.743066 -0.213168 -0.63436 
0.848426 0.511021 -0.137955 0.848812 0.520674 -0.0917479 0.849286 0.515449 -0.114131 
0.848473 0.511332 -0.136505 0.852843 0.513603 -0.0941829 0.909993 0.411174 -0.0533705 
0.872065 0.482454 -0.0821045 0.901895 0.427952 -0.0586797 0.814059 0.31114 -0.490408 
0.503256 0.215414 -0.836857 0.720216 0.246206 -0.648592 0.407189 0.211465 -0.888527 
0.0713152 0.100361 -0.992392 -0.126044 0.0431414 -0.991086 -0.421501 -0.0697388 -0.904142 
0.923896 0.282875 -0.257678 0.960694 0.256964 -0.105051 -0.673684 -0.195325 -0.71274 
-0.730151 -0.200385 -0.653242 0.964864 0.261361 -0.0269829 0.942693 0.331654 -0.0365408 
0.986894 0.061685 -0.149114 -0.240757 -0.874825 -0.420378 -0.231456 -0.89244 -0.387272 
0.93899 -0.250456 -0.235731 0.540233 -0.759672 -0.362004 0.779269 -0.553673 -0.293576 
0.247507 -0.903193 -0.350689 0.00475246 -0.943919 -0.330142 -0.133754 -0.944951 -0.298625 
-0.197746 -0.929727 -0.310651 -0.205387 -0.93759 -0.280609 0.852046 0.522515 0.0315424 
0.859424 0.510761 0.0226724 0.925027 0.379276 -0.0217672 0.895567 0.443931 0.0297437 
0.986098 0.143186 -0.0843166 0.873102 0.487213 0.0177734 0.957937 0.284856 -0.0348411 
0.914087 0.405369 -0.0109577 0.988464 0.148213 -0.0311606 0.999287 0.0315883 0.0206876 
-0.0179485 0.750308 0.660845 -0.0273056 0.695691 0.717822 0.0902084 0.704677 0.70377 
0.772091 0.451278 0.447463 0.402453 0.649322 0.6453 0.616422 0.449664 0.646395 
0.363833 0.543741 0.756288 0.117704 0.703256 0.701125 -0.0424755 0.704729 0.708204 
0.710153 0.322621 0.625778 0.572671 0.351134 0.740779 0.462373 0.452132 0.76275 
0.418131 0.489147 0.765442 0.356697 0.536344 0.76492 0.186025 0.53764 0.822397 
0.804894 0.335119 0.489736 0.878344 0.373868 0.297883 0.851876 0.304542 0.4261 
0.898258 0.402846 0.175636 0.897868 0.437443 0.0497638 0.881763 0.469953 -0.0404853 
0.868332 0.486916 -0.0944038 0.853528 0.500506 -0.144859 0.86063 0.49459 -0.121234 
0.851226 0.50373 -0.14721 0.841359 0.233101 0.487625 0.892574 0.0329957 0.449691 
0.936383 -0.119875 0.329873 0.981807 -0.049549 0.183305 0.850868 0.50422 -0.147602 
0.847556 0.509097 -0.149896 0.851642 0.509755 -0.121884 0.847769 0.510229 -0.144755 
0.865026 0.491125 -0.102595 0.93305 0.358585 -0.0288807 0.890241 0.448092 -0.0817603 
0.920121 0.388334 -0.0507316 0.904401 0.241814 -0.351546 0.724537 0.169554 -0.668055 
0.895924 0.173441 -0.408948 0.460602 0.159249 -0.873204 0.136102 0.0734276 -0.98797 
-0.223959 -0.000684961 -0.974598 -0.317343 -0.0140331 -0.948207 -0.579983 -0.126729 -0.804711 
0.964384 0.218782 -0.148652 0.977662 0.207624 -0.0327083 -0.723487 -0.205534 -0.659031 
-0.698834 -0.21148 -0.683307 -0.71197 -0.199393 -0.673306 -0.697392 -0.21545 -0.683539 
0.958911 0.283696 -0.00231053 0.975839 0.217935 0.0155786 0.984756 -0.124515 -0.121456 
0.891108 -0.411741 -0.190778 0.582137 -0.755853 -0.299671 0.321126 -0.874225 -0.364155 
0.0508738 -0.937817 -0.343382 -0.167672 -0.939462 -0.298827 -0.204906 -0.941539 -0.26743 
-0.217856 -0.937922 -0.26989 0.859131 0.511268 0.0223286 0.863447 0.502959 0.0386262 
0.96049 0.278264 0.00538903 0.951976 0.305885 0.0132992 0.896506 0.441704 0.0342595 
0.998379 0.022972 -0.0520791 0.880823 0.473324 -0.0107541 0.954192 0.294204 -0.0544195 
0.916662 0.397232 -0.0440237 0.982383 0.185319 -0.0240747 0.99164 0.110477 0.0666654 
-0.0933248 0.66944 0.736981 0.0189511 0.607961 0.793741 -0.0660871 0.631311 0.772708 
0.725324 0.224317 0.650836 0.466532 0.415136 0.781031 0.0725187 0.602644 0.794708 
0.178735 0.503563 0.845268 -0.0722875 0.613036 0.786741 -0.134035 0.624109 0.769755 
0.717175 0.237944 0.655014 0.60916 0.222186 0.761287 0.547739 0.247315 0.799261 
0.461563 0.417626 0.782655 0.499342 0.30132 0.81232 0.358205 0.386389 0.849937 
0.240883 0.41763 0.876105 0.0716059 0.543433 0.836393 0.184489 0.467788 0.864372 
0.757483 0.212595 0.617271 0.821663 0.276517 0.498406 0.863272 0.278889 0.420693 
0.911758 0.340322 0.229954 0.907381 0.409975 0.0926328 0.889042 0.457825 0.000855605 
0.872133 0.486137 -0.0552638 0.854336 0.501662 -0.135815 0.859552 0.503069 -0.0899556 
0.855612 0.502796 -0.122982 0.872772 0.0752184 0.482298 0.965619 0.115013 0.233137 
0.847936 0.50916 -0.147515 0.844198 0.515601 -0.146581 0.859978 0.495252 -0.123142 
0.852068 0.504096 -0.14095 0.849544 0.507882 -0.142584 0.879967 0.462786 -0.107183 
0.948837 0.315445 -0.0142502 0.905122 0.416981 -0.0829478 0.935374 0.350837 -0.0446004 
0.96491 0.175802 -0.195045 0.74311 0.201221 -0.638199 0.891549 0.144263 -0.429336 
0.478277 0.145979 -0.865992 0.534796 0.237179 -0.811011 0.964401 0.144552 -0.221441 
0.291101 0.155327 -0.943999 -0.0554149 0.090649 -0.99434 -0.214941 0.0240297 -0.976331 
-0.480266 -0.0368924 -0.876347 -0.518361 -0.0721259 -0.852115 -0.72246 -0.188061 -0.665346 
-0.712109 -0.147221 -0.686459 0.984181 0.169446 -0.0517357 0.985024 0.171112 0.0211956 
0.969771 0.243349 0.0180646 0.981509 0.18681 0.0417395 0.947651 -0.224073 -0.227485 
0.663997 -0.661618 -0.348381 0.342314 -0.863154 -0.371196 0.100629 -0.934775 -0.34069 
-0.089603 -0.94376 -0.318259 -0.224654 -0.925483 -0.304978 -0.219518 -0.925051 -0.309987 
-0.2324 -0.928779 -0.288722 0.867647 0.497057 -0.0110752 0.868366 0.495383 0.0231647 
0.937131 0.348879 0.0083292 0.986442 0.150175 -0.066185 0.894325 0.447145 0.015631 
0.886318 0.460182 -0.0516991 0.943579 0.324329 -0.0668563 0.913608 0.398987 -0.078288 
0.965937 0.258299 -0.0157061 0.953453 0.282195 0.106274 -0.101555 0.600866 0.792872 
-0.0181411 0.591122 0.806378 0.630077 0.265394 0.729773 0.331943 0.436443 0.83626 
-0.0193945 0.523548 0.851776 0.0424061 0.496675 0.8669 -0.12871 0.551044 0.824491 
-0.141342 0.557544 0.818026 0.616391 0.154307 0.772173 0.527661 0.148283 0.836413 
0.507413 0.210887 0.835499 0.413879 0.245211 0.876685 0.340689 0.284472 0.896106 
0.289228 0.371669 0.882162 0.0833108 0.54368 0.835148 0.251425 0.428866 0.867675 
0.191617 0.501214 0.843841 0.7152 0.170443 0.677819 0.629382 0.143864 0.763663 
0.847162 0.217733 0.484674 0.758393 0.142211 0.636094 0.895516 0.32059 0.308664 
0.897283 0.402746 0.180772 0.88238 0.463715 0.0798434 0.866074 0.499658 0.0160399 
0.86058 0.508331 -0.0316584 0.851441 0.51091 -0.118399 0.857588 0.511316 -0.0556623 
0.641929 0.328071 0.693034 0.832315 0.322966 0.450493 0.837308 0.532148 -0.125435 
0.846321 0.519169 -0.119183 0.867827 0.4792 -0.131318 0.863111 0.486187 -0.136607 
0.858753 0.497399 -0.123032 0.887059 0.447425 -0.113741 0.960899 0.276826 -0.00643234 
0.919731 0.385336 -0.0749031 0.94926 0.311864 -0.0405638 0.986455 0.147133 -0.0725092 
0.616973 0.306906 -0.724674 0.852302 0.200405 -0.483135 0.956773 0.155747 -0.245618 
0.371511 0.367848 -0.852448 0.270726 0.227848 -0.935304 0.984405 0.151259 -0.0898188 
-0.0476698 0.197457 -0.979152 -0.331575 0.123416 -0.935322 -0.40619 0.0236384 -0.913483 
-0.62577 -0.0690672 -0.776944 -0.682364 -0.0976409 -0.724463 -0.739262 -0.180968 -0.648646 
-0.772144 -0.157964 -0.615501 -0.753958 -0.167893 -0.635106 0.989134 0.146055 0.0168064 
0.986687 0.153111 0.0548241 0.976574 0.213439 0.0273201 0.983791 0.170785 0.0546593 
0.990061 0.0243408 -0.13852 0.757602 -0.561081 -0.333507 0.90092 -0.292871 -0.320266 
0.480748 -0.802283 -0.35387 0.190982 -0.918682 -0.34576 -0.0555254 -0.947426 -0.315119 
-0.209003 -0.937563 -0.278016 -0.229855 -0.927973 -0.293315 0.87507 0.480882 -0.054812 
0.874425 0.484979 -0.0133048 0.926841 0.375451 -0.00111012 0.970098 0.240641 -0.0316495 
0.895362 0.444989 -0.0176677 0.88851 0.449739 -0.0910228 0.932862 0.353239 -0.070642 
0.905341 0.412622 -0.100499 0.939015 0.342201 -0.03391 0.911599 0.409279 0.038439 
0.876661 0.429926 0.215939 -0.000990631 0.567626 0.823286 -0.0731703 0.560495 0.824919 
0.381196 0.443774 0.811021 0.116031 0.499539 0.858486 -0.105402 0.517802 0.848983 
-0.0461588 0.516294 0.855166 -0.099727 0.544163 0.833031 0.514479 0.0930125 0.852444 
0.489828 0.113335 0.864421 0.426667 0.141274 0.893307 0.326935 0.196596 0.924372 
0.316911 0.26739 0.909984 0.320809 0.325169 0.889577 0.310497 0.390221 0.866787 
0.144829 0.528865 0.836257 0.275011 0.462327 0.842984 0.585357 0.0441706 0.809571 
0.527788 0.0842303 0.845189 0.800914 0.203795 0.563032 0.676461 0.0741347 0.732738 
0.83482 0.301403 0.460687 0.865493 0.39051 0.313726 0.851568 0.482367 0.205315 
0.855907 0.498854 0.136267 0.848937 0.525159 0.0592855 0.840292 0.536759 -0.0761509 
0.834399 0.550873 0.0177906 0.555958 0.398173 0.729636 0.513793 0.526266 0.67754 
0.647814 0.607093 0.460191 0.839684 0.541182 -0.0453198 0.859899 0.505421 -0.0715715 
0.87596 0.466879 -0.12132 0.876162 0.473469 -0.0903749 0.910399 0.402472 -0.0958671 
0.897671 0.425159 -0.115873 0.968975 0.247097 -0.00558184 0.937521 0.340343 -0.0722555 
0.958236 0.282301 -0.0457164 0.989537 0.144163 0.00571694 0.788196 0.295599 -0.539785 
0.64888 0.415728 -0.63728 0.419609 0.390652 -0.819341 0.92671 0.231757 -0.295801 
0.97201 0.199151 -0.124638 0.11443 0.360707 -0.925633 0.0313032 0.370018 -0.928497 
0.985466 0.169549 -0.0104993 -0.231 0.315102 -0.920516 -0.398119 0.176464 -0.900201 
-0.52397 0.0505748 -0.850234 -0.71607 -0.140466 -0.683749 -0.617508 -0.0339614 -0.785831 
-0.767156 -0.172166 -0.617924 -0.766991 -0.17142 -0.618336 -0.781405 -0.151604 -0.605328 
0.988064 0.142283 0.0590387 0.986061 0.150659 0.0706155 0.97964 0.198412 0.0306206 
0.983351 0.169657 0.0650875 0.989496 0.111017 -0.0925888 0.532358 -0.753206 -0.386362 
0.943721 -0.112164 -0.311143 0.70084 -0.594035 -0.394899 0.213906 -0.872373 -0.439557 
-0.0703204 -0.913225 -0.401343 -0.203758 -0.927577 -0.313183 -0.205348 -0.921606 -0.329355 
-0.222368 -0.92924 -0.295068 -0.238656 -0.93097 -0.276294 -0.23495 -0.932175 -0.275407 
0.879891 0.465702 -0.0944079 0.880426 0.470666 -0.0576578 0.923162 0.383656 -0.0240873 
0.959733 0.279705 -0.0260319 0.899682 0.433095 -0.0547743 0.886199 0.448058 -0.117882 
0.910082 0.40826 -0.0712367 0.884585 0.453722 -0.107917 0.826231 0.545682 0.139906 
0.877319 0.479442 -0.0211466 0.0448163 0.548668 0.834838 -0.00746194 0.564663 0.825288 
0.247296 0.509392 0.824236 0.0152528 0.530347 0.847643 -0.106193 0.523552 0.84535 
-0.100404 0.534851 0.83896 -0.0796979 0.541077 0.837188 -0.0289506 0.55804 0.829309 
0.383458 0.0723609 0.920719 0.336206 0.123404 0.933669 0.272356 0.204536 0.940206 
0.271412 0.118086 0.955192 0.291652 0.254131 0.922148 0.307372 0.320609 0.895953 
0.322377 0.384975 0.864793 0.242323 0.482871 0.841496 0.17177 0.538435 0.824975 
0.311197 0.43098 0.847002 0.477045 -0.063649 0.876571 0.407901 -0.0105952 0.912965 
0.665052 0.146658 0.732255 0.549006 0.00462871 0.835806 0.74408 0.26005 0.615401 
0.792618 0.389235 0.46931 0.798311 0.40427 0.446391 0.82966 0.500452 0.247412 
0.803041 0.570263 0.172989 0.830556 0.542951 0.124023 0.253505 0.578849 0.775028 
0.365986 0.621081 0.693046 0.729014 0.640691 0.240944 0.420331 0.664855 0.617486 
0.540078 0.72325 0.430378 0.333729 0.732409 0.593467 0.862155 0.504787 0.0433382 
0.880648 0.473697 -0.00835328 0.896848 0.431036 -0.0993568 0.900164 0.433608 -0.0410894 
0.922906 0.371381 -0.101588 0.920463 0.378235 -0.0984158 0.971796 0.235657 -0.00883402 
0.944268 0.319607 -0.0788025 0.961158 0.27181 -0.0479083 0.987207 0.15097 0.0512805 
0.828312 0.380232 -0.411489 0.583736 0.435103 -0.685519 0.792681 0.442813 -0.419015 
0.312331 0.386538 -0.867778 0.919018 0.327777 -0.219016 0.963118 0.255081 -0.0856574 
0.0560188 0.32351 -0.944565 -0.196658 0.164228 -0.96662 0.976858 0.213887 0.000772975 
0.983103 0.172856 0.0602414 -0.470318 -0.0171322 -0.882331 -0.749177 -0.163968 -0.641754 
-0.766649 -0.172543 -0.618448 -0.761678 -0.177076 -0.62329 -0.668322 -0.201479 -0.716067 
0.984448 0.15561 0.0815278 0.978701 0.203139 0.0296445 0.981998 0.169819 0.0827164 
0.980572 0.186899 0.0595631 0.9915 -0.129733 -0.00981085 0.986827 0.158204 -0.0338118 
0.992238 -0.122838 -0.0193489 0.537514 -0.752184 -0.381179 0.8828 -0.420782 -0.208821 
0.811455 -0.578433 -0.0834038 0.224958 -0.866926 -0.444785 0.0167116 -0.905017 -0.425047 
-0.159232 -0.890153 -0.426935 -0.229334 -0.878855 -0.418354 -0.226354 -0.884496 -0.40796 
0.881119 0.45658 -0.123146 0.886802 0.451321 -0.0994584 0.923312 0.380486 -0.0522076 
0.955337 0.294152 -0.028394 0.905138 0.416527 -0.08503 0.881568 0.4532 -0.132087 
0.879099 0.462212 -0.116383 0.860872 0.505569 -0.0574453 0.817757 0.570349 0.0773037 
0.112832 0.569772 0.81402 0.104913 0.577496 0.809624 0.0640217 0.580282 0.811895 
-0.0423605 0.578007 0.814931 -0.0986481 0.548589 0.830252 -0.0543211 0.572066 0.818407 
-0.0674137 0.593696 0.80186 0.0408676 0.59395 0.803463 0.276759 0.00392189 0.960931 
0.228395 0.194508 0.95394 0.27009 0.27904 0.921514 0.206579 0.0800668 0.975148 
0.289608 0.337556 0.895647 0.312319 0.390419 0.866043 0.307575 0.48271 0.819993 
0.268554 0.530581 0.803967 0.235516 0.56132 0.79338 0.338102 0.433904 0.835113 
0.341972 0.469406 0.814072 0.397332 -0.0689449 0.915081 0.355081 -0.129549 0.925816 
0.310595 -0.107092 0.94449 0.541874 0.141775 0.828416 0.463732 0.0356422 0.885258 
0.636753 0.273417 0.720964 0.707648 0.480256 0.518256 0.679517 0.335163 0.652627 
0.580901 0.227102 0.781652 0.736589 0.551215 0.391917 0.748046 0.503346 0.432516 
0.842225 0.486352 0.232635 0.129833 0.62738 0.767813 0.204974 0.681074 0.702939 
0.700723 0.667619 0.251541 0.502989 0.755683 0.419458 0.348119 0.773828 0.529154 
0.108872 0.741141 0.662463 0.156144 0.790581 0.592115 0.873661 0.463661 0.14743 
0.900939 0.426855 0.0781316 0.921105 0.384831 -0.0589098 0.923324 0.382576 0.033295 
0.940173 0.334425 -0.0650691 0.971034 0.238527 -0.0140387 0.954273 0.292783 -0.0603496 
0.962832 0.266081 -0.0464334 0.464346 0.462324 -0.755407 0.683036 0.475387 -0.554499 
0.851718 0.424638 -0.307016 0.912678 0.362916 -0.187911 0.225046 0.44599 -0.866284 
0.952426 0.301061 -0.0474084 -0.116408 0.237266 -0.964445 0.0260514 0.402268 -0.915151 
-0.337369 0.0464567 -0.940226 0.970272 0.23941 0.035422 0.973212 0.217859 0.0734509 
0.98014 0.17741 0.0886059 -0.5401 -0.0972542 -0.835963 -0.762014 -0.17517 -0.623418 
-0.757794 -0.176581 -0.628146 -0.694024 -0.238807 -0.679192 -0.699326 -0.185202 -0.690393 
-0.706503 -0.218669 -0.67308 -0.696252 -0.233255 -0.678841 0.980525 0.173686 0.0916762 
0.976178 0.215925 0.0212973 0.97923 0.185805 0.0811486 0.977463 0.204377 0.052878 
0.988304 0.143467 -0.0517009 0.818922 -0.531138 -0.217391 0.979185 -0.0861823 -0.183763 
0.338335 -0.861045 -0.379646 0.603484 -0.743938 -0.28699 0.112182 -0.920858 -0.37341 
-0.0990058 -0.917027 -0.38634 -0.211424 -0.887282 -0.409915 -0.194304 -0.89701 -0.397013 
0.885265 0.447899 -0.12527 0.898353 0.425574 -0.108854 0.922334 0.377838 -0.0808664 
0.950466 0.304716 -0.061345 0.909942 0.402872 -0.0984889 0.867728 0.491081 -0.0767294 
0.893191 0.437166 -0.105337 0.793524 0.606914 0.0444458 0.201523 0.606751 0.768922 
0.15201 0.61819 0.77119 -0.00285778 0.629992 0.776596 -0.0458527 0.638966 0.767868 
0.000480254 0.625699 0.780065 -0.0199776 0.658988 0.751888 0.119236 0.648287 0.752002 
0.208235 -0.050114 0.976794 0.201466 0.18337 0.962178 0.233745 0.284207 0.929833 
0.276708 0.361231 0.890475 0.193936 0.0596329 0.9792 0.30693 0.417545 0.855249 
0.327461 0.435474 0.83853 0.333072 0.52251 0.784887 0.335349 0.538666 0.772904 
0.297664 0.561543 0.772053 0.347545 0.478707 0.806258 0.313468 -0.0622829 0.947554 
0.281707 -0.124207 0.951427 0.269622 -0.154639 0.950469 0.239965 -0.142857 0.960213 
0.431891 0.129907 0.892521 0.364765 0.0274209 0.930696 0.569823 0.477621 0.668715 
0.49669 0.35333 0.792753 0.362458 0.197617 0.910808 0.751586 0.467556 0.465307 
0.664409 0.379078 0.644096 0.521603 0.335878 0.784293 0.807358 0.440539 0.392554 
0.0445976 0.686948 0.725337 0.671818 0.704064 0.230118 0.43955 0.815441 0.376632 
0.242312 0.828186 0.505364 0.00276528 0.745497 0.666503 0.0338215 0.789441 0.612894 
0.0705785 0.822434 0.564465 0.872314 0.398244 0.283673 0.907484 0.368505 0.201687 
0.94303 0.332688 0.00359132 0.936912 0.314366 0.15287 0.956309 0.291536 -0.0218932 
0.96865 0.24759 -0.0204288 0.961512 0.271504 -0.0422003 0.961893 0.269616 -0.0454922 
0.412025 0.518283 -0.749412 0.572961 0.551542 -0.606232 0.749901 0.507228 -0.424699 
0.874839 0.424054 -0.23417 0.927128 0.356262 -0.116236 0.146165 0.509996 -0.847667 
0.96069 0.277058 0.0177107 -0.296827 0.190889 -0.935658 -0.183713 0.36604 -0.912285 
-0.0822319 0.472208 -0.877643 -0.492466 0.0698675 -0.867523 0.975126 0.206491 0.0805711 
-0.630411 -0.0301217 -0.775677 -0.711187 -0.22728 -0.66525 -0.722509 -0.205017 -0.660264 
-0.716571 -0.0730161 -0.693682 -0.723325 -0.214786 -0.656253 0.972373 0.233057 0.0132463 
0.976171 0.199107 0.0862891 0.975888 0.205084 0.0747244 0.97341 0.224682 0.044625 
0.96723 0.217091 -0.131671 0.43603 -0.845753 -0.307539 0.879336 -0.386455 -0.278244 
0.597088 -0.658946 -0.457468 0.971532 0.0585784 -0.229551 0.912003 -0.23898 -0.333375 
0.200758 -0.877172 -0.436195 -0.07847 -0.892209 -0.444754 -0.167871 -0.903936 -0.393343 
-0.151202 -0.890833 -0.428432 0.905311 0.414167 -0.0942204 0.920577 0.379188 -0.0935633 
0.935576 0.340052 -0.0951959 0.914478 0.393218 -0.0954389 0.860467 0.509482 -0.00490655 
0.894004 0.445826 -0.0446725 0.785711 0.607441 0.116935 0.276467 0.613995 0.739308 
0.223839 0.68169 0.69656 0.292824 0.658682 0.693103 -0.0247128 0.693372 0.720156 
-0.0232918 0.705952 0.707876 0.0715623 0.68266 0.727224 0.0389587 0.721643 0.691168 
0.190126 0.697096 0.69131 0.225407 -0.137603 0.964498 0.217236 -0.0494763 0.974864 
0.238852 0.147112 0.959848 0.242641 0.260011 0.934623 0.247675 0.363534 0.898054 
0.283643 0.428367 0.857933 0.273117 0.0194759 0.961784 0.319314 0.457542 0.829876 
0.352981 0.523127 0.775721 0.370925 0.567374 0.735188 0.374019 0.572982 0.729247 
0.364491 0.611777 0.702051 0.340236 0.50365 0.794088 0.263125 -0.0752291 0.961824 
0.246002 -0.133376 0.960049 0.239445 -0.160369 0.957574 0.302171 0.0884052 0.949146 
0.294174 0.00378642 0.955745 0.381711 0.309359 0.870973 0.25154 0.198943 0.94718 
0.229061 0.117212 0.966329 0.609549 0.367459 0.702441 0.483825 0.325737 0.812286 
0.35855 0.236152 0.903147 0.281952 0.231628 0.931049 0.763367 0.338509 0.550166 
0.840153 0.531425 0.108306 0.751197 0.620184 0.225999 0.596711 0.737677 0.315862 
0.478217 0.764457 0.432335 0.307309 0.822973 0.477782 0.168605 0.842063 0.51235 
0.0740414 0.849261 0.522756 -0.0203859 0.753234 0.657436 -0.0136083 0.790769 0.611963 
-0.00270476 0.818502 0.574497 0.00667053 0.834847 0.550442 0.841539 0.334558 0.424126 
0.877422 0.270595 0.396118 0.958327 0.267388 0.100561 0.922596 0.208532 0.324548 
0.971655 0.232752 0.0413889 0.964397 0.26349 -0.0226198 0.962463 0.269143 -0.0350263 
0.956694 0.288978 -0.0350609 0.349737 0.586378 -0.730647 0.534405 0.614947 -0.579872 
0.756008 0.529652 -0.384604 0.866968 0.447988 -0.218342 0.938626 0.335344 -0.0807843 
0.146246 0.570882 -0.807902 -0.0635749 0.506012 -0.86018 0.958779 0.283662 0.0167088 
0.969935 0.236825 0.0560416 -0.419939 0.283182 -0.862241 -0.304495 0.385917 -0.870833 
-0.562248 0.152661 -0.812756 0.972303 0.219206 0.0810886 -0.743197 -0.138804 -0.654516 
-0.654447 0.035399 -0.755279 -0.768047 -0.0817663 -0.635152 -0.759219 -0.108465 -0.641734 
0.967549 0.252517 0.00917523 0.97254 0.215945 0.0868009 0.971694 0.226054 0.0686296 
0.968553 0.245755 0.0388495 0.966792 0.189291 -0.171704 0.943233 0.308672 -0.122609 
0.232497 -0.823783 -0.517036 0.291363 -0.790085 -0.539327 0.79796 -0.402303 -0.44879 
0.533907 -0.661212 -0.527013 0.968641 -0.00133503 -0.24846 0.930996 -0.17541 -0.320121 
0.0224027 -0.875596 -0.482525 -0.12234 -0.872725 -0.472636 -0.11179 -0.867466 -0.484775 
-0.140629 -0.877842 -0.457839 0.915923 0.393458 -0.0792255 0.906717 0.419171 -0.0464766 
0.922662 0.374769 -0.0907854 0.92965 0.356635 -0.0925338 0.882461 0.4693 0.0319474 
0.286689 0.699276 0.654845 0.272898 0.734132 0.621754 0.310383 0.726853 0.612656 
0.384303 0.65401 0.6516 0.365668 0.68639 0.628614 0.0142101 0.764908 0.643983 
0.156656 0.727381 0.668114 0.0980198 0.769217 0.631425 0.271533 -0.107941 0.956357 
0.256808 -0.15345 0.954203 0.281329 0.139989 0.949346 0.260677 0.298769 0.918033 
0.263751 0.398954 0.878221 0.264357 0.440766 0.857812 0.301696 0.488433 0.818788 
0.285994 -0.0544977 0.95668 0.358995 0.525017 0.771674 0.361858 0.545356 0.756073 
0.373022 0.570599 0.731622 0.387772 0.627842 0.674869 0.377449 0.604211 0.701756 
0.330958 0.519602 0.787706 0.347342 0.526296 0.776122 0.22992 -0.0708856 0.970625 
0.238442 -0.130549 0.962342 0.218005 0.0155992 0.975823 0.163635 0.178929 0.970159 
0.168077 0.135568 0.976407 0.168574 0.0617477 0.983753 0.430936 0.213372 0.876793 
0.552414 0.246668 0.796237 0.368124 0.259337 0.892877 0.218377 0.188469 0.957492 
0.165833 0.183745 0.968885 0.704926 0.219521 0.674455 0.824618 0.540423 0.167178 
0.652361 0.672644 0.349249 0.384439 0.794401 0.470249 0.203467 0.812579 0.546184 
0.0929169 0.827606 0.553566 0.0195184 0.830378 0.556858 0.00107144 0.79785 0.602855 
-0.0103198 0.817087 0.576421 -0.0162837 0.827782 0.560814 -0.0174571 0.830034 0.557439 
0.787437 0.124039 0.603785 0.951784 0.167901 0.256742 0.84785 0.0783898 0.524409 
0.967849 0.250138 0.0264364 0.966962 0.194354 0.164956 0.95924 0.282324 -0.0123202 
0.950046 0.312098 -0.00275214 0.951126 0.30867 0.00907715 0.256518 0.656459 -0.709408 
0.593566 0.617852 -0.515692 0.33773 0.661201 -0.669889 0.749929 0.570453 -0.334948 
0.909121 0.401086 -0.112379 0.832445 0.518452 -0.195558 0.939633 0.341758 -0.0170768 
0.0463341 0.616491 -0.785997 -0.212069 0.42422 -0.880377 -0.0913448 0.57795 -0.810944 
0.949839 0.31062 0.0363503 0.963953 0.25839 0.0634805 -0.427253 0.227258 -0.875105 
0.96745 0.238487 0.0846414 -0.627449 0.149933 -0.764086 -0.778512 0.0594618 -0.624807 
-0.77033 -0.0496831 -0.635707 0.963262 0.268303 0.0118371 0.966169 0.244033 0.0834586 
0.965322 0.253299 0.0631883 0.960696 0.275514 0.0340022 0.956992 0.255512 -0.137405 
0.974632 0.0872552 -0.206104 0.93708 0.335 -0.0982695 0.0841898 -0.861994 -0.499879 
0.362095 -0.767224 -0.529391 0.640862 -0.637099 -0.428253 0.763501 -0.490938 -0.419578 
0.968267 -0.00739895 -0.249807 0.890079 -0.221414 -0.398415 -0.0963968 -0.878187 -0.468503 
-0.120629 -0.870523 -0.477115 0.915545 0.400503 -0.0370715 0.923429 0.377113 -0.071164 
0.891429 0.451779 0.0353529 0.92801 0.366109 -0.0690003 0.211273 0.75639 0.619062 
0.321638 0.750229 0.577672 0.2861 0.759128 0.584697 0.354362 0.750299 0.558103 
0.379779 0.715502 0.586366 0.372101 0.737945 0.563008 0.39209 0.691677 0.606505 
0.0612312 0.8031 0.59269 0.166616 0.792419 0.58678 0.254759 -0.121917 0.959288 
0.280959 0.0620283 0.957713 0.277817 0.227076 0.93341 0.286179 0.38049 0.879391 
0.289347 0.461825 0.838449 0.298772 0.505124 0.809682 0.310612 0.527756 0.790566 
0.279291 -0.0494125 0.958934 0.361869 0.54932 0.753192 0.369015 0.585524 0.721797 
0.380084 0.640582 0.667226 0.375262 0.678499 0.63152 0.376448 0.620545 0.687903 
0.381579 0.645425 0.661682 0.33474 0.5401 0.772167 0.202796 -0.0347614 0.978604 
0.234291 -0.106851 0.966277 0.113329 0.160303 0.98054 0.122306 0.1334 0.983487 
0.140365 0.0833468 0.986586 0.177949 0.01159 0.983971 0.3764 0.160361 0.912473 
0.267887 0.141792 0.952959 0.461148 0.118968 0.879312 0.159464 0.126558 0.979058 
0.127572 0.161185 0.978644 0.568803 0.0396598 0.821517 0.850059 0.513161 0.118595 
0.73826 0.620392 0.264739 0.568135 0.730819 0.37832 0.446278 0.754746 0.480827 
0.292857 0.80339 0.518458 0.182118 0.824984 0.535009 0.0744949 0.81628 0.572833 
0.000637006 0.821181 0.570668 0.0254404 0.816334 0.57702 -0.00793279 0.82637 0.563072 
-0.0208746 0.831178 0.555615 -0.0186285 0.823212 0.567428 0.652611 -0.00795865 0.757651 
0.861491 0.0939991 0.498996 0.909315 0.146798 0.389355 0.718184 0.00824137 0.695805 
0.953606 0.285428 0.0957395 0.932025 0.250111 0.262247 0.955929 0.293016 0.0184542 
0.939857 0.317018 0.127157 0.949187 0.304203 0.0806482 0.0695918 0.66302 -0.74536 
0.416257 0.687108 -0.595494 0.587911 0.672019 -0.450278 0.207914 0.691729 -0.691579 
0.724164 0.620598 -0.300739 0.89282 0.444389 -0.0734286 0.849899 0.50271 -0.157971 
0.918238 0.395744 -0.0149963 -0.241978 0.531436 -0.811802 -0.346005 0.397854 -0.849702 
-0.154808 0.583642 -0.797118 0.942053 0.333534 0.0359206 0.958712 0.275447 0.0707134 
-0.526565 0.320944 -0.787225 -0.689355 0.261529 -0.675569 -0.801536 -0.0198783 -0.597616 
-0.825072 0.0696791 -0.560715 -0.830607 0.0177665 -0.556576 0.958295 0.272949 0.0846768 
0.95862 0.272764 0.0815338 0.956874 0.283987 0.0611768 0.954057 0.296726 0.0415722 
0.954117 0.297533 0.0336961 0.948363 0.297962 -0.108753 0.969962 0.179077 -0.164637 
0.932348 0.35404 -0.0733688 0.0645446 -0.828214 -0.556682 -0.0753118 -0.847834 -0.524887 
-0.076711 -0.841409 -0.534926 0.655717 -0.518558 -0.548755 0.354657 -0.724373 -0.591187 
0.125499 -0.817522 -0.562056 0.96624 0.0818417 -0.244299 0.933301 0.000610565 -0.359095 
0.68851 -0.51955 -0.505986 0.8363 -0.284895 -0.468442 -0.102259 -0.861768 -0.49689 
-0.122705 -0.874367 -0.469495 -0.118814 -0.874799 -0.469692 0.904132 0.42673 0.0211381 
0.922075 0.385398 -0.0352961 0.925077 0.377876 -0.0379858 0.234943 0.787206 0.570182 
0.327924 0.758536 0.563106 0.386773 0.747658 0.539827 0.385599 0.736176 0.556199 
0.396786 0.74183 0.540601 0.393658 0.729021 0.559966 0.375927 0.712588 0.592366 
0.373274 0.738825 0.561074 0.120505 0.808936 0.575413 0.2595 -0.102825 0.960254 
0.305072 0.0805104 0.94892 0.326478 0.240635 0.914061 0.311676 0.360031 0.879338 
0.314878 0.45401 0.833503 0.306902 0.511665 0.802502 0.304219 0.534764 0.788339 
0.317258 0.5541 0.769624 0.296752 -0.0282533 0.954537 0.339192 0.573108 0.745987 
0.344943 0.615667 0.708498 0.376141 0.68448 0.624503 0.3713 0.714648 0.592803 
0.359622 0.667267 0.652248 0.21912 -0.0624501 0.973697 0.244759 -0.103814 0.96401 
0.101551 0.154092 0.982824 0.100816 0.153379 0.983011 0.116182 0.123992 0.985458 
0.149606 0.0616277 0.986823 0.197977 -0.0110343 0.980145 0.277474 0.0617785 0.958745 
0.189682 0.080251 0.97856 0.377477 -0.0141817 0.92591 0.150756 0.0798106 0.985344 
0.118944 0.129559 0.984412 0.459361 -0.0692946 0.885543 0.880312 0.465551 0.0911818 
0.806887 0.554898 0.202536 0.607825 0.682392 0.406067 0.678022 0.652055 0.339281 
0.481389 0.723657 0.494556 0.318466 0.758841 0.568102 0.193148 0.792902 0.577928 
0.0964595 0.804595 0.585937 0.0272342 0.811909 0.583148 -0.0156608 0.814128 0.580474 
0.0327387 0.822126 0.568363 0.0963921 0.810602 0.57761 0.0073134 0.830855 0.556441 
0.0059427 0.817492 0.57591 -0.0161204 0.809984 0.586231 0.554556 -0.0869226 0.827594 
0.751062 0.0432546 0.658813 0.855022 0.16183 0.492696 0.891596 0.237382 0.385624 
0.951825 0.300846 0.0593358 0.932841 0.255251 0.254274 0.94658 0.276628 0.165721 
0.0344893 0.643488 -0.764679 0.370854 0.727368 -0.577411 0.549193 0.70783 -0.444256 
0.190382 0.702272 -0.68598 0.683569 0.619927 -0.385258 0.821743 0.509116 -0.256007 
0.896133 0.431746 -0.102669 0.921813 0.38681 -0.0252812 -0.437887 0.461432 -0.77158 
-0.338265 0.451127 -0.82587 -0.127956 0.566881 -0.813802 0.950124 0.304203 0.0687425 
0.939437 0.339349 0.0479668 -0.608101 0.283195 -0.74163 -0.705127 0.193157 -0.682266 
-0.835312 0.0533351 -0.547183 -0.833801 0.0561109 -0.549206 -0.834128 0.0579609 -0.548517 
-0.834404 0.0561149 -0.54829 0.949303 0.303246 0.0828625 0.95015 0.30152 0.0793725 
0.947721 0.314348 0.0548612 0.950434 0.30733 0.0471517 0.939116 0.332864 -0.0852246 
0.958611 0.249632 -0.136925 0.925478 0.375382 -0.0507758 -0.084146 -0.840903 -0.534604 
-0.041621 -0.837751 -0.544463 0.526872 -0.677908 -0.512685 0.311466 -0.76696 -0.561036 
0.00168162 -0.816082 -0.577934 0.950787 0.224005 -0.214072 0.942913 0.080467 -0.323171 
0.881796 -0.178986 -0.436348 0.618845 -0.494672 -0.610189 0.914509 0.404389 0.0119549 
0.915771 0.401694 -0.0021146 0.193666 0.797317 0.571647 0.300484 0.768211 0.565297 
0.388038 0.745931 0.541307 0.378359 0.752974 0.5384 0.411927 0.724555 0.552573 
0.355188 0.725847 0.589056 0.408868 0.70919 0.574348 0.419829 0.712496 0.562221 
0.377766 0.753083 0.538664 0.35483 0.742683 0.567907 0.371614 0.754116 0.54149 
0.349152 0.76121 0.546491 0.273592 -0.105253 0.95607 0.293095 -0.0815498 0.952599 
0.37244 0.0587101 0.926197 0.381894 0.182907 0.905926 0.376282 0.336925 0.863072 
0.344053 0.42462 0.837452 0.324796 0.505046 0.799648 0.318817 0.541079 0.778196 
0.320061 0.556726 0.766562 0.326784 0.575315 0.749817 0.322486 0.577517 0.749984 
0.352709 -0.0316795 0.935197 0.326771 0.593847 0.735232 0.331437 0.617334 0.713476 
0.33 0.652568 0.682096 0.361885 0.711752 0.602037 0.332193 0.689545 0.643565 
0.330038 0.720912 0.609394 0.245686 -0.0728139 0.966611 0.111534 0.145312 0.983079 
0.111364 0.16042 0.980746 0.112926 0.149341 0.982316 0.143787 0.114941 0.982911 
0.18817 0.0457987 0.981068 0.242487 -0.0185782 0.969977 0.259656 -0.0445045 0.964675 
0.197763 0.0221931 0.979999 0.328587 -0.107616 0.938323 0.173524 0.0343328 0.984231 
0.137145 0.0993946 0.985552 0.396209 -0.157184 0.904606 0.825549 0.536845 0.173974 
0.893913 0.44234 0.0724928 0.767846 0.593613 0.240909 0.540848 0.706323 0.456718 
0.657359 0.652566 0.376878 0.537497 0.694249 0.47866 0.417375 0.719127 0.555568 
0.308236 0.766366 0.563626 0.16894 0.781713 0.60032 0.0617057 0.797775 0.599789 
0.00345089 0.806292 0.591508 -0.0280133 0.802277 0.596294 0.0668236 0.824637 0.561701 
0.144579 0.807681 0.571619 0.070429 0.814353 0.576081 0.0260141 0.802306 0.596346 
-0.0115345 0.793217 0.60883 0.619596 -0.0422712 0.783782 0.47731 -0.118986 0.870642 
0.436626 -0.157481 0.885753 0.744672 0.0763976 0.663043 0.849973 0.12856 0.5109 
0.953493 0.281486 0.107785 0.911401 0.192798 0.363562 0.944996 0.169514 0.279729 
0.0277599 0.642005 -0.766198 0.408269 0.702649 -0.582753 0.181076 0.670008 -0.719931 
0.568866 0.620331 -0.539982 0.735434 0.577277 -0.354808 0.839148 0.507553 -0.1955 
0.890351 0.448196 -0.079965 0.925018 0.379911 -0.00296274 -0.512269 0.35059 -0.784007 
-0.318608 0.48303 -0.81558 -0.149872 0.584788 -0.797221 0.934272 0.351946 0.0571867 
0.941607 0.327639 0.077647 -0.541407 0.387332 -0.746225 -0.816824 0.0786045 -0.571506 
-0.810435 0.135935 -0.569839 -0.687824 0.312818 -0.655013 0.943761 0.318639 0.0882242 
0.940171 0.331403 0.079062 0.938056 0.34247 0.0525903 0.943474 0.328579 0.0435163 
0.948295 0.31192 0.0586763 0.932357 0.356895 -0.057764 0.9417 0.322286 -0.0966019 
0.922531 0.384717 -0.0304956 -0.094942 -0.835347 -0.541462 -0.0884676 -0.839515 -0.536086 
-0.0826197 -0.831828 -0.54885 0.297755 -0.709341 -0.638887 0.0863944 -0.789371 -0.607807 
-0.0631167 -0.811629 -0.580753 -0.105272 -0.811869 -0.57427 -0.097004 -0.815072 -0.571181 
0.960798 0.193248 -0.198801 0.942143 0.311325 -0.124273 0.955479 -0.00953605 -0.294906 
0.928946 -0.184918 -0.320725 0.806319 -0.319351 -0.49786 0.355048 -0.682694 -0.638647 
0.566877 -0.552167 -0.611361 0.916141 0.400853 0.00173995 0.897899 0.436895 0.0538608 
0.247885 0.774878 0.581479 0.355732 0.759041 0.545263 0.335796 0.759479 0.557165 
0.269075 0.751421 0.602466 0.403224 0.694507 0.595877 0.316458 0.722574 0.614607 
0.388476 0.686722 0.61441 0.420168 0.674029 0.607571 0.392423 0.725834 0.56495 
0.39815 0.690893 0.603443 0.344971 0.740199 0.577149 0.341578 0.74069 0.578535 
0.330914 0.761465 0.557376 0.327959 0.766539 0.552143 0.313288 -0.0610503 0.947694 
0.387978 0.0419389 0.920714 0.42209 0.179887 0.888527 0.39973 0.306182 0.863984 
0.3909 0.4281 0.814818 0.36376 0.499596 0.786182 0.349784 0.534235 0.769574 
0.335037 0.560588 0.757292 0.325521 0.580634 0.746258 0.331782 0.596225 0.731051 
0.33447 0.605367 0.72226 0.333007 0.625444 0.705639 0.328683 0.660444 0.675116 
0.324335 0.69243 0.644475 0.322458 0.719075 0.615591 0.315302 0.753602 0.576775 
0.313703 0.742207 0.592216 0.15166 0.122319 0.980835 0.139853 0.160111 0.977142 
0.145157 0.158526 0.976626 0.170026 0.137721 0.975769 0.193401 0.0934155 0.976662 
0.239122 0.0438251 0.97 0.303937 0.0148788 0.952576 0.259914 -0.115558 0.958692 
0.213217 -0.0383784 0.976251 0.311084 -0.165579 0.935847 0.218722 -0.00657128 0.975765 
0.184738 0.0634 0.980741 0.355065 -0.178617 0.917619 0.331344 -0.18962 0.924259 
0.855764 0.495018 0.150415 0.778101 0.561627 0.281308 0.679122 0.619811 0.393228 
0.545243 0.682758 0.486366 0.405394 0.713521 0.57144 0.310596 0.74195 0.594172 
0.295855 0.728939 0.617347 0.207506 0.766736 0.6075 0.117939 0.784992 0.608176 
0.0512535 0.785965 0.616143 0.00316617 0.802407 0.596769 -0.038465 0.795051 0.605322 
-0.0391772 0.787474 0.615102 0.173637 0.786711 0.592398 0.111043 0.786219 0.607889 
0.0507126 0.779135 0.624802 -0.00359112 0.777776 0.628531 0.557706 -0.0684747 0.82721 
0.410385 -0.153571 0.898888 0.365663 -0.160918 0.916731 0.673909 -0.0364132 0.737916 
0.824543 0.0030342 0.565791 0.958625 0.255083 0.126376 0.955336 0.149824 0.254726 
0.889529 -0.0279118 0.456026 -0.0260969 0.632259 -0.774317 0.337088 0.642571 -0.688095 
0.0986551 0.628445 -0.771573 0.467024 0.62548 -0.625031 0.665594 0.577323 -0.472951 
0.819473 0.523256 -0.233811 0.921537 0.388075 0.0129433 0.895343 0.439406 -0.0726836 
-0.359484 0.520911 -0.774224 -0.257224 0.585513 -0.768772 0.930387 0.359774 0.0703061 
0.936285 0.340338 0.0868347 -0.516163 0.479608 -0.709614 -0.82821 0.0997414 -0.551471 
-0.835749 0.114443 -0.537053 -0.830905 0.216165 -0.512707 -0.690916 0.34207 -0.636886 
0.93477 0.344346 0.0873518 0.933776 0.35108 0.0693229 0.93131 0.361101 0.0476215 
0.937438 0.345536 0.0426045 0.942452 0.327546 0.0670663 0.928735 0.368717 -0.0387197 
0.930197 0.362698 -0.0564263 0.143922 -0.784458 -0.603252 -0.0383508 -0.826338 -0.561867 
-0.104309 -0.819606 -0.563352 -0.0997118 -0.827521 -0.55251 0.964217 0.239574 -0.113533 
0.978839 0.0570101 -0.196531 0.941351 0.332459 -0.0577008 0.976376 -0.0725469 -0.203534 
0.804338 -0.443947 -0.394906 0.920543 -0.264998 -0.287013 0.684351 -0.560025 -0.466943 
0.432368 -0.696063 -0.573197 0.90452 0.424273 0.0428524 0.920151 0.391538 -0.00443888 
0.873986 0.470914 0.119951 0.300866 0.764844 0.569643 0.322266 0.725561 0.608034 
0.294279 0.758432 0.581533 0.218752 0.758612 0.613722 0.270793 0.724773 0.633542 
0.349605 0.694379 0.628979 0.387987 0.665991 0.63712 0.415006 0.654063 0.632434 
0.40348 0.635095 0.658679 0.344709 0.699616 0.62587 0.373877 0.659151 0.652484 
0.305547 0.768022 0.562835 0.370378 0.095627 0.923946 0.420095 0.174792 0.890487 
0.453602 0.290437 0.842551 0.446274 0.394062 0.803464 0.422495 0.482751 0.767105 
0.384379 0.51212 0.768106 0.357307 0.556981 0.749735 0.346698 0.587862 0.730903 
0.363362 0.608799 0.705218 0.332041 0.646809 0.686576 0.352821 0.625481 0.69591 
0.331746 0.686238 0.647319 0.335922 0.708178 0.620999 0.328061 0.729084 0.600676 
0.306962 0.754184 0.5805 0.292449 0.761066 0.57901 0.309306 0.746679 0.588898 
0.221221 0.0959608 0.970491 0.190747 0.145828 0.970747 0.195396 0.165598 0.966643 
0.193113 0.161981 0.967714 0.21326 0.131898 0.968051 0.235732 0.0922197 0.967433 
0.298763 0.085036 0.950531 0.29363 -0.172079 0.940303 0.279064 -0.138787 0.95019 
0.244822 -0.0736355 0.966768 0.305109 -0.188642 0.933447 0.289166 -0.0456083 0.956192 
0.255594 0.0252964 0.966453 0.312257 -0.186399 0.931531 0.814581 0.525856 0.244813 
0.611209 0.656653 0.441849 0.74273 0.583769 0.327973 0.506088 0.698319 0.506187 
0.312458 0.721088 0.618387 0.380284 0.727986 0.570457 0.287384 0.732216 0.61747 
0.181799 0.756231 0.628541 0.224565 0.736317 0.638285 0.105173 0.771722 0.627203 
0.0131202 0.784505 0.619983 0.0611845 0.769867 0.635265 -0.00501419 0.772993 0.634394 
-0.0288535 0.785711 0.617921 -0.0452107 0.778453 0.626073 -0.0362072 0.776611 0.628939 
0.155985 0.750759 0.641895 0.0640384 0.758657 0.648336 0.0141038 0.772418 0.634958 
0.488144 -0.162214 0.857556 0.36409 -0.209137 0.907579 0.32854 -0.18886 0.925415 
0.604932 -0.205608 0.769274 0.729809 -0.191679 0.65623 0.947847 0.284581 0.143525 
0.930239 0.215601 0.296938 0.903222 0.030111 0.428117 0.744028 -0.155452 0.649813 
-0.132659 0.609815 -0.781362 0.271688 0.63203 -0.725757 0.0969517 0.617964 -0.780206 
-0.0999279 0.575914 -0.81138 0.417836 0.616689 -0.667164 0.625376 0.569444 -0.533515 
0.758635 0.56024 -0.332574 0.84869 0.501939 -0.16668 0.920062 0.390625 0.0299675 
0.893901 0.446406 -0.0407788 -0.375012 0.508451 -0.775141 0.932744 0.349342 0.0891587 
0.929598 0.360699 0.0757889 -0.85243 0.176067 -0.492304 -0.846932 0.189705 -0.496708 
-0.560758 0.358417 -0.746383 -0.780453 0.21527 -0.586986 -0.829491 0.198104 -0.522206 
0.932867 0.350604 0.0826793 0.931353 0.358808 0.0619577 0.930294 0.363788 0.0470243 
0.928393 0.368605 0.0470879 0.930865 0.353545 0.0921744 0.92515 0.379467 -0.010164 
0.135742 -0.770931 -0.622285 -0.0421115 -0.798076 -0.601083 -0.0933617 -0.824257 -0.558466 
-0.105618 -0.807274 -0.580649 0.963937 0.261829 -0.0476488 0.986241 0.121979 -0.111579 
0.941107 0.338093 -0.00314097 0.988579 -0.024633 -0.148674 0.73991 -0.468078 -0.483151 
0.97424 -0.131451 -0.183242 0.784305 -0.502348 -0.364022 0.912607 -0.307924 -0.268946 
0.45254 -0.6736 -0.584355 0.208979 -0.778454 -0.591893 0.88947 0.446485 0.097442 
0.912276 0.407051 0.0453988 0.844086 0.501581 0.189566 0.2819 0.764599 0.579587 
0.262393 0.755511 0.600294 0.293007 0.731615 0.615537 0.334833 0.669172 0.663398 
0.29319 0.701862 0.649176 0.254384 0.739636 0.623078 0.236056 0.718815 0.653898 
0.328441 0.686455 0.648772 0.36333 0.647232 0.670136 0.371418 0.633014 0.679222 
0.377404 0.619989 0.687881 0.380574 0.140779 0.913972 0.438152 0.185557 0.879541 
0.477963 0.259108 0.839294 0.485507 0.377324 0.788612 0.434907 0.446057 0.782233 
0.405097 0.523071 0.749862 0.381643 0.554899 0.739213 0.373465 0.592677 0.713623 
0.391562 0.625626 0.674738 0.384262 0.631572 0.673394 0.345828 0.65573 0.671134 
0.345753 0.683302 0.643081 0.375989 0.655702 0.654742 0.353394 0.704765 0.615158 
0.348423 0.715988 0.604948 0.327201 0.730627 0.59927 0.298478 0.738548 0.604531 
0.266712 0.753143 0.601365 0.294283 0.0624648 0.953675 0.260893 0.134471 0.955956 
0.265878 0.159861 0.950659 0.238398 0.17394 0.955464 0.263349 0.167454 0.950056 
0.285711 0.130147 0.949437 0.343312 0.139042 0.928873 0.311185 -0.183474 0.932471 
0.326374 -0.160921 0.931442 0.30747 -0.10891 0.945305 0.349205 -0.100823 0.931606 
0.32956 -0.0197808 0.943927 0.304309 -0.191558 0.933114 0.6211 0.644162 0.44642 
0.488127 0.699254 0.52228 0.797787 0.542173 0.263789 0.688654 0.622559 0.37172 
0.382089 0.731739 0.564416 0.306297 0.742683 0.595487 0.177654 0.752286 0.634433 
0.230122 0.757901 0.610434 0.139473 0.751917 0.644335 0.0892508 0.761102 0.642463 
0.0246218 0.770572 0.636877 -0.0436939 0.776064 0.629138 -0.0243848 0.775443 0.630946 
-0.0440663 0.776798 0.628206 -0.0125815 0.773369 0.633832 0.14871 0.742043 0.65365 
0.0910495 0.763209 0.639704 0.0661639 0.762051 0.644127 0.421783 -0.266728 0.866577 
0.325143 -0.252123 0.911436 0.308961 -0.20914 0.927795 0.54193 -0.290462 0.788634 
0.473449 -0.301985 0.827436 0.60483 -0.252717 0.755192 0.92124 0.328727 0.207981 
0.872217 0.258753 0.415072 0.824054 0.136745 0.549759 0.780252 -0.0258422 0.624931 
0.564572 -0.216811 0.796399 0.637531 -0.063279 0.767821 0.182322 0.66339 -0.725722 
0.0129698 0.637105 -0.770668 -0.294337 0.489877 -0.820601 -0.12635 0.604905 -0.78621 
0.423293 0.653509 -0.627494 0.232481 0.676125 -0.699148 0.583195 0.661289 -0.471784 
0.597431 0.688899 -0.41048 0.762373 0.592909 -0.259317 0.856438 0.504942 -0.107464 
0.91443 0.404414 0.0163358 0.936023 0.346811 0.0598519 0.936314 0.341851 0.0803417 
-0.489061 0.430555 -0.758578 -0.686893 0.322354 -0.651357 -0.830816 0.173145 -0.528929 
-0.830955 0.18835 -0.523487 -0.822782 0.170792 -0.542089 0.937307 0.341388 0.070071 
0.935893 0.348231 0.0532869 0.927394 0.368586 0.0639154 0.932475 0.357696 0.05043 
0.925134 0.348877 0.149704 0.923771 0.381327 0.0351645 0.0150076 -0.805335 -0.59263 
-0.114815 -0.7988 -0.590539 -0.110806 -0.801023 -0.588289 0.961088 0.276208 0.00442612 
0.985668 0.160147 -0.0530253 0.936219 0.348304 0.0466739 0.995846 0.0464554 -0.0783145 
0.631944 -0.636231 -0.442557 0.987801 -0.089088 -0.127721 0.70257 -0.549324 -0.45237 
0.410107 -0.755718 -0.51059 0.965789 -0.203728 -0.160459 0.802075 -0.501429 -0.324414 
0.887893 -0.398137 -0.230507 0.106527 -0.818911 -0.563947 0.891215 0.438696 0.115248 
0.909909 0.404433 0.0921903 0.866792 0.467182 0.174394 0.246469 0.739209 0.626756 
0.235411 0.735148 0.635719 0.307209 0.674409 0.671413 0.35809 0.631492 0.687742 
0.323468 0.654012 0.68384 0.247609 0.713722 0.655203 0.27307 0.686255 0.674156 
0.173958 0.741186 0.648369 0.271589 0.676314 0.684718 0.348831 0.625571 0.697838 
0.375988 0.620401 0.688285 0.374722 0.616867 0.692141 0.413199 0.18667 0.891303 
0.44585 0.210203 0.870076 0.488734 0.288928 0.823201 0.483153 0.37062 0.793224 
0.479404 0.439404 0.759668 0.447348 0.47258 0.759308 0.450761 0.525893 0.721285 
0.413171 0.57229 0.70836 0.45938 0.558738 0.690494 0.405287 0.599667 0.690031 
0.418082 0.615559 0.668053 0.395295 0.658227 0.640687 0.413369 0.64383 0.643902 
0.375374 0.681186 0.628554 0.375574 0.691685 0.61686 0.352518 0.711108 0.608322 
0.329948 0.71825 0.612577 0.271722 0.724192 0.633809 0.308491 0.71282 0.629858 
0.367943 0.0265242 0.92947 0.335015 0.09827 0.937074 0.337878 0.142652 0.930317 
0.312814 0.174357 0.933674 0.333688 0.190596 0.923215 0.340097 0.174887 0.923985 
0.354463 0.160518 0.921189 0.31718 -0.169925 0.933018 0.339148 -0.150129 0.928676 
0.373131 -0.103193 0.922022 0.377841 -0.0463142 0.924711 0.303154 -0.187482 0.934317 
0.509096 0.709453 0.487337 0.807379 0.533992 0.25098 0.694923 0.64382 0.320279 
0.582017 0.693484 0.424659 0.363627 0.768702 0.526187 0.27936 0.767128 0.57747 
0.161336 0.776665 0.608902 0.10149 0.777966 0.620056 0.210366 0.778412 0.591456 
0.024116 0.779623 0.625785 -0.046981 0.779584 0.624533 -0.0338116 0.790112 0.61203 
-0.0387743 0.781649 0.622512 0.00229836 0.772033 0.635578 0.149385 0.718322 0.679483 
0.0580314 0.749642 0.659295 0.383661 -0.31372 0.868553 0.353008 -0.300207 0.88615 
0.322026 -0.292633 0.90037 0.311922 -0.259828 0.91389 0.300218 -0.218699 0.928461 
0.454012 -0.329582 0.827797 0.403034 -0.324734 0.855635 0.898156 0.260838 0.353948 
0.76209 0.08883 0.641348 0.43171 -0.283987 0.856141 0.470223 -0.194533 0.860841 
0.559997 -0.131922 0.817924 0.030389 0.666789 -0.744627 -0.309931 0.551728 -0.774299 
-0.215728 0.601415 -0.76926 0.368508 0.725649 -0.581064 0.190737 0.68735 -0.700835 
0.409886 0.729523 -0.54753 0.602199 0.701329 -0.381438 0.748334 0.62067 -0.234019 
0.803196 0.571207 -0.169113 0.887362 0.457908 -0.0539298 0.922596 0.385702 0.00716599 
0.948098 0.316079 0.034693 0.94576 0.31835 0.0647409 -0.504157 0.48825 -0.712346 
-0.702284 0.329796 -0.630898 -0.835053 0.182136 -0.519146 -0.835059 0.183627 -0.518611 
-0.836482 0.183908 -0.516213 0.949592 0.308824 0.0538879 0.949232 0.310606 0.049835 
0.93982 0.331772 0.0816472 0.940722 0.275905 0.197277 -0.0690259 -0.823655 -0.562875 
-0.102984 -0.81239 -0.573948 0.95551 0.29167 0.0439168 0.981372 0.1921 -0.00258121 
0.925302 0.369618 0.0848444 0.995951 0.0858777 -0.0265787 0.997588 -0.0366698 -0.0589374 
0.409475 -0.748204 -0.522035 0.573575 -0.702654 -0.421057 0.163327 -0.824863 -0.541226 
0.976558 -0.185588 -0.109049 0.642809 -0.676385 -0.359583 0.927545 -0.311934 -0.205811 
0.733455 -0.56279 -0.381197 -0.015402 -0.846578 -0.532041 0.88248 0.446394 0.148196 
0.235487 0.716332 0.656822 0.227534 0.716905 0.658995 0.362613 0.630424 0.68635 
0.279818 0.683432 0.674257 0.335826 0.664785 0.667294 0.24287 0.701919 0.669569 
0.215448 0.681892 0.699003 0.305262 0.647816 0.69796 0.35638 0.634728 0.685648 
0.380975 0.619862 0.686024 0.358105 0.658885 0.661538 0.390042 0.627446 0.673928 
0.409375 0.192888 0.891743 0.460351 0.225584 0.858597 0.47658 0.245595 0.84413 
0.502725 0.30111 0.810309 0.518236 0.352523 0.779204 0.510251 0.385186 0.768945 
0.521918 0.440845 0.730245 0.50099 0.505435 0.702527 0.528321 0.484379 0.697319 
0.452797 0.576685 0.680007 0.504637 0.530551 0.68107 0.436604 0.606798 0.664208 
0.40825 0.660256 0.630392 0.398029 0.674839 0.621422 0.434234 0.638815 0.635103 
0.419645 0.664266 0.618587 0.432946 0.65392 0.620441 0.391605 0.685413 0.613885 
0.377582 0.694675 0.612256 0.357146 0.702998 0.615013 0.345086 0.696538 0.629087 
0.294679 0.703196 0.647054 0.276071 0.694122 0.664815 0.32189 0.684904 0.653677 
0.423473 0.0117395 0.905833 0.404897 0.0801442 0.910843 0.410925 0.13719 0.901288 
0.392341 0.171017 0.903782 0.377847 0.189836 0.906198 0.407122 0.20572 0.889905 
0.331162 -0.154401 0.930856 0.352966 -0.138244 0.925367 0.406421 -0.11609 0.906281 
0.422851 -0.0860786 0.902102 0.416591 -0.043446 0.908055 0.321629 -0.204428 0.924534 
0.328959 -0.176675 0.92767 0.453692 0.748721 0.483302 0.830791 0.521884 0.193449 
0.60274 0.740396 0.297521 0.777615 0.588394 0.221604 0.49518 0.756378 0.427421 
0.378265 0.776445 0.504032 0.279585 0.801094 0.529227 0.214047 0.80202 0.557627 
0.109318 0.785355 0.609317 0.164994 0.800277 0.576484 0.1071 0.801557 0.588248 
0.0587514 0.79378 0.605361 0.00204945 0.806307 0.591494 -0.0442346 0.800198 0.598103 
-0.0343752 0.818313 0.573744 -0.0250393 0.785906 0.617839 0.156734 0.724189 0.671554 
-0.000476249 0.787488 0.61633 0.0532853 0.782074 0.620904 0.132395 0.753193 0.644338 
0.336021 -0.320124 0.885783 0.319576 -0.282342 0.904519 0.320848 -0.241836 0.915736 
0.358237 -0.348418 0.866182 0.336342 -0.352971 0.87309 0.906554 0.160182 0.390515 
0.830625 0.0882088 0.549801 0.671773 -0.101223 0.733808 0.339412 -0.290656 0.894605 
0.389182 -0.267154 0.88157 0.490317 -0.276331 0.826577 -0.0360582 0.634557 -0.772034 
-0.456755 0.496527 -0.73813 -0.274657 0.580643 -0.766432 0.283974 0.717442 -0.63611 
0.0679598 0.664912 -0.743823 0.444313 0.746346 -0.495534 0.639209 0.688928 -0.341747 
0.763673 0.59216 -0.257197 0.877459 0.467941 -0.105347 0.936325 0.349452 -0.0343263 
0.961565 0.271942 0.0379501 0.964278 0.264818 -0.00632219 -0.52644 0.478159 -0.703011 
-0.832992 0.202023 -0.515083 -0.824319 0.230231 -0.517197 -0.709314 0.379582 -0.593962 
0.96815 0.247929 0.0348891 0.970339 0.238626 0.0387198 0.959628 0.276321 0.0525473 
0.963234 0.245482 0.109176 0.957984 0.16602 0.23389 -0.0937119 -0.821686 -0.562184 
-0.0883166 -0.828287 -0.5533 -0.0711085 -0.845774 -0.528781 0.949658 0.305281 0.0703741 
0.976993 0.210477 0.0344232 0.908423 0.402078 0.114463 0.993631 0.111883 0.013367 
0.999829 -0.0083351 -0.0164932 0.295308 -0.829248 -0.47449 0.0417254 -0.858365 -0.511341 
0.991432 -0.109671 -0.0709529 0.399511 -0.776041 -0.488008 0.975611 -0.186729 -0.115392 
0.813927 -0.501916 -0.29258 0.904074 -0.349688 -0.245698 0.447361 -0.746325 -0.492816 
0.608057 -0.685021 -0.401265 -0.0623958 -0.853373 -0.517553 -0.0489156 -0.860852 -0.506499 
0.248839 0.69686 0.672656 0.22306 0.715319 0.662241 0.237401 0.703278 0.670105 
0.38551 0.634583 0.669841 0.247582 0.705489 0.66407 0.278694 0.702582 0.654758 
0.386897 0.663206 0.640679 0.325375 0.703394 0.631955 0.247601 0.695437 0.674582 
0.314591 0.677279 0.665075 0.308092 0.706068 0.637611 0.384142 0.646415 0.659229 
0.315417 0.728211 0.608458 0.371661 0.676487 0.635793 0.409505 0.637727 0.652387 
0.413372 0.642034 0.64569 0.466199 0.22115 0.856593 0.496206 0.243417 0.833384 
0.507095 0.260803 0.821484 0.517058 0.281291 0.80841 0.531417 0.320071 0.784315 
0.536382 0.360005 0.763342 0.550732 0.418317 0.722291 0.540912 0.405241 0.737017 
0.534129 0.466618 0.704963 0.477062 0.563205 0.674694 0.495519 0.521885 0.694332 
0.456065 0.602299 0.655165 0.408852 0.674204 0.615052 0.465086 0.626676 0.625278 
0.456082 0.646434 0.611648 0.433808 0.66187 0.611342 0.431325 0.663647 0.611171 
0.447999 0.655356 0.608116 0.379563 0.684674 0.622217 0.369857 0.669265 0.64443 
0.311677 0.66558 0.67813 0.272909 0.683593 0.67692 0.356704 0.649113 0.671874 
0.477991 -0.000339773 0.878365 0.475303 0.050494 0.878372 0.465425 0.103392 0.879028 
0.468206 0.157279 0.869509 0.441403 0.193747 0.876143 0.467479 0.215963 0.857219 
0.365322 -0.154613 0.917951 0.383011 -0.131562 0.914327 0.436801 -0.106658 0.893213 
0.468911 -0.0853369 0.879113 0.470816 -0.0487728 0.880882 0.330422 -0.220325 0.917757 
0.359709 -0.181247 0.915292 0.870738 0.465918 0.157275 0.703631 0.656411 0.272079 
0.558782 0.763329 0.324177 0.427488 0.829336 0.3598 0.872083 0.454825 0.18057 
0.811945 0.541362 0.21834 0.301628 0.843735 0.443996 0.211862 0.83893 0.50131 
0.162956 0.832185 0.530012 0.127807 0.824945 0.550573 0.0444983 0.820253 0.570268 
0.0812256 0.837936 0.53969 -0.000611279 0.83708 0.54708 -0.0421871 0.824502 0.564285 
-0.02473 0.851868 0.523173 -0.0298138 0.823167 0.567016 0.226245 0.732384 0.642205 
0.0169249 0.838471 0.544683 0.0922423 0.812157 0.576101 0.162476 0.791741 0.588853 
0.297484 -0.316194 0.900847 0.296223 -0.257787 0.919673 0.2958 -0.348305 0.889486 
0.281139 -0.345335 0.89538 0.912981 0.0386867 0.406163 0.80035 -0.055206 0.596986 
0.617069 -0.237862 0.750099 0.294363 -0.338033 0.893915 0.352567 -0.362124 0.862881 
0.471416 -0.338592 0.814323 0.406069 -0.365643 0.837504 -0.142604 0.647958 -0.748208 
-0.367206 0.588345 -0.720424 0.130073 0.729568 -0.671426 0.227473 0.75733 -0.612134 
-0.0351788 0.714593 -0.698655 0.464158 0.734937 -0.494394 0.594965 0.692713 -0.407634 
0.71258 0.624945 -0.318864 0.823256 0.528557 -0.207068 0.894091 0.424365 -0.143234 
0.950444 0.300083 -0.0812793 0.978771 0.204957 -0.000406362 0.97562 0.211326 -0.059224 
-0.562342 0.519573 -0.643285 -0.841529 0.203416 -0.500451 -0.847782 0.213013 -0.485686 
-0.85118 0.275965 -0.44647 -0.765207 0.3876 -0.514027 0.988217 0.152962 0.00540706 
0.983432 0.177261 0.0379582 0.986754 0.109478 0.119716 0.962069 -0.042597 0.269459 
0.946561 0.31004 0.0888626 0.974571 0.215127 0.0627107 0.927436 0.350902 0.129343 
0.992584 0.112566 0.0458851 0.998834 0.0399891 0.0270633 0.106948 -0.852214 -0.512147 
-0.0419369 -0.861534 -0.505966 -0.0330832 -0.861606 -0.506498 0.999137 -0.0361677 -0.0204152 
0.176018 -0.841158 -0.511342 0.987738 -0.125128 -0.0933606 0.636359 -0.66138 -0.397017 
0.972249 -0.170603 -0.160081 0.742251 -0.534018 -0.404831 0.887592 -0.312059 -0.33882 
0.333031 -0.81859 -0.467975 0.219794 0.718068 0.660355 0.240357 0.721965 0.648842 
0.221371 0.731208 0.645236 0.26964 0.686071 0.675722 0.236892 0.712593 0.660374 
0.264864 0.728632 0.631619 0.368964 0.688165 0.624736 0.423912 0.653323 0.62727 
0.393498 0.672253 0.627085 0.346201 0.703299 0.620899 0.288065 0.736739 0.611746 
0.243955 0.758993 0.603669 0.244261 0.79009 0.562223 0.349879 0.716662 0.603308 
0.262618 0.798965 0.541005 0.330324 0.754875 0.566613 0.415349 0.662296 0.623578 
0.392774 0.697803 0.598999 0.503323 0.236921 0.830984 0.508492 0.243212 0.826005 
0.524785 0.266951 0.808294 0.537429 0.295326 0.789907 0.548449 0.333848 0.766648 
0.549865 0.376825 0.74542 0.540331 0.410807 0.734357 0.502979 0.462153 0.730361 
0.478665 0.579128 0.659917 0.48405 0.593053 0.643416 0.483592 0.526863 0.698967 
0.489765 0.551056 0.675624 0.426441 0.66063 0.617832 0.41185 0.658547 0.629838 
0.474329 0.624565 0.620427 0.460654 0.644047 0.610738 0.445113 0.653028 0.612722 
0.435595 0.652411 0.620174 0.406507 0.633169 0.658673 0.347002 0.643723 0.682064 
0.313428 0.661202 0.681598 0.388227 0.622783 0.67928 0.507956 -0.0270912 0.860957 
0.516153 0.0316763 0.855911 0.50946 0.0940785 0.855336 0.50686 0.147157 0.849375 
0.490933 0.189722 0.850289 0.503153 0.219644 0.835819 0.39962 -0.132105 0.907112 
0.44209 -0.0837441 0.893053 0.479851 -0.0631492 0.875074 0.319838 -0.189888 0.928249 
0.359155 -0.157147 0.919953 0.629626 0.71209 0.310643 0.465725 0.804759 0.368053 
0.327176 0.864733 0.381042 0.91699 0.37063 0.14752 0.877072 0.450691 0.166197 
0.765082 0.607296 0.214105 0.228712 0.888819 0.397103 0.185255 0.886948 0.423088 
0.142977 0.876738 0.459226 0.112327 0.860693 0.496578 0.0381736 0.854864 0.517447 
0.0712704 0.872752 0.482933 0.00690497 0.872148 0.489193 -0.0234199 0.86196 0.506435 
-0.00782916 0.886652 0.462371 0.0168437 0.873732 0.486117 0.0824199 0.854258 0.513274 
0.159945 0.826382 0.539917 0.269941 -0.300806 0.914684 0.289469 -0.233086 0.928374 
0.271391 -0.352505 0.895593 0.267034 -0.343493 0.900392 0.849962 -0.169774 0.49874 
0.68555 -0.280816 0.671687 0.54077 -0.334642 0.77174 0.289291 -0.372021 0.881993 
0.282965 -0.354792 0.891097 0.340213 -0.393485 0.854064 0.312691 -0.40234 0.860434 
0.437751 -0.417235 0.796423 0.373368 -0.392978 0.840336 -0.296681 0.626517 -0.720733 
0.305431 0.767196 -0.564023 -0.00537987 0.714595 -0.699517 0.133826 0.781116 -0.609876 
0.363757 0.765879 -0.530198 0.56634 0.696555 -0.440534 0.794442 0.550492 -0.256555 
0.647236 0.662845 -0.37646 0.848606 0.47712 -0.228528 0.906511 0.386984 -0.168762 
0.946214 0.285335 -0.152525 0.989407 0.133492 -0.0570407 0.976282 0.176112 -0.125929 
-0.588879 0.507125 -0.629322 -0.858102 0.264759 -0.439959 -0.856278 0.271026 -0.439697 
-0.796338 0.344421 -0.497213 -0.835282 0.314356 -0.451092 0.996789 0.0555977 -0.0576239 
0.996332 0.0849738 -0.0101281 0.999214 0.0381509 0.0107515 0.994318 -0.0478079 0.0951066 
0.955227 -0.258171 0.14453 0.880112 -0.291931 0.374405 0.962536 0.25163 0.101034 
0.983768 0.160061 0.0811286 0.960378 0.255055 0.112347 0.995089 0.0863433 0.0483973 
-0.0147338 -0.862066 -0.506582 -0.0115217 -0.861996 -0.506784 0.999866 0.0137217 0.00888635 
0.038947 -0.834746 -0.549256 -0.0120867 -0.856521 -0.515971 0.998355 -0.0361737 -0.044492 
0.304452 -0.779564 -0.547348 0.475208 -0.725775 -0.497421 0.986546 -0.0832926 -0.140674 
0.604912 -0.611616 -0.509909 0.966938 -0.0924155 -0.237675 0.701488 -0.467733 -0.537718 
0.878925 -0.241852 -0.411095 0.233232 0.739577 0.63137 0.233034 0.729384 0.643191 
0.222443 0.747732 0.625633 0.311516 0.665959 0.677832 0.270996 0.697457 0.663411 
0.239665 0.751709 0.614405 0.411354 0.664857 0.623501 0.421424 0.673783 0.606974 
0.415148 0.666764 0.618933 0.382484 0.681803 0.623579 0.303084 0.730158 0.61238 
0.3136 0.721397 0.617448 0.261247 0.745802 0.612804 0.175626 0.851653 0.493804 
0.187552 0.865899 0.463728 0.25898 0.819299 0.511545 0.388231 0.713569 0.583178 
0.292103 0.804834 0.516641 0.347504 0.759156 0.550384 0.526753 0.231497 0.817888 
0.52484 0.255496 0.811951 0.532448 0.280775 0.798539 0.537521 0.303265 0.78683 
0.544907 0.326974 0.772117 0.551346 0.363079 0.751127 0.531981 0.360222 0.766313 
0.51484 0.407763 0.754101 0.506235 0.450869 0.735149 0.491047 0.483217 0.724827 
0.486785 0.582553 0.650902 0.480883 0.607539 0.632177 0.496025 0.518504 0.696501 
0.491321 0.578549 0.651064 0.498031 0.547477 0.672483 0.431948 0.637023 0.638453 
0.473432 0.626882 0.618773 0.46485 0.640195 0.611608 0.460987 0.642688 0.611918 
0.45381 0.634592 0.62558 0.457664 0.639479 0.617747 0.445063 0.609156 0.65639 
0.419095 0.606885 0.675315 0.360418 0.634148 0.684072 0.414386 0.60486 0.680021 
0.409078 0.605908 0.682298 0.506553 -0.0185351 0.86201 0.525584 0.0177049 0.850557 
0.532605 0.065115 0.843856 0.532811 0.117885 0.837983 0.528474 0.170491 0.831654 
0.523765 0.204152 0.827038 0.403173 -0.103408 0.909262 0.44468 -0.0605299 0.893642 
0.477015 -0.0416838 0.877906 0.338661 -0.167319 0.925912 0.367325 -0.130749 0.920857 
0.574113 0.781724 0.243519 0.396791 0.855611 0.332396 0.243719 0.895642 0.372058 
0.958843 0.25988 0.114379 0.940945 0.310429 0.135117 0.877747 0.451765 0.159586 
0.754893 0.630034 0.182195 0.179382 0.902814 0.390832 0.133489 0.906435 0.400694 
0.108594 0.904039 0.413427 0.107605 0.893209 0.436577 0.0878043 0.892277 0.442869 
0.0414068 0.887308 0.459314 0.0671079 0.899426 0.43189 0.0202255 0.902615 0.429973 
0.000390772 0.896979 0.442072 0.0104276 0.914291 0.404924 0.043025 0.895114 0.443756 
0.0984151 0.87988 0.464893 0.284425 -0.33732 0.897395 0.289483 -0.294955 0.910605 
0.336226 -0.282139 0.898526 0.34662 -0.223435 0.911006 0.758488 -0.366502 0.538862 
0.744659 -0.312217 0.589918 0.539306 -0.408661 0.736306 0.625417 -0.423081 0.655634 
0.302182 -0.411624 0.859797 0.295856 -0.373161 0.879329 0.298738 -0.339586 0.891873 
0.327483 -0.32695 0.886487 0.326251 -0.41955 0.847076 0.455902 -0.467353 0.757452 
0.410128 -0.480453 0.775216 0.368219 -0.454354 0.811158 -0.192739 0.681053 -0.706412 
-0.386553 0.633743 -0.670034 -0.0925492 0.756793 -0.647069 0.0789264 0.775265 -0.626685 
0.472235 0.731133 -0.492381 0.26488 0.749992 -0.606094 0.757287 0.573837 -0.311813 
0.495248 0.709418 -0.501454 0.62402 0.667277 -0.40662 0.836818 0.488099 -0.247982 
0.872391 0.422869 -0.245185 0.895214 0.369391 -0.249283 0.934846 0.279734 -0.218661 
0.987281 0.0909661 -0.130388 0.964819 0.184112 -0.187689 -0.590887 0.509585 -0.62544 
-0.847673 0.291781 -0.443074 -0.792786 0.333272 -0.510313 -0.834564 0.297532 -0.463657 
0.988699 -0.0218773 -0.148307 0.998586 0.00452773 -0.052962 0.989225 -0.137901 -0.0491702 
0.945622 -0.325115 -0.0100149 0.865174 -0.487176 0.118883 0.834068 -0.472509 0.284722 
0.732388 -0.509368 0.451833 0.980922 0.172978 0.0887181 0.99284 0.0997131 0.0657705 
0.997083 0.0633461 0.0425735 -0.000902088 -0.842354 -0.538924 0.0939264 -0.822649 -0.560738 
-0.0132516 -0.834404 -0.550995 0.00216617 -0.830726 -0.556677 -0.00575204 -0.83621 -0.548379 
0.999191 0.0374553 -0.0146542 0.218233 -0.821334 -0.527053 0.243938 -0.794453 -0.556182 
0.995512 0.0327644 -0.0887837 0.380456 -0.688064 -0.617917 0.971722 0.0372792 -0.233166 
0.552136 -0.464434 -0.692421 0.853149 -0.071055 -0.516805 0.265434 0.71293 0.649058 
0.233815 0.743414 0.626631 0.220394 0.759961 0.611462 0.312069 0.670319 0.673265 
0.229044 0.757745 0.611033 0.40666 0.688499 0.600497 0.378569 0.685461 0.621955 
0.348812 0.698417 0.624935 0.34543 0.680465 0.646256 0.247491 0.744321 0.62027 
0.297094 0.716099 0.631615 0.1156 0.898563 0.423346 0.132362 0.904402 0.405633 
0.210809 0.864431 0.456419 0.376502 0.721914 0.580591 0.289631 0.813702 0.503987 
0.318893 0.774353 0.546521 0.535975 0.194169 0.821602 0.524901 0.233654 0.818465 
0.524208 0.25809 0.811539 0.527983 0.277187 0.802746 0.534099 0.29461 0.792429 
0.535159 0.318136 0.782556 0.517162 0.354613 0.778969 0.519463 0.321854 0.791561 
0.520274 0.39076 0.759356 0.517163 0.413984 0.749106 0.522507 0.446341 0.726475 
0.518169 0.49773 0.695533 0.526028 0.478261 0.70325 0.470781 0.623168 0.624522 
0.492082 0.566739 0.660804 0.469891 0.603054 0.644615 0.511281 0.52381 0.681333 
0.45891 0.638151 0.618195 0.457412 0.628936 0.628661 0.45787 0.614447 0.642503 
0.455884 0.621658 0.636955 0.455176 0.597845 0.659846 0.43481 0.595031 0.675927 
0.451829 0.584285 0.674138 0.401654 0.601277 0.690753 0.372015 0.619226 0.691495 
0.434595 0.58212 0.687215 0.498579 -0.0047546 0.866831 0.521111 0.0191141 0.853275 
0.536615 0.0540998 0.842091 0.545335 0.0992458 0.832322 0.545146 0.148241 0.825131 
0.418363 -0.0877237 0.904034 0.454049 -0.051824 0.889468 0.473717 -0.0243847 0.880339 
0.400278 -0.190574 0.896359 0.403865 -0.128924 0.905688 0.543808 0.815467 0.198207 
0.361674 0.896826 0.254745 0.225221 0.924372 0.307916 0.143008 0.923898 0.354909 
0.971079 0.209967 0.113668 0.97053 0.215789 0.107265 0.941961 0.314109 0.118513 
0.876004 0.457834 0.151675 0.696253 0.683621 0.218848 0.818264 0.541093 0.194068 
0.09737 0.921838 0.375145 0.0951485 0.913065 0.396558 0.0873955 0.910732 0.403645 
0.0783629 0.909752 0.40769 0.0492012 0.910391 0.410814 0.0687049 0.913928 0.40002 
0.0351766 0.9238 0.381255 0.0244112 0.918699 0.394204 0.0266469 0.930523 0.365262 
0.06052 0.914028 0.401112 0.393878 -0.262031 0.881022 0.644412 -0.496552 0.581524 
0.495587 -0.495832 0.713122 0.518916 -0.564778 0.641679 0.33312 -0.425859 0.841234 
0.345312 -0.444588 0.826499 0.348137 -0.392303 0.85141 0.340704 -0.32852 0.880906 
0.354135 -0.290809 0.88883 0.426727 -0.516358 0.742482 0.388373 -0.516137 0.763393 
0.36026 -0.4796 0.800123 -0.254631 0.686223 -0.681367 -0.0088671 0.739181 -0.673449 
0.329276 0.747492 -0.576917 0.12226 0.764773 -0.632593 0.754762 0.560915 -0.340161 
0.464299 0.738336 -0.48917 0.462021 0.745092 -0.481015 0.59336 0.676983 -0.435451 
0.814872 0.480432 -0.324297 0.838336 0.429469 -0.335782 0.87614 0.365442 -0.314373 
0.931351 0.292042 -0.217478 0.963283 0.125282 -0.237465 0.936202 0.280705 -0.211495 
-0.537893 0.521705 -0.66219 -0.72666 0.388496 -0.566601 0.967676 -0.00985546 -0.252004 
0.974624 -0.126911 -0.184396 0.966158 -0.232815 -0.111068 0.927184 -0.365572 -0.0817711 
0.834549 -0.550912 0.00484935 0.725262 -0.66035 0.194764 0.745996 -0.592955 0.303141 
0.743281 -0.561623 0.363472 0.561225 -0.612665 0.556479 0.626476 -0.642621 0.441097 
0.985924 0.141575 0.0889426 0.992548 0.109843 0.0527461 0.0563157 -0.848301 -0.526511 
0.0378454 -0.842414 -0.5375 0.994765 0.101652 0.0104334 0.0640104 -0.842821 -0.534373 
0.0821939 -0.816794 -0.571044 0.0454724 -0.802032 -0.595548 0.078395 -0.78984 -0.608282 
0.990402 0.128253 -0.0515285 0.167236 -0.722498 -0.670842 0.937848 0.156464 -0.309774 
0.970143 0.209972 -0.121386 0.681394 -0.249441 -0.688099 0.367379 -0.518437 -0.772176 
0.15227 -0.653651 -0.741319 0.860091 0.00310576 -0.510132 0.26979 0.716156 0.643688 
0.235782 0.747607 0.620879 0.214979 0.760452 0.612778 0.217883 0.757499 0.615404 
0.338868 0.651857 0.678418 0.313974 0.686831 0.655502 0.21752 0.748278 0.62671 
0.340923 0.678573 0.650623 0.330275 0.726278 0.602859 0.310983 0.693321 0.650073 
0.288095 0.691693 0.66224 0.2871 0.68119 0.673464 0.246044 0.723498 0.644991 
0.214321 0.729605 0.649418 0.0762217 0.923547 0.375835 0.0856011 0.920338 0.381641 
0.14002 0.894882 0.42377 0.215218 0.838727 0.500218 0.266943 0.765801 0.585056 
0.533417 0.178546 0.826793 0.540327 0.138893 0.829913 0.529569 0.216551 0.82016 
0.526746 0.245452 0.813813 0.525677 0.27049 0.806535 0.527587 0.295794 0.79634 
0.523008 0.339673 0.781719 0.525072 0.363492 0.769528 0.525604 0.318694 0.78878 
0.52391 0.29446 0.799257 0.525463 0.391322 0.755483 0.535041 0.432853 0.725514 
0.527629 0.425425 0.73527 0.521562 0.469739 0.712263 0.459805 0.626109 0.629735 
0.450687 0.640929 0.621362 0.481493 0.570348 0.665483 0.463228 0.605524 0.647117 
0.454327 0.62767 0.632153 0.481823 0.529978 0.697832 0.451669 0.640557 0.621033 
0.451052 0.632035 0.630146 0.449649 0.598706 0.662848 0.457373 0.611288 0.645861 
0.456118 0.590242 0.666011 0.448609 0.576599 0.682849 0.415916 0.58702 0.694566 
0.399909 0.604421 0.68902 0.3689 0.641434 0.672663 0.436679 0.566614 0.698756 
0.490833 0.00675876 0.871227 0.509623 0.027025 0.859973 0.526941 0.0523422 0.848288 
0.538997 0.0894615 0.837543 0.444128 -0.0977432 0.890616 0.471076 -0.0600387 0.880047 
0.47662 -0.0193653 0.878896 0.434932 -0.170583 0.884158 0.536846 0.803039 0.258699 
0.356504 0.900589 0.248685 0.204265 0.940327 0.272142 0.11909 0.943447 0.309396 
0.078811 0.936645 0.3413 0.970625 0.219728 0.0980175 0.983123 0.163687 0.0817003 
0.913045 0.381989 0.142946 0.958027 0.266578 0.105451 0.633321 0.718774 0.286825 
0.903918 0.40743 0.130124 0.778493 0.602045 0.177458 0.0736401 0.925502 0.371516 
0.0736622 0.917742 0.390286 0.0744712 0.914703 0.397207 0.0586811 0.921331 0.384326 
0.0707187 0.915944 0.395026 0.0507483 0.927326 0.370797 0.0363139 0.932691 0.358844 
0.0410787 0.930921 0.362904 0.0355087 0.934854 0.353253 0.420764 -0.233994 0.876473 
0.434851 -0.567118 0.699487 0.478446 -0.625923 0.615881 0.42331 -0.624312 0.656539 
0.404196 -0.427695 0.808518 0.385446 -0.438056 0.81212 0.410863 -0.387138 0.825418 
0.427916 -0.339341 0.837697 0.410074 -0.281888 0.867397 0.408336 -0.547631 0.730317 
0.384495 -0.518424 0.763807 0.39734 -0.541185 0.741107 0.397741 -0.556104 0.72976 
0.385891 -0.488505 0.782592 -0.309812 0.653717 -0.690414 -0.11355 0.743389 -0.659151 
0.272188 0.784484 -0.557224 0.0472575 0.77304 -0.632594 0.674867 0.600653 -0.428685 
0.273996 0.782362 -0.559317 0.417911 0.764175 -0.491312 0.503802 0.722527 -0.473432 
0.734828 0.508241 -0.449132 0.800231 0.477336 -0.363016 0.873679 0.424738 -0.237242 
0.890553 0.420892 -0.172529 0.939486 0.142062 -0.311744 0.897705 0.336893 -0.283952 
0.864151 0.474366 -0.16799 -0.624511 0.47201 -0.622248 -0.711883 0.393796 -0.581505 
0.959206 0.0622407 -0.275771 0.964584 -0.149591 -0.217255 0.918275 -0.328571 -0.220934 
0.876598 -0.469832 -0.10409 0.805565 -0.579467 0.123624 0.755502 -0.628263 0.185747 
0.668346 -0.687761 0.283371 0.564662 -0.714581 0.412954 0.497352 -0.690494 0.525223 
0.403764 -0.672535 0.620219 0.521696 -0.680065 0.515116 0.988928 0.136974 0.0570854 
0.987782 0.152534 0.0319291 0.0433064 -0.795186 -0.604817 0.0438985 -0.789636 -0.612003 
0.0832553 -0.749598 -0.656637 0.978885 0.204347 -0.00513108 0.0668827 -0.744413 -0.664362 
0.0416132 -0.720185 -0.692533 0.945613 0.284922 -0.156955 0.929418 0.191455 -0.31548 
0.959739 0.278756 -0.0345765 0.465759 -0.534662 -0.705128 0.687375 -0.317289 -0.653332 
0.174848 -0.701891 -0.69049 0.0108833 -0.740375 -0.672106 0.00733064 -0.750056 -0.661334 
0.850908 0.0453281 -0.523355 0.27228 0.724025 0.63376 0.248542 0.738233 0.627088 
0.209599 0.751512 0.625538 0.21774 0.743397 0.632416 0.349008 0.665495 0.65978 
0.300738 0.705646 0.641577 0.208221 0.730589 0.650295 0.283238 0.723383 0.629677 
0.256955 0.685075 0.68165 0.251652 0.702653 0.665545 0.234942 0.698051 0.676408 
0.230391 0.687441 0.688727 0.207498 0.703257 0.679981 0.0508854 0.931984 0.358911 
0.0528619 0.920516 0.387113 0.0823129 0.90402 0.419491 0.121541 0.872832 0.472643 
0.148943 0.842247 0.518108 0.195293 0.801653 0.56499 0.222521 0.742068 0.632312 
0.541398 0.154923 0.82637 0.537764 0.194799 0.820282 0.538764 0.117674 0.834198 
0.529124 0.238153 0.814439 0.525861 0.266906 0.807609 0.541048 0.342175 0.768234 
0.542734 0.369144 0.754435 0.537985 0.314708 0.782004 0.542003 0.298584 0.785545 
0.539225 0.403057 0.739447 0.537292 0.422924 0.729693 0.493434 0.463573 0.73595 
0.443347 0.640606 0.626951 0.44076 0.642713 0.626618 0.454398 0.590758 0.666729 
0.444957 0.627966 0.638492 0.46276 0.536712 0.705545 0.464905 0.563692 0.682726 
0.435866 0.632375 0.640408 0.444078 0.612623 0.653825 0.445227 0.588344 0.675 
0.448723 0.566784 0.690944 0.414726 0.581485 0.699912 0.38277 0.620553 0.684398 
0.435011 0.550313 0.712686 0.425481 0.560615 0.710406 0.490306 0.00823486 0.871512 
0.501047 0.0338424 0.864758 0.515154 0.0546699 0.855352 0.528977 0.0820802 0.844657 
0.469474 -0.113546 0.875615 0.499836 -0.0853541 0.861904 0.489395 -0.0311709 0.871505 
0.466411 -0.168502 0.868371 0.440073 0.836449 0.326631 0.276928 0.906698 0.318135 
0.1661 0.93447 0.314922 0.0929111 0.947461 0.306081 0.0568931 0.940076 0.336186 
0.0486269 0.930266 0.363648 0.976989 0.193639 0.0894229 0.983705 0.165943 0.0691899 
0.975959 0.20454 0.075283 0.95453 0.287131 0.0801781 0.563678 0.789775 0.241913 
0.376361 0.861979 0.339624 0.889383 0.446998 0.0958686 0.728395 0.664787 0.16583 
0.0569371 0.920178 0.387338 0.0678969 0.912054 0.40441 0.0714719 0.907008 0.415003 
0.0607777 0.919607 0.388109 0.0630874 0.90805 0.414083 0.04773 0.925371 0.376047 
0.0395267 0.926957 0.373079 0.0394841 0.926866 0.37331 0.490798 -0.277312 0.825964 
0.487639 -0.230086 0.842181 0.401903 -0.601826 0.69013 0.406551 -0.57475 0.710196 
0.417109 -0.646882 0.638407 0.378559 -0.616905 0.690016 0.371041 -0.638333 0.674433 
0.458161 -0.391341 0.798086 0.483696 -0.379167 0.788841 0.419977 -0.474623 0.773532 
0.436328 -0.429241 0.790804 0.491629 -0.322422 0.808916 0.422417 -0.513782 0.746721 
0.410332 -0.52651 0.74459 0.391796 -0.560013 0.729987 0.38817 -0.587452 0.710088 
-0.410669 0.637008 -0.652359 -0.305386 0.675609 -0.671038 0.115054 0.807019 -0.579209 
-0.0444793 0.783837 -0.619371 0.483587 0.709535 -0.512546 0.50328 0.676896 -0.537141 
0.232424 0.820912 -0.521615 0.286096 0.795064 -0.534811 0.666318 0.595913 -0.448227 
0.74275 0.596948 -0.303276 0.796009 0.58239 -0.164901 0.776557 0.621437 -0.103804 
0.926276 0.237799 -0.292342 0.869205 0.423344 -0.255466 0.7943 0.582851 -0.171385 
0.726064 0.68403 -0.0702367 -0.722637 0.387632 -0.572309 -0.645583 0.487322 -0.587997 
-0.734854 0.37063 -0.568 0.933725 0.272872 -0.23173 0.948002 0.0500852 -0.314298 
0.939076 -0.198679 -0.28047 0.938849 -0.34053 -0.0510179 0.944097 -0.294945 0.147269 
0.850123 -0.443924 0.283237 0.689065 -0.592332 0.417531 0.762176 -0.477672 0.436941 
0.621964 -0.64573 0.442937 0.489958 -0.677808 0.548195 0.46865 -0.644162 0.604502 
0.444509 -0.615936 0.650411 0.441492 -0.674839 0.591335 0.351773 -0.670652 0.653055 
0.316481 -0.629289 0.709814 0.292473 -0.638046 0.71229 0.981137 0.187437 0.0472996 
0.969979 0.241379 0.0296005 0.935923 0.348378 -0.0517854 0.910992 0.35184 -0.21518 
0.949932 0.312185 0.0130119 0.335172 -0.662317 -0.670072 0.609668 -0.379681 -0.695807 
0.0104356 -0.764843 -0.644133 0.054803 -0.777736 -0.626198 0.695432 -0.306299 -0.650042 
0.872721 0.244986 -0.422303 0.784738 -0.149423 -0.601547 0.276465 0.70999 0.647674 
0.238037 0.72653 0.644588 0.215503 0.722091 0.657376 0.323302 0.666139 0.672112 
0.204183 0.705139 0.679035 0.219779 0.67994 0.699556 0.222276 0.682223 0.696538 
0.207109 0.698983 0.684491 0.202377 0.679736 0.704984 0.194693 0.68668 0.700403 
0.0368774 0.906025 0.421614 0.045785 0.895546 0.442607 0.06764 0.875366 0.478706 
0.0994207 0.846617 0.522835 0.137687 0.818077 0.558384 0.151835 0.778723 0.608717 
0.164598 0.729968 0.663366 0.543125 0.151846 0.825808 0.546863 0.189858 0.815411 
0.537312 0.22602 0.812534 0.532717 0.111333 0.838938 0.539984 0.262598 0.799662 
0.556278 0.332132 0.761737 0.560947 0.357725 0.746573 0.55662 0.388915 0.734111 
0.572533 0.26707 0.775164 0.571023 0.29728 0.765217 0.570081 0.329926 0.752434 
0.565953 0.376696 0.733347 0.534197 0.402617 0.743326 0.520867 0.446054 0.727828 
0.485464 0.482418 0.729107 0.436133 0.636769 0.635857 0.459628 0.592625 0.661466 
0.451314 0.61443 0.647141 0.443428 0.629844 0.637706 0.435594 0.638591 0.634397 
0.489173 0.525146 0.69637 0.472637 0.585371 0.658753 0.497558 0.554285 0.667237 
0.438481 0.610625 0.659448 0.439165 0.577909 0.687863 0.439283 0.556835 0.704957 
0.418685 0.569216 0.707598 0.402584 0.583688 0.705148 0.381855 0.59628 0.706142 
0.345419 0.623963 0.700967 0.428175 0.543102 0.722292 0.419453 0.559606 0.714773 
0.413448 0.538239 0.734411 0.500092 -0.00488281 0.865959 0.501007 0.0342215 0.864766 
0.511533 0.0591023 0.857229 0.522009 0.0784906 0.849321 0.519385 -0.141658 0.842717 
0.532332 -0.131008 0.836337 0.511235 -0.0614966 0.857238 0.531397 -0.195595 0.824233 
0.202959 0.902892 0.378938 0.10505 0.924603 0.366161 0.0482589 0.927254 0.37131 
0.0311332 0.921553 0.387003 0.036802 0.912385 0.407676 0.981022 0.18444 0.0598217 
0.975649 0.211899 0.0566413 0.955937 0.289054 0.0513095 0.534219 0.806418 0.253576 
0.335935 0.888602 0.312305 0.186504 0.907438 0.376527 0.844756 0.535 0.0127072 
0.61863 0.744085 0.252259 0.0527382 0.902066 0.428364 0.0676057 0.892549 0.445855 
0.0688412 0.885977 0.45859 0.0572506 0.889911 0.452528 0.0503292 0.911007 0.409308 
0.0494622 0.88727 0.458591 0.0404124 0.909687 0.413324 0.540571 -0.315608 0.779855 
0.549933 -0.263543 0.792539 0.353635 -0.592978 0.723408 0.328718 -0.613296 0.718201 
0.488122 -0.410004 0.770476 0.526858 -0.38139 0.75958 0.51565 -0.356446 0.779135 
0.469865 -0.467475 0.748795 0.454388 -0.487542 0.745543 0.44096 -0.488262 0.753097 
0.384007 -0.552854 0.739521 0.425707 -0.496226 0.756659 0.384435 -0.528928 0.756601 
0.372279 -0.574682 0.7288 -0.234988 0.744261 -0.625185 -0.637663 0.488121 -0.595922 
-0.456474 0.669662 -0.58582 0.0359987 0.845024 -0.533515 -0.213634 0.8238 -0.525085 
0.349167 0.773473 -0.528982 0.530532 0.694221 -0.486409 0.373428 0.778344 -0.504711 
0.241336 0.830019 -0.502818 0.0370746 0.822955 -0.566895 0.128787 0.814189 -0.566136 
0.540664 0.756916 -0.367098 0.649354 0.725277 -0.22872 0.639011 0.761812 -0.106337 
0.599393 0.800122 -0.0230742 0.836712 0.519603 -0.17299 0.643507 0.765405 -0.00727959 
0.688072 0.721851 -0.0740799 0.5299 0.847355 0.0345638 -0.726709 0.399019 -0.559176 
-0.720599 0.411365 -0.558136 0.880453 0.436229 -0.185759 0.927454 0.197267 -0.31767 
0.984709 0.00743364 -0.174047 0.998748 0.0448746 0.0221028 0.83424 -0.204875 0.511928 
0.969223 0.0506814 0.240913 0.664645 -0.444002 0.600924 0.566082 -0.513392 0.644965 
0.576529 -0.37462 0.726136 0.692302 -0.178499 0.699183 0.368754 -0.611809 0.699793 
0.40626 -0.551625 0.728466 0.508818 -0.386738 0.769115 0.252964 -0.572733 0.779735 
0.227556 -0.572676 0.787566 0.26496 -0.561776 0.783712 0.977254 0.206015 0.0503206 
0.964304 0.262132 0.0374862 0.924534 0.3811 -0.000318976 0.911362 0.407537 -0.057728 
0.899852 0.379539 -0.214982 0.895893 0.439195 -0.0669551 0.944045 0.329042 0.0225774 
0.428629 -0.598018 -0.677238 0.121248 -0.763687 -0.634098 0.0242803 -0.783385 -0.621063 
0.0240433 -0.78644 -0.617198 0.0336825 -0.788177 -0.614527 0.914467 0.190145 -0.357203 
0.875276 -0.100692 -0.473025 0.66398 -0.353154 -0.659101 0.255844 0.68805 0.679067 
0.223646 0.708767 0.669052 0.20656 0.697729 0.685935 0.323468 0.641553 0.695542 
0.289665 0.653917 0.698918 0.190324 0.680612 0.707491 0.196897 0.67312 0.71284 
0.196439 0.679433 0.706953 0.172482 0.69177 0.701216 0.189402 0.671472 0.716416 
0.181024 0.664649 0.724895 0.177254 0.66757 0.72314 0.0315239 0.879144 0.475512 
0.0258445 0.871337 0.490003 0.0311885 0.857423 0.513666 0.0499723 0.835652 0.546982 
0.0879526 0.800255 0.593174 0.110175 0.751058 0.650979 0.133191 0.714174 0.687179 
0.548286 0.144839 0.823653 0.56208 0.178632 0.807562 0.571547 0.211188 0.792927 
0.568023 0.23637 0.78834 0.540824 0.119751 0.832568 0.525461 0.0878976 0.846265 
0.57785 0.349118 0.737703 0.602844 0.241163 0.760539 0.608022 0.271016 0.74623 
0.598532 0.312211 0.737756 0.606366 0.333056 0.722076 0.587336 0.361801 0.723973 
0.594128 0.34598 0.726161 0.581008 0.383284 0.717999 0.558108 0.397268 0.728488 
0.561518 0.439442 0.701134 0.534791 0.497388 0.683084 0.565009 0.476064 0.67389 
0.432289 0.637234 0.638012 0.433163 0.6277 0.64681 0.45038 0.620938 0.641556 
0.4346 0.62802 0.645534 0.5001 0.564977 0.656278 0.475501 0.594647 0.648301 
0.544559 0.51841 0.659323 0.434065 0.608744 0.664093 0.434683 0.585785 0.684038 
0.42831 0.559708 0.709421 0.394498 0.566972 0.723128 0.358483 0.585603 0.72702 
0.326579 0.60768 0.723928 0.311785 0.632789 0.708779 0.417925 0.53487 0.734338 
0.403459 0.520764 0.752346 0.366975 0.53468 0.761214 0.519416 -0.0328143 0.853891 
0.511118 0.0230868 0.859201 0.515115 0.0614156 0.854918 0.561761 -0.209169 0.80042 
0.55217 -0.173963 0.81538 0.535114 -0.100896 0.838733 0.0839815 0.905524 0.415901 
0.029126 0.901082 0.432669 0.0203879 0.893405 0.448789 0.0324403 0.882843 0.468546 
0.979942 0.193924 0.0459032 0.976236 0.210735 0.0505313 0.950247 0.302082 0.0760056 
0.971581 0.221971 0.0822109 0.4281 0.824438 0.370179 0.267945 0.871653 0.410399 
0.149732 0.900926 0.407323 0.0714235 0.890017 0.450298 0.513353 0.782454 0.352468 
0.636851 0.76977 -0.0433004 0.959982 0.269767 0.0752342 0.953446 0.224506 0.201339 
0.450574 0.772963 0.446667 0.0495549 0.870885 0.488983 0.0610666 0.859532 0.50742 
0.0552926 0.861578 0.504605 0.0455951 0.854794 0.516961 0.0419755 0.883999 0.4656 
0.0392486 0.849106 0.526763 0.557422 -0.325795 0.763635 0.581975 -0.303398 0.75449 
0.568564 -0.276139 0.774908 0.346144 -0.569125 0.745843 0.296031 -0.561765 0.772519 
0.518987 -0.420763 0.744051 0.552684 -0.359276 0.751972 0.572064 -0.371089 0.731462 
0.549114 -0.392996 0.737582 0.506156 -0.441093 0.741109 0.482577 -0.450826 0.750916 
0.455592 -0.477053 0.75157 0.361802 -0.554915 0.749112 0.460649 -0.451512 0.764159 
0.373581 -0.453635 0.809106 0.317221 -0.524736 0.789951 -0.688624 0.44045 -0.576022 
-0.683903 0.456933 -0.568761 -0.653372 0.544122 -0.526343 -0.476631 0.738335 -0.477163 
-0.638962 0.57205 -0.514282 -0.220793 0.818334 -0.530641 0.193244 0.832042 -0.519965 
0.335823 0.836635 -0.432742 -0.0270661 0.860169 -0.509291 0.048011 0.856809 -0.513393 
0.010562 0.861259 -0.508056 -0.091419 0.841847 -0.531918 0.500997 0.830298 -0.244147 
0.517935 0.855247 -0.0171825 0.374849 0.921483 0.101768 0.791348 0.607339 -0.0700606 
0.484445 0.867577 0.112348 0.442704 0.889197 0.115509 0.654767 0.75549 0.0226918 
0.271476 0.951632 0.143866 0.927097 0.358195 -0.110395 0.780292 0.624624 0.0314504 
0.837386 0.54655 0.00824147 0.910345 0.397776 0.114221 0.841754 0.0673912 0.535639 
0.712075 0.127701 0.690393 0.83962 0.358145 0.408375 0.606454 -0.0838151 0.790689 
0.445783 -0.455139 0.770796 0.585169 -0.165934 0.793752 0.198086 -0.494544 0.846279 
0.135716 -0.481721 0.865752 0.104054 -0.479162 0.871537 0.239226 -0.486703 0.840173 
0.0818713 -0.426757 0.900653 0.974276 0.222148 0.0378969 0.961834 0.272713 0.0224147 
0.919254 0.393487 0.0118088 0.902799 0.430025 -0.00579282 0.931839 0.337913 -0.132256 
0.922463 0.382171 -0.0548308 0.895066 0.445872 -0.00743674 0.941269 0.337532 0.00924118 
0.314959 -0.663694 -0.678463 0.129125 -0.770972 -0.623641 0.0364096 -0.808323 -0.587612 
0.0279715 -0.815678 -0.577829 0.944775 0.165369 -0.282936 0.345777 -0.679653 -0.646924 
0.821155 -0.126332 -0.556547 0.527787 -0.559516 -0.639048 0.259994 0.658355 0.706379 
0.208701 0.68585 0.697176 0.225637 0.655239 0.720937 0.191936 0.674858 0.71255 
0.282111 0.630136 0.723424 0.250805 0.637832 0.728194 0.173974 0.656614 0.733888 
0.178504 0.672943 0.717833 0.167556 0.680255 0.713567 0.152782 0.69288 0.704681 
0.162274 0.656713 0.736475 0.16068 0.669757 0.724988 0.028851 0.843222 0.536791 
0.0166924 0.835998 0.548479 0.0100503 0.82628 0.56317 0.0136532 0.811984 0.58352 
0.0294466 0.790647 0.611564 0.0570822 0.761158 0.64605 0.0882225 0.729756 0.677992 
0.12279 0.706832 0.696643 0.566731 0.145747 0.810909 0.573308 0.173206 0.800823 
0.589978 0.211446 0.779241 0.548144 0.11171 0.82889 0.540304 0.088091 0.836846 
0.61308 0.24666 0.750528 0.626214 0.274328 0.729795 0.624888 0.300067 0.720746 
0.629701 0.309151 0.712672 0.621788 0.328923 0.710766 0.610948 0.344179 0.71294 
0.608154 0.363454 0.705726 0.602791 0.387179 0.697665 0.59705 0.420992 0.682859 
0.60143 0.413136 0.683813 0.582816 0.46461 0.666681 0.424844 0.610413 0.668508 
0.458899 0.615082 0.64116 0.451322 0.62339 0.638508 0.446785 0.617079 0.647762 
0.441787 0.600603 0.666409 0.516087 0.555672 0.65183 0.496994 0.584296 0.641557 
0.475517 0.607544 0.636218 0.549583 0.513213 0.65922 0.429307 0.578037 0.693952 
0.424308 0.542842 0.724766 0.312084 0.572534 0.758161 0.291131 0.610291 0.736741 
0.407985 0.519197 0.750988 0.383212 0.497186 0.778431 0.341726 0.485765 0.804522 
0.312149 0.526974 0.790482 0.54775 -0.0685602 0.833828 0.532508 -0.00211729 0.846422 
0.530526 0.054063 0.845943 0.580334 -0.261319 0.771314 0.582186 -0.236539 0.777887 
0.575661 -0.202305 0.792267 0.562523 -0.138598 0.815082 0.0259739 0.877787 0.478346 
0.00853259 0.866211 0.499606 0.0124472 0.855 0.518478 0.0268164 0.842565 0.537927 
0.978223 0.201194 0.0509968 0.973816 0.224941 0.0329122 0.971232 0.22736 0.0708239 
0.946547 0.274152 0.169969 0.298757 0.799919 0.520455 0.163236 0.841794 0.514526 
0.0720124 0.847481 0.525918 0.0227295 0.84401 0.535846 0.736521 0.584892 0.339763 
0.79305 0.331029 0.511362 0.734864 0.472962 0.486088 0.506729 0.688141 0.519315 
0.836803 0.408525 0.364511 0.314416 0.764656 0.562534 0.0391785 0.829963 0.556441 
0.0443549 0.822063 0.567666 0.0381571 0.809793 0.585474 0.0272067 0.802782 0.595652 
0.586724 -0.344604 0.732805 0.590202 -0.319281 0.741432 0.589807 -0.292724 0.752622 
0.60405 -0.30954 0.734376 0.604688 -0.321709 0.728598 0.229053 -0.497182 0.836866 
0.595296 -0.347537 0.724459 0.578444 -0.358733 0.732607 0.525292 -0.412536 0.744233 
0.545088 -0.369746 0.75244 0.501802 -0.401545 0.76613 0.435508 -0.36471 0.822994 
0.215368 -0.424095 0.879636 0.286729 -0.323884 0.901602 -0.633251 0.588208 -0.502996 
-0.598552 0.658087 -0.456789 -0.542952 0.697525 -0.467613 -0.314903 0.799404 -0.511654 
0.430576 0.825057 -0.365904 -0.284689 0.849778 -0.443654 -0.223876 0.89433 -0.387367 
-0.281546 0.839927 -0.463956 0.133538 0.858985 -0.49428 -0.244613 0.846481 -0.472901 
-0.434716 0.838024 -0.329755 0.463482 0.879697 -0.106386 0.392582 0.907259 0.150865 
0.215691 0.931485 0.292938 0.0745434 0.968732 0.236645 0.553432 0.823593 0.124125 
0.329774 0.922406 0.201037 0.293619 0.923989 0.245014 0.167085 0.950239 0.262922 
0.202446 0.955904 0.21275 0.0103883 0.965027 0.261944 0.73078 0.670435 0.128369 
0.842213 0.435985 0.317167 0.708279 0.136837 0.692544 0.557041 0.181184 0.81048 
0.498852 -0.197319 0.843926 0.329385 -0.321395 0.887813 0.48301 0.0999646 0.86989 
0.143939 -0.428354 0.892073 0.0546845 -0.361745 0.930672 -0.0500437 -0.308207 0.950002 
-0.0520572 -0.287362 0.956406 0.102435 -0.227063 0.968478 -0.0525588 -0.122806 0.991038 
0.958469 0.285017 0.0101116 0.916608 0.399762 -0.00456831 0.898506 0.438941 0.00421461 
0.909508 0.415651 -0.00533586 0.940231 0.339141 -0.0307998 0.89256 0.450926 -0.00138563 
0.936616 0.350139 -0.0123857 0.127992 -0.816806 -0.562536 0.0112194 -0.84476 -0.535028 
0.00515606 -0.856436 -0.516228 0.954468 0.191602 -0.228646 0.320474 -0.812265 -0.487362 
0.86046 -0.322449 -0.394506 0.595064 -0.619854 -0.511548 0.187439 0.657976 0.729339 
0.212828 0.621596 0.753872 0.18309 0.628424 0.756017 0.251375 0.614526 0.747775 
0.221334 0.614498 0.757234 0.165847 0.636335 0.753374 0.152281 0.643038 0.750541 
0.157161 0.68609 0.710339 0.165079 0.688519 0.70618 0.154291 0.695706 0.701561 
0.142588 0.658714 0.738759 0.139774 0.678473 0.721206 0.0136322 0.796198 0.604883 
0.00147895 0.789418 0.613854 -0.00397973 0.781388 0.624032 0.000631431 0.770601 0.637317 
0.0174988 0.755563 0.654843 0.0466401 0.736875 0.674418 0.0855239 0.718878 0.689855 
0.128589 0.705842 0.6966 0.568207 0.122064 0.813782 0.58527 0.159282 0.79504 
0.591498 0.186082 0.78454 0.605773 0.221681 0.764132 0.559759 0.0814532 0.824642 
0.623145 0.239828 0.744428 0.628375 0.264945 0.731403 0.63271 0.282773 0.720914 
0.633587 0.299113 0.713512 0.633024 0.313017 0.708026 0.630717 0.322214 0.705956 
0.622773 0.346669 0.701409 0.626649 0.331136 0.70545 0.61187 0.379292 0.694084 
0.588664 0.430519 0.684199 0.559795 0.484068 0.672538 0.469259 0.609395 0.639088 
0.455486 0.609666 0.648722 0.452496 0.585524 0.672614 0.439743 0.563087 0.699685 
0.520025 0.557534 0.647093 0.496528 0.589138 0.637477 0.548131 0.519074 0.655831 
0.421485 0.529393 0.73627 0.410911 0.514268 0.752782 0.294302 0.555872 0.777427 
0.267243 0.579596 0.769837 0.402451 0.494991 0.770076 0.364611 0.454297 0.812818 
0.334308 0.460423 0.822344 0.317902 0.494852 0.80874 0.28628 0.525788 0.800993 
0.575977 -0.112653 0.809667 0.56357 -0.0307453 0.825496 0.554321 0.0318178 0.831695 
0.603046 -0.291593 0.742502 0.599453 -0.265868 0.754964 0.597937 -0.246404 0.762729 
0.607412 -0.277607 0.744302 0.591524 -0.186394 0.784447 -0.00119363 0.834026 0.551724 
-0.00480445 0.822146 0.569257 0.00517452 0.809982 0.586431 0.0183311 0.797754 0.602705 
0.963705 0.264419 0.0368062 0.951475 0.287239 0.110402 0.905194 0.358048 0.228968 
0.148834 0.794979 0.588096 0.0433167 0.806473 0.589683 -0.0030696 0.801997 0.59732 
0.630017 0.57721 0.519526 0.406496 0.725551 0.555281 0.629711 0.606071 0.485945 
0.781365 0.518629 0.34712 0.199636 0.7836 0.588316 0.0271454 0.787206 0.616093 
0.0315557 0.776862 0.628879 0.0252648 0.767146 0.640975 0.0133001 0.760238 0.649508 
0.608966 -0.302422 0.733281 0.605533 -0.313976 0.731265 0.590198 -0.325513 0.73872 
0.129014 -0.422181 0.897284 0.559225 -0.334412 0.758575 0.508251 -0.357989 0.783278 
0.529149 -0.329408 0.78198 0.353034 -0.235982 0.905361 0.472893 -0.291259 0.831589 
0.0530149 -0.333332 0.941318 0.109628 -0.268624 0.956986 0.182878 -0.163955 0.969368 
-0.582234 0.670195 -0.460263 -0.469673 0.777068 -0.419014 -0.566273 0.684844 -0.45861 
-0.576901 0.690137 -0.436917 0.273601 0.920691 -0.278335 -0.492459 0.816323 -0.301829 
-0.552304 0.775173 -0.306704 -0.118064 0.949621 -0.29031 -0.499269 0.836921 -0.224262 
-0.607448 0.784044 -0.127598 -0.637721 0.768839 -0.0468941 0.126959 0.991907 0.0017239 
0.101076 0.952454 0.287428 -0.181218 0.888909 0.420716 -0.208084 0.926847 0.3125 
-0.155646 0.941555 0.298744 0.574832 0.757911 0.308446 0.319278 0.896228 0.307955 
0.12663 0.9317 0.340442 0.0309017 0.953228 0.300668 -0.103952 0.944205 0.312522 
-0.0332993 0.943884 0.328594 -0.195737 0.921918 0.334297 0.735701 0.569976 0.365884 
0.781862 0.290942 0.551403 0.630816 0.417338 0.654141 0.444207 0.462484 0.767326 
0.362283 0.392109 0.845578 0.243492 0.589576 0.770138 0.271438 0.00206952 0.962454 
0.189892 0.319003 0.928536 0.0305666 -0.330848 0.943189 -0.101608 -0.189922 0.976527 
-0.0863411 -0.208661 0.974169 -0.201573 -0.116215 0.972555 -0.245914 -0.000317486 0.969292 
-0.191157 0.0146989 0.981449 0.023455 0.132196 0.990946 -0.138217 0.229503 0.963444 
0.947794 0.318884 0.000386088 0.912279 0.408211 -0.0333178 0.897028 0.441619 -0.0176983 
0.909639 0.415378 -0.00434708 0.947012 0.321186 0.00292941 0.992871 0.118221 0.0152115 
0.999565 0.0290267 0.00527403 0.892482 0.450201 -0.028198 0.926283 0.375474 -0.0319111 
0.107626 -0.868961 -0.483036 -0.0127957 -0.869761 -0.493307 -0.0087067 -0.878575 -0.477525 
0.958247 -0.24614 -0.145525 0.444466 -0.830001 -0.336969 0.64751 -0.710668 -0.275103 
0.196023 -0.893827 -0.403297 0.198285 0.604569 0.771478 0.182611 0.600533 0.778468 
0.157606 0.619781 0.768786 0.163395 0.60518 0.77914 0.220206 0.592729 0.774714 
0.197736 0.601007 0.774398 0.148083 0.628574 0.763523 0.13128 0.641328 0.755953 
0.140944 0.690217 0.709743 0.166625 0.696323 0.69812 0.142728 0.700325 0.699409 
0.159478 0.699317 0.696795 0.123743 0.669513 0.732421 0.12614 0.690074 0.712662 
0.000328749 0.755087 0.655624 -0.00936691 0.750925 0.660322 -0.011696 0.746581 0.665191 
-0.00367895 0.740973 0.671525 0.0171597 0.733427 0.679552 0.0518621 0.724237 0.687598 
0.0972236 0.714128 0.693231 0.141594 0.704301 0.695637 0.585015 0.118235 0.802358 
0.594441 0.154683 0.789122 0.608691 0.187277 0.770988 0.614498 0.210674 0.760269 
0.587248 0.0783974 0.805601 0.582139 0.023459 0.812751 0.621429 0.220402 0.75183 
0.626378 0.252728 0.737414 0.629711 0.273294 0.727169 0.634099 0.288957 0.717233 
0.633684 0.30536 0.710775 0.631821 0.315858 0.707839 0.616514 0.347209 0.706652 
0.612812 0.323086 0.721163 0.604696 0.366122 0.707317 0.588034 0.398556 0.703824 
0.562031 0.441988 0.699119 0.54009 0.475616 0.694329 0.5334 0.536104 0.654276 
0.522269 0.511195 0.682579 0.473974 0.586008 0.657224 0.447023 0.560169 0.69741 
0.429207 0.532505 0.729534 0.534237 0.547559 0.644027 0.518248 0.569566 0.637976 
0.505212 0.580483 0.638593 0.49296 0.58282 0.645997 0.240226 0.548258 0.801065 
0.43284 0.51453 0.740209 0.40095 0.450703 0.797563 0.365912 0.420226 0.830373 
0.348007 0.43937 0.828158 0.313634 0.461154 0.830043 0.262553 0.487484 0.832721 
0.609271 -0.181872 0.771823 0.604602 -0.123406 0.78691 0.589554 -0.0469409 0.806364 
0.610239 -0.232084 0.75746 0.609725 -0.270295 0.745101 0.599409 -0.295843 0.743765 
-0.0179802 0.791489 0.610918 -0.0136857 0.779964 0.625675 -0.000821654 0.768893 0.639377 
0.0117419 0.758971 0.651019 0.94262 0.329067 0.05641 0.902614 0.395098 0.170839 
0.0735819 0.790956 0.607433 0.00455051 0.783648 0.621189 -0.0258693 0.772437 0.634565 
0.42396 0.729582 0.536626 0.239781 0.786403 0.569277 0.521326 0.700607 0.487205 
0.820468 0.526669 0.222379 0.650413 0.656892 0.381387 0.101361 0.793389 0.600217 
0.0198586 0.750391 0.660696 0.0203545 0.742553 0.669478 0.0127823 0.735963 0.676901 
0.0017049 0.731129 0.682237 0.587483 -0.308393 0.748169 0.551821 -0.30236 0.77722 
0.572165 -0.299559 0.763473 0.528726 -0.307517 0.791127 0.266644 -0.0912072 0.95947 
0.404728 -0.177791 0.896987 0.495407 -0.256506 0.829926 -0.0594632 -0.191324 0.979724 
-0.0808621 -0.214793 0.973306 -0.0493237 -0.0650041 0.996665 0.0472552 0.0428565 0.997963 
-0.57309 0.721039 -0.389449 -0.607601 0.763867 -0.217552 -0.582143 0.766497 -0.271279 
-0.583652 0.744696 -0.323694 -0.575998 0.76067 -0.299344 -0.302191 0.951429 -0.0588577 
-0.571617 0.818729 0.0541953 -0.629401 0.761185 -0.15637 -0.634173 0.773073 0.013525 
-0.632365 0.767487 -0.105254 -0.640811 0.765826 0.0535906 -0.546752 0.800826 0.244417 
-0.212908 0.957484 0.194666 -0.438084 0.848142 0.297889 -0.445871 0.854645 0.266046 
-0.358119 0.882446 0.305024 -0.298376 0.887965 0.349986 0.485769 0.711359 0.507934 
0.249755 0.767958 0.589799 0.1006 0.849636 0.517685 -0.0497125 0.89558 0.442114 
-0.29478 0.903992 0.309681 -0.21021 0.917217 0.338416 -0.421424 0.850727 0.31411 
0.0785016 0.591482 0.802488 0.0126059 0.765749 0.643016 -0.047329 0.463349 0.884911 
-0.217772 -0.0293829 0.975557 -0.201903 -0.0698949 0.976908 -0.335649 0.166606 0.927136 
-0.381544 0.339088 0.859909 -0.310847 0.207581 0.927515 -0.289468 0.310234 0.905518 
-0.194384 0.529222 0.825917 0.927815 0.37302 0.00395084 0.904828 0.422056 -0.0561638 
0.894569 0.444091 -0.0503059 0.907323 0.418518 -0.0400872 0.948847 0.31491 -0.0228302 
0.927286 -0.374133 0.0128404 0.776463 -0.604182 -0.17908 0.938691 -0.274274 -0.208883 
0.983882 0.135853 -0.116279 0.890618 0.450628 -0.0611009 0.909415 0.414186 -0.037613 
0.0156875 -0.90758 -0.419587 0.0262945 -0.914041 -0.404769 0.345138 -0.869496 -0.353352 
0.0652244 -0.924639 -0.375219 0.0711966 -0.925034 -0.373153 0.183373 0.592685 0.784283 
0.176753 0.588853 0.788676 0.169276 0.59174 0.788155 0.142289 0.614634 0.775873 
0.15668 0.598923 0.78533 0.2184 0.558664 0.800123 0.194946 0.587075 0.785709 
0.126614 0.63283 0.763868 0.11511 0.661449 0.741104 0.15457 0.703994 0.693182 
0.167448 0.692811 0.701408 0.155896 0.70161 0.695298 0.118298 0.705635 0.69863 
0.132289 0.70883 0.692863 0.112522 0.688132 0.716807 -0.00873939 0.727747 0.68579 
-0.0146611 0.725558 0.688005 -0.0124465 0.724109 0.689573 0.000803647 0.72279 0.691068 
0.0276339 0.720735 0.692659 0.0670483 0.716274 0.69459 0.112474 0.707881 0.697319 
0.145483 0.697754 0.701409 0.615654 0.0953394 0.782228 0.606026 0.142679 0.782544 
0.610651 0.183285 0.770398 0.615722 0.0441935 0.786723 0.625293 -0.0122929 0.780293 
0.609146 0.214322 0.763549 0.613624 0.250296 0.748877 0.627379 0.268109 0.731104 
0.628842 0.28299 0.724206 0.629505 0.292278 0.719928 0.62448 0.29954 0.721318 
0.620716 0.311571 0.719468 0.598542 0.34959 0.720787 0.58626 0.313025 0.747204 
0.595634 0.31449 0.739133 0.568884 0.326367 0.754888 0.591922 0.369901 0.716102 
0.558073 0.398217 0.727995 0.527369 0.455474 0.717234 0.504122 0.488016 0.712531 
0.507267 0.538658 0.672702 0.504366 0.564528 0.653393 0.49442 0.556839 0.667442 
0.472867 0.531977 0.702423 0.481892 0.570295 0.66524 0.465822 0.55068 0.692649 
0.474634 0.562813 0.67673 0.242577 0.522866 0.817171 0.448003 0.530521 0.719612 
0.42956 0.476229 0.767258 0.3977 0.416283 0.817645 0.379298 0.405151 0.831857 
0.336053 0.397216 0.853983 0.288025 0.426781 0.857263 0.265727 0.473545 0.839729 
0.613982 -0.223379 0.757052 0.636077 -0.154414 0.756018 0.631985 -0.0799365 0.770847 
0.595859 -0.269606 0.756482 0.571301 -0.292281 0.766933 0.582952 -0.28184 0.762058 
-0.0297227 0.760791 0.648317 -0.0189376 0.750316 0.660808 -0.00375366 0.741528 0.670911 
0.00899756 0.734976 0.678033 0.902462 0.420517 0.0934197 0.0162645 0.78459 0.619802 
-0.0287983 0.771301 0.635819 -0.0433728 0.758152 0.650634 0.309815 0.762354 0.568182 
0.139572 0.798234 0.585954 0.449782 0.773842 0.445943 0.238143 0.8164 0.526097 
0.742031 0.61124 0.275275 0.843355 0.51437 0.155488 0.51682 0.712585 0.474468 
0.608398 0.675755 0.416182 0.43118 0.726543 0.534994 0.0329895 0.796517 0.603715 
0.0147257 0.730214 0.68306 0.0118074 0.726206 0.687375 0.00283949 0.722244 0.691632 
-0.00761687 0.717922 0.696082 0.56011 -0.29385 0.774551 0.534981 -0.274468 0.799039 
0.166757 0.0385435 0.985244 0.286703 -0.0559088 0.956387 0.355274 -0.113762 0.927814 
0.428805 -0.191662 0.882832 0.4759 -0.227803 0.849485 -0.215481 -0.0474602 0.975354 
-0.211018 -0.0836256 0.973898 -0.30051 0.135506 0.944104 -0.119971 0.0848094 0.989148 
0.0252728 0.189176 0.981618 -0.208538 0.2718 0.939487 -0.631769 0.770427 0.0854956 
-0.591722 0.780504 0.201688 -0.582467 0.786592 0.204953 -0.514332 0.808474 0.286064 
-0.215678 0.874479 0.434476 -0.150625 0.810197 0.566474 -0.42197 0.858669 0.29091 
-0.372207 0.872554 0.316404 -0.330877 0.864402 0.37859 -0.530409 0.802898 0.27207 
-0.496859 0.823029 0.275235 -0.486561 0.832879 0.263763 -0.144016 0.695776 0.703673 
-0.322857 0.132879 0.937073 -0.327452 0.0391753 0.944055 -0.428969 0.432965 0.792797 
-0.472011 0.637733 0.608688 -0.368096 0.492451 0.788668 -0.391409 0.338988 0.855504 
-0.334169 0.543454 0.770058 -0.285982 0.718802 0.633671 0.891617 0.45194 0.0277502 
0.900086 0.431958 -0.0570719 0.891746 0.44779 -0.0653772 0.900787 0.428484 -0.0706025 
0.933605 0.351979 -0.0670228 0.575647 -0.679401 -0.455021 0.92633 -0.173662 -0.334296 
0.977543 0.100607 -0.185173 0.952304 0.289067 -0.0977642 0.886426 0.456791 -0.0747753 
0.89603 0.442931 -0.0306981 0.0776647 -0.918547 -0.387608 0.135013 -0.894086 -0.427063 
0.189329 0.586092 0.787814 0.185026 0.585994 0.788909 0.179128 0.5894 0.787732 
0.171987 0.594439 0.785534 0.14371 0.613066 0.776851 0.249076 0.503562 0.827276 
0.220353 0.541592 0.811248 0.20159 0.572948 0.794413 0.124562 0.651054 0.748741 
0.114103 0.682839 0.721604 0.166699 0.686673 0.707595 0.145922 0.680991 0.717606 
0.155667 0.664693 0.73072 0.123872 0.706553 0.696735 0.141237 0.687837 0.711992 
0.107106 0.704888 0.701186 0.109537 0.713303 0.692243 -0.0152702 0.713644 0.700342 
-0.0162355 0.710578 0.703431 -0.00780291 0.709409 0.704754 0.0124311 0.709666 0.704428 
0.0446931 0.709199 0.70359 0.0854223 0.704661 0.704383 0.124763 0.694858 0.708242 
0.629864 0.023142 0.776361 0.617496 0.0844378 0.782029 0.610949 0.140186 0.779159 
0.607205 0.182148 0.773385 0.638824 -0.0713208 0.76604 0.603003 0.194206 0.773738 
0.595008 0.228684 0.770499 0.599362 0.252123 0.759736 0.616577 0.2762 0.737256 
0.597633 0.270195 0.75487 0.618658 0.290291 0.730064 0.597575 0.303387 0.7422 
0.574514 0.360245 0.734954 0.560321 0.313595 0.766615 0.546593 0.311575 0.777276 
0.559315 0.307536 0.769798 0.531879 0.303885 0.790417 0.529478 0.359523 0.768373 
0.507852 0.314914 0.80182 0.483592 0.417808 0.769139 0.488313 0.46921 0.735793 
0.475646 0.481051 0.736445 0.448456 0.501643 0.739758 0.485791 0.557317 0.673354 
0.469687 0.549907 0.690649 0.4529 0.55486 0.697862 0.417051 0.527657 0.740031 
0.401608 0.544207 0.73658 0.423129 0.543174 0.725206 0.413121 0.519581 0.747909 
0.401333 0.455268 0.794772 0.394974 0.412556 0.820849 0.353054 0.367913 0.860228 
0.325476 0.356096 0.875934 0.302009 0.375919 0.876057 0.277423 0.436592 0.855818 
0.589012 -0.242685 0.770823 0.602204 -0.202606 0.772205 0.617548 -0.155094 0.77109 
0.576979 -0.26764 0.771663 0.527218 -0.26629 0.806927 0.554877 -0.267608 0.787716 
-0.0371489 0.746579 0.664258 -0.0202124 0.73755 0.67499 -0.0019583 0.73244 0.680829 
0.00994921 0.730463 0.68288 -0.0269639 0.783969 0.620214 -0.0535739 0.77002 0.635767 
-0.056397 0.75698 0.651 0.0602796 0.813342 0.578654 0.327742 0.782158 0.529918 
0.172258 0.817773 0.549159 0.0589195 0.830947 0.553222 0.750334 0.602054 0.273001 
0.854596 0.508634 0.104675 0.796393 0.549853 0.251834 0.686318 0.62544 0.371204 
0.459958 0.710634 0.53239 0.57064 0.606459 0.553695 0.459943 0.661028 0.59287 
0.218295 0.759955 0.612221 0.313309 0.678145 0.664798 0.20323 0.747821 0.632029 
-0.0218366 0.797708 0.602648 0.0114811 0.729274 0.684125 0.00401394 0.726649 0.686997 
-0.0078775 0.721254 0.692626 -0.0184241 0.713196 0.700722 0.0307645 0.152298 0.987856 
0.136862 0.0409609 0.989743 0.224001 -0.0370597 0.973884 0.315947 -0.121598 0.940952 
0.358848 -0.151246 0.921061 0.399024 -0.177048 0.899686 0.456241 -0.226559 0.860532 
-0.38853 0.0631108 0.919272 -0.577722 0.294553 0.761234 -0.483378 0.383465 0.786956 
-0.113913 0.290943 0.949935 -0.455815 0.462743 0.76033 -0.303512 0.421416 0.854569 
-0.577401 0.786648 0.218615 -0.306638 0.801025 0.514133 -0.490008 0.832906 0.257217 
-0.468969 0.838937 0.27614 -0.406175 0.838018 0.364345 -0.500346 0.336624 0.797708 
-0.441783 0.205195 0.87334 -0.500383 0.158012 0.851263 -0.404988 0.648383 0.644658 
-0.471507 0.776097 0.418754 -0.442324 0.723794 0.529596 -0.485689 0.7809 0.392812 
-0.472742 0.795468 0.379137 -0.435881 0.721301 0.538269 -0.42887 0.57496 0.696772 
-0.527855 0.490236 0.693568 -0.376456 0.802038 0.463699 0.883459 0.467769 0.026302 
0.893732 0.447248 -0.0348092 0.88375 0.465866 -0.0442126 0.897038 0.435442 -0.075582 
0.91968 0.385929 -0.0724444 0.7591 -0.465781 -0.45477 0.382424 -0.770932 -0.509329 
0.151194 -0.861619 -0.484513 0.946982 -0.18815 -0.260433 0.980083 0.179238 -0.0855109 
0.990354 -0.0425302 -0.131871 0.949696 0.307035 -0.0616948 0.887805 0.455773 -0.0638216 
0.10923 -0.898627 -0.424899 0.107318 -0.897062 -0.428676 0.0934381 -0.877465 -0.470452 
0.200593 0.5806 0.789092 0.196688 0.58529 0.786607 0.190578 0.58937 0.785063 
0.191906 0.595116 0.78039 0.166938 0.611094 0.773754 0.188338 0.607499 0.77167 
0.145038 0.6387 0.755663 0.265079 0.44901 0.853301 0.233292 0.505041 0.830968 
0.214337 0.557064 0.802334 0.134217 0.67 0.730127 0.112065 0.696776 0.70848 
0.124143 0.671667 0.730378 0.123176 0.638759 0.759483 0.122652 0.654984 0.745622 
0.122625 0.611523 0.781667 0.0963551 0.704893 0.702739 0.103864 0.68588 0.720264 
0.0996111 0.709146 0.69799 -0.0221077 0.704652 0.709209 -0.0160514 0.698426 0.715502 
0.000692096 0.69567 0.718361 0.0280199 0.694951 0.718511 0.0623393 0.692295 0.718917 
0.097535 0.682552 0.724299 0.611351 -0.0240505 0.790994 0.611931 0.0492339 0.789377 
0.610425 0.111344 0.784209 0.607832 0.15875 0.778035 0.607118 -0.102134 0.788021 
0.585783 0.152548 0.795982 0.575964 0.201763 0.792185 0.570943 0.227633 0.788801 
0.581256 0.252993 0.773393 0.595456 0.287217 0.750292 0.567176 0.275976 0.775983 
0.558012 0.30224 0.772834 0.558915 0.3002 0.772977 0.505791 0.307163 0.806118 
0.497256 0.305187 0.812156 0.507348 0.300294 0.807726 0.487573 0.290146 0.823461 
0.457535 0.350719 0.817103 0.429487 0.29425 0.85379 0.436103 0.385462 0.813163 
0.441461 0.472822 0.762596 0.394667 0.429743 0.812133 0.377752 0.501562 0.778292 
0.360351 0.534418 0.764555 0.326456 0.544533 0.7726 0.35572 0.549968 0.755644 
0.347766 0.51632 0.782606 0.363936 0.46585 0.806557 0.34658 0.394297 0.851124 
0.325986 0.339978 0.882127 0.316147 0.3366 0.88699 0.298182 0.352253 0.887133 
0.283757 0.398435 0.872199 0.546566 -0.23688 0.803214 0.578571 -0.203494 0.789839 
0.600157 -0.166138 0.782438 0.491429 -0.231936 0.839466 -0.0397901 0.74618 0.664554 
-0.0154532 0.740792 0.671556 0.00453751 0.739838 0.67277 0.0118696 0.740441 0.672017 
-0.0563501 0.783881 0.618348 -0.0755669 0.771977 0.631143 -0.06255 0.758208 0.649005 
-0.0224485 0.80705 0.590056 0.0789192 0.79055 0.607292 -0.0168679 0.788466 0.614847 
0.850258 0.514698 0.110216 0.802943 0.555442 0.216257 0.70445 0.583632 0.403886 
0.706888 0.573214 0.414409 0.664035 0.582902 0.468276 0.448803 0.580365 0.679524 
0.488443 0.557835 0.671002 0.40136 0.518027 0.755353 0.292324 0.588544 0.753765 
0.046731 0.748833 0.661109 0.197629 0.660237 0.72459 0.175905 0.568957 0.803334 
0.0691385 0.67879 0.731071 -0.0690496 0.788198 0.611536 0.00583936 0.73922 0.673439 
-0.00885589 0.733258 0.679892 -0.0247773 0.72159 0.691877 -0.0335339 0.706348 0.70707 
-0.134028 0.289734 0.947676 -0.0438103 0.164643 0.98538 0.0673091 0.0481974 0.996567 
0.184388 -0.0463916 0.981758 0.262148 -0.100822 0.959746 0.343124 -0.169653 0.923842 
0.37535 -0.179908 0.909255 -0.585979 0.343917 0.733723 -0.661513 0.452289 0.598193 
-0.716993 0.484381 0.501295 -0.640617 0.497847 0.584601 -0.634291 0.533816 0.55921 
-0.580128 0.505203 0.638923 -0.630556 0.573543 0.522922 -0.572781 0.561956 0.596764 
-0.487803 0.513044 0.706282 -0.225791 0.341499 0.912358 -0.384807 0.442162 0.810195 
-0.496803 0.829519 0.255119 -0.50636 0.82928 0.236418 -0.488339 0.840607 0.234319 
-0.447286 0.834016 0.323037 -0.611438 0.540703 0.57774 -0.486055 0.831305 0.269597 
-0.498221 0.840076 0.214588 -0.48078 0.812673 0.329261 -0.515158 0.685743 0.514167 
0.87975 0.474791 0.0247684 0.888904 0.457348 -0.0261138 0.873938 0.485516 0.0225031 
0.904089 0.423944 -0.0538048 0.92649 0.37403 -0.0414425 0.532236 -0.759458 -0.374097 
0.807005 -0.53106 -0.258299 0.233478 -0.891828 -0.387467 0.0986776 -0.883424 -0.458067 
0.12371 -0.908034 -0.400212 0.910823 -0.387992 -0.140936 0.985525 0.165143 -0.0383276 
0.996438 -0.0522712 -0.0661727 0.956514 0.290869 -0.0218091 0.208787 0.568486 0.795758 
0.202642 0.582359 0.78727 0.199071 0.590917 0.781785 0.195607 0.594734 0.779763 
0.193812 0.60235 0.774346 0.170102 0.637953 0.751054 0.182672 0.624955 0.758988 
0.267324 0.379775 0.885612 0.24066 0.448587 0.860728 0.229227 0.499908 0.835193 
0.218482 0.539393 0.813216 0.15774 0.654929 0.739044 0.127972 0.68196 0.720106 
0.104057 0.694827 0.711609 0.0949318 0.637211 0.76482 0.0856232 0.586897 0.805121 
0.0871756 0.560815 0.823339 0.0688139 0.642059 0.763561 0.0863874 0.605001 0.791524 
0.0742103 0.533886 0.842294 0.082307 0.691166 0.717994 0.0696565 0.67193 0.737332 
-0.0295345 0.692182 0.721119 -0.0133511 0.682894 0.730396 0.0123384 0.678377 0.73461 
0.0427717 0.67461 0.736934 0.0703307 0.664229 0.744213 0.565889 -0.0550198 0.822644 
0.575095 0.0181731 0.817885 0.580753 0.0864748 0.809474 0.551547 -0.134777 0.823184 
0.53196 0.122033 0.83793 0.53816 0.178978 0.823621 0.546089 0.215508 0.809533 
0.537157 0.246268 0.806731 0.504038 0.286774 0.814682 0.516807 0.302186 0.800996 
0.501845 0.300869 0.810943 0.441758 0.292877 0.847982 0.441284 0.313946 0.840658 
0.443525 0.290238 0.847967 0.446808 0.288522 0.846828 0.443602 0.301744 0.8439 
0.405186 0.325783 0.854219 0.38473 0.360682 0.849642 0.38207 0.270242 0.883737 
0.366234 0.276863 0.88838 0.342705 0.300931 0.88994 0.325663 0.389715 0.861432 
0.307999 0.462909 0.831175 0.292645 0.530341 0.795674 0.253799 0.549302 0.796149 
0.261801 0.55637 0.788615 0.291749 0.529164 0.796786 0.302442 0.44698 0.841866 
0.296335 0.375146 0.878323 0.283098 0.319978 0.90414 0.289848 0.307219 0.906424 
0.290868 0.331172 0.89762 0.463812 -0.206968 0.861419 0.50263 -0.183211 0.844865 
0.407515 -0.18379 0.894513 -0.03388 0.752294 0.657956 -0.00490016 0.751006 0.660277 
0.0111554 0.751736 0.65937 0.00905401 0.751774 0.659359 -0.0932409 0.774528 0.62563 
-0.0860508 0.764372 0.639007 -0.0565659 0.757265 0.650653 -0.0700312 0.778435 0.623806 
-0.0560237 0.746621 0.662887 0.854226 0.504988 0.123635 0.799166 0.547414 0.248338 
0.737028 0.558084 0.381225 0.611605 0.548566 0.570101 0.607107 0.551609 0.57197 
0.533089 0.523373 0.664753 0.344786 0.497675 0.795891 0.217579 0.506828 0.834137 
-0.0199848 0.692501 0.72114 0.0465383 0.589416 0.806488 0.0967498 0.502879 0.858925 
-0.0936468 0.771961 0.628734 -0.00848942 0.747033 0.664733 -0.031981 0.733941 0.67846 
-0.0495231 0.714024 0.698368 -0.0514411 0.691458 0.720583 -0.217004 0.299008 0.929249 
-0.127412 0.16856 0.977422 -0.0123273 0.0689875 0.997541 0.0897592 -0.00837793 0.995928 
0.204135 -0.0913696 0.974669 0.274172 -0.123181 0.953759 -0.65574 0.633118 0.411299 
-0.729483 0.549897 0.406778 -0.772731 0.600046 0.206959 -0.726216 0.616791 0.303611 
-0.6788 0.622425 0.389639 -0.699574 0.575242 0.423902 -0.747747 0.600042 0.284295 
-0.677722 0.622565 0.391287 -0.736781 0.643168 0.208539 -0.641293 0.602071 0.475661 
-0.605883 0.576098 0.54865 -0.534922 0.510908 0.672927 -0.317446 0.342223 0.884371 
-0.481292 0.422529 0.768002 -0.507569 0.832973 0.220293 -0.509425 0.837755 0.196602 
-0.552408 0.726307 0.409052 -0.622475 0.697915 0.354174 -0.515698 0.834811 0.192734 
-0.514699 0.836961 0.185959 -0.517208 0.839771 0.165167 -0.507305 0.849966 0.142122 
-0.549952 0.802588 0.231098 0.888421 0.457365 0.0390515 0.908651 0.417472 -0.008447 
0.860759 0.496777 0.110933 0.932613 0.360743 0.00991356 0.593672 -0.772311 -0.226029 
0.326158 -0.900742 -0.286852 0.164129 -0.914482 -0.369844 0.204497 -0.921498 -0.330187 
0.930408 -0.356291 -0.0860051 0.744863 -0.651896 -0.142162 0.987662 0.156176 -0.0115542 
0.997432 -0.0656675 -0.0285909 0.961347 0.27386 0.0285133 0.20948 0.534623 0.818716 
0.186236 0.5605 0.806943 0.190137 0.570497 0.798988 0.184699 0.584597 0.790021 
0.174008 0.586605 0.790959 0.181345 0.592667 0.784767 0.166912 0.602164 0.780729 
0.168351 0.6454 0.745062 0.159025 0.623975 0.765092 0.238866 0.315757 0.918281 
0.225236 0.356845 0.906604 0.209986 0.411851 0.886727 0.213056 0.475282 0.853648 
0.149765 0.666261 0.730525 0.119755 0.665892 0.736374 0.0771046 0.661793 0.745711 
0.0530281 0.621864 0.781328 0.0490412 0.570876 0.81957 0.0366827 0.507029 0.861148 
0.037568 0.449519 0.89248 0.024488 0.609151 0.792676 0.0235413 0.571798 0.820056 
0.0189985 0.478067 0.878118 0.0318894 0.415187 0.909177 0.0461358 0.642906 0.764554 
-0.0339947 0.673311 0.738578 -0.00622064 0.66266 0.748894 0.0239412 0.655856 0.754506 
0.0467778 0.646352 0.761604 0.476709 -0.060612 0.876969 0.503659 0.000485651 0.863902 
0.521219 0.0625357 0.851129 0.435934 -0.115731 0.892506 0.454103 0.104919 0.88475 
0.470397 0.154651 0.868798 0.490398 0.210556 0.845681 0.459279 0.250439 0.852258 
0.406931 0.276277 0.870677 0.44381 0.299674 0.844529 0.380103 0.292087 0.877614 
0.369139 0.275226 0.887686 0.357791 0.31314 0.879732 0.347691 0.333039 0.876468 
0.356509 0.297886 0.885531 0.316295 0.338263 0.886304 0.315983 0.249475 0.915378 
0.295739 0.255736 0.920401 0.265667 0.261402 0.927949 0.265081 0.310103 0.913 
0.235814 0.379211 0.894758 0.218438 0.484771 0.846925 0.215678 0.538701 0.814423 
0.183286 0.555752 0.810892 0.170302 0.575072 0.800181 0.21623 0.534206 0.817232 
0.242399 0.47868 0.843865 0.239247 0.410005 0.880146 0.239185 0.326708 0.914359 
0.231149 0.288911 0.929032 0.350542 -0.167075 0.921524 0.382218 -0.151068 0.91164 
-0.0203153 0.755347 0.65501 0.00562579 0.755149 0.655529 0.0116901 0.754399 0.656312 
-0.00384724 0.752507 0.658574 -0.102661 0.759973 0.641796 -0.0852433 0.748703 0.657402 
-0.0415851 0.747457 0.663007 -0.0983652 0.745322 0.659408 -0.0865058 0.698761 0.710106 
0.818859 0.505996 0.270993 0.741768 0.496768 0.450558 0.670646 0.510277 0.538379 
0.470737 0.523571 0.710126 0.212279 0.479896 0.851257 0.292733 0.506869 0.810797 
0.191294 0.462505 0.865734 0.0969694 0.46372 0.880659 -0.0322509 0.614761 0.788054 
0.00742896 0.511339 0.859347 0.0211644 0.44685 0.894358 -0.0354835 0.741459 0.67006 
-0.0643655 0.719862 0.691127 -0.0773958 0.694107 0.7157 -0.0676725 0.664295 0.744401 
-0.326695 0.295189 0.89785 -0.2536 0.19647 0.947147 -0.118913 0.10884 0.986921 
0.000948551 0.0197624 0.999804 0.0920231 -0.0413807 0.994897 0.203969 -0.0860962 0.975184 
-0.706712 0.668009 0.233071 -0.657301 0.736896 0.157921 -0.740587 0.671319 0.0293775 
-0.763071 0.645027 0.0407857 -0.707055 0.704472 0.0615893 -0.757337 0.652638 0.0224478 
-0.755836 0.654331 0.0237002 -0.705459 0.701707 0.099674 -0.712406 0.664375 0.226016 
-0.75535 0.628476 0.185643 -0.757228 0.650241 0.0615864 -0.760985 0.648632 0.0133097 
-0.733447 0.650029 0.19879 -0.744547 0.63979 0.190578 -0.7743 0.632509 0.0197994 
-0.761055 0.648475 -0.0166001 -0.766687 0.641552 -0.0245201 -0.751256 0.659787 0.0171939 
-0.71711 0.606915 0.342648 -0.683157 0.597265 0.420203 -0.653254 0.54526 0.525311 
-0.628712 0.443905 0.63849 -0.456744 0.3438 0.820479 -0.631638 0.417973 0.652942 
-0.513994 0.84756 0.132109 -0.515704 0.84812 0.121415 -0.528915 0.840087 0.120424 
-0.556428 0.822248 0.11957 0.871325 0.473909 0.127289 0.908582 0.413398 0.0598453 
0.935818 0.34585 0.0680647 0.476082 -0.855066 -0.205447 0.280965 -0.912912 -0.296058 
0.921257 -0.38689 -0.0400324 0.739389 -0.667555 -0.0876021 0.988816 0.144796 0.0357359 
0.998753 -0.0498291 0.00313786 0.946749 -0.320778 0.0277207 0.973662 0.212109 0.0836218 
0.14199 0.516197 0.844618 0.13 0.544935 0.828339 0.153461 0.553547 0.818557 
0.136363 0.557393 0.818974 0.131927 0.566568 0.813386 0.128689 0.576403 0.806969 
0.102348 0.576099 0.810947 0.107823 0.587352 0.802117 0.144211 0.64816 0.747724 
0.094344 0.602801 0.792294 0.162537 0.28239 0.94543 0.165441 0.347801 0.922856 
0.142519 0.40415 0.903522 0.158797 0.449683 0.878959 0.102375 0.619333 0.778425 
0.0689646 0.609112 0.79008 0.0201062 0.597391 0.801698 0.0338153 0.614956 0.787836 
0.00508971 0.575413 0.817847 -0.0433947 0.493846 0.868466 -0.0404533 0.386202 0.921527 
-0.0284939 0.296409 0.954636 -0.0171335 0.560088 0.828256 -0.0680101 0.526173 0.847654 
-0.0288984 0.469285 0.882574 -0.0347689 0.338479 0.940331 -0.0305886 0.647989 0.761035 
0.00350793 0.638072 0.769969 0.0276333 0.626939 0.778578 0.338963 -0.0380741 0.940029 
0.389526 0.00602125 0.920996 0.427975 0.054238 0.902162 0.276894 -0.0693513 0.958395 
0.343045 0.101065 0.933866 0.380054 0.139978 0.914311 0.381614 0.208662 0.900462 
0.368652 0.243399 0.897136 0.281245 0.264606 0.922434 0.272287 0.294228 0.916128 
0.286415 0.266593 0.920269 0.267478 0.316421 0.910128 0.225302 0.334701 0.914994 
0.215535 0.317021 0.923603 0.216031 0.254305 0.942688 0.216588 0.223625 0.950306 
0.219072 0.235235 0.946928 0.168808 0.262977 0.94992 0.117719 0.346831 0.930511 
0.124588 0.44332 0.887663 0.141487 0.522674 0.84071 0.0803637 0.570681 0.81723 
0.0872602 0.570342 0.81676 0.139585 0.533037 0.834498 0.159465 0.476761 0.864448 
0.164072 0.392293 0.905089 0.190545 0.330293 0.924445 0.161619 0.269329 0.94939 
-0.00587516 0.747595 0.664129 0.00639735 0.742544 0.669767 -0.0017478 0.738808 0.673914 
-0.0284052 0.736825 0.675487 -0.107571 0.735016 0.669462 -0.0975318 0.726394 0.680323 
-0.0632543 0.726854 0.683873 -0.0223174 0.72628 0.687037 -0.113463 0.704175 0.700903 
-0.0858299 0.620056 0.779848 -0.124031 0.644898 0.754137 0.834646 0.499186 0.232765 
0.732606 0.538725 0.416008 0.578434 0.539715 0.611655 0.390713 0.53419 0.749656 
0.247143 0.49093 0.835409 0.165523 0.449796 0.877659 0.0938857 0.423699 0.900924 
0.105518 0.412944 0.904623 0.0360268 0.412744 0.910134 0.005513 0.413395 0.910535 
-0.0572705 0.524224 0.849652 -0.0409051 0.449222 0.892483 -0.0306015 0.401929 0.915159 
-0.071595 0.71701 0.693377 -0.0997462 0.6891 0.717769 -0.101518 0.661977 0.742618 
-0.0892951 0.642645 0.760943 -0.0569274 0.632547 0.772427 -0.478131 0.327019 0.815137 
-0.380599 0.25697 0.888319 -0.224331 0.141853 0.964134 -0.122726 0.0566692 0.990821 
-0.0277279 0.0181116 0.999451 0.06662 0.00575277 0.997762 -0.586932 0.802055 0.110534 
-0.661038 0.746003 0.0806716 -0.67389 0.736234 0.0618982 -0.709274 0.704695 0.0182847 
-0.703232 0.710436 0.0272839 -0.751712 0.659176 0.020403 -0.716832 0.697134 0.0125153 
-0.713945 0.700165 0.00719473 -0.738154 0.674464 -0.0150914 -0.750821 0.660411 -0.0112064 
-0.758788 0.651281 -0.00855488 -0.761183 0.648464 -0.00974623 -0.768229 0.639234 -0.0346993 
-0.79916 0.600939 0.0146895 -0.776217 0.606427 0.172434 -0.771274 0.636175 -0.0204406 
-0.759134 0.650053 -0.0338656 -0.751173 0.658072 -0.0517761 -0.809952 0.567428 0.148332 
-0.759107 0.577525 0.300368 -0.765098 0.486259 0.422111 -0.762783 0.471308 0.442754 
-0.76743 0.460918 0.445652 -0.609463 0.394245 0.687841 -0.771144 0.437186 0.462823 
0.895158 0.420188 0.148775 0.927651 0.353331 0.120918 0.367302 -0.905413 -0.212879 
0.348375 -0.899803 -0.262658 0.615962 -0.786927 -0.0365553 0.486563 -0.866839 -0.108842 
0.439563 -0.887815 -0.136268 0.801841 -0.597505 0.00620829 0.992939 0.0445086 0.109963 
0.996467 -0.0666379 0.0511152 0.947022 -0.316272 0.0558772 0.814163 -0.578627 0.0482636 
0.959628 0.280495 0.0208845 0.989796 -0.132098 0.0534213 0.0599348 0.435225 0.898324 
0.0221432 0.503413 0.863762 0.0485976 0.518605 0.853632 0.0624626 0.5312 0.844941 
0.0380237 0.526521 0.849311 0.0531995 0.518634 0.85334 0.0399038 0.528865 0.847767 
0.0234957 0.540365 0.841103 0.0121213 0.531318 0.847086 0.00920328 0.550849 0.834554 
0.0444216 0.558476 0.82833 0.00415876 0.514194 0.857664 0.0672647 0.238659 0.968771 
0.0629747 0.304597 0.950397 0.0650165 0.368214 0.927465 0.0390478 0.554955 0.830963 
-0.03596 0.517692 0.854811 -0.0624848 0.492839 0.867874 0.0139287 0.586411 0.809894 
-0.0238629 0.541316 0.84048 -0.0584424 0.503825 0.861827 -0.125674 0.457143 0.88047 
-0.175513 0.360585 0.916064 -0.130004 0.224686 0.96572 -0.0813744 0.201858 0.976029 
-0.131125 0.121776 0.983858 -0.125829 0.424927 0.89644 -0.128211 0.449369 0.884098 
-0.258926 0.368162 0.892981 -0.0947219 0.305848 0.947357 -0.147162 0.177695 0.97302 
-0.0198311 0.619351 0.784864 0.00708142 0.604957 0.796227 0.146416 0.0128883 0.989139 
0.221166 0.0375937 0.974511 0.289323 0.0707809 0.954611 0.194432 0.117205 0.973889 
0.238513 0.178054 0.954677 0.261897 0.20625 0.9428 0.285299 0.233443 0.929575 
0.145332 0.226733 0.963053 0.137266 0.26748 0.953736 0.139151 0.306561 0.941625 
0.135969 0.306745 0.94203 0.193522 0.276569 0.941307 0.101422 0.33107 0.93814 
0.00339254 0.310751 0.950485 0.109545 0.270909 0.956351 0.0685233 0.303155 0.950475 
0.151997 0.222584 0.962992 0.115402 0.190415 0.974897 0.0560247 0.202941 0.977587 
0.0340904 0.279769 0.959462 0.0177482 0.399244 0.916673 0.0395978 0.499296 0.865526 
-0.0622154 0.556977 0.828194 0.00458384 0.569296 0.82212 0.0468585 0.527206 0.848445 
0.0581757 0.478423 0.8762 0.0925221 0.390218 0.916062 0.0990127 0.295568 0.950177 
0.0644716 0.235226 0.9698 0.00267874 0.723574 0.690242 -0.00411692 0.710402 0.703784 
-0.0120621 0.70748 0.706631 -0.0340545 0.705986 0.707406 -0.108906 0.705385 0.700408 
-0.0861676 0.697216 0.711663 -0.0447021 0.69287 0.719675 -0.0108083 0.687208 0.72638 
-0.108828 0.651998 0.75037 -0.112382 0.559117 0.821437 -0.114713 0.568961 0.814325 
0.823989 0.479459 0.301929 0.719463 0.505714 0.476054 0.662368 0.48953 0.567123 
0.51291 0.515905 0.686124 0.379608 0.491043 0.784075 0.271585 0.482755 0.83258 
0.158544 0.44784 0.879945 0.0633385 0.401903 0.913489 0.0306947 0.375674 0.926243 
-0.00477023 0.372623 0.927971 -0.0294684 0.370049 0.928545 -0.0850326 0.480152 0.873054 
-0.0563314 0.412754 0.909099 -0.0425833 0.371826 0.927325 -0.0842347 0.683542 0.725034 
-0.117332 0.669759 0.733251 -0.129319 0.641361 0.756262 -0.112193 0.627453 0.770529 
-0.0825604 0.619085 0.780972 -0.0491775 0.599837 0.798609 -0.582118 0.355219 0.731408 
-0.470619 0.263091 0.8422 -0.365015 0.172489 0.914883 -0.292115 0.13242 0.947172 
-0.167466 0.0886651 0.981883 -0.0838275 0.078616 0.993374 -0.765745 0.641069 -0.0516297 
-0.76662 0.639877 -0.0533996 -0.777366 0.626715 -0.0541315 -0.810236 0.581696 -0.0717393 
-0.833804 0.548506 -0.0625432 -0.84615 0.532549 -0.0205505 -0.828553 0.530181 0.180022 
-0.826267 0.518627 0.219793 -0.847386 0.451624 0.279234 -0.738383 0.411477 0.5343 
-0.868842 0.461521 0.1792 -0.825236 0.447087 0.345108 0.814689 0.497573 0.29783 
0.462033 -0.884117 -0.0697288 0.685602 -0.727949 0.00627744 0.514467 -0.856905 -0.0322034 
0.508798 -0.859856 -0.0421049 0.461568 -0.88069 -0.10649 0.96749 -0.226293 0.11294 
0.878469 -0.471535 0.0771211 0.919493 0.392518 0.0214928 0.995129 0.0924803 -0.0341563 
0.893233 -0.445707 0.0589913 0.965654 -0.252723 0.0603636 0.906816 -0.402595 0.124908 
-0.0574389 0.357407 0.932181 -0.130398 0.443327 0.886824 -0.0672717 0.477532 0.876035 
-0.0674784 0.462382 0.884109 -0.0882325 0.493598 0.865203 -0.0681749 0.46147 0.884532 
-0.0854995 0.444595 0.891642 -0.109073 0.477799 0.871672 -0.106675 0.459404 0.881798 
-0.167127 0.451888 0.876279 -0.09409 0.467248 0.879106 -0.0596711 0.444452 0.893813 
-0.107787 0.339669 0.934348 -0.056714 0.191453 0.979862 -0.0977916 0.258174 0.961136 
-0.0428625 0.323486 0.945262 -0.215293 0.376097 0.901221 -0.153393 0.418564 0.895139 
-0.169032 0.32089 0.931911 -0.0057941 0.554423 0.832215 -0.0219186 0.532582 0.846094 
-0.0902628 0.46845 0.878867 -0.135945 0.399356 0.906661 -0.194162 0.359079 0.912887 
-0.278522 0.271578 0.921233 -0.281648 0.141744 0.948991 -0.217137 0.0600798 0.97429 
-0.176972 0.073687 0.981454 -0.265881 -0.0529117 0.962553 -0.279353 0.212347 0.936414 
-0.214332 0.301555 0.929046 -0.351721 0.188936 0.91684 -0.408256 0.0997281 0.907404 
-0.237182 0.132631 0.962369 -0.29008 0.0134471 0.956908 -0.0171965 0.577286 0.816361 
0.00137188 0.086235 0.996274 0.0964512 0.109365 0.989311 0.0101357 0.200638 0.979613 
0.0831949 0.232474 0.969038 0.151615 0.211735 0.965495 -0.000528699 0.226211 0.974078 
-0.0291376 0.226231 0.973638 -0.0139235 0.240364 0.970583 -0.0176593 0.290195 0.956805 
-0.0101648 0.306703 0.951751 -0.0536072 0.337451 0.939816 -0.210031 0.233812 0.949326 
-0.225373 0.338118 0.91372 -0.0114525 0.316249 0.948607 0.0401934 0.208673 0.977159 
-0.163544 0.359805 0.918582 -0.00164482 0.148495 0.988912 -0.0258631 0.145463 0.989026 
-0.0811361 0.189735 0.978477 -0.149219 0.332219 0.931324 -0.0910942 0.467012 0.879546 
-0.218565 0.491688 0.842895 -0.10014 0.563427 0.820074 -0.229118 0.550517 0.802767 
-0.0814837 0.510981 0.855721 -0.0764602 0.498604 0.863451 -0.0219277 0.402481 0.915166 
0.00154204 0.28747 0.957788 -0.0251738 0.218682 0.975471 -0.00242629 0.683953 0.729522 
-0.0234489 0.660114 0.7508 -0.0416016 0.65141 0.757585 -0.0645566 0.647304 0.759493 
-0.0673073 0.644717 0.761453 -0.0307265 0.639479 0.768194 -0.0115066 0.630625 0.776002 
-0.0800894 0.580536 0.810286 -0.0761286 0.503655 0.860544 0.586403 0.493902 0.642021 
0.449805 0.44981 0.771587 0.292629 0.44835 0.844601 0.153574 0.466225 0.871234 
0.048562 0.432591 0.900281 -0.00223059 0.372672 0.927961 -0.0195469 0.385871 0.922346 
-0.0227001 0.356415 0.934052 -0.036991 0.349892 0.936059 -0.0588612 0.431427 0.900226 
-0.0463188 0.380307 0.9237 -0.0413732 0.349293 0.9361 -0.113245 0.621592 0.775112 
-0.136739 0.605341 0.784133 -0.145991 0.588383 0.795294 -0.138131 0.58845 0.796647 
-0.0943454 0.573983 0.813414 -0.0476299 0.538156 0.841498 -0.689309 0.376181 0.619145 
-0.594527 0.298783 0.746503 -0.538709 0.237024 0.808463 -0.522045 0.23286 0.820515 
-0.416165 0.181348 0.891022 -0.336926 0.156108 0.928499 -0.241921 0.135084 0.960847 
-0.830069 0.55166 -0.0815918 -0.831657 0.548372 -0.0873744 -0.837833 0.539096 -0.0860885 
-0.849972 0.518534 -0.0931128 -0.847503 0.51926 -0.110033 -0.845354 0.534174 0.00585834 
-0.869885 0.488265 0.0699878 -0.836159 0.423091 0.349044 -0.885082 0.463408 -0.0433945 
-0.883278 0.468766 0.0088421 -0.881506 0.43334 0.187521 0.816955 0.507614 0.273701 
0.62373 0.54298 0.562257 0.732661 -0.680355 0.0180342 0.501154 -0.865289 -0.0109517 
0.472942 -0.88056 -0.0306505 0.958668 0.220081 0.180331 0.97818 -0.0979871 0.183198 
0.769982 -0.635285 0.0594984 0.891517 -0.27671 0.35865 0.824811 -0.549097 0.134833 
0.882043 -0.20834 0.422604 -0.167993 0.279548 0.945321 -0.246293 0.286538 0.92587 
-0.237592 0.450313 0.860679 -0.415405 0.330502 0.847471 -0.207359 0.371741 0.904882 
-0.302334 0.369368 0.878727 -0.234224 0.410265 0.881375 -0.233469 0.333006 0.913564 
-0.335295 0.342774 0.877544 -0.263546 0.38438 0.884757 -0.286246 0.285394 0.914666 
-0.292033 0.376 0.879398 -0.442388 0.217728 0.869993 -0.213813 0.29038 0.932718 
-0.239406 0.227913 0.94379 -0.290839 0.117182 0.949569 -0.193854 0.145069 0.970245 
-0.245974 0.155896 0.956657 -0.191275 0.308402 0.931827 -0.358533 0.232355 0.904138 
-0.323688 0.29832 0.897904 -0.436963 0.133262 0.889553 -0.259175 0.24923 0.93312 
-0.322139 0.107797 0.940535 -0.027143 0.514229 0.857223 -0.0520824 0.489969 0.870183 
-0.180446 0.431678 0.883795 -0.223599 0.343606 0.912107 -0.248897 0.268738 0.9305 
-0.34984 0.13262 0.927375 -0.42258 -0.0362926 0.905599 -0.344909 -0.109756 0.932197 
-0.386833 -0.12851 0.913151 -0.40961 -0.219647 0.885423 -0.382364 -0.230023 0.894923 
-0.421294 -0.0285 0.906476 -0.408445 0.0132894 0.912686 -0.515614 -0.160141 0.841723 
-0.449213 -0.10177 0.887609 -0.152176 0.16084 0.975178 -0.314327 0.286036 0.905197 
-0.102294 0.295317 0.949907 -0.191513 0.278685 0.941094 -0.204789 0.238868 0.949212 
-0.191316 0.201557 0.960611 -0.173338 0.30788 0.935502 -0.212855 0.29408 0.931778 
-0.420246 0.180713 0.889234 -0.484776 0.243348 0.840104 -0.355673 0.325134 0.876233 
-0.188721 0.370808 0.909333 -0.098074 0.235865 0.966824 -0.11356 0.145407 0.982833 
-0.424048 0.32107 0.846816 -0.418784 0.366451 0.830863 -0.156362 0.0932944 0.983284 
-0.208371 0.0983698 0.97309 -0.295778 0.168007 0.940366 -0.255829 0.448359 0.856461 
-0.433765 0.333014 0.837227 -0.369184 0.436799 0.820311 -0.428979 0.457135 0.779105 
-0.19684 0.503547 0.841246 -0.352799 0.470083 0.809045 -0.288354 0.439883 0.850503 
-0.182504 0.430014 0.884184 -0.131124 0.28441 0.949693 -0.153836 0.184312 0.970754 
-0.0293348 0.603407 0.796893 -0.0656291 0.599866 0.797404 -0.0971532 0.586005 0.804462 
-0.046018 0.581522 0.812228 -0.0258938 0.573901 0.818516 -0.0239412 0.553801 0.832305 
-0.0507931 0.515286 0.855512 -0.0453864 0.445091 0.894335 0.556858 0.370324 0.743484 
0.442012 0.415 0.795236 0.29087 0.443798 0.847607 0.148495 0.439176 0.886044 
0.0347109 0.423111 0.905413 -0.0309224 0.379937 0.924495 -0.0392528 0.353199 0.934724 
-0.0625067 0.342134 0.93757 -0.0661799 0.332159 0.940899 -0.0426491 0.337382 0.940401 
-0.0434363 0.326235 0.94429 -0.0404038 0.385313 0.921901 -0.0438624 0.343531 0.938116 
-0.0515787 0.3147 0.947789 -0.136588 0.55493 0.820607 -0.152807 0.537763 0.829133 
-0.154759 0.538637 0.828203 -0.13539 0.515514 0.846117 -0.0859953 0.479268 0.873446 
-0.0482284 0.442995 0.895226 -0.747273 0.401676 0.529377 -0.72057 0.341227 0.603608 
-0.713215 0.301884 0.632606 -0.643356 0.278215 0.713225 -0.56883 0.242516 0.785887 
-0.559459 0.227055 0.797152 -0.491334 0.180446 0.852074 -0.448454 0.216326 0.867232 
-0.84754 0.516941 -0.120203 -0.858249 0.502371 -0.105038 -0.894414 0.434207 0.107182 
-0.878175 0.4484 0.166574 -0.826834 0.425757 0.367527 -0.860499 0.492731 -0.129455 
-0.879749 0.462284 -0.111064 -0.875546 0.470843 -0.108283 -0.873258 0.476021 -0.10404 
-0.883297 0.465474 -0.0558674 0.804935 0.346562 0.481638 0.662354 0.26525 0.700664 
0.530487 -0.847363 0.0236597 0.426247 -0.90444 -0.0173527 0.399562 -0.916684 0.00639527 
0.381229 -0.924194 0.0230333 0.866097 -0.00535092 0.499847 0.555252 -0.828731 0.0699987 
0.723082 0.0204388 0.69046 0.853263 -0.413858 0.317276 0.569745 -0.807738 0.151492 
0.649522 0.0773132 0.756402 0.773519 -0.0401813 0.632498 -0.299808 0.249759 0.920726 
-0.354308 0.179863 0.917668 -0.474937 0.135236 0.869567 -0.369561 0.326793 0.869845 
-0.552529 0.21122 0.806286 -0.649769 0.0683347 0.757054 -0.433564 0.204189 0.877684 
-0.463846 0.308613 0.830425 -0.601904 0.148692 0.784603 -0.395876 0.252716 0.882846 
-0.486829 0.147547 0.860946 -0.495538 0.269134 0.825838 -0.64219 0.111307 0.758421 
-0.429199 0.196444 0.881588 -0.529207 0.0439949 0.847351 -0.39527 0.147887 0.906582 
-0.547459 0.0199612 0.836595 -0.663588 -0.0575257 0.745883 -0.437603 -0.0250142 0.89882 
-0.466863 -0.076118 0.881048 -0.370284 0.106575 0.922785 -0.409409 0.0888619 0.908013 
-0.475882 0.0917044 0.874715 -0.469411 0.182387 0.863938 -0.591681 0.0807864 0.802114 
-0.418671 0.100219 0.902591 -0.549651 -0.0439666 0.834236 -0.603158 -0.148464 0.783683 
-0.494725 -0.0541845 0.867359 -0.0412314 0.420512 0.90635 -0.0917873 0.402133 0.910969 
-0.230668 0.366808 0.901246 -0.386745 0.273972 0.88055 -0.35464 0.157986 0.921559 
-0.439204 -0.0267859 0.897988 -0.508161 -0.216698 0.833555 -0.478612 -0.273069 0.834484 
-0.491047 -0.332051 0.805366 -0.518097 -0.265799 0.812974 -0.494772 -0.379506 0.781778 
-0.548056 -0.169377 0.819113 -0.518391 -0.241106 0.82045 -0.622657 -0.405878 0.669 
-0.601735 -0.325517 0.729352 -0.607774 0.268076 0.747493 -0.342591 0.354443 0.870059 
-0.60565 0.34554 0.716792 -0.416388 0.329423 0.847409 -0.447324 0.272308 0.851909 
-0.405163 0.18438 0.895459 -0.42629 0.313167 0.848648 -0.654328 0.170329 0.736779 
-0.668303 0.185446 0.720403 -0.68591 0.169697 0.707624 -0.585737 0.333196 0.738845 
-0.77854 0.235682 0.581661 -0.291981 0.296583 0.909278 -0.286716 0.1564 0.945163 
-0.316957 0.0801494 0.945047 -0.619126 0.313844 0.71985 -0.642706 0.324028 0.694216 
-0.594966 0.299744 0.745768 -0.466268 0.247516 0.849312 -0.598483 0.232051 0.766792 
-0.358105 0.0379929 0.932908 -0.429328 0.0400586 0.90226 -0.556572 0.0970804 0.825108 
-0.558278 0.369073 0.743041 -0.717274 0.208888 0.664744 -0.67808 0.323342 0.660044 
-0.545218 0.40173 0.735765 -0.47132 0.344491 0.811901 -0.415417 0.382231 0.825426 
-0.575757 0.272687 0.770809 -0.314517 0.292002 0.903224 -0.3401 0.163877 0.926 
-0.0497903 0.53398 0.84403 -0.0860475 0.522179 0.848484 -0.123045 0.53267 0.837331 
-0.142214 0.508888 0.849004 -0.0340135 0.516023 0.855899 -0.0374041 0.503196 0.863363 
-0.0618699 0.475708 0.877425 -0.0320568 0.450635 0.892132 -0.0310415 0.382574 0.923403 
0.572944 0.258161 0.777874 0.489791 0.25742 0.832971 0.378122 0.335731 0.862733 
0.235262 0.379411 0.894818 0.0706658 0.393329 0.916678 -0.0690753 0.33931 0.938135 
-0.0951226 0.271433 0.957745 -0.0577802 0.30701 0.949951 -0.0914107 0.261648 0.960825 
-0.0788004 0.229146 0.970197 -0.0528513 0.288507 0.956018 -0.0559794 0.269044 0.9615 
-0.0434286 0.324959 0.944731 -0.0704415 0.284317 0.956139 -0.0838837 0.253239 0.96376 
-0.167013 0.483741 0.859128 -0.172179 0.464504 0.868672 -0.134971 0.40123 0.905979 
-0.0909581 0.343079 0.934892 -0.0607046 0.291333 0.954694 -0.808555 0.3814 0.448077 
-0.829288 0.364138 0.423893 -0.812992 0.32873 0.480605 -0.736062 0.303782 0.604921 
-0.733906 0.278819 0.619388 -0.694245 0.236409 0.679804 -0.675037 0.258252 0.691109 
-0.68753 0.277148 0.671187 -0.854348 0.503153 -0.130101 -0.853148 0.504145 -0.134073 
-0.886483 0.460523 -0.0454628 -0.898623 0.43854 -0.0126535 -0.889396 0.45515 0.0425805 
-0.86876 0.433124 0.240122 0.300771 -0.952261 0.0523105 0.301003 -0.949392 0.0897301 
0.280781 -0.938814 0.199475 0.689426 -0.26091 0.675735 0.586793 -0.688911 0.425529 
0.261035 -0.861602 0.43532 0.495243 -0.0684834 0.866051 0.460426 0.142205 0.876234 
-0.557845 0.0694246 0.827036 -0.656701 -0.0494734 0.752527 -0.645738 0.0434478 0.762322 
-0.780788 -0.227308 0.58198 -0.779202 -0.100951 0.61859 -0.598171 0.108316 0.794014 
-0.771507 -0.130451 0.622704 -0.750056 -0.025185 0.660895 -0.713858 -0.0730245 0.696473 
-0.622875 0.0334174 0.781607 -0.830915 -0.132728 0.540336 -0.757578 -0.102979 0.644571 
-0.728258 -0.198193 0.656019 -0.609571 -0.206129 0.765463 -0.827885 -0.277071 0.487687 
-0.765898 -0.239633 0.596638 -0.594599 -0.292413 0.748964 -0.570149 0.101913 0.815195 
-0.596966 0.0541548 0.800436 -0.632944 0.0308562 0.773582 -0.684555 -0.000976586 0.72896 
-0.750777 -0.0862315 0.654903 -0.715565 -0.055356 0.696349 -0.631963 -0.253279 0.732443 
-0.737113 -0.377021 0.560821 -0.71691 -0.317826 0.620505 -0.0652765 0.26184 0.962901 
-0.157491 0.219578 0.962799 -0.315185 0.19544 0.928688 -0.456589 0.0713819 0.88681 
-0.48226 -0.0631181 0.873751 -0.533359 -0.231445 0.81361 -0.51692 -0.522991 0.677698 
-0.579324 -0.427754 0.693838 -0.541537 -0.473454 0.694679 -0.571819 -0.584693 0.575462 
-0.527363 -0.468647 0.708702 -0.623417 -0.351468 0.698442 -0.659883 -0.530713 0.531881 
-0.707863 -0.612195 0.352346 -0.741756 -0.458095 0.489843 -0.640161 -0.447986 0.624101 
-0.805248 0.24972 0.537787 -0.800302 0.306832 0.515141 -0.796552 0.342779 0.498003 
-0.652801 0.311036 0.69073 -0.786368 0.259669 0.560534 -0.633219 0.215635 0.743327 
-0.814125 0.198944 0.545547 -0.838048 0.159451 0.521777 -0.848586 0.151478 0.506909 
-0.760765 0.316747 0.566488 -0.954081 0.147357 0.260799 -0.907291 0.28142 0.312452 
-0.495331 0.122524 0.86002 -0.516514 0.0320681 0.855678 -0.807549 0.319709 0.495631 
-0.766423 0.326939 0.552907 -0.72676 0.242124 0.642803 -0.715145 0.132031 0.686393 
-0.642368 0.0778519 0.762432 -0.564009 -0.0263681 0.825347 -0.645164 -0.0518033 0.762286 
-0.783711 -0.0682433 0.617365 -0.901282 0.0129146 0.43304 -0.854376 0.1845 0.485799 
-0.790383 0.203492 0.577828 -0.659412 0.2559 0.706888 -0.533396 0.210321 0.819301 
-0.753143 0.110193 0.648562 -0.704582 0.12225 0.699013 -0.0916378 0.442224 0.892211 
-0.123459 0.446945 0.886001 -0.145215 0.425332 0.893312 -0.148544 0.403141 0.903002 
-0.0369643 0.450686 0.891917 -0.0811841 0.440189 0.894228 -0.13735 0.397167 0.90741 
-0.0279452 0.375624 0.926351 -0.0409094 0.297207 0.953936 0.330632 0.302609 0.89393 
0.0775526 0.417966 0.905146 -0.175385 0.315105 0.93271 -0.182062 0.131707 0.974426 
-0.119179 0.0925633 0.988549 -0.063275 0.209218 0.97582 -0.0803389 0.0483799 0.995593 
-0.0703569 0.176309 0.981817 -0.066087 0.13889 0.9881 -0.0814806 0.227933 0.970262 
-0.165524 0.183091 0.969061 -0.112869 0.132635 0.984718 -0.169721 0.387332 0.906184 
-0.210795 0.40461 0.889863 -0.224039 0.318839 0.92095 -0.154966 0.211501 0.965014 
-0.128802 0.130728 0.983016 -0.100622 0.0539346 0.993462 -0.878819 0.374027 0.296279 
-0.887114 0.373218 0.271547 -0.838141 0.327167 0.436442 -0.824394 0.307473 0.47522 
-0.813193 0.310663 0.492144 -0.850461 0.258141 0.458343 -0.888816 0.4553 -0.052047 
-0.898464 0.434181 -0.0651885 -0.893063 0.444807 -0.0677209 -0.887469 0.456507 -0.0632418 
-0.888407 0.458668 -0.0188693 -0.894802 0.427112 0.130017 0.220985 -0.969921 0.102076 
0.130419 -0.974588 0.182125 0.125054 -0.961178 0.245966 0.13728 -0.873791 0.466524 
0.390878 -0.507006 0.768218 0.262532 -0.556885 0.788007 0.450159 -0.154328 0.879511 
-0.782763 -0.204816 0.58765 -0.800128 -0.312682 0.511885 -0.800929 -0.291868 0.522805 
-0.811827 -0.303993 0.498524 -0.843372 -0.271308 0.463805 -0.861181 -0.255883 0.439193 
-0.811588 -0.295962 0.503718 -0.823103 -0.358507 0.440424 -0.828703 -0.383305 0.407833 
-0.869583 -0.221768 0.441186 -0.791132 -0.221766 0.570026 -0.825022 -0.378605 0.419519 
-0.895708 -0.364643 0.254445 -0.863396 -0.265381 0.429092 -0.794793 -0.347536 0.497517 
-0.840793 -0.438786 0.31707 -0.720227 -0.40405 0.56393 -0.631109 -0.458426 0.625737 
-0.799862 -0.478788 0.361916 -0.867549 -0.452439 0.206535 -0.714507 -0.557665 0.42248 
-0.755247 0.0333697 0.65459 -0.790653 -0.00605708 0.612234 -0.820197 -0.0323229 0.571167 
-0.849484 -0.0851718 0.520694 -0.853073 -0.177267 0.490757 -0.868721 -0.164977 0.467018 
-0.825654 -0.232538 0.514025 -0.824871 -0.234757 0.514273 -0.723344 -0.431664 0.538924 
-0.687766 -0.480344 0.544286 -0.690919 -0.453529 0.562976 -0.757611 -0.516999 0.398419 
-0.804688 -0.528071 0.271327 -0.140412 0.0512736 0.988765 -0.284235 -0.0304029 0.958273 
-0.471624 -0.17613 0.864031 -0.396286 -0.473282 0.786741 -0.46114 -0.324357 0.825919 
-0.547086 -0.47615 0.688461 -0.543916 -0.648097 0.533035 -0.477828 -0.72644 0.493928 
-0.449082 -0.757311 0.474137 -0.47279 -0.750507 0.461746 -0.480238 -0.741312 0.468859 
-0.623509 -0.619841 0.47648 -0.571707 -0.639159 0.514418 -0.576165 -0.64714 0.499243 
-0.565354 -0.634196 0.527418 -0.579835 -0.655486 0.483869 -0.568865 -0.650111 0.503734 
-0.591049 -0.61103 0.526596 -0.578651 -0.648147 0.495045 -0.706718 -0.608101 0.361612 
-0.713266 -0.602006 0.358943 -0.71038 -0.616623 0.339318 -0.708002 -0.625734 0.3274 
-0.709595 -0.622699 0.329729 -0.719114 -0.616223 0.32116 -0.72087 -0.570432 0.393642 
-0.755601 -0.559753 0.340211 -0.936049 0.24629 0.251305 -0.905627 0.362964 0.219309 
-0.903455 0.306343 0.299872 -0.886426 0.217084 0.408807 -0.926353 0.143847 0.348107 
-0.933768 0.126924 0.334616 -0.948167 0.0974882 0.302448 -0.997632 0.0232074 0.0647411 
-0.995385 0.0872847 -0.0398702 -0.980393 0.179118 0.0821386 -0.972223 0.231322 0.0356776 
-0.918422 0.299545 0.258406 -0.683704 -0.030488 0.729123 -0.920182 0.315965 0.231154 
-0.844591 0.325495 0.425111 -0.866727 0.216975 0.449116 -0.841958 0.101387 0.529932 
-0.781495 -0.000250291 0.623911 -0.742083 -0.112083 0.660871 -0.816538 -0.146077 0.558504 
-0.861624 -0.211873 0.46121 -0.893322 -0.233076 0.384254 -0.896441 -0.215118 0.387451 
-0.915908 -0.180481 0.358524 -0.958626 -0.0807775 0.272967 -0.963026 0.0266492 0.268088 
-0.905996 0.121189 0.405567 -0.863235 0.0724183 0.499581 -0.881902 -0.00572617 0.471399 
-0.836128 -0.032906 0.547546 -0.151045 0.341936 0.927505 -0.15329 0.282197 0.947031 
-0.153389 0.248725 0.956351 -0.0429165 0.369979 0.928048 -0.0970969 0.365667 0.925667 
-0.181171 0.374524 0.909345 -0.251732 0.270791 0.929141 -0.0462062 0.270929 0.96149 
-0.0814519 0.168327 0.98236 0.426757 0.0712726 0.901554 0.187758 0.237076 0.953175 
-0.0562794 0.23529 0.970294 -0.32244 0.0725891 0.943803 -0.325989 -0.201453 0.92366 
-0.18644 -0.235508 0.953822 -0.119492 -0.202163 0.972035 -0.0788618 0.0541996 0.995411 
-0.0939922 -0.209813 0.973213 -0.0955175 -0.0681982 0.993089 -0.0888408 -0.108903 0.990074 
-0.15595 0.0547351 0.986247 -0.253355 0.0588007 0.965585 -0.285851 -0.124904 0.950099 
-0.164347 -0.106508 0.980636 -0.18774 0.275191 0.942881 -0.219742 0.24937 0.943148 
-0.296059 0.169323 0.940042 -0.291623 -0.000898709 0.956533 -0.197207 -0.0503747 0.979067 
-0.189141 -0.199292 0.961514 -0.199951 -0.208552 0.957354 -0.883616 0.465551 0.0498474 
-0.868893 0.394837 0.298544 -0.901385 0.299288 0.312939 -0.914399 0.272692 0.299189 
-0.918567 0.262123 0.295848 -0.891336 0.453308 -0.00571336 0.0685695 -0.96394 0.257133 
0.0346207 -0.947074 0.319143 0.0477224 -0.895806 0.441876 0.208568 -0.705512 0.677312 
0.374618 -0.420694 0.826243 -0.818932 -0.241817 0.520456 -0.822702 -0.259978 0.505542 
-0.841535 -0.296873 0.451315 -0.826765 -0.335985 0.451192 -0.849404 -0.367324 0.378927 
-0.856915 -0.371741 0.357078 -0.886066 -0.342236 0.312668 -0.831866 -0.464366 0.303914 
-0.850104 -0.431661 0.301647 -0.842212 -0.441893 0.308884 -0.888729 -0.401233 0.221751 
-0.892544 -0.398056 0.211938 -0.857305 -0.45625 0.238461 -0.843086 -0.483197 0.236066 
-0.854077 -0.477605 0.206024 -0.846773 -0.479563 0.230206 -0.727193 -0.588903 0.352681 
-0.771211 -0.593163 0.231064 -0.795299 -0.567478 0.213233 -0.847177 -0.493436 0.197007 
-0.866311 -0.460087 0.194488 -0.864158 -0.465048 0.192253 -0.724389 -0.635765 0.266579 
-0.72661 -0.640883 0.247603 -0.744123 -0.603989 0.285444 -0.894347 -0.0699098 0.441879 
-0.925921 -0.0811669 0.368893 -0.9434 -0.100948 0.315922 -0.945023 -0.108638 0.308429 
-0.915441 -0.132784 0.379916 -0.723991 -0.603987 0.333223 -0.718222 -0.615529 0.324471 
-0.757415 -0.586958 0.286013 -0.766694 -0.575052 0.285475 -0.787927 -0.564775 0.245358 
-0.797986 -0.558448 0.226613 -0.801444 -0.556757 0.218425 -0.3572 -0.280181 0.891015 
-0.309057 -0.480006 0.821022 -0.296109 -0.715755 0.632467 -0.225846 -0.803546 0.550734 
-0.293706 -0.700073 0.650872 -0.442161 -0.603291 0.663727 -0.613205 -0.678482 0.404526 
-0.570924 -0.706142 0.418818 -0.323166 -0.829098 0.456245 -0.440674 -0.783145 0.438737 
-0.379385 -0.831414 0.405978 -0.483233 -0.745673 0.458757 -0.491462 -0.743837 0.452958 
-0.613563 -0.665826 0.424519 -0.704406 -0.617093 0.350725 -0.632519 -0.653218 0.416205 
-0.734992 -0.593814 0.32737 -0.976146 0.194028 0.0974291 -0.979886 0.199409 0.00767926 
-0.964898 0.262227 -0.014433 -0.946181 0.308502 0.0978192 -0.943281 0.326359 -0.060912 
-0.971549 0.170004 0.164898 -0.987713 0.117586 0.102944 -0.987887 0.0827072 0.131294 
-0.991328 0.0524916 0.12047 -0.998705 -0.00857805 -0.0501453 -0.998715 -0.0102825 -0.0496301 
-0.998934 -0.00207237 -0.0461167 -0.995441 0.0660722 -0.0687802 -0.994344 0.0779252 -0.072159 
-0.990542 0.0993454 -0.0946426 -0.987353 0.115523 -0.108575 -0.98608 0.120517 -0.114555 
-0.973677 0.164867 -0.157391 -0.968574 0.242959 -0.0532446 -0.808467 -0.121219 0.575922 
-0.974876 0.222603 0.00808011 -0.951762 0.245769 0.183702 -0.956052 0.134535 0.26051 
-0.965665 0.0563013 0.253617 -0.907477 -0.0035515 0.420086 -0.901475 -0.0701343 0.427112 
-0.868519 -0.247631 0.429365 -0.924786 -0.228587 0.30417 -0.903303 -0.258337 0.3425 
-0.924697 -0.243695 0.292487 -0.97296 -0.0466411 0.226215 -0.980308 -0.0246745 0.195928 
-0.980414 -0.0246879 0.195392 -0.954395 -0.00971704 0.298388 -0.963517 -0.0845261 0.253948 
-0.902495 -0.128257 0.41116 -0.925018 -0.231179 0.301494 -0.199152 0.157216 0.967275 
-0.193443 0.0874221 0.977209 -0.173464 0.0522834 0.983451 -0.0791821 0.247279 0.965704 
-0.152068 0.267901 0.95137 -0.239002 0.231406 0.943043 -0.344227 0.132258 0.929524 
-0.33521 -0.0318223 0.941606 -0.102947 0.135402 0.985428 -0.151205 -0.0135421 0.98841 
0.233132 -0.20302 0.951016 0.0333919 -0.228803 0.9729 -0.166552 -0.220779 0.960998 
-0.334981 -0.446462 0.829735 -0.200879 -0.726446 0.657209 -0.152162 -0.610067 0.777602 
-0.165689 -0.601947 0.781157 -0.166875 -0.544692 0.821866 -0.121088 -0.528178 0.840456 
-0.145845 -0.364156 0.919848 -0.12549 -0.524477 0.842126 -0.145563 -0.386244 0.910839 
-0.190568 -0.390463 0.900679 -0.241137 -0.206104 0.948353 -0.303642 -0.250026 0.919396 
-0.285363 -0.518433 0.806099 -0.245938 -0.459221 0.853599 -0.231544 0.030763 0.972338 
-0.342707 -0.120097 0.931734 -0.392452 -0.413094 0.821787 -0.244123 -0.429366 0.869511 
-0.241307 -0.546351 0.802042 -0.251704 -0.509834 0.822627 -0.886489 0.462686 -0.00763944 
-0.892904 0.449444 -0.0268917 -0.887831 0.45711 -0.0529697 -0.88715 0.461479 0.00134323 
-0.89438 0.425195 0.1389 -0.928478 0.314115 0.198142 -0.972092 0.198129 0.125624 
-0.00857567 -0.938007 0.346511 -0.0540085 -0.895191 0.442398 -0.0164278 -0.818192 0.57471 
0.0985513 -0.637944 0.76375 -0.866439 -0.397575 0.302024 -0.859686 -0.468398 0.203821 
-0.732624 -0.639921 0.231868 -0.944874 -0.207664 0.253158 -0.958475 -0.150001 0.242538 
-0.958125 -0.140475 0.249527 -0.96101 -0.124727 0.246785 -0.948307 -0.107031 0.298762 
-0.947678 -0.106384 0.300979 -0.73144 -0.624918 0.272899 -0.72217 -0.631688 0.281851 
-0.724321 -0.630072 0.279943 -0.259303 -0.773752 0.577987 -0.194339 -0.901081 0.387667 
-0.248496 -0.887819 0.387334 -0.197813 -0.889621 0.411637 -0.317852 -0.862607 0.393547 
-0.990168 0.139502 -0.010343 -0.990601 0.133982 -0.0275247 -0.985978 0.149582 -0.0739809 
-0.984309 0.15581 -0.0828207 -0.97854 0.178476 -0.102983 -0.972449 0.198917 -0.121553 
-0.956735 0.245421 -0.156293 -0.974171 0.224348 -0.0256602 -0.946369 0.270671 -0.176416 
-0.953524 0.256116 -0.158732 -0.987477 0.137089 -0.0780741 -0.994245 0.0665457 -0.0839548 
-0.995781 0.0370202 -0.0839673 -0.997319 0.026237 -0.0683048 -0.997479 0.0243895 -0.0666442 
-0.970164 0.173817 -0.169026 -0.976555 0.13661 -0.166368 -0.904272 -0.190345 0.382178 
-0.994777 0.10196 -0.00474722 -0.98919 -0.0117338 0.146169 -0.973482 -0.0948205 0.208188 
-0.912294 -0.329624 0.243037 -0.919154 -0.335176 0.206914 -0.915174 -0.301627 0.267352 
-0.929854 -0.246941 0.272749 -0.93008 -0.239156 0.278846 -0.978221 -0.0413129 0.203412 
-0.976765 -0.0757016 0.200497 -0.971778 -0.0984788 0.214356 -0.957403 -0.167565 0.235161 
-0.970476 -0.111953 0.213641 -0.947426 -0.197732 0.251566 -0.944096 -0.215639 0.249363 
-0.933049 -0.252503 0.256246 -0.933785 -0.245601 0.260243 -0.248796 -0.0651277 0.966364 
-0.24563 -0.21932 0.944227 -0.227049 -0.229881 0.946363 -0.175995 0.10956 0.978275 
-0.280615 0.0450603 0.958762 -0.406692 -0.104864 0.907527 -0.441547 -0.404056 0.801109 
-0.326303 -0.371917 0.869025 -0.191678 -0.0138589 0.98136 -0.26384 -0.221356 0.938824 
-0.103888 -0.646061 0.756183 -0.082855 -0.87571 0.475676 -0.10486 -0.815714 0.568872 
-0.157256 -0.782356 0.602652 -0.157731 -0.778379 0.607657 -0.146511 -0.760184 0.632973 
-0.138464 -0.761152 0.633621 -0.129156 -0.785235 0.605578 -0.118034 -0.770544 0.626363 
-0.157985 -0.65706 0.737098 -0.225847 -0.611018 0.758716 -0.314783 -0.481783 0.8178 
-0.349402 -0.458229 0.817279 -0.250756 -0.770914 0.585502 -0.254502 -0.727448 0.637219 
-0.285229 -0.689623 0.665631 -0.342466 -0.427329 0.836724 -0.381684 -0.686902 0.618452 
-0.30552 -0.775258 0.552841 -0.22515 -0.746624 0.625988 -0.895622 0.443375 0.0357719 
-0.936957 0.342887 0.0673823 -0.953607 0.289727 0.0818089 -0.968893 0.239964 0.0605318 
-0.985198 0.170578 0.0169419 -0.0454057 -0.922615 0.38304 -0.0710654 -0.899142 0.431849 
-0.209571 -0.914724 0.345485 -0.184018 -0.911632 0.367511 -0.18414 -0.913302 0.363279 
-0.190611 -0.90835 0.372246 -0.959704 0.235585 -0.153195 -0.968331 0.20241 -0.146169 
-0.9788 0.139891 -0.149601 -0.983417 0.114646 -0.140526 -0.991022 0.0669797 -0.115713 
-0.992135 0.0584878 -0.110667 -0.972535 0.138174 -0.187304 -0.97288 0.125418 -0.194358 
-0.976637 0.109477 -0.184919 -0.974659 -0.164856 0.151205 -0.957963 -0.200549 0.20515 
-0.986353 0.070052 -0.148997 -0.995883 0.0140535 -0.0895568 -0.996966 -0.0268805 -0.0730528 
-0.998186 -0.0596511 0.00814016 -0.995151 -0.0862553 0.0472783 -0.924273 -0.335376 0.182326 
-0.939337 -0.281633 0.195776 -0.350832 -0.537054 0.767131 -0.303915 -0.522748 0.796474 
-0.299243 -0.109421 0.947882 -0.434396 -0.309401 0.845915 -0.462269 -0.591648 0.6605 
-0.455693 -0.697492 0.553036 -0.479611 -0.659724 0.578565 -0.447134 -0.642755 0.622043 
-0.349857 -0.681594 0.642674 -0.396747 -0.336791 0.853911 -0.393734 -0.469802 0.790101 
-0.0807009 -0.894436 0.439855 -0.104091 -0.844012 0.526126 -0.0860916 -0.891758 0.444248 
-0.131825 -0.818189 0.559633 -0.11555 -0.796652 0.593291 -0.119907 -0.780075 0.614089 
-0.108719 -0.799532 0.590703 -0.138313 -0.782069 0.607649 -0.212153 -0.777745 0.591696 
-0.21788 -0.779145 0.587759 -0.240332 -0.776303 0.582747 -0.383143 -0.699197 0.603594 
-0.436642 -0.68054 0.588396 -0.250243 -0.774216 0.58135 -0.249131 -0.774758 0.581106 
-0.251907 -0.774412 0.58037 -0.266704 -0.784772 0.559465 -0.311017 -0.805603 0.504254 
-0.294219 -0.802431 0.519171 -0.341235 -0.802243 0.489863 -0.41319 -0.749784 0.516814 
-0.361013 -0.886488 0.289499 -0.264174 -0.906821 0.328463 -0.220274 -0.922421 0.317205 
-0.200056 -0.922397 0.330395 -0.205446 -0.922945 0.325521 -0.989471 0.0292269 -0.141747 
-0.991468 -0.00246241 -0.130329 -0.371697 -0.764931 0.526044 -0.441692 -0.773209 0.455034 
-0.449932 -0.774713 0.444277 -0.449281 -0.775286 0.443936 -0.481117 -0.805391 0.346225 
-0.481049 -0.813579 0.326622 -0.474601 -0.785873 0.39643 -0.505898 -0.803478 0.313832 
-0.389091 -0.873213 0.293439 -0.399703 -0.792394 0.460813 -0.417201 -0.789851 0.449531 
-0.434027 -0.779361 0.451904 -0.394492 -0.874316 0.282752 -0.379364 -0.877688 0.292826 
-0.366956 -0.888654 0.275023 -0.357282 -0.890854 0.280587 -0.359924 -0.890554 0.278153 
-0.34445 -0.894996 0.283438 -0.505185 -0.810195 0.297275 -0.483195 -0.815611 0.318278 
-0.503772 -0.811281 0.296711 -0.393148 -0.87565 0.280485 -0.388952 -0.877236 0.281379 
-0.370463 -0.894205 0.251305 -0.385661 -0.879219 0.279712 -0.383166 -0.886858 0.258201 

